time,altitude,latitude,longitude,chlor_a
UTC,m,degrees_north,degrees_east,mg m^-3
2018-01-01T12:00:00Z,0.0,-64.15626,-60.864582,0.3279699
2018-01-02T12:00:00Z,0.0,-64.15626,-60.864582,0.3567045
2018-01-03T12:00:00Z,0.0,-64.15626,-60.864582,0.39132166
2018-01-04T12:00:00Z,0.0,-64.15626,-60.864582,0.39865014
2018-01-05T12:00:00Z,0.0,-64.15626,-60.864582,0.37707224
2018-01-06T12:00:00Z,0.0,-64.15626,-60.864582,0.28183806
2018-01-07T12:00:00Z,0.0,-64.15626,-60.864582,0.276927
2018-01-08T12:00:00Z,0.0,-64.15626,-60.864582,0.25977054
2018-01-09T12:00:00Z,0.0,-64.15626,-60.864582,0.26255816
2018-01-10T12:00:00Z,0.0,-64.15626,-60.864582,0.26525134
2018-01-11T12:00:00Z,0.0,-64.15626,-60.864582,0.24484086
2018-01-12T12:00:00Z,0.0,-64.15626,-60.864582,0.2402485
2018-01-13T12:00:00Z,0.0,-64.15626,-60.864582,0.2427896
2018-01-14T12:00:00Z,0.0,-64.15626,-60.864582,0.23979793
2018-01-15T12:00:00Z,0.0,-64.15626,-60.864582,0.2384427
2018-01-16T12:00:00Z,0.0,-64.15626,-60.864582,0.17457062
2018-01-17T12:00:00Z,0.0,-64.15626,-60.864582,0.16609243
2018-01-18T12:00:00Z,0.0,-64.15626,-60.864582,0.16731346
2018-01-19T12:00:00Z,0.0,-64.15626,-60.864582,0.16941643
2018-01-20T12:00:00Z,0.0,-64.15626,-60.864582,0.17164661
2018-01-21T12:00:00Z,0.0,-64.15626,-60.864582,0.16717188
2018-01-22T12:00:00Z,0.0,-64.15626,-60.864582,0.16260342
2018-01-23T12:00:00Z,0.0,-64.15626,-60.864582,0.1706974
2018-01-24T12:00:00Z,0.0,-64.15626,-60.864582,0.20756109
2018-01-25T12:00:00Z,0.0,-64.15626,-60.864582,0.16571164
2018-01-26T12:00:00Z,0.0,-64.15626,-60.864582,0.17742415
2018-01-27T12:00:00Z,0.0,-64.15626,-60.864582,0.18200399
2018-01-28T12:00:00Z,0.0,-64.15626,-60.864582,0.18160935
2018-01-29T12:00:00Z,0.0,-64.15626,-60.864582,0.18611643
2018-01-30T12:00:00Z,0.0,-64.15626,-60.864582,0.19291282
2018-01-31T12:00:00Z,0.0,-64.15626,-60.864582,0.30760008
2018-02-01T12:00:00Z,0.0,-64.15626,-60.864582,0.32236466
2018-02-02T12:00:00Z,0.0,-64.15626,-60.864582,0.32224435
2018-02-03T12:00:00Z,0.0,-64.15626,-60.864582,0.32126978
2018-02-04T12:00:00Z,0.0,-64.15626,-60.864582,0.3239091
2018-02-05T12:00:00Z,0.0,-64.15626,-60.864582,0.32838655
2018-02-06T12:00:00Z,0.0,-64.15626,-60.864582,0.34351805
2018-02-07T12:00:00Z,0.0,-64.15626,-60.864582,0.36749753
2018-02-08T12:00:00Z,0.0,-64.15626,-60.864582,0.37753162
2018-02-09T12:00:00Z,0.0,-64.15626,-60.864582,0.47786438
2018-02-10T12:00:00Z,0.0,-64.15626,-60.864582,0.44286865
2018-02-11T12:00:00Z,0.0,-64.15626,-60.864582,0.42335615
2018-02-12T12:00:00Z,0.0,-64.15626,-60.864582,0.41808087
2018-02-13T12:00:00Z,0.0,-64.15626,-60.864582,0.4541106
2018-02-14T12:00:00Z,0.0,-64.15626,-60.864582,0.44524303
2018-02-15T12:00:00Z,0.0,-64.15626,-60.864582,0.44041815
2018-02-16T12:00:00Z,0.0,-64.15626,-60.864582,0.4155159
2018-02-17T12:00:00Z,0.0,-64.15626,-60.864582,0.36631885
2018-02-18T12:00:00Z,0.0,-64.15626,-60.864582,0.3659524
2018-02-19T12:00:00Z,0.0,-64.15626,-60.864582,0.37600005
2018-02-20T12:00:00Z,0.0,-64.15626,-60.864582,0.40463108
2018-02-21T12:00:00Z,0.0,-64.15626,-60.864582,0.38537854
2018-02-22T12:00:00Z,0.0,-64.15626,-60.864582,0.35825256
2018-02-23T12:00:00Z,0.0,-64.15626,-60.864582,0.3602496
2018-02-24T12:00:00Z,0.0,-64.15626,-60.864582,0.32103953
2018-02-25T12:00:00Z,0.0,-64.15626,-60.864582,0.36063057
2018-02-26T12:00:00Z,0.0,-64.15626,-60.864582,0.36740994
2018-02-27T12:00:00Z,0.0,-64.15626,-60.864582,0.35789573
2018-02-28T12:00:00Z,0.0,-64.15626,-60.864582,0.34056512
2018-03-01T12:00:00Z,0.0,-64.15626,-60.864582,0.34850413
2018-03-02T12:00:00Z,0.0,-64.15626,-60.864582,0.34949845
2018-03-03T12:00:00Z,0.0,-64.15626,-60.864582,0.314157
2018-03-04T12:00:00Z,0.0,-64.15626,-60.864582,0.2796693
2018-03-05T12:00:00Z,0.0,-64.15626,-60.864582,0.33351925
2018-03-06T12:00:00Z,0.0,-64.15626,-60.864582,0.32361418
2018-03-07T12:00:00Z,0.0,-64.15626,-60.864582,0.34924707
2018-03-08T12:00:00Z,0.0,-64.15626,-60.864582,0.3475516
2018-03-09T12:00:00Z,0.0,-64.15626,-60.864582,0.33063498
2018-03-10T12:00:00Z,0.0,-64.15626,-60.864582,0.32334647
2018-03-11T12:00:00Z,0.0,-64.15626,-60.864582,0.28324947
2018-03-12T12:00:00Z,0.0,-64.15626,-60.864582,0.25674692
2018-03-13T12:00:00Z,0.0,-64.15626,-60.864582,0.24235296
2018-03-14T12:00:00Z,0.0,-64.15626,-60.864582,0.298978
2018-03-15T12:00:00Z,0.0,-64.15626,-60.864582,0.27865374
2018-03-16T12:00:00Z,0.0,-64.15626,-60.864582,0.28648028
2018-03-17T12:00:00Z,0.0,-64.15626,-60.864582,NaN
2018-03-18T12:00:00Z,0.0,-64.15626,-60.864582,NaN
2018-03-19T12:00:00Z,0.0,-64.15626,-60.864582,NaN
2018-03-20T12:00:00Z,0.0,-64.15626,-60.864582,NaN
2018-03-21T12:00:00Z,0.0,-64.15626,-60.864582,NaN
2018-03-22T12:00:00Z,0.0,-64.15626,-60.864582,NaN
2018-03-23T12:00:00Z,0.0,-64.15626,-60.864582,NaN
2018-03-24T12:00:00Z,0.0,-64.15626,-60.864582,NaN
2018-03-25T12:00:00Z,0.0,-64.15626,-60.864582,NaN
2018-03-26T12:00:00Z,0.0,-64.15626,-60.864582,NaN
2018-03-27T12:00:00Z,0.0,-64.15626,-60.864582,NaN
2018-03-28T12:00:00Z,0.0,-64.15626,-60.864582,NaN
2018-03-29T12:00:00Z,0.0,-64.15626,-60.864582,NaN
2018-03-30T12:00:00Z,0.0,-64.15626,-60.864582,NaN
2018-03-31T12:00:00Z,0.0,-64.15626,-60.864582,NaN
2018-04-01T12:00:00Z,0.0,-64.15626,-60.864582,NaN
2018-04-02T12:00:00Z,0.0,-64.15626,-60.864582,NaN
2018-04-03T12:00:00Z,0.0,-64.15626,-60.864582,NaN
2018-04-04T12:00:00Z,0.0,-64.15626,-60.864582,NaN
2018-04-05T12:00:00Z,0.0,-64.15626,-60.864582,NaN
2018-04-06T12:00:00Z,0.0,-64.15626,-60.864582,NaN
2018-04-07T12:00:00Z,0.0,-64.15626,-60.864582,NaN
2018-04-08T12:00:00Z,0.0,-64.15626,-60.864582,NaN
2018-04-09T12:00:00Z,0.0,-64.15626,-60.864582,NaN
2018-04-10T12:00:00Z,0.0,-64.15626,-60.864582,NaN
2018-04-11T12:00:00Z,0.0,-64.15626,-60.864582,NaN
2018-04-12T12:00:00Z,0.0,-64.15626,-60.864582,NaN
2018-04-13T12:00:00Z,0.0,-64.15626,-60.864582,NaN
2018-04-14T12:00:00Z,0.0,-64.15626,-60.864582,NaN
2018-04-15T12:00:00Z,0.0,-64.15626,-60.864582,NaN
2018-04-16T12:00:00Z,0.0,-64.15626,-60.864582,NaN
2018-04-17T12:00:00Z,0.0,-64.15626,-60.864582,NaN
2018-04-18T12:00:00Z,0.0,-64.15626,-60.864582,NaN
2018-04-19T12:00:00Z,0.0,-64.15626,-60.864582,NaN
2018-04-20T12:00:00Z,0.0,-64.15626,-60.864582,NaN
2018-04-21T12:00:00Z,0.0,-64.15626,-60.864582,NaN
2018-04-22T12:00:00Z,0.0,-64.15626,-60.864582,NaN
2018-04-23T12:00:00Z,0.0,-64.15626,-60.864582,NaN
2018-04-24T12:00:00Z,0.0,-64.15626,-60.864582,NaN
2018-04-25T12:00:00Z,0.0,-64.15626,-60.864582,NaN
2018-04-26T12:00:00Z,0.0,-64.15626,-60.864582,NaN
2018-04-27T12:00:00Z,0.0,-64.15626,-60.864582,NaN
2018-04-28T12:00:00Z,0.0,-64.15626,-60.864582,NaN
2018-04-29T12:00:00Z,0.0,-64.15626,-60.864582,NaN
2018-04-30T12:00:00Z,0.0,-64.15626,-60.864582,NaN
2018-05-01T12:00:00Z,0.0,-64.15626,-60.864582,NaN
2018-05-02T12:00:00Z,0.0,-64.15626,-60.864582,NaN
2018-05-03T12:00:00Z,0.0,-64.15626,-60.864582,NaN
2018-05-04T12:00:00Z,0.0,-64.15626,-60.864582,NaN
2018-05-05T12:00:00Z,0.0,-64.15626,-60.864582,NaN
2018-05-06T12:00:00Z,0.0,-64.15626,-60.864582,NaN
2018-05-07T12:00:00Z,0.0,-64.15626,-60.864582,NaN
2018-05-08T12:00:00Z,0.0,-64.15626,-60.864582,NaN
2018-05-09T12:00:00Z,0.0,-64.15626,-60.864582,NaN
2018-05-10T12:00:00Z,0.0,-64.15626,-60.864582,NaN
2018-05-11T12:00:00Z,0.0,-64.15626,-60.864582,NaN
2018-05-12T12:00:00Z,0.0,-64.15626,-60.864582,NaN
2018-05-13T12:00:00Z,0.0,-64.15626,-60.864582,NaN
2018-05-14T12:00:00Z,0.0,-64.15626,-60.864582,NaN
2018-05-15T12:00:00Z,0.0,-64.15626,-60.864582,NaN
2018-05-16T12:00:00Z,0.0,-64.15626,-60.864582,NaN
2018-05-17T12:00:00Z,0.0,-64.15626,-60.864582,NaN
2018-05-18T12:00:00Z,0.0,-64.15626,-60.864582,NaN
2018-05-19T12:00:00Z,0.0,-64.15626,-60.864582,NaN
2018-05-20T12:00:00Z,0.0,-64.15626,-60.864582,NaN
2018-05-21T12:00:00Z,0.0,-64.15626,-60.864582,NaN
2018-05-22T12:00:00Z,0.0,-64.15626,-60.864582,NaN
2018-05-23T12:00:00Z,0.0,-64.15626,-60.864582,NaN
2018-05-24T12:00:00Z,0.0,-64.15626,-60.864582,NaN
2018-05-25T12:00:00Z,0.0,-64.15626,-60.864582,NaN
2018-05-26T12:00:00Z,0.0,-64.15626,-60.864582,NaN
2018-05-27T12:00:00Z,0.0,-64.15626,-60.864582,NaN
2018-05-28T12:00:00Z,0.0,-64.15626,-60.864582,NaN
2018-05-29T12:00:00Z,0.0,-64.15626,-60.864582,NaN
2018-05-30T12:00:00Z,0.0,-64.15626,-60.864582,NaN
2018-05-31T12:00:00Z,0.0,-64.15626,-60.864582,NaN
2018-06-01T12:00:00Z,0.0,-64.15626,-60.864582,NaN
2018-06-02T12:00:00Z,0.0,-64.15626,-60.864582,NaN
2018-06-03T12:00:00Z,0.0,-64.15626,-60.864582,NaN
2018-06-04T12:00:00Z,0.0,-64.15626,-60.864582,NaN
2018-06-05T12:00:00Z,0.0,-64.15626,-60.864582,NaN
2018-06-06T12:00:00Z,0.0,-64.15626,-60.864582,NaN
2018-06-07T12:00:00Z,0.0,-64.15626,-60.864582,NaN
2018-06-08T12:00:00Z,0.0,-64.15626,-60.864582,NaN
2018-06-09T12:00:00Z,0.0,-64.15626,-60.864582,NaN
2018-06-10T12:00:00Z,0.0,-64.15626,-60.864582,NaN
2018-06-11T12:00:00Z,0.0,-64.15626,-60.864582,NaN
2018-06-12T12:00:00Z,0.0,-64.15626,-60.864582,NaN
2018-06-13T12:00:00Z,0.0,-64.15626,-60.864582,NaN
2018-06-14T12:00:00Z,0.0,-64.15626,-60.864582,NaN
2018-06-15T12:00:00Z,0.0,-64.15626,-60.864582,NaN
2018-06-16T12:00:00Z,0.0,-64.15626,-60.864582,NaN
2018-06-17T12:00:00Z,0.0,-64.15626,-60.864582,NaN
2018-06-18T12:00:00Z,0.0,-64.15626,-60.864582,NaN
2018-06-19T12:00:00Z,0.0,-64.15626,-60.864582,NaN
2018-06-20T12:00:00Z,0.0,-64.15626,-60.864582,NaN
2018-06-21T12:00:00Z,0.0,-64.15626,-60.864582,NaN
2018-06-22T12:00:00Z,0.0,-64.15626,-60.864582,NaN
2018-06-23T12:00:00Z,0.0,-64.15626,-60.864582,NaN
2018-06-24T12:00:00Z,0.0,-64.15626,-60.864582,NaN
2018-06-25T12:00:00Z,0.0,-64.15626,-60.864582,NaN
2018-06-26T12:00:00Z,0.0,-64.15626,-60.864582,NaN
2018-06-27T12:00:00Z,0.0,-64.15626,-60.864582,NaN
2018-06-28T12:00:00Z,0.0,-64.15626,-60.864582,NaN
2018-06-29T12:00:00Z,0.0,-64.15626,-60.864582,NaN
2018-06-30T12:00:00Z,0.0,-64.15626,-60.864582,NaN
2018-07-01T12:00:00Z,0.0,-64.15626,-60.864582,NaN
2018-07-02T12:00:00Z,0.0,-64.15626,-60.864582,NaN
2018-07-03T12:00:00Z,0.0,-64.15626,-60.864582,NaN
2018-07-04T12:00:00Z,0.0,-64.15626,-60.864582,NaN
2018-07-05T12:00:00Z,0.0,-64.15626,-60.864582,NaN
2018-07-06T12:00:00Z,0.0,-64.15626,-60.864582,NaN
2018-07-07T12:00:00Z,0.0,-64.15626,-60.864582,NaN
2018-07-08T12:00:00Z,0.0,-64.15626,-60.864582,NaN
2018-07-09T12:00:00Z,0.0,-64.15626,-60.864582,NaN
2018-07-10T12:00:00Z,0.0,-64.15626,-60.864582,NaN
2018-07-11T12:00:00Z,0.0,-64.15626,-60.864582,NaN
2018-07-12T12:00:00Z,0.0,-64.15626,-60.864582,NaN
2018-07-13T12:00:00Z,0.0,-64.15626,-60.864582,NaN
2018-07-14T12:00:00Z,0.0,-64.15626,-60.864582,NaN
2018-07-15T12:00:00Z,0.0,-64.15626,-60.864582,NaN
2018-07-16T12:00:00Z,0.0,-64.15626,-60.864582,NaN
2018-07-17T12:00:00Z,0.0,-64.15626,-60.864582,NaN
2018-07-18T12:00:00Z,0.0,-64.15626,-60.864582,NaN
2018-07-19T12:00:00Z,0.0,-64.15626,-60.864582,NaN
2018-07-20T12:00:00Z,0.0,-64.15626,-60.864582,NaN
2018-07-21T12:00:00Z,0.0,-64.15626,-60.864582,NaN
2018-07-22T12:00:00Z,0.0,-64.15626,-60.864582,NaN
2018-07-23T12:00:00Z,0.0,-64.15626,-60.864582,NaN
2018-07-24T12:00:00Z,0.0,-64.15626,-60.864582,NaN
2018-07-25T12:00:00Z,0.0,-64.15626,-60.864582,NaN
2018-07-26T12:00:00Z,0.0,-64.15626,-60.864582,NaN
2018-07-27T12:00:00Z,0.0,-64.15626,-60.864582,NaN
2018-07-28T12:00:00Z,0.0,-64.15626,-60.864582,NaN
2018-07-29T12:00:00Z,0.0,-64.15626,-60.864582,NaN
2018-07-30T12:00:00Z,0.0,-64.15626,-60.864582,NaN
2018-07-31T12:00:00Z,0.0,-64.15626,-60.864582,NaN
2018-08-01T12:00:00Z,0.0,-64.15626,-60.864582,NaN
2018-08-02T12:00:00Z,0.0,-64.15626,-60.864582,NaN
2018-08-03T12:00:00Z,0.0,-64.15626,-60.864582,NaN
2018-08-04T12:00:00Z,0.0,-64.15626,-60.864582,NaN
2018-08-05T12:00:00Z,0.0,-64.15626,-60.864582,NaN
2018-08-06T12:00:00Z,0.0,-64.15626,-60.864582,NaN
2018-08-07T12:00:00Z,0.0,-64.15626,-60.864582,NaN
2018-08-08T12:00:00Z,0.0,-64.15626,-60.864582,NaN
2018-08-09T12:00:00Z,0.0,-64.15626,-60.864582,NaN
2018-08-10T12:00:00Z,0.0,-64.15626,-60.864582,NaN
2018-08-11T12:00:00Z,0.0,-64.15626,-60.864582,NaN
2018-08-12T12:00:00Z,0.0,-64.15626,-60.864582,NaN
2018-08-13T12:00:00Z,0.0,-64.15626,-60.864582,NaN
2018-08-14T12:00:00Z,0.0,-64.15626,-60.864582,NaN
2018-08-15T12:00:00Z,0.0,-64.15626,-60.864582,NaN
2018-08-16T12:00:00Z,0.0,-64.15626,-60.864582,NaN
2018-08-17T12:00:00Z,0.0,-64.15626,-60.864582,NaN
2018-08-18T12:00:00Z,0.0,-64.15626,-60.864582,NaN
2018-08-19T12:00:00Z,0.0,-64.15626,-60.864582,NaN
2018-08-20T12:00:00Z,0.0,-64.15626,-60.864582,NaN
2018-08-21T12:00:00Z,0.0,-64.15626,-60.864582,NaN
2018-08-22T12:00:00Z,0.0,-64.15626,-60.864582,NaN
2018-08-23T12:00:00Z,0.0,-64.15626,-60.864582,NaN
2018-08-24T12:00:00Z,0.0,-64.15626,-60.864582,NaN
2018-08-25T12:00:00Z,0.0,-64.15626,-60.864582,NaN
2018-08-26T12:00:00Z,0.0,-64.15626,-60.864582,NaN
2018-08-27T12:00:00Z,0.0,-64.15626,-60.864582,NaN
2018-08-28T12:00:00Z,0.0,-64.15626,-60.864582,NaN
2018-08-29T12:00:00Z,0.0,-64.15626,-60.864582,NaN
2018-08-30T12:00:00Z,0.0,-64.15626,-60.864582,NaN
2018-08-31T12:00:00Z,0.0,-64.15626,-60.864582,NaN
2018-09-01T12:00:00Z,0.0,-64.15626,-60.864582,NaN
2018-09-02T12:00:00Z,0.0,-64.15626,-60.864582,NaN
2018-09-03T12:00:00Z,0.0,-64.15626,-60.864582,NaN
2018-09-04T12:00:00Z,0.0,-64.15626,-60.864582,NaN
2018-09-05T12:00:00Z,0.0,-64.15626,-60.864582,NaN
2018-09-06T12:00:00Z,0.0,-64.15626,-60.864582,NaN
2018-09-07T12:00:00Z,0.0,-64.15626,-60.864582,NaN
2018-09-08T12:00:00Z,0.0,-64.15626,-60.864582,NaN
2018-09-09T12:00:00Z,0.0,-64.15626,-60.864582,NaN
2018-09-10T12:00:00Z,0.0,-64.15626,-60.864582,NaN
2018-09-11T12:00:00Z,0.0,-64.15626,-60.864582,NaN
2018-09-12T12:00:00Z,0.0,-64.15626,-60.864582,NaN
2018-09-13T12:00:00Z,0.0,-64.15626,-60.864582,NaN
2018-09-14T12:00:00Z,0.0,-64.15626,-60.864582,NaN
2018-09-15T12:00:00Z,0.0,-64.15626,-60.864582,NaN
2018-09-16T12:00:00Z,0.0,-64.15626,-60.864582,NaN
2018-09-17T12:00:00Z,0.0,-64.15626,-60.864582,NaN
2018-09-18T12:00:00Z,0.0,-64.15626,-60.864582,NaN
2018-09-19T12:00:00Z,0.0,-64.15626,-60.864582,NaN
2018-09-20T12:00:00Z,0.0,-64.15626,-60.864582,NaN
2018-09-21T12:00:00Z,0.0,-64.15626,-60.864582,NaN
2018-09-22T12:00:00Z,0.0,-64.15626,-60.864582,NaN
2018-09-23T12:00:00Z,0.0,-64.15626,-60.864582,NaN
2018-09-24T12:00:00Z,0.0,-64.15626,-60.864582,NaN
2018-09-25T12:00:00Z,0.0,-64.15626,-60.864582,NaN
2018-09-26T12:00:00Z,0.0,-64.15626,-60.864582,NaN
2018-09-27T12:00:00Z,0.0,-64.15626,-60.864582,NaN
2018-09-28T12:00:00Z,0.0,-64.15626,-60.864582,NaN
2018-09-29T12:00:00Z,0.0,-64.15626,-60.864582,NaN
2018-09-30T12:00:00Z,0.0,-64.15626,-60.864582,NaN
2018-10-01T12:00:00Z,0.0,-64.15626,-60.864582,NaN
2018-10-02T12:00:00Z,0.0,-64.15626,-60.864582,NaN
2018-10-03T12:00:00Z,0.0,-64.15626,-60.864582,NaN
2018-10-04T12:00:00Z,0.0,-64.15626,-60.864582,NaN
2018-10-05T12:00:00Z,0.0,-64.15626,-60.864582,NaN
2018-10-06T12:00:00Z,0.0,-64.15626,-60.864582,NaN
2018-10-07T12:00:00Z,0.0,-64.15626,-60.864582,NaN
2018-10-08T12:00:00Z,0.0,-64.15626,-60.864582,NaN
2018-10-09T12:00:00Z,0.0,-64.15626,-60.864582,NaN
2018-10-10T12:00:00Z,0.0,-64.15626,-60.864582,NaN
2018-10-11T12:00:00Z,0.0,-64.15626,-60.864582,NaN
2018-10-12T12:00:00Z,0.0,-64.15626,-60.864582,NaN
2018-10-13T12:00:00Z,0.0,-64.15626,-60.864582,NaN
2018-10-14T12:00:00Z,0.0,-64.15626,-60.864582,NaN
2018-10-15T12:00:00Z,0.0,-64.15626,-60.864582,NaN
2018-10-16T12:00:00Z,0.0,-64.15626,-60.864582,NaN
2018-10-17T12:00:00Z,0.0,-64.15626,-60.864582,NaN
2018-10-18T12:00:00Z,0.0,-64.15626,-60.864582,NaN
2018-10-19T12:00:00Z,0.0,-64.15626,-60.864582,0.23274222
2018-10-20T12:00:00Z,0.0,-64.15626,-60.864582,0.18306763
2018-10-21T12:00:00Z,0.0,-64.15626,-60.864582,0.19378613
2018-10-22T12:00:00Z,0.0,-64.15626,-60.864582,0.22531773
2018-10-23T12:00:00Z,0.0,-64.15626,-60.864582,0.19657435
2018-10-24T12:00:00Z,0.0,-64.15626,-60.864582,0.20409907
2018-10-25T12:00:00Z,0.0,-64.15626,-60.864582,0.19355597
2018-10-26T12:00:00Z,0.0,-64.15626,-60.864582,0.18915574
2018-10-27T12:00:00Z,0.0,-64.15626,-60.864582,0.19494002
2018-10-28T12:00:00Z,0.0,-64.15626,-60.864582,0.1831975
2018-10-29T12:00:00Z,0.0,-64.15626,-60.864582,0.20639428
2018-10-30T12:00:00Z,0.0,-64.15626,-60.864582,0.1729663
2018-10-31T12:00:00Z,0.0,-64.15626,-60.864582,0.19266033
2018-11-01T12:00:00Z,0.0,-64.15626,-60.864582,0.22370169
2018-11-02T12:00:00Z,0.0,-64.15626,-60.864582,0.21386912
2018-11-03T12:00:00Z,0.0,-64.15626,-60.864582,0.21399352
2018-11-04T12:00:00Z,0.0,-64.15626,-60.864582,0.20764014
2018-11-05T12:00:00Z,0.0,-64.15626,-60.864582,0.21276844
2018-11-06T12:00:00Z,0.0,-64.15626,-60.864582,0.21404722
2018-11-07T12:00:00Z,0.0,-64.15626,-60.864582,0.2079379
2018-11-08T12:00:00Z,0.0,-64.15626,-60.864582,0.21473175
2018-11-09T12:00:00Z,0.0,-64.15626,-60.864582,0.2027842
2018-11-10T12:00:00Z,0.0,-64.15626,-60.864582,0.19010153
2018-11-11T12:00:00Z,0.0,-64.15626,-60.864582,0.19442494
2018-11-12T12:00:00Z,0.0,-64.15626,-60.864582,0.18764193
2018-11-13T12:00:00Z,0.0,-64.15626,-60.864582,0.14202136
2018-11-14T12:00:00Z,0.0,-64.15626,-60.864582,0.15635015
2018-11-15T12:00:00Z,0.0,-64.15626,-60.864582,0.17934957
2018-11-16T12:00:00Z,0.0,-64.15626,-60.864582,0.17982733
2018-11-17T12:00:00Z,0.0,-64.15626,-60.864582,0.23877938
2018-11-18T12:00:00Z,0.0,-64.15626,-60.864582,0.23748124
2018-11-19T12:00:00Z,0.0,-64.15626,-60.864582,0.25222105
2018-11-20T12:00:00Z,0.0,-64.15626,-60.864582,0.23082212
2018-11-21T12:00:00Z,0.0,-64.15626,-60.864582,0.24464236
2018-11-22T12:00:00Z,0.0,-64.15626,-60.864582,0.18986505
2018-11-23T12:00:00Z,0.0,-64.15626,-60.864582,0.18607685
2018-11-24T12:00:00Z,0.0,-64.15626,-60.864582,0.1834487
2018-11-25T12:00:00Z,0.0,-64.15626,-60.864582,0.17911991
2018-11-26T12:00:00Z,0.0,-64.15626,-60.864582,0.17028177
2018-11-27T12:00:00Z,0.0,-64.15626,-60.864582,0.18400648
2018-11-28T12:00:00Z,0.0,-64.15626,-60.864582,0.20082994
2018-11-29T12:00:00Z,0.0,-64.15626,-60.864582,0.20215254
2018-11-30T12:00:00Z,0.0,-64.15626,-60.864582,0.19700149
2018-12-01T12:00:00Z,0.0,-64.15626,-60.864582,0.19569466
2018-12-02T12:00:00Z,0.0,-64.15626,-60.864582,0.19692454
2018-12-03T12:00:00Z,0.0,-64.15626,-60.864582,0.24789585
2018-12-04T12:00:00Z,0.0,-64.15626,-60.864582,0.30269665
2018-12-05T12:00:00Z,0.0,-64.15626,-60.864582,0.31172267
2018-12-06T12:00:00Z,0.0,-64.15626,-60.864582,0.3156328
2018-12-07T12:00:00Z,0.0,-64.15626,-60.864582,0.32721388
2018-12-08T12:00:00Z,0.0,-64.15626,-60.864582,0.30262062
2018-12-09T12:00:00Z,0.0,-64.15626,-60.864582,0.3077392
2018-12-10T12:00:00Z,0.0,-64.15626,-60.864582,0.32364383
2018-12-11T12:00:00Z,0.0,-64.15626,-60.864582,0.3297842
2018-12-12T12:00:00Z,0.0,-64.15626,-60.864582,0.34806758
2018-12-13T12:00:00Z,0.0,-64.15626,-60.864582,0.3911236
2018-12-14T12:00:00Z,0.0,-64.15626,-60.864582,0.40751055
2018-12-15T12:00:00Z,0.0,-64.15626,-60.864582,0.43328202
2018-12-16T12:00:00Z,0.0,-64.15626,-60.864582,0.4548069
2018-12-17T12:00:00Z,0.0,-64.15626,-60.864582,0.60625136
2018-12-18T12:00:00Z,0.0,-64.15626,-60.864582,0.7076417
2018-12-19T12:00:00Z,0.0,-64.15626,-60.864582,0.36517328
2018-12-20T12:00:00Z,0.0,-64.15626,-60.864582,0.373631
2018-12-21T12:00:00Z,0.0,-64.15626,-60.864582,0.3568668
2018-12-22T12:00:00Z,0.0,-64.15626,-60.864582,0.32578987
2018-12-23T12:00:00Z,0.0,-64.15626,-60.864582,0.34864667
2018-12-24T12:00:00Z,0.0,-64.15626,-60.864582,0.45994455
2018-12-25T12:00:00Z,0.0,-64.15626,-60.864582,0.4008144
2018-12-26T12:00:00Z,0.0,-64.15626,-60.864582,0.40625995
2018-12-27T12:00:00Z,0.0,-64.15626,-60.864582,0.31981915
2018-12-28T12:00:00Z,0.0,-64.15626,-60.864582,0.30376545
2018-12-29T12:00:00Z,0.0,-64.15626,-60.864582,0.31392273
2018-12-30T12:00:00Z,0.0,-64.15626,-60.864582,0.297233
2018-12-31T12:00:00Z,0.0,-64.15626,-60.864582,0.2958357
2019-01-01T12:00:00Z,0.0,-64.15626,-60.864582,0.26826566
2019-01-02T12:00:00Z,0.0,-64.15626,-60.864582,0.20585933
2019-01-03T12:00:00Z,0.0,-64.15626,-60.864582,0.22730443
2019-01-04T12:00:00Z,0.0,-64.15626,-60.864582,0.20633136
2019-01-05T12:00:00Z,0.0,-64.15626,-60.864582,0.20686181
2019-01-06T12:00:00Z,0.0,-64.15626,-60.864582,0.19784142
2019-01-07T12:00:00Z,0.0,-64.15626,-60.864582,0.16919972
2019-01-08T12:00:00Z,0.0,-64.15626,-60.864582,0.16828237
2019-01-09T12:00:00Z,0.0,-64.15626,-60.864582,0.23046897
2019-01-10T12:00:00Z,0.0,-64.15626,-60.864582,0.24848494
2019-01-11T12:00:00Z,0.0,-64.15626,-60.864582,0.25857532
2019-01-12T12:00:00Z,0.0,-64.15626,-60.864582,0.25438836
2019-01-13T12:00:00Z,0.0,-64.15626,-60.864582,0.2568628
2019-01-14T12:00:00Z,0.0,-64.15626,-60.864582,0.25687835
2019-01-15T12:00:00Z,0.0,-64.15626,-60.864582,0.25464666
2019-01-16T12:00:00Z,0.0,-64.15626,-60.864582,0.24764426
2019-01-17T12:00:00Z,0.0,-64.15626,-60.864582,0.24960418
2019-01-18T12:00:00Z,0.0,-64.15626,-60.864582,0.2477479
2019-01-19T12:00:00Z,0.0,-64.15626,-60.864582,0.24967913
2019-01-20T12:00:00Z,0.0,-64.15626,-60.864582,0.249297
2019-01-21T12:00:00Z,0.0,-64.15626,-60.864582,0.25641623
2019-01-22T12:00:00Z,0.0,-64.15626,-60.864582,0.25522754
2019-01-23T12:00:00Z,0.0,-64.15626,-60.864582,0.303463
2019-01-24T12:00:00Z,0.0,-64.15626,-60.864582,0.3575659
2019-01-25T12:00:00Z,0.0,-64.15626,-60.864582,0.378302
2019-01-26T12:00:00Z,0.0,-64.15626,-60.864582,0.24291858
2019-01-27T12:00:00Z,0.0,-64.15626,-60.864582,0.23732136
2019-01-28T12:00:00Z,0.0,-64.15626,-60.864582,0.23239899
2019-01-29T12:00:00Z,0.0,-64.15626,-60.864582,0.22535859
2019-01-30T12:00:00Z,0.0,-64.15626,-60.864582,0.21488236
2019-01-31T12:00:00Z,0.0,-64.15626,-60.864582,0.20871116
2019-02-01T12:00:00Z,0.0,-64.15626,-60.864582,0.16561422
2019-02-02T12:00:00Z,0.0,-64.15626,-60.864582,0.16324124
2019-02-03T12:00:00Z,0.0,-64.15626,-60.864582,0.1989353
2019-02-04T12:00:00Z,0.0,-64.15626,-60.864582,0.18929692
2019-02-05T12:00:00Z,0.0,-64.15626,-60.864582,0.18451372
2019-02-06T12:00:00Z,0.0,-64.15626,-60.864582,0.18248138
2019-02-07T12:00:00Z,0.0,-64.15626,-60.864582,0.18051822
2019-02-08T12:00:00Z,0.0,-64.15626,-60.864582,0.19433978
2019-02-09T12:00:00Z,0.0,-64.15626,-60.864582,0.22300896
2019-02-10T12:00:00Z,0.0,-64.15626,-60.864582,0.22921771
2019-02-11T12:00:00Z,0.0,-64.15626,-60.864582,0.24907494
2019-02-12T12:00:00Z,0.0,-64.15626,-60.864582,0.24644464
2019-02-13T12:00:00Z,0.0,-64.15626,-60.864582,0.2472446
2019-02-14T12:00:00Z,0.0,-64.15626,-60.864582,0.24609086
2019-02-15T12:00:00Z,0.0,-64.15626,-60.864582,0.25924024
2019-02-16T12:00:00Z,0.0,-64.15626,-60.864582,0.26708397
2019-02-17T12:00:00Z,0.0,-64.15626,-60.864582,0.26702812
2019-02-18T12:00:00Z,0.0,-64.15626,-60.864582,0.2543639
2019-02-19T12:00:00Z,0.0,-64.15626,-60.864582,0.25772148
2019-02-20T12:00:00Z,0.0,-64.15626,-60.864582,0.24978249
2019-02-21T12:00:00Z,0.0,-64.15626,-60.864582,0.21291924
2019-02-22T12:00:00Z,0.0,-64.15626,-60.864582,0.21980025
2019-02-23T12:00:00Z,0.0,-64.15626,-60.864582,0.21657209
2019-02-24T12:00:00Z,0.0,-64.15626,-60.864582,0.20839854
2019-02-25T12:00:00Z,0.0,-64.15626,-60.864582,0.19516295
2019-02-26T12:00:00Z,0.0,-64.15626,-60.864582,0.1897847
2019-02-27T12:00:00Z,0.0,-64.15626,-60.864582,0.21532352
2019-02-28T12:00:00Z,0.0,-64.15626,-60.864582,0.22058919
2019-03-01T12:00:00Z,0.0,-64.15626,-60.864582,0.19800052
2019-03-02T12:00:00Z,0.0,-64.15626,-60.864582,0.18551403
2019-03-03T12:00:00Z,0.0,-64.15626,-60.864582,0.18657435
2019-03-04T12:00:00Z,0.0,-64.15626,-60.864582,0.18613502
2019-03-05T12:00:00Z,0.0,-64.15626,-60.864582,0.18494612
2019-03-06T12:00:00Z,0.0,-64.15626,-60.864582,0.18495218
2019-03-07T12:00:00Z,0.0,-64.15626,-60.864582,0.18057825
2019-03-08T12:00:00Z,0.0,-64.15626,-60.864582,0.18050846
2019-03-09T12:00:00Z,0.0,-64.15626,-60.864582,0.18044694
2019-03-10T12:00:00Z,0.0,-64.15626,-60.864582,0.17572254
2019-03-11T12:00:00Z,0.0,-64.15626,-60.864582,0.17786893
2019-03-12T12:00:00Z,0.0,-64.15626,-60.864582,0.17553717
2019-03-13T12:00:00Z,0.0,-64.15626,-60.864582,0.16533798
2019-03-14T12:00:00Z,0.0,-64.15626,-60.864582,0.17120078
2019-03-15T12:00:00Z,0.0,-64.15626,-60.864582,0.16301468
2019-03-16T12:00:00Z,0.0,-64.15626,-60.864582,0.15172483
2019-03-17T12:00:00Z,0.0,-64.15626,-60.864582,NaN
2019-03-18T12:00:00Z,0.0,-64.15626,-60.864582,NaN
2019-03-19T12:00:00Z,0.0,-64.15626,-60.864582,NaN
2019-03-20T12:00:00Z,0.0,-64.15626,-60.864582,NaN
2019-03-21T12:00:00Z,0.0,-64.15626,-60.864582,NaN
2019-03-22T12:00:00Z,0.0,-64.15626,-60.864582,NaN
2019-03-23T12:00:00Z,0.0,-64.15626,-60.864582,NaN
2019-03-24T12:00:00Z,0.0,-64.15626,-60.864582,NaN
2019-03-25T12:00:00Z,0.0,-64.15626,-60.864582,NaN
2019-03-26T12:00:00Z,0.0,-64.15626,-60.864582,NaN
2019-03-27T12:00:00Z,0.0,-64.15626,-60.864582,NaN
2019-03-28T12:00:00Z,0.0,-64.15626,-60.864582,NaN
2019-03-29T12:00:00Z,0.0,-64.15626,-60.864582,NaN
2019-03-30T12:00:00Z,0.0,-64.15626,-60.864582,NaN
2019-03-31T12:00:00Z,0.0,-64.15626,-60.864582,NaN
2019-04-01T12:00:00Z,0.0,-64.15626,-60.864582,NaN
2019-04-02T12:00:00Z,0.0,-64.15626,-60.864582,NaN
2019-04-03T12:00:00Z,0.0,-64.15626,-60.864582,NaN
2019-04-04T12:00:00Z,0.0,-64.15626,-60.864582,NaN
2019-04-05T12:00:00Z,0.0,-64.15626,-60.864582,NaN
2019-04-06T12:00:00Z,0.0,-64.15626,-60.864582,NaN
2019-04-07T12:00:00Z,0.0,-64.15626,-60.864582,NaN
2019-04-08T12:00:00Z,0.0,-64.15626,-60.864582,NaN
2019-04-09T12:00:00Z,0.0,-64.15626,-60.864582,NaN
2019-04-10T12:00:00Z,0.0,-64.15626,-60.864582,NaN
2019-04-11T12:00:00Z,0.0,-64.15626,-60.864582,NaN
2019-04-12T12:00:00Z,0.0,-64.15626,-60.864582,NaN
2019-04-13T12:00:00Z,0.0,-64.15626,-60.864582,NaN
2019-04-14T12:00:00Z,0.0,-64.15626,-60.864582,NaN
2019-04-15T12:00:00Z,0.0,-64.15626,-60.864582,NaN
2019-04-16T12:00:00Z,0.0,-64.15626,-60.864582,NaN
2019-04-17T12:00:00Z,0.0,-64.15626,-60.864582,NaN
2019-04-18T12:00:00Z,0.0,-64.15626,-60.864582,NaN
2019-04-19T12:00:00Z,0.0,-64.15626,-60.864582,NaN
2019-04-20T12:00:00Z,0.0,-64.15626,-60.864582,NaN
2019-04-21T12:00:00Z,0.0,-64.15626,-60.864582,NaN
2019-04-22T12:00:00Z,0.0,-64.15626,-60.864582,NaN
2019-04-23T12:00:00Z,0.0,-64.15626,-60.864582,NaN
2019-04-24T12:00:00Z,0.0,-64.15626,-60.864582,NaN
2019-04-25T12:00:00Z,0.0,-64.15626,-60.864582,NaN
2019-04-26T12:00:00Z,0.0,-64.15626,-60.864582,NaN
2019-04-27T12:00:00Z,0.0,-64.15626,-60.864582,NaN
2019-04-28T12:00:00Z,0.0,-64.15626,-60.864582,NaN
2019-04-29T12:00:00Z,0.0,-64.15626,-60.864582,NaN
2019-04-30T12:00:00Z,0.0,-64.15626,-60.864582,NaN
2019-05-01T12:00:00Z,0.0,-64.15626,-60.864582,NaN
2019-05-02T12:00:00Z,0.0,-64.15626,-60.864582,NaN
2019-05-03T12:00:00Z,0.0,-64.15626,-60.864582,NaN
2019-05-04T12:00:00Z,0.0,-64.15626,-60.864582,NaN
2019-05-05T12:00:00Z,0.0,-64.15626,-60.864582,NaN
2019-05-06T12:00:00Z,0.0,-64.15626,-60.864582,NaN
2019-05-07T12:00:00Z,0.0,-64.15626,-60.864582,NaN
2019-05-08T12:00:00Z,0.0,-64.15626,-60.864582,NaN
2019-05-09T12:00:00Z,0.0,-64.15626,-60.864582,NaN
2019-05-10T12:00:00Z,0.0,-64.15626,-60.864582,NaN
2019-05-11T12:00:00Z,0.0,-64.15626,-60.864582,NaN
2019-05-12T12:00:00Z,0.0,-64.15626,-60.864582,NaN
2019-05-13T12:00:00Z,0.0,-64.15626,-60.864582,NaN
2019-05-14T12:00:00Z,0.0,-64.15626,-60.864582,NaN
2019-05-15T12:00:00Z,0.0,-64.15626,-60.864582,NaN
2019-05-16T12:00:00Z,0.0,-64.15626,-60.864582,NaN
2019-05-17T12:00:00Z,0.0,-64.15626,-60.864582,NaN
2019-05-18T12:00:00Z,0.0,-64.15626,-60.864582,NaN
2019-05-19T12:00:00Z,0.0,-64.15626,-60.864582,NaN
2019-05-20T12:00:00Z,0.0,-64.15626,-60.864582,NaN
2019-05-21T12:00:00Z,0.0,-64.15626,-60.864582,NaN
2019-05-22T12:00:00Z,0.0,-64.15626,-60.864582,NaN
2019-05-23T12:00:00Z,0.0,-64.15626,-60.864582,NaN
2019-05-24T12:00:00Z,0.0,-64.15626,-60.864582,NaN
2019-05-25T12:00:00Z,0.0,-64.15626,-60.864582,NaN
2019-05-26T12:00:00Z,0.0,-64.15626,-60.864582,NaN
2019-05-27T12:00:00Z,0.0,-64.15626,-60.864582,NaN
2019-05-28T12:00:00Z,0.0,-64.15626,-60.864582,NaN
2019-05-29T12:00:00Z,0.0,-64.15626,-60.864582,NaN
2019-05-30T12:00:00Z,0.0,-64.15626,-60.864582,NaN
2019-05-31T12:00:00Z,0.0,-64.15626,-60.864582,NaN
2019-06-01T12:00:00Z,0.0,-64.15626,-60.864582,NaN
2019-06-02T12:00:00Z,0.0,-64.15626,-60.864582,NaN
2019-06-03T12:00:00Z,0.0,-64.15626,-60.864582,NaN
2019-06-04T12:00:00Z,0.0,-64.15626,-60.864582,NaN
2019-06-05T12:00:00Z,0.0,-64.15626,-60.864582,NaN
2019-06-06T12:00:00Z,0.0,-64.15626,-60.864582,NaN
2019-06-07T12:00:00Z,0.0,-64.15626,-60.864582,NaN
2019-06-08T12:00:00Z,0.0,-64.15626,-60.864582,NaN
2019-06-09T12:00:00Z,0.0,-64.15626,-60.864582,NaN
2019-06-10T12:00:00Z,0.0,-64.15626,-60.864582,NaN
2019-06-11T12:00:00Z,0.0,-64.15626,-60.864582,NaN
2019-06-12T12:00:00Z,0.0,-64.15626,-60.864582,NaN
2019-06-13T12:00:00Z,0.0,-64.15626,-60.864582,NaN
2019-06-14T12:00:00Z,0.0,-64.15626,-60.864582,NaN
2019-06-15T12:00:00Z,0.0,-64.15626,-60.864582,NaN
2019-06-16T12:00:00Z,0.0,-64.15626,-60.864582,NaN
2019-06-17T12:00:00Z,0.0,-64.15626,-60.864582,NaN
2019-06-18T12:00:00Z,0.0,-64.15626,-60.864582,NaN
2019-06-19T12:00:00Z,0.0,-64.15626,-60.864582,NaN
2019-06-20T12:00:00Z,0.0,-64.15626,-60.864582,NaN
2019-06-21T12:00:00Z,0.0,-64.15626,-60.864582,NaN
2019-06-22T12:00:00Z,0.0,-64.15626,-60.864582,NaN
2019-06-23T12:00:00Z,0.0,-64.15626,-60.864582,NaN
2019-06-24T12:00:00Z,0.0,-64.15626,-60.864582,NaN
2019-06-25T12:00:00Z,0.0,-64.15626,-60.864582,NaN
2019-06-26T12:00:00Z,0.0,-64.15626,-60.864582,NaN
2019-06-27T12:00:00Z,0.0,-64.15626,-60.864582,NaN
2019-06-28T12:00:00Z,0.0,-64.15626,-60.864582,NaN
2019-06-29T12:00:00Z,0.0,-64.15626,-60.864582,NaN
2019-06-30T12:00:00Z,0.0,-64.15626,-60.864582,NaN
2019-07-01T12:00:00Z,0.0,-64.15626,-60.864582,NaN
2019-07-02T12:00:00Z,0.0,-64.15626,-60.864582,NaN
2019-07-03T12:00:00Z,0.0,-64.15626,-60.864582,NaN
2019-07-04T12:00:00Z,0.0,-64.15626,-60.864582,NaN
2019-07-05T12:00:00Z,0.0,-64.15626,-60.864582,NaN
2019-07-06T12:00:00Z,0.0,-64.15626,-60.864582,NaN
2019-07-07T12:00:00Z,0.0,-64.15626,-60.864582,NaN
2019-07-08T12:00:00Z,0.0,-64.15626,-60.864582,NaN
2019-07-09T12:00:00Z,0.0,-64.15626,-60.864582,NaN
2019-07-10T12:00:00Z,0.0,-64.15626,-60.864582,NaN
2019-07-11T12:00:00Z,0.0,-64.15626,-60.864582,NaN
2019-07-12T12:00:00Z,0.0,-64.15626,-60.864582,NaN
2019-07-13T12:00:00Z,0.0,-64.15626,-60.864582,NaN
2019-07-14T12:00:00Z,0.0,-64.15626,-60.864582,NaN
2019-07-15T12:00:00Z,0.0,-64.15626,-60.864582,NaN
2019-07-16T12:00:00Z,0.0,-64.15626,-60.864582,NaN
2019-07-17T12:00:00Z,0.0,-64.15626,-60.864582,NaN
2019-07-18T12:00:00Z,0.0,-64.15626,-60.864582,NaN
2019-07-19T12:00:00Z,0.0,-64.15626,-60.864582,NaN
2019-07-20T12:00:00Z,0.0,-64.15626,-60.864582,NaN
2019-07-21T12:00:00Z,0.0,-64.15626,-60.864582,NaN
2019-07-22T12:00:00Z,0.0,-64.15626,-60.864582,NaN
2019-07-23T12:00:00Z,0.0,-64.15626,-60.864582,NaN
2019-07-24T12:00:00Z,0.0,-64.15626,-60.864582,NaN
2019-07-25T12:00:00Z,0.0,-64.15626,-60.864582,NaN
2019-07-26T12:00:00Z,0.0,-64.15626,-60.864582,NaN
2019-07-27T12:00:00Z,0.0,-64.15626,-60.864582,NaN
2019-07-28T12:00:00Z,0.0,-64.15626,-60.864582,NaN
2019-07-29T12:00:00Z,0.0,-64.15626,-60.864582,NaN
2019-07-30T12:00:00Z,0.0,-64.15626,-60.864582,NaN
2019-07-31T12:00:00Z,0.0,-64.15626,-60.864582,NaN
2019-08-01T12:00:00Z,0.0,-64.15626,-60.864582,NaN
2019-08-02T12:00:00Z,0.0,-64.15626,-60.864582,NaN
2019-08-03T12:00:00Z,0.0,-64.15626,-60.864582,NaN
2019-08-04T12:00:00Z,0.0,-64.15626,-60.864582,NaN
2019-08-05T12:00:00Z,0.0,-64.15626,-60.864582,NaN
2019-08-06T12:00:00Z,0.0,-64.15626,-60.864582,NaN
2019-08-07T12:00:00Z,0.0,-64.15626,-60.864582,NaN
2019-08-08T12:00:00Z,0.0,-64.15626,-60.864582,NaN
2019-08-09T12:00:00Z,0.0,-64.15626,-60.864582,NaN
2019-08-10T12:00:00Z,0.0,-64.15626,-60.864582,NaN
2019-08-11T12:00:00Z,0.0,-64.15626,-60.864582,NaN
2019-08-12T12:00:00Z,0.0,-64.15626,-60.864582,NaN
2019-08-13T12:00:00Z,0.0,-64.15626,-60.864582,NaN
2019-08-14T12:00:00Z,0.0,-64.15626,-60.864582,NaN
2019-08-15T12:00:00Z,0.0,-64.15626,-60.864582,NaN
2019-08-16T12:00:00Z,0.0,-64.15626,-60.864582,NaN
2019-08-17T12:00:00Z,0.0,-64.15626,-60.864582,NaN
2019-08-18T12:00:00Z,0.0,-64.15626,-60.864582,NaN
2019-08-19T12:00:00Z,0.0,-64.15626,-60.864582,NaN
2019-08-20T12:00:00Z,0.0,-64.15626,-60.864582,NaN
2019-08-21T12:00:00Z,0.0,-64.15626,-60.864582,NaN
2019-08-22T12:00:00Z,0.0,-64.15626,-60.864582,NaN
2019-08-23T12:00:00Z,0.0,-64.15626,-60.864582,NaN
2019-08-24T12:00:00Z,0.0,-64.15626,-60.864582,NaN
2019-08-25T12:00:00Z,0.0,-64.15626,-60.864582,NaN
2019-08-26T12:00:00Z,0.0,-64.15626,-60.864582,NaN
2019-08-27T12:00:00Z,0.0,-64.15626,-60.864582,NaN
2019-08-28T12:00:00Z,0.0,-64.15626,-60.864582,NaN
2019-08-29T12:00:00Z,0.0,-64.15626,-60.864582,NaN
2019-08-30T12:00:00Z,0.0,-64.15626,-60.864582,NaN
2019-08-31T12:00:00Z,0.0,-64.15626,-60.864582,NaN
2019-09-01T12:00:00Z,0.0,-64.15626,-60.864582,NaN
2019-09-02T12:00:00Z,0.0,-64.15626,-60.864582,NaN
2019-09-03T12:00:00Z,0.0,-64.15626,-60.864582,NaN
2019-09-04T12:00:00Z,0.0,-64.15626,-60.864582,NaN
2019-09-05T12:00:00Z,0.0,-64.15626,-60.864582,NaN
2019-09-06T12:00:00Z,0.0,-64.15626,-60.864582,NaN
2019-09-07T12:00:00Z,0.0,-64.15626,-60.864582,NaN
2019-09-08T12:00:00Z,0.0,-64.15626,-60.864582,NaN
2019-09-09T12:00:00Z,0.0,-64.15626,-60.864582,NaN
2019-09-10T12:00:00Z,0.0,-64.15626,-60.864582,NaN
2019-09-11T12:00:00Z,0.0,-64.15626,-60.864582,NaN
2019-09-12T12:00:00Z,0.0,-64.15626,-60.864582,NaN
2019-09-13T12:00:00Z,0.0,-64.15626,-60.864582,NaN
2019-09-14T12:00:00Z,0.0,-64.15626,-60.864582,NaN
2019-09-15T12:00:00Z,0.0,-64.15626,-60.864582,NaN
2019-09-16T12:00:00Z,0.0,-64.15626,-60.864582,NaN
2019-09-17T12:00:00Z,0.0,-64.15626,-60.864582,NaN
2019-09-18T12:00:00Z,0.0,-64.15626,-60.864582,NaN
2019-09-19T12:00:00Z,0.0,-64.15626,-60.864582,NaN
2019-09-20T12:00:00Z,0.0,-64.15626,-60.864582,NaN
2019-09-21T12:00:00Z,0.0,-64.15626,-60.864582,NaN
2019-09-22T12:00:00Z,0.0,-64.15626,-60.864582,NaN
2019-09-23T12:00:00Z,0.0,-64.15626,-60.864582,NaN
2019-09-24T12:00:00Z,0.0,-64.15626,-60.864582,NaN
2019-09-25T12:00:00Z,0.0,-64.15626,-60.864582,NaN
2019-09-26T12:00:00Z,0.0,-64.15626,-60.864582,NaN
2019-09-27T12:00:00Z,0.0,-64.15626,-60.864582,NaN
2019-09-28T12:00:00Z,0.0,-64.15626,-60.864582,NaN
2019-09-29T12:00:00Z,0.0,-64.15626,-60.864582,NaN
2019-09-30T12:00:00Z,0.0,-64.15626,-60.864582,NaN
2019-10-01T12:00:00Z,0.0,-64.15626,-60.864582,NaN
2019-10-02T12:00:00Z,0.0,-64.15626,-60.864582,NaN
2019-10-03T12:00:00Z,0.0,-64.15626,-60.864582,NaN
2019-10-04T12:00:00Z,0.0,-64.15626,-60.864582,NaN
2019-10-05T12:00:00Z,0.0,-64.15626,-60.864582,NaN
2019-10-06T12:00:00Z,0.0,-64.15626,-60.864582,NaN
2019-10-07T12:00:00Z,0.0,-64.15626,-60.864582,NaN
2019-10-08T12:00:00Z,0.0,-64.15626,-60.864582,NaN
2019-10-09T12:00:00Z,0.0,-64.15626,-60.864582,NaN
2019-10-10T12:00:00Z,0.0,-64.15626,-60.864582,NaN
2019-10-11T12:00:00Z,0.0,-64.15626,-60.864582,NaN
2019-10-12T12:00:00Z,0.0,-64.15626,-60.864582,NaN
2019-10-13T12:00:00Z,0.0,-64.15626,-60.864582,NaN
2019-10-14T12:00:00Z,0.0,-64.15626,-60.864582,NaN
2019-10-15T12:00:00Z,0.0,-64.15626,-60.864582,NaN
2019-10-16T12:00:00Z,0.0,-64.15626,-60.864582,NaN
2019-10-17T12:00:00Z,0.0,-64.15626,-60.864582,NaN
2019-10-18T12:00:00Z,0.0,-64.15626,-60.864582,NaN
2019-10-19T12:00:00Z,0.0,-64.15626,-60.864582,0.2937886
2019-10-20T12:00:00Z,0.0,-64.15626,-60.864582,0.2695704
2019-10-21T12:00:00Z,0.0,-64.15626,-60.864582,0.3089522
2019-10-22T12:00:00Z,0.0,-64.15626,-60.864582,0.280894
2019-10-23T12:00:00Z,0.0,-64.15626,-60.864582,0.2869959
2019-10-24T12:00:00Z,0.0,-64.15626,-60.864582,0.28921682
2019-10-25T12:00:00Z,0.0,-64.15626,-60.864582,0.28979442
2019-10-26T12:00:00Z,0.0,-64.15626,-60.864582,0.28420013
2019-10-27T12:00:00Z,0.0,-64.15626,-60.864582,0.27171814
2019-10-28T12:00:00Z,0.0,-64.15626,-60.864582,0.36608127
2019-10-29T12:00:00Z,0.0,-64.15626,-60.864582,0.36541736
2019-10-30T12:00:00Z,0.0,-64.15626,-60.864582,0.4827779
2019-10-31T12:00:00Z,0.0,-64.15626,-60.864582,0.33336332
2019-11-01T12:00:00Z,0.0,-64.15626,-60.864582,0.33468887
2019-11-02T12:00:00Z,0.0,-64.15626,-60.864582,0.35537
2019-11-03T12:00:00Z,0.0,-64.15626,-60.864582,0.30450782
2019-11-04T12:00:00Z,0.0,-64.15626,-60.864582,0.28654906
2019-11-05T12:00:00Z,0.0,-64.15626,-60.864582,0.22114566
2019-11-06T12:00:00Z,0.0,-64.15626,-60.864582,0.27081934
2019-11-07T12:00:00Z,0.0,-64.15626,-60.864582,0.26519555
2019-11-08T12:00:00Z,0.0,-64.15626,-60.864582,0.22064646
2019-11-09T12:00:00Z,0.0,-64.15626,-60.864582,0.24011631
2019-11-10T12:00:00Z,0.0,-64.15626,-60.864582,0.3283824
2019-11-11T12:00:00Z,0.0,-64.15626,-60.864582,0.23544377
2019-11-12T12:00:00Z,0.0,-64.15626,-60.864582,0.24966247
2019-11-13T12:00:00Z,0.0,-64.15626,-60.864582,0.14861363
2019-11-14T12:00:00Z,0.0,-64.15626,-60.864582,0.14459401
2019-11-15T12:00:00Z,0.0,-64.15626,-60.864582,0.14462063
2019-11-16T12:00:00Z,0.0,-64.15626,-60.864582,0.15445518
2019-11-17T12:00:00Z,0.0,-64.15626,-60.864582,0.15366255
2019-11-18T12:00:00Z,0.0,-64.15626,-60.864582,0.14848185
2019-11-19T12:00:00Z,0.0,-64.15626,-60.864582,0.1881512
2019-11-20T12:00:00Z,0.0,-64.15626,-60.864582,0.19001594
2019-11-21T12:00:00Z,0.0,-64.15626,-60.864582,0.18601142
2019-11-22T12:00:00Z,0.0,-64.15626,-60.864582,0.20030257
2019-11-23T12:00:00Z,0.0,-64.15626,-60.864582,0.20051607
2019-11-24T12:00:00Z,0.0,-64.15626,-60.864582,0.20342955
2019-11-25T12:00:00Z,0.0,-64.15626,-60.864582,0.20778148
2019-11-26T12:00:00Z,0.0,-64.15626,-60.864582,0.20957147
2019-11-27T12:00:00Z,0.0,-64.15626,-60.864582,0.20682698
2019-11-28T12:00:00Z,0.0,-64.15626,-60.864582,0.20442463
2019-11-29T12:00:00Z,0.0,-64.15626,-60.864582,0.21196789
2019-11-30T12:00:00Z,0.0,-64.15626,-60.864582,0.21498254
2019-12-01T12:00:00Z,0.0,-64.15626,-60.864582,0.21891151
2019-12-02T12:00:00Z,0.0,-64.15626,-60.864582,0.23051761
2019-12-03T12:00:00Z,0.0,-64.15626,-60.864582,0.24172562
2019-12-04T12:00:00Z,0.0,-64.15626,-60.864582,0.1902656
2019-12-05T12:00:00Z,0.0,-64.15626,-60.864582,0.1939502
2019-12-06T12:00:00Z,0.0,-64.15626,-60.864582,0.31568244
2019-12-07T12:00:00Z,0.0,-64.15626,-60.864582,0.41380247
2019-12-08T12:00:00Z,0.0,-64.15626,-60.864582,0.33298063
2019-12-09T12:00:00Z,0.0,-64.15626,-60.864582,0.42177022
2019-12-10T12:00:00Z,0.0,-64.15626,-60.864582,0.42902216
2019-12-11T12:00:00Z,0.0,-64.15626,-60.864582,0.413989
2019-12-12T12:00:00Z,0.0,-64.15626,-60.864582,0.4156659
2019-12-13T12:00:00Z,0.0,-64.15626,-60.864582,0.44684002
2019-12-14T12:00:00Z,0.0,-64.15626,-60.864582,0.46098977
2019-12-15T12:00:00Z,0.0,-64.15626,-60.864582,0.4565271
2019-12-16T12:00:00Z,0.0,-64.15626,-60.864582,0.45647097
2019-12-17T12:00:00Z,0.0,-64.15626,-60.864582,0.47509217
2019-12-18T12:00:00Z,0.0,-64.15626,-60.864582,0.52278507
2019-12-19T12:00:00Z,0.0,-64.15626,-60.864582,0.5098152
2019-12-20T12:00:00Z,0.0,-64.15626,-60.864582,0.50668585
2019-12-21T12:00:00Z,0.0,-64.15626,-60.864582,0.45247626
2019-12-22T12:00:00Z,0.0,-64.15626,-60.864582,0.437409
2019-12-23T12:00:00Z,0.0,-64.15626,-60.864582,0.45481333
2019-12-24T12:00:00Z,0.0,-64.15626,-60.864582,0.47215435
2019-12-25T12:00:00Z,0.0,-64.15626,-60.864582,0.4643177
2019-12-26T12:00:00Z,0.0,-64.15626,-60.864582,0.498521
2019-12-27T12:00:00Z,0.0,-64.15626,-60.864582,0.4855341
2019-12-28T12:00:00Z,0.0,-64.15626,-60.864582,0.50213295
2019-12-29T12:00:00Z,0.0,-64.15626,-60.864582,0.5088261
2019-12-30T12:00:00Z,0.0,-64.15626,-60.864582,0.4906951
2019-12-31T12:00:00Z,0.0,-64.15626,-60.864582,0.5058035
2020-01-01T12:00:00Z,0.0,-64.15626,-60.864582,0.46098825
2020-01-02T12:00:00Z,0.0,-64.15626,-60.864582,0.37348467
2020-01-03T12:00:00Z,0.0,-64.15626,-60.864582,0.4410454
2020-01-04T12:00:00Z,0.0,-64.15626,-60.864582,0.42564103
2020-01-05T12:00:00Z,0.0,-64.15626,-60.864582,0.4880403
2020-01-06T12:00:00Z,0.0,-64.15626,-60.864582,0.39080513
2020-01-07T12:00:00Z,0.0,-64.15626,-60.864582,0.48573062
2020-01-08T12:00:00Z,0.0,-64.15626,-60.864582,0.49343592
2020-01-09T12:00:00Z,0.0,-64.15626,-60.864582,0.48189303
2020-01-10T12:00:00Z,0.0,-64.15626,-60.864582,0.48033124
2020-01-11T12:00:00Z,0.0,-64.15626,-60.864582,0.4843133
2020-01-12T12:00:00Z,0.0,-64.15626,-60.864582,0.47798213
2020-01-13T12:00:00Z,0.0,-64.15626,-60.864582,0.4953077
2020-01-14T12:00:00Z,0.0,-64.15626,-60.864582,0.42266467
2020-01-15T12:00:00Z,0.0,-64.15626,-60.864582,0.36753398
2020-01-16T12:00:00Z,0.0,-64.15626,-60.864582,0.25645754
2020-01-17T12:00:00Z,0.0,-64.15626,-60.864582,0.4983534
2020-01-18T12:00:00Z,0.0,-64.15626,-60.864582,0.5167852
2020-01-19T12:00:00Z,0.0,-64.15626,-60.864582,0.51946574
2020-01-20T12:00:00Z,0.0,-64.15626,-60.864582,0.41113612
2020-01-21T12:00:00Z,0.0,-64.15626,-60.864582,0.42123798
2020-01-22T12:00:00Z,0.0,-64.15626,-60.864582,0.42803246
2020-01-23T12:00:00Z,0.0,-64.15626,-60.864582,0.4113026
2020-01-24T12:00:00Z,0.0,-64.15626,-60.864582,0.3951378
2020-01-25T12:00:00Z,0.0,-64.15626,-60.864582,0.40098047
2020-01-26T12:00:00Z,0.0,-64.15626,-60.864582,0.40664303
2020-01-27T12:00:00Z,0.0,-64.15626,-60.864582,0.41017875
2020-01-28T12:00:00Z,0.0,-64.15626,-60.864582,0.40785247
2020-01-29T12:00:00Z,0.0,-64.15626,-60.864582,0.38719967
2020-01-30T12:00:00Z,0.0,-64.15626,-60.864582,0.39619687
2020-01-31T12:00:00Z,0.0,-64.15626,-60.864582,0.4132557
2020-02-01T12:00:00Z,0.0,-64.15626,-60.864582,0.42594582
2020-02-02T12:00:00Z,0.0,-64.15626,-60.864582,0.44770932
2020-02-03T12:00:00Z,0.0,-64.15626,-60.864582,0.42628083
2020-02-04T12:00:00Z,0.0,-64.15626,-60.864582,0.5321044
2020-02-05T12:00:00Z,0.0,-64.15626,-60.864582,0.5401132
2020-02-06T12:00:00Z,0.0,-64.15626,-60.864582,0.51749724
2020-02-07T12:00:00Z,0.0,-64.15626,-60.864582,0.4336705
2020-02-08T12:00:00Z,0.0,-64.15626,-60.864582,0.43934023
2020-02-09T12:00:00Z,0.0,-64.15626,-60.864582,0.5377049
2020-02-10T12:00:00Z,0.0,-64.15626,-60.864582,0.5590702
2020-02-11T12:00:00Z,0.0,-64.15626,-60.864582,0.5202488
2020-02-12T12:00:00Z,0.0,-64.15626,-60.864582,0.493145
2020-02-13T12:00:00Z,0.0,-64.15626,-60.864582,0.5019408
2020-02-14T12:00:00Z,0.0,-64.15626,-60.864582,0.5119501
2020-02-15T12:00:00Z,0.0,-64.15626,-60.864582,0.5167499
2020-02-16T12:00:00Z,0.0,-64.15626,-60.864582,0.5072938
2020-02-17T12:00:00Z,0.0,-64.15626,-60.864582,0.50185704
2020-02-18T12:00:00Z,0.0,-64.15626,-60.864582,0.4747537
2020-02-19T12:00:00Z,0.0,-64.15626,-60.864582,0.4880544
2020-02-20T12:00:00Z,0.0,-64.15626,-60.864582,0.50270426
2020-02-21T12:00:00Z,0.0,-64.15626,-60.864582,0.48298615
2020-02-22T12:00:00Z,0.0,-64.15626,-60.864582,0.56438434
2020-02-23T12:00:00Z,0.0,-64.15626,-60.864582,0.58198
2020-02-24T12:00:00Z,0.0,-64.15626,-60.864582,0.6498022
2020-02-25T12:00:00Z,0.0,-64.15626,-60.864582,0.65962875
2020-02-26T12:00:00Z,0.0,-64.15626,-60.864582,0.63324004
2020-02-27T12:00:00Z,0.0,-64.15626,-60.864582,0.5707447
2020-02-28T12:00:00Z,0.0,-64.15626,-60.864582,0.6150733
2020-02-29T12:00:00Z,0.0,-64.15626,-60.864582,0.63077563
2020-03-01T12:00:00Z,0.0,-64.15626,-60.864582,0.58763564
2020-03-02T12:00:00Z,0.0,-64.15626,-60.864582,0.6170454
2020-03-03T12:00:00Z,0.0,-64.15626,-60.864582,0.59108555
2020-03-04T12:00:00Z,0.0,-64.15626,-60.864582,0.5693233
2020-03-05T12:00:00Z,0.0,-64.15626,-60.864582,0.63783103
2020-03-06T12:00:00Z,0.0,-64.15626,-60.864582,0.6553949
2020-03-07T12:00:00Z,0.0,-64.15626,-60.864582,0.5849184
2020-03-08T12:00:00Z,0.0,-64.15626,-60.864582,0.48246458
2020-03-09T12:00:00Z,0.0,-64.15626,-60.864582,0.47021165
2020-03-10T12:00:00Z,0.0,-64.15626,-60.864582,0.5122013
2020-03-11T12:00:00Z,0.0,-64.15626,-60.864582,0.5300642
2020-03-12T12:00:00Z,0.0,-64.15626,-60.864582,0.44760227
2020-03-13T12:00:00Z,0.0,-64.15626,-60.864582,0.42299354
2020-03-14T12:00:00Z,0.0,-64.15626,-60.864582,0.27499557
2020-03-15T12:00:00Z,0.0,-64.15626,-60.864582,0.26719093
2020-03-16T12:00:00Z,0.0,-64.15626,-60.864582,NaN
2020-03-17T12:00:00Z,0.0,-64.15626,-60.864582,NaN
2020-03-18T12:00:00Z,0.0,-64.15626,-60.864582,NaN
2020-03-19T12:00:00Z,0.0,-64.15626,-60.864582,NaN
2020-03-20T12:00:00Z,0.0,-64.15626,-60.864582,NaN
2020-03-21T12:00:00Z,0.0,-64.15626,-60.864582,NaN
2020-03-22T12:00:00Z,0.0,-64.15626,-60.864582,NaN
2020-03-23T12:00:00Z,0.0,-64.15626,-60.864582,NaN
2020-03-24T12:00:00Z,0.0,-64.15626,-60.864582,NaN
2020-03-25T12:00:00Z,0.0,-64.15626,-60.864582,NaN
2020-03-26T12:00:00Z,0.0,-64.15626,-60.864582,NaN
2020-03-27T12:00:00Z,0.0,-64.15626,-60.864582,NaN
2020-03-28T12:00:00Z,0.0,-64.15626,-60.864582,NaN
2020-03-29T12:00:00Z,0.0,-64.15626,-60.864582,NaN
2020-03-30T12:00:00Z,0.0,-64.15626,-60.864582,NaN
2020-03-31T12:00:00Z,0.0,-64.15626,-60.864582,NaN
2020-04-01T12:00:00Z,0.0,-64.15626,-60.864582,NaN
2020-04-02T12:00:00Z,0.0,-64.15626,-60.864582,NaN
2020-04-03T12:00:00Z,0.0,-64.15626,-60.864582,NaN
2020-04-04T12:00:00Z,0.0,-64.15626,-60.864582,NaN
2020-04-05T12:00:00Z,0.0,-64.15626,-60.864582,NaN
2020-04-06T12:00:00Z,0.0,-64.15626,-60.864582,NaN
2020-04-07T12:00:00Z,0.0,-64.15626,-60.864582,NaN
2020-04-08T12:00:00Z,0.0,-64.15626,-60.864582,NaN
2020-04-09T12:00:00Z,0.0,-64.15626,-60.864582,NaN
2020-04-10T12:00:00Z,0.0,-64.15626,-60.864582,NaN
2020-04-11T12:00:00Z,0.0,-64.15626,-60.864582,NaN
2020-04-12T12:00:00Z,0.0,-64.15626,-60.864582,NaN
2020-04-13T12:00:00Z,0.0,-64.15626,-60.864582,NaN
2020-04-14T12:00:00Z,0.0,-64.15626,-60.864582,NaN
2020-04-15T12:00:00Z,0.0,-64.15626,-60.864582,NaN
2020-04-16T12:00:00Z,0.0,-64.15626,-60.864582,NaN
2020-04-17T12:00:00Z,0.0,-64.15626,-60.864582,NaN
2020-04-18T12:00:00Z,0.0,-64.15626,-60.864582,NaN
2020-04-19T12:00:00Z,0.0,-64.15626,-60.864582,NaN
2020-04-20T12:00:00Z,0.0,-64.15626,-60.864582,NaN
2020-04-21T12:00:00Z,0.0,-64.15626,-60.864582,NaN
2020-04-22T12:00:00Z,0.0,-64.15626,-60.864582,NaN
2020-04-23T12:00:00Z,0.0,-64.15626,-60.864582,NaN
2020-04-24T12:00:00Z,0.0,-64.15626,-60.864582,NaN
2020-04-25T12:00:00Z,0.0,-64.15626,-60.864582,NaN
2020-04-26T12:00:00Z,0.0,-64.15626,-60.864582,NaN
2020-04-27T12:00:00Z,0.0,-64.15626,-60.864582,NaN
2020-04-28T12:00:00Z,0.0,-64.15626,-60.864582,NaN
2020-04-29T12:00:00Z,0.0,-64.15626,-60.864582,NaN
2020-04-30T12:00:00Z,0.0,-64.15626,-60.864582,NaN
2020-05-01T12:00:00Z,0.0,-64.15626,-60.864582,NaN
2020-05-02T12:00:00Z,0.0,-64.15626,-60.864582,NaN
2020-05-03T12:00:00Z,0.0,-64.15626,-60.864582,NaN
2020-05-04T12:00:00Z,0.0,-64.15626,-60.864582,NaN
2020-05-05T12:00:00Z,0.0,-64.15626,-60.864582,NaN
2020-05-06T12:00:00Z,0.0,-64.15626,-60.864582,NaN
2020-05-07T12:00:00Z,0.0,-64.15626,-60.864582,NaN
2020-05-08T12:00:00Z,0.0,-64.15626,-60.864582,NaN
2020-05-09T12:00:00Z,0.0,-64.15626,-60.864582,NaN
2020-05-10T12:00:00Z,0.0,-64.15626,-60.864582,NaN
2020-05-11T12:00:00Z,0.0,-64.15626,-60.864582,NaN
2020-05-12T12:00:00Z,0.0,-64.15626,-60.864582,NaN
2020-05-13T12:00:00Z,0.0,-64.15626,-60.864582,NaN
2020-05-14T12:00:00Z,0.0,-64.15626,-60.864582,NaN
2020-05-15T12:00:00Z,0.0,-64.15626,-60.864582,NaN
2020-05-16T12:00:00Z,0.0,-64.15626,-60.864582,NaN
2020-05-17T12:00:00Z,0.0,-64.15626,-60.864582,NaN
2020-05-18T12:00:00Z,0.0,-64.15626,-60.864582,NaN
2020-05-19T12:00:00Z,0.0,-64.15626,-60.864582,NaN
2020-05-20T12:00:00Z,0.0,-64.15626,-60.864582,NaN
2020-05-21T12:00:00Z,0.0,-64.15626,-60.864582,NaN
2020-05-22T12:00:00Z,0.0,-64.15626,-60.864582,NaN
2020-05-23T12:00:00Z,0.0,-64.15626,-60.864582,NaN
2020-05-24T12:00:00Z,0.0,-64.15626,-60.864582,NaN
2020-05-25T12:00:00Z,0.0,-64.15626,-60.864582,NaN
2020-05-26T12:00:00Z,0.0,-64.15626,-60.864582,NaN
2020-05-27T12:00:00Z,0.0,-64.15626,-60.864582,NaN
2020-05-28T12:00:00Z,0.0,-64.15626,-60.864582,NaN
2020-05-29T12:00:00Z,0.0,-64.15626,-60.864582,NaN
2020-05-30T12:00:00Z,0.0,-64.15626,-60.864582,NaN
2020-05-31T12:00:00Z,0.0,-64.15626,-60.864582,NaN
2020-06-01T12:00:00Z,0.0,-64.15626,-60.864582,NaN
2020-06-02T12:00:00Z,0.0,-64.15626,-60.864582,NaN
2020-06-03T12:00:00Z,0.0,-64.15626,-60.864582,NaN
2020-06-04T12:00:00Z,0.0,-64.15626,-60.864582,NaN
2020-06-05T12:00:00Z,0.0,-64.15626,-60.864582,NaN
2020-06-06T12:00:00Z,0.0,-64.15626,-60.864582,NaN
2020-06-07T12:00:00Z,0.0,-64.15626,-60.864582,NaN
2020-06-08T12:00:00Z,0.0,-64.15626,-60.864582,NaN
2020-06-09T12:00:00Z,0.0,-64.15626,-60.864582,NaN
2020-06-10T12:00:00Z,0.0,-64.15626,-60.864582,NaN
2020-06-11T12:00:00Z,0.0,-64.15626,-60.864582,NaN
2020-06-12T12:00:00Z,0.0,-64.15626,-60.864582,NaN
2020-06-13T12:00:00Z,0.0,-64.15626,-60.864582,NaN
2020-06-14T12:00:00Z,0.0,-64.15626,-60.864582,NaN
2020-06-15T12:00:00Z,0.0,-64.15626,-60.864582,NaN
2020-06-16T12:00:00Z,0.0,-64.15626,-60.864582,NaN
2020-06-17T12:00:00Z,0.0,-64.15626,-60.864582,NaN
2020-06-18T12:00:00Z,0.0,-64.15626,-60.864582,NaN
2020-06-19T12:00:00Z,0.0,-64.15626,-60.864582,NaN
2020-06-20T12:00:00Z,0.0,-64.15626,-60.864582,NaN
2020-06-21T12:00:00Z,0.0,-64.15626,-60.864582,NaN
2020-06-22T12:00:00Z,0.0,-64.15626,-60.864582,NaN
2020-06-23T12:00:00Z,0.0,-64.15626,-60.864582,NaN
2020-06-24T12:00:00Z,0.0,-64.15626,-60.864582,NaN
2020-06-25T12:00:00Z,0.0,-64.15626,-60.864582,NaN
2020-06-26T12:00:00Z,0.0,-64.15626,-60.864582,NaN
2020-06-27T12:00:00Z,0.0,-64.15626,-60.864582,NaN
2020-06-28T12:00:00Z,0.0,-64.15626,-60.864582,NaN
2020-06-29T12:00:00Z,0.0,-64.15626,-60.864582,NaN
2020-06-30T12:00:00Z,0.0,-64.15626,-60.864582,NaN
2020-07-01T12:00:00Z,0.0,-64.15626,-60.864582,NaN
2020-07-02T12:00:00Z,0.0,-64.15626,-60.864582,NaN
2020-07-03T12:00:00Z,0.0,-64.15626,-60.864582,NaN
2020-07-04T12:00:00Z,0.0,-64.15626,-60.864582,NaN
2020-07-05T12:00:00Z,0.0,-64.15626,-60.864582,NaN
2020-07-06T12:00:00Z,0.0,-64.15626,-60.864582,NaN
2020-07-07T12:00:00Z,0.0,-64.15626,-60.864582,NaN
2020-07-08T12:00:00Z,0.0,-64.15626,-60.864582,NaN
2020-07-09T12:00:00Z,0.0,-64.15626,-60.864582,NaN
2020-07-10T12:00:00Z,0.0,-64.15626,-60.864582,NaN
2020-07-11T12:00:00Z,0.0,-64.15626,-60.864582,NaN
2020-07-12T12:00:00Z,0.0,-64.15626,-60.864582,NaN
2020-07-13T12:00:00Z,0.0,-64.15626,-60.864582,NaN
2020-07-14T12:00:00Z,0.0,-64.15626,-60.864582,NaN
2020-07-15T12:00:00Z,0.0,-64.15626,-60.864582,NaN
2020-07-16T12:00:00Z,0.0,-64.15626,-60.864582,NaN
2020-07-17T12:00:00Z,0.0,-64.15626,-60.864582,NaN
2020-07-18T12:00:00Z,0.0,-64.15626,-60.864582,NaN
2020-07-19T12:00:00Z,0.0,-64.15626,-60.864582,NaN
2020-07-20T12:00:00Z,0.0,-64.15626,-60.864582,NaN
2020-07-21T12:00:00Z,0.0,-64.15626,-60.864582,NaN
2020-07-22T12:00:00Z,0.0,-64.15626,-60.864582,NaN
2020-07-23T12:00:00Z,0.0,-64.15626,-60.864582,NaN
2020-07-24T12:00:00Z,0.0,-64.15626,-60.864582,NaN
2020-07-25T12:00:00Z,0.0,-64.15626,-60.864582,NaN
2020-07-26T12:00:00Z,0.0,-64.15626,-60.864582,NaN
2020-07-27T12:00:00Z,0.0,-64.15626,-60.864582,NaN
2020-07-28T12:00:00Z,0.0,-64.15626,-60.864582,NaN
2020-07-29T12:00:00Z,0.0,-64.15626,-60.864582,NaN
2020-07-30T12:00:00Z,0.0,-64.15626,-60.864582,NaN
2020-07-31T12:00:00Z,0.0,-64.15626,-60.864582,NaN
2020-08-01T12:00:00Z,0.0,-64.15626,-60.864582,NaN
2020-08-02T12:00:00Z,0.0,-64.15626,-60.864582,NaN
2020-08-03T12:00:00Z,0.0,-64.15626,-60.864582,NaN
2020-08-04T12:00:00Z,0.0,-64.15626,-60.864582,NaN
2020-08-05T12:00:00Z,0.0,-64.15626,-60.864582,NaN
2020-08-06T12:00:00Z,0.0,-64.15626,-60.864582,NaN
2020-08-07T12:00:00Z,0.0,-64.15626,-60.864582,NaN
2020-08-08T12:00:00Z,0.0,-64.15626,-60.864582,NaN
2020-08-09T12:00:00Z,0.0,-64.15626,-60.864582,NaN
2020-08-10T12:00:00Z,0.0,-64.15626,-60.864582,NaN
2020-08-11T12:00:00Z,0.0,-64.15626,-60.864582,NaN
2020-08-12T12:00:00Z,0.0,-64.15626,-60.864582,NaN
2020-08-13T12:00:00Z,0.0,-64.15626,-60.864582,NaN
2020-08-14T12:00:00Z,0.0,-64.15626,-60.864582,NaN
2020-08-15T12:00:00Z,0.0,-64.15626,-60.864582,NaN
2020-08-16T12:00:00Z,0.0,-64.15626,-60.864582,NaN
2020-08-17T12:00:00Z,0.0,-64.15626,-60.864582,NaN
2020-08-18T12:00:00Z,0.0,-64.15626,-60.864582,NaN
2020-08-19T12:00:00Z,0.0,-64.15626,-60.864582,NaN
2020-08-20T12:00:00Z,0.0,-64.15626,-60.864582,NaN
2020-08-21T12:00:00Z,0.0,-64.15626,-60.864582,NaN
2020-08-22T12:00:00Z,0.0,-64.15626,-60.864582,NaN
2020-08-23T12:00:00Z,0.0,-64.15626,-60.864582,NaN
2020-08-24T12:00:00Z,0.0,-64.15626,-60.864582,NaN
2020-08-25T12:00:00Z,0.0,-64.15626,-60.864582,NaN
2020-08-26T12:00:00Z,0.0,-64.15626,-60.864582,NaN
2020-08-27T12:00:00Z,0.0,-64.15626,-60.864582,NaN
2020-08-28T12:00:00Z,0.0,-64.15626,-60.864582,NaN
2020-08-29T12:00:00Z,0.0,-64.15626,-60.864582,NaN
2020-08-30T12:00:00Z,0.0,-64.15626,-60.864582,NaN
2020-08-31T12:00:00Z,0.0,-64.15626,-60.864582,NaN
2020-09-01T12:00:00Z,0.0,-64.15626,-60.864582,NaN
2020-09-02T12:00:00Z,0.0,-64.15626,-60.864582,NaN
2020-09-03T12:00:00Z,0.0,-64.15626,-60.864582,NaN
2020-09-04T12:00:00Z,0.0,-64.15626,-60.864582,NaN
2020-09-05T12:00:00Z,0.0,-64.15626,-60.864582,NaN
2020-09-06T12:00:00Z,0.0,-64.15626,-60.864582,NaN
2020-09-07T12:00:00Z,0.0,-64.15626,-60.864582,NaN
2020-09-08T12:00:00Z,0.0,-64.15626,-60.864582,NaN
2020-09-09T12:00:00Z,0.0,-64.15626,-60.864582,NaN
2020-09-10T12:00:00Z,0.0,-64.15626,-60.864582,NaN
2020-09-11T12:00:00Z,0.0,-64.15626,-60.864582,NaN
2020-09-12T12:00:00Z,0.0,-64.15626,-60.864582,NaN
2020-09-13T12:00:00Z,0.0,-64.15626,-60.864582,NaN
2020-09-14T12:00:00Z,0.0,-64.15626,-60.864582,NaN
2020-09-15T12:00:00Z,0.0,-64.15626,-60.864582,NaN
2020-09-16T12:00:00Z,0.0,-64.15626,-60.864582,NaN
2020-09-17T12:00:00Z,0.0,-64.15626,-60.864582,NaN
2020-09-18T12:00:00Z,0.0,-64.15626,-60.864582,NaN
2020-09-19T12:00:00Z,0.0,-64.15626,-60.864582,NaN
2020-09-20T12:00:00Z,0.0,-64.15626,-60.864582,NaN
2020-09-21T12:00:00Z,0.0,-64.15626,-60.864582,NaN
2020-09-22T12:00:00Z,0.0,-64.15626,-60.864582,NaN
2020-09-23T12:00:00Z,0.0,-64.15626,-60.864582,NaN
2020-09-24T12:00:00Z,0.0,-64.15626,-60.864582,NaN
2020-09-25T12:00:00Z,0.0,-64.15626,-60.864582,NaN
2020-09-26T12:00:00Z,0.0,-64.15626,-60.864582,NaN
2020-09-27T12:00:00Z,0.0,-64.15626,-60.864582,NaN
2020-09-28T12:00:00Z,0.0,-64.15626,-60.864582,NaN
2020-09-29T12:00:00Z,0.0,-64.15626,-60.864582,NaN
2020-09-30T12:00:00Z,0.0,-64.15626,-60.864582,NaN
2020-10-01T12:00:00Z,0.0,-64.15626,-60.864582,NaN
2020-10-02T12:00:00Z,0.0,-64.15626,-60.864582,NaN
2020-10-03T12:00:00Z,0.0,-64.15626,-60.864582,NaN
2020-10-04T12:00:00Z,0.0,-64.15626,-60.864582,NaN
2020-10-05T12:00:00Z,0.0,-64.15626,-60.864582,NaN
2020-10-06T12:00:00Z,0.0,-64.15626,-60.864582,NaN
2020-10-07T12:00:00Z,0.0,-64.15626,-60.864582,NaN
2020-10-08T12:00:00Z,0.0,-64.15626,-60.864582,NaN
2020-10-09T12:00:00Z,0.0,-64.15626,-60.864582,NaN
2020-10-10T12:00:00Z,0.0,-64.15626,-60.864582,NaN
2020-10-11T12:00:00Z,0.0,-64.15626,-60.864582,NaN
2020-10-12T12:00:00Z,0.0,-64.15626,-60.864582,NaN
2020-10-13T12:00:00Z,0.0,-64.15626,-60.864582,NaN
2020-10-14T12:00:00Z,0.0,-64.15626,-60.864582,NaN
2020-10-15T12:00:00Z,0.0,-64.15626,-60.864582,NaN
2020-10-16T12:00:00Z,0.0,-64.15626,-60.864582,NaN
2020-10-17T12:00:00Z,0.0,-64.15626,-60.864582,NaN
2020-10-18T12:00:00Z,0.0,-64.15626,-60.864582,0.1641148
2020-10-19T12:00:00Z,0.0,-64.15626,-60.864582,0.1642877
2020-10-20T12:00:00Z,0.0,-64.15626,-60.864582,0.16388555
2020-10-21T12:00:00Z,0.0,-64.15626,-60.864582,0.16416699
2020-10-22T12:00:00Z,0.0,-64.15626,-60.864582,0.16485049
2020-10-23T12:00:00Z,0.0,-64.15626,-60.864582,0.16526443
2020-10-24T12:00:00Z,0.0,-64.15626,-60.864582,0.16628762
2020-10-25T12:00:00Z,0.0,-64.15626,-60.864582,0.16626205
2020-10-26T12:00:00Z,0.0,-64.15626,-60.864582,0.16681919
2020-10-27T12:00:00Z,0.0,-64.15626,-60.864582,0.16658746
2020-10-28T12:00:00Z,0.0,-64.15626,-60.864582,0.20023522
2020-10-29T12:00:00Z,0.0,-64.15626,-60.864582,0.16770837
2020-10-30T12:00:00Z,0.0,-64.15626,-60.864582,0.16762812
2020-10-31T12:00:00Z,0.0,-64.15626,-60.864582,0.18066993
2020-11-01T12:00:00Z,0.0,-64.15626,-60.864582,0.16760238
2020-11-02T12:00:00Z,0.0,-64.15626,-60.864582,0.16796307
2020-11-03T12:00:00Z,0.0,-64.15626,-60.864582,0.18866876
2020-11-04T12:00:00Z,0.0,-64.15626,-60.864582,0.1895344
2020-11-05T12:00:00Z,0.0,-64.15626,-60.864582,0.19148448
2020-11-06T12:00:00Z,0.0,-64.15626,-60.864582,0.18353045
2020-11-07T12:00:00Z,0.0,-64.15626,-60.864582,0.1913636
2020-11-08T12:00:00Z,0.0,-64.15626,-60.864582,0.18155394
2020-11-09T12:00:00Z,0.0,-64.15626,-60.864582,0.18666202
2020-11-10T12:00:00Z,0.0,-64.15626,-60.864582,0.19180402
2020-11-11T12:00:00Z,0.0,-64.15626,-60.864582,0.1894309
2020-11-12T12:00:00Z,0.0,-64.15626,-60.864582,0.18252172
2020-11-13T12:00:00Z,0.0,-64.15626,-60.864582,0.19290233
2020-11-14T12:00:00Z,0.0,-64.15626,-60.864582,0.19019748
2020-11-15T12:00:00Z,0.0,-64.15626,-60.864582,0.18727595
2020-11-16T12:00:00Z,0.0,-64.15626,-60.864582,0.186969
2020-11-17T12:00:00Z,0.0,-64.15626,-60.864582,0.1591152
2020-11-18T12:00:00Z,0.0,-64.15626,-60.864582,0.15797086
2020-11-19T12:00:00Z,0.0,-64.15626,-60.864582,0.15690467
2020-11-20T12:00:00Z,0.0,-64.15626,-60.864582,0.15415446
2020-11-21T12:00:00Z,0.0,-64.15626,-60.864582,0.16013163
2020-11-22T12:00:00Z,0.0,-64.15626,-60.864582,0.14802025
2020-11-23T12:00:00Z,0.0,-64.15626,-60.864582,0.13724147
2020-11-24T12:00:00Z,0.0,-64.15626,-60.864582,0.04478988
2020-11-25T12:00:00Z,0.0,-64.15626,-60.864582,0.0411866
2020-11-26T12:00:00Z,0.0,-64.15626,-60.864582,0.056672122
2020-11-27T12:00:00Z,0.0,-64.15626,-60.864582,0.044653777
2020-11-28T12:00:00Z,0.0,-64.15626,-60.864582,0.059999935
2020-11-29T12:00:00Z,0.0,-64.15626,-60.864582,0.14543872
2020-11-30T12:00:00Z,0.0,-64.15626,-60.864582,0.16211343
2020-12-01T12:00:00Z,0.0,-64.15626,-60.864582,0.1543172
2020-12-02T12:00:00Z,0.0,-64.15626,-60.864582,0.17021836
2020-12-03T12:00:00Z,0.0,-64.15626,-60.864582,0.2263786
2020-12-04T12:00:00Z,0.0,-64.15626,-60.864582,0.2728866
2020-12-05T12:00:00Z,0.0,-64.15626,-60.864582,0.25869694
2020-12-06T12:00:00Z,0.0,-64.15626,-60.864582,0.2696108
2020-12-07T12:00:00Z,0.0,-64.15626,-60.864582,0.35697907
2020-12-08T12:00:00Z,0.0,-64.15626,-60.864582,0.5126465
2020-12-09T12:00:00Z,0.0,-64.15626,-60.864582,0.33000332
2020-12-10T12:00:00Z,0.0,-64.15626,-60.864582,0.36264625
2020-12-11T12:00:00Z,0.0,-64.15626,-60.864582,0.44575915
2020-12-12T12:00:00Z,0.0,-64.15626,-60.864582,0.4595641
2020-12-13T12:00:00Z,0.0,-64.15626,-60.864582,0.46385306
2020-12-14T12:00:00Z,0.0,-64.15626,-60.864582,0.47278902
2020-12-15T12:00:00Z,0.0,-64.15626,-60.864582,0.37582746
2020-12-16T12:00:00Z,0.0,-64.15626,-60.864582,0.40791383
2020-12-17T12:00:00Z,0.0,-64.15626,-60.864582,0.33396062
2020-12-18T12:00:00Z,0.0,-64.15626,-60.864582,0.27450293
2020-12-19T12:00:00Z,0.0,-64.15626,-60.864582,0.28764352
2020-12-20T12:00:00Z,0.0,-64.15626,-60.864582,0.29138875
2020-12-21T12:00:00Z,0.0,-64.15626,-60.864582,0.3078394
2020-12-22T12:00:00Z,0.0,-64.15626,-60.864582,0.29335505
2020-12-23T12:00:00Z,0.0,-64.15626,-60.864582,0.28946626
2020-12-24T12:00:00Z,0.0,-64.15626,-60.864582,0.30050474
2020-12-25T12:00:00Z,0.0,-64.15626,-60.864582,0.30692992
2020-12-26T12:00:00Z,0.0,-64.15626,-60.864582,0.18434086
2020-12-27T12:00:00Z,0.0,-64.15626,-60.864582,0.17761461
2020-12-28T12:00:00Z,0.0,-64.15626,-60.864582,0.17837645
2020-12-29T12:00:00Z,0.0,-64.15626,-60.864582,0.2137103
2020-12-30T12:00:00Z,0.0,-64.15626,-60.864582,0.23923375
2020-12-31T12:00:00Z,0.0,-64.15626,-60.864582,0.23782922
2021-01-01T12:00:00Z,0.0,-64.15626,-60.864582,0.24039245
2021-01-02T12:00:00Z,0.0,-64.15626,-60.864582,0.24612105
2021-01-03T12:00:00Z,0.0,-64.15626,-60.864582,0.24480073
2021-01-04T12:00:00Z,0.0,-64.15626,-60.864582,0.24771361
2021-01-05T12:00:00Z,0.0,-64.15626,-60.864582,0.24862045
2021-01-06T12:00:00Z,0.0,-64.15626,-60.864582,0.27243826
2021-01-07T12:00:00Z,0.0,-64.15626,-60.864582,0.2795373
2021-01-08T12:00:00Z,0.0,-64.15626,-60.864582,0.28192994
2021-01-09T12:00:00Z,0.0,-64.15626,-60.864582,0.2862403
2021-01-10T12:00:00Z,0.0,-64.15626,-60.864582,0.28765535
2021-01-11T12:00:00Z,0.0,-64.15626,-60.864582,0.28761888
2021-01-12T12:00:00Z,0.0,-64.15626,-60.864582,0.2702043
2021-01-13T12:00:00Z,0.0,-64.15626,-60.864582,0.27202976
2021-01-14T12:00:00Z,0.0,-64.15626,-60.864582,0.26572886
2021-01-15T12:00:00Z,0.0,-64.15626,-60.864582,0.2673737
2021-01-16T12:00:00Z,0.0,-64.15626,-60.864582,0.26957244
2021-01-17T12:00:00Z,0.0,-64.15626,-60.864582,0.24459955
2021-01-18T12:00:00Z,0.0,-64.15626,-60.864582,0.24458925
2021-01-19T12:00:00Z,0.0,-64.15626,-60.864582,0.22920768
2021-01-20T12:00:00Z,0.0,-64.15626,-60.864582,0.22672068
2021-01-21T12:00:00Z,0.0,-64.15626,-60.864582,0.22611272
2021-01-22T12:00:00Z,0.0,-64.15626,-60.864582,0.27422565
2021-01-23T12:00:00Z,0.0,-64.15626,-60.864582,0.27733392
2021-01-24T12:00:00Z,0.0,-64.15626,-60.864582,0.27780652
2021-01-25T12:00:00Z,0.0,-64.15626,-60.864582,0.27597797
2021-01-26T12:00:00Z,0.0,-64.15626,-60.864582,0.2785834
2021-01-27T12:00:00Z,0.0,-64.15626,-60.864582,0.28053212
2021-01-28T12:00:00Z,0.0,-64.15626,-60.864582,0.2818204
2021-01-29T12:00:00Z,0.0,-64.15626,-60.864582,0.30270043
2021-01-30T12:00:00Z,0.0,-64.15626,-60.864582,0.31268388
2021-01-31T12:00:00Z,0.0,-64.15626,-60.864582,0.25009397
2021-02-01T12:00:00Z,0.0,-64.15626,-60.864582,0.25100502
2021-02-02T12:00:00Z,0.0,-64.15626,-60.864582,0.21598086
2021-02-03T12:00:00Z,0.0,-64.15626,-60.864582,0.18391542
2021-02-04T12:00:00Z,0.0,-64.15626,-60.864582,0.18311904
2021-02-05T12:00:00Z,0.0,-64.15626,-60.864582,0.17999247
2021-02-06T12:00:00Z,0.0,-64.15626,-60.864582,0.17793745
2021-02-07T12:00:00Z,0.0,-64.15626,-60.864582,0.16481021
2021-02-08T12:00:00Z,0.0,-64.15626,-60.864582,0.15926343
2021-02-09T12:00:00Z,0.0,-64.15626,-60.864582,0.15739198
2021-02-10T12:00:00Z,0.0,-64.15626,-60.864582,0.14667742
2021-02-11T12:00:00Z,0.0,-64.15626,-60.864582,0.14265285
2021-02-12T12:00:00Z,0.0,-64.15626,-60.864582,0.13473347
2021-02-13T12:00:00Z,0.0,-64.15626,-60.864582,0.13285424
2021-02-14T12:00:00Z,0.0,-64.15626,-60.864582,0.1384555
2021-02-15T12:00:00Z,0.0,-64.15626,-60.864582,0.12814508
2021-02-16T12:00:00Z,0.0,-64.15626,-60.864582,0.1269615
2021-02-17T12:00:00Z,0.0,-64.15626,-60.864582,0.116518684
2021-02-18T12:00:00Z,0.0,-64.15626,-60.864582,0.07373046
2021-02-19T12:00:00Z,0.0,-64.15626,-60.864582,0.07372122
2021-02-20T12:00:00Z,0.0,-64.15626,-60.864582,0.10551668
2021-02-21T12:00:00Z,0.0,-64.15626,-60.864582,0.17185944
2021-02-22T12:00:00Z,0.0,-64.15626,-60.864582,0.16618149
2021-02-23T12:00:00Z,0.0,-64.15626,-60.864582,0.34302703
2021-02-24T12:00:00Z,0.0,-64.15626,-60.864582,0.34892222
2021-02-25T12:00:00Z,0.0,-64.15626,-60.864582,0.3511926
2021-02-26T12:00:00Z,0.0,-64.15626,-60.864582,0.35121018
2021-02-27T12:00:00Z,0.0,-64.15626,-60.864582,0.3741593
2021-02-28T12:00:00Z,0.0,-64.15626,-60.864582,0.3174047
2021-03-01T12:00:00Z,0.0,-64.15626,-60.864582,0.27249095
2021-03-02T12:00:00Z,0.0,-64.15626,-60.864582,0.27615362
2021-03-03T12:00:00Z,0.0,-64.15626,-60.864582,0.284016
2021-03-04T12:00:00Z,0.0,-64.15626,-60.864582,0.28976083
2021-03-05T12:00:00Z,0.0,-64.15626,-60.864582,0.2390703
2021-03-06T12:00:00Z,0.0,-64.15626,-60.864582,0.23758392
2021-03-07T12:00:00Z,0.0,-64.15626,-60.864582,0.2315184
2021-03-08T12:00:00Z,0.0,-64.15626,-60.864582,0.2284635
2021-03-09T12:00:00Z,0.0,-64.15626,-60.864582,0.2237687
2021-03-10T12:00:00Z,0.0,-64.15626,-60.864582,0.21035177
2021-03-11T12:00:00Z,0.0,-64.15626,-60.864582,0.21189141
2021-03-12T12:00:00Z,0.0,-64.15626,-60.864582,0.208983
2021-03-13T12:00:00Z,0.0,-64.15626,-60.864582,0.20990974
2021-03-14T12:00:00Z,0.0,-64.15626,-60.864582,0.21995199
2021-03-15T12:00:00Z,0.0,-64.15626,-60.864582,0.21719484
2021-03-16T12:00:00Z,0.0,-64.15626,-60.864582,0.2271677
2021-03-17T12:00:00Z,0.0,-64.15626,-60.864582,NaN
2021-03-18T12:00:00Z,0.0,-64.15626,-60.864582,NaN
2021-03-19T12:00:00Z,0.0,-64.15626,-60.864582,NaN
2021-03-20T12:00:00Z,0.0,-64.15626,-60.864582,NaN
2021-03-21T12:00:00Z,0.0,-64.15626,-60.864582,NaN
2021-03-22T12:00:00Z,0.0,-64.15626,-60.864582,NaN
2021-03-23T12:00:00Z,0.0,-64.15626,-60.864582,NaN
2021-03-24T12:00:00Z,0.0,-64.15626,-60.864582,NaN
2021-03-25T12:00:00Z,0.0,-64.15626,-60.864582,NaN
2021-03-26T12:00:00Z,0.0,-64.15626,-60.864582,NaN
2021-03-27T12:00:00Z,0.0,-64.15626,-60.864582,NaN
2021-03-28T12:00:00Z,0.0,-64.15626,-60.864582,NaN
2021-03-29T12:00:00Z,0.0,-64.15626,-60.864582,NaN
2021-03-30T12:00:00Z,0.0,-64.15626,-60.864582,NaN
2021-03-31T12:00:00Z,0.0,-64.15626,-60.864582,NaN
2021-04-01T12:00:00Z,0.0,-64.15626,-60.864582,NaN
2021-04-02T12:00:00Z,0.0,-64.15626,-60.864582,NaN
2021-04-03T12:00:00Z,0.0,-64.15626,-60.864582,NaN
2021-04-04T12:00:00Z,0.0,-64.15626,-60.864582,NaN
2021-04-05T12:00:00Z,0.0,-64.15626,-60.864582,NaN
2021-04-06T12:00:00Z,0.0,-64.15626,-60.864582,NaN
2021-04-07T12:00:00Z,0.0,-64.15626,-60.864582,NaN
2021-04-08T12:00:00Z,0.0,-64.15626,-60.864582,NaN
2021-04-09T12:00:00Z,0.0,-64.15626,-60.864582,NaN
2021-04-10T12:00:00Z,0.0,-64.15626,-60.864582,NaN
2021-04-11T12:00:00Z,0.0,-64.15626,-60.864582,NaN
2021-04-12T12:00:00Z,0.0,-64.15626,-60.864582,NaN
2021-04-13T12:00:00Z,0.0,-64.15626,-60.864582,NaN
2021-04-14T12:00:00Z,0.0,-64.15626,-60.864582,NaN
2021-04-15T12:00:00Z,0.0,-64.15626,-60.864582,NaN
2021-04-16T12:00:00Z,0.0,-64.15626,-60.864582,NaN
2021-04-17T12:00:00Z,0.0,-64.15626,-60.864582,NaN
2021-04-18T12:00:00Z,0.0,-64.15626,-60.864582,NaN
2021-04-19T12:00:00Z,0.0,-64.15626,-60.864582,NaN
2021-04-20T12:00:00Z,0.0,-64.15626,-60.864582,NaN
2021-04-21T12:00:00Z,0.0,-64.15626,-60.864582,NaN
2021-04-22T12:00:00Z,0.0,-64.15626,-60.864582,NaN
2021-04-23T12:00:00Z,0.0,-64.15626,-60.864582,NaN
2021-04-24T12:00:00Z,0.0,-64.15626,-60.864582,NaN
2021-04-25T12:00:00Z,0.0,-64.15626,-60.864582,NaN
2021-04-26T12:00:00Z,0.0,-64.15626,-60.864582,NaN
2021-04-27T12:00:00Z,0.0,-64.15626,-60.864582,NaN
2021-04-28T12:00:00Z,0.0,-64.15626,-60.864582,NaN
2021-04-29T12:00:00Z,0.0,-64.15626,-60.864582,NaN
2021-04-30T12:00:00Z,0.0,-64.15626,-60.864582,NaN
2021-05-01T12:00:00Z,0.0,-64.15626,-60.864582,NaN
2021-05-02T12:00:00Z,0.0,-64.15626,-60.864582,NaN
2021-05-03T12:00:00Z,0.0,-64.15626,-60.864582,NaN
2021-05-04T12:00:00Z,0.0,-64.15626,-60.864582,NaN
2021-05-05T12:00:00Z,0.0,-64.15626,-60.864582,NaN
2021-05-06T12:00:00Z,0.0,-64.15626,-60.864582,NaN
2021-05-07T12:00:00Z,0.0,-64.15626,-60.864582,NaN
2021-05-08T12:00:00Z,0.0,-64.15626,-60.864582,NaN
2021-05-09T12:00:00Z,0.0,-64.15626,-60.864582,NaN
2021-05-10T12:00:00Z,0.0,-64.15626,-60.864582,NaN
2021-05-11T12:00:00Z,0.0,-64.15626,-60.864582,NaN
2021-05-12T12:00:00Z,0.0,-64.15626,-60.864582,NaN
2021-05-13T12:00:00Z,0.0,-64.15626,-60.864582,NaN
2021-05-14T12:00:00Z,0.0,-64.15626,-60.864582,NaN
2021-05-15T12:00:00Z,0.0,-64.15626,-60.864582,NaN
2021-05-16T12:00:00Z,0.0,-64.15626,-60.864582,NaN
2021-05-17T12:00:00Z,0.0,-64.15626,-60.864582,NaN
2021-05-18T12:00:00Z,0.0,-64.15626,-60.864582,NaN
2021-05-19T12:00:00Z,0.0,-64.15626,-60.864582,NaN
2021-05-20T12:00:00Z,0.0,-64.15626,-60.864582,NaN
2021-05-21T12:00:00Z,0.0,-64.15626,-60.864582,NaN
2021-05-22T12:00:00Z,0.0,-64.15626,-60.864582,NaN
2021-05-23T12:00:00Z,0.0,-64.15626,-60.864582,NaN
2021-05-24T12:00:00Z,0.0,-64.15626,-60.864582,NaN
2021-05-25T12:00:00Z,0.0,-64.15626,-60.864582,NaN
2021-05-26T12:00:00Z,0.0,-64.15626,-60.864582,NaN
2021-05-27T12:00:00Z,0.0,-64.15626,-60.864582,NaN
2021-05-28T12:00:00Z,0.0,-64.15626,-60.864582,NaN
2021-05-29T12:00:00Z,0.0,-64.15626,-60.864582,NaN
2021-05-30T12:00:00Z,0.0,-64.15626,-60.864582,NaN
2021-05-31T12:00:00Z,0.0,-64.15626,-60.864582,NaN
2021-06-01T12:00:00Z,0.0,-64.15626,-60.864582,NaN
2021-06-02T12:00:00Z,0.0,-64.15626,-60.864582,NaN
2021-06-03T12:00:00Z,0.0,-64.15626,-60.864582,NaN
2021-06-04T12:00:00Z,0.0,-64.15626,-60.864582,NaN
2021-06-05T12:00:00Z,0.0,-64.15626,-60.864582,NaN
2021-06-06T12:00:00Z,0.0,-64.15626,-60.864582,NaN
2021-06-07T12:00:00Z,0.0,-64.15626,-60.864582,NaN
2021-06-08T12:00:00Z,0.0,-64.15626,-60.864582,NaN
2021-06-09T12:00:00Z,0.0,-64.15626,-60.864582,NaN
2021-06-10T12:00:00Z,0.0,-64.15626,-60.864582,NaN
2021-06-11T12:00:00Z,0.0,-64.15626,-60.864582,NaN
2021-06-12T12:00:00Z,0.0,-64.15626,-60.864582,NaN
2021-06-13T12:00:00Z,0.0,-64.15626,-60.864582,NaN
2021-06-14T12:00:00Z,0.0,-64.15626,-60.864582,NaN
2021-06-15T12:00:00Z,0.0,-64.15626,-60.864582,NaN
2021-06-16T12:00:00Z,0.0,-64.15626,-60.864582,NaN
2021-06-17T12:00:00Z,0.0,-64.15626,-60.864582,NaN
2021-06-18T12:00:00Z,0.0,-64.15626,-60.864582,NaN
2021-06-19T12:00:00Z,0.0,-64.15626,-60.864582,NaN
2021-06-20T12:00:00Z,0.0,-64.15626,-60.864582,NaN
2021-06-21T12:00:00Z,0.0,-64.15626,-60.864582,NaN
2021-06-22T12:00:00Z,0.0,-64.15626,-60.864582,NaN
2021-06-23T12:00:00Z,0.0,-64.15626,-60.864582,NaN
2021-06-24T12:00:00Z,0.0,-64.15626,-60.864582,NaN
2021-06-25T12:00:00Z,0.0,-64.15626,-60.864582,NaN
2021-06-26T12:00:00Z,0.0,-64.15626,-60.864582,NaN
2021-06-27T12:00:00Z,0.0,-64.15626,-60.864582,NaN
2021-06-28T12:00:00Z,0.0,-64.15626,-60.864582,NaN
2021-06-29T12:00:00Z,0.0,-64.15626,-60.864582,NaN
2021-06-30T12:00:00Z,0.0,-64.15626,-60.864582,NaN
2021-07-01T12:00:00Z,0.0,-64.15626,-60.864582,NaN
2021-07-02T12:00:00Z,0.0,-64.15626,-60.864582,NaN
2021-07-03T12:00:00Z,0.0,-64.15626,-60.864582,NaN
2021-07-04T12:00:00Z,0.0,-64.15626,-60.864582,NaN
2021-07-05T12:00:00Z,0.0,-64.15626,-60.864582,NaN
2021-07-06T12:00:00Z,0.0,-64.15626,-60.864582,NaN
2021-07-07T12:00:00Z,0.0,-64.15626,-60.864582,NaN
2021-07-08T12:00:00Z,0.0,-64.15626,-60.864582,NaN
2021-07-09T12:00:00Z,0.0,-64.15626,-60.864582,NaN
2021-07-10T12:00:00Z,0.0,-64.15626,-60.864582,NaN
2021-07-11T12:00:00Z,0.0,-64.15626,-60.864582,NaN
2021-07-12T12:00:00Z,0.0,-64.15626,-60.864582,NaN
2021-07-13T12:00:00Z,0.0,-64.15626,-60.864582,NaN
2021-07-14T12:00:00Z,0.0,-64.15626,-60.864582,NaN
2021-07-15T12:00:00Z,0.0,-64.15626,-60.864582,NaN
2021-07-16T12:00:00Z,0.0,-64.15626,-60.864582,NaN
2021-07-17T12:00:00Z,0.0,-64.15626,-60.864582,NaN
2021-07-18T12:00:00Z,0.0,-64.15626,-60.864582,NaN
2021-07-19T12:00:00Z,0.0,-64.15626,-60.864582,NaN
2021-07-20T12:00:00Z,0.0,-64.15626,-60.864582,NaN
2021-07-21T12:00:00Z,0.0,-64.15626,-60.864582,NaN
2021-07-22T12:00:00Z,0.0,-64.15626,-60.864582,NaN
2021-07-23T12:00:00Z,0.0,-64.15626,-60.864582,NaN
2021-07-24T12:00:00Z,0.0,-64.15626,-60.864582,NaN
2021-07-25T12:00:00Z,0.0,-64.15626,-60.864582,NaN
2021-07-26T12:00:00Z,0.0,-64.15626,-60.864582,NaN
2021-07-27T12:00:00Z,0.0,-64.15626,-60.864582,NaN
2021-07-28T12:00:00Z,0.0,-64.15626,-60.864582,NaN
2021-07-29T12:00:00Z,0.0,-64.15626,-60.864582,NaN
2021-07-30T12:00:00Z,0.0,-64.15626,-60.864582,NaN
2021-07-31T12:00:00Z,0.0,-64.15626,-60.864582,NaN
2021-08-01T12:00:00Z,0.0,-64.15626,-60.864582,NaN
2021-08-02T12:00:00Z,0.0,-64.15626,-60.864582,NaN
2021-08-03T12:00:00Z,0.0,-64.15626,-60.864582,NaN
2021-08-04T12:00:00Z,0.0,-64.15626,-60.864582,NaN
2021-08-05T12:00:00Z,0.0,-64.15626,-60.864582,NaN
2021-08-06T12:00:00Z,0.0,-64.15626,-60.864582,NaN
2021-08-07T12:00:00Z,0.0,-64.15626,-60.864582,NaN
2021-08-08T12:00:00Z,0.0,-64.15626,-60.864582,NaN
2021-08-09T12:00:00Z,0.0,-64.15626,-60.864582,NaN
2021-08-10T12:00:00Z,0.0,-64.15626,-60.864582,NaN
2021-08-11T12:00:00Z,0.0,-64.15626,-60.864582,NaN
2021-08-12T12:00:00Z,0.0,-64.15626,-60.864582,NaN
2021-08-13T12:00:00Z,0.0,-64.15626,-60.864582,NaN
2021-08-14T12:00:00Z,0.0,-64.15626,-60.864582,NaN
2021-08-15T12:00:00Z,0.0,-64.15626,-60.864582,NaN
2021-08-16T12:00:00Z,0.0,-64.15626,-60.864582,NaN
2021-08-17T12:00:00Z,0.0,-64.15626,-60.864582,NaN
2021-08-18T12:00:00Z,0.0,-64.15626,-60.864582,NaN
2021-08-19T12:00:00Z,0.0,-64.15626,-60.864582,NaN
2021-08-20T12:00:00Z,0.0,-64.15626,-60.864582,NaN
2021-08-21T12:00:00Z,0.0,-64.15626,-60.864582,NaN
2021-08-22T12:00:00Z,0.0,-64.15626,-60.864582,NaN
2021-08-23T12:00:00Z,0.0,-64.15626,-60.864582,NaN
2021-08-24T12:00:00Z,0.0,-64.15626,-60.864582,NaN
2021-08-25T12:00:00Z,0.0,-64.15626,-60.864582,NaN
2021-08-26T12:00:00Z,0.0,-64.15626,-60.864582,NaN
2021-08-27T12:00:00Z,0.0,-64.15626,-60.864582,NaN
2021-08-28T12:00:00Z,0.0,-64.15626,-60.864582,NaN
2021-08-29T12:00:00Z,0.0,-64.15626,-60.864582,NaN
2021-08-30T12:00:00Z,0.0,-64.15626,-60.864582,NaN
2021-08-31T12:00:00Z,0.0,-64.15626,-60.864582,NaN
2021-09-01T12:00:00Z,0.0,-64.15626,-60.864582,NaN
2021-09-02T12:00:00Z,0.0,-64.15626,-60.864582,NaN
2021-09-03T12:00:00Z,0.0,-64.15626,-60.864582,NaN
2021-09-04T12:00:00Z,0.0,-64.15626,-60.864582,NaN
2021-09-05T12:00:00Z,0.0,-64.15626,-60.864582,NaN
2021-09-06T12:00:00Z,0.0,-64.15626,-60.864582,NaN
2021-09-07T12:00:00Z,0.0,-64.15626,-60.864582,NaN
2021-09-08T12:00:00Z,0.0,-64.15626,-60.864582,NaN
2021-09-09T12:00:00Z,0.0,-64.15626,-60.864582,NaN
2021-09-10T12:00:00Z,0.0,-64.15626,-60.864582,NaN
2021-09-11T12:00:00Z,0.0,-64.15626,-60.864582,NaN
2021-09-12T12:00:00Z,0.0,-64.15626,-60.864582,NaN
2021-09-13T12:00:00Z,0.0,-64.15626,-60.864582,NaN
2021-09-14T12:00:00Z,0.0,-64.15626,-60.864582,NaN
2021-09-15T12:00:00Z,0.0,-64.15626,-60.864582,NaN
2021-09-16T12:00:00Z,0.0,-64.15626,-60.864582,NaN
2021-09-17T12:00:00Z,0.0,-64.15626,-60.864582,NaN
2021-09-18T12:00:00Z,0.0,-64.15626,-60.864582,NaN
2021-09-19T12:00:00Z,0.0,-64.15626,-60.864582,NaN
2021-09-20T12:00:00Z,0.0,-64.15626,-60.864582,NaN
2021-09-21T12:00:00Z,0.0,-64.15626,-60.864582,NaN
2021-09-22T12:00:00Z,0.0,-64.15626,-60.864582,NaN
2021-09-23T12:00:00Z,0.0,-64.15626,-60.864582,NaN
2021-09-24T12:00:00Z,0.0,-64.15626,-60.864582,NaN
2021-09-25T12:00:00Z,0.0,-64.15626,-60.864582,NaN
2021-09-26T12:00:00Z,0.0,-64.15626,-60.864582,NaN
2021-09-27T12:00:00Z,0.0,-64.15626,-60.864582,NaN
2021-09-28T12:00:00Z,0.0,-64.15626,-60.864582,NaN
2021-09-29T12:00:00Z,0.0,-64.15626,-60.864582,NaN
2021-09-30T12:00:00Z,0.0,-64.15626,-60.864582,NaN
2021-10-01T12:00:00Z,0.0,-64.15626,-60.864582,NaN
2021-10-02T12:00:00Z,0.0,-64.15626,-60.864582,NaN
2021-10-03T12:00:00Z,0.0,-64.15626,-60.864582,NaN
2021-10-04T12:00:00Z,0.0,-64.15626,-60.864582,NaN
2021-10-05T12:00:00Z,0.0,-64.15626,-60.864582,NaN
2021-10-06T12:00:00Z,0.0,-64.15626,-60.864582,NaN
2021-10-07T12:00:00Z,0.0,-64.15626,-60.864582,NaN
2021-10-08T12:00:00Z,0.0,-64.15626,-60.864582,NaN
2021-10-09T12:00:00Z,0.0,-64.15626,-60.864582,NaN
2021-10-10T12:00:00Z,0.0,-64.15626,-60.864582,NaN
2021-10-11T12:00:00Z,0.0,-64.15626,-60.864582,NaN
2021-10-12T12:00:00Z,0.0,-64.15626,-60.864582,NaN
2021-10-13T12:00:00Z,0.0,-64.15626,-60.864582,NaN
2021-10-14T12:00:00Z,0.0,-64.15626,-60.864582,NaN
2021-10-15T12:00:00Z,0.0,-64.15626,-60.864582,NaN
2021-10-16T12:00:00Z,0.0,-64.15626,-60.864582,NaN
2021-10-17T12:00:00Z,0.0,-64.15626,-60.864582,NaN
2021-10-18T12:00:00Z,0.0,-64.15626,-60.864582,NaN
2021-10-19T12:00:00Z,0.0,-64.15626,-60.864582,0.14533646
2021-10-20T12:00:00Z,0.0,-64.15626,-60.864582,0.1567039
2021-10-21T12:00:00Z,0.0,-64.15626,-60.864582,0.1442754
2021-10-22T12:00:00Z,0.0,-64.15626,-60.864582,0.14137813
2021-10-23T12:00:00Z,0.0,-64.15626,-60.864582,0.17668992
2021-10-24T12:00:00Z,0.0,-64.15626,-60.864582,0.18754406
2021-10-25T12:00:00Z,0.0,-64.15626,-60.864582,0.18316534
2021-10-26T12:00:00Z,0.0,-64.15626,-60.864582,0.26503474
2021-10-27T12:00:00Z,0.0,-64.15626,-60.864582,0.25731537
2021-10-28T12:00:00Z,0.0,-64.15626,-60.864582,0.24726613
2021-10-29T12:00:00Z,0.0,-64.15626,-60.864582,0.25274166
2021-10-30T12:00:00Z,0.0,-64.15626,-60.864582,0.26882893
2021-10-31T12:00:00Z,0.0,-64.15626,-60.864582,0.2732133
2021-11-01T12:00:00Z,0.0,-64.15626,-60.864582,0.23955132
2021-11-02T12:00:00Z,0.0,-64.15626,-60.864582,0.24592857
2021-11-03T12:00:00Z,0.0,-64.15626,-60.864582,0.24637818
2021-11-04T12:00:00Z,0.0,-64.15626,-60.864582,0.24795419
2021-11-05T12:00:00Z,0.0,-64.15626,-60.864582,0.257226
2021-11-06T12:00:00Z,0.0,-64.15626,-60.864582,0.27204254
2021-11-07T12:00:00Z,0.0,-64.15626,-60.864582,0.20964158
2021-11-08T12:00:00Z,0.0,-64.15626,-60.864582,0.24592723
2021-11-09T12:00:00Z,0.0,-64.15626,-60.864582,0.20261304
2021-11-10T12:00:00Z,0.0,-64.15626,-60.864582,0.26608527
2021-11-11T12:00:00Z,0.0,-64.15626,-60.864582,0.24482411
2021-11-12T12:00:00Z,0.0,-64.15626,-60.864582,0.25639057
2021-11-13T12:00:00Z,0.0,-64.15626,-60.864582,0.24649175
2021-11-14T12:00:00Z,0.0,-64.15626,-60.864582,0.25904688
2021-11-15T12:00:00Z,0.0,-64.15626,-60.864582,0.27089652
2021-11-16T12:00:00Z,0.0,-64.15626,-60.864582,0.2633363
2021-11-17T12:00:00Z,0.0,-64.15626,-60.864582,0.2568506
2021-11-18T12:00:00Z,0.0,-64.15626,-60.864582,0.30559218
2021-11-19T12:00:00Z,0.0,-64.15626,-60.864582,0.30094573
2021-11-20T12:00:00Z,0.0,-64.15626,-60.864582,0.3064484
2021-11-21T12:00:00Z,0.0,-64.15626,-60.864582,0.23412508
2021-11-22T12:00:00Z,0.0,-64.15626,-60.864582,0.23548366
2021-11-23T12:00:00Z,0.0,-64.15626,-60.864582,0.23309633
2021-11-24T12:00:00Z,0.0,-64.15626,-60.864582,0.23086746
2021-11-25T12:00:00Z,0.0,-64.15626,-60.864582,0.235208
2021-11-26T12:00:00Z,0.0,-64.15626,-60.864582,0.22339444
2021-11-27T12:00:00Z,0.0,-64.15626,-60.864582,0.2030079
2021-11-28T12:00:00Z,0.0,-64.15626,-60.864582,0.20683017
2021-11-29T12:00:00Z,0.0,-64.15626,-60.864582,0.19303367
2021-11-30T12:00:00Z,0.0,-64.15626,-60.864582,0.19394872
2021-12-01T12:00:00Z,0.0,-64.15626,-60.864582,0.15818782
2021-12-02T12:00:00Z,0.0,-64.15626,-60.864582,0.15868717
2021-12-03T12:00:00Z,0.0,-64.15626,-60.864582,0.14951733
2021-12-04T12:00:00Z,0.0,-64.15626,-60.864582,0.15254058
2021-12-05T12:00:00Z,0.0,-64.15626,-60.864582,0.13224255
2021-12-06T12:00:00Z,0.0,-64.15626,-60.864582,0.17491214
2021-12-07T12:00:00Z,0.0,-64.15626,-60.864582,0.17568143
2021-12-08T12:00:00Z,0.0,-64.15626,-60.864582,0.17482634
2021-12-09T12:00:00Z,0.0,-64.15626,-60.864582,0.17176194
2021-12-10T12:00:00Z,0.0,-64.15626,-60.864582,0.1725097
2021-12-11T12:00:00Z,0.0,-64.15626,-60.864582,0.16994639
2021-12-12T12:00:00Z,0.0,-64.15626,-60.864582,0.17169957
2021-12-13T12:00:00Z,0.0,-64.15626,-60.864582,0.15040115
2021-12-14T12:00:00Z,0.0,-64.15626,-60.864582,0.1513085
2021-12-15T12:00:00Z,0.0,-64.15626,-60.864582,0.15301047
2021-12-16T12:00:00Z,0.0,-64.15626,-60.864582,0.15750135
2021-12-17T12:00:00Z,0.0,-64.15626,-60.864582,0.14741448
2021-12-18T12:00:00Z,0.0,-64.15626,-60.864582,0.16287532
2021-12-19T12:00:00Z,0.0,-64.15626,-60.864582,0.15930799
2021-12-20T12:00:00Z,0.0,-64.15626,-60.864582,0.17389154
2021-12-21T12:00:00Z,0.0,-64.15626,-60.864582,0.13380148
2021-12-22T12:00:00Z,0.0,-64.15626,-60.864582,0.12836103
2021-12-23T12:00:00Z,0.0,-64.15626,-60.864582,0.1235538
2021-12-24T12:00:00Z,0.0,-64.15626,-60.864582,0.16337909
2021-12-25T12:00:00Z,0.0,-64.15626,-60.864582,0.13121839
2021-12-26T12:00:00Z,0.0,-64.15626,-60.864582,0.13197392
2021-12-27T12:00:00Z,0.0,-64.15626,-60.864582,0.13778381
2021-12-28T12:00:00Z,0.0,-64.15626,-60.864582,0.13038404
2021-12-29T12:00:00Z,0.0,-64.15626,-60.864582,0.13846138
2021-12-30T12:00:00Z,0.0,-64.15626,-60.864582,0.1407123
2021-12-31T12:00:00Z,0.0,-64.15626,-60.864582,0.12857705
2022-01-01T12:00:00Z,0.0,-64.15626,-60.864582,0.12208586
2022-01-02T12:00:00Z,0.0,-64.15626,-60.864582,0.122063
2022-01-03T12:00:00Z,0.0,-64.15626,-60.864582,0.116186045
2022-01-04T12:00:00Z,0.0,-64.15626,-60.864582,0.16494416
2022-01-05T12:00:00Z,0.0,-64.15626,-60.864582,0.17230518
2022-01-06T12:00:00Z,0.0,-64.15626,-60.864582,0.18742186
2022-01-07T12:00:00Z,0.0,-64.15626,-60.864582,0.17691988
2022-01-08T12:00:00Z,0.0,-64.15626,-60.864582,0.17484027
2022-01-09T12:00:00Z,0.0,-64.15626,-60.864582,0.18705465
2022-01-10T12:00:00Z,0.0,-64.15626,-60.864582,0.20091179
2022-01-11T12:00:00Z,0.0,-64.15626,-60.864582,0.20099798
2022-01-12T12:00:00Z,0.0,-64.15626,-60.864582,0.18719333
2022-01-13T12:00:00Z,0.0,-64.15626,-60.864582,0.18167995
2022-01-14T12:00:00Z,0.0,-64.15626,-60.864582,0.2185748
2022-01-15T12:00:00Z,0.0,-64.15626,-60.864582,0.22330076
2022-01-16T12:00:00Z,0.0,-64.15626,-60.864582,0.21727845
2022-01-17T12:00:00Z,0.0,-64.15626,-60.864582,0.20170893
2022-01-18T12:00:00Z,0.0,-64.15626,-60.864582,0.1995425
2022-01-19T12:00:00Z,0.0,-64.15626,-60.864582,0.19609866
2022-01-20T12:00:00Z,0.0,-64.15626,-60.864582,0.19790913
2022-01-21T12:00:00Z,0.0,-64.15626,-60.864582,0.19581987
2022-01-22T12:00:00Z,0.0,-64.15626,-60.864582,0.19691694
2022-01-23T12:00:00Z,0.0,-64.15626,-60.864582,0.20423014
2022-01-24T12:00:00Z,0.0,-64.15626,-60.864582,0.209847
2022-01-25T12:00:00Z,0.0,-64.15626,-60.864582,0.22948158
2022-01-26T12:00:00Z,0.0,-64.15626,-60.864582,0.22428502
2022-01-27T12:00:00Z,0.0,-64.15626,-60.864582,0.27642113
2022-01-28T12:00:00Z,0.0,-64.15626,-60.864582,0.2808915
2022-01-29T12:00:00Z,0.0,-64.15626,-60.864582,0.30010796
2022-01-30T12:00:00Z,0.0,-64.15626,-60.864582,0.26671025
2022-01-31T12:00:00Z,0.0,-64.15626,-60.864582,0.2817384
2022-02-01T12:00:00Z,0.0,-64.15626,-60.864582,0.30401012
2022-02-02T12:00:00Z,0.0,-64.15626,-60.864582,0.31462893
2022-02-03T12:00:00Z,0.0,-64.15626,-60.864582,0.4016374
2022-02-04T12:00:00Z,0.0,-64.15626,-60.864582,0.3106773
2022-02-05T12:00:00Z,0.0,-64.15626,-60.864582,0.30758443
2022-02-06T12:00:00Z,0.0,-64.15626,-60.864582,0.32929087
2022-02-07T12:00:00Z,0.0,-64.15626,-60.864582,0.33319202
2022-02-08T12:00:00Z,0.0,-64.15626,-60.864582,0.33803913
2022-02-09T12:00:00Z,0.0,-64.15626,-60.864582,0.4006361
2022-02-10T12:00:00Z,0.0,-64.15626,-60.864582,0.3896619
2022-02-11T12:00:00Z,0.0,-64.15626,-60.864582,0.39608943
2022-02-12T12:00:00Z,0.0,-64.15626,-60.864582,0.37957388
2022-02-13T12:00:00Z,0.0,-64.15626,-60.864582,0.4032183
2022-02-14T12:00:00Z,0.0,-64.15626,-60.864582,0.3788349
2022-02-15T12:00:00Z,0.0,-64.15626,-60.864582,0.40902346
2022-02-16T12:00:00Z,0.0,-64.15626,-60.864582,0.4093341
2022-02-17T12:00:00Z,0.0,-64.15626,-60.864582,0.39640847
2022-02-18T12:00:00Z,0.0,-64.15626,-60.864582,0.406814
2022-02-19T12:00:00Z,0.0,-64.15626,-60.864582,0.3239485
2022-02-20T12:00:00Z,0.0,-64.15626,-60.864582,0.32377693
2022-02-21T12:00:00Z,0.0,-64.15626,-60.864582,0.25131702
2022-02-22T12:00:00Z,0.0,-64.15626,-60.864582,0.25421816
2022-02-23T12:00:00Z,0.0,-64.15626,-60.864582,0.2335467
2022-02-24T12:00:00Z,0.0,-64.15626,-60.864582,0.22777605
2022-02-25T12:00:00Z,0.0,-64.15626,-60.864582,0.21391508
2022-02-26T12:00:00Z,0.0,-64.15626,-60.864582,0.2301626
2022-02-27T12:00:00Z,0.0,-64.15626,-60.864582,0.21695232
2022-02-28T12:00:00Z,0.0,-64.15626,-60.864582,0.20364538
2022-03-01T12:00:00Z,0.0,-64.15626,-60.864582,0.20921156
2022-03-02T12:00:00Z,0.0,-64.15626,-60.864582,0.28377908
2022-03-03T12:00:00Z,0.0,-64.15626,-60.864582,0.23996724
2022-03-04T12:00:00Z,0.0,-64.15626,-60.864582,0.24451254
2022-03-05T12:00:00Z,0.0,-64.15626,-60.864582,0.24571638
2022-03-06T12:00:00Z,0.0,-64.15626,-60.864582,0.23612076
2022-03-07T12:00:00Z,0.0,-64.15626,-60.864582,0.2178785
2022-03-08T12:00:00Z,0.0,-64.15626,-60.864582,0.19930178
2022-03-09T12:00:00Z,0.0,-64.15626,-60.864582,0.19845076
2022-03-10T12:00:00Z,0.0,-64.15626,-60.864582,0.24991067
2022-03-11T12:00:00Z,0.0,-64.15626,-60.864582,0.3208176
2022-03-12T12:00:00Z,0.0,-64.15626,-60.864582,0.30575982
2022-03-13T12:00:00Z,0.0,-64.15626,-60.864582,0.29972667
2022-03-14T12:00:00Z,0.0,-64.15626,-60.864582,0.28365138
2022-03-15T12:00:00Z,0.0,-64.15626,-60.864582,0.30105284
2022-03-16T12:00:00Z,0.0,-64.15626,-60.864582,0.29049194
2022-03-17T12:00:00Z,0.0,-64.15626,-60.864582,NaN
2022-03-18T12:00:00Z,0.0,-64.15626,-60.864582,NaN
2022-03-19T12:00:00Z,0.0,-64.15626,-60.864582,NaN
2022-03-20T12:00:00Z,0.0,-64.15626,-60.864582,NaN
2022-03-21T12:00:00Z,0.0,-64.15626,-60.864582,NaN
2022-03-22T12:00:00Z,0.0,-64.15626,-60.864582,NaN
2022-03-23T12:00:00Z,0.0,-64.15626,-60.864582,NaN
2022-03-24T12:00:00Z,0.0,-64.15626,-60.864582,NaN
2022-03-25T12:00:00Z,0.0,-64.15626,-60.864582,NaN
2022-03-26T12:00:00Z,0.0,-64.15626,-60.864582,NaN
2022-03-27T12:00:00Z,0.0,-64.15626,-60.864582,NaN
2022-03-28T12:00:00Z,0.0,-64.15626,-60.864582,NaN
2022-03-29T12:00:00Z,0.0,-64.15626,-60.864582,NaN
2022-03-30T12:00:00Z,0.0,-64.15626,-60.864582,NaN
2022-03-31T12:00:00Z,0.0,-64.15626,-60.864582,NaN
2022-04-01T12:00:00Z,0.0,-64.15626,-60.864582,NaN
2022-04-02T12:00:00Z,0.0,-64.15626,-60.864582,NaN
2022-04-03T12:00:00Z,0.0,-64.15626,-60.864582,NaN
2022-04-04T12:00:00Z,0.0,-64.15626,-60.864582,NaN
2022-04-05T12:00:00Z,0.0,-64.15626,-60.864582,NaN
2022-04-06T12:00:00Z,0.0,-64.15626,-60.864582,NaN
2022-04-07T12:00:00Z,0.0,-64.15626,-60.864582,NaN
2022-04-08T12:00:00Z,0.0,-64.15626,-60.864582,NaN
2022-04-09T12:00:00Z,0.0,-64.15626,-60.864582,NaN
2022-04-10T12:00:00Z,0.0,-64.15626,-60.864582,NaN
2022-04-11T12:00:00Z,0.0,-64.15626,-60.864582,NaN
2022-04-12T12:00:00Z,0.0,-64.15626,-60.864582,NaN
2022-04-13T12:00:00Z,0.0,-64.15626,-60.864582,NaN
2022-04-14T12:00:00Z,0.0,-64.15626,-60.864582,NaN
2022-04-15T12:00:00Z,0.0,-64.15626,-60.864582,NaN
2022-04-16T12:00:00Z,0.0,-64.15626,-60.864582,NaN
2022-04-17T12:00:00Z,0.0,-64.15626,-60.864582,NaN
2022-04-18T12:00:00Z,0.0,-64.15626,-60.864582,NaN
2022-04-19T12:00:00Z,0.0,-64.15626,-60.864582,NaN
2022-04-20T12:00:00Z,0.0,-64.15626,-60.864582,NaN
2022-04-21T12:00:00Z,0.0,-64.15626,-60.864582,NaN
2022-04-22T12:00:00Z,0.0,-64.15626,-60.864582,NaN
2022-04-23T12:00:00Z,0.0,-64.15626,-60.864582,NaN
2022-04-24T12:00:00Z,0.0,-64.15626,-60.864582,NaN
2022-04-25T12:00:00Z,0.0,-64.15626,-60.864582,NaN
2022-04-26T12:00:00Z,0.0,-64.15626,-60.864582,NaN
2022-04-27T12:00:00Z,0.0,-64.15626,-60.864582,NaN
2022-04-28T12:00:00Z,0.0,-64.15626,-60.864582,NaN
2022-04-29T12:00:00Z,0.0,-64.15626,-60.864582,NaN
2022-04-30T12:00:00Z,0.0,-64.15626,-60.864582,NaN
2022-05-01T12:00:00Z,0.0,-64.15626,-60.864582,NaN
2022-05-02T12:00:00Z,0.0,-64.15626,-60.864582,NaN
2022-05-03T12:00:00Z,0.0,-64.15626,-60.864582,NaN
2022-05-04T12:00:00Z,0.0,-64.15626,-60.864582,NaN
2022-05-05T12:00:00Z,0.0,-64.15626,-60.864582,NaN
2022-05-06T12:00:00Z,0.0,-64.15626,-60.864582,NaN
2022-05-07T12:00:00Z,0.0,-64.15626,-60.864582,NaN
2022-05-08T12:00:00Z,0.0,-64.15626,-60.864582,NaN
2022-05-09T12:00:00Z,0.0,-64.15626,-60.864582,NaN
2022-05-10T12:00:00Z,0.0,-64.15626,-60.864582,NaN
2022-05-11T12:00:00Z,0.0,-64.15626,-60.864582,NaN
2022-05-12T12:00:00Z,0.0,-64.15626,-60.864582,NaN
2022-05-13T12:00:00Z,0.0,-64.15626,-60.864582,NaN
2022-05-14T12:00:00Z,0.0,-64.15626,-60.864582,NaN
2022-05-15T12:00:00Z,0.0,-64.15626,-60.864582,NaN
2022-05-16T12:00:00Z,0.0,-64.15626,-60.864582,NaN
2022-05-17T12:00:00Z,0.0,-64.15626,-60.864582,NaN
2022-05-18T12:00:00Z,0.0,-64.15626,-60.864582,NaN
2022-05-19T12:00:00Z,0.0,-64.15626,-60.864582,NaN
2022-05-20T12:00:00Z,0.0,-64.15626,-60.864582,NaN
2022-05-21T12:00:00Z,0.0,-64.15626,-60.864582,NaN
2022-05-22T12:00:00Z,0.0,-64.15626,-60.864582,NaN
2022-05-23T12:00:00Z,0.0,-64.15626,-60.864582,NaN
2022-05-24T12:00:00Z,0.0,-64.15626,-60.864582,NaN
2022-05-25T12:00:00Z,0.0,-64.15626,-60.864582,NaN
2022-05-26T12:00:00Z,0.0,-64.15626,-60.864582,NaN
2022-05-27T12:00:00Z,0.0,-64.15626,-60.864582,NaN
2022-05-28T12:00:00Z,0.0,-64.15626,-60.864582,NaN
2022-05-29T12:00:00Z,0.0,-64.15626,-60.864582,NaN
2022-05-30T12:00:00Z,0.0,-64.15626,-60.864582,NaN
2022-05-31T12:00:00Z,0.0,-64.15626,-60.864582,NaN
2022-06-01T12:00:00Z,0.0,-64.15626,-60.864582,NaN
2022-06-02T12:00:00Z,0.0,-64.15626,-60.864582,NaN
2022-06-03T12:00:00Z,0.0,-64.15626,-60.864582,NaN
2022-06-04T12:00:00Z,0.0,-64.15626,-60.864582,NaN
2022-06-05T12:00:00Z,0.0,-64.15626,-60.864582,NaN
2022-06-06T12:00:00Z,0.0,-64.15626,-60.864582,NaN
2022-06-07T12:00:00Z,0.0,-64.15626,-60.864582,NaN
2022-06-08T12:00:00Z,0.0,-64.15626,-60.864582,NaN
2022-06-09T12:00:00Z,0.0,-64.15626,-60.864582,NaN
2022-06-10T12:00:00Z,0.0,-64.15626,-60.864582,NaN
2022-06-11T12:00:00Z,0.0,-64.15626,-60.864582,NaN
2022-06-12T12:00:00Z,0.0,-64.15626,-60.864582,NaN
2022-06-13T12:00:00Z,0.0,-64.15626,-60.864582,NaN
2022-06-14T12:00:00Z,0.0,-64.15626,-60.864582,NaN
2022-06-15T12:00:00Z,0.0,-64.15626,-60.864582,NaN
2022-06-16T12:00:00Z,0.0,-64.15626,-60.864582,NaN
2022-06-17T12:00:00Z,0.0,-64.15626,-60.864582,NaN
2022-06-18T12:00:00Z,0.0,-64.15626,-60.864582,NaN
2022-06-19T12:00:00Z,0.0,-64.15626,-60.864582,NaN
2022-06-20T12:00:00Z,0.0,-64.15626,-60.864582,NaN
2022-06-21T12:00:00Z,0.0,-64.15626,-60.864582,NaN
2022-06-22T12:00:00Z,0.0,-64.15626,-60.864582,NaN
2022-06-23T12:00:00Z,0.0,-64.15626,-60.864582,NaN
2022-06-24T12:00:00Z,0.0,-64.15626,-60.864582,NaN
2022-06-25T12:00:00Z,0.0,-64.15626,-60.864582,NaN
2022-06-26T12:00:00Z,0.0,-64.15626,-60.864582,NaN
2022-06-27T12:00:00Z,0.0,-64.15626,-60.864582,NaN
2022-06-28T12:00:00Z,0.0,-64.15626,-60.864582,NaN
2022-06-29T12:00:00Z,0.0,-64.15626,-60.864582,NaN
2022-06-30T12:00:00Z,0.0,-64.15626,-60.864582,NaN
2022-07-01T12:00:00Z,0.0,-64.15626,-60.864582,NaN
2022-07-02T12:00:00Z,0.0,-64.15626,-60.864582,NaN
2022-07-03T12:00:00Z,0.0,-64.15626,-60.864582,NaN
2022-07-04T12:00:00Z,0.0,-64.15626,-60.864582,NaN
2022-07-05T12:00:00Z,0.0,-64.15626,-60.864582,NaN
2022-07-06T12:00:00Z,0.0,-64.15626,-60.864582,NaN
2022-07-07T12:00:00Z,0.0,-64.15626,-60.864582,NaN
2022-07-08T12:00:00Z,0.0,-64.15626,-60.864582,NaN
2022-07-09T12:00:00Z,0.0,-64.15626,-60.864582,NaN
2022-07-10T12:00:00Z,0.0,-64.15626,-60.864582,NaN
2022-07-11T12:00:00Z,0.0,-64.15626,-60.864582,NaN
2022-07-12T12:00:00Z,0.0,-64.15626,-60.864582,NaN
2022-07-13T12:00:00Z,0.0,-64.15626,-60.864582,NaN
2022-07-14T12:00:00Z,0.0,-64.15626,-60.864582,NaN
2022-07-15T12:00:00Z,0.0,-64.15626,-60.864582,NaN
2022-07-16T12:00:00Z,0.0,-64.15626,-60.864582,NaN
2022-07-17T12:00:00Z,0.0,-64.15626,-60.864582,NaN
2022-07-18T12:00:00Z,0.0,-64.15626,-60.864582,NaN
2022-07-19T12:00:00Z,0.0,-64.15626,-60.864582,NaN
2022-07-20T12:00:00Z,0.0,-64.15626,-60.864582,NaN
2022-07-21T12:00:00Z,0.0,-64.15626,-60.864582,NaN
2022-07-22T12:00:00Z,0.0,-64.15626,-60.864582,NaN
2022-07-23T12:00:00Z,0.0,-64.15626,-60.864582,NaN
2022-07-24T12:00:00Z,0.0,-64.15626,-60.864582,NaN
2022-07-25T12:00:00Z,0.0,-64.15626,-60.864582,NaN
2022-07-26T12:00:00Z,0.0,-64.15626,-60.864582,NaN
2022-07-27T12:00:00Z,0.0,-64.15626,-60.864582,NaN
2022-07-28T12:00:00Z,0.0,-64.15626,-60.864582,NaN
2022-07-29T12:00:00Z,0.0,-64.15626,-60.864582,NaN
2022-07-30T12:00:00Z,0.0,-64.15626,-60.864582,NaN
2022-07-31T12:00:00Z,0.0,-64.15626,-60.864582,NaN
2022-08-01T12:00:00Z,0.0,-64.15626,-60.864582,NaN
2022-08-02T12:00:00Z,0.0,-64.15626,-60.864582,NaN
2022-08-03T12:00:00Z,0.0,-64.15626,-60.864582,NaN
2022-08-04T12:00:00Z,0.0,-64.15626,-60.864582,NaN
2022-08-05T12:00:00Z,0.0,-64.15626,-60.864582,NaN
2022-08-06T12:00:00Z,0.0,-64.15626,-60.864582,NaN
2022-08-07T12:00:00Z,0.0,-64.15626,-60.864582,NaN
2022-08-08T12:00:00Z,0.0,-64.15626,-60.864582,NaN
2022-08-09T12:00:00Z,0.0,-64.15626,-60.864582,NaN
2022-08-10T12:00:00Z,0.0,-64.15626,-60.864582,NaN
2022-08-11T12:00:00Z,0.0,-64.15626,-60.864582,NaN
2022-08-12T12:00:00Z,0.0,-64.15626,-60.864582,NaN
2022-08-13T12:00:00Z,0.0,-64.15626,-60.864582,NaN
2022-08-14T12:00:00Z,0.0,-64.15626,-60.864582,NaN
2022-08-15T12:00:00Z,0.0,-64.15626,-60.864582,NaN
2022-08-16T12:00:00Z,0.0,-64.15626,-60.864582,NaN
2022-08-17T12:00:00Z,0.0,-64.15626,-60.864582,NaN
2022-08-18T12:00:00Z,0.0,-64.15626,-60.864582,NaN
2022-08-19T12:00:00Z,0.0,-64.15626,-60.864582,NaN
2022-08-20T12:00:00Z,0.0,-64.15626,-60.864582,NaN
2022-08-21T12:00:00Z,0.0,-64.15626,-60.864582,NaN
2022-08-22T12:00:00Z,0.0,-64.15626,-60.864582,NaN
2022-08-23T12:00:00Z,0.0,-64.15626,-60.864582,NaN
2022-08-24T12:00:00Z,0.0,-64.15626,-60.864582,NaN
2022-08-25T12:00:00Z,0.0,-64.15626,-60.864582,NaN
2022-08-26T12:00:00Z,0.0,-64.15626,-60.864582,NaN
2022-08-27T12:00:00Z,0.0,-64.15626,-60.864582,NaN
2022-08-28T12:00:00Z,0.0,-64.15626,-60.864582,NaN
2022-08-29T12:00:00Z,0.0,-64.15626,-60.864582,NaN
2022-08-30T12:00:00Z,0.0,-64.15626,-60.864582,NaN
2022-08-31T12:00:00Z,0.0,-64.15626,-60.864582,NaN
2022-09-01T12:00:00Z,0.0,-64.15626,-60.864582,NaN
2022-09-02T12:00:00Z,0.0,-64.15626,-60.864582,NaN
2022-09-03T12:00:00Z,0.0,-64.15626,-60.864582,NaN
2022-09-04T12:00:00Z,0.0,-64.15626,-60.864582,NaN
2022-09-05T12:00:00Z,0.0,-64.15626,-60.864582,NaN
2022-09-06T12:00:00Z,0.0,-64.15626,-60.864582,NaN
2022-09-07T12:00:00Z,0.0,-64.15626,-60.864582,NaN
2022-09-08T12:00:00Z,0.0,-64.15626,-60.864582,NaN
2022-09-09T12:00:00Z,0.0,-64.15626,-60.864582,NaN
2022-09-10T12:00:00Z,0.0,-64.15626,-60.864582,NaN
2022-09-11T12:00:00Z,0.0,-64.15626,-60.864582,NaN
2022-09-12T12:00:00Z,0.0,-64.15626,-60.864582,NaN
2022-09-13T12:00:00Z,0.0,-64.15626,-60.864582,NaN
2022-09-14T12:00:00Z,0.0,-64.15626,-60.864582,NaN
2022-09-15T12:00:00Z,0.0,-64.15626,-60.864582,NaN
2022-09-16T12:00:00Z,0.0,-64.15626,-60.864582,NaN
2022-09-17T12:00:00Z,0.0,-64.15626,-60.864582,NaN
2022-09-18T12:00:00Z,0.0,-64.15626,-60.864582,NaN
2022-09-19T12:00:00Z,0.0,-64.15626,-60.864582,NaN
2022-09-20T12:00:00Z,0.0,-64.15626,-60.864582,NaN
2022-09-21T12:00:00Z,0.0,-64.15626,-60.864582,NaN
2022-09-22T12:00:00Z,0.0,-64.15626,-60.864582,NaN
2022-09-23T12:00:00Z,0.0,-64.15626,-60.864582,NaN
2022-09-24T12:00:00Z,0.0,-64.15626,-60.864582,NaN
2022-09-25T12:00:00Z,0.0,-64.15626,-60.864582,NaN
2022-09-26T12:00:00Z,0.0,-64.15626,-60.864582,NaN
2022-09-27T12:00:00Z,0.0,-64.15626,-60.864582,NaN
2022-09-28T12:00:00Z,0.0,-64.15626,-60.864582,NaN
2022-09-29T12:00:00Z,0.0,-64.15626,-60.864582,NaN
2022-09-30T12:00:00Z,0.0,-64.15626,-60.864582,NaN
2022-10-01T12:00:00Z,0.0,-64.15626,-60.864582,NaN
2022-10-02T12:00:00Z,0.0,-64.15626,-60.864582,NaN
2022-10-03T12:00:00Z,0.0,-64.15626,-60.864582,NaN
2022-10-04T12:00:00Z,0.0,-64.15626,-60.864582,NaN
2022-10-05T12:00:00Z,0.0,-64.15626,-60.864582,NaN
2022-10-06T12:00:00Z,0.0,-64.15626,-60.864582,NaN
2022-10-07T12:00:00Z,0.0,-64.15626,-60.864582,NaN
2022-10-08T12:00:00Z,0.0,-64.15626,-60.864582,NaN
2022-10-09T12:00:00Z,0.0,-64.15626,-60.864582,NaN
2022-10-10T12:00:00Z,0.0,-64.15626,-60.864582,NaN
2022-10-11T12:00:00Z,0.0,-64.15626,-60.864582,NaN
2022-10-12T12:00:00Z,0.0,-64.15626,-60.864582,NaN
2022-10-13T12:00:00Z,0.0,-64.15626,-60.864582,NaN
2022-10-14T12:00:00Z,0.0,-64.15626,-60.864582,NaN
2022-10-15T12:00:00Z,0.0,-64.15626,-60.864582,NaN
2022-10-16T12:00:00Z,0.0,-64.15626,-60.864582,NaN
2022-10-17T12:00:00Z,0.0,-64.15626,-60.864582,NaN
2022-10-18T12:00:00Z,0.0,-64.15626,-60.864582,NaN
2022-10-19T12:00:00Z,0.0,-64.15626,-60.864582,0.1520344
2022-10-20T12:00:00Z,0.0,-64.15626,-60.864582,0.3586981
2022-10-21T12:00:00Z,0.0,-64.15626,-60.864582,0.38760233
2022-10-22T12:00:00Z,0.0,-64.15626,-60.864582,0.3292694
2022-10-23T12:00:00Z,0.0,-64.15626,-60.864582,0.32406637
2022-10-24T12:00:00Z,0.0,-64.15626,-60.864582,0.3344962
2022-10-25T12:00:00Z,0.0,-64.15626,-60.864582,0.1541399
2022-10-26T12:00:00Z,0.0,-64.15626,-60.864582,0.18133329
2022-10-27T12:00:00Z,0.0,-64.15626,-60.864582,0.17780294
2022-10-28T12:00:00Z,0.0,-64.15626,-60.864582,0.17950642
2022-10-29T12:00:00Z,0.0,-64.15626,-60.864582,0.28969184
2022-10-30T12:00:00Z,0.0,-64.15626,-60.864582,0.21856992
2022-10-31T12:00:00Z,0.0,-64.15626,-60.864582,0.22258352
2022-11-01T12:00:00Z,0.0,-64.15626,-60.864582,0.22202547
2022-11-02T12:00:00Z,0.0,-64.15626,-60.864582,0.22945476
2022-11-03T12:00:00Z,0.0,-64.15626,-60.864582,0.20458713
2022-11-04T12:00:00Z,0.0,-64.15626,-60.864582,0.20559499
2022-11-05T12:00:00Z,0.0,-64.15626,-60.864582,0.2090161
2022-11-06T12:00:00Z,0.0,-64.15626,-60.864582,0.19797765
2022-11-07T12:00:00Z,0.0,-64.15626,-60.864582,0.21345085
2022-11-08T12:00:00Z,0.0,-64.15626,-60.864582,0.22619532
2022-11-09T12:00:00Z,0.0,-64.15626,-60.864582,0.22879426
2022-11-10T12:00:00Z,0.0,-64.15626,-60.864582,0.22298925
2022-11-11T12:00:00Z,0.0,-64.15626,-60.864582,0.22259642
2022-11-12T12:00:00Z,0.0,-64.15626,-60.864582,0.20908345
2022-11-13T12:00:00Z,0.0,-64.15626,-60.864582,0.1700836
2022-11-14T12:00:00Z,0.0,-64.15626,-60.864582,0.22904475
2022-11-15T12:00:00Z,0.0,-64.15626,-60.864582,0.21914399
2022-11-16T12:00:00Z,0.0,-64.15626,-60.864582,0.22693506
2022-11-17T12:00:00Z,0.0,-64.15626,-60.864582,0.25062233
2022-11-18T12:00:00Z,0.0,-64.15626,-60.864582,0.23138332
2022-11-19T12:00:00Z,0.0,-64.15626,-60.864582,0.2782591
2022-11-20T12:00:00Z,0.0,-64.15626,-60.864582,0.23596817
2022-11-21T12:00:00Z,0.0,-64.15626,-60.864582,0.23658259
2022-11-22T12:00:00Z,0.0,-64.15626,-60.864582,0.20625421
2022-11-23T12:00:00Z,0.0,-64.15626,-60.864582,0.16869684
2022-11-24T12:00:00Z,0.0,-64.15626,-60.864582,0.20364857
2022-11-25T12:00:00Z,0.0,-64.15626,-60.864582,0.2768688
2022-11-26T12:00:00Z,0.0,-64.15626,-60.864582,0.20383096
2022-11-27T12:00:00Z,0.0,-64.15626,-60.864582,0.19312243
2022-11-28T12:00:00Z,0.0,-64.15626,-60.864582,0.14313915
2022-11-29T12:00:00Z,0.0,-64.15626,-60.864582,0.20498314
2022-11-30T12:00:00Z,0.0,-64.15626,-60.864582,0.21514846
2022-12-01T12:00:00Z,0.0,-64.15626,-60.864582,0.21364786
2022-12-02T12:00:00Z,0.0,-64.15626,-60.864582,0.21139565
2022-12-03T12:00:00Z,0.0,-64.15626,-60.864582,0.21038401
2022-12-04T12:00:00Z,0.0,-64.15626,-60.864582,0.20842916
2022-12-05T12:00:00Z,0.0,-64.15626,-60.864582,0.1417277
2022-12-06T12:00:00Z,0.0,-64.15626,-60.864582,0.13996129
2022-12-07T12:00:00Z,0.0,-64.15626,-60.864582,0.26640755
2022-12-08T12:00:00Z,0.0,-64.15626,-60.864582,0.25785708
2022-12-09T12:00:00Z,0.0,-64.15626,-60.864582,0.2653798
2022-12-10T12:00:00Z,0.0,-64.15626,-60.864582,0.23731527
2022-12-11T12:00:00Z,0.0,-64.15626,-60.864582,0.20868668
2022-12-12T12:00:00Z,0.0,-64.15626,-60.864582,0.19385633
2022-12-13T12:00:00Z,0.0,-64.15626,-60.864582,0.17988363
2022-12-14T12:00:00Z,0.0,-64.15626,-60.864582,0.17072979
2022-12-15T12:00:00Z,0.0,-64.15626,-60.864582,0.16988124
2022-12-16T12:00:00Z,0.0,-64.15626,-60.864582,0.18537194
2022-12-17T12:00:00Z,0.0,-64.15626,-60.864582,0.17215034
2022-12-18T12:00:00Z,0.0,-64.15626,-60.864582,0.16834202
2022-12-19T12:00:00Z,0.0,-64.15626,-60.864582,0.16966444
2022-12-20T12:00:00Z,0.0,-64.15626,-60.864582,0.15799864
2022-12-21T12:00:00Z,0.0,-64.15626,-60.864582,0.16583097
2022-12-22T12:00:00Z,0.0,-64.15626,-60.864582,0.1425793
2022-12-23T12:00:00Z,0.0,-64.15626,-60.864582,0.19362813
2022-12-24T12:00:00Z,0.0,-64.15626,-60.864582,0.19069232
2022-12-25T12:00:00Z,0.0,-64.15626,-60.864582,0.21572232
2022-12-26T12:00:00Z,0.0,-64.15626,-60.864582,0.21702448
2022-12-27T12:00:00Z,0.0,-64.15626,-60.864582,0.21941513
2022-12-28T12:00:00Z,0.0,-64.15626,-60.864582,0.22002389
2022-12-29T12:00:00Z,0.0,-64.15626,-60.864582,0.21542874
2022-12-30T12:00:00Z,0.0,-64.15626,-60.864582,0.21800052
2022-12-31T12:00:00Z,0.0,-64.15626,-60.864582,0.21813785
2023-01-01T12:00:00Z,0.0,-64.15626,-60.864582,0.21857029
2023-01-02T12:00:00Z,0.0,-64.15626,-60.864582,0.2392762
2023-01-03T12:00:00Z,0.0,-64.15626,-60.864582,0.24876702
2023-01-04T12:00:00Z,0.0,-64.15626,-60.864582,0.24006352
2023-01-05T12:00:00Z,0.0,-64.15626,-60.864582,0.22842307
2023-01-06T12:00:00Z,0.0,-64.15626,-60.864582,0.24670558
2023-01-07T12:00:00Z,0.0,-64.15626,-60.864582,0.25171605
2023-01-08T12:00:00Z,0.0,-64.15626,-60.864582,0.27763218
2023-01-09T12:00:00Z,0.0,-64.15626,-60.864582,0.2731402
2023-01-10T12:00:00Z,0.0,-64.15626,-60.864582,0.25274512
2023-01-11T12:00:00Z,0.0,-64.15626,-60.864582,0.23499246
2023-01-12T12:00:00Z,0.0,-64.15626,-60.864582,0.23371539
2023-01-13T12:00:00Z,0.0,-64.15626,-60.864582,0.23219268
2023-01-14T12:00:00Z,0.0,-64.15626,-60.864582,0.23252736
2023-01-15T12:00:00Z,0.0,-64.15626,-60.864582,0.23442471
2023-01-16T12:00:00Z,0.0,-64.15626,-60.864582,0.23685369
2023-01-17T12:00:00Z,0.0,-64.15626,-60.864582,0.2381577
2023-01-18T12:00:00Z,0.0,-64.15626,-60.864582,0.2431839
2023-01-19T12:00:00Z,0.0,-64.15626,-60.864582,0.23245761
2023-01-20T12:00:00Z,0.0,-64.15626,-60.864582,0.23426835
2023-01-21T12:00:00Z,0.0,-64.15626,-60.864582,0.2377665
2023-01-22T12:00:00Z,0.0,-64.15626,-60.864582,0.2423273
2023-01-23T12:00:00Z,0.0,-64.15626,-60.864582,0.24372724
2023-01-24T12:00:00Z,0.0,-64.15626,-60.864582,0.25523207
2023-01-25T12:00:00Z,0.0,-64.15626,-60.864582,0.2666561
2023-01-26T12:00:00Z,0.0,-64.15626,-60.864582,0.25925127
2023-01-27T12:00:00Z,0.0,-64.15626,-60.864582,0.25076225
2023-01-28T12:00:00Z,0.0,-64.15626,-60.864582,0.23673674
2023-01-29T12:00:00Z,0.0,-64.15626,-60.864582,0.23882121
2023-01-30T12:00:00Z,0.0,-64.15626,-60.864582,0.2369019
2023-01-31T12:00:00Z,0.0,-64.15626,-60.864582,0.23594733
2023-02-01T12:00:00Z,0.0,-64.15626,-60.864582,0.2230699
2023-02-02T12:00:00Z,0.0,-64.15626,-60.864582,0.22073309
2023-02-03T12:00:00Z,0.0,-64.15626,-60.864582,0.22176403
2023-02-04T12:00:00Z,0.0,-64.15626,-60.864582,0.22836569
2023-02-05T12:00:00Z,0.0,-64.15626,-60.864582,0.23991121
2023-02-06T12:00:00Z,0.0,-64.15626,-60.864582,0.23898025
2023-02-07T12:00:00Z,0.0,-64.15626,-60.864582,0.23770578
2023-02-08T12:00:00Z,0.0,-64.15626,-60.864582,0.23348913
2023-02-09T12:00:00Z,0.0,-64.15626,-60.864582,0.2397972
2023-02-10T12:00:00Z,0.0,-64.15626,-60.864582,0.21733752
2023-02-11T12:00:00Z,0.0,-64.15626,-60.864582,0.21775514
2023-02-12T12:00:00Z,0.0,-64.15626,-60.864582,0.21730548
2023-02-13T12:00:00Z,0.0,-64.15626,-60.864582,0.21623696
2023-02-14T12:00:00Z,0.0,-64.15626,-60.864582,0.21373574
2023-02-15T12:00:00Z,0.0,-64.15626,-60.864582,0.21330214
2023-02-16T12:00:00Z,0.0,-64.15626,-60.864582,0.2076862
2023-02-17T12:00:00Z,0.0,-64.15626,-60.864582,0.20770304
2023-02-18T12:00:00Z,0.0,-64.15626,-60.864582,0.2027671
2023-02-19T12:00:00Z,0.0,-64.15626,-60.864582,0.20157611
2023-02-20T12:00:00Z,0.0,-64.15626,-60.864582,0.2438561
2023-02-21T12:00:00Z,0.0,-64.15626,-60.864582,0.25362134
2023-02-22T12:00:00Z,0.0,-64.15626,-60.864582,0.25503886
2023-02-23T12:00:00Z,0.0,-64.15626,-60.864582,0.25506335
2023-02-24T12:00:00Z,0.0,-64.15626,-60.864582,0.23865895
2023-02-25T12:00:00Z,0.0,-64.15626,-60.864582,0.24526596
2023-02-26T12:00:00Z,0.0,-64.15626,-60.864582,0.2429655
2023-02-27T12:00:00Z,0.0,-64.15626,-60.864582,0.2470271
2023-02-28T12:00:00Z,0.0,-64.15626,-60.864582,0.24850473
2023-03-01T12:00:00Z,0.0,-64.15626,-60.864582,0.25463966
2023-03-02T12:00:00Z,0.0,-64.15626,-60.864582,0.24858359
2023-03-03T12:00:00Z,0.0,-64.15626,-60.864582,0.24878
2023-03-04T12:00:00Z,0.0,-64.15626,-60.864582,0.24504219
2023-03-05T12:00:00Z,0.0,-64.15626,-60.864582,0.24451813
2023-03-06T12:00:00Z,0.0,-64.15626,-60.864582,0.2418857
2023-03-07T12:00:00Z,0.0,-64.15626,-60.864582,0.23871969
2023-03-08T12:00:00Z,0.0,-64.15626,-60.864582,0.24720432
2023-03-09T12:00:00Z,0.0,-64.15626,-60.864582,0.24239267
2023-03-10T12:00:00Z,0.0,-64.15626,-60.864582,0.26031157
2023-03-11T12:00:00Z,0.0,-64.15626,-60.864582,0.25152618
2023-03-12T12:00:00Z,0.0,-64.15626,-60.864582,0.19505174
2023-03-13T12:00:00Z,0.0,-64.15626,-60.864582,0.14691636
2023-03-14T12:00:00Z,0.0,-64.15626,-60.864582,0.14483902
2023-03-15T12:00:00Z,0.0,-64.15626,-60.864582,0.23076376
2023-03-16T12:00:00Z,0.0,-64.15626,-60.864582,0.20698091
2023-03-17T12:00:00Z,0.0,-64.15626,-60.864582,NaN
2023-03-18T12:00:00Z,0.0,-64.15626,-60.864582,NaN
2023-03-19T12:00:00Z,0.0,-64.15626,-60.864582,NaN
2023-03-20T12:00:00Z,0.0,-64.15626,-60.864582,NaN
2023-03-21T12:00:00Z,0.0,-64.15626,-60.864582,NaN
2023-03-22T12:00:00Z,0.0,-64.15626,-60.864582,NaN
2023-03-23T12:00:00Z,0.0,-64.15626,-60.864582,NaN
2023-03-24T12:00:00Z,0.0,-64.15626,-60.864582,NaN
2023-03-25T12:00:00Z,0.0,-64.15626,-60.864582,NaN
2023-03-26T12:00:00Z,0.0,-64.15626,-60.864582,NaN
2023-03-27T12:00:00Z,0.0,-64.15626,-60.864582,NaN
2023-03-28T12:00:00Z,0.0,-64.15626,-60.864582,NaN
2023-03-29T12:00:00Z,0.0,-64.15626,-60.864582,NaN
2023-03-30T12:00:00Z,0.0,-64.15626,-60.864582,NaN
2023-03-31T12:00:00Z,0.0,-64.15626,-60.864582,NaN
2023-04-01T12:00:00Z,0.0,-64.15626,-60.864582,NaN
2023-04-02T12:00:00Z,0.0,-64.15626,-60.864582,NaN
2023-04-03T12:00:00Z,0.0,-64.15626,-60.864582,NaN
2023-04-04T12:00:00Z,0.0,-64.15626,-60.864582,NaN
2023-04-05T12:00:00Z,0.0,-64.15626,-60.864582,NaN
2023-04-06T12:00:00Z,0.0,-64.15626,-60.864582,NaN
2023-04-07T12:00:00Z,0.0,-64.15626,-60.864582,NaN
2023-04-08T12:00:00Z,0.0,-64.15626,-60.864582,NaN
2023-04-09T12:00:00Z,0.0,-64.15626,-60.864582,NaN
2023-04-10T12:00:00Z,0.0,-64.15626,-60.864582,NaN
2023-04-11T12:00:00Z,0.0,-64.15626,-60.864582,NaN
2023-04-12T12:00:00Z,0.0,-64.15626,-60.864582,NaN
2023-04-13T12:00:00Z,0.0,-64.15626,-60.864582,NaN
2023-04-14T12:00:00Z,0.0,-64.15626,-60.864582,NaN
2023-04-15T12:00:00Z,0.0,-64.15626,-60.864582,NaN
2023-04-16T12:00:00Z,0.0,-64.15626,-60.864582,NaN
2023-04-17T12:00:00Z,0.0,-64.15626,-60.864582,NaN
2023-04-18T12:00:00Z,0.0,-64.15626,-60.864582,NaN
2023-04-19T12:00:00Z,0.0,-64.15626,-60.864582,NaN
2023-04-20T12:00:00Z,0.0,-64.15626,-60.864582,NaN
2023-04-21T12:00:00Z,0.0,-64.15626,-60.864582,NaN
2023-04-22T12:00:00Z,0.0,-64.15626,-60.864582,NaN
2023-04-23T12:00:00Z,0.0,-64.15626,-60.864582,NaN
2023-04-24T12:00:00Z,0.0,-64.15626,-60.864582,NaN
2023-04-25T12:00:00Z,0.0,-64.15626,-60.864582,NaN
2023-04-26T12:00:00Z,0.0,-64.15626,-60.864582,NaN
2023-04-27T12:00:00Z,0.0,-64.15626,-60.864582,NaN
2023-04-28T12:00:00Z,0.0,-64.15626,-60.864582,NaN
2023-04-29T12:00:00Z,0.0,-64.15626,-60.864582,NaN
2023-04-30T12:00:00Z,0.0,-64.15626,-60.864582,NaN
2023-05-01T12:00:00Z,0.0,-64.15626,-60.864582,NaN
2023-05-02T12:00:00Z,0.0,-64.15626,-60.864582,NaN
2023-05-03T12:00:00Z,0.0,-64.15626,-60.864582,NaN
2023-05-04T12:00:00Z,0.0,-64.15626,-60.864582,NaN
2023-05-05T12:00:00Z,0.0,-64.15626,-60.864582,NaN
2023-05-06T12:00:00Z,0.0,-64.15626,-60.864582,NaN
2023-05-07T12:00:00Z,0.0,-64.15626,-60.864582,NaN
2023-05-08T12:00:00Z,0.0,-64.15626,-60.864582,NaN
2023-05-09T12:00:00Z,0.0,-64.15626,-60.864582,NaN
2023-05-10T12:00:00Z,0.0,-64.15626,-60.864582,NaN
2023-05-11T12:00:00Z,0.0,-64.15626,-60.864582,NaN
2023-05-12T12:00:00Z,0.0,-64.15626,-60.864582,NaN
2023-05-13T12:00:00Z,0.0,-64.15626,-60.864582,NaN
2023-05-14T12:00:00Z,0.0,-64.15626,-60.864582,NaN
2023-05-15T12:00:00Z,0.0,-64.15626,-60.864582,NaN
2023-05-16T12:00:00Z,0.0,-64.15626,-60.864582,NaN
2023-05-17T12:00:00Z,0.0,-64.15626,-60.864582,NaN
2023-05-18T12:00:00Z,0.0,-64.15626,-60.864582,NaN
2023-05-19T12:00:00Z,0.0,-64.15626,-60.864582,NaN
2023-05-20T12:00:00Z,0.0,-64.15626,-60.864582,NaN
2023-05-21T12:00:00Z,0.0,-64.15626,-60.864582,NaN
2023-05-22T12:00:00Z,0.0,-64.15626,-60.864582,NaN
2023-05-23T12:00:00Z,0.0,-64.15626,-60.864582,NaN
2023-05-24T12:00:00Z,0.0,-64.15626,-60.864582,NaN
2023-05-25T12:00:00Z,0.0,-64.15626,-60.864582,NaN
2023-05-26T12:00:00Z,0.0,-64.15626,-60.864582,NaN
2023-05-27T12:00:00Z,0.0,-64.15626,-60.864582,NaN
2023-05-28T12:00:00Z,0.0,-64.15626,-60.864582,NaN
2023-05-29T12:00:00Z,0.0,-64.15626,-60.864582,NaN
2023-05-30T12:00:00Z,0.0,-64.15626,-60.864582,NaN
2023-05-31T12:00:00Z,0.0,-64.15626,-60.864582,NaN
2023-06-01T12:00:00Z,0.0,-64.15626,-60.864582,NaN
2023-06-02T12:00:00Z,0.0,-64.15626,-60.864582,NaN
2023-06-03T12:00:00Z,0.0,-64.15626,-60.864582,NaN
2023-06-04T12:00:00Z,0.0,-64.15626,-60.864582,NaN
2023-06-05T12:00:00Z,0.0,-64.15626,-60.864582,NaN
2023-06-06T12:00:00Z,0.0,-64.15626,-60.864582,NaN
2023-06-07T12:00:00Z,0.0,-64.15626,-60.864582,NaN
2023-06-08T12:00:00Z,0.0,-64.15626,-60.864582,NaN
2023-06-09T12:00:00Z,0.0,-64.15626,-60.864582,NaN
2023-06-10T12:00:00Z,0.0,-64.15626,-60.864582,NaN
2023-06-11T12:00:00Z,0.0,-64.15626,-60.864582,NaN
2023-06-12T12:00:00Z,0.0,-64.15626,-60.864582,NaN
2023-06-13T12:00:00Z,0.0,-64.15626,-60.864582,NaN
2023-06-14T12:00:00Z,0.0,-64.15626,-60.864582,NaN
2023-06-15T12:00:00Z,0.0,-64.15626,-60.864582,NaN
2023-06-16T12:00:00Z,0.0,-64.15626,-60.864582,NaN
2023-06-17T12:00:00Z,0.0,-64.15626,-60.864582,NaN
2023-06-18T12:00:00Z,0.0,-64.15626,-60.864582,NaN
2023-06-19T12:00:00Z,0.0,-64.15626,-60.864582,NaN
2023-06-20T12:00:00Z,0.0,-64.15626,-60.864582,NaN
2023-06-21T12:00:00Z,0.0,-64.15626,-60.864582,NaN
2023-06-22T12:00:00Z,0.0,-64.15626,-60.864582,NaN
2023-06-23T12:00:00Z,0.0,-64.15626,-60.864582,NaN
2023-06-24T12:00:00Z,0.0,-64.15626,-60.864582,NaN
2023-06-25T12:00:00Z,0.0,-64.15626,-60.864582,NaN
2023-06-26T12:00:00Z,0.0,-64.15626,-60.864582,NaN
2023-06-27T12:00:00Z,0.0,-64.15626,-60.864582,NaN
2023-06-28T12:00:00Z,0.0,-64.15626,-60.864582,NaN
2023-06-29T12:00:00Z,0.0,-64.15626,-60.864582,NaN
2023-06-30T12:00:00Z,0.0,-64.15626,-60.864582,NaN
2023-07-01T12:00:00Z,0.0,-64.15626,-60.864582,NaN
2023-07-02T12:00:00Z,0.0,-64.15626,-60.864582,NaN
2023-07-03T12:00:00Z,0.0,-64.15626,-60.864582,NaN
2023-07-04T12:00:00Z,0.0,-64.15626,-60.864582,NaN
2023-07-05T12:00:00Z,0.0,-64.15626,-60.864582,NaN
2023-07-06T12:00:00Z,0.0,-64.15626,-60.864582,NaN
2023-07-07T12:00:00Z,0.0,-64.15626,-60.864582,NaN
2023-07-08T12:00:00Z,0.0,-64.15626,-60.864582,NaN
2023-07-09T12:00:00Z,0.0,-64.15626,-60.864582,NaN
2023-07-10T12:00:00Z,0.0,-64.15626,-60.864582,NaN
2023-07-11T12:00:00Z,0.0,-64.15626,-60.864582,NaN
2023-07-12T12:00:00Z,0.0,-64.15626,-60.864582,NaN
2023-07-13T12:00:00Z,0.0,-64.15626,-60.864582,NaN
2023-07-14T12:00:00Z,0.0,-64.15626,-60.864582,NaN
2023-07-15T12:00:00Z,0.0,-64.15626,-60.864582,NaN
2023-07-16T12:00:00Z,0.0,-64.15626,-60.864582,NaN
2023-07-17T12:00:00Z,0.0,-64.15626,-60.864582,NaN
2023-07-18T12:00:00Z,0.0,-64.15626,-60.864582,NaN
2023-07-19T12:00:00Z,0.0,-64.15626,-60.864582,NaN
2023-07-20T12:00:00Z,0.0,-64.15626,-60.864582,NaN
2023-07-21T12:00:00Z,0.0,-64.15626,-60.864582,NaN
2023-07-22T12:00:00Z,0.0,-64.15626,-60.864582,NaN
2023-07-23T12:00:00Z,0.0,-64.15626,-60.864582,NaN
2023-07-24T12:00:00Z,0.0,-64.15626,-60.864582,NaN
2023-07-25T12:00:00Z,0.0,-64.15626,-60.864582,NaN
2023-07-26T12:00:00Z,0.0,-64.15626,-60.864582,NaN
2023-07-27T12:00:00Z,0.0,-64.15626,-60.864582,NaN
2023-07-28T12:00:00Z,0.0,-64.15626,-60.864582,NaN
2023-07-29T12:00:00Z,0.0,-64.15626,-60.864582,NaN
2023-07-30T12:00:00Z,0.0,-64.15626,-60.864582,NaN
2023-07-31T12:00:00Z,0.0,-64.15626,-60.864582,NaN
2023-08-01T12:00:00Z,0.0,-64.15626,-60.864582,NaN
2023-08-02T12:00:00Z,0.0,-64.15626,-60.864582,NaN
2023-08-03T12:00:00Z,0.0,-64.15626,-60.864582,NaN
2023-08-04T12:00:00Z,0.0,-64.15626,-60.864582,NaN
2023-08-05T12:00:00Z,0.0,-64.15626,-60.864582,NaN
2023-08-06T12:00:00Z,0.0,-64.15626,-60.864582,NaN
2023-08-07T12:00:00Z,0.0,-64.15626,-60.864582,NaN
2023-08-08T12:00:00Z,0.0,-64.15626,-60.864582,NaN
2023-08-09T12:00:00Z,0.0,-64.15626,-60.864582,NaN
2023-08-10T12:00:00Z,0.0,-64.15626,-60.864582,NaN
2023-08-11T12:00:00Z,0.0,-64.15626,-60.864582,NaN
2023-08-12T12:00:00Z,0.0,-64.15626,-60.864582,NaN
2023-08-13T12:00:00Z,0.0,-64.15626,-60.864582,NaN
2023-08-14T12:00:00Z,0.0,-64.15626,-60.864582,NaN
2023-08-15T12:00:00Z,0.0,-64.15626,-60.864582,NaN
2023-08-16T12:00:00Z,0.0,-64.15626,-60.864582,NaN
2023-08-17T12:00:00Z,0.0,-64.15626,-60.864582,NaN
2023-08-18T12:00:00Z,0.0,-64.15626,-60.864582,NaN
2023-08-19T12:00:00Z,0.0,-64.15626,-60.864582,NaN
2023-08-20T12:00:00Z,0.0,-64.15626,-60.864582,NaN
2023-08-21T12:00:00Z,0.0,-64.15626,-60.864582,NaN
2023-08-22T12:00:00Z,0.0,-64.15626,-60.864582,NaN
2023-08-23T12:00:00Z,0.0,-64.15626,-60.864582,NaN
2023-08-24T12:00:00Z,0.0,-64.15626,-60.864582,NaN
2023-08-25T12:00:00Z,0.0,-64.15626,-60.864582,NaN
2023-08-26T12:00:00Z,0.0,-64.15626,-60.864582,NaN
2023-08-27T12:00:00Z,0.0,-64.15626,-60.864582,NaN
2023-08-28T12:00:00Z,0.0,-64.15626,-60.864582,NaN
2023-08-29T12:00:00Z,0.0,-64.15626,-60.864582,NaN
2023-08-30T12:00:00Z,0.0,-64.15626,-60.864582,NaN
2023-08-31T12:00:00Z,0.0,-64.15626,-60.864582,NaN
2023-09-01T12:00:00Z,0.0,-64.15626,-60.864582,NaN
2023-09-02T12:00:00Z,0.0,-64.15626,-60.864582,NaN
2023-09-03T12:00:00Z,0.0,-64.15626,-60.864582,NaN
2023-09-04T12:00:00Z,0.0,-64.15626,-60.864582,NaN
2023-09-05T12:00:00Z,0.0,-64.15626,-60.864582,NaN
2023-09-06T12:00:00Z,0.0,-64.15626,-60.864582,NaN
2023-09-07T12:00:00Z,0.0,-64.15626,-60.864582,NaN
2023-09-08T12:00:00Z,0.0,-64.15626,-60.864582,NaN
2023-09-09T12:00:00Z,0.0,-64.15626,-60.864582,NaN
2023-09-10T12:00:00Z,0.0,-64.15626,-60.864582,NaN
2023-09-11T12:00:00Z,0.0,-64.15626,-60.864582,NaN
2023-09-12T12:00:00Z,0.0,-64.15626,-60.864582,NaN
2023-09-13T12:00:00Z,0.0,-64.15626,-60.864582,NaN
2023-09-14T12:00:00Z,0.0,-64.15626,-60.864582,NaN
2023-09-15T12:00:00Z,0.0,-64.15626,-60.864582,NaN
2023-09-16T12:00:00Z,0.0,-64.15626,-60.864582,NaN
2023-09-17T12:00:00Z,0.0,-64.15626,-60.864582,NaN
2023-09-18T12:00:00Z,0.0,-64.15626,-60.864582,NaN
2023-09-19T12:00:00Z,0.0,-64.15626,-60.864582,NaN
2023-09-20T12:00:00Z,0.0,-64.15626,-60.864582,NaN
2023-09-21T12:00:00Z,0.0,-64.15626,-60.864582,NaN
2023-09-22T12:00:00Z,0.0,-64.15626,-60.864582,NaN
2023-09-23T12:00:00Z,0.0,-64.15626,-60.864582,NaN
2023-09-24T12:00:00Z,0.0,-64.15626,-60.864582,NaN
2023-09-25T12:00:00Z,0.0,-64.15626,-60.864582,NaN
2023-09-26T12:00:00Z,0.0,-64.15626,-60.864582,NaN
2023-09-27T12:00:00Z,0.0,-64.15626,-60.864582,NaN
2023-09-28T12:00:00Z,0.0,-64.15626,-60.864582,NaN
2023-09-29T12:00:00Z,0.0,-64.15626,-60.864582,NaN
2023-09-30T12:00:00Z,0.0,-64.15626,-60.864582,NaN
2023-10-01T12:00:00Z,0.0,-64.15626,-60.864582,NaN
2023-10-02T12:00:00Z,0.0,-64.15626,-60.864582,NaN
2023-10-03T12:00:00Z,0.0,-64.15626,-60.864582,NaN
2023-10-04T12:00:00Z,0.0,-64.15626,-60.864582,NaN
2023-10-05T12:00:00Z,0.0,-64.15626,-60.864582,NaN
2023-10-06T12:00:00Z,0.0,-64.15626,-60.864582,NaN
2023-10-07T12:00:00Z,0.0,-64.15626,-60.864582,NaN
2023-10-08T12:00:00Z,0.0,-64.15626,-60.864582,NaN
2023-10-09T12:00:00Z,0.0,-64.15626,-60.864582,NaN
2023-10-10T12:00:00Z,0.0,-64.15626,-60.864582,NaN
2023-10-11T12:00:00Z,0.0,-64.15626,-60.864582,NaN
2023-10-12T12:00:00Z,0.0,-64.15626,-60.864582,NaN
2023-10-13T12:00:00Z,0.0,-64.15626,-60.864582,NaN
2023-10-14T12:00:00Z,0.0,-64.15626,-60.864582,NaN
2023-10-15T12:00:00Z,0.0,-64.15626,-60.864582,NaN
2023-10-16T12:00:00Z,0.0,-64.15626,-60.864582,NaN
2023-10-17T12:00:00Z,0.0,-64.15626,-60.864582,NaN
2023-10-18T12:00:00Z,0.0,-64.15626,-60.864582,NaN
2023-10-19T12:00:00Z,0.0,-64.15626,-60.864582,0.15486857
2023-10-20T12:00:00Z,0.0,-64.15626,-60.864582,0.15522984
2023-10-21T12:00:00Z,0.0,-64.15626,-60.864582,0.15517908
2023-10-22T12:00:00Z,0.0,-64.15626,-60.864582,0.15505423
2023-10-23T12:00:00Z,0.0,-64.15626,-60.864582,0.18655153
2023-10-24T12:00:00Z,0.0,-64.15626,-60.864582,0.19093475
2023-10-25T12:00:00Z,0.0,-64.15626,-60.864582,0.15589613
2023-10-26T12:00:00Z,0.0,-64.15626,-60.864582,0.1564349
2023-10-27T12:00:00Z,0.0,-64.15626,-60.864582,0.21410856
2023-10-28T12:00:00Z,0.0,-64.15626,-60.864582,0.24928437
2023-10-29T12:00:00Z,0.0,-64.15626,-60.864582,0.2578909
2023-10-30T12:00:00Z,0.0,-64.15626,-60.864582,0.15591578
2023-10-31T12:00:00Z,0.0,-64.15626,-60.864582,0.104960814
2023-11-01T12:00:00Z,0.0,-64.15626,-60.864582,0.14111376
2023-11-02T12:00:00Z,0.0,-64.15626,-60.864582,0.095486395
2023-11-03T12:00:00Z,0.0,-64.15626,-60.864582,0.14763059
2023-11-04T12:00:00Z,0.0,-64.15626,-60.864582,0.109246455
2023-11-05T12:00:00Z,0.0,-64.15626,-60.864582,0.061753366
2023-11-06T12:00:00Z,0.0,-64.15626,-60.864582,0.13298075
2023-11-07T12:00:00Z,0.0,-64.15626,-60.864582,0.2034102
2023-11-08T12:00:00Z,0.0,-64.15626,-60.864582,0.32461607
2023-11-09T12:00:00Z,0.0,-64.15626,-60.864582,0.1732007
2023-11-10T12:00:00Z,0.0,-64.15626,-60.864582,0.17371216
2023-11-11T12:00:00Z,0.0,-64.15626,-60.864582,0.1840667
2023-11-12T12:00:00Z,0.0,-64.15626,-60.864582,0.17517988
2023-11-13T12:00:00Z,0.0,-64.15626,-60.864582,0.13685879
2023-11-14T12:00:00Z,0.0,-64.15626,-60.864582,0.15896435
2023-11-15T12:00:00Z,0.0,-64.15626,-60.864582,0.15906405
2023-11-16T12:00:00Z,0.0,-64.15626,-60.864582,0.17699072
2023-11-17T12:00:00Z,0.0,-64.15626,-60.864582,0.17477567
2023-11-18T12:00:00Z,0.0,-64.15626,-60.864582,0.17087266
2023-11-19T12:00:00Z,0.0,-64.15626,-60.864582,0.17519072
2023-11-20T12:00:00Z,0.0,-64.15626,-60.864582,0.1324776
2023-11-21T12:00:00Z,0.0,-64.15626,-60.864582,0.11108798
2023-11-22T12:00:00Z,0.0,-64.15626,-60.864582,0.13657185
2023-11-23T12:00:00Z,0.0,-64.15626,-60.864582,0.13120101
2023-11-24T12:00:00Z,0.0,-64.15626,-60.864582,0.12395724
2023-11-25T12:00:00Z,0.0,-64.15626,-60.864582,0.14081463
2023-11-26T12:00:00Z,0.0,-64.15626,-60.864582,0.13635366
2023-11-27T12:00:00Z,0.0,-64.15626,-60.864582,0.18286869
2023-11-28T12:00:00Z,0.0,-64.15626,-60.864582,0.21366604
2023-11-29T12:00:00Z,0.0,-64.15626,-60.864582,0.15230678
2023-11-30T12:00:00Z,0.0,-64.15626,-60.864582,0.15346965
2023-12-02T12:00:00Z,0.0,-64.15626,-60.864582,0.17927949
2023-12-03T12:00:00Z,0.0,-64.15626,-60.864582,0.15877782
2023-12-04T12:00:00Z,0.0,-64.15626,-60.864582,0.16293153
2023-12-05T12:00:00Z,0.0,-64.15626,-60.864582,0.21692535
2023-12-06T12:00:00Z,0.0,-64.15626,-60.864582,0.24293447
2023-12-07T12:00:00Z,0.0,-64.15626,-60.864582,0.27770182
2023-12-08T12:00:00Z,0.0,-64.15626,-60.864582,0.24988765
2023-12-09T12:00:00Z,0.0,-64.15626,-60.864582,0.2521305
2023-12-10T12:00:00Z,0.0,-64.15626,-60.864582,0.3074589
2023-12-11T12:00:00Z,0.0,-64.15626,-60.864582,0.32760343
2023-12-12T12:00:00Z,0.0,-64.15626,-60.864582,0.33984005
2023-12-13T12:00:00Z,0.0,-64.15626,-60.864582,0.35972625
2023-12-14T12:00:00Z,0.0,-64.15626,-60.864582,0.34053013
2023-12-15T12:00:00Z,0.0,-64.15626,-60.864582,0.33753732
2023-12-16T12:00:00Z,0.0,-64.15626,-60.864582,0.43722293
2023-12-17T12:00:00Z,0.0,-64.15626,-60.864582,0.24645177
2023-12-18T12:00:00Z,0.0,-64.15626,-60.864582,0.26486695
2023-12-19T12:00:00Z,0.0,-64.15626,-60.864582,0.21095729
2023-12-20T12:00:00Z,0.0,-64.15626,-60.864582,0.23359093
2023-12-21T12:00:00Z,0.0,-64.15626,-60.864582,0.2283294
2023-12-22T12:00:00Z,0.0,-64.15626,-60.864582,0.22452506
2023-12-23T12:00:00Z,0.0,-64.15626,-60.864582,0.22268301
2023-12-25T12:00:00Z,0.0,-64.15626,-60.864582,0.22142945
2023-12-26T12:00:00Z,0.0,-64.15626,-60.864582,0.19566743
2023-12-27T12:00:00Z,0.0,-64.15626,-60.864582,0.18492226
2023-12-28T12:00:00Z,0.0,-64.15626,-60.864582,0.19020651
2023-12-29T12:00:00Z,0.0,-64.15626,-60.864582,0.2063087
2023-12-30T12:00:00Z,0.0,-64.15626,-60.864582,0.2070479
2023-12-31T12:00:00Z,0.0,-64.15626,-60.864582,0.20383456
