time,altitude,latitude,longitude,chlor_a
UTC,m,degrees_north,degrees_east,mg m^-3
2018-01-01T12:00:00Z,0.0,-63.510418,-56.864582,0.39268208
2018-01-02T12:00:00Z,0.0,-63.510418,-56.864582,0.3493936
2018-01-03T12:00:00Z,0.0,-63.510418,-56.864582,0.36560434
2018-01-04T12:00:00Z,0.0,-63.510418,-56.864582,0.3718727
2018-01-05T12:00:00Z,0.0,-63.510418,-56.864582,0.27985814
2018-01-06T12:00:00Z,0.0,-63.510418,-56.864582,0.27163377
2018-01-07T12:00:00Z,0.0,-63.510418,-56.864582,0.2920958
2018-01-08T12:00:00Z,0.0,-63.510418,-56.864582,0.3026956
2018-01-09T12:00:00Z,0.0,-63.510418,-56.864582,0.31240237
2018-01-10T12:00:00Z,0.0,-63.510418,-56.864582,0.30608323
2018-01-11T12:00:00Z,0.0,-63.510418,-56.864582,0.32651407
2018-01-12T12:00:00Z,0.0,-63.510418,-56.864582,0.30963492
2018-01-13T12:00:00Z,0.0,-63.510418,-56.864582,0.3667076
2018-01-14T12:00:00Z,0.0,-63.510418,-56.864582,0.40679738
2018-01-15T12:00:00Z,0.0,-63.510418,-56.864582,0.29728565
2018-01-16T12:00:00Z,0.0,-63.510418,-56.864582,0.27955225
2018-01-17T12:00:00Z,0.0,-63.510418,-56.864582,0.2779465
2018-01-18T12:00:00Z,0.0,-63.510418,-56.864582,0.219594
2018-01-19T12:00:00Z,0.0,-63.510418,-56.864582,0.21164376
2018-01-20T12:00:00Z,0.0,-63.510418,-56.864582,0.20842837
2018-01-21T12:00:00Z,0.0,-63.510418,-56.864582,0.19972347
2018-01-22T12:00:00Z,0.0,-63.510418,-56.864582,0.18736659
2018-01-23T12:00:00Z,0.0,-63.510418,-56.864582,0.1888334
2018-01-24T12:00:00Z,0.0,-63.510418,-56.864582,0.1715003
2018-01-25T12:00:00Z,0.0,-63.510418,-56.864582,0.19390514
2018-01-26T12:00:00Z,0.0,-63.510418,-56.864582,0.1929868
2018-01-27T12:00:00Z,0.0,-63.510418,-56.864582,0.1919283
2018-01-28T12:00:00Z,0.0,-63.510418,-56.864582,0.18339606
2018-01-29T12:00:00Z,0.0,-63.510418,-56.864582,0.17393985
2018-01-30T12:00:00Z,0.0,-63.510418,-56.864582,0.18097365
2018-01-31T12:00:00Z,0.0,-63.510418,-56.864582,0.1751438
2018-02-01T12:00:00Z,0.0,-63.510418,-56.864582,0.17267565
2018-02-02T12:00:00Z,0.0,-63.510418,-56.864582,0.17285608
2018-02-03T12:00:00Z,0.0,-63.510418,-56.864582,0.15068252
2018-02-04T12:00:00Z,0.0,-63.510418,-56.864582,0.1481829
2018-02-05T12:00:00Z,0.0,-63.510418,-56.864582,0.14681354
2018-02-06T12:00:00Z,0.0,-63.510418,-56.864582,0.11175107
2018-02-07T12:00:00Z,0.0,-63.510418,-56.864582,0.10753169
2018-02-08T12:00:00Z,0.0,-63.510418,-56.864582,0.10434838
2018-02-09T12:00:00Z,0.0,-63.510418,-56.864582,0.095947854
2018-02-10T12:00:00Z,0.0,-63.510418,-56.864582,0.15183273
2018-02-11T12:00:00Z,0.0,-63.510418,-56.864582,0.15542293
2018-02-12T12:00:00Z,0.0,-63.510418,-56.864582,0.15773252
2018-02-13T12:00:00Z,0.0,-63.510418,-56.864582,0.17593412
2018-02-14T12:00:00Z,0.0,-63.510418,-56.864582,0.15998942
2018-02-15T12:00:00Z,0.0,-63.510418,-56.864582,0.1880111
2018-02-16T12:00:00Z,0.0,-63.510418,-56.864582,0.20839763
2018-02-17T12:00:00Z,0.0,-63.510418,-56.864582,0.20374888
2018-02-18T12:00:00Z,0.0,-63.510418,-56.864582,0.2069794
2018-02-19T12:00:00Z,0.0,-63.510418,-56.864582,0.21223532
2018-02-20T12:00:00Z,0.0,-63.510418,-56.864582,0.17685568
2018-02-21T12:00:00Z,0.0,-63.510418,-56.864582,0.18208918
2018-02-22T12:00:00Z,0.0,-63.510418,-56.864582,0.17990543
2018-02-23T12:00:00Z,0.0,-63.510418,-56.864582,0.18592604
2018-02-24T12:00:00Z,0.0,-63.510418,-56.864582,0.2360176
2018-02-25T12:00:00Z,0.0,-63.510418,-56.864582,0.22528113
2018-02-26T12:00:00Z,0.0,-63.510418,-56.864582,0.2190029
2018-02-27T12:00:00Z,0.0,-63.510418,-56.864582,0.22705731
2018-02-28T12:00:00Z,0.0,-63.510418,-56.864582,0.22859041
2018-03-01T12:00:00Z,0.0,-63.510418,-56.864582,0.23135827
2018-03-02T12:00:00Z,0.0,-63.510418,-56.864582,0.23451802
2018-03-03T12:00:00Z,0.0,-63.510418,-56.864582,0.23082682
2018-03-04T12:00:00Z,0.0,-63.510418,-56.864582,0.23360795
2018-03-05T12:00:00Z,0.0,-63.510418,-56.864582,0.21896003
2018-03-06T12:00:00Z,0.0,-63.510418,-56.864582,0.213208
2018-03-07T12:00:00Z,0.0,-63.510418,-56.864582,0.20464286
2018-03-08T12:00:00Z,0.0,-63.510418,-56.864582,0.14169489
2018-03-09T12:00:00Z,0.0,-63.510418,-56.864582,0.12504992
2018-03-10T12:00:00Z,0.0,-63.510418,-56.864582,0.14547747
2018-03-11T12:00:00Z,0.0,-63.510418,-56.864582,0.1347091
2018-03-12T12:00:00Z,0.0,-63.510418,-56.864582,0.13977331
2018-03-13T12:00:00Z,0.0,-63.510418,-56.864582,0.14679226
2018-03-14T12:00:00Z,0.0,-63.510418,-56.864582,0.14460704
2018-03-15T12:00:00Z,0.0,-63.510418,-56.864582,0.17536072
2018-03-16T12:00:00Z,0.0,-63.510418,-56.864582,0.19049962
2018-03-17T12:00:00Z,0.0,-63.510418,-56.864582,0.17480533
2018-03-18T12:00:00Z,0.0,-63.510418,-56.864582,0.14157127
2018-03-19T12:00:00Z,0.0,-63.510418,-56.864582,NaN
2018-03-20T12:00:00Z,0.0,-63.510418,-56.864582,NaN
2018-03-21T12:00:00Z,0.0,-63.510418,-56.864582,NaN
2018-03-22T12:00:00Z,0.0,-63.510418,-56.864582,NaN
2018-03-23T12:00:00Z,0.0,-63.510418,-56.864582,NaN
2018-03-24T12:00:00Z,0.0,-63.510418,-56.864582,NaN
2018-03-25T12:00:00Z,0.0,-63.510418,-56.864582,NaN
2018-03-26T12:00:00Z,0.0,-63.510418,-56.864582,NaN
2018-03-27T12:00:00Z,0.0,-63.510418,-56.864582,NaN
2018-03-28T12:00:00Z,0.0,-63.510418,-56.864582,NaN
2018-03-29T12:00:00Z,0.0,-63.510418,-56.864582,NaN
2018-03-30T12:00:00Z,0.0,-63.510418,-56.864582,NaN
2018-03-31T12:00:00Z,0.0,-63.510418,-56.864582,NaN
2018-04-01T12:00:00Z,0.0,-63.510418,-56.864582,NaN
2018-04-02T12:00:00Z,0.0,-63.510418,-56.864582,NaN
2018-04-03T12:00:00Z,0.0,-63.510418,-56.864582,NaN
2018-04-04T12:00:00Z,0.0,-63.510418,-56.864582,NaN
2018-04-05T12:00:00Z,0.0,-63.510418,-56.864582,NaN
2018-04-06T12:00:00Z,0.0,-63.510418,-56.864582,NaN
2018-04-07T12:00:00Z,0.0,-63.510418,-56.864582,NaN
2018-04-08T12:00:00Z,0.0,-63.510418,-56.864582,NaN
2018-04-09T12:00:00Z,0.0,-63.510418,-56.864582,NaN
2018-04-10T12:00:00Z,0.0,-63.510418,-56.864582,NaN
2018-04-11T12:00:00Z,0.0,-63.510418,-56.864582,NaN
2018-04-12T12:00:00Z,0.0,-63.510418,-56.864582,NaN
2018-04-13T12:00:00Z,0.0,-63.510418,-56.864582,NaN
2018-04-14T12:00:00Z,0.0,-63.510418,-56.864582,NaN
2018-04-15T12:00:00Z,0.0,-63.510418,-56.864582,NaN
2018-04-16T12:00:00Z,0.0,-63.510418,-56.864582,NaN
2018-04-17T12:00:00Z,0.0,-63.510418,-56.864582,NaN
2018-04-18T12:00:00Z,0.0,-63.510418,-56.864582,NaN
2018-04-19T12:00:00Z,0.0,-63.510418,-56.864582,NaN
2018-04-20T12:00:00Z,0.0,-63.510418,-56.864582,NaN
2018-04-21T12:00:00Z,0.0,-63.510418,-56.864582,NaN
2018-04-22T12:00:00Z,0.0,-63.510418,-56.864582,NaN
2018-04-23T12:00:00Z,0.0,-63.510418,-56.864582,NaN
2018-04-24T12:00:00Z,0.0,-63.510418,-56.864582,NaN
2018-04-25T12:00:00Z,0.0,-63.510418,-56.864582,NaN
2018-04-26T12:00:00Z,0.0,-63.510418,-56.864582,NaN
2018-04-27T12:00:00Z,0.0,-63.510418,-56.864582,NaN
2018-04-28T12:00:00Z,0.0,-63.510418,-56.864582,NaN
2018-04-29T12:00:00Z,0.0,-63.510418,-56.864582,NaN
2018-04-30T12:00:00Z,0.0,-63.510418,-56.864582,NaN
2018-05-01T12:00:00Z,0.0,-63.510418,-56.864582,NaN
2018-05-02T12:00:00Z,0.0,-63.510418,-56.864582,NaN
2018-05-03T12:00:00Z,0.0,-63.510418,-56.864582,NaN
2018-05-04T12:00:00Z,0.0,-63.510418,-56.864582,NaN
2018-05-05T12:00:00Z,0.0,-63.510418,-56.864582,NaN
2018-05-06T12:00:00Z,0.0,-63.510418,-56.864582,NaN
2018-05-07T12:00:00Z,0.0,-63.510418,-56.864582,NaN
2018-05-08T12:00:00Z,0.0,-63.510418,-56.864582,NaN
2018-05-09T12:00:00Z,0.0,-63.510418,-56.864582,NaN
2018-05-10T12:00:00Z,0.0,-63.510418,-56.864582,NaN
2018-05-11T12:00:00Z,0.0,-63.510418,-56.864582,NaN
2018-05-12T12:00:00Z,0.0,-63.510418,-56.864582,NaN
2018-05-13T12:00:00Z,0.0,-63.510418,-56.864582,NaN
2018-05-14T12:00:00Z,0.0,-63.510418,-56.864582,NaN
2018-05-15T12:00:00Z,0.0,-63.510418,-56.864582,NaN
2018-05-16T12:00:00Z,0.0,-63.510418,-56.864582,NaN
2018-05-17T12:00:00Z,0.0,-63.510418,-56.864582,NaN
2018-05-18T12:00:00Z,0.0,-63.510418,-56.864582,NaN
2018-05-19T12:00:00Z,0.0,-63.510418,-56.864582,NaN
2018-05-20T12:00:00Z,0.0,-63.510418,-56.864582,NaN
2018-05-21T12:00:00Z,0.0,-63.510418,-56.864582,NaN
2018-05-22T12:00:00Z,0.0,-63.510418,-56.864582,NaN
2018-05-23T12:00:00Z,0.0,-63.510418,-56.864582,NaN
2018-05-24T12:00:00Z,0.0,-63.510418,-56.864582,NaN
2018-05-25T12:00:00Z,0.0,-63.510418,-56.864582,NaN
2018-05-26T12:00:00Z,0.0,-63.510418,-56.864582,NaN
2018-05-27T12:00:00Z,0.0,-63.510418,-56.864582,NaN
2018-05-28T12:00:00Z,0.0,-63.510418,-56.864582,NaN
2018-05-29T12:00:00Z,0.0,-63.510418,-56.864582,NaN
2018-05-30T12:00:00Z,0.0,-63.510418,-56.864582,NaN
2018-05-31T12:00:00Z,0.0,-63.510418,-56.864582,NaN
2018-06-01T12:00:00Z,0.0,-63.510418,-56.864582,NaN
2018-06-02T12:00:00Z,0.0,-63.510418,-56.864582,NaN
2018-06-03T12:00:00Z,0.0,-63.510418,-56.864582,NaN
2018-06-04T12:00:00Z,0.0,-63.510418,-56.864582,NaN
2018-06-05T12:00:00Z,0.0,-63.510418,-56.864582,NaN
2018-06-06T12:00:00Z,0.0,-63.510418,-56.864582,NaN
2018-06-07T12:00:00Z,0.0,-63.510418,-56.864582,NaN
2018-06-08T12:00:00Z,0.0,-63.510418,-56.864582,NaN
2018-06-09T12:00:00Z,0.0,-63.510418,-56.864582,NaN
2018-06-10T12:00:00Z,0.0,-63.510418,-56.864582,NaN
2018-06-11T12:00:00Z,0.0,-63.510418,-56.864582,NaN
2018-06-12T12:00:00Z,0.0,-63.510418,-56.864582,NaN
2018-06-13T12:00:00Z,0.0,-63.510418,-56.864582,NaN
2018-06-14T12:00:00Z,0.0,-63.510418,-56.864582,NaN
2018-06-15T12:00:00Z,0.0,-63.510418,-56.864582,NaN
2018-06-16T12:00:00Z,0.0,-63.510418,-56.864582,NaN
2018-06-17T12:00:00Z,0.0,-63.510418,-56.864582,NaN
2018-06-18T12:00:00Z,0.0,-63.510418,-56.864582,NaN
2018-06-19T12:00:00Z,0.0,-63.510418,-56.864582,NaN
2018-06-20T12:00:00Z,0.0,-63.510418,-56.864582,NaN
2018-06-21T12:00:00Z,0.0,-63.510418,-56.864582,NaN
2018-06-22T12:00:00Z,0.0,-63.510418,-56.864582,NaN
2018-06-23T12:00:00Z,0.0,-63.510418,-56.864582,NaN
2018-06-24T12:00:00Z,0.0,-63.510418,-56.864582,NaN
2018-06-25T12:00:00Z,0.0,-63.510418,-56.864582,NaN
2018-06-26T12:00:00Z,0.0,-63.510418,-56.864582,NaN
2018-06-27T12:00:00Z,0.0,-63.510418,-56.864582,NaN
2018-06-28T12:00:00Z,0.0,-63.510418,-56.864582,NaN
2018-06-29T12:00:00Z,0.0,-63.510418,-56.864582,NaN
2018-06-30T12:00:00Z,0.0,-63.510418,-56.864582,NaN
2018-07-01T12:00:00Z,0.0,-63.510418,-56.864582,NaN
2018-07-02T12:00:00Z,0.0,-63.510418,-56.864582,NaN
2018-07-03T12:00:00Z,0.0,-63.510418,-56.864582,NaN
2018-07-04T12:00:00Z,0.0,-63.510418,-56.864582,NaN
2018-07-05T12:00:00Z,0.0,-63.510418,-56.864582,NaN
2018-07-06T12:00:00Z,0.0,-63.510418,-56.864582,NaN
2018-07-07T12:00:00Z,0.0,-63.510418,-56.864582,NaN
2018-07-08T12:00:00Z,0.0,-63.510418,-56.864582,NaN
2018-07-09T12:00:00Z,0.0,-63.510418,-56.864582,NaN
2018-07-10T12:00:00Z,0.0,-63.510418,-56.864582,NaN
2018-07-11T12:00:00Z,0.0,-63.510418,-56.864582,NaN
2018-07-12T12:00:00Z,0.0,-63.510418,-56.864582,NaN
2018-07-13T12:00:00Z,0.0,-63.510418,-56.864582,NaN
2018-07-14T12:00:00Z,0.0,-63.510418,-56.864582,NaN
2018-07-15T12:00:00Z,0.0,-63.510418,-56.864582,NaN
2018-07-16T12:00:00Z,0.0,-63.510418,-56.864582,NaN
2018-07-17T12:00:00Z,0.0,-63.510418,-56.864582,NaN
2018-07-18T12:00:00Z,0.0,-63.510418,-56.864582,NaN
2018-07-19T12:00:00Z,0.0,-63.510418,-56.864582,NaN
2018-07-20T12:00:00Z,0.0,-63.510418,-56.864582,NaN
2018-07-21T12:00:00Z,0.0,-63.510418,-56.864582,NaN
2018-07-22T12:00:00Z,0.0,-63.510418,-56.864582,NaN
2018-07-23T12:00:00Z,0.0,-63.510418,-56.864582,NaN
2018-07-24T12:00:00Z,0.0,-63.510418,-56.864582,NaN
2018-07-25T12:00:00Z,0.0,-63.510418,-56.864582,NaN
2018-07-26T12:00:00Z,0.0,-63.510418,-56.864582,NaN
2018-07-27T12:00:00Z,0.0,-63.510418,-56.864582,NaN
2018-07-28T12:00:00Z,0.0,-63.510418,-56.864582,NaN
2018-07-29T12:00:00Z,0.0,-63.510418,-56.864582,NaN
2018-07-30T12:00:00Z,0.0,-63.510418,-56.864582,NaN
2018-07-31T12:00:00Z,0.0,-63.510418,-56.864582,NaN
2018-08-01T12:00:00Z,0.0,-63.510418,-56.864582,NaN
2018-08-02T12:00:00Z,0.0,-63.510418,-56.864582,NaN
2018-08-03T12:00:00Z,0.0,-63.510418,-56.864582,NaN
2018-08-04T12:00:00Z,0.0,-63.510418,-56.864582,NaN
2018-08-05T12:00:00Z,0.0,-63.510418,-56.864582,NaN
2018-08-06T12:00:00Z,0.0,-63.510418,-56.864582,NaN
2018-08-07T12:00:00Z,0.0,-63.510418,-56.864582,NaN
2018-08-08T12:00:00Z,0.0,-63.510418,-56.864582,NaN
2018-08-09T12:00:00Z,0.0,-63.510418,-56.864582,NaN
2018-08-10T12:00:00Z,0.0,-63.510418,-56.864582,NaN
2018-08-11T12:00:00Z,0.0,-63.510418,-56.864582,NaN
2018-08-12T12:00:00Z,0.0,-63.510418,-56.864582,NaN
2018-08-13T12:00:00Z,0.0,-63.510418,-56.864582,NaN
2018-08-14T12:00:00Z,0.0,-63.510418,-56.864582,NaN
2018-08-15T12:00:00Z,0.0,-63.510418,-56.864582,NaN
2018-08-16T12:00:00Z,0.0,-63.510418,-56.864582,NaN
2018-08-17T12:00:00Z,0.0,-63.510418,-56.864582,NaN
2018-08-18T12:00:00Z,0.0,-63.510418,-56.864582,NaN
2018-08-19T12:00:00Z,0.0,-63.510418,-56.864582,NaN
2018-08-20T12:00:00Z,0.0,-63.510418,-56.864582,NaN
2018-08-21T12:00:00Z,0.0,-63.510418,-56.864582,NaN
2018-08-22T12:00:00Z,0.0,-63.510418,-56.864582,NaN
2018-08-23T12:00:00Z,0.0,-63.510418,-56.864582,NaN
2018-08-24T12:00:00Z,0.0,-63.510418,-56.864582,NaN
2018-08-25T12:00:00Z,0.0,-63.510418,-56.864582,NaN
2018-08-26T12:00:00Z,0.0,-63.510418,-56.864582,NaN
2018-08-27T12:00:00Z,0.0,-63.510418,-56.864582,NaN
2018-08-28T12:00:00Z,0.0,-63.510418,-56.864582,NaN
2018-08-29T12:00:00Z,0.0,-63.510418,-56.864582,NaN
2018-08-30T12:00:00Z,0.0,-63.510418,-56.864582,NaN
2018-08-31T12:00:00Z,0.0,-63.510418,-56.864582,NaN
2018-09-01T12:00:00Z,0.0,-63.510418,-56.864582,NaN
2018-09-02T12:00:00Z,0.0,-63.510418,-56.864582,NaN
2018-09-03T12:00:00Z,0.0,-63.510418,-56.864582,NaN
2018-09-04T12:00:00Z,0.0,-63.510418,-56.864582,NaN
2018-09-05T12:00:00Z,0.0,-63.510418,-56.864582,NaN
2018-09-06T12:00:00Z,0.0,-63.510418,-56.864582,NaN
2018-09-07T12:00:00Z,0.0,-63.510418,-56.864582,NaN
2018-09-08T12:00:00Z,0.0,-63.510418,-56.864582,NaN
2018-09-09T12:00:00Z,0.0,-63.510418,-56.864582,NaN
2018-09-10T12:00:00Z,0.0,-63.510418,-56.864582,NaN
2018-09-11T12:00:00Z,0.0,-63.510418,-56.864582,NaN
2018-09-12T12:00:00Z,0.0,-63.510418,-56.864582,NaN
2018-09-13T12:00:00Z,0.0,-63.510418,-56.864582,NaN
2018-09-14T12:00:00Z,0.0,-63.510418,-56.864582,NaN
2018-09-15T12:00:00Z,0.0,-63.510418,-56.864582,NaN
2018-09-16T12:00:00Z,0.0,-63.510418,-56.864582,NaN
2018-09-17T12:00:00Z,0.0,-63.510418,-56.864582,NaN
2018-09-18T12:00:00Z,0.0,-63.510418,-56.864582,NaN
2018-09-19T12:00:00Z,0.0,-63.510418,-56.864582,NaN
2018-09-20T12:00:00Z,0.0,-63.510418,-56.864582,NaN
2018-09-21T12:00:00Z,0.0,-63.510418,-56.864582,NaN
2018-09-22T12:00:00Z,0.0,-63.510418,-56.864582,NaN
2018-09-23T12:00:00Z,0.0,-63.510418,-56.864582,NaN
2018-09-24T12:00:00Z,0.0,-63.510418,-56.864582,NaN
2018-09-25T12:00:00Z,0.0,-63.510418,-56.864582,NaN
2018-09-26T12:00:00Z,0.0,-63.510418,-56.864582,NaN
2018-09-27T12:00:00Z,0.0,-63.510418,-56.864582,NaN
2018-09-28T12:00:00Z,0.0,-63.510418,-56.864582,NaN
2018-09-29T12:00:00Z,0.0,-63.510418,-56.864582,NaN
2018-09-30T12:00:00Z,0.0,-63.510418,-56.864582,NaN
2018-10-01T12:00:00Z,0.0,-63.510418,-56.864582,NaN
2018-10-02T12:00:00Z,0.0,-63.510418,-56.864582,NaN
2018-10-03T12:00:00Z,0.0,-63.510418,-56.864582,NaN
2018-10-04T12:00:00Z,0.0,-63.510418,-56.864582,NaN
2018-10-05T12:00:00Z,0.0,-63.510418,-56.864582,NaN
2018-10-06T12:00:00Z,0.0,-63.510418,-56.864582,NaN
2018-10-07T12:00:00Z,0.0,-63.510418,-56.864582,NaN
2018-10-08T12:00:00Z,0.0,-63.510418,-56.864582,NaN
2018-10-09T12:00:00Z,0.0,-63.510418,-56.864582,NaN
2018-10-10T12:00:00Z,0.0,-63.510418,-56.864582,NaN
2018-10-11T12:00:00Z,0.0,-63.510418,-56.864582,NaN
2018-10-12T12:00:00Z,0.0,-63.510418,-56.864582,NaN
2018-10-13T12:00:00Z,0.0,-63.510418,-56.864582,NaN
2018-10-14T12:00:00Z,0.0,-63.510418,-56.864582,NaN
2018-10-15T12:00:00Z,0.0,-63.510418,-56.864582,NaN
2018-10-16T12:00:00Z,0.0,-63.510418,-56.864582,0.15242486
2018-10-17T12:00:00Z,0.0,-63.510418,-56.864582,0.32516202
2018-10-18T12:00:00Z,0.0,-63.510418,-56.864582,0.26773265
2018-10-19T12:00:00Z,0.0,-63.510418,-56.864582,0.27855438
2018-10-20T12:00:00Z,0.0,-63.510418,-56.864582,0.13829614
2018-10-21T12:00:00Z,0.0,-63.510418,-56.864582,0.11063233
2018-10-22T12:00:00Z,0.0,-63.510418,-56.864582,0.12392669
2018-10-23T12:00:00Z,0.0,-63.510418,-56.864582,0.12898764
2018-10-24T12:00:00Z,0.0,-63.510418,-56.864582,0.15869166
2018-10-25T12:00:00Z,0.0,-63.510418,-56.864582,0.11962987
2018-10-26T12:00:00Z,0.0,-63.510418,-56.864582,0.08010871
2018-10-27T12:00:00Z,0.0,-63.510418,-56.864582,0.13534635
2018-10-28T12:00:00Z,0.0,-63.510418,-56.864582,0.14482886
2018-10-29T12:00:00Z,0.0,-63.510418,-56.864582,0.14245243
2018-10-30T12:00:00Z,0.0,-63.510418,-56.864582,0.06335059
2018-10-31T12:00:00Z,0.0,-63.510418,-56.864582,0.13279615
2018-11-01T12:00:00Z,0.0,-63.510418,-56.864582,0.108152375
2018-11-02T12:00:00Z,0.0,-63.510418,-56.864582,0.112540774
2018-11-03T12:00:00Z,0.0,-63.510418,-56.864582,0.11889141
2018-11-04T12:00:00Z,0.0,-63.510418,-56.864582,0.11937336
2018-11-05T12:00:00Z,0.0,-63.510418,-56.864582,0.11407216
2018-11-06T12:00:00Z,0.0,-63.510418,-56.864582,0.11285837
2018-11-07T12:00:00Z,0.0,-63.510418,-56.864582,0.11310155
2018-11-08T12:00:00Z,0.0,-63.510418,-56.864582,0.10841485
2018-11-09T12:00:00Z,0.0,-63.510418,-56.864582,0.09446055
2018-11-10T12:00:00Z,0.0,-63.510418,-56.864582,0.09527829
2018-11-11T12:00:00Z,0.0,-63.510418,-56.864582,0.09132951
2018-11-12T12:00:00Z,0.0,-63.510418,-56.864582,0.11192508
2018-11-13T12:00:00Z,0.0,-63.510418,-56.864582,0.06842515
2018-11-14T12:00:00Z,0.0,-63.510418,-56.864582,0.06521116
2018-11-15T12:00:00Z,0.0,-63.510418,-56.864582,0.077456534
2018-11-16T12:00:00Z,0.0,-63.510418,-56.864582,0.08753717
2018-11-17T12:00:00Z,0.0,-63.510418,-56.864582,0.110273495
2018-11-18T12:00:00Z,0.0,-63.510418,-56.864582,0.11191195
2018-11-19T12:00:00Z,0.0,-63.510418,-56.864582,0.09096641
2018-11-20T12:00:00Z,0.0,-63.510418,-56.864582,0.093934566
2018-11-21T12:00:00Z,0.0,-63.510418,-56.864582,0.11270446
2018-11-22T12:00:00Z,0.0,-63.510418,-56.864582,0.106601216
2018-11-23T12:00:00Z,0.0,-63.510418,-56.864582,0.10587454
2018-11-24T12:00:00Z,0.0,-63.510418,-56.864582,0.099639826
2018-11-25T12:00:00Z,0.0,-63.510418,-56.864582,0.13274886
2018-11-26T12:00:00Z,0.0,-63.510418,-56.864582,0.1416818
2018-11-27T12:00:00Z,0.0,-63.510418,-56.864582,0.16194126
2018-11-28T12:00:00Z,0.0,-63.510418,-56.864582,0.16269352
2018-11-29T12:00:00Z,0.0,-63.510418,-56.864582,0.16663876
2018-11-30T12:00:00Z,0.0,-63.510418,-56.864582,0.2132454
2018-12-01T12:00:00Z,0.0,-63.510418,-56.864582,0.22001554
2018-12-02T12:00:00Z,0.0,-63.510418,-56.864582,0.24846967
2018-12-03T12:00:00Z,0.0,-63.510418,-56.864582,0.30540782
2018-12-04T12:00:00Z,0.0,-63.510418,-56.864582,0.30249223
2018-12-05T12:00:00Z,0.0,-63.510418,-56.864582,0.33182886
2018-12-06T12:00:00Z,0.0,-63.510418,-56.864582,0.34662914
2018-12-07T12:00:00Z,0.0,-63.510418,-56.864582,0.34995466
2018-12-08T12:00:00Z,0.0,-63.510418,-56.864582,0.3189143
2018-12-09T12:00:00Z,0.0,-63.510418,-56.864582,0.30464572
2018-12-10T12:00:00Z,0.0,-63.510418,-56.864582,0.32381746
2018-12-11T12:00:00Z,0.0,-63.510418,-56.864582,0.32809207
2018-12-12T12:00:00Z,0.0,-63.510418,-56.864582,0.36214897
2018-12-13T12:00:00Z,0.0,-63.510418,-56.864582,0.3908415
2018-12-14T12:00:00Z,0.0,-63.510418,-56.864582,0.3978593
2018-12-15T12:00:00Z,0.0,-63.510418,-56.864582,0.40341023
2018-12-16T12:00:00Z,0.0,-63.510418,-56.864582,0.43813226
2018-12-17T12:00:00Z,0.0,-63.510418,-56.864582,0.48261642
2018-12-18T12:00:00Z,0.0,-63.510418,-56.864582,0.39866444
2018-12-19T12:00:00Z,0.0,-63.510418,-56.864582,0.40949166
2018-12-20T12:00:00Z,0.0,-63.510418,-56.864582,0.43202677
2018-12-21T12:00:00Z,0.0,-63.510418,-56.864582,0.41003737
2018-12-22T12:00:00Z,0.0,-63.510418,-56.864582,0.42528054
2018-12-23T12:00:00Z,0.0,-63.510418,-56.864582,0.4072966
2018-12-24T12:00:00Z,0.0,-63.510418,-56.864582,0.3997594
2018-12-25T12:00:00Z,0.0,-63.510418,-56.864582,0.35533327
2018-12-26T12:00:00Z,0.0,-63.510418,-56.864582,0.36694363
2018-12-27T12:00:00Z,0.0,-63.510418,-56.864582,0.3397234
2018-12-28T12:00:00Z,0.0,-63.510418,-56.864582,0.33785754
2018-12-29T12:00:00Z,0.0,-63.510418,-56.864582,0.34690303
2018-12-30T12:00:00Z,0.0,-63.510418,-56.864582,0.35490575
2018-12-31T12:00:00Z,0.0,-63.510418,-56.864582,0.3564027
2019-01-01T12:00:00Z,0.0,-63.510418,-56.864582,0.27212736
2019-01-02T12:00:00Z,0.0,-63.510418,-56.864582,0.2722065
2019-01-03T12:00:00Z,0.0,-63.510418,-56.864582,0.3191549
2019-01-04T12:00:00Z,0.0,-63.510418,-56.864582,0.29433987
2019-01-05T12:00:00Z,0.0,-63.510418,-56.864582,0.29695952
2019-01-06T12:00:00Z,0.0,-63.510418,-56.864582,0.2821966
2019-01-07T12:00:00Z,0.0,-63.510418,-56.864582,0.270337
2019-01-08T12:00:00Z,0.0,-63.510418,-56.864582,0.27733153
2019-01-09T12:00:00Z,0.0,-63.510418,-56.864582,0.2737103
2019-01-10T12:00:00Z,0.0,-63.510418,-56.864582,0.27281183
2019-01-11T12:00:00Z,0.0,-63.510418,-56.864582,0.2692203
2019-01-12T12:00:00Z,0.0,-63.510418,-56.864582,0.25683248
2019-01-13T12:00:00Z,0.0,-63.510418,-56.864582,0.25867397
2019-01-14T12:00:00Z,0.0,-63.510418,-56.864582,0.26735976
2019-01-15T12:00:00Z,0.0,-63.510418,-56.864582,0.26064092
2019-01-16T12:00:00Z,0.0,-63.510418,-56.864582,0.26740232
2019-01-17T12:00:00Z,0.0,-63.510418,-56.864582,0.19165373
2019-01-18T12:00:00Z,0.0,-63.510418,-56.864582,0.18268451
2019-01-19T12:00:00Z,0.0,-63.510418,-56.864582,0.18514901
2019-01-20T12:00:00Z,0.0,-63.510418,-56.864582,0.17634773
2019-01-21T12:00:00Z,0.0,-63.510418,-56.864582,0.16317484
2019-01-22T12:00:00Z,0.0,-63.510418,-56.864582,0.15912248
2019-01-23T12:00:00Z,0.0,-63.510418,-56.864582,0.14488286
2019-01-24T12:00:00Z,0.0,-63.510418,-56.864582,0.13926023
2019-01-25T12:00:00Z,0.0,-63.510418,-56.864582,0.12666859
2019-01-26T12:00:00Z,0.0,-63.510418,-56.864582,0.13286015
2019-01-27T12:00:00Z,0.0,-63.510418,-56.864582,0.122114286
2019-01-28T12:00:00Z,0.0,-63.510418,-56.864582,0.1261612
2019-01-29T12:00:00Z,0.0,-63.510418,-56.864582,0.12044357
2019-01-30T12:00:00Z,0.0,-63.510418,-56.864582,0.11258143
2019-01-31T12:00:00Z,0.0,-63.510418,-56.864582,0.09775858
2019-02-01T12:00:00Z,0.0,-63.510418,-56.864582,0.14409542
2019-02-02T12:00:00Z,0.0,-63.510418,-56.864582,0.15630047
2019-02-03T12:00:00Z,0.0,-63.510418,-56.864582,0.15475075
2019-02-04T12:00:00Z,0.0,-63.510418,-56.864582,0.15120606
2019-02-05T12:00:00Z,0.0,-63.510418,-56.864582,0.15132238
2019-02-06T12:00:00Z,0.0,-63.510418,-56.864582,0.15175669
2019-02-07T12:00:00Z,0.0,-63.510418,-56.864582,0.1805156
2019-02-08T12:00:00Z,0.0,-63.510418,-56.864582,0.1746883
2019-02-09T12:00:00Z,0.0,-63.510418,-56.864582,0.17300124
2019-02-10T12:00:00Z,0.0,-63.510418,-56.864582,0.17484176
2019-02-11T12:00:00Z,0.0,-63.510418,-56.864582,0.18345007
2019-02-12T12:00:00Z,0.0,-63.510418,-56.864582,0.18365557
2019-02-13T12:00:00Z,0.0,-63.510418,-56.864582,0.18117252
2019-02-14T12:00:00Z,0.0,-63.510418,-56.864582,0.18577226
2019-02-15T12:00:00Z,0.0,-63.510418,-56.864582,0.18751405
2019-02-16T12:00:00Z,0.0,-63.510418,-56.864582,0.18558638
2019-02-17T12:00:00Z,0.0,-63.510418,-56.864582,0.18279238
2019-02-18T12:00:00Z,0.0,-63.510418,-56.864582,0.18515112
2019-02-19T12:00:00Z,0.0,-63.510418,-56.864582,0.18558756
2019-02-20T12:00:00Z,0.0,-63.510418,-56.864582,0.15371777
2019-02-21T12:00:00Z,0.0,-63.510418,-56.864582,0.15499127
2019-02-22T12:00:00Z,0.0,-63.510418,-56.864582,0.15559621
2019-02-23T12:00:00Z,0.0,-63.510418,-56.864582,0.16030164
2019-02-24T12:00:00Z,0.0,-63.510418,-56.864582,0.16857108
2019-02-25T12:00:00Z,0.0,-63.510418,-56.864582,0.16871887
2019-02-26T12:00:00Z,0.0,-63.510418,-56.864582,0.17289925
2019-02-27T12:00:00Z,0.0,-63.510418,-56.864582,0.055566814
2019-02-28T12:00:00Z,0.0,-63.510418,-56.864582,0.053488594
2019-03-01T12:00:00Z,0.0,-63.510418,-56.864582,0.065454796
2019-03-02T12:00:00Z,0.0,-63.510418,-56.864582,0.07344802
2019-03-03T12:00:00Z,0.0,-63.510418,-56.864582,0.08246543
2019-03-04T12:00:00Z,0.0,-63.510418,-56.864582,0.0857587
2019-03-05T12:00:00Z,0.0,-63.510418,-56.864582,0.081843674
2019-03-06T12:00:00Z,0.0,-63.510418,-56.864582,0.07958218
2019-03-07T12:00:00Z,0.0,-63.510418,-56.864582,0.09033136
2019-03-08T12:00:00Z,0.0,-63.510418,-56.864582,0.08712874
2019-03-09T12:00:00Z,0.0,-63.510418,-56.864582,0.0903088
2019-03-10T12:00:00Z,0.0,-63.510418,-56.864582,0.09684747
2019-03-11T12:00:00Z,0.0,-63.510418,-56.864582,0.0963086
2019-03-12T12:00:00Z,0.0,-63.510418,-56.864582,0.09461417
2019-03-13T12:00:00Z,0.0,-63.510418,-56.864582,0.115795955
2019-03-14T12:00:00Z,0.0,-63.510418,-56.864582,0.09981524
2019-03-15T12:00:00Z,0.0,-63.510418,-56.864582,0.102806345
2019-03-16T12:00:00Z,0.0,-63.510418,-56.864582,0.1256958
2019-03-17T12:00:00Z,0.0,-63.510418,-56.864582,0.13370192
2019-03-18T12:00:00Z,0.0,-63.510418,-56.864582,0.18941884
2019-03-19T12:00:00Z,0.0,-63.510418,-56.864582,NaN
2019-03-20T12:00:00Z,0.0,-63.510418,-56.864582,NaN
2019-03-21T12:00:00Z,0.0,-63.510418,-56.864582,NaN
2019-03-22T12:00:00Z,0.0,-63.510418,-56.864582,NaN
2019-03-23T12:00:00Z,0.0,-63.510418,-56.864582,NaN
2019-03-24T12:00:00Z,0.0,-63.510418,-56.864582,NaN
2019-03-25T12:00:00Z,0.0,-63.510418,-56.864582,NaN
2019-03-26T12:00:00Z,0.0,-63.510418,-56.864582,NaN
2019-03-27T12:00:00Z,0.0,-63.510418,-56.864582,NaN
2019-03-28T12:00:00Z,0.0,-63.510418,-56.864582,NaN
2019-03-29T12:00:00Z,0.0,-63.510418,-56.864582,NaN
2019-03-30T12:00:00Z,0.0,-63.510418,-56.864582,NaN
2019-03-31T12:00:00Z,0.0,-63.510418,-56.864582,NaN
2019-04-01T12:00:00Z,0.0,-63.510418,-56.864582,NaN
2019-04-02T12:00:00Z,0.0,-63.510418,-56.864582,NaN
2019-04-03T12:00:00Z,0.0,-63.510418,-56.864582,NaN
2019-04-04T12:00:00Z,0.0,-63.510418,-56.864582,NaN
2019-04-05T12:00:00Z,0.0,-63.510418,-56.864582,NaN
2019-04-06T12:00:00Z,0.0,-63.510418,-56.864582,NaN
2019-04-07T12:00:00Z,0.0,-63.510418,-56.864582,NaN
2019-04-08T12:00:00Z,0.0,-63.510418,-56.864582,NaN
2019-04-09T12:00:00Z,0.0,-63.510418,-56.864582,NaN
2019-04-10T12:00:00Z,0.0,-63.510418,-56.864582,NaN
2019-04-11T12:00:00Z,0.0,-63.510418,-56.864582,NaN
2019-04-12T12:00:00Z,0.0,-63.510418,-56.864582,NaN
2019-04-13T12:00:00Z,0.0,-63.510418,-56.864582,NaN
2019-04-14T12:00:00Z,0.0,-63.510418,-56.864582,NaN
2019-04-15T12:00:00Z,0.0,-63.510418,-56.864582,NaN
2019-04-16T12:00:00Z,0.0,-63.510418,-56.864582,NaN
2019-04-17T12:00:00Z,0.0,-63.510418,-56.864582,NaN
2019-04-18T12:00:00Z,0.0,-63.510418,-56.864582,NaN
2019-04-19T12:00:00Z,0.0,-63.510418,-56.864582,NaN
2019-04-20T12:00:00Z,0.0,-63.510418,-56.864582,NaN
2019-04-21T12:00:00Z,0.0,-63.510418,-56.864582,NaN
2019-04-22T12:00:00Z,0.0,-63.510418,-56.864582,NaN
2019-04-23T12:00:00Z,0.0,-63.510418,-56.864582,NaN
2019-04-24T12:00:00Z,0.0,-63.510418,-56.864582,NaN
2019-04-25T12:00:00Z,0.0,-63.510418,-56.864582,NaN
2019-04-26T12:00:00Z,0.0,-63.510418,-56.864582,NaN
2019-04-27T12:00:00Z,0.0,-63.510418,-56.864582,NaN
2019-04-28T12:00:00Z,0.0,-63.510418,-56.864582,NaN
2019-04-29T12:00:00Z,0.0,-63.510418,-56.864582,NaN
2019-04-30T12:00:00Z,0.0,-63.510418,-56.864582,NaN
2019-05-01T12:00:00Z,0.0,-63.510418,-56.864582,NaN
2019-05-02T12:00:00Z,0.0,-63.510418,-56.864582,NaN
2019-05-03T12:00:00Z,0.0,-63.510418,-56.864582,NaN
2019-05-04T12:00:00Z,0.0,-63.510418,-56.864582,NaN
2019-05-05T12:00:00Z,0.0,-63.510418,-56.864582,NaN
2019-05-06T12:00:00Z,0.0,-63.510418,-56.864582,NaN
2019-05-07T12:00:00Z,0.0,-63.510418,-56.864582,NaN
2019-05-08T12:00:00Z,0.0,-63.510418,-56.864582,NaN
2019-05-09T12:00:00Z,0.0,-63.510418,-56.864582,NaN
2019-05-10T12:00:00Z,0.0,-63.510418,-56.864582,NaN
2019-05-11T12:00:00Z,0.0,-63.510418,-56.864582,NaN
2019-05-12T12:00:00Z,0.0,-63.510418,-56.864582,NaN
2019-05-13T12:00:00Z,0.0,-63.510418,-56.864582,NaN
2019-05-14T12:00:00Z,0.0,-63.510418,-56.864582,NaN
2019-05-15T12:00:00Z,0.0,-63.510418,-56.864582,NaN
2019-05-16T12:00:00Z,0.0,-63.510418,-56.864582,NaN
2019-05-17T12:00:00Z,0.0,-63.510418,-56.864582,NaN
2019-05-18T12:00:00Z,0.0,-63.510418,-56.864582,NaN
2019-05-19T12:00:00Z,0.0,-63.510418,-56.864582,NaN
2019-05-20T12:00:00Z,0.0,-63.510418,-56.864582,NaN
2019-05-21T12:00:00Z,0.0,-63.510418,-56.864582,NaN
2019-05-22T12:00:00Z,0.0,-63.510418,-56.864582,NaN
2019-05-23T12:00:00Z,0.0,-63.510418,-56.864582,NaN
2019-05-24T12:00:00Z,0.0,-63.510418,-56.864582,NaN
2019-05-25T12:00:00Z,0.0,-63.510418,-56.864582,NaN
2019-05-26T12:00:00Z,0.0,-63.510418,-56.864582,NaN
2019-05-27T12:00:00Z,0.0,-63.510418,-56.864582,NaN
2019-05-28T12:00:00Z,0.0,-63.510418,-56.864582,NaN
2019-05-29T12:00:00Z,0.0,-63.510418,-56.864582,NaN
2019-05-30T12:00:00Z,0.0,-63.510418,-56.864582,NaN
2019-05-31T12:00:00Z,0.0,-63.510418,-56.864582,NaN
2019-06-01T12:00:00Z,0.0,-63.510418,-56.864582,NaN
2019-06-02T12:00:00Z,0.0,-63.510418,-56.864582,NaN
2019-06-03T12:00:00Z,0.0,-63.510418,-56.864582,NaN
2019-06-04T12:00:00Z,0.0,-63.510418,-56.864582,NaN
2019-06-05T12:00:00Z,0.0,-63.510418,-56.864582,NaN
2019-06-06T12:00:00Z,0.0,-63.510418,-56.864582,NaN
2019-06-07T12:00:00Z,0.0,-63.510418,-56.864582,NaN
2019-06-08T12:00:00Z,0.0,-63.510418,-56.864582,NaN
2019-06-09T12:00:00Z,0.0,-63.510418,-56.864582,NaN
2019-06-10T12:00:00Z,0.0,-63.510418,-56.864582,NaN
2019-06-11T12:00:00Z,0.0,-63.510418,-56.864582,NaN
2019-06-12T12:00:00Z,0.0,-63.510418,-56.864582,NaN
2019-06-13T12:00:00Z,0.0,-63.510418,-56.864582,NaN
2019-06-14T12:00:00Z,0.0,-63.510418,-56.864582,NaN
2019-06-15T12:00:00Z,0.0,-63.510418,-56.864582,NaN
2019-06-16T12:00:00Z,0.0,-63.510418,-56.864582,NaN
2019-06-17T12:00:00Z,0.0,-63.510418,-56.864582,NaN
2019-06-18T12:00:00Z,0.0,-63.510418,-56.864582,NaN
2019-06-19T12:00:00Z,0.0,-63.510418,-56.864582,NaN
2019-06-20T12:00:00Z,0.0,-63.510418,-56.864582,NaN
2019-06-21T12:00:00Z,0.0,-63.510418,-56.864582,NaN
2019-06-22T12:00:00Z,0.0,-63.510418,-56.864582,NaN
2019-06-23T12:00:00Z,0.0,-63.510418,-56.864582,NaN
2019-06-24T12:00:00Z,0.0,-63.510418,-56.864582,NaN
2019-06-25T12:00:00Z,0.0,-63.510418,-56.864582,NaN
2019-06-26T12:00:00Z,0.0,-63.510418,-56.864582,NaN
2019-06-27T12:00:00Z,0.0,-63.510418,-56.864582,NaN
2019-06-28T12:00:00Z,0.0,-63.510418,-56.864582,NaN
2019-06-29T12:00:00Z,0.0,-63.510418,-56.864582,NaN
2019-06-30T12:00:00Z,0.0,-63.510418,-56.864582,NaN
2019-07-01T12:00:00Z,0.0,-63.510418,-56.864582,NaN
2019-07-02T12:00:00Z,0.0,-63.510418,-56.864582,NaN
2019-07-03T12:00:00Z,0.0,-63.510418,-56.864582,NaN
2019-07-04T12:00:00Z,0.0,-63.510418,-56.864582,NaN
2019-07-05T12:00:00Z,0.0,-63.510418,-56.864582,NaN
2019-07-06T12:00:00Z,0.0,-63.510418,-56.864582,NaN
2019-07-07T12:00:00Z,0.0,-63.510418,-56.864582,NaN
2019-07-08T12:00:00Z,0.0,-63.510418,-56.864582,NaN
2019-07-09T12:00:00Z,0.0,-63.510418,-56.864582,NaN
2019-07-10T12:00:00Z,0.0,-63.510418,-56.864582,NaN
2019-07-11T12:00:00Z,0.0,-63.510418,-56.864582,NaN
2019-07-12T12:00:00Z,0.0,-63.510418,-56.864582,NaN
2019-07-13T12:00:00Z,0.0,-63.510418,-56.864582,NaN
2019-07-14T12:00:00Z,0.0,-63.510418,-56.864582,NaN
2019-07-15T12:00:00Z,0.0,-63.510418,-56.864582,NaN
2019-07-16T12:00:00Z,0.0,-63.510418,-56.864582,NaN
2019-07-17T12:00:00Z,0.0,-63.510418,-56.864582,NaN
2019-07-18T12:00:00Z,0.0,-63.510418,-56.864582,NaN
2019-07-19T12:00:00Z,0.0,-63.510418,-56.864582,NaN
2019-07-20T12:00:00Z,0.0,-63.510418,-56.864582,NaN
2019-07-21T12:00:00Z,0.0,-63.510418,-56.864582,NaN
2019-07-22T12:00:00Z,0.0,-63.510418,-56.864582,NaN
2019-07-23T12:00:00Z,0.0,-63.510418,-56.864582,NaN
2019-07-24T12:00:00Z,0.0,-63.510418,-56.864582,NaN
2019-07-25T12:00:00Z,0.0,-63.510418,-56.864582,NaN
2019-07-26T12:00:00Z,0.0,-63.510418,-56.864582,NaN
2019-07-27T12:00:00Z,0.0,-63.510418,-56.864582,NaN
2019-07-28T12:00:00Z,0.0,-63.510418,-56.864582,NaN
2019-07-29T12:00:00Z,0.0,-63.510418,-56.864582,NaN
2019-07-30T12:00:00Z,0.0,-63.510418,-56.864582,NaN
2019-07-31T12:00:00Z,0.0,-63.510418,-56.864582,NaN
2019-08-01T12:00:00Z,0.0,-63.510418,-56.864582,NaN
2019-08-02T12:00:00Z,0.0,-63.510418,-56.864582,NaN
2019-08-03T12:00:00Z,0.0,-63.510418,-56.864582,NaN
2019-08-04T12:00:00Z,0.0,-63.510418,-56.864582,NaN
2019-08-05T12:00:00Z,0.0,-63.510418,-56.864582,NaN
2019-08-06T12:00:00Z,0.0,-63.510418,-56.864582,NaN
2019-08-07T12:00:00Z,0.0,-63.510418,-56.864582,NaN
2019-08-08T12:00:00Z,0.0,-63.510418,-56.864582,NaN
2019-08-09T12:00:00Z,0.0,-63.510418,-56.864582,NaN
2019-08-10T12:00:00Z,0.0,-63.510418,-56.864582,NaN
2019-08-11T12:00:00Z,0.0,-63.510418,-56.864582,NaN
2019-08-12T12:00:00Z,0.0,-63.510418,-56.864582,NaN
2019-08-13T12:00:00Z,0.0,-63.510418,-56.864582,NaN
2019-08-14T12:00:00Z,0.0,-63.510418,-56.864582,NaN
2019-08-15T12:00:00Z,0.0,-63.510418,-56.864582,NaN
2019-08-16T12:00:00Z,0.0,-63.510418,-56.864582,NaN
2019-08-17T12:00:00Z,0.0,-63.510418,-56.864582,NaN
2019-08-18T12:00:00Z,0.0,-63.510418,-56.864582,NaN
2019-08-19T12:00:00Z,0.0,-63.510418,-56.864582,NaN
2019-08-20T12:00:00Z,0.0,-63.510418,-56.864582,NaN
2019-08-21T12:00:00Z,0.0,-63.510418,-56.864582,NaN
2019-08-22T12:00:00Z,0.0,-63.510418,-56.864582,NaN
2019-08-23T12:00:00Z,0.0,-63.510418,-56.864582,NaN
2019-08-24T12:00:00Z,0.0,-63.510418,-56.864582,NaN
2019-08-25T12:00:00Z,0.0,-63.510418,-56.864582,NaN
2019-08-26T12:00:00Z,0.0,-63.510418,-56.864582,NaN
2019-08-27T12:00:00Z,0.0,-63.510418,-56.864582,NaN
2019-08-28T12:00:00Z,0.0,-63.510418,-56.864582,NaN
2019-08-29T12:00:00Z,0.0,-63.510418,-56.864582,NaN
2019-08-30T12:00:00Z,0.0,-63.510418,-56.864582,NaN
2019-08-31T12:00:00Z,0.0,-63.510418,-56.864582,NaN
2019-09-01T12:00:00Z,0.0,-63.510418,-56.864582,NaN
2019-09-02T12:00:00Z,0.0,-63.510418,-56.864582,NaN
2019-09-03T12:00:00Z,0.0,-63.510418,-56.864582,NaN
2019-09-04T12:00:00Z,0.0,-63.510418,-56.864582,NaN
2019-09-05T12:00:00Z,0.0,-63.510418,-56.864582,NaN
2019-09-06T12:00:00Z,0.0,-63.510418,-56.864582,NaN
2019-09-07T12:00:00Z,0.0,-63.510418,-56.864582,NaN
2019-09-08T12:00:00Z,0.0,-63.510418,-56.864582,NaN
2019-09-09T12:00:00Z,0.0,-63.510418,-56.864582,NaN
2019-09-10T12:00:00Z,0.0,-63.510418,-56.864582,NaN
2019-09-11T12:00:00Z,0.0,-63.510418,-56.864582,NaN
2019-09-12T12:00:00Z,0.0,-63.510418,-56.864582,NaN
2019-09-13T12:00:00Z,0.0,-63.510418,-56.864582,NaN
2019-09-14T12:00:00Z,0.0,-63.510418,-56.864582,NaN
2019-09-15T12:00:00Z,0.0,-63.510418,-56.864582,NaN
2019-09-16T12:00:00Z,0.0,-63.510418,-56.864582,NaN
2019-09-17T12:00:00Z,0.0,-63.510418,-56.864582,NaN
2019-09-18T12:00:00Z,0.0,-63.510418,-56.864582,NaN
2019-09-19T12:00:00Z,0.0,-63.510418,-56.864582,NaN
2019-09-20T12:00:00Z,0.0,-63.510418,-56.864582,NaN
2019-09-21T12:00:00Z,0.0,-63.510418,-56.864582,NaN
2019-09-22T12:00:00Z,0.0,-63.510418,-56.864582,NaN
2019-09-23T12:00:00Z,0.0,-63.510418,-56.864582,NaN
2019-09-24T12:00:00Z,0.0,-63.510418,-56.864582,NaN
2019-09-25T12:00:00Z,0.0,-63.510418,-56.864582,NaN
2019-09-26T12:00:00Z,0.0,-63.510418,-56.864582,NaN
2019-09-27T12:00:00Z,0.0,-63.510418,-56.864582,NaN
2019-09-28T12:00:00Z,0.0,-63.510418,-56.864582,NaN
2019-09-29T12:00:00Z,0.0,-63.510418,-56.864582,NaN
2019-09-30T12:00:00Z,0.0,-63.510418,-56.864582,NaN
2019-10-01T12:00:00Z,0.0,-63.510418,-56.864582,NaN
2019-10-02T12:00:00Z,0.0,-63.510418,-56.864582,NaN
2019-10-03T12:00:00Z,0.0,-63.510418,-56.864582,NaN
2019-10-04T12:00:00Z,0.0,-63.510418,-56.864582,NaN
2019-10-05T12:00:00Z,0.0,-63.510418,-56.864582,NaN
2019-10-06T12:00:00Z,0.0,-63.510418,-56.864582,NaN
2019-10-07T12:00:00Z,0.0,-63.510418,-56.864582,NaN
2019-10-08T12:00:00Z,0.0,-63.510418,-56.864582,NaN
2019-10-09T12:00:00Z,0.0,-63.510418,-56.864582,NaN
2019-10-10T12:00:00Z,0.0,-63.510418,-56.864582,NaN
2019-10-11T12:00:00Z,0.0,-63.510418,-56.864582,NaN
2019-10-12T12:00:00Z,0.0,-63.510418,-56.864582,NaN
2019-10-13T12:00:00Z,0.0,-63.510418,-56.864582,NaN
2019-10-14T12:00:00Z,0.0,-63.510418,-56.864582,NaN
2019-10-15T12:00:00Z,0.0,-63.510418,-56.864582,NaN
2019-10-16T12:00:00Z,0.0,-63.510418,-56.864582,0.40622333
2019-10-17T12:00:00Z,0.0,-63.510418,-56.864582,0.18679634
2019-10-18T12:00:00Z,0.0,-63.510418,-56.864582,0.14254598
2019-10-19T12:00:00Z,0.0,-63.510418,-56.864582,0.18542604
2019-10-20T12:00:00Z,0.0,-63.510418,-56.864582,0.12588654
2019-10-21T12:00:00Z,0.0,-63.510418,-56.864582,0.13104475
2019-10-22T12:00:00Z,0.0,-63.510418,-56.864582,0.114027254
2019-10-23T12:00:00Z,0.0,-63.510418,-56.864582,0.10918525
2019-10-24T12:00:00Z,0.0,-63.510418,-56.864582,0.106637634
2019-10-25T12:00:00Z,0.0,-63.510418,-56.864582,0.08997745
2019-10-26T12:00:00Z,0.0,-63.510418,-56.864582,0.09693347
2019-10-27T12:00:00Z,0.0,-63.510418,-56.864582,0.099393934
2019-10-28T12:00:00Z,0.0,-63.510418,-56.864582,0.083907925
2019-10-29T12:00:00Z,0.0,-63.510418,-56.864582,0.0831583
2019-10-30T12:00:00Z,0.0,-63.510418,-56.864582,0.07217687
2019-10-31T12:00:00Z,0.0,-63.510418,-56.864582,0.089174666
2019-11-01T12:00:00Z,0.0,-63.510418,-56.864582,0.071952544
2019-11-02T12:00:00Z,0.0,-63.510418,-56.864582,0.06998728
2019-11-03T12:00:00Z,0.0,-63.510418,-56.864582,0.07973567
2019-11-04T12:00:00Z,0.0,-63.510418,-56.864582,0.064264566
2019-11-05T12:00:00Z,0.0,-63.510418,-56.864582,0.092732705
2019-11-06T12:00:00Z,0.0,-63.510418,-56.864582,0.060831808
2019-11-07T12:00:00Z,0.0,-63.510418,-56.864582,0.06348583
2019-11-08T12:00:00Z,0.0,-63.510418,-56.864582,0.08464979
2019-11-09T12:00:00Z,0.0,-63.510418,-56.864582,0.072286785
2019-11-10T12:00:00Z,0.0,-63.510418,-56.864582,0.037739117
2019-11-11T12:00:00Z,0.0,-63.510418,-56.864582,0.07316684
2019-11-12T12:00:00Z,0.0,-63.510418,-56.864582,0.039528836
2019-11-13T12:00:00Z,0.0,-63.510418,-56.864582,0.09785876
2019-11-14T12:00:00Z,0.0,-63.510418,-56.864582,0.11808274
2019-11-15T12:00:00Z,0.0,-63.510418,-56.864582,0.09084243
2019-11-16T12:00:00Z,0.0,-63.510418,-56.864582,0.14813337
2019-11-17T12:00:00Z,0.0,-63.510418,-56.864582,0.18142472
2019-11-18T12:00:00Z,0.0,-63.510418,-56.864582,0.16568163
2019-11-19T12:00:00Z,0.0,-63.510418,-56.864582,0.15917577
2019-11-20T12:00:00Z,0.0,-63.510418,-56.864582,0.1423942
2019-11-21T12:00:00Z,0.0,-63.510418,-56.864582,0.14817248
2019-11-22T12:00:00Z,0.0,-63.510418,-56.864582,0.15692136
2019-11-23T12:00:00Z,0.0,-63.510418,-56.864582,0.1637844
2019-11-24T12:00:00Z,0.0,-63.510418,-56.864582,0.15557794
2019-11-25T12:00:00Z,0.0,-63.510418,-56.864582,0.1736045
2019-11-26T12:00:00Z,0.0,-63.510418,-56.864582,0.17806008
2019-11-27T12:00:00Z,0.0,-63.510418,-56.864582,0.1671367
2019-11-28T12:00:00Z,0.0,-63.510418,-56.864582,0.15669633
2019-11-29T12:00:00Z,0.0,-63.510418,-56.864582,0.18156801
2019-11-30T12:00:00Z,0.0,-63.510418,-56.864582,0.19022733
2019-12-01T12:00:00Z,0.0,-63.510418,-56.864582,0.19857734
2019-12-02T12:00:00Z,0.0,-63.510418,-56.864582,0.19729427
2019-12-03T12:00:00Z,0.0,-63.510418,-56.864582,0.2138469
2019-12-04T12:00:00Z,0.0,-63.510418,-56.864582,0.18753533
2019-12-05T12:00:00Z,0.0,-63.510418,-56.864582,0.18909606
2019-12-06T12:00:00Z,0.0,-63.510418,-56.864582,0.1926504
2019-12-07T12:00:00Z,0.0,-63.510418,-56.864582,0.19163145
2019-12-08T12:00:00Z,0.0,-63.510418,-56.864582,0.15011355
2019-12-09T12:00:00Z,0.0,-63.510418,-56.864582,0.107061714
2019-12-10T12:00:00Z,0.0,-63.510418,-56.864582,0.11676612
2019-12-11T12:00:00Z,0.0,-63.510418,-56.864582,0.11864807
2019-12-12T12:00:00Z,0.0,-63.510418,-56.864582,0.12704636
2019-12-13T12:00:00Z,0.0,-63.510418,-56.864582,0.10870369
2019-12-14T12:00:00Z,0.0,-63.510418,-56.864582,0.11160247
2019-12-15T12:00:00Z,0.0,-63.510418,-56.864582,0.103145905
2019-12-16T12:00:00Z,0.0,-63.510418,-56.864582,0.10336396
2019-12-17T12:00:00Z,0.0,-63.510418,-56.864582,0.21878593
2019-12-18T12:00:00Z,0.0,-63.510418,-56.864582,0.2218158
2019-12-19T12:00:00Z,0.0,-63.510418,-56.864582,0.24356213
2019-12-20T12:00:00Z,0.0,-63.510418,-56.864582,0.26508012
2019-12-21T12:00:00Z,0.0,-63.510418,-56.864582,0.2596741
2019-12-22T12:00:00Z,0.0,-63.510418,-56.864582,0.28975385
2019-12-23T12:00:00Z,0.0,-63.510418,-56.864582,0.27012396
2019-12-24T12:00:00Z,0.0,-63.510418,-56.864582,0.288004
2019-12-25T12:00:00Z,0.0,-63.510418,-56.864582,0.44468254
2019-12-26T12:00:00Z,0.0,-63.510418,-56.864582,0.44682157
2019-12-27T12:00:00Z,0.0,-63.510418,-56.864582,0.48970106
2019-12-28T12:00:00Z,0.0,-63.510418,-56.864582,0.46986088
2019-12-29T12:00:00Z,0.0,-63.510418,-56.864582,0.6200221
2019-12-30T12:00:00Z,0.0,-63.510418,-56.864582,0.61828893
2019-12-31T12:00:00Z,0.0,-63.510418,-56.864582,0.43278155
2020-01-01T12:00:00Z,0.0,-63.510418,-56.864582,0.48529503
2020-01-02T12:00:00Z,0.0,-63.510418,-56.864582,0.54135746
2020-01-03T12:00:00Z,0.0,-63.510418,-56.864582,0.5146768
2020-01-04T12:00:00Z,0.0,-63.510418,-56.864582,0.23669823
2020-01-05T12:00:00Z,0.0,-63.510418,-56.864582,0.27991098
2020-01-06T12:00:00Z,0.0,-63.510418,-56.864582,0.26221284
2020-01-07T12:00:00Z,0.0,-63.510418,-56.864582,0.27011982
2020-01-08T12:00:00Z,0.0,-63.510418,-56.864582,0.23702441
2020-01-09T12:00:00Z,0.0,-63.510418,-56.864582,0.21885057
2020-01-10T12:00:00Z,0.0,-63.510418,-56.864582,0.20543541
2020-01-11T12:00:00Z,0.0,-63.510418,-56.864582,0.2635751
2020-01-12T12:00:00Z,0.0,-63.510418,-56.864582,0.2736119
2020-01-13T12:00:00Z,0.0,-63.510418,-56.864582,0.2579438
2020-01-14T12:00:00Z,0.0,-63.510418,-56.864582,0.25445813
2020-01-15T12:00:00Z,0.0,-63.510418,-56.864582,0.25605547
2020-01-16T12:00:00Z,0.0,-63.510418,-56.864582,0.28093985
2020-01-17T12:00:00Z,0.0,-63.510418,-56.864582,0.28017458
2020-01-18T12:00:00Z,0.0,-63.510418,-56.864582,0.23348826
2020-01-19T12:00:00Z,0.0,-63.510418,-56.864582,0.22720021
2020-01-20T12:00:00Z,0.0,-63.510418,-56.864582,0.2557091
2020-01-21T12:00:00Z,0.0,-63.510418,-56.864582,0.26845434
2020-01-22T12:00:00Z,0.0,-63.510418,-56.864582,0.2660099
2020-01-23T12:00:00Z,0.0,-63.510418,-56.864582,0.26963675
2020-01-24T12:00:00Z,0.0,-63.510418,-56.864582,0.27449313
2020-01-25T12:00:00Z,0.0,-63.510418,-56.864582,0.27381372
2020-01-26T12:00:00Z,0.0,-63.510418,-56.864582,0.2721167
2020-01-27T12:00:00Z,0.0,-63.510418,-56.864582,0.27053806
2020-01-28T12:00:00Z,0.0,-63.510418,-56.864582,0.27138707
2020-01-29T12:00:00Z,0.0,-63.510418,-56.864582,0.27489868
2020-01-30T12:00:00Z,0.0,-63.510418,-56.864582,0.31676763
2020-01-31T12:00:00Z,0.0,-63.510418,-56.864582,0.32230982
2020-02-01T12:00:00Z,0.0,-63.510418,-56.864582,0.31987494
2020-02-02T12:00:00Z,0.0,-63.510418,-56.864582,0.34573323
2020-02-03T12:00:00Z,0.0,-63.510418,-56.864582,0.25497615
2020-02-04T12:00:00Z,0.0,-63.510418,-56.864582,0.28677386
2020-02-05T12:00:00Z,0.0,-63.510418,-56.864582,0.28291473
2020-02-06T12:00:00Z,0.0,-63.510418,-56.864582,0.33320737
2020-02-07T12:00:00Z,0.0,-63.510418,-56.864582,0.33795592
2020-02-08T12:00:00Z,0.0,-63.510418,-56.864582,0.34710303
2020-02-09T12:00:00Z,0.0,-63.510418,-56.864582,0.37924916
2020-02-10T12:00:00Z,0.0,-63.510418,-56.864582,0.38279027
2020-02-11T12:00:00Z,0.0,-63.510418,-56.864582,0.38145128
2020-02-12T12:00:00Z,0.0,-63.510418,-56.864582,0.36987233
2020-02-13T12:00:00Z,0.0,-63.510418,-56.864582,0.39184302
2020-02-14T12:00:00Z,0.0,-63.510418,-56.864582,0.40060443
2020-02-15T12:00:00Z,0.0,-63.510418,-56.864582,0.40427426
2020-02-16T12:00:00Z,0.0,-63.510418,-56.864582,0.40261582
2020-02-17T12:00:00Z,0.0,-63.510418,-56.864582,0.38034067
2020-02-18T12:00:00Z,0.0,-63.510418,-56.864582,0.37590197
2020-02-19T12:00:00Z,0.0,-63.510418,-56.864582,0.3921828
2020-02-20T12:00:00Z,0.0,-63.510418,-56.864582,0.41500497
2020-02-21T12:00:00Z,0.0,-63.510418,-56.864582,0.41712898
2020-02-22T12:00:00Z,0.0,-63.510418,-56.864582,0.3972309
2020-02-23T12:00:00Z,0.0,-63.510418,-56.864582,0.4080544
2020-02-24T12:00:00Z,0.0,-63.510418,-56.864582,0.43107682
2020-02-25T12:00:00Z,0.0,-63.510418,-56.864582,0.45344952
2020-02-26T12:00:00Z,0.0,-63.510418,-56.864582,0.44086295
2020-02-27T12:00:00Z,0.0,-63.510418,-56.864582,0.39620006
2020-02-28T12:00:00Z,0.0,-63.510418,-56.864582,0.434861
2020-02-29T12:00:00Z,0.0,-63.510418,-56.864582,0.44164371
2020-03-01T12:00:00Z,0.0,-63.510418,-56.864582,0.38525176
2020-03-02T12:00:00Z,0.0,-63.510418,-56.864582,0.4346021
2020-03-03T12:00:00Z,0.0,-63.510418,-56.864582,0.21660303
2020-03-04T12:00:00Z,0.0,-63.510418,-56.864582,0.179021
2020-03-05T12:00:00Z,0.0,-63.510418,-56.864582,0.18709409
2020-03-06T12:00:00Z,0.0,-63.510418,-56.864582,0.1797756
2020-03-07T12:00:00Z,0.0,-63.510418,-56.864582,0.18636405
2020-03-08T12:00:00Z,0.0,-63.510418,-56.864582,0.15814227
2020-03-09T12:00:00Z,0.0,-63.510418,-56.864582,0.19350962
2020-03-10T12:00:00Z,0.0,-63.510418,-56.864582,0.19445826
2020-03-11T12:00:00Z,0.0,-63.510418,-56.864582,0.20948747
2020-03-12T12:00:00Z,0.0,-63.510418,-56.864582,0.19588502
2020-03-13T12:00:00Z,0.0,-63.510418,-56.864582,0.18728484
2020-03-14T12:00:00Z,0.0,-63.510418,-56.864582,0.22088344
2020-03-15T12:00:00Z,0.0,-63.510418,-56.864582,0.22670248
2020-03-16T12:00:00Z,0.0,-63.510418,-56.864582,0.22643271
2020-03-17T12:00:00Z,0.0,-63.510418,-56.864582,0.23262194
2020-03-18T12:00:00Z,0.0,-63.510418,-56.864582,NaN
2020-03-19T12:00:00Z,0.0,-63.510418,-56.864582,NaN
2020-03-20T12:00:00Z,0.0,-63.510418,-56.864582,NaN
2020-03-21T12:00:00Z,0.0,-63.510418,-56.864582,NaN
2020-03-22T12:00:00Z,0.0,-63.510418,-56.864582,NaN
2020-03-23T12:00:00Z,0.0,-63.510418,-56.864582,NaN
2020-03-24T12:00:00Z,0.0,-63.510418,-56.864582,NaN
2020-03-25T12:00:00Z,0.0,-63.510418,-56.864582,NaN
2020-03-26T12:00:00Z,0.0,-63.510418,-56.864582,NaN
2020-03-27T12:00:00Z,0.0,-63.510418,-56.864582,NaN
2020-03-28T12:00:00Z,0.0,-63.510418,-56.864582,NaN
2020-03-29T12:00:00Z,0.0,-63.510418,-56.864582,NaN
2020-03-30T12:00:00Z,0.0,-63.510418,-56.864582,NaN
2020-03-31T12:00:00Z,0.0,-63.510418,-56.864582,NaN
2020-04-01T12:00:00Z,0.0,-63.510418,-56.864582,NaN
2020-04-02T12:00:00Z,0.0,-63.510418,-56.864582,NaN
2020-04-03T12:00:00Z,0.0,-63.510418,-56.864582,NaN
2020-04-04T12:00:00Z,0.0,-63.510418,-56.864582,NaN
2020-04-05T12:00:00Z,0.0,-63.510418,-56.864582,NaN
2020-04-06T12:00:00Z,0.0,-63.510418,-56.864582,NaN
2020-04-07T12:00:00Z,0.0,-63.510418,-56.864582,NaN
2020-04-08T12:00:00Z,0.0,-63.510418,-56.864582,NaN
2020-04-09T12:00:00Z,0.0,-63.510418,-56.864582,NaN
2020-04-10T12:00:00Z,0.0,-63.510418,-56.864582,NaN
2020-04-11T12:00:00Z,0.0,-63.510418,-56.864582,NaN
2020-04-12T12:00:00Z,0.0,-63.510418,-56.864582,NaN
2020-04-13T12:00:00Z,0.0,-63.510418,-56.864582,NaN
2020-04-14T12:00:00Z,0.0,-63.510418,-56.864582,NaN
2020-04-15T12:00:00Z,0.0,-63.510418,-56.864582,NaN
2020-04-16T12:00:00Z,0.0,-63.510418,-56.864582,NaN
2020-04-17T12:00:00Z,0.0,-63.510418,-56.864582,NaN
2020-04-18T12:00:00Z,0.0,-63.510418,-56.864582,NaN
2020-04-19T12:00:00Z,0.0,-63.510418,-56.864582,NaN
2020-04-20T12:00:00Z,0.0,-63.510418,-56.864582,NaN
2020-04-21T12:00:00Z,0.0,-63.510418,-56.864582,NaN
2020-04-22T12:00:00Z,0.0,-63.510418,-56.864582,NaN
2020-04-23T12:00:00Z,0.0,-63.510418,-56.864582,NaN
2020-04-24T12:00:00Z,0.0,-63.510418,-56.864582,NaN
2020-04-25T12:00:00Z,0.0,-63.510418,-56.864582,NaN
2020-04-26T12:00:00Z,0.0,-63.510418,-56.864582,NaN
2020-04-27T12:00:00Z,0.0,-63.510418,-56.864582,NaN
2020-04-28T12:00:00Z,0.0,-63.510418,-56.864582,NaN
2020-04-29T12:00:00Z,0.0,-63.510418,-56.864582,NaN
2020-04-30T12:00:00Z,0.0,-63.510418,-56.864582,NaN
2020-05-01T12:00:00Z,0.0,-63.510418,-56.864582,NaN
2020-05-02T12:00:00Z,0.0,-63.510418,-56.864582,NaN
2020-05-03T12:00:00Z,0.0,-63.510418,-56.864582,NaN
2020-05-04T12:00:00Z,0.0,-63.510418,-56.864582,NaN
2020-05-05T12:00:00Z,0.0,-63.510418,-56.864582,NaN
2020-05-06T12:00:00Z,0.0,-63.510418,-56.864582,NaN
2020-05-07T12:00:00Z,0.0,-63.510418,-56.864582,NaN
2020-05-08T12:00:00Z,0.0,-63.510418,-56.864582,NaN
2020-05-09T12:00:00Z,0.0,-63.510418,-56.864582,NaN
2020-05-10T12:00:00Z,0.0,-63.510418,-56.864582,NaN
2020-05-11T12:00:00Z,0.0,-63.510418,-56.864582,NaN
2020-05-12T12:00:00Z,0.0,-63.510418,-56.864582,NaN
2020-05-13T12:00:00Z,0.0,-63.510418,-56.864582,NaN
2020-05-14T12:00:00Z,0.0,-63.510418,-56.864582,NaN
2020-05-15T12:00:00Z,0.0,-63.510418,-56.864582,NaN
2020-05-16T12:00:00Z,0.0,-63.510418,-56.864582,NaN
2020-05-17T12:00:00Z,0.0,-63.510418,-56.864582,NaN
2020-05-18T12:00:00Z,0.0,-63.510418,-56.864582,NaN
2020-05-19T12:00:00Z,0.0,-63.510418,-56.864582,NaN
2020-05-20T12:00:00Z,0.0,-63.510418,-56.864582,NaN
2020-05-21T12:00:00Z,0.0,-63.510418,-56.864582,NaN
2020-05-22T12:00:00Z,0.0,-63.510418,-56.864582,NaN
2020-05-23T12:00:00Z,0.0,-63.510418,-56.864582,NaN
2020-05-24T12:00:00Z,0.0,-63.510418,-56.864582,NaN
2020-05-25T12:00:00Z,0.0,-63.510418,-56.864582,NaN
2020-05-26T12:00:00Z,0.0,-63.510418,-56.864582,NaN
2020-05-27T12:00:00Z,0.0,-63.510418,-56.864582,NaN
2020-05-28T12:00:00Z,0.0,-63.510418,-56.864582,NaN
2020-05-29T12:00:00Z,0.0,-63.510418,-56.864582,NaN
2020-05-30T12:00:00Z,0.0,-63.510418,-56.864582,NaN
2020-05-31T12:00:00Z,0.0,-63.510418,-56.864582,NaN
2020-06-01T12:00:00Z,0.0,-63.510418,-56.864582,NaN
2020-06-02T12:00:00Z,0.0,-63.510418,-56.864582,NaN
2020-06-03T12:00:00Z,0.0,-63.510418,-56.864582,NaN
2020-06-04T12:00:00Z,0.0,-63.510418,-56.864582,NaN
2020-06-05T12:00:00Z,0.0,-63.510418,-56.864582,NaN
2020-06-06T12:00:00Z,0.0,-63.510418,-56.864582,NaN
2020-06-07T12:00:00Z,0.0,-63.510418,-56.864582,NaN
2020-06-08T12:00:00Z,0.0,-63.510418,-56.864582,NaN
2020-06-09T12:00:00Z,0.0,-63.510418,-56.864582,NaN
2020-06-10T12:00:00Z,0.0,-63.510418,-56.864582,NaN
2020-06-11T12:00:00Z,0.0,-63.510418,-56.864582,NaN
2020-06-12T12:00:00Z,0.0,-63.510418,-56.864582,NaN
2020-06-13T12:00:00Z,0.0,-63.510418,-56.864582,NaN
2020-06-14T12:00:00Z,0.0,-63.510418,-56.864582,NaN
2020-06-15T12:00:00Z,0.0,-63.510418,-56.864582,NaN
2020-06-16T12:00:00Z,0.0,-63.510418,-56.864582,NaN
2020-06-17T12:00:00Z,0.0,-63.510418,-56.864582,NaN
2020-06-18T12:00:00Z,0.0,-63.510418,-56.864582,NaN
2020-06-19T12:00:00Z,0.0,-63.510418,-56.864582,NaN
2020-06-20T12:00:00Z,0.0,-63.510418,-56.864582,NaN
2020-06-21T12:00:00Z,0.0,-63.510418,-56.864582,NaN
2020-06-22T12:00:00Z,0.0,-63.510418,-56.864582,NaN
2020-06-23T12:00:00Z,0.0,-63.510418,-56.864582,NaN
2020-06-24T12:00:00Z,0.0,-63.510418,-56.864582,NaN
2020-06-25T12:00:00Z,0.0,-63.510418,-56.864582,NaN
2020-06-26T12:00:00Z,0.0,-63.510418,-56.864582,NaN
2020-06-27T12:00:00Z,0.0,-63.510418,-56.864582,NaN
2020-06-28T12:00:00Z,0.0,-63.510418,-56.864582,NaN
2020-06-29T12:00:00Z,0.0,-63.510418,-56.864582,NaN
2020-06-30T12:00:00Z,0.0,-63.510418,-56.864582,NaN
2020-07-01T12:00:00Z,0.0,-63.510418,-56.864582,NaN
2020-07-02T12:00:00Z,0.0,-63.510418,-56.864582,NaN
2020-07-03T12:00:00Z,0.0,-63.510418,-56.864582,NaN
2020-07-04T12:00:00Z,0.0,-63.510418,-56.864582,NaN
2020-07-05T12:00:00Z,0.0,-63.510418,-56.864582,NaN
2020-07-06T12:00:00Z,0.0,-63.510418,-56.864582,NaN
2020-07-07T12:00:00Z,0.0,-63.510418,-56.864582,NaN
2020-07-08T12:00:00Z,0.0,-63.510418,-56.864582,NaN
2020-07-09T12:00:00Z,0.0,-63.510418,-56.864582,NaN
2020-07-10T12:00:00Z,0.0,-63.510418,-56.864582,NaN
2020-07-11T12:00:00Z,0.0,-63.510418,-56.864582,NaN
2020-07-12T12:00:00Z,0.0,-63.510418,-56.864582,NaN
2020-07-13T12:00:00Z,0.0,-63.510418,-56.864582,NaN
2020-07-14T12:00:00Z,0.0,-63.510418,-56.864582,NaN
2020-07-15T12:00:00Z,0.0,-63.510418,-56.864582,NaN
2020-07-16T12:00:00Z,0.0,-63.510418,-56.864582,NaN
2020-07-17T12:00:00Z,0.0,-63.510418,-56.864582,NaN
2020-07-18T12:00:00Z,0.0,-63.510418,-56.864582,NaN
2020-07-19T12:00:00Z,0.0,-63.510418,-56.864582,NaN
2020-07-20T12:00:00Z,0.0,-63.510418,-56.864582,NaN
2020-07-21T12:00:00Z,0.0,-63.510418,-56.864582,NaN
2020-07-22T12:00:00Z,0.0,-63.510418,-56.864582,NaN
2020-07-23T12:00:00Z,0.0,-63.510418,-56.864582,NaN
2020-07-24T12:00:00Z,0.0,-63.510418,-56.864582,NaN
2020-07-25T12:00:00Z,0.0,-63.510418,-56.864582,NaN
2020-07-26T12:00:00Z,0.0,-63.510418,-56.864582,NaN
2020-07-27T12:00:00Z,0.0,-63.510418,-56.864582,NaN
2020-07-28T12:00:00Z,0.0,-63.510418,-56.864582,NaN
2020-07-29T12:00:00Z,0.0,-63.510418,-56.864582,NaN
2020-07-30T12:00:00Z,0.0,-63.510418,-56.864582,NaN
2020-07-31T12:00:00Z,0.0,-63.510418,-56.864582,NaN
2020-08-01T12:00:00Z,0.0,-63.510418,-56.864582,NaN
2020-08-02T12:00:00Z,0.0,-63.510418,-56.864582,NaN
2020-08-03T12:00:00Z,0.0,-63.510418,-56.864582,NaN
2020-08-04T12:00:00Z,0.0,-63.510418,-56.864582,NaN
2020-08-05T12:00:00Z,0.0,-63.510418,-56.864582,NaN
2020-08-06T12:00:00Z,0.0,-63.510418,-56.864582,NaN
2020-08-07T12:00:00Z,0.0,-63.510418,-56.864582,NaN
2020-08-08T12:00:00Z,0.0,-63.510418,-56.864582,NaN
2020-08-09T12:00:00Z,0.0,-63.510418,-56.864582,NaN
2020-08-10T12:00:00Z,0.0,-63.510418,-56.864582,NaN
2020-08-11T12:00:00Z,0.0,-63.510418,-56.864582,NaN
2020-08-12T12:00:00Z,0.0,-63.510418,-56.864582,NaN
2020-08-13T12:00:00Z,0.0,-63.510418,-56.864582,NaN
2020-08-14T12:00:00Z,0.0,-63.510418,-56.864582,NaN
2020-08-15T12:00:00Z,0.0,-63.510418,-56.864582,NaN
2020-08-16T12:00:00Z,0.0,-63.510418,-56.864582,NaN
2020-08-17T12:00:00Z,0.0,-63.510418,-56.864582,NaN
2020-08-18T12:00:00Z,0.0,-63.510418,-56.864582,NaN
2020-08-19T12:00:00Z,0.0,-63.510418,-56.864582,NaN
2020-08-20T12:00:00Z,0.0,-63.510418,-56.864582,NaN
2020-08-21T12:00:00Z,0.0,-63.510418,-56.864582,NaN
2020-08-22T12:00:00Z,0.0,-63.510418,-56.864582,NaN
2020-08-23T12:00:00Z,0.0,-63.510418,-56.864582,NaN
2020-08-24T12:00:00Z,0.0,-63.510418,-56.864582,NaN
2020-08-25T12:00:00Z,0.0,-63.510418,-56.864582,NaN
2020-08-26T12:00:00Z,0.0,-63.510418,-56.864582,NaN
2020-08-27T12:00:00Z,0.0,-63.510418,-56.864582,NaN
2020-08-28T12:00:00Z,0.0,-63.510418,-56.864582,NaN
2020-08-29T12:00:00Z,0.0,-63.510418,-56.864582,NaN
2020-08-30T12:00:00Z,0.0,-63.510418,-56.864582,NaN
2020-08-31T12:00:00Z,0.0,-63.510418,-56.864582,NaN
2020-09-01T12:00:00Z,0.0,-63.510418,-56.864582,NaN
2020-09-02T12:00:00Z,0.0,-63.510418,-56.864582,NaN
2020-09-03T12:00:00Z,0.0,-63.510418,-56.864582,NaN
2020-09-04T12:00:00Z,0.0,-63.510418,-56.864582,NaN
2020-09-05T12:00:00Z,0.0,-63.510418,-56.864582,NaN
2020-09-06T12:00:00Z,0.0,-63.510418,-56.864582,NaN
2020-09-07T12:00:00Z,0.0,-63.510418,-56.864582,NaN
2020-09-08T12:00:00Z,0.0,-63.510418,-56.864582,NaN
2020-09-09T12:00:00Z,0.0,-63.510418,-56.864582,NaN
2020-09-10T12:00:00Z,0.0,-63.510418,-56.864582,NaN
2020-09-11T12:00:00Z,0.0,-63.510418,-56.864582,NaN
2020-09-12T12:00:00Z,0.0,-63.510418,-56.864582,NaN
2020-09-13T12:00:00Z,0.0,-63.510418,-56.864582,NaN
2020-09-14T12:00:00Z,0.0,-63.510418,-56.864582,NaN
2020-09-15T12:00:00Z,0.0,-63.510418,-56.864582,NaN
2020-09-16T12:00:00Z,0.0,-63.510418,-56.864582,NaN
2020-09-17T12:00:00Z,0.0,-63.510418,-56.864582,NaN
2020-09-18T12:00:00Z,0.0,-63.510418,-56.864582,NaN
2020-09-19T12:00:00Z,0.0,-63.510418,-56.864582,NaN
2020-09-20T12:00:00Z,0.0,-63.510418,-56.864582,NaN
2020-09-21T12:00:00Z,0.0,-63.510418,-56.864582,NaN
2020-09-22T12:00:00Z,0.0,-63.510418,-56.864582,NaN
2020-09-23T12:00:00Z,0.0,-63.510418,-56.864582,NaN
2020-09-24T12:00:00Z,0.0,-63.510418,-56.864582,NaN
2020-09-25T12:00:00Z,0.0,-63.510418,-56.864582,NaN
2020-09-26T12:00:00Z,0.0,-63.510418,-56.864582,NaN
2020-09-27T12:00:00Z,0.0,-63.510418,-56.864582,NaN
2020-09-28T12:00:00Z,0.0,-63.510418,-56.864582,NaN
2020-09-29T12:00:00Z,0.0,-63.510418,-56.864582,NaN
2020-09-30T12:00:00Z,0.0,-63.510418,-56.864582,NaN
2020-10-01T12:00:00Z,0.0,-63.510418,-56.864582,NaN
2020-10-02T12:00:00Z,0.0,-63.510418,-56.864582,NaN
2020-10-03T12:00:00Z,0.0,-63.510418,-56.864582,NaN
2020-10-04T12:00:00Z,0.0,-63.510418,-56.864582,NaN
2020-10-05T12:00:00Z,0.0,-63.510418,-56.864582,NaN
2020-10-06T12:00:00Z,0.0,-63.510418,-56.864582,NaN
2020-10-07T12:00:00Z,0.0,-63.510418,-56.864582,NaN
2020-10-08T12:00:00Z,0.0,-63.510418,-56.864582,NaN
2020-10-09T12:00:00Z,0.0,-63.510418,-56.864582,NaN
2020-10-10T12:00:00Z,0.0,-63.510418,-56.864582,NaN
2020-10-11T12:00:00Z,0.0,-63.510418,-56.864582,NaN
2020-10-12T12:00:00Z,0.0,-63.510418,-56.864582,NaN
2020-10-13T12:00:00Z,0.0,-63.510418,-56.864582,NaN
2020-10-14T12:00:00Z,0.0,-63.510418,-56.864582,NaN
2020-10-15T12:00:00Z,0.0,-63.510418,-56.864582,0.16267367
2020-10-16T12:00:00Z,0.0,-63.510418,-56.864582,0.16298611
2020-10-17T12:00:00Z,0.0,-63.510418,-56.864582,0.16353782
2020-10-18T12:00:00Z,0.0,-63.510418,-56.864582,0.16411527
2020-10-19T12:00:00Z,0.0,-63.510418,-56.864582,0.16428936
2020-10-20T12:00:00Z,0.0,-63.510418,-56.864582,0.16388617
2020-10-21T12:00:00Z,0.0,-63.510418,-56.864582,0.16424073
2020-10-22T12:00:00Z,0.0,-63.510418,-56.864582,0.16485044
2020-10-23T12:00:00Z,0.0,-63.510418,-56.864582,0.16525224
2020-10-24T12:00:00Z,0.0,-63.510418,-56.864582,0.16628172
2020-10-25T12:00:00Z,0.0,-63.510418,-56.864582,0.1662518
2020-10-26T12:00:00Z,0.0,-63.510418,-56.864582,0.16681595
2020-10-27T12:00:00Z,0.0,-63.510418,-56.864582,0.1665858
2020-10-28T12:00:00Z,0.0,-63.510418,-56.864582,0.16073488
2020-10-29T12:00:00Z,0.0,-63.510418,-56.864582,0.16770568
2020-10-30T12:00:00Z,0.0,-63.510418,-56.864582,0.16761938
2020-10-31T12:00:00Z,0.0,-63.510418,-56.864582,0.14946228
2020-11-01T12:00:00Z,0.0,-63.510418,-56.864582,0.16758594
2020-11-02T12:00:00Z,0.0,-63.510418,-56.864582,0.16798781
2020-11-03T12:00:00Z,0.0,-63.510418,-56.864582,0.14502454
2020-11-04T12:00:00Z,0.0,-63.510418,-56.864582,0.1018356
2020-11-05T12:00:00Z,0.0,-63.510418,-56.864582,0.10178942
2020-11-06T12:00:00Z,0.0,-63.510418,-56.864582,0.10644319
2020-11-07T12:00:00Z,0.0,-63.510418,-56.864582,0.10874129
2020-11-08T12:00:00Z,0.0,-63.510418,-56.864582,0.09791881
2020-11-09T12:00:00Z,0.0,-63.510418,-56.864582,0.11760834
2020-11-10T12:00:00Z,0.0,-63.510418,-56.864582,0.09423731
2020-11-11T12:00:00Z,0.0,-63.510418,-56.864582,0.10837769
2020-11-12T12:00:00Z,0.0,-63.510418,-56.864582,0.11250836
2020-11-13T12:00:00Z,0.0,-63.510418,-56.864582,0.10938245
2020-11-14T12:00:00Z,0.0,-63.510418,-56.864582,0.11923172
2020-11-15T12:00:00Z,0.0,-63.510418,-56.864582,0.116184525
2020-11-16T12:00:00Z,0.0,-63.510418,-56.864582,0.12303418
2020-11-17T12:00:00Z,0.0,-63.510418,-56.864582,0.124651656
2020-11-18T12:00:00Z,0.0,-63.510418,-56.864582,0.120669894
2020-11-19T12:00:00Z,0.0,-63.510418,-56.864582,0.10584168
2020-11-20T12:00:00Z,0.0,-63.510418,-56.864582,0.11445853
2020-11-21T12:00:00Z,0.0,-63.510418,-56.864582,0.11236466
2020-11-22T12:00:00Z,0.0,-63.510418,-56.864582,0.1193008
2020-11-23T12:00:00Z,0.0,-63.510418,-56.864582,0.11136568
2020-11-24T12:00:00Z,0.0,-63.510418,-56.864582,0.18568999
2020-11-25T12:00:00Z,0.0,-63.510418,-56.864582,0.15785262
2020-11-26T12:00:00Z,0.0,-63.510418,-56.864582,0.20365967
2020-11-27T12:00:00Z,0.0,-63.510418,-56.864582,0.18971059
2020-11-28T12:00:00Z,0.0,-63.510418,-56.864582,0.20344466
2020-11-29T12:00:00Z,0.0,-63.510418,-56.864582,0.22027813
2020-11-30T12:00:00Z,0.0,-63.510418,-56.864582,0.23059401
2020-12-01T12:00:00Z,0.0,-63.510418,-56.864582,0.20734353
2020-12-02T12:00:00Z,0.0,-63.510418,-56.864582,0.2020587
2020-12-03T12:00:00Z,0.0,-63.510418,-56.864582,0.18442704
2020-12-04T12:00:00Z,0.0,-63.510418,-56.864582,0.20496856
2020-12-05T12:00:00Z,0.0,-63.510418,-56.864582,0.20730153
2020-12-06T12:00:00Z,0.0,-63.510418,-56.864582,0.20133136
2020-12-07T12:00:00Z,0.0,-63.510418,-56.864582,0.19876915
2020-12-08T12:00:00Z,0.0,-63.510418,-56.864582,0.23206629
2020-12-09T12:00:00Z,0.0,-63.510418,-56.864582,0.21469045
2020-12-10T12:00:00Z,0.0,-63.510418,-56.864582,0.22386006
2020-12-11T12:00:00Z,0.0,-63.510418,-56.864582,0.27797607
2020-12-12T12:00:00Z,0.0,-63.510418,-56.864582,0.29331464
2020-12-13T12:00:00Z,0.0,-63.510418,-56.864582,0.29457587
2020-12-14T12:00:00Z,0.0,-63.510418,-56.864582,0.30246845
2020-12-15T12:00:00Z,0.0,-63.510418,-56.864582,0.28988504
2020-12-16T12:00:00Z,0.0,-63.510418,-56.864582,0.30606788
2020-12-17T12:00:00Z,0.0,-63.510418,-56.864582,0.28205135
2020-12-18T12:00:00Z,0.0,-63.510418,-56.864582,0.27466446
2020-12-19T12:00:00Z,0.0,-63.510418,-56.864582,0.2849709
2020-12-20T12:00:00Z,0.0,-63.510418,-56.864582,0.2853181
2020-12-21T12:00:00Z,0.0,-63.510418,-56.864582,0.3062122
2020-12-22T12:00:00Z,0.0,-63.510418,-56.864582,0.38010284
2020-12-23T12:00:00Z,0.0,-63.510418,-56.864582,0.39516476
2020-12-24T12:00:00Z,0.0,-63.510418,-56.864582,0.42958835
2020-12-25T12:00:00Z,0.0,-63.510418,-56.864582,0.48579344
2020-12-26T12:00:00Z,0.0,-63.510418,-56.864582,0.5106953
2020-12-27T12:00:00Z,0.0,-63.510418,-56.864582,0.548478
2020-12-28T12:00:00Z,0.0,-63.510418,-56.864582,0.5294394
2020-12-29T12:00:00Z,0.0,-63.510418,-56.864582,0.46192187
2020-12-30T12:00:00Z,0.0,-63.510418,-56.864582,0.5096531
2020-12-31T12:00:00Z,0.0,-63.510418,-56.864582,0.53887546
2021-01-01T12:00:00Z,0.0,-63.510418,-56.864582,0.47334164
2021-01-02T12:00:00Z,0.0,-63.510418,-56.864582,0.49510902
2021-01-03T12:00:00Z,0.0,-63.510418,-56.864582,0.48179066
2021-01-04T12:00:00Z,0.0,-63.510418,-56.864582,0.4634827
2021-01-05T12:00:00Z,0.0,-63.510418,-56.864582,0.43508786
2021-01-06T12:00:00Z,0.0,-63.510418,-56.864582,0.45864868
2021-01-07T12:00:00Z,0.0,-63.510418,-56.864582,0.48286957
2021-01-08T12:00:00Z,0.0,-63.510418,-56.864582,0.4670798
2021-01-09T12:00:00Z,0.0,-63.510418,-56.864582,0.4678816
2021-01-10T12:00:00Z,0.0,-63.510418,-56.864582,0.4747528
2021-01-11T12:00:00Z,0.0,-63.510418,-56.864582,0.49027178
2021-01-12T12:00:00Z,0.0,-63.510418,-56.864582,0.4833469
2021-01-13T12:00:00Z,0.0,-63.510418,-56.864582,0.5072794
2021-01-14T12:00:00Z,0.0,-63.510418,-56.864582,0.402091
2021-01-15T12:00:00Z,0.0,-63.510418,-56.864582,0.3780586
2021-01-16T12:00:00Z,0.0,-63.510418,-56.864582,0.32752684
2021-01-17T12:00:00Z,0.0,-63.510418,-56.864582,0.35815394
2021-01-18T12:00:00Z,0.0,-63.510418,-56.864582,0.33708104
2021-01-19T12:00:00Z,0.0,-63.510418,-56.864582,0.33891833
2021-01-20T12:00:00Z,0.0,-63.510418,-56.864582,0.31550184
2021-01-21T12:00:00Z,0.0,-63.510418,-56.864582,0.3161109
2021-01-22T12:00:00Z,0.0,-63.510418,-56.864582,0.3674028
2021-01-23T12:00:00Z,0.0,-63.510418,-56.864582,0.364806
2021-01-24T12:00:00Z,0.0,-63.510418,-56.864582,0.3754971
2021-01-25T12:00:00Z,0.0,-63.510418,-56.864582,0.38438338
2021-01-26T12:00:00Z,0.0,-63.510418,-56.864582,0.3965243
2021-01-27T12:00:00Z,0.0,-63.510418,-56.864582,0.38588095
2021-01-28T12:00:00Z,0.0,-63.510418,-56.864582,0.36132276
2021-01-29T12:00:00Z,0.0,-63.510418,-56.864582,0.3563752
2021-01-30T12:00:00Z,0.0,-63.510418,-56.864582,0.36909255
2021-01-31T12:00:00Z,0.0,-63.510418,-56.864582,0.3883052
2021-02-01T12:00:00Z,0.0,-63.510418,-56.864582,0.37510502
2021-02-02T12:00:00Z,0.0,-63.510418,-56.864582,0.33459932
2021-02-03T12:00:00Z,0.0,-63.510418,-56.864582,0.29285932
2021-02-04T12:00:00Z,0.0,-63.510418,-56.864582,0.2847351
2021-02-05T12:00:00Z,0.0,-63.510418,-56.864582,0.27832943
2021-02-06T12:00:00Z,0.0,-63.510418,-56.864582,0.29249653
2021-02-07T12:00:00Z,0.0,-63.510418,-56.864582,0.25403467
2021-02-08T12:00:00Z,0.0,-63.510418,-56.864582,0.26778612
2021-02-09T12:00:00Z,0.0,-63.510418,-56.864582,0.2894891
2021-02-10T12:00:00Z,0.0,-63.510418,-56.864582,0.28857476
2021-02-11T12:00:00Z,0.0,-63.510418,-56.864582,0.33863562
2021-02-12T12:00:00Z,0.0,-63.510418,-56.864582,0.3314014
2021-02-13T12:00:00Z,0.0,-63.510418,-56.864582,0.33890325
2021-02-14T12:00:00Z,0.0,-63.510418,-56.864582,0.32963198
2021-02-15T12:00:00Z,0.0,-63.510418,-56.864582,0.316139
2021-02-16T12:00:00Z,0.0,-63.510418,-56.864582,0.3195726
2021-02-17T12:00:00Z,0.0,-63.510418,-56.864582,0.3168043
2021-02-18T12:00:00Z,0.0,-63.510418,-56.864582,0.3096088
2021-02-19T12:00:00Z,0.0,-63.510418,-56.864582,0.2750891
2021-02-20T12:00:00Z,0.0,-63.510418,-56.864582,0.2710987
2021-02-21T12:00:00Z,0.0,-63.510418,-56.864582,0.27162537
2021-02-22T12:00:00Z,0.0,-63.510418,-56.864582,0.30113947
2021-02-23T12:00:00Z,0.0,-63.510418,-56.864582,0.28912404
2021-02-24T12:00:00Z,0.0,-63.510418,-56.864582,0.2851129
2021-02-25T12:00:00Z,0.0,-63.510418,-56.864582,0.28043178
2021-02-26T12:00:00Z,0.0,-63.510418,-56.864582,0.2697338
2021-02-27T12:00:00Z,0.0,-63.510418,-56.864582,0.28131378
2021-02-28T12:00:00Z,0.0,-63.510418,-56.864582,0.27532142
2021-03-01T12:00:00Z,0.0,-63.510418,-56.864582,0.2746048
2021-03-02T12:00:00Z,0.0,-63.510418,-56.864582,0.30128855
2021-03-03T12:00:00Z,0.0,-63.510418,-56.864582,0.34229743
2021-03-04T12:00:00Z,0.0,-63.510418,-56.864582,0.36489287
2021-03-05T12:00:00Z,0.0,-63.510418,-56.864582,0.34627965
2021-03-06T12:00:00Z,0.0,-63.510418,-56.864582,0.33417073
2021-03-07T12:00:00Z,0.0,-63.510418,-56.864582,0.33868477
2021-03-08T12:00:00Z,0.0,-63.510418,-56.864582,0.26897722
2021-03-09T12:00:00Z,0.0,-63.510418,-56.864582,0.25475296
2021-03-10T12:00:00Z,0.0,-63.510418,-56.864582,0.253199
2021-03-11T12:00:00Z,0.0,-63.510418,-56.864582,0.26634023
2021-03-12T12:00:00Z,0.0,-63.510418,-56.864582,0.2693149
2021-03-13T12:00:00Z,0.0,-63.510418,-56.864582,0.2643766
2021-03-14T12:00:00Z,0.0,-63.510418,-56.864582,0.22341326
2021-03-15T12:00:00Z,0.0,-63.510418,-56.864582,0.24025963
2021-03-16T12:00:00Z,0.0,-63.510418,-56.864582,0.24483883
2021-03-17T12:00:00Z,0.0,-63.510418,-56.864582,0.23418126
2021-03-18T12:00:00Z,0.0,-63.510418,-56.864582,0.22210348
2021-03-19T12:00:00Z,0.0,-63.510418,-56.864582,NaN
2021-03-20T12:00:00Z,0.0,-63.510418,-56.864582,NaN
2021-03-21T12:00:00Z,0.0,-63.510418,-56.864582,NaN
2021-03-22T12:00:00Z,0.0,-63.510418,-56.864582,NaN
2021-03-23T12:00:00Z,0.0,-63.510418,-56.864582,NaN
2021-03-24T12:00:00Z,0.0,-63.510418,-56.864582,NaN
2021-03-25T12:00:00Z,0.0,-63.510418,-56.864582,NaN
2021-03-26T12:00:00Z,0.0,-63.510418,-56.864582,NaN
2021-03-27T12:00:00Z,0.0,-63.510418,-56.864582,NaN
2021-03-28T12:00:00Z,0.0,-63.510418,-56.864582,NaN
2021-03-29T12:00:00Z,0.0,-63.510418,-56.864582,NaN
2021-03-30T12:00:00Z,0.0,-63.510418,-56.864582,NaN
2021-03-31T12:00:00Z,0.0,-63.510418,-56.864582,NaN
2021-04-01T12:00:00Z,0.0,-63.510418,-56.864582,NaN
2021-04-02T12:00:00Z,0.0,-63.510418,-56.864582,NaN
2021-04-03T12:00:00Z,0.0,-63.510418,-56.864582,NaN
2021-04-04T12:00:00Z,0.0,-63.510418,-56.864582,NaN
2021-04-05T12:00:00Z,0.0,-63.510418,-56.864582,NaN
2021-04-06T12:00:00Z,0.0,-63.510418,-56.864582,NaN
2021-04-07T12:00:00Z,0.0,-63.510418,-56.864582,NaN
2021-04-08T12:00:00Z,0.0,-63.510418,-56.864582,NaN
2021-04-09T12:00:00Z,0.0,-63.510418,-56.864582,NaN
2021-04-10T12:00:00Z,0.0,-63.510418,-56.864582,NaN
2021-04-11T12:00:00Z,0.0,-63.510418,-56.864582,NaN
2021-04-12T12:00:00Z,0.0,-63.510418,-56.864582,NaN
2021-04-13T12:00:00Z,0.0,-63.510418,-56.864582,NaN
2021-04-14T12:00:00Z,0.0,-63.510418,-56.864582,NaN
2021-04-15T12:00:00Z,0.0,-63.510418,-56.864582,NaN
2021-04-16T12:00:00Z,0.0,-63.510418,-56.864582,NaN
2021-04-17T12:00:00Z,0.0,-63.510418,-56.864582,NaN
2021-04-18T12:00:00Z,0.0,-63.510418,-56.864582,NaN
2021-04-19T12:00:00Z,0.0,-63.510418,-56.864582,NaN
2021-04-20T12:00:00Z,0.0,-63.510418,-56.864582,NaN
2021-04-21T12:00:00Z,0.0,-63.510418,-56.864582,NaN
2021-04-22T12:00:00Z,0.0,-63.510418,-56.864582,NaN
2021-04-23T12:00:00Z,0.0,-63.510418,-56.864582,NaN
2021-04-24T12:00:00Z,0.0,-63.510418,-56.864582,NaN
2021-04-25T12:00:00Z,0.0,-63.510418,-56.864582,NaN
2021-04-26T12:00:00Z,0.0,-63.510418,-56.864582,NaN
2021-04-27T12:00:00Z,0.0,-63.510418,-56.864582,NaN
2021-04-28T12:00:00Z,0.0,-63.510418,-56.864582,NaN
2021-04-29T12:00:00Z,0.0,-63.510418,-56.864582,NaN
2021-04-30T12:00:00Z,0.0,-63.510418,-56.864582,NaN
2021-05-01T12:00:00Z,0.0,-63.510418,-56.864582,NaN
2021-05-02T12:00:00Z,0.0,-63.510418,-56.864582,NaN
2021-05-03T12:00:00Z,0.0,-63.510418,-56.864582,NaN
2021-05-04T12:00:00Z,0.0,-63.510418,-56.864582,NaN
2021-05-05T12:00:00Z,0.0,-63.510418,-56.864582,NaN
2021-05-06T12:00:00Z,0.0,-63.510418,-56.864582,NaN
2021-05-07T12:00:00Z,0.0,-63.510418,-56.864582,NaN
2021-05-08T12:00:00Z,0.0,-63.510418,-56.864582,NaN
2021-05-09T12:00:00Z,0.0,-63.510418,-56.864582,NaN
2021-05-10T12:00:00Z,0.0,-63.510418,-56.864582,NaN
2021-05-11T12:00:00Z,0.0,-63.510418,-56.864582,NaN
2021-05-12T12:00:00Z,0.0,-63.510418,-56.864582,NaN
2021-05-13T12:00:00Z,0.0,-63.510418,-56.864582,NaN
2021-05-14T12:00:00Z,0.0,-63.510418,-56.864582,NaN
2021-05-15T12:00:00Z,0.0,-63.510418,-56.864582,NaN
2021-05-16T12:00:00Z,0.0,-63.510418,-56.864582,NaN
2021-05-17T12:00:00Z,0.0,-63.510418,-56.864582,NaN
2021-05-18T12:00:00Z,0.0,-63.510418,-56.864582,NaN
2021-05-19T12:00:00Z,0.0,-63.510418,-56.864582,NaN
2021-05-20T12:00:00Z,0.0,-63.510418,-56.864582,NaN
2021-05-21T12:00:00Z,0.0,-63.510418,-56.864582,NaN
2021-05-22T12:00:00Z,0.0,-63.510418,-56.864582,NaN
2021-05-23T12:00:00Z,0.0,-63.510418,-56.864582,NaN
2021-05-24T12:00:00Z,0.0,-63.510418,-56.864582,NaN
2021-05-25T12:00:00Z,0.0,-63.510418,-56.864582,NaN
2021-05-26T12:00:00Z,0.0,-63.510418,-56.864582,NaN
2021-05-27T12:00:00Z,0.0,-63.510418,-56.864582,NaN
2021-05-28T12:00:00Z,0.0,-63.510418,-56.864582,NaN
2021-05-29T12:00:00Z,0.0,-63.510418,-56.864582,NaN
2021-05-30T12:00:00Z,0.0,-63.510418,-56.864582,NaN
2021-05-31T12:00:00Z,0.0,-63.510418,-56.864582,NaN
2021-06-01T12:00:00Z,0.0,-63.510418,-56.864582,NaN
2021-06-02T12:00:00Z,0.0,-63.510418,-56.864582,NaN
2021-06-03T12:00:00Z,0.0,-63.510418,-56.864582,NaN
2021-06-04T12:00:00Z,0.0,-63.510418,-56.864582,NaN
2021-06-05T12:00:00Z,0.0,-63.510418,-56.864582,NaN
2021-06-06T12:00:00Z,0.0,-63.510418,-56.864582,NaN
2021-06-07T12:00:00Z,0.0,-63.510418,-56.864582,NaN
2021-06-08T12:00:00Z,0.0,-63.510418,-56.864582,NaN
2021-06-09T12:00:00Z,0.0,-63.510418,-56.864582,NaN
2021-06-10T12:00:00Z,0.0,-63.510418,-56.864582,NaN
2021-06-11T12:00:00Z,0.0,-63.510418,-56.864582,NaN
2021-06-12T12:00:00Z,0.0,-63.510418,-56.864582,NaN
2021-06-13T12:00:00Z,0.0,-63.510418,-56.864582,NaN
2021-06-14T12:00:00Z,0.0,-63.510418,-56.864582,NaN
2021-06-15T12:00:00Z,0.0,-63.510418,-56.864582,NaN
2021-06-16T12:00:00Z,0.0,-63.510418,-56.864582,NaN
2021-06-17T12:00:00Z,0.0,-63.510418,-56.864582,NaN
2021-06-18T12:00:00Z,0.0,-63.510418,-56.864582,NaN
2021-06-19T12:00:00Z,0.0,-63.510418,-56.864582,NaN
2021-06-20T12:00:00Z,0.0,-63.510418,-56.864582,NaN
2021-06-21T12:00:00Z,0.0,-63.510418,-56.864582,NaN
2021-06-22T12:00:00Z,0.0,-63.510418,-56.864582,NaN
2021-06-23T12:00:00Z,0.0,-63.510418,-56.864582,NaN
2021-06-24T12:00:00Z,0.0,-63.510418,-56.864582,NaN
2021-06-25T12:00:00Z,0.0,-63.510418,-56.864582,NaN
2021-06-26T12:00:00Z,0.0,-63.510418,-56.864582,NaN
2021-06-27T12:00:00Z,0.0,-63.510418,-56.864582,NaN
2021-06-28T12:00:00Z,0.0,-63.510418,-56.864582,NaN
2021-06-29T12:00:00Z,0.0,-63.510418,-56.864582,NaN
2021-06-30T12:00:00Z,0.0,-63.510418,-56.864582,NaN
2021-07-01T12:00:00Z,0.0,-63.510418,-56.864582,NaN
2021-07-02T12:00:00Z,0.0,-63.510418,-56.864582,NaN
2021-07-03T12:00:00Z,0.0,-63.510418,-56.864582,NaN
2021-07-04T12:00:00Z,0.0,-63.510418,-56.864582,NaN
2021-07-05T12:00:00Z,0.0,-63.510418,-56.864582,NaN
2021-07-06T12:00:00Z,0.0,-63.510418,-56.864582,NaN
2021-07-07T12:00:00Z,0.0,-63.510418,-56.864582,NaN
2021-07-08T12:00:00Z,0.0,-63.510418,-56.864582,NaN
2021-07-09T12:00:00Z,0.0,-63.510418,-56.864582,NaN
2021-07-10T12:00:00Z,0.0,-63.510418,-56.864582,NaN
2021-07-11T12:00:00Z,0.0,-63.510418,-56.864582,NaN
2021-07-12T12:00:00Z,0.0,-63.510418,-56.864582,NaN
2021-07-13T12:00:00Z,0.0,-63.510418,-56.864582,NaN
2021-07-14T12:00:00Z,0.0,-63.510418,-56.864582,NaN
2021-07-15T12:00:00Z,0.0,-63.510418,-56.864582,NaN
2021-07-16T12:00:00Z,0.0,-63.510418,-56.864582,NaN
2021-07-17T12:00:00Z,0.0,-63.510418,-56.864582,NaN
2021-07-18T12:00:00Z,0.0,-63.510418,-56.864582,NaN
2021-07-19T12:00:00Z,0.0,-63.510418,-56.864582,NaN
2021-07-20T12:00:00Z,0.0,-63.510418,-56.864582,NaN
2021-07-21T12:00:00Z,0.0,-63.510418,-56.864582,NaN
2021-07-22T12:00:00Z,0.0,-63.510418,-56.864582,NaN
2021-07-23T12:00:00Z,0.0,-63.510418,-56.864582,NaN
2021-07-24T12:00:00Z,0.0,-63.510418,-56.864582,NaN
2021-07-25T12:00:00Z,0.0,-63.510418,-56.864582,NaN
2021-07-26T12:00:00Z,0.0,-63.510418,-56.864582,NaN
2021-07-27T12:00:00Z,0.0,-63.510418,-56.864582,NaN
2021-07-28T12:00:00Z,0.0,-63.510418,-56.864582,NaN
2021-07-29T12:00:00Z,0.0,-63.510418,-56.864582,NaN
2021-07-30T12:00:00Z,0.0,-63.510418,-56.864582,NaN
2021-07-31T12:00:00Z,0.0,-63.510418,-56.864582,NaN
2021-08-01T12:00:00Z,0.0,-63.510418,-56.864582,NaN
2021-08-02T12:00:00Z,0.0,-63.510418,-56.864582,NaN
2021-08-03T12:00:00Z,0.0,-63.510418,-56.864582,NaN
2021-08-04T12:00:00Z,0.0,-63.510418,-56.864582,NaN
2021-08-05T12:00:00Z,0.0,-63.510418,-56.864582,NaN
2021-08-06T12:00:00Z,0.0,-63.510418,-56.864582,NaN
2021-08-07T12:00:00Z,0.0,-63.510418,-56.864582,NaN
2021-08-08T12:00:00Z,0.0,-63.510418,-56.864582,NaN
2021-08-09T12:00:00Z,0.0,-63.510418,-56.864582,NaN
2021-08-10T12:00:00Z,0.0,-63.510418,-56.864582,NaN
2021-08-11T12:00:00Z,0.0,-63.510418,-56.864582,NaN
2021-08-12T12:00:00Z,0.0,-63.510418,-56.864582,NaN
2021-08-13T12:00:00Z,0.0,-63.510418,-56.864582,NaN
2021-08-14T12:00:00Z,0.0,-63.510418,-56.864582,NaN
2021-08-15T12:00:00Z,0.0,-63.510418,-56.864582,NaN
2021-08-16T12:00:00Z,0.0,-63.510418,-56.864582,NaN
2021-08-17T12:00:00Z,0.0,-63.510418,-56.864582,NaN
2021-08-18T12:00:00Z,0.0,-63.510418,-56.864582,NaN
2021-08-19T12:00:00Z,0.0,-63.510418,-56.864582,NaN
2021-08-20T12:00:00Z,0.0,-63.510418,-56.864582,NaN
2021-08-21T12:00:00Z,0.0,-63.510418,-56.864582,NaN
2021-08-22T12:00:00Z,0.0,-63.510418,-56.864582,NaN
2021-08-23T12:00:00Z,0.0,-63.510418,-56.864582,NaN
2021-08-24T12:00:00Z,0.0,-63.510418,-56.864582,NaN
2021-08-25T12:00:00Z,0.0,-63.510418,-56.864582,NaN
2021-08-26T12:00:00Z,0.0,-63.510418,-56.864582,NaN
2021-08-27T12:00:00Z,0.0,-63.510418,-56.864582,NaN
2021-08-28T12:00:00Z,0.0,-63.510418,-56.864582,NaN
2021-08-29T12:00:00Z,0.0,-63.510418,-56.864582,NaN
2021-08-30T12:00:00Z,0.0,-63.510418,-56.864582,NaN
2021-08-31T12:00:00Z,0.0,-63.510418,-56.864582,NaN
2021-09-01T12:00:00Z,0.0,-63.510418,-56.864582,NaN
2021-09-02T12:00:00Z,0.0,-63.510418,-56.864582,NaN
2021-09-03T12:00:00Z,0.0,-63.510418,-56.864582,NaN
2021-09-04T12:00:00Z,0.0,-63.510418,-56.864582,NaN
2021-09-05T12:00:00Z,0.0,-63.510418,-56.864582,NaN
2021-09-06T12:00:00Z,0.0,-63.510418,-56.864582,NaN
2021-09-07T12:00:00Z,0.0,-63.510418,-56.864582,NaN
2021-09-08T12:00:00Z,0.0,-63.510418,-56.864582,NaN
2021-09-09T12:00:00Z,0.0,-63.510418,-56.864582,NaN
2021-09-10T12:00:00Z,0.0,-63.510418,-56.864582,NaN
2021-09-11T12:00:00Z,0.0,-63.510418,-56.864582,NaN
2021-09-12T12:00:00Z,0.0,-63.510418,-56.864582,NaN
2021-09-13T12:00:00Z,0.0,-63.510418,-56.864582,NaN
2021-09-14T12:00:00Z,0.0,-63.510418,-56.864582,NaN
2021-09-15T12:00:00Z,0.0,-63.510418,-56.864582,NaN
2021-09-16T12:00:00Z,0.0,-63.510418,-56.864582,NaN
2021-09-17T12:00:00Z,0.0,-63.510418,-56.864582,NaN
2021-09-18T12:00:00Z,0.0,-63.510418,-56.864582,NaN
2021-09-19T12:00:00Z,0.0,-63.510418,-56.864582,NaN
2021-09-20T12:00:00Z,0.0,-63.510418,-56.864582,NaN
2021-09-21T12:00:00Z,0.0,-63.510418,-56.864582,NaN
2021-09-22T12:00:00Z,0.0,-63.510418,-56.864582,NaN
2021-09-23T12:00:00Z,0.0,-63.510418,-56.864582,NaN
2021-09-24T12:00:00Z,0.0,-63.510418,-56.864582,NaN
2021-09-25T12:00:00Z,0.0,-63.510418,-56.864582,NaN
2021-09-26T12:00:00Z,0.0,-63.510418,-56.864582,NaN
2021-09-27T12:00:00Z,0.0,-63.510418,-56.864582,NaN
2021-09-28T12:00:00Z,0.0,-63.510418,-56.864582,NaN
2021-09-29T12:00:00Z,0.0,-63.510418,-56.864582,NaN
2021-09-30T12:00:00Z,0.0,-63.510418,-56.864582,NaN
2021-10-01T12:00:00Z,0.0,-63.510418,-56.864582,NaN
2021-10-02T12:00:00Z,0.0,-63.510418,-56.864582,NaN
2021-10-03T12:00:00Z,0.0,-63.510418,-56.864582,NaN
2021-10-04T12:00:00Z,0.0,-63.510418,-56.864582,NaN
2021-10-05T12:00:00Z,0.0,-63.510418,-56.864582,NaN
2021-10-06T12:00:00Z,0.0,-63.510418,-56.864582,NaN
2021-10-07T12:00:00Z,0.0,-63.510418,-56.864582,NaN
2021-10-08T12:00:00Z,0.0,-63.510418,-56.864582,NaN
2021-10-09T12:00:00Z,0.0,-63.510418,-56.864582,NaN
2021-10-10T12:00:00Z,0.0,-63.510418,-56.864582,NaN
2021-10-11T12:00:00Z,0.0,-63.510418,-56.864582,NaN
2021-10-12T12:00:00Z,0.0,-63.510418,-56.864582,NaN
2021-10-13T12:00:00Z,0.0,-63.510418,-56.864582,NaN
2021-10-14T12:00:00Z,0.0,-63.510418,-56.864582,NaN
2021-10-15T12:00:00Z,0.0,-63.510418,-56.864582,NaN
2021-10-16T12:00:00Z,0.0,-63.510418,-56.864582,0.049412698
2021-10-17T12:00:00Z,0.0,-63.510418,-56.864582,0.07102881
2021-10-18T12:00:00Z,0.0,-63.510418,-56.864582,0.1531635
2021-10-19T12:00:00Z,0.0,-63.510418,-56.864582,0.06196528
2021-10-20T12:00:00Z,0.0,-63.510418,-56.864582,0.03573038
2021-10-21T12:00:00Z,0.0,-63.510418,-56.864582,0.099289075
2021-10-22T12:00:00Z,0.0,-63.510418,-56.864582,0.1460103
2021-10-23T12:00:00Z,0.0,-63.510418,-56.864582,0.092377074
2021-10-24T12:00:00Z,0.0,-63.510418,-56.864582,0.08962008
2021-10-25T12:00:00Z,0.0,-63.510418,-56.864582,0.0972632
2021-10-26T12:00:00Z,0.0,-63.510418,-56.864582,0.1261115
2021-10-27T12:00:00Z,0.0,-63.510418,-56.864582,0.10495206
2021-10-28T12:00:00Z,0.0,-63.510418,-56.864582,0.08069415
2021-10-29T12:00:00Z,0.0,-63.510418,-56.864582,0.08076557
2021-10-30T12:00:00Z,0.0,-63.510418,-56.864582,0.08555437
2021-10-31T12:00:00Z,0.0,-63.510418,-56.864582,0.07656743
2021-11-01T12:00:00Z,0.0,-63.510418,-56.864582,0.087332755
2021-11-02T12:00:00Z,0.0,-63.510418,-56.864582,0.08114021
2021-11-03T12:00:00Z,0.0,-63.510418,-56.864582,0.090848796
2021-11-04T12:00:00Z,0.0,-63.510418,-56.864582,0.08787474
2021-11-05T12:00:00Z,0.0,-63.510418,-56.864582,0.081594475
2021-11-06T12:00:00Z,0.0,-63.510418,-56.864582,0.07948333
2021-11-07T12:00:00Z,0.0,-63.510418,-56.864582,0.102237545
2021-11-08T12:00:00Z,0.0,-63.510418,-56.864582,0.09554457
2021-11-09T12:00:00Z,0.0,-63.510418,-56.864582,0.10359563
2021-11-10T12:00:00Z,0.0,-63.510418,-56.864582,0.110544994
2021-11-11T12:00:00Z,0.0,-63.510418,-56.864582,0.11878812
2021-11-12T12:00:00Z,0.0,-63.510418,-56.864582,0.114948526
2021-11-13T12:00:00Z,0.0,-63.510418,-56.864582,0.12433691
2021-11-14T12:00:00Z,0.0,-63.510418,-56.864582,0.12862162
2021-11-15T12:00:00Z,0.0,-63.510418,-56.864582,0.12178018
2021-11-16T12:00:00Z,0.0,-63.510418,-56.864582,0.12388605
2021-11-17T12:00:00Z,0.0,-63.510418,-56.864582,0.13509277
2021-11-18T12:00:00Z,0.0,-63.510418,-56.864582,0.3089748
2021-11-19T12:00:00Z,0.0,-63.510418,-56.864582,0.29316023
2021-11-20T12:00:00Z,0.0,-63.510418,-56.864582,0.33528858
2021-11-21T12:00:00Z,0.0,-63.510418,-56.864582,0.2809736
2021-11-22T12:00:00Z,0.0,-63.510418,-56.864582,0.28618217
2021-11-23T12:00:00Z,0.0,-63.510418,-56.864582,0.2574292
2021-11-24T12:00:00Z,0.0,-63.510418,-56.864582,0.2490632
2021-11-25T12:00:00Z,0.0,-63.510418,-56.864582,0.22322957
2021-11-26T12:00:00Z,0.0,-63.510418,-56.864582,0.22195311
2021-11-27T12:00:00Z,0.0,-63.510418,-56.864582,0.21238339
2021-11-28T12:00:00Z,0.0,-63.510418,-56.864582,0.19074503
2021-11-29T12:00:00Z,0.0,-63.510418,-56.864582,0.19379826
2021-11-30T12:00:00Z,0.0,-63.510418,-56.864582,0.19497973
2021-12-01T12:00:00Z,0.0,-63.510418,-56.864582,0.21096066
2021-12-02T12:00:00Z,0.0,-63.510418,-56.864582,0.22408156
2021-12-03T12:00:00Z,0.0,-63.510418,-56.864582,0.22947638
2021-12-04T12:00:00Z,0.0,-63.510418,-56.864582,0.22517745
2021-12-05T12:00:00Z,0.0,-63.510418,-56.864582,0.2125107
2021-12-06T12:00:00Z,0.0,-63.510418,-56.864582,0.21638735
2021-12-07T12:00:00Z,0.0,-63.510418,-56.864582,0.21856986
2021-12-08T12:00:00Z,0.0,-63.510418,-56.864582,0.20538676
2021-12-09T12:00:00Z,0.0,-63.510418,-56.864582,0.19781645
2021-12-10T12:00:00Z,0.0,-63.510418,-56.864582,0.2721229
2021-12-11T12:00:00Z,0.0,-63.510418,-56.864582,0.3040697
2021-12-12T12:00:00Z,0.0,-63.510418,-56.864582,0.3040106
2021-12-13T12:00:00Z,0.0,-63.510418,-56.864582,0.3249385
2021-12-14T12:00:00Z,0.0,-63.510418,-56.864582,0.3275176
2021-12-15T12:00:00Z,0.0,-63.510418,-56.864582,0.305073
2021-12-16T12:00:00Z,0.0,-63.510418,-56.864582,0.30378985
2021-12-17T12:00:00Z,0.0,-63.510418,-56.864582,0.33093512
2021-12-18T12:00:00Z,0.0,-63.510418,-56.864582,0.3298429
2021-12-19T12:00:00Z,0.0,-63.510418,-56.864582,0.35814312
2021-12-20T12:00:00Z,0.0,-63.510418,-56.864582,0.31164274
2021-12-21T12:00:00Z,0.0,-63.510418,-56.864582,0.35054237
2021-12-22T12:00:00Z,0.0,-63.510418,-56.864582,0.35577142
2021-12-23T12:00:00Z,0.0,-63.510418,-56.864582,0.3407669
2021-12-24T12:00:00Z,0.0,-63.510418,-56.864582,0.3264893
2021-12-25T12:00:00Z,0.0,-63.510418,-56.864582,0.33333
2021-12-26T12:00:00Z,0.0,-63.510418,-56.864582,0.34169832
2021-12-27T12:00:00Z,0.0,-63.510418,-56.864582,0.34948072
2021-12-28T12:00:00Z,0.0,-63.510418,-56.864582,0.3497232
2021-12-29T12:00:00Z,0.0,-63.510418,-56.864582,0.3529465
2021-12-30T12:00:00Z,0.0,-63.510418,-56.864582,0.36311966
2021-12-31T12:00:00Z,0.0,-63.510418,-56.864582,0.34291136
2022-01-01T12:00:00Z,0.0,-63.510418,-56.864582,0.35106635
2022-01-02T12:00:00Z,0.0,-63.510418,-56.864582,0.350385
2022-01-03T12:00:00Z,0.0,-63.510418,-56.864582,0.35967883
2022-01-04T12:00:00Z,0.0,-63.510418,-56.864582,0.34467033
2022-01-05T12:00:00Z,0.0,-63.510418,-56.864582,0.33513469
2022-01-06T12:00:00Z,0.0,-63.510418,-56.864582,0.25372976
2022-01-07T12:00:00Z,0.0,-63.510418,-56.864582,0.25792807
2022-01-08T12:00:00Z,0.0,-63.510418,-56.864582,0.2546845
2022-01-09T12:00:00Z,0.0,-63.510418,-56.864582,0.25218135
2022-01-10T12:00:00Z,0.0,-63.510418,-56.864582,0.2414489
2022-01-11T12:00:00Z,0.0,-63.510418,-56.864582,0.23798464
2022-01-12T12:00:00Z,0.0,-63.510418,-56.864582,0.22336
2022-01-13T12:00:00Z,0.0,-63.510418,-56.864582,0.21101858
2022-01-14T12:00:00Z,0.0,-63.510418,-56.864582,0.17081076
2022-01-15T12:00:00Z,0.0,-63.510418,-56.864582,0.16141845
2022-01-16T12:00:00Z,0.0,-63.510418,-56.864582,0.1882764
2022-01-17T12:00:00Z,0.0,-63.510418,-56.864582,0.2007706
2022-01-18T12:00:00Z,0.0,-63.510418,-56.864582,0.19380794
2022-01-19T12:00:00Z,0.0,-63.510418,-56.864582,0.21313982
2022-01-20T12:00:00Z,0.0,-63.510418,-56.864582,0.21256864
2022-01-21T12:00:00Z,0.0,-63.510418,-56.864582,0.21175887
2022-01-22T12:00:00Z,0.0,-63.510418,-56.864582,0.2040333
2022-01-23T12:00:00Z,0.0,-63.510418,-56.864582,0.19164485
2022-01-24T12:00:00Z,0.0,-63.510418,-56.864582,0.19518432
2022-01-25T12:00:00Z,0.0,-63.510418,-56.864582,0.19530019
2022-01-26T12:00:00Z,0.0,-63.510418,-56.864582,0.23237444
2022-01-27T12:00:00Z,0.0,-63.510418,-56.864582,0.23241793
2022-01-28T12:00:00Z,0.0,-63.510418,-56.864582,0.25987646
2022-01-29T12:00:00Z,0.0,-63.510418,-56.864582,0.24069224
2022-01-30T12:00:00Z,0.0,-63.510418,-56.864582,0.24679287
2022-01-31T12:00:00Z,0.0,-63.510418,-56.864582,0.2523035
2022-02-01T12:00:00Z,0.0,-63.510418,-56.864582,0.2622538
2022-02-02T12:00:00Z,0.0,-63.510418,-56.864582,0.2633047
2022-02-03T12:00:00Z,0.0,-63.510418,-56.864582,0.2588527
2022-02-04T12:00:00Z,0.0,-63.510418,-56.864582,0.2485407
2022-02-05T12:00:00Z,0.0,-63.510418,-56.864582,0.21614797
2022-02-06T12:00:00Z,0.0,-63.510418,-56.864582,0.24128115
2022-02-07T12:00:00Z,0.0,-63.510418,-56.864582,0.24139956
2022-02-08T12:00:00Z,0.0,-63.510418,-56.864582,0.24488655
2022-02-09T12:00:00Z,0.0,-63.510418,-56.864582,0.29873192
2022-02-10T12:00:00Z,0.0,-63.510418,-56.864582,0.29635933
2022-02-11T12:00:00Z,0.0,-63.510418,-56.864582,0.31233215
2022-02-12T12:00:00Z,0.0,-63.510418,-56.864582,0.3040459
2022-02-13T12:00:00Z,0.0,-63.510418,-56.864582,0.31733987
2022-02-14T12:00:00Z,0.0,-63.510418,-56.864582,0.31811768
2022-02-15T12:00:00Z,0.0,-63.510418,-56.864582,0.3425201
2022-02-16T12:00:00Z,0.0,-63.510418,-56.864582,0.27662507
2022-02-17T12:00:00Z,0.0,-63.510418,-56.864582,0.27607402
2022-02-18T12:00:00Z,0.0,-63.510418,-56.864582,0.28833663
2022-02-19T12:00:00Z,0.0,-63.510418,-56.864582,0.25421616
2022-02-20T12:00:00Z,0.0,-63.510418,-56.864582,0.23596473
2022-02-21T12:00:00Z,0.0,-63.510418,-56.864582,0.21609198
2022-02-22T12:00:00Z,0.0,-63.510418,-56.864582,0.21725546
2022-02-23T12:00:00Z,0.0,-63.510418,-56.864582,0.20897539
2022-02-24T12:00:00Z,0.0,-63.510418,-56.864582,0.20196235
2022-02-25T12:00:00Z,0.0,-63.510418,-56.864582,0.19743288
2022-02-26T12:00:00Z,0.0,-63.510418,-56.864582,0.20173332
2022-02-27T12:00:00Z,0.0,-63.510418,-56.864582,0.19252563
2022-02-28T12:00:00Z,0.0,-63.510418,-56.864582,0.17304216
2022-03-01T12:00:00Z,0.0,-63.510418,-56.864582,0.172006
2022-03-02T12:00:00Z,0.0,-63.510418,-56.864582,0.16344434
2022-03-03T12:00:00Z,0.0,-63.510418,-56.864582,0.16022085
2022-03-04T12:00:00Z,0.0,-63.510418,-56.864582,0.15966192
2022-03-05T12:00:00Z,0.0,-63.510418,-56.864582,0.16345741
2022-03-06T12:00:00Z,0.0,-63.510418,-56.864582,0.15438862
2022-03-07T12:00:00Z,0.0,-63.510418,-56.864582,0.14373988
2022-03-08T12:00:00Z,0.0,-63.510418,-56.864582,0.15721846
2022-03-09T12:00:00Z,0.0,-63.510418,-56.864582,0.161135
2022-03-10T12:00:00Z,0.0,-63.510418,-56.864582,0.17986201
2022-03-11T12:00:00Z,0.0,-63.510418,-56.864582,0.2766163
2022-03-12T12:00:00Z,0.0,-63.510418,-56.864582,0.26717257
2022-03-13T12:00:00Z,0.0,-63.510418,-56.864582,0.2754045
2022-03-14T12:00:00Z,0.0,-63.510418,-56.864582,0.25771537
2022-03-15T12:00:00Z,0.0,-63.510418,-56.864582,0.2788683
2022-03-16T12:00:00Z,0.0,-63.510418,-56.864582,0.26365063
2022-03-17T12:00:00Z,0.0,-63.510418,-56.864582,0.25520632
2022-03-18T12:00:00Z,0.0,-63.510418,-56.864582,0.23025651
2022-03-19T12:00:00Z,0.0,-63.510418,-56.864582,NaN
2022-03-20T12:00:00Z,0.0,-63.510418,-56.864582,NaN
2022-03-21T12:00:00Z,0.0,-63.510418,-56.864582,NaN
2022-03-22T12:00:00Z,0.0,-63.510418,-56.864582,NaN
2022-03-23T12:00:00Z,0.0,-63.510418,-56.864582,NaN
2022-03-24T12:00:00Z,0.0,-63.510418,-56.864582,NaN
2022-03-25T12:00:00Z,0.0,-63.510418,-56.864582,NaN
2022-03-26T12:00:00Z,0.0,-63.510418,-56.864582,NaN
2022-03-27T12:00:00Z,0.0,-63.510418,-56.864582,NaN
2022-03-28T12:00:00Z,0.0,-63.510418,-56.864582,NaN
2022-03-29T12:00:00Z,0.0,-63.510418,-56.864582,NaN
2022-03-30T12:00:00Z,0.0,-63.510418,-56.864582,NaN
2022-03-31T12:00:00Z,0.0,-63.510418,-56.864582,NaN
2022-04-01T12:00:00Z,0.0,-63.510418,-56.864582,NaN
2022-04-02T12:00:00Z,0.0,-63.510418,-56.864582,NaN
2022-04-03T12:00:00Z,0.0,-63.510418,-56.864582,NaN
2022-04-04T12:00:00Z,0.0,-63.510418,-56.864582,NaN
2022-04-05T12:00:00Z,0.0,-63.510418,-56.864582,NaN
2022-04-06T12:00:00Z,0.0,-63.510418,-56.864582,NaN
2022-04-07T12:00:00Z,0.0,-63.510418,-56.864582,NaN
2022-04-08T12:00:00Z,0.0,-63.510418,-56.864582,NaN
2022-04-09T12:00:00Z,0.0,-63.510418,-56.864582,NaN
2022-04-10T12:00:00Z,0.0,-63.510418,-56.864582,NaN
2022-04-11T12:00:00Z,0.0,-63.510418,-56.864582,NaN
2022-04-12T12:00:00Z,0.0,-63.510418,-56.864582,NaN
2022-04-13T12:00:00Z,0.0,-63.510418,-56.864582,NaN
2022-04-14T12:00:00Z,0.0,-63.510418,-56.864582,NaN
2022-04-15T12:00:00Z,0.0,-63.510418,-56.864582,NaN
2022-04-16T12:00:00Z,0.0,-63.510418,-56.864582,NaN
2022-04-17T12:00:00Z,0.0,-63.510418,-56.864582,NaN
2022-04-18T12:00:00Z,0.0,-63.510418,-56.864582,NaN
2022-04-19T12:00:00Z,0.0,-63.510418,-56.864582,NaN
2022-04-20T12:00:00Z,0.0,-63.510418,-56.864582,NaN
2022-04-21T12:00:00Z,0.0,-63.510418,-56.864582,NaN
2022-04-22T12:00:00Z,0.0,-63.510418,-56.864582,NaN
2022-04-23T12:00:00Z,0.0,-63.510418,-56.864582,NaN
2022-04-24T12:00:00Z,0.0,-63.510418,-56.864582,NaN
2022-04-25T12:00:00Z,0.0,-63.510418,-56.864582,NaN
2022-04-26T12:00:00Z,0.0,-63.510418,-56.864582,NaN
2022-04-27T12:00:00Z,0.0,-63.510418,-56.864582,NaN
2022-04-28T12:00:00Z,0.0,-63.510418,-56.864582,NaN
2022-04-29T12:00:00Z,0.0,-63.510418,-56.864582,NaN
2022-04-30T12:00:00Z,0.0,-63.510418,-56.864582,NaN
2022-05-01T12:00:00Z,0.0,-63.510418,-56.864582,NaN
2022-05-02T12:00:00Z,0.0,-63.510418,-56.864582,NaN
2022-05-03T12:00:00Z,0.0,-63.510418,-56.864582,NaN
2022-05-04T12:00:00Z,0.0,-63.510418,-56.864582,NaN
2022-05-05T12:00:00Z,0.0,-63.510418,-56.864582,NaN
2022-05-06T12:00:00Z,0.0,-63.510418,-56.864582,NaN
2022-05-07T12:00:00Z,0.0,-63.510418,-56.864582,NaN
2022-05-08T12:00:00Z,0.0,-63.510418,-56.864582,NaN
2022-05-09T12:00:00Z,0.0,-63.510418,-56.864582,NaN
2022-05-10T12:00:00Z,0.0,-63.510418,-56.864582,NaN
2022-05-11T12:00:00Z,0.0,-63.510418,-56.864582,NaN
2022-05-12T12:00:00Z,0.0,-63.510418,-56.864582,NaN
2022-05-13T12:00:00Z,0.0,-63.510418,-56.864582,NaN
2022-05-14T12:00:00Z,0.0,-63.510418,-56.864582,NaN
2022-05-15T12:00:00Z,0.0,-63.510418,-56.864582,NaN
2022-05-16T12:00:00Z,0.0,-63.510418,-56.864582,NaN
2022-05-17T12:00:00Z,0.0,-63.510418,-56.864582,NaN
2022-05-18T12:00:00Z,0.0,-63.510418,-56.864582,NaN
2022-05-19T12:00:00Z,0.0,-63.510418,-56.864582,NaN
2022-05-20T12:00:00Z,0.0,-63.510418,-56.864582,NaN
2022-05-21T12:00:00Z,0.0,-63.510418,-56.864582,NaN
2022-05-22T12:00:00Z,0.0,-63.510418,-56.864582,NaN
2022-05-23T12:00:00Z,0.0,-63.510418,-56.864582,NaN
2022-05-24T12:00:00Z,0.0,-63.510418,-56.864582,NaN
2022-05-25T12:00:00Z,0.0,-63.510418,-56.864582,NaN
2022-05-26T12:00:00Z,0.0,-63.510418,-56.864582,NaN
2022-05-27T12:00:00Z,0.0,-63.510418,-56.864582,NaN
2022-05-28T12:00:00Z,0.0,-63.510418,-56.864582,NaN
2022-05-29T12:00:00Z,0.0,-63.510418,-56.864582,NaN
2022-05-30T12:00:00Z,0.0,-63.510418,-56.864582,NaN
2022-05-31T12:00:00Z,0.0,-63.510418,-56.864582,NaN
2022-06-01T12:00:00Z,0.0,-63.510418,-56.864582,NaN
2022-06-02T12:00:00Z,0.0,-63.510418,-56.864582,NaN
2022-06-03T12:00:00Z,0.0,-63.510418,-56.864582,NaN
2022-06-04T12:00:00Z,0.0,-63.510418,-56.864582,NaN
2022-06-05T12:00:00Z,0.0,-63.510418,-56.864582,NaN
2022-06-06T12:00:00Z,0.0,-63.510418,-56.864582,NaN
2022-06-07T12:00:00Z,0.0,-63.510418,-56.864582,NaN
2022-06-08T12:00:00Z,0.0,-63.510418,-56.864582,NaN
2022-06-09T12:00:00Z,0.0,-63.510418,-56.864582,NaN
2022-06-10T12:00:00Z,0.0,-63.510418,-56.864582,NaN
2022-06-11T12:00:00Z,0.0,-63.510418,-56.864582,NaN
2022-06-12T12:00:00Z,0.0,-63.510418,-56.864582,NaN
2022-06-13T12:00:00Z,0.0,-63.510418,-56.864582,NaN
2022-06-14T12:00:00Z,0.0,-63.510418,-56.864582,NaN
2022-06-15T12:00:00Z,0.0,-63.510418,-56.864582,NaN
2022-06-16T12:00:00Z,0.0,-63.510418,-56.864582,NaN
2022-06-17T12:00:00Z,0.0,-63.510418,-56.864582,NaN
2022-06-18T12:00:00Z,0.0,-63.510418,-56.864582,NaN
2022-06-19T12:00:00Z,0.0,-63.510418,-56.864582,NaN
2022-06-20T12:00:00Z,0.0,-63.510418,-56.864582,NaN
2022-06-21T12:00:00Z,0.0,-63.510418,-56.864582,NaN
2022-06-22T12:00:00Z,0.0,-63.510418,-56.864582,NaN
2022-06-23T12:00:00Z,0.0,-63.510418,-56.864582,NaN
2022-06-24T12:00:00Z,0.0,-63.510418,-56.864582,NaN
2022-06-25T12:00:00Z,0.0,-63.510418,-56.864582,NaN
2022-06-26T12:00:00Z,0.0,-63.510418,-56.864582,NaN
2022-06-27T12:00:00Z,0.0,-63.510418,-56.864582,NaN
2022-06-28T12:00:00Z,0.0,-63.510418,-56.864582,NaN
2022-06-29T12:00:00Z,0.0,-63.510418,-56.864582,NaN
2022-06-30T12:00:00Z,0.0,-63.510418,-56.864582,NaN
2022-07-01T12:00:00Z,0.0,-63.510418,-56.864582,NaN
2022-07-02T12:00:00Z,0.0,-63.510418,-56.864582,NaN
2022-07-03T12:00:00Z,0.0,-63.510418,-56.864582,NaN
2022-07-04T12:00:00Z,0.0,-63.510418,-56.864582,NaN
2022-07-05T12:00:00Z,0.0,-63.510418,-56.864582,NaN
2022-07-06T12:00:00Z,0.0,-63.510418,-56.864582,NaN
2022-07-07T12:00:00Z,0.0,-63.510418,-56.864582,NaN
2022-07-08T12:00:00Z,0.0,-63.510418,-56.864582,NaN
2022-07-09T12:00:00Z,0.0,-63.510418,-56.864582,NaN
2022-07-10T12:00:00Z,0.0,-63.510418,-56.864582,NaN
2022-07-11T12:00:00Z,0.0,-63.510418,-56.864582,NaN
2022-07-12T12:00:00Z,0.0,-63.510418,-56.864582,NaN
2022-07-13T12:00:00Z,0.0,-63.510418,-56.864582,NaN
2022-07-14T12:00:00Z,0.0,-63.510418,-56.864582,NaN
2022-07-15T12:00:00Z,0.0,-63.510418,-56.864582,NaN
2022-07-16T12:00:00Z,0.0,-63.510418,-56.864582,NaN
2022-07-17T12:00:00Z,0.0,-63.510418,-56.864582,NaN
2022-07-18T12:00:00Z,0.0,-63.510418,-56.864582,NaN
2022-07-19T12:00:00Z,0.0,-63.510418,-56.864582,NaN
2022-07-20T12:00:00Z,0.0,-63.510418,-56.864582,NaN
2022-07-21T12:00:00Z,0.0,-63.510418,-56.864582,NaN
2022-07-22T12:00:00Z,0.0,-63.510418,-56.864582,NaN
2022-07-23T12:00:00Z,0.0,-63.510418,-56.864582,NaN
2022-07-24T12:00:00Z,0.0,-63.510418,-56.864582,NaN
2022-07-25T12:00:00Z,0.0,-63.510418,-56.864582,NaN
2022-07-26T12:00:00Z,0.0,-63.510418,-56.864582,NaN
2022-07-27T12:00:00Z,0.0,-63.510418,-56.864582,NaN
2022-07-28T12:00:00Z,0.0,-63.510418,-56.864582,NaN
2022-07-29T12:00:00Z,0.0,-63.510418,-56.864582,NaN
2022-07-30T12:00:00Z,0.0,-63.510418,-56.864582,NaN
2022-07-31T12:00:00Z,0.0,-63.510418,-56.864582,NaN
2022-08-01T12:00:00Z,0.0,-63.510418,-56.864582,NaN
2022-08-02T12:00:00Z,0.0,-63.510418,-56.864582,NaN
2022-08-03T12:00:00Z,0.0,-63.510418,-56.864582,NaN
2022-08-04T12:00:00Z,0.0,-63.510418,-56.864582,NaN
2022-08-05T12:00:00Z,0.0,-63.510418,-56.864582,NaN
2022-08-06T12:00:00Z,0.0,-63.510418,-56.864582,NaN
2022-08-07T12:00:00Z,0.0,-63.510418,-56.864582,NaN
2022-08-08T12:00:00Z,0.0,-63.510418,-56.864582,NaN
2022-08-09T12:00:00Z,0.0,-63.510418,-56.864582,NaN
2022-08-10T12:00:00Z,0.0,-63.510418,-56.864582,NaN
2022-08-11T12:00:00Z,0.0,-63.510418,-56.864582,NaN
2022-08-12T12:00:00Z,0.0,-63.510418,-56.864582,NaN
2022-08-13T12:00:00Z,0.0,-63.510418,-56.864582,NaN
2022-08-14T12:00:00Z,0.0,-63.510418,-56.864582,NaN
2022-08-15T12:00:00Z,0.0,-63.510418,-56.864582,NaN
2022-08-16T12:00:00Z,0.0,-63.510418,-56.864582,NaN
2022-08-17T12:00:00Z,0.0,-63.510418,-56.864582,NaN
2022-08-18T12:00:00Z,0.0,-63.510418,-56.864582,NaN
2022-08-19T12:00:00Z,0.0,-63.510418,-56.864582,NaN
2022-08-20T12:00:00Z,0.0,-63.510418,-56.864582,NaN
2022-08-21T12:00:00Z,0.0,-63.510418,-56.864582,NaN
2022-08-22T12:00:00Z,0.0,-63.510418,-56.864582,NaN
2022-08-23T12:00:00Z,0.0,-63.510418,-56.864582,NaN
2022-08-24T12:00:00Z,0.0,-63.510418,-56.864582,NaN
2022-08-25T12:00:00Z,0.0,-63.510418,-56.864582,NaN
2022-08-26T12:00:00Z,0.0,-63.510418,-56.864582,NaN
2022-08-27T12:00:00Z,0.0,-63.510418,-56.864582,NaN
2022-08-28T12:00:00Z,0.0,-63.510418,-56.864582,NaN
2022-08-29T12:00:00Z,0.0,-63.510418,-56.864582,NaN
2022-08-30T12:00:00Z,0.0,-63.510418,-56.864582,NaN
2022-08-31T12:00:00Z,0.0,-63.510418,-56.864582,NaN
2022-09-01T12:00:00Z,0.0,-63.510418,-56.864582,NaN
2022-09-02T12:00:00Z,0.0,-63.510418,-56.864582,NaN
2022-09-03T12:00:00Z,0.0,-63.510418,-56.864582,NaN
2022-09-04T12:00:00Z,0.0,-63.510418,-56.864582,NaN
2022-09-05T12:00:00Z,0.0,-63.510418,-56.864582,NaN
2022-09-06T12:00:00Z,0.0,-63.510418,-56.864582,NaN
2022-09-07T12:00:00Z,0.0,-63.510418,-56.864582,NaN
2022-09-08T12:00:00Z,0.0,-63.510418,-56.864582,NaN
2022-09-09T12:00:00Z,0.0,-63.510418,-56.864582,NaN
2022-09-10T12:00:00Z,0.0,-63.510418,-56.864582,NaN
2022-09-11T12:00:00Z,0.0,-63.510418,-56.864582,NaN
2022-09-12T12:00:00Z,0.0,-63.510418,-56.864582,NaN
2022-09-13T12:00:00Z,0.0,-63.510418,-56.864582,NaN
2022-09-14T12:00:00Z,0.0,-63.510418,-56.864582,NaN
2022-09-15T12:00:00Z,0.0,-63.510418,-56.864582,NaN
2022-09-16T12:00:00Z,0.0,-63.510418,-56.864582,NaN
2022-09-17T12:00:00Z,0.0,-63.510418,-56.864582,NaN
2022-09-18T12:00:00Z,0.0,-63.510418,-56.864582,NaN
2022-09-19T12:00:00Z,0.0,-63.510418,-56.864582,NaN
2022-09-20T12:00:00Z,0.0,-63.510418,-56.864582,NaN
2022-09-21T12:00:00Z,0.0,-63.510418,-56.864582,NaN
2022-09-22T12:00:00Z,0.0,-63.510418,-56.864582,NaN
2022-09-23T12:00:00Z,0.0,-63.510418,-56.864582,NaN
2022-09-24T12:00:00Z,0.0,-63.510418,-56.864582,NaN
2022-09-25T12:00:00Z,0.0,-63.510418,-56.864582,NaN
2022-09-26T12:00:00Z,0.0,-63.510418,-56.864582,NaN
2022-09-27T12:00:00Z,0.0,-63.510418,-56.864582,NaN
2022-09-28T12:00:00Z,0.0,-63.510418,-56.864582,NaN
2022-09-29T12:00:00Z,0.0,-63.510418,-56.864582,NaN
2022-09-30T12:00:00Z,0.0,-63.510418,-56.864582,NaN
2022-10-01T12:00:00Z,0.0,-63.510418,-56.864582,NaN
2022-10-02T12:00:00Z,0.0,-63.510418,-56.864582,NaN
2022-10-03T12:00:00Z,0.0,-63.510418,-56.864582,NaN
2022-10-04T12:00:00Z,0.0,-63.510418,-56.864582,NaN
2022-10-05T12:00:00Z,0.0,-63.510418,-56.864582,NaN
2022-10-06T12:00:00Z,0.0,-63.510418,-56.864582,NaN
2022-10-07T12:00:00Z,0.0,-63.510418,-56.864582,NaN
2022-10-08T12:00:00Z,0.0,-63.510418,-56.864582,NaN
2022-10-09T12:00:00Z,0.0,-63.510418,-56.864582,NaN
2022-10-10T12:00:00Z,0.0,-63.510418,-56.864582,NaN
2022-10-11T12:00:00Z,0.0,-63.510418,-56.864582,NaN
2022-10-12T12:00:00Z,0.0,-63.510418,-56.864582,NaN
2022-10-13T12:00:00Z,0.0,-63.510418,-56.864582,NaN
2022-10-14T12:00:00Z,0.0,-63.510418,-56.864582,NaN
2022-10-15T12:00:00Z,0.0,-63.510418,-56.864582,NaN
2022-10-16T12:00:00Z,0.0,-63.510418,-56.864582,0.118446715
2022-10-17T12:00:00Z,0.0,-63.510418,-56.864582,0.10226826
2022-10-18T12:00:00Z,0.0,-63.510418,-56.864582,0.10463283
2022-10-19T12:00:00Z,0.0,-63.510418,-56.864582,0.15167062
2022-10-20T12:00:00Z,0.0,-63.510418,-56.864582,0.09939139
2022-10-21T12:00:00Z,0.0,-63.510418,-56.864582,0.09625302
2022-10-22T12:00:00Z,0.0,-63.510418,-56.864582,0.09037154
2022-10-23T12:00:00Z,0.0,-63.510418,-56.864582,0.085847504
2022-10-24T12:00:00Z,0.0,-63.510418,-56.864582,0.08995424
2022-10-25T12:00:00Z,0.0,-63.510418,-56.864582,0.09803399
2022-10-26T12:00:00Z,0.0,-63.510418,-56.864582,0.10053986
2022-10-27T12:00:00Z,0.0,-63.510418,-56.864582,0.11888039
2022-10-28T12:00:00Z,0.0,-63.510418,-56.864582,0.10321654
2022-10-29T12:00:00Z,0.0,-63.510418,-56.864582,0.08585262
2022-10-30T12:00:00Z,0.0,-63.510418,-56.864582,0.11345008
2022-10-31T12:00:00Z,0.0,-63.510418,-56.864582,0.101908684
2022-11-01T12:00:00Z,0.0,-63.510418,-56.864582,0.09881896
2022-11-02T12:00:00Z,0.0,-63.510418,-56.864582,0.09665721
2022-11-03T12:00:00Z,0.0,-63.510418,-56.864582,0.1183162
2022-11-04T12:00:00Z,0.0,-63.510418,-56.864582,0.116441235
2022-11-05T12:00:00Z,0.0,-63.510418,-56.864582,0.11303115
2022-11-06T12:00:00Z,0.0,-63.510418,-56.864582,0.114318036
2022-11-07T12:00:00Z,0.0,-63.510418,-56.864582,0.11772134
2022-11-08T12:00:00Z,0.0,-63.510418,-56.864582,0.11611408
2022-11-09T12:00:00Z,0.0,-63.510418,-56.864582,0.10530822
2022-11-10T12:00:00Z,0.0,-63.510418,-56.864582,0.115519784
2022-11-11T12:00:00Z,0.0,-63.510418,-56.864582,0.116697006
2022-11-12T12:00:00Z,0.0,-63.510418,-56.864582,0.111710705
2022-11-13T12:00:00Z,0.0,-63.510418,-56.864582,0.14754345
2022-11-14T12:00:00Z,0.0,-63.510418,-56.864582,0.1159139
2022-11-15T12:00:00Z,0.0,-63.510418,-56.864582,0.11701975
2022-11-16T12:00:00Z,0.0,-63.510418,-56.864582,0.11622395
2022-11-17T12:00:00Z,0.0,-63.510418,-56.864582,0.10835105
2022-11-18T12:00:00Z,0.0,-63.510418,-56.864582,0.17051418
2022-11-19T12:00:00Z,0.0,-63.510418,-56.864582,0.16904792
2022-11-20T12:00:00Z,0.0,-63.510418,-56.864582,0.15219611
2022-11-21T12:00:00Z,0.0,-63.510418,-56.864582,0.15498778
2022-11-22T12:00:00Z,0.0,-63.510418,-56.864582,0.15479906
2022-11-23T12:00:00Z,0.0,-63.510418,-56.864582,0.14657214
2022-11-24T12:00:00Z,0.0,-63.510418,-56.864582,0.15402213
2022-11-25T12:00:00Z,0.0,-63.510418,-56.864582,0.19929
2022-11-26T12:00:00Z,0.0,-63.510418,-56.864582,0.21496224
2022-11-27T12:00:00Z,0.0,-63.510418,-56.864582,0.24030629
2022-11-28T12:00:00Z,0.0,-63.510418,-56.864582,0.21884759
2022-11-29T12:00:00Z,0.0,-63.510418,-56.864582,0.2297803
2022-11-30T12:00:00Z,0.0,-63.510418,-56.864582,0.22538845
2022-12-01T12:00:00Z,0.0,-63.510418,-56.864582,0.22225794
2022-12-02T12:00:00Z,0.0,-63.510418,-56.864582,0.235153
2022-12-03T12:00:00Z,0.0,-63.510418,-56.864582,0.21509734
2022-12-04T12:00:00Z,0.0,-63.510418,-56.864582,0.21841186
2022-12-05T12:00:00Z,0.0,-63.510418,-56.864582,0.1888205
2022-12-06T12:00:00Z,0.0,-63.510418,-56.864582,0.18789907
2022-12-07T12:00:00Z,0.0,-63.510418,-56.864582,0.18247136
2022-12-08T12:00:00Z,0.0,-63.510418,-56.864582,0.1871349
2022-12-09T12:00:00Z,0.0,-63.510418,-56.864582,0.2073341
2022-12-10T12:00:00Z,0.0,-63.510418,-56.864582,0.19154644
2022-12-11T12:00:00Z,0.0,-63.510418,-56.864582,0.18684067
2022-12-12T12:00:00Z,0.0,-63.510418,-56.864582,0.18747842
2022-12-13T12:00:00Z,0.0,-63.510418,-56.864582,0.190567
2022-12-14T12:00:00Z,0.0,-63.510418,-56.864582,0.18950567
2022-12-15T12:00:00Z,0.0,-63.510418,-56.864582,0.1727109
2022-12-16T12:00:00Z,0.0,-63.510418,-56.864582,0.17902035
2022-12-17T12:00:00Z,0.0,-63.510418,-56.864582,0.17605348
2022-12-18T12:00:00Z,0.0,-63.510418,-56.864582,0.17778157
2022-12-19T12:00:00Z,0.0,-63.510418,-56.864582,0.20451243
2022-12-20T12:00:00Z,0.0,-63.510418,-56.864582,0.20036277
2022-12-21T12:00:00Z,0.0,-63.510418,-56.864582,0.19853984
2022-12-22T12:00:00Z,0.0,-63.510418,-56.864582,0.19605005
2022-12-23T12:00:00Z,0.0,-63.510418,-56.864582,0.21850377
2022-12-24T12:00:00Z,0.0,-63.510418,-56.864582,0.2317554
2022-12-25T12:00:00Z,0.0,-63.510418,-56.864582,0.26117477
2022-12-26T12:00:00Z,0.0,-63.510418,-56.864582,0.26049712
2022-12-27T12:00:00Z,0.0,-63.510418,-56.864582,0.28083658
2022-12-28T12:00:00Z,0.0,-63.510418,-56.864582,0.28379834
2022-12-29T12:00:00Z,0.0,-63.510418,-56.864582,0.3315496
2022-12-30T12:00:00Z,0.0,-63.510418,-56.864582,0.3285683
2022-12-31T12:00:00Z,0.0,-63.510418,-56.864582,0.3277245
2023-01-01T12:00:00Z,0.0,-63.510418,-56.864582,0.28389958
2023-01-02T12:00:00Z,0.0,-63.510418,-56.864582,0.35382804
2023-01-03T12:00:00Z,0.0,-63.510418,-56.864582,0.39743024
2023-01-04T12:00:00Z,0.0,-63.510418,-56.864582,0.32317019
2023-01-05T12:00:00Z,0.0,-63.510418,-56.864582,0.30404082
2023-01-06T12:00:00Z,0.0,-63.510418,-56.864582,0.30621865
2023-01-07T12:00:00Z,0.0,-63.510418,-56.864582,0.30457798
2023-01-08T12:00:00Z,0.0,-63.510418,-56.864582,0.3143538
2023-01-09T12:00:00Z,0.0,-63.510418,-56.864582,0.3291564
2023-01-10T12:00:00Z,0.0,-63.510418,-56.864582,0.34930575
2023-01-11T12:00:00Z,0.0,-63.510418,-56.864582,0.35173228
2023-01-12T12:00:00Z,0.0,-63.510418,-56.864582,0.3526412
2023-01-13T12:00:00Z,0.0,-63.510418,-56.864582,0.38492006
2023-01-14T12:00:00Z,0.0,-63.510418,-56.864582,0.38266546
2023-01-15T12:00:00Z,0.0,-63.510418,-56.864582,0.4127659
2023-01-16T12:00:00Z,0.0,-63.510418,-56.864582,0.42820665
2023-01-17T12:00:00Z,0.0,-63.510418,-56.864582,0.4419797
2023-01-18T12:00:00Z,0.0,-63.510418,-56.864582,0.4670164
2023-01-19T12:00:00Z,0.0,-63.510418,-56.864582,0.4568002
2023-01-20T12:00:00Z,0.0,-63.510418,-56.864582,0.4308067
2023-01-21T12:00:00Z,0.0,-63.510418,-56.864582,0.4524229
2023-01-22T12:00:00Z,0.0,-63.510418,-56.864582,0.4352379
2023-01-23T12:00:00Z,0.0,-63.510418,-56.864582,0.46386153
2023-01-24T12:00:00Z,0.0,-63.510418,-56.864582,0.48631215
2023-01-25T12:00:00Z,0.0,-63.510418,-56.864582,0.40145797
2023-01-26T12:00:00Z,0.0,-63.510418,-56.864582,0.395135
2023-01-27T12:00:00Z,0.0,-63.510418,-56.864582,0.40066877
2023-01-28T12:00:00Z,0.0,-63.510418,-56.864582,0.3765806
2023-01-29T12:00:00Z,0.0,-63.510418,-56.864582,0.35722765
2023-01-30T12:00:00Z,0.0,-63.510418,-56.864582,0.34737828
2023-01-31T12:00:00Z,0.0,-63.510418,-56.864582,0.33255032
2023-02-01T12:00:00Z,0.0,-63.510418,-56.864582,0.30616823
2023-02-02T12:00:00Z,0.0,-63.510418,-56.864582,0.29142758
2023-02-03T12:00:00Z,0.0,-63.510418,-56.864582,0.25779006
2023-02-04T12:00:00Z,0.0,-63.510418,-56.864582,0.23380712
2023-02-05T12:00:00Z,0.0,-63.510418,-56.864582,0.19126715
2023-02-06T12:00:00Z,0.0,-63.510418,-56.864582,0.15298961
2023-02-07T12:00:00Z,0.0,-63.510418,-56.864582,0.13886298
2023-02-08T12:00:00Z,0.0,-63.510418,-56.864582,0.13394557
2023-02-09T12:00:00Z,0.0,-63.510418,-56.864582,0.1550937
2023-02-10T12:00:00Z,0.0,-63.510418,-56.864582,0.15039149
2023-02-11T12:00:00Z,0.0,-63.510418,-56.864582,0.16158545
2023-02-12T12:00:00Z,0.0,-63.510418,-56.864582,0.15973783
2023-02-13T12:00:00Z,0.0,-63.510418,-56.864582,0.15918596
2023-02-14T12:00:00Z,0.0,-63.510418,-56.864582,0.15419203
2023-02-15T12:00:00Z,0.0,-63.510418,-56.864582,0.152489
2023-02-16T12:00:00Z,0.0,-63.510418,-56.864582,0.16131026
2023-02-17T12:00:00Z,0.0,-63.510418,-56.864582,0.16577516
2023-02-18T12:00:00Z,0.0,-63.510418,-56.864582,0.17625743
2023-02-19T12:00:00Z,0.0,-63.510418,-56.864582,0.18134765
2023-02-20T12:00:00Z,0.0,-63.510418,-56.864582,0.1833197
2023-02-21T12:00:00Z,0.0,-63.510418,-56.864582,0.19157033
2023-02-22T12:00:00Z,0.0,-63.510418,-56.864582,0.19030684
2023-02-23T12:00:00Z,0.0,-63.510418,-56.864582,0.19454513
2023-02-24T12:00:00Z,0.0,-63.510418,-56.864582,0.20004205
2023-02-25T12:00:00Z,0.0,-63.510418,-56.864582,0.17832792
2023-02-26T12:00:00Z,0.0,-63.510418,-56.864582,0.17159371
2023-02-27T12:00:00Z,0.0,-63.510418,-56.864582,0.17142923
2023-02-28T12:00:00Z,0.0,-63.510418,-56.864582,0.16950618
2023-03-01T12:00:00Z,0.0,-63.510418,-56.864582,0.17119445
2023-03-02T12:00:00Z,0.0,-63.510418,-56.864582,0.16870491
2023-03-03T12:00:00Z,0.0,-63.510418,-56.864582,0.16574396
2023-03-04T12:00:00Z,0.0,-63.510418,-56.864582,0.15449217
2023-03-05T12:00:00Z,0.0,-63.510418,-56.864582,0.15411167
2023-03-06T12:00:00Z,0.0,-63.510418,-56.864582,0.15753591
2023-03-07T12:00:00Z,0.0,-63.510418,-56.864582,0.15520899
2023-03-08T12:00:00Z,0.0,-63.510418,-56.864582,0.14243937
2023-03-09T12:00:00Z,0.0,-63.510418,-56.864582,0.13439463
2023-03-10T12:00:00Z,0.0,-63.510418,-56.864582,0.12268612
2023-03-11T12:00:00Z,0.0,-63.510418,-56.864582,0.14152758
2023-03-12T12:00:00Z,0.0,-63.510418,-56.864582,0.13684201
2023-03-13T12:00:00Z,0.0,-63.510418,-56.864582,0.16311766
2023-03-14T12:00:00Z,0.0,-63.510418,-56.864582,0.18573833
2023-03-15T12:00:00Z,0.0,-63.510418,-56.864582,0.17964257
2023-03-16T12:00:00Z,0.0,-63.510418,-56.864582,0.17623481
2023-03-17T12:00:00Z,0.0,-63.510418,-56.864582,0.17784917
2023-03-18T12:00:00Z,0.0,-63.510418,-56.864582,0.16922535
2023-03-19T12:00:00Z,0.0,-63.510418,-56.864582,NaN
2023-03-20T12:00:00Z,0.0,-63.510418,-56.864582,NaN
2023-03-21T12:00:00Z,0.0,-63.510418,-56.864582,NaN
2023-03-22T12:00:00Z,0.0,-63.510418,-56.864582,NaN
2023-03-23T12:00:00Z,0.0,-63.510418,-56.864582,NaN
2023-03-24T12:00:00Z,0.0,-63.510418,-56.864582,NaN
2023-03-25T12:00:00Z,0.0,-63.510418,-56.864582,NaN
2023-03-26T12:00:00Z,0.0,-63.510418,-56.864582,NaN
2023-03-27T12:00:00Z,0.0,-63.510418,-56.864582,NaN
2023-03-28T12:00:00Z,0.0,-63.510418,-56.864582,NaN
2023-03-29T12:00:00Z,0.0,-63.510418,-56.864582,NaN
2023-03-30T12:00:00Z,0.0,-63.510418,-56.864582,NaN
2023-03-31T12:00:00Z,0.0,-63.510418,-56.864582,NaN
2023-04-01T12:00:00Z,0.0,-63.510418,-56.864582,NaN
2023-04-02T12:00:00Z,0.0,-63.510418,-56.864582,NaN
2023-04-03T12:00:00Z,0.0,-63.510418,-56.864582,NaN
2023-04-04T12:00:00Z,0.0,-63.510418,-56.864582,NaN
2023-04-05T12:00:00Z,0.0,-63.510418,-56.864582,NaN
2023-04-06T12:00:00Z,0.0,-63.510418,-56.864582,NaN
2023-04-07T12:00:00Z,0.0,-63.510418,-56.864582,NaN
2023-04-08T12:00:00Z,0.0,-63.510418,-56.864582,NaN
2023-04-09T12:00:00Z,0.0,-63.510418,-56.864582,NaN
2023-04-10T12:00:00Z,0.0,-63.510418,-56.864582,NaN
2023-04-11T12:00:00Z,0.0,-63.510418,-56.864582,NaN
2023-04-12T12:00:00Z,0.0,-63.510418,-56.864582,NaN
2023-04-13T12:00:00Z,0.0,-63.510418,-56.864582,NaN
2023-04-14T12:00:00Z,0.0,-63.510418,-56.864582,NaN
2023-04-15T12:00:00Z,0.0,-63.510418,-56.864582,NaN
2023-04-16T12:00:00Z,0.0,-63.510418,-56.864582,NaN
2023-04-17T12:00:00Z,0.0,-63.510418,-56.864582,NaN
2023-04-18T12:00:00Z,0.0,-63.510418,-56.864582,NaN
2023-04-19T12:00:00Z,0.0,-63.510418,-56.864582,NaN
2023-04-20T12:00:00Z,0.0,-63.510418,-56.864582,NaN
2023-04-21T12:00:00Z,0.0,-63.510418,-56.864582,NaN
2023-04-22T12:00:00Z,0.0,-63.510418,-56.864582,NaN
2023-04-23T12:00:00Z,0.0,-63.510418,-56.864582,NaN
2023-04-24T12:00:00Z,0.0,-63.510418,-56.864582,NaN
2023-04-25T12:00:00Z,0.0,-63.510418,-56.864582,NaN
2023-04-26T12:00:00Z,0.0,-63.510418,-56.864582,NaN
2023-04-27T12:00:00Z,0.0,-63.510418,-56.864582,NaN
2023-04-28T12:00:00Z,0.0,-63.510418,-56.864582,NaN
2023-04-29T12:00:00Z,0.0,-63.510418,-56.864582,NaN
2023-04-30T12:00:00Z,0.0,-63.510418,-56.864582,NaN
2023-05-01T12:00:00Z,0.0,-63.510418,-56.864582,NaN
2023-05-02T12:00:00Z,0.0,-63.510418,-56.864582,NaN
2023-05-03T12:00:00Z,0.0,-63.510418,-56.864582,NaN
2023-05-04T12:00:00Z,0.0,-63.510418,-56.864582,NaN
2023-05-05T12:00:00Z,0.0,-63.510418,-56.864582,NaN
2023-05-06T12:00:00Z,0.0,-63.510418,-56.864582,NaN
2023-05-07T12:00:00Z,0.0,-63.510418,-56.864582,NaN
2023-05-08T12:00:00Z,0.0,-63.510418,-56.864582,NaN
2023-05-09T12:00:00Z,0.0,-63.510418,-56.864582,NaN
2023-05-10T12:00:00Z,0.0,-63.510418,-56.864582,NaN
2023-05-11T12:00:00Z,0.0,-63.510418,-56.864582,NaN
2023-05-12T12:00:00Z,0.0,-63.510418,-56.864582,NaN
2023-05-13T12:00:00Z,0.0,-63.510418,-56.864582,NaN
2023-05-14T12:00:00Z,0.0,-63.510418,-56.864582,NaN
2023-05-15T12:00:00Z,0.0,-63.510418,-56.864582,NaN
2023-05-16T12:00:00Z,0.0,-63.510418,-56.864582,NaN
2023-05-17T12:00:00Z,0.0,-63.510418,-56.864582,NaN
2023-05-18T12:00:00Z,0.0,-63.510418,-56.864582,NaN
2023-05-19T12:00:00Z,0.0,-63.510418,-56.864582,NaN
2023-05-20T12:00:00Z,0.0,-63.510418,-56.864582,NaN
2023-05-21T12:00:00Z,0.0,-63.510418,-56.864582,NaN
2023-05-22T12:00:00Z,0.0,-63.510418,-56.864582,NaN
2023-05-23T12:00:00Z,0.0,-63.510418,-56.864582,NaN
2023-05-24T12:00:00Z,0.0,-63.510418,-56.864582,NaN
2023-05-25T12:00:00Z,0.0,-63.510418,-56.864582,NaN
2023-05-26T12:00:00Z,0.0,-63.510418,-56.864582,NaN
2023-05-27T12:00:00Z,0.0,-63.510418,-56.864582,NaN
2023-05-28T12:00:00Z,0.0,-63.510418,-56.864582,NaN
2023-05-29T12:00:00Z,0.0,-63.510418,-56.864582,NaN
2023-05-30T12:00:00Z,0.0,-63.510418,-56.864582,NaN
2023-05-31T12:00:00Z,0.0,-63.510418,-56.864582,NaN
2023-06-01T12:00:00Z,0.0,-63.510418,-56.864582,NaN
2023-06-02T12:00:00Z,0.0,-63.510418,-56.864582,NaN
2023-06-03T12:00:00Z,0.0,-63.510418,-56.864582,NaN
2023-06-04T12:00:00Z,0.0,-63.510418,-56.864582,NaN
2023-06-05T12:00:00Z,0.0,-63.510418,-56.864582,NaN
2023-06-06T12:00:00Z,0.0,-63.510418,-56.864582,NaN
2023-06-07T12:00:00Z,0.0,-63.510418,-56.864582,NaN
2023-06-08T12:00:00Z,0.0,-63.510418,-56.864582,NaN
2023-06-09T12:00:00Z,0.0,-63.510418,-56.864582,NaN
2023-06-10T12:00:00Z,0.0,-63.510418,-56.864582,NaN
2023-06-11T12:00:00Z,0.0,-63.510418,-56.864582,NaN
2023-06-12T12:00:00Z,0.0,-63.510418,-56.864582,NaN
2023-06-13T12:00:00Z,0.0,-63.510418,-56.864582,NaN
2023-06-14T12:00:00Z,0.0,-63.510418,-56.864582,NaN
2023-06-15T12:00:00Z,0.0,-63.510418,-56.864582,NaN
2023-06-16T12:00:00Z,0.0,-63.510418,-56.864582,NaN
2023-06-17T12:00:00Z,0.0,-63.510418,-56.864582,NaN
2023-06-18T12:00:00Z,0.0,-63.510418,-56.864582,NaN
2023-06-19T12:00:00Z,0.0,-63.510418,-56.864582,NaN
2023-06-20T12:00:00Z,0.0,-63.510418,-56.864582,NaN
2023-06-21T12:00:00Z,0.0,-63.510418,-56.864582,NaN
2023-06-22T12:00:00Z,0.0,-63.510418,-56.864582,NaN
2023-06-23T12:00:00Z,0.0,-63.510418,-56.864582,NaN
2023-06-24T12:00:00Z,0.0,-63.510418,-56.864582,NaN
2023-06-25T12:00:00Z,0.0,-63.510418,-56.864582,NaN
2023-06-26T12:00:00Z,0.0,-63.510418,-56.864582,NaN
2023-06-27T12:00:00Z,0.0,-63.510418,-56.864582,NaN
2023-06-28T12:00:00Z,0.0,-63.510418,-56.864582,NaN
2023-06-29T12:00:00Z,0.0,-63.510418,-56.864582,NaN
2023-06-30T12:00:00Z,0.0,-63.510418,-56.864582,NaN
2023-07-01T12:00:00Z,0.0,-63.510418,-56.864582,NaN
2023-07-02T12:00:00Z,0.0,-63.510418,-56.864582,NaN
2023-07-03T12:00:00Z,0.0,-63.510418,-56.864582,NaN
2023-07-04T12:00:00Z,0.0,-63.510418,-56.864582,NaN
2023-07-05T12:00:00Z,0.0,-63.510418,-56.864582,NaN
2023-07-06T12:00:00Z,0.0,-63.510418,-56.864582,NaN
2023-07-07T12:00:00Z,0.0,-63.510418,-56.864582,NaN
2023-07-08T12:00:00Z,0.0,-63.510418,-56.864582,NaN
2023-07-09T12:00:00Z,0.0,-63.510418,-56.864582,NaN
2023-07-10T12:00:00Z,0.0,-63.510418,-56.864582,NaN
2023-07-11T12:00:00Z,0.0,-63.510418,-56.864582,NaN
2023-07-12T12:00:00Z,0.0,-63.510418,-56.864582,NaN
2023-07-13T12:00:00Z,0.0,-63.510418,-56.864582,NaN
2023-07-14T12:00:00Z,0.0,-63.510418,-56.864582,NaN
2023-07-15T12:00:00Z,0.0,-63.510418,-56.864582,NaN
2023-07-16T12:00:00Z,0.0,-63.510418,-56.864582,NaN
2023-07-17T12:00:00Z,0.0,-63.510418,-56.864582,NaN
2023-07-18T12:00:00Z,0.0,-63.510418,-56.864582,NaN
2023-07-19T12:00:00Z,0.0,-63.510418,-56.864582,NaN
2023-07-20T12:00:00Z,0.0,-63.510418,-56.864582,NaN
2023-07-21T12:00:00Z,0.0,-63.510418,-56.864582,NaN
2023-07-22T12:00:00Z,0.0,-63.510418,-56.864582,NaN
2023-07-23T12:00:00Z,0.0,-63.510418,-56.864582,NaN
2023-07-24T12:00:00Z,0.0,-63.510418,-56.864582,NaN
2023-07-25T12:00:00Z,0.0,-63.510418,-56.864582,NaN
2023-07-26T12:00:00Z,0.0,-63.510418,-56.864582,NaN
2023-07-27T12:00:00Z,0.0,-63.510418,-56.864582,NaN
2023-07-28T12:00:00Z,0.0,-63.510418,-56.864582,NaN
2023-07-29T12:00:00Z,0.0,-63.510418,-56.864582,NaN
2023-07-30T12:00:00Z,0.0,-63.510418,-56.864582,NaN
2023-07-31T12:00:00Z,0.0,-63.510418,-56.864582,NaN
2023-08-01T12:00:00Z,0.0,-63.510418,-56.864582,NaN
2023-08-02T12:00:00Z,0.0,-63.510418,-56.864582,NaN
2023-08-03T12:00:00Z,0.0,-63.510418,-56.864582,NaN
2023-08-04T12:00:00Z,0.0,-63.510418,-56.864582,NaN
2023-08-05T12:00:00Z,0.0,-63.510418,-56.864582,NaN
2023-08-06T12:00:00Z,0.0,-63.510418,-56.864582,NaN
2023-08-07T12:00:00Z,0.0,-63.510418,-56.864582,NaN
2023-08-08T12:00:00Z,0.0,-63.510418,-56.864582,NaN
2023-08-09T12:00:00Z,0.0,-63.510418,-56.864582,NaN
2023-08-10T12:00:00Z,0.0,-63.510418,-56.864582,NaN
2023-08-11T12:00:00Z,0.0,-63.510418,-56.864582,NaN
2023-08-12T12:00:00Z,0.0,-63.510418,-56.864582,NaN
2023-08-13T12:00:00Z,0.0,-63.510418,-56.864582,NaN
2023-08-14T12:00:00Z,0.0,-63.510418,-56.864582,NaN
2023-08-15T12:00:00Z,0.0,-63.510418,-56.864582,NaN
2023-08-16T12:00:00Z,0.0,-63.510418,-56.864582,NaN
2023-08-17T12:00:00Z,0.0,-63.510418,-56.864582,NaN
2023-08-18T12:00:00Z,0.0,-63.510418,-56.864582,NaN
2023-08-19T12:00:00Z,0.0,-63.510418,-56.864582,NaN
2023-08-20T12:00:00Z,0.0,-63.510418,-56.864582,NaN
2023-08-21T12:00:00Z,0.0,-63.510418,-56.864582,NaN
2023-08-22T12:00:00Z,0.0,-63.510418,-56.864582,NaN
2023-08-23T12:00:00Z,0.0,-63.510418,-56.864582,NaN
2023-08-24T12:00:00Z,0.0,-63.510418,-56.864582,NaN
2023-08-25T12:00:00Z,0.0,-63.510418,-56.864582,NaN
2023-08-26T12:00:00Z,0.0,-63.510418,-56.864582,NaN
2023-08-27T12:00:00Z,0.0,-63.510418,-56.864582,NaN
2023-08-28T12:00:00Z,0.0,-63.510418,-56.864582,NaN
2023-08-29T12:00:00Z,0.0,-63.510418,-56.864582,NaN
2023-08-30T12:00:00Z,0.0,-63.510418,-56.864582,NaN
2023-08-31T12:00:00Z,0.0,-63.510418,-56.864582,NaN
2023-09-01T12:00:00Z,0.0,-63.510418,-56.864582,NaN
2023-09-02T12:00:00Z,0.0,-63.510418,-56.864582,NaN
2023-09-03T12:00:00Z,0.0,-63.510418,-56.864582,NaN
2023-09-04T12:00:00Z,0.0,-63.510418,-56.864582,NaN
2023-09-05T12:00:00Z,0.0,-63.510418,-56.864582,NaN
2023-09-06T12:00:00Z,0.0,-63.510418,-56.864582,NaN
2023-09-07T12:00:00Z,0.0,-63.510418,-56.864582,NaN
2023-09-08T12:00:00Z,0.0,-63.510418,-56.864582,NaN
2023-09-09T12:00:00Z,0.0,-63.510418,-56.864582,NaN
2023-09-10T12:00:00Z,0.0,-63.510418,-56.864582,NaN
2023-09-11T12:00:00Z,0.0,-63.510418,-56.864582,NaN
2023-09-12T12:00:00Z,0.0,-63.510418,-56.864582,NaN
2023-09-13T12:00:00Z,0.0,-63.510418,-56.864582,NaN
2023-09-14T12:00:00Z,0.0,-63.510418,-56.864582,NaN
2023-09-15T12:00:00Z,0.0,-63.510418,-56.864582,NaN
2023-09-16T12:00:00Z,0.0,-63.510418,-56.864582,NaN
2023-09-17T12:00:00Z,0.0,-63.510418,-56.864582,NaN
2023-09-18T12:00:00Z,0.0,-63.510418,-56.864582,NaN
2023-09-19T12:00:00Z,0.0,-63.510418,-56.864582,NaN
2023-09-20T12:00:00Z,0.0,-63.510418,-56.864582,NaN
2023-09-21T12:00:00Z,0.0,-63.510418,-56.864582,NaN
2023-09-22T12:00:00Z,0.0,-63.510418,-56.864582,NaN
2023-09-23T12:00:00Z,0.0,-63.510418,-56.864582,NaN
2023-09-24T12:00:00Z,0.0,-63.510418,-56.864582,NaN
2023-09-25T12:00:00Z,0.0,-63.510418,-56.864582,NaN
2023-09-26T12:00:00Z,0.0,-63.510418,-56.864582,NaN
2023-09-27T12:00:00Z,0.0,-63.510418,-56.864582,NaN
2023-09-28T12:00:00Z,0.0,-63.510418,-56.864582,NaN
2023-09-29T12:00:00Z,0.0,-63.510418,-56.864582,NaN
2023-09-30T12:00:00Z,0.0,-63.510418,-56.864582,NaN
2023-10-01T12:00:00Z,0.0,-63.510418,-56.864582,NaN
2023-10-02T12:00:00Z,0.0,-63.510418,-56.864582,NaN
2023-10-03T12:00:00Z,0.0,-63.510418,-56.864582,NaN
2023-10-04T12:00:00Z,0.0,-63.510418,-56.864582,NaN
2023-10-05T12:00:00Z,0.0,-63.510418,-56.864582,NaN
2023-10-06T12:00:00Z,0.0,-63.510418,-56.864582,NaN
2023-10-07T12:00:00Z,0.0,-63.510418,-56.864582,NaN
2023-10-08T12:00:00Z,0.0,-63.510418,-56.864582,NaN
2023-10-09T12:00:00Z,0.0,-63.510418,-56.864582,NaN
2023-10-10T12:00:00Z,0.0,-63.510418,-56.864582,NaN
2023-10-11T12:00:00Z,0.0,-63.510418,-56.864582,NaN
2023-10-12T12:00:00Z,0.0,-63.510418,-56.864582,NaN
2023-10-13T12:00:00Z,0.0,-63.510418,-56.864582,NaN
2023-10-14T12:00:00Z,0.0,-63.510418,-56.864582,NaN
2023-10-15T12:00:00Z,0.0,-63.510418,-56.864582,NaN
2023-10-16T12:00:00Z,0.0,-63.510418,-56.864582,0.15605512
2023-10-17T12:00:00Z,0.0,-63.510418,-56.864582,0.08231839
2023-10-18T12:00:00Z,0.0,-63.510418,-56.864582,0.06910911
2023-10-19T12:00:00Z,0.0,-63.510418,-56.864582,0.1548666
2023-10-20T12:00:00Z,0.0,-63.510418,-56.864582,0.15521735
2023-10-21T12:00:00Z,0.0,-63.510418,-56.864582,0.15517777
2023-10-22T12:00:00Z,0.0,-63.510418,-56.864582,0.15505044
2023-10-23T12:00:00Z,0.0,-63.510418,-56.864582,0.041377448
2023-10-24T12:00:00Z,0.0,-63.510418,-56.864582,0.044116337
2023-10-25T12:00:00Z,0.0,-63.510418,-56.864582,0.15587021
2023-10-26T12:00:00Z,0.0,-63.510418,-56.864582,0.15547875
2023-10-27T12:00:00Z,0.0,-63.510418,-56.864582,0.043357886
2023-10-28T12:00:00Z,0.0,-63.510418,-56.864582,0.06311626
2023-10-29T12:00:00Z,0.0,-63.510418,-56.864582,0.1519815
2023-10-30T12:00:00Z,0.0,-63.510418,-56.864582,0.21409844
2023-10-31T12:00:00Z,0.0,-63.510418,-56.864582,0.19250011
2023-11-01T12:00:00Z,0.0,-63.510418,-56.864582,0.1330107
2023-11-02T12:00:00Z,0.0,-63.510418,-56.864582,0.10987111
2023-11-03T12:00:00Z,0.0,-63.510418,-56.864582,0.08250503
2023-11-04T12:00:00Z,0.0,-63.510418,-56.864582,0.10132463
2023-11-05T12:00:00Z,0.0,-63.510418,-56.864582,0.1025308
2023-11-06T12:00:00Z,0.0,-63.510418,-56.864582,0.10797941
2023-11-07T12:00:00Z,0.0,-63.510418,-56.864582,0.061506283
2023-11-08T12:00:00Z,0.0,-63.510418,-56.864582,0.05022478
2023-11-09T12:00:00Z,0.0,-63.510418,-56.864582,0.069008596
2023-11-10T12:00:00Z,0.0,-63.510418,-56.864582,0.06578199
2023-11-11T12:00:00Z,0.0,-63.510418,-56.864582,0.072459534
2023-11-12T12:00:00Z,0.0,-63.510418,-56.864582,0.090340815
2023-11-13T12:00:00Z,0.0,-63.510418,-56.864582,0.09668931
2023-11-14T12:00:00Z,0.0,-63.510418,-56.864582,0.0785927
2023-11-15T12:00:00Z,0.0,-63.510418,-56.864582,0.06918542
2023-11-16T12:00:00Z,0.0,-63.510418,-56.864582,0.07107015
2023-11-17T12:00:00Z,0.0,-63.510418,-56.864582,0.06955828
2023-11-18T12:00:00Z,0.0,-63.510418,-56.864582,0.08488642
2023-11-19T12:00:00Z,0.0,-63.510418,-56.864582,0.068184584
2023-11-20T12:00:00Z,0.0,-63.510418,-56.864582,0.16878872
2023-11-21T12:00:00Z,0.0,-63.510418,-56.864582,0.21511605
2023-11-22T12:00:00Z,0.0,-63.510418,-56.864582,0.19903225
2023-11-23T12:00:00Z,0.0,-63.510418,-56.864582,0.29075637
2023-11-24T12:00:00Z,0.0,-63.510418,-56.864582,0.332685
2023-11-25T12:00:00Z,0.0,-63.510418,-56.864582,0.29915622
2023-11-26T12:00:00Z,0.0,-63.510418,-56.864582,0.1294273
2023-11-27T12:00:00Z,0.0,-63.510418,-56.864582,0.09264537
2023-11-28T12:00:00Z,0.0,-63.510418,-56.864582,0.10258043
2023-11-29T12:00:00Z,0.0,-63.510418,-56.864582,0.112714276
2023-11-30T12:00:00Z,0.0,-63.510418,-56.864582,0.10508391
2023-12-02T12:00:00Z,0.0,-63.510418,-56.864582,0.11687354
2023-12-03T12:00:00Z,0.0,-63.510418,-56.864582,0.099235274
2023-12-04T12:00:00Z,0.0,-63.510418,-56.864582,0.09169652
2023-12-05T12:00:00Z,0.0,-63.510418,-56.864582,0.11773918
2023-12-06T12:00:00Z,0.0,-63.510418,-56.864582,0.095040575
2023-12-07T12:00:00Z,0.0,-63.510418,-56.864582,0.08604068
2023-12-08T12:00:00Z,0.0,-63.510418,-56.864582,0.08716423
2023-12-09T12:00:00Z,0.0,-63.510418,-56.864582,0.10155786
2023-12-10T12:00:00Z,0.0,-63.510418,-56.864582,0.11204824
2023-12-11T12:00:00Z,0.0,-63.510418,-56.864582,0.12357613
2023-12-12T12:00:00Z,0.0,-63.510418,-56.864582,0.12307492
2023-12-13T12:00:00Z,0.0,-63.510418,-56.864582,0.12114645
2023-12-14T12:00:00Z,0.0,-63.510418,-56.864582,0.12215724
2023-12-15T12:00:00Z,0.0,-63.510418,-56.864582,0.12474589
2023-12-16T12:00:00Z,0.0,-63.510418,-56.864582,0.13233235
2023-12-17T12:00:00Z,0.0,-63.510418,-56.864582,0.1322874
2023-12-18T12:00:00Z,0.0,-63.510418,-56.864582,0.13995731
2023-12-19T12:00:00Z,0.0,-63.510418,-56.864582,0.15324092
2023-12-20T12:00:00Z,0.0,-63.510418,-56.864582,0.14961675
2023-12-21T12:00:00Z,0.0,-63.510418,-56.864582,0.21166007
2023-12-22T12:00:00Z,0.0,-63.510418,-56.864582,0.22529267
2023-12-23T12:00:00Z,0.0,-63.510418,-56.864582,0.2506608
2023-12-25T12:00:00Z,0.0,-63.510418,-56.864582,0.23441719
2023-12-26T12:00:00Z,0.0,-63.510418,-56.864582,0.20428315
2023-12-27T12:00:00Z,0.0,-63.510418,-56.864582,0.22117631
2023-12-28T12:00:00Z,0.0,-63.510418,-56.864582,0.22281648
2023-12-29T12:00:00Z,0.0,-63.510418,-56.864582,0.26425996
2023-12-30T12:00:00Z,0.0,-63.510418,-56.864582,0.21510835
2023-12-31T12:00:00Z,0.0,-63.510418,-56.864582,0.22511475
