time,altitude,latitude,longitude,chlor_a
UTC,m,degrees_north,degrees_east,mg m^-3
2018-01-05T12:00:00Z,0.0,-67.802086,-67.28125,0.6278389
2018-01-06T12:00:00Z,0.0,-67.802086,-67.28125,0.72885066
2018-01-07T12:00:00Z,0.0,-67.802086,-67.28125,0.722898
2018-01-08T12:00:00Z,0.0,-67.802086,-67.28125,0.7128462
2018-01-09T12:00:00Z,0.0,-67.802086,-67.28125,0.67822254
2018-01-10T12:00:00Z,0.0,-67.802086,-67.28125,0.6462121
2018-01-11T12:00:00Z,0.0,-67.802086,-67.28125,0.6471619
2018-01-12T12:00:00Z,0.0,-67.802086,-67.28125,0.7932931
2018-01-13T12:00:00Z,0.0,-67.802086,-67.28125,0.41289887
2018-01-14T12:00:00Z,0.0,-67.802086,-67.28125,0.517688
2018-01-15T12:00:00Z,0.0,-67.802086,-67.28125,0.5259568
2018-01-16T12:00:00Z,0.0,-67.802086,-67.28125,0.82322323
2018-01-17T12:00:00Z,0.0,-67.802086,-67.28125,0.9396413
2018-01-18T12:00:00Z,0.0,-67.802086,-67.28125,0.81180567
2018-01-19T12:00:00Z,0.0,-67.802086,-67.28125,0.76620376
2018-01-20T12:00:00Z,0.0,-67.802086,-67.28125,0.70786446
2018-01-21T12:00:00Z,0.0,-67.802086,-67.28125,1.3920991
2018-01-22T12:00:00Z,0.0,-67.802086,-67.28125,1.3570896
2018-01-23T12:00:00Z,0.0,-67.802086,-67.28125,1.3236306
2018-01-24T12:00:00Z,0.0,-67.802086,-67.28125,1.3134496
2018-01-25T12:00:00Z,0.0,-67.802086,-67.28125,1.4297436
2018-01-26T12:00:00Z,0.0,-67.802086,-67.28125,0.6686105
2018-01-27T12:00:00Z,0.0,-67.802086,-67.28125,0.6363702
2018-01-28T12:00:00Z,0.0,-67.802086,-67.28125,0.62235945
2018-01-29T12:00:00Z,0.0,-67.802086,-67.28125,0.63201094
2018-01-30T12:00:00Z,0.0,-67.802086,-67.28125,0.66133004
2018-01-31T12:00:00Z,0.0,-67.802086,-67.28125,0.61388224
2018-02-01T12:00:00Z,0.0,-67.802086,-67.28125,0.6401275
2018-02-02T12:00:00Z,0.0,-67.802086,-67.28125,0.5695277
2018-02-03T12:00:00Z,0.0,-67.802086,-67.28125,0.6472436
2018-02-04T12:00:00Z,0.0,-67.802086,-67.28125,0.7139528
2018-02-05T12:00:00Z,0.0,-67.802086,-67.28125,0.7292091
2018-02-06T12:00:00Z,0.0,-67.802086,-67.28125,0.6810609
2018-02-07T12:00:00Z,0.0,-67.802086,-67.28125,0.55020607
2018-02-08T12:00:00Z,0.0,-67.802086,-67.28125,0.7831524
2018-02-09T12:00:00Z,0.0,-67.802086,-67.28125,0.72177213
2018-02-10T12:00:00Z,0.0,-67.802086,-67.28125,0.69393545
2018-02-11T12:00:00Z,0.0,-67.802086,-67.28125,0.62337136
2018-02-12T12:00:00Z,0.0,-67.802086,-67.28125,0.591384
2018-02-13T12:00:00Z,0.0,-67.802086,-67.28125,0.58351624
2018-02-14T12:00:00Z,0.0,-67.802086,-67.28125,0.5890682
2018-02-15T12:00:00Z,0.0,-67.802086,-67.28125,0.94188696
2018-02-16T12:00:00Z,0.0,-67.802086,-67.28125,0.7678964
2018-02-17T12:00:00Z,0.0,-67.802086,-67.28125,0.88926166
2018-02-18T12:00:00Z,0.0,-67.802086,-67.28125,0.89658785
2018-02-19T12:00:00Z,0.0,-67.802086,-67.28125,0.9467108
2018-02-20T12:00:00Z,0.0,-67.802086,-67.28125,1.3184386
2018-02-21T12:00:00Z,0.0,-67.802086,-67.28125,1.3060892
2018-02-22T12:00:00Z,0.0,-67.802086,-67.28125,0.9829705
2018-02-23T12:00:00Z,0.0,-67.802086,-67.28125,1.1346084
2018-02-24T12:00:00Z,0.0,-67.802086,-67.28125,1.1207054
2018-02-25T12:00:00Z,0.0,-67.802086,-67.28125,1.0483454
2018-02-26T12:00:00Z,0.0,-67.802086,-67.28125,1.14753
2018-02-27T12:00:00Z,0.0,-67.802086,-67.28125,0.92199033
2018-02-28T12:00:00Z,0.0,-67.802086,-67.28125,0.82371914
2018-03-01T12:00:00Z,0.0,-67.802086,-67.28125,NaN
2018-03-02T12:00:00Z,0.0,-67.802086,-67.28125,NaN
2018-03-03T12:00:00Z,0.0,-67.802086,-67.28125,NaN
2018-03-04T12:00:00Z,0.0,-67.802086,-67.28125,NaN
2018-03-05T12:00:00Z,0.0,-67.802086,-67.28125,NaN
2018-03-06T12:00:00Z,0.0,-67.802086,-67.28125,NaN
2018-03-07T12:00:00Z,0.0,-67.802086,-67.28125,NaN
2018-03-08T12:00:00Z,0.0,-67.802086,-67.28125,NaN
2018-03-09T12:00:00Z,0.0,-67.802086,-67.28125,NaN
2018-03-10T12:00:00Z,0.0,-67.802086,-67.28125,NaN
2018-03-11T12:00:00Z,0.0,-67.802086,-67.28125,NaN
2018-03-12T12:00:00Z,0.0,-67.802086,-67.28125,NaN
2018-03-13T12:00:00Z,0.0,-67.802086,-67.28125,NaN
2018-03-14T12:00:00Z,0.0,-67.802086,-67.28125,NaN
2018-03-15T12:00:00Z,0.0,-67.802086,-67.28125,NaN
2018-03-16T12:00:00Z,0.0,-67.802086,-67.28125,NaN
2018-03-17T12:00:00Z,0.0,-67.802086,-67.28125,NaN
2018-03-18T12:00:00Z,0.0,-67.802086,-67.28125,NaN
2018-03-19T12:00:00Z,0.0,-67.802086,-67.28125,NaN
2018-03-20T12:00:00Z,0.0,-67.802086,-67.28125,NaN
2018-03-21T12:00:00Z,0.0,-67.802086,-67.28125,NaN
2018-03-22T12:00:00Z,0.0,-67.802086,-67.28125,NaN
2018-03-23T12:00:00Z,0.0,-67.802086,-67.28125,NaN
2018-03-24T12:00:00Z,0.0,-67.802086,-67.28125,NaN
2018-03-25T12:00:00Z,0.0,-67.802086,-67.28125,NaN
2018-03-26T12:00:00Z,0.0,-67.802086,-67.28125,NaN
2018-03-27T12:00:00Z,0.0,-67.802086,-67.28125,NaN
2018-03-28T12:00:00Z,0.0,-67.802086,-67.28125,NaN
2018-03-29T12:00:00Z,0.0,-67.802086,-67.28125,NaN
2018-03-30T12:00:00Z,0.0,-67.802086,-67.28125,NaN
2018-03-31T12:00:00Z,0.0,-67.802086,-67.28125,NaN
2018-04-01T12:00:00Z,0.0,-67.802086,-67.28125,NaN
2018-04-02T12:00:00Z,0.0,-67.802086,-67.28125,NaN
2018-04-03T12:00:00Z,0.0,-67.802086,-67.28125,NaN
2018-04-04T12:00:00Z,0.0,-67.802086,-67.28125,NaN
2018-04-05T12:00:00Z,0.0,-67.802086,-67.28125,NaN
2018-04-06T12:00:00Z,0.0,-67.802086,-67.28125,NaN
2018-04-07T12:00:00Z,0.0,-67.802086,-67.28125,NaN
2018-04-08T12:00:00Z,0.0,-67.802086,-67.28125,NaN
2018-04-09T12:00:00Z,0.0,-67.802086,-67.28125,NaN
2018-04-10T12:00:00Z,0.0,-67.802086,-67.28125,NaN
2018-04-11T12:00:00Z,0.0,-67.802086,-67.28125,NaN
2018-04-12T12:00:00Z,0.0,-67.802086,-67.28125,NaN
2018-04-13T12:00:00Z,0.0,-67.802086,-67.28125,NaN
2018-04-14T12:00:00Z,0.0,-67.802086,-67.28125,NaN
2018-04-15T12:00:00Z,0.0,-67.802086,-67.28125,NaN
2018-04-16T12:00:00Z,0.0,-67.802086,-67.28125,NaN
2018-04-17T12:00:00Z,0.0,-67.802086,-67.28125,NaN
2018-04-18T12:00:00Z,0.0,-67.802086,-67.28125,NaN
2018-04-19T12:00:00Z,0.0,-67.802086,-67.28125,NaN
2018-04-20T12:00:00Z,0.0,-67.802086,-67.28125,NaN
2018-04-21T12:00:00Z,0.0,-67.802086,-67.28125,NaN
2018-04-22T12:00:00Z,0.0,-67.802086,-67.28125,NaN
2018-04-23T12:00:00Z,0.0,-67.802086,-67.28125,NaN
2018-04-24T12:00:00Z,0.0,-67.802086,-67.28125,NaN
2018-04-25T12:00:00Z,0.0,-67.802086,-67.28125,NaN
2018-04-26T12:00:00Z,0.0,-67.802086,-67.28125,NaN
2018-04-27T12:00:00Z,0.0,-67.802086,-67.28125,NaN
2018-04-28T12:00:00Z,0.0,-67.802086,-67.28125,NaN
2018-04-29T12:00:00Z,0.0,-67.802086,-67.28125,NaN
2018-04-30T12:00:00Z,0.0,-67.802086,-67.28125,NaN
2018-05-01T12:00:00Z,0.0,-67.802086,-67.28125,NaN
2018-05-02T12:00:00Z,0.0,-67.802086,-67.28125,NaN
2018-05-03T12:00:00Z,0.0,-67.802086,-67.28125,NaN
2018-05-04T12:00:00Z,0.0,-67.802086,-67.28125,NaN
2018-05-05T12:00:00Z,0.0,-67.802086,-67.28125,NaN
2018-05-06T12:00:00Z,0.0,-67.802086,-67.28125,NaN
2018-05-07T12:00:00Z,0.0,-67.802086,-67.28125,NaN
2018-05-08T12:00:00Z,0.0,-67.802086,-67.28125,NaN
2018-05-09T12:00:00Z,0.0,-67.802086,-67.28125,NaN
2018-05-10T12:00:00Z,0.0,-67.802086,-67.28125,NaN
2018-05-11T12:00:00Z,0.0,-67.802086,-67.28125,NaN
2018-05-12T12:00:00Z,0.0,-67.802086,-67.28125,NaN
2018-05-13T12:00:00Z,0.0,-67.802086,-67.28125,NaN
2018-05-14T12:00:00Z,0.0,-67.802086,-67.28125,NaN
2018-05-15T12:00:00Z,0.0,-67.802086,-67.28125,NaN
2018-05-16T12:00:00Z,0.0,-67.802086,-67.28125,NaN
2018-05-17T12:00:00Z,0.0,-67.802086,-67.28125,NaN
2018-05-18T12:00:00Z,0.0,-67.802086,-67.28125,NaN
2018-05-19T12:00:00Z,0.0,-67.802086,-67.28125,NaN
2018-05-20T12:00:00Z,0.0,-67.802086,-67.28125,NaN
2018-05-21T12:00:00Z,0.0,-67.802086,-67.28125,NaN
2018-05-22T12:00:00Z,0.0,-67.802086,-67.28125,NaN
2018-05-23T12:00:00Z,0.0,-67.802086,-67.28125,NaN
2018-05-24T12:00:00Z,0.0,-67.802086,-67.28125,NaN
2018-05-25T12:00:00Z,0.0,-67.802086,-67.28125,NaN
2018-05-26T12:00:00Z,0.0,-67.802086,-67.28125,NaN
2018-05-27T12:00:00Z,0.0,-67.802086,-67.28125,NaN
2018-05-28T12:00:00Z,0.0,-67.802086,-67.28125,NaN
2018-05-29T12:00:00Z,0.0,-67.802086,-67.28125,NaN
2018-05-30T12:00:00Z,0.0,-67.802086,-67.28125,NaN
2018-05-31T12:00:00Z,0.0,-67.802086,-67.28125,NaN
2018-06-01T12:00:00Z,0.0,-67.802086,-67.28125,NaN
2018-06-02T12:00:00Z,0.0,-67.802086,-67.28125,NaN
2018-06-03T12:00:00Z,0.0,-67.802086,-67.28125,NaN
2018-06-04T12:00:00Z,0.0,-67.802086,-67.28125,NaN
2018-06-05T12:00:00Z,0.0,-67.802086,-67.28125,NaN
2018-06-06T12:00:00Z,0.0,-67.802086,-67.28125,NaN
2018-06-07T12:00:00Z,0.0,-67.802086,-67.28125,NaN
2018-06-08T12:00:00Z,0.0,-67.802086,-67.28125,NaN
2018-06-09T12:00:00Z,0.0,-67.802086,-67.28125,NaN
2018-06-10T12:00:00Z,0.0,-67.802086,-67.28125,NaN
2018-06-11T12:00:00Z,0.0,-67.802086,-67.28125,NaN
2018-06-12T12:00:00Z,0.0,-67.802086,-67.28125,NaN
2018-06-13T12:00:00Z,0.0,-67.802086,-67.28125,NaN
2018-06-14T12:00:00Z,0.0,-67.802086,-67.28125,NaN
2018-06-15T12:00:00Z,0.0,-67.802086,-67.28125,NaN
2018-06-16T12:00:00Z,0.0,-67.802086,-67.28125,NaN
2018-06-17T12:00:00Z,0.0,-67.802086,-67.28125,NaN
2018-06-18T12:00:00Z,0.0,-67.802086,-67.28125,NaN
2018-06-19T12:00:00Z,0.0,-67.802086,-67.28125,NaN
2018-06-20T12:00:00Z,0.0,-67.802086,-67.28125,NaN
2018-06-21T12:00:00Z,0.0,-67.802086,-67.28125,NaN
2018-06-22T12:00:00Z,0.0,-67.802086,-67.28125,NaN
2018-06-23T12:00:00Z,0.0,-67.802086,-67.28125,NaN
2018-06-24T12:00:00Z,0.0,-67.802086,-67.28125,NaN
2018-06-25T12:00:00Z,0.0,-67.802086,-67.28125,NaN
2018-06-26T12:00:00Z,0.0,-67.802086,-67.28125,NaN
2018-06-27T12:00:00Z,0.0,-67.802086,-67.28125,NaN
2018-06-28T12:00:00Z,0.0,-67.802086,-67.28125,NaN
2018-06-29T12:00:00Z,0.0,-67.802086,-67.28125,NaN
2018-06-30T12:00:00Z,0.0,-67.802086,-67.28125,NaN
2018-07-01T12:00:00Z,0.0,-67.802086,-67.28125,NaN
2018-07-02T12:00:00Z,0.0,-67.802086,-67.28125,NaN
2018-07-03T12:00:00Z,0.0,-67.802086,-67.28125,NaN
2018-07-04T12:00:00Z,0.0,-67.802086,-67.28125,NaN
2018-07-05T12:00:00Z,0.0,-67.802086,-67.28125,NaN
2018-07-06T12:00:00Z,0.0,-67.802086,-67.28125,NaN
2018-07-07T12:00:00Z,0.0,-67.802086,-67.28125,NaN
2018-07-08T12:00:00Z,0.0,-67.802086,-67.28125,NaN
2018-07-09T12:00:00Z,0.0,-67.802086,-67.28125,NaN
2018-07-10T12:00:00Z,0.0,-67.802086,-67.28125,NaN
2018-07-11T12:00:00Z,0.0,-67.802086,-67.28125,NaN
2018-07-12T12:00:00Z,0.0,-67.802086,-67.28125,NaN
2018-07-13T12:00:00Z,0.0,-67.802086,-67.28125,NaN
2018-07-14T12:00:00Z,0.0,-67.802086,-67.28125,NaN
2018-07-15T12:00:00Z,0.0,-67.802086,-67.28125,NaN
2018-07-16T12:00:00Z,0.0,-67.802086,-67.28125,NaN
2018-07-17T12:00:00Z,0.0,-67.802086,-67.28125,NaN
2018-07-18T12:00:00Z,0.0,-67.802086,-67.28125,NaN
2018-07-19T12:00:00Z,0.0,-67.802086,-67.28125,NaN
2018-07-20T12:00:00Z,0.0,-67.802086,-67.28125,NaN
2018-07-21T12:00:00Z,0.0,-67.802086,-67.28125,NaN
2018-07-22T12:00:00Z,0.0,-67.802086,-67.28125,NaN
2018-07-23T12:00:00Z,0.0,-67.802086,-67.28125,NaN
2018-07-24T12:00:00Z,0.0,-67.802086,-67.28125,NaN
2018-07-25T12:00:00Z,0.0,-67.802086,-67.28125,NaN
2018-07-26T12:00:00Z,0.0,-67.802086,-67.28125,NaN
2018-07-27T12:00:00Z,0.0,-67.802086,-67.28125,NaN
2018-07-28T12:00:00Z,0.0,-67.802086,-67.28125,NaN
2018-07-29T12:00:00Z,0.0,-67.802086,-67.28125,NaN
2018-07-30T12:00:00Z,0.0,-67.802086,-67.28125,NaN
2018-07-31T12:00:00Z,0.0,-67.802086,-67.28125,NaN
2018-08-01T12:00:00Z,0.0,-67.802086,-67.28125,NaN
2018-08-02T12:00:00Z,0.0,-67.802086,-67.28125,NaN
2018-08-03T12:00:00Z,0.0,-67.802086,-67.28125,NaN
2018-08-04T12:00:00Z,0.0,-67.802086,-67.28125,NaN
2018-08-05T12:00:00Z,0.0,-67.802086,-67.28125,NaN
2018-08-06T12:00:00Z,0.0,-67.802086,-67.28125,NaN
2018-08-07T12:00:00Z,0.0,-67.802086,-67.28125,NaN
2018-08-08T12:00:00Z,0.0,-67.802086,-67.28125,NaN
2018-08-09T12:00:00Z,0.0,-67.802086,-67.28125,NaN
2018-08-10T12:00:00Z,0.0,-67.802086,-67.28125,NaN
2018-08-11T12:00:00Z,0.0,-67.802086,-67.28125,NaN
2018-08-12T12:00:00Z,0.0,-67.802086,-67.28125,NaN
2018-08-13T12:00:00Z,0.0,-67.802086,-67.28125,NaN
2018-08-14T12:00:00Z,0.0,-67.802086,-67.28125,NaN
2018-08-15T12:00:00Z,0.0,-67.802086,-67.28125,NaN
2018-08-16T12:00:00Z,0.0,-67.802086,-67.28125,NaN
2018-08-17T12:00:00Z,0.0,-67.802086,-67.28125,NaN
2018-08-18T12:00:00Z,0.0,-67.802086,-67.28125,NaN
2018-08-19T12:00:00Z,0.0,-67.802086,-67.28125,NaN
2018-08-20T12:00:00Z,0.0,-67.802086,-67.28125,NaN
2018-08-21T12:00:00Z,0.0,-67.802086,-67.28125,NaN
2018-08-22T12:00:00Z,0.0,-67.802086,-67.28125,NaN
2018-08-23T12:00:00Z,0.0,-67.802086,-67.28125,NaN
2018-08-24T12:00:00Z,0.0,-67.802086,-67.28125,NaN
2018-08-25T12:00:00Z,0.0,-67.802086,-67.28125,NaN
2018-08-26T12:00:00Z,0.0,-67.802086,-67.28125,NaN
2018-08-27T12:00:00Z,0.0,-67.802086,-67.28125,NaN
2018-08-28T12:00:00Z,0.0,-67.802086,-67.28125,NaN
2018-08-29T12:00:00Z,0.0,-67.802086,-67.28125,NaN
2018-08-30T12:00:00Z,0.0,-67.802086,-67.28125,NaN
2018-08-31T12:00:00Z,0.0,-67.802086,-67.28125,NaN
2018-09-01T12:00:00Z,0.0,-67.802086,-67.28125,NaN
2018-09-02T12:00:00Z,0.0,-67.802086,-67.28125,NaN
2018-09-03T12:00:00Z,0.0,-67.802086,-67.28125,NaN
2018-09-04T12:00:00Z,0.0,-67.802086,-67.28125,NaN
2018-09-05T12:00:00Z,0.0,-67.802086,-67.28125,NaN
2018-09-06T12:00:00Z,0.0,-67.802086,-67.28125,NaN
2018-09-07T12:00:00Z,0.0,-67.802086,-67.28125,NaN
2018-09-08T12:00:00Z,0.0,-67.802086,-67.28125,NaN
2018-09-09T12:00:00Z,0.0,-67.802086,-67.28125,NaN
2018-09-10T12:00:00Z,0.0,-67.802086,-67.28125,NaN
2018-09-11T12:00:00Z,0.0,-67.802086,-67.28125,NaN
2018-09-12T12:00:00Z,0.0,-67.802086,-67.28125,NaN
2018-09-13T12:00:00Z,0.0,-67.802086,-67.28125,NaN
2018-09-14T12:00:00Z,0.0,-67.802086,-67.28125,NaN
2018-09-15T12:00:00Z,0.0,-67.802086,-67.28125,NaN
2018-09-16T12:00:00Z,0.0,-67.802086,-67.28125,NaN
2018-09-17T12:00:00Z,0.0,-67.802086,-67.28125,NaN
2018-09-18T12:00:00Z,0.0,-67.802086,-67.28125,NaN
2018-09-19T12:00:00Z,0.0,-67.802086,-67.28125,NaN
2018-09-20T12:00:00Z,0.0,-67.802086,-67.28125,NaN
2018-09-21T12:00:00Z,0.0,-67.802086,-67.28125,NaN
2018-09-22T12:00:00Z,0.0,-67.802086,-67.28125,NaN
2018-09-23T12:00:00Z,0.0,-67.802086,-67.28125,NaN
2018-09-24T12:00:00Z,0.0,-67.802086,-67.28125,NaN
2018-09-25T12:00:00Z,0.0,-67.802086,-67.28125,NaN
2018-09-26T12:00:00Z,0.0,-67.802086,-67.28125,NaN
2018-09-27T12:00:00Z,0.0,-67.802086,-67.28125,NaN
2018-09-28T12:00:00Z,0.0,-67.802086,-67.28125,NaN
2018-09-29T12:00:00Z,0.0,-67.802086,-67.28125,NaN
2018-09-30T12:00:00Z,0.0,-67.802086,-67.28125,NaN
2018-10-01T12:00:00Z,0.0,-67.802086,-67.28125,NaN
2018-10-02T12:00:00Z,0.0,-67.802086,-67.28125,NaN
2018-10-03T12:00:00Z,0.0,-67.802086,-67.28125,NaN
2018-10-04T12:00:00Z,0.0,-67.802086,-67.28125,NaN
2018-10-05T12:00:00Z,0.0,-67.802086,-67.28125,NaN
2018-10-06T12:00:00Z,0.0,-67.802086,-67.28125,NaN
2018-10-07T12:00:00Z,0.0,-67.802086,-67.28125,NaN
2018-10-08T12:00:00Z,0.0,-67.802086,-67.28125,NaN
2018-10-09T12:00:00Z,0.0,-67.802086,-67.28125,NaN
2018-10-10T12:00:00Z,0.0,-67.802086,-67.28125,NaN
2018-10-11T12:00:00Z,0.0,-67.802086,-67.28125,NaN
2018-10-12T12:00:00Z,0.0,-67.802086,-67.28125,NaN
2018-10-13T12:00:00Z,0.0,-67.802086,-67.28125,NaN
2018-10-14T12:00:00Z,0.0,-67.802086,-67.28125,NaN
2018-10-15T12:00:00Z,0.0,-67.802086,-67.28125,NaN
2018-10-16T12:00:00Z,0.0,-67.802086,-67.28125,NaN
2018-10-17T12:00:00Z,0.0,-67.802086,-67.28125,NaN
2018-10-18T12:00:00Z,0.0,-67.802086,-67.28125,NaN
2018-10-19T12:00:00Z,0.0,-67.802086,-67.28125,NaN
2018-10-20T12:00:00Z,0.0,-67.802086,-67.28125,NaN
2018-10-21T12:00:00Z,0.0,-67.802086,-67.28125,NaN
2018-10-22T12:00:00Z,0.0,-67.802086,-67.28125,NaN
2018-10-23T12:00:00Z,0.0,-67.802086,-67.28125,NaN
2018-10-24T12:00:00Z,0.0,-67.802086,-67.28125,NaN
2018-10-25T12:00:00Z,0.0,-67.802086,-67.28125,NaN
2018-10-26T12:00:00Z,0.0,-67.802086,-67.28125,NaN
2018-10-27T12:00:00Z,0.0,-67.802086,-67.28125,NaN
2018-10-28T12:00:00Z,0.0,-67.802086,-67.28125,NaN
2018-10-29T12:00:00Z,0.0,-67.802086,-67.28125,NaN
2018-10-30T12:00:00Z,0.0,-67.802086,-67.28125,NaN
2018-10-31T12:00:00Z,0.0,-67.802086,-67.28125,NaN
2018-11-01T12:00:00Z,0.0,-67.802086,-67.28125,NaN
2018-11-02T12:00:00Z,0.0,-67.802086,-67.28125,NaN
2018-11-03T12:00:00Z,0.0,-67.802086,-67.28125,0.2827282
2018-11-04T12:00:00Z,0.0,-67.802086,-67.28125,0.29381004
2018-11-05T12:00:00Z,0.0,-67.802086,-67.28125,0.31341565
2018-11-06T12:00:00Z,0.0,-67.802086,-67.28125,0.31784973
2018-11-07T12:00:00Z,0.0,-67.802086,-67.28125,0.29724547
2018-11-08T12:00:00Z,0.0,-67.802086,-67.28125,0.3324603
2018-11-09T12:00:00Z,0.0,-67.802086,-67.28125,0.33611172
2018-11-10T12:00:00Z,0.0,-67.802086,-67.28125,0.33862877
2018-11-11T12:00:00Z,0.0,-67.802086,-67.28125,0.0857918
2018-11-12T12:00:00Z,0.0,-67.802086,-67.28125,0.09843303
2018-11-13T12:00:00Z,0.0,-67.802086,-67.28125,0.09512748
2018-11-14T12:00:00Z,0.0,-67.802086,-67.28125,0.09521741
2018-11-15T12:00:00Z,0.0,-67.802086,-67.28125,0.09248207
2018-11-16T12:00:00Z,0.0,-67.802086,-67.28125,0.09764185
2018-11-17T12:00:00Z,0.0,-67.802086,-67.28125,0.10042016
2018-11-18T12:00:00Z,0.0,-67.802086,-67.28125,0.09929371
2018-11-19T12:00:00Z,0.0,-67.802086,-67.28125,0.08935863
2018-11-20T12:00:00Z,0.0,-67.802086,-67.28125,0.07377399
2018-11-21T12:00:00Z,0.0,-67.802086,-67.28125,0.08432491
2018-11-22T12:00:00Z,0.0,-67.802086,-67.28125,0.099401414
2018-11-23T12:00:00Z,0.0,-67.802086,-67.28125,0.09639739
2018-11-24T12:00:00Z,0.0,-67.802086,-67.28125,0.09016927
2018-11-25T12:00:00Z,0.0,-67.802086,-67.28125,0.09649284
2018-11-26T12:00:00Z,0.0,-67.802086,-67.28125,0.098813534
2018-11-27T12:00:00Z,0.0,-67.802086,-67.28125,0.092793494
2018-11-28T12:00:00Z,0.0,-67.802086,-67.28125,0.09828053
2018-11-29T12:00:00Z,0.0,-67.802086,-67.28125,0.09694699
2018-11-30T12:00:00Z,0.0,-67.802086,-67.28125,0.086366445
2018-12-01T12:00:00Z,0.0,-67.802086,-67.28125,0.08838888
2018-12-02T12:00:00Z,0.0,-67.802086,-67.28125,0.09610751
2018-12-03T12:00:00Z,0.0,-67.802086,-67.28125,0.1918795
2018-12-04T12:00:00Z,0.0,-67.802086,-67.28125,0.19183609
2018-12-05T12:00:00Z,0.0,-67.802086,-67.28125,0.19191575
2018-12-06T12:00:00Z,0.0,-67.802086,-67.28125,0.19225052
2018-12-07T12:00:00Z,0.0,-67.802086,-67.28125,0.19150993
2018-12-08T12:00:00Z,0.0,-67.802086,-67.28125,0.19307098
2018-12-09T12:00:00Z,0.0,-67.802086,-67.28125,0.19700022
2018-12-10T12:00:00Z,0.0,-67.802086,-67.28125,0.19713135
2018-12-11T12:00:00Z,0.0,-67.802086,-67.28125,0.19676276
2018-12-12T12:00:00Z,0.0,-67.802086,-67.28125,0.19861585
2018-12-13T12:00:00Z,0.0,-67.802086,-67.28125,0.19938688
2018-12-14T12:00:00Z,0.0,-67.802086,-67.28125,0.19980799
2018-12-15T12:00:00Z,0.0,-67.802086,-67.28125,0.19970232
2018-12-16T12:00:00Z,0.0,-67.802086,-67.28125,0.20185904
2018-12-17T12:00:00Z,0.0,-67.802086,-67.28125,0.20219068
2018-12-18T12:00:00Z,0.0,-67.802086,-67.28125,0.20296413
2018-12-19T12:00:00Z,0.0,-67.802086,-67.28125,0.20243123
2018-12-20T12:00:00Z,0.0,-67.802086,-67.28125,0.19904482
2018-12-21T12:00:00Z,0.0,-67.802086,-67.28125,0.20485283
2018-12-22T12:00:00Z,0.0,-67.802086,-67.28125,0.17611101
2018-12-23T12:00:00Z,0.0,-67.802086,-67.28125,0.17267744
2018-12-24T12:00:00Z,0.0,-67.802086,-67.28125,0.17103833
2018-12-25T12:00:00Z,0.0,-67.802086,-67.28125,0.17379953
2018-12-26T12:00:00Z,0.0,-67.802086,-67.28125,0.17132805
2018-12-27T12:00:00Z,0.0,-67.802086,-67.28125,0.16852614
2018-12-28T12:00:00Z,0.0,-67.802086,-67.28125,0.16871452
2018-12-29T12:00:00Z,0.0,-67.802086,-67.28125,0.16366553
2018-12-30T12:00:00Z,0.0,-67.802086,-67.28125,0.19607897
2018-12-31T12:00:00Z,0.0,-67.802086,-67.28125,0.19619411
2019-01-01T12:00:00Z,0.0,-67.802086,-67.28125,0.28370938
2019-01-02T12:00:00Z,0.0,-67.802086,-67.28125,0.29932666
2019-01-03T12:00:00Z,0.0,-67.802086,-67.28125,0.30578417
2019-01-04T12:00:00Z,0.0,-67.802086,-67.28125,0.32409313
2019-01-05T12:00:00Z,0.0,-67.802086,-67.28125,0.32774353
2019-01-06T12:00:00Z,0.0,-67.802086,-67.28125,0.33189827
2019-01-07T12:00:00Z,0.0,-67.802086,-67.28125,0.36030614
2019-01-08T12:00:00Z,0.0,-67.802086,-67.28125,0.37369326
2019-01-09T12:00:00Z,0.0,-67.802086,-67.28125,0.42094615
2019-01-10T12:00:00Z,0.0,-67.802086,-67.28125,0.5018874
2019-01-11T12:00:00Z,0.0,-67.802086,-67.28125,0.47841734
2019-01-12T12:00:00Z,0.0,-67.802086,-67.28125,0.6203116
2019-01-13T12:00:00Z,0.0,-67.802086,-67.28125,0.6155623
2019-01-14T12:00:00Z,0.0,-67.802086,-67.28125,0.58038574
2019-01-15T12:00:00Z,0.0,-67.802086,-67.28125,0.614329
2019-01-16T12:00:00Z,0.0,-67.802086,-67.28125,0.6333649
2019-01-17T12:00:00Z,0.0,-67.802086,-67.28125,0.64436513
2019-01-18T12:00:00Z,0.0,-67.802086,-67.28125,0.6704419
2019-01-19T12:00:00Z,0.0,-67.802086,-67.28125,0.62165725
2019-01-20T12:00:00Z,0.0,-67.802086,-67.28125,0.6507881
2019-01-21T12:00:00Z,0.0,-67.802086,-67.28125,0.69690806
2019-01-22T12:00:00Z,0.0,-67.802086,-67.28125,0.7118041
2019-01-23T12:00:00Z,0.0,-67.802086,-67.28125,0.66770184
2019-01-24T12:00:00Z,0.0,-67.802086,-67.28125,0.6715253
2019-01-25T12:00:00Z,0.0,-67.802086,-67.28125,0.8281304
2019-01-26T12:00:00Z,0.0,-67.802086,-67.28125,0.8059981
2019-01-27T12:00:00Z,0.0,-67.802086,-67.28125,0.8407767
2019-01-28T12:00:00Z,0.0,-67.802086,-67.28125,0.8345961
2019-01-29T12:00:00Z,0.0,-67.802086,-67.28125,0.86781126
2019-01-30T12:00:00Z,0.0,-67.802086,-67.28125,0.9576296
2019-01-31T12:00:00Z,0.0,-67.802086,-67.28125,1.019144
2019-02-01T12:00:00Z,0.0,-67.802086,-67.28125,0.92243713
2019-02-02T12:00:00Z,0.0,-67.802086,-67.28125,0.8619315
2019-02-03T12:00:00Z,0.0,-67.802086,-67.28125,0.8655148
2019-02-04T12:00:00Z,0.0,-67.802086,-67.28125,0.96405876
2019-02-05T12:00:00Z,0.0,-67.802086,-67.28125,0.8242842
2019-02-06T12:00:00Z,0.0,-67.802086,-67.28125,0.8134214
2019-02-07T12:00:00Z,0.0,-67.802086,-67.28125,0.9467574
2019-02-08T12:00:00Z,0.0,-67.802086,-67.28125,0.95375353
2019-02-09T12:00:00Z,0.0,-67.802086,-67.28125,0.84145683
2019-02-10T12:00:00Z,0.0,-67.802086,-67.28125,0.78845876
2019-02-11T12:00:00Z,0.0,-67.802086,-67.28125,0.7070461
2019-02-12T12:00:00Z,0.0,-67.802086,-67.28125,0.65588456
2019-02-13T12:00:00Z,0.0,-67.802086,-67.28125,0.68256277
2019-02-14T12:00:00Z,0.0,-67.802086,-67.28125,0.57990426
2019-02-15T12:00:00Z,0.0,-67.802086,-67.28125,0.5964344
2019-02-16T12:00:00Z,0.0,-67.802086,-67.28125,0.5570518
2019-02-17T12:00:00Z,0.0,-67.802086,-67.28125,0.5632651
2019-02-18T12:00:00Z,0.0,-67.802086,-67.28125,0.81672245
2019-02-19T12:00:00Z,0.0,-67.802086,-67.28125,0.8592015
2019-02-20T12:00:00Z,0.0,-67.802086,-67.28125,0.76070386
2019-02-21T12:00:00Z,0.0,-67.802086,-67.28125,0.7577785
2019-02-22T12:00:00Z,0.0,-67.802086,-67.28125,0.758775
2019-02-23T12:00:00Z,0.0,-67.802086,-67.28125,0.67108023
2019-02-24T12:00:00Z,0.0,-67.802086,-67.28125,0.63970363
2019-02-25T12:00:00Z,0.0,-67.802086,-67.28125,0.96899515
2019-02-26T12:00:00Z,0.0,-67.802086,-67.28125,0.86175674
2019-02-27T12:00:00Z,0.0,-67.802086,-67.28125,0.6260872
2019-02-28T12:00:00Z,0.0,-67.802086,-67.28125,0.56826365
2019-03-01T12:00:00Z,0.0,-67.802086,-67.28125,NaN
2019-03-02T12:00:00Z,0.0,-67.802086,-67.28125,NaN
2019-03-03T12:00:00Z,0.0,-67.802086,-67.28125,NaN
2019-03-04T12:00:00Z,0.0,-67.802086,-67.28125,NaN
2019-03-05T12:00:00Z,0.0,-67.802086,-67.28125,NaN
2019-03-06T12:00:00Z,0.0,-67.802086,-67.28125,NaN
2019-03-07T12:00:00Z,0.0,-67.802086,-67.28125,NaN
2019-03-08T12:00:00Z,0.0,-67.802086,-67.28125,NaN
2019-03-09T12:00:00Z,0.0,-67.802086,-67.28125,NaN
2019-03-10T12:00:00Z,0.0,-67.802086,-67.28125,NaN
2019-03-11T12:00:00Z,0.0,-67.802086,-67.28125,NaN
2019-03-12T12:00:00Z,0.0,-67.802086,-67.28125,NaN
2019-03-13T12:00:00Z,0.0,-67.802086,-67.28125,NaN
2019-03-14T12:00:00Z,0.0,-67.802086,-67.28125,NaN
2019-03-15T12:00:00Z,0.0,-67.802086,-67.28125,NaN
2019-03-16T12:00:00Z,0.0,-67.802086,-67.28125,NaN
2019-03-17T12:00:00Z,0.0,-67.802086,-67.28125,NaN
2019-03-18T12:00:00Z,0.0,-67.802086,-67.28125,NaN
2019-03-19T12:00:00Z,0.0,-67.802086,-67.28125,NaN
2019-03-20T12:00:00Z,0.0,-67.802086,-67.28125,NaN
2019-03-21T12:00:00Z,0.0,-67.802086,-67.28125,NaN
2019-03-22T12:00:00Z,0.0,-67.802086,-67.28125,NaN
2019-03-23T12:00:00Z,0.0,-67.802086,-67.28125,NaN
2019-03-24T12:00:00Z,0.0,-67.802086,-67.28125,NaN
2019-03-25T12:00:00Z,0.0,-67.802086,-67.28125,NaN
2019-03-26T12:00:00Z,0.0,-67.802086,-67.28125,NaN
2019-03-27T12:00:00Z,0.0,-67.802086,-67.28125,NaN
2019-03-28T12:00:00Z,0.0,-67.802086,-67.28125,NaN
2019-03-29T12:00:00Z,0.0,-67.802086,-67.28125,NaN
2019-03-30T12:00:00Z,0.0,-67.802086,-67.28125,NaN
2019-03-31T12:00:00Z,0.0,-67.802086,-67.28125,NaN
2019-04-01T12:00:00Z,0.0,-67.802086,-67.28125,NaN
2019-04-02T12:00:00Z,0.0,-67.802086,-67.28125,NaN
2019-04-03T12:00:00Z,0.0,-67.802086,-67.28125,NaN
2019-04-04T12:00:00Z,0.0,-67.802086,-67.28125,NaN
2019-04-05T12:00:00Z,0.0,-67.802086,-67.28125,NaN
2019-04-06T12:00:00Z,0.0,-67.802086,-67.28125,NaN
2019-04-07T12:00:00Z,0.0,-67.802086,-67.28125,NaN
2019-04-08T12:00:00Z,0.0,-67.802086,-67.28125,NaN
2019-04-09T12:00:00Z,0.0,-67.802086,-67.28125,NaN
2019-04-10T12:00:00Z,0.0,-67.802086,-67.28125,NaN
2019-04-11T12:00:00Z,0.0,-67.802086,-67.28125,NaN
2019-04-12T12:00:00Z,0.0,-67.802086,-67.28125,NaN
2019-04-13T12:00:00Z,0.0,-67.802086,-67.28125,NaN
2019-04-14T12:00:00Z,0.0,-67.802086,-67.28125,NaN
2019-04-15T12:00:00Z,0.0,-67.802086,-67.28125,NaN
2019-04-16T12:00:00Z,0.0,-67.802086,-67.28125,NaN
2019-04-17T12:00:00Z,0.0,-67.802086,-67.28125,NaN
2019-04-18T12:00:00Z,0.0,-67.802086,-67.28125,NaN
2019-04-19T12:00:00Z,0.0,-67.802086,-67.28125,NaN
2019-04-20T12:00:00Z,0.0,-67.802086,-67.28125,NaN
2019-04-21T12:00:00Z,0.0,-67.802086,-67.28125,NaN
2019-04-22T12:00:00Z,0.0,-67.802086,-67.28125,NaN
2019-04-23T12:00:00Z,0.0,-67.802086,-67.28125,NaN
2019-04-24T12:00:00Z,0.0,-67.802086,-67.28125,NaN
2019-04-25T12:00:00Z,0.0,-67.802086,-67.28125,NaN
2019-04-26T12:00:00Z,0.0,-67.802086,-67.28125,NaN
2019-04-27T12:00:00Z,0.0,-67.802086,-67.28125,NaN
2019-04-28T12:00:00Z,0.0,-67.802086,-67.28125,NaN
2019-04-29T12:00:00Z,0.0,-67.802086,-67.28125,NaN
2019-04-30T12:00:00Z,0.0,-67.802086,-67.28125,NaN
2019-05-01T12:00:00Z,0.0,-67.802086,-67.28125,NaN
2019-05-02T12:00:00Z,0.0,-67.802086,-67.28125,NaN
2019-05-03T12:00:00Z,0.0,-67.802086,-67.28125,NaN
2019-05-04T12:00:00Z,0.0,-67.802086,-67.28125,NaN
2019-05-05T12:00:00Z,0.0,-67.802086,-67.28125,NaN
2019-05-06T12:00:00Z,0.0,-67.802086,-67.28125,NaN
2019-05-07T12:00:00Z,0.0,-67.802086,-67.28125,NaN
2019-05-08T12:00:00Z,0.0,-67.802086,-67.28125,NaN
2019-05-09T12:00:00Z,0.0,-67.802086,-67.28125,NaN
2019-05-10T12:00:00Z,0.0,-67.802086,-67.28125,NaN
2019-05-11T12:00:00Z,0.0,-67.802086,-67.28125,NaN
2019-05-12T12:00:00Z,0.0,-67.802086,-67.28125,NaN
2019-05-13T12:00:00Z,0.0,-67.802086,-67.28125,NaN
2019-05-14T12:00:00Z,0.0,-67.802086,-67.28125,NaN
2019-05-15T12:00:00Z,0.0,-67.802086,-67.28125,NaN
2019-05-16T12:00:00Z,0.0,-67.802086,-67.28125,NaN
2019-05-17T12:00:00Z,0.0,-67.802086,-67.28125,NaN
2019-05-18T12:00:00Z,0.0,-67.802086,-67.28125,NaN
2019-05-19T12:00:00Z,0.0,-67.802086,-67.28125,NaN
2019-05-20T12:00:00Z,0.0,-67.802086,-67.28125,NaN
2019-05-21T12:00:00Z,0.0,-67.802086,-67.28125,NaN
2019-05-22T12:00:00Z,0.0,-67.802086,-67.28125,NaN
2019-05-23T12:00:00Z,0.0,-67.802086,-67.28125,NaN
2019-05-24T12:00:00Z,0.0,-67.802086,-67.28125,NaN
2019-05-25T12:00:00Z,0.0,-67.802086,-67.28125,NaN
2019-05-26T12:00:00Z,0.0,-67.802086,-67.28125,NaN
2019-05-27T12:00:00Z,0.0,-67.802086,-67.28125,NaN
2019-05-28T12:00:00Z,0.0,-67.802086,-67.28125,NaN
2019-05-29T12:00:00Z,0.0,-67.802086,-67.28125,NaN
2019-05-30T12:00:00Z,0.0,-67.802086,-67.28125,NaN
2019-05-31T12:00:00Z,0.0,-67.802086,-67.28125,NaN
2019-06-01T12:00:00Z,0.0,-67.802086,-67.28125,NaN
2019-06-02T12:00:00Z,0.0,-67.802086,-67.28125,NaN
2019-06-03T12:00:00Z,0.0,-67.802086,-67.28125,NaN
2019-06-04T12:00:00Z,0.0,-67.802086,-67.28125,NaN
2019-06-05T12:00:00Z,0.0,-67.802086,-67.28125,NaN
2019-06-06T12:00:00Z,0.0,-67.802086,-67.28125,NaN
2019-06-07T12:00:00Z,0.0,-67.802086,-67.28125,NaN
2019-06-08T12:00:00Z,0.0,-67.802086,-67.28125,NaN
2019-06-09T12:00:00Z,0.0,-67.802086,-67.28125,NaN
2019-06-10T12:00:00Z,0.0,-67.802086,-67.28125,NaN
2019-06-11T12:00:00Z,0.0,-67.802086,-67.28125,NaN
2019-06-12T12:00:00Z,0.0,-67.802086,-67.28125,NaN
2019-06-13T12:00:00Z,0.0,-67.802086,-67.28125,NaN
2019-06-14T12:00:00Z,0.0,-67.802086,-67.28125,NaN
2019-06-15T12:00:00Z,0.0,-67.802086,-67.28125,NaN
2019-06-16T12:00:00Z,0.0,-67.802086,-67.28125,NaN
2019-06-17T12:00:00Z,0.0,-67.802086,-67.28125,NaN
2019-06-18T12:00:00Z,0.0,-67.802086,-67.28125,NaN
2019-06-19T12:00:00Z,0.0,-67.802086,-67.28125,NaN
2019-06-20T12:00:00Z,0.0,-67.802086,-67.28125,NaN
2019-06-21T12:00:00Z,0.0,-67.802086,-67.28125,NaN
2019-06-22T12:00:00Z,0.0,-67.802086,-67.28125,NaN
2019-06-23T12:00:00Z,0.0,-67.802086,-67.28125,NaN
2019-06-24T12:00:00Z,0.0,-67.802086,-67.28125,NaN
2019-06-25T12:00:00Z,0.0,-67.802086,-67.28125,NaN
2019-06-26T12:00:00Z,0.0,-67.802086,-67.28125,NaN
2019-06-27T12:00:00Z,0.0,-67.802086,-67.28125,NaN
2019-06-28T12:00:00Z,0.0,-67.802086,-67.28125,NaN
2019-06-29T12:00:00Z,0.0,-67.802086,-67.28125,NaN
2019-06-30T12:00:00Z,0.0,-67.802086,-67.28125,NaN
2019-07-01T12:00:00Z,0.0,-67.802086,-67.28125,NaN
2019-07-02T12:00:00Z,0.0,-67.802086,-67.28125,NaN
2019-07-03T12:00:00Z,0.0,-67.802086,-67.28125,NaN
2019-07-04T12:00:00Z,0.0,-67.802086,-67.28125,NaN
2019-07-05T12:00:00Z,0.0,-67.802086,-67.28125,NaN
2019-07-06T12:00:00Z,0.0,-67.802086,-67.28125,NaN
2019-07-07T12:00:00Z,0.0,-67.802086,-67.28125,NaN
2019-07-08T12:00:00Z,0.0,-67.802086,-67.28125,NaN
2019-07-09T12:00:00Z,0.0,-67.802086,-67.28125,NaN
2019-07-10T12:00:00Z,0.0,-67.802086,-67.28125,NaN
2019-07-11T12:00:00Z,0.0,-67.802086,-67.28125,NaN
2019-07-12T12:00:00Z,0.0,-67.802086,-67.28125,NaN
2019-07-13T12:00:00Z,0.0,-67.802086,-67.28125,NaN
2019-07-14T12:00:00Z,0.0,-67.802086,-67.28125,NaN
2019-07-15T12:00:00Z,0.0,-67.802086,-67.28125,NaN
2019-07-16T12:00:00Z,0.0,-67.802086,-67.28125,NaN
2019-07-17T12:00:00Z,0.0,-67.802086,-67.28125,NaN
2019-07-18T12:00:00Z,0.0,-67.802086,-67.28125,NaN
2019-07-19T12:00:00Z,0.0,-67.802086,-67.28125,NaN
2019-07-20T12:00:00Z,0.0,-67.802086,-67.28125,NaN
2019-07-21T12:00:00Z,0.0,-67.802086,-67.28125,NaN
2019-07-22T12:00:00Z,0.0,-67.802086,-67.28125,NaN
2019-07-23T12:00:00Z,0.0,-67.802086,-67.28125,NaN
2019-07-24T12:00:00Z,0.0,-67.802086,-67.28125,NaN
2019-07-25T12:00:00Z,0.0,-67.802086,-67.28125,NaN
2019-07-26T12:00:00Z,0.0,-67.802086,-67.28125,NaN
2019-07-27T12:00:00Z,0.0,-67.802086,-67.28125,NaN
2019-07-28T12:00:00Z,0.0,-67.802086,-67.28125,NaN
2019-07-29T12:00:00Z,0.0,-67.802086,-67.28125,NaN
2019-07-30T12:00:00Z,0.0,-67.802086,-67.28125,NaN
2019-07-31T12:00:00Z,0.0,-67.802086,-67.28125,NaN
2019-08-01T12:00:00Z,0.0,-67.802086,-67.28125,NaN
2019-08-02T12:00:00Z,0.0,-67.802086,-67.28125,NaN
2019-08-03T12:00:00Z,0.0,-67.802086,-67.28125,NaN
2019-08-04T12:00:00Z,0.0,-67.802086,-67.28125,NaN
2019-08-05T12:00:00Z,0.0,-67.802086,-67.28125,NaN
2019-08-06T12:00:00Z,0.0,-67.802086,-67.28125,NaN
2019-08-07T12:00:00Z,0.0,-67.802086,-67.28125,NaN
2019-08-08T12:00:00Z,0.0,-67.802086,-67.28125,NaN
2019-08-09T12:00:00Z,0.0,-67.802086,-67.28125,NaN
2019-08-10T12:00:00Z,0.0,-67.802086,-67.28125,NaN
2019-08-11T12:00:00Z,0.0,-67.802086,-67.28125,NaN
2019-08-12T12:00:00Z,0.0,-67.802086,-67.28125,NaN
2019-08-13T12:00:00Z,0.0,-67.802086,-67.28125,NaN
2019-08-14T12:00:00Z,0.0,-67.802086,-67.28125,NaN
2019-08-15T12:00:00Z,0.0,-67.802086,-67.28125,NaN
2019-08-16T12:00:00Z,0.0,-67.802086,-67.28125,NaN
2019-08-17T12:00:00Z,0.0,-67.802086,-67.28125,NaN
2019-08-18T12:00:00Z,0.0,-67.802086,-67.28125,NaN
2019-08-19T12:00:00Z,0.0,-67.802086,-67.28125,NaN
2019-08-20T12:00:00Z,0.0,-67.802086,-67.28125,NaN
2019-08-21T12:00:00Z,0.0,-67.802086,-67.28125,NaN
2019-08-22T12:00:00Z,0.0,-67.802086,-67.28125,NaN
2019-08-23T12:00:00Z,0.0,-67.802086,-67.28125,NaN
2019-08-24T12:00:00Z,0.0,-67.802086,-67.28125,NaN
2019-08-25T12:00:00Z,0.0,-67.802086,-67.28125,NaN
2019-08-26T12:00:00Z,0.0,-67.802086,-67.28125,NaN
2019-08-27T12:00:00Z,0.0,-67.802086,-67.28125,NaN
2019-08-28T12:00:00Z,0.0,-67.802086,-67.28125,NaN
2019-08-29T12:00:00Z,0.0,-67.802086,-67.28125,NaN
2019-08-30T12:00:00Z,0.0,-67.802086,-67.28125,NaN
2019-08-31T12:00:00Z,0.0,-67.802086,-67.28125,NaN
2019-09-01T12:00:00Z,0.0,-67.802086,-67.28125,NaN
2019-09-02T12:00:00Z,0.0,-67.802086,-67.28125,NaN
2019-09-03T12:00:00Z,0.0,-67.802086,-67.28125,NaN
2019-09-04T12:00:00Z,0.0,-67.802086,-67.28125,NaN
2019-09-05T12:00:00Z,0.0,-67.802086,-67.28125,NaN
2019-09-06T12:00:00Z,0.0,-67.802086,-67.28125,NaN
2019-09-07T12:00:00Z,0.0,-67.802086,-67.28125,NaN
2019-09-08T12:00:00Z,0.0,-67.802086,-67.28125,NaN
2019-09-09T12:00:00Z,0.0,-67.802086,-67.28125,NaN
2019-09-10T12:00:00Z,0.0,-67.802086,-67.28125,NaN
2019-09-11T12:00:00Z,0.0,-67.802086,-67.28125,NaN
2019-09-12T12:00:00Z,0.0,-67.802086,-67.28125,NaN
2019-09-13T12:00:00Z,0.0,-67.802086,-67.28125,NaN
2019-09-14T12:00:00Z,0.0,-67.802086,-67.28125,NaN
2019-09-15T12:00:00Z,0.0,-67.802086,-67.28125,NaN
2019-09-16T12:00:00Z,0.0,-67.802086,-67.28125,NaN
2019-09-17T12:00:00Z,0.0,-67.802086,-67.28125,NaN
2019-09-18T12:00:00Z,0.0,-67.802086,-67.28125,NaN
2019-09-19T12:00:00Z,0.0,-67.802086,-67.28125,NaN
2019-09-20T12:00:00Z,0.0,-67.802086,-67.28125,NaN
2019-09-21T12:00:00Z,0.0,-67.802086,-67.28125,NaN
2019-09-22T12:00:00Z,0.0,-67.802086,-67.28125,NaN
2019-09-23T12:00:00Z,0.0,-67.802086,-67.28125,NaN
2019-09-24T12:00:00Z,0.0,-67.802086,-67.28125,NaN
2019-09-25T12:00:00Z,0.0,-67.802086,-67.28125,NaN
2019-09-26T12:00:00Z,0.0,-67.802086,-67.28125,NaN
2019-09-27T12:00:00Z,0.0,-67.802086,-67.28125,NaN
2019-09-28T12:00:00Z,0.0,-67.802086,-67.28125,NaN
2019-09-29T12:00:00Z,0.0,-67.802086,-67.28125,NaN
2019-09-30T12:00:00Z,0.0,-67.802086,-67.28125,NaN
2019-10-01T12:00:00Z,0.0,-67.802086,-67.28125,NaN
2019-10-02T12:00:00Z,0.0,-67.802086,-67.28125,NaN
2019-10-03T12:00:00Z,0.0,-67.802086,-67.28125,NaN
2019-10-04T12:00:00Z,0.0,-67.802086,-67.28125,NaN
2019-10-05T12:00:00Z,0.0,-67.802086,-67.28125,NaN
2019-10-06T12:00:00Z,0.0,-67.802086,-67.28125,NaN
2019-10-07T12:00:00Z,0.0,-67.802086,-67.28125,NaN
2019-10-08T12:00:00Z,0.0,-67.802086,-67.28125,NaN
2019-10-09T12:00:00Z,0.0,-67.802086,-67.28125,NaN
2019-10-10T12:00:00Z,0.0,-67.802086,-67.28125,NaN
2019-10-11T12:00:00Z,0.0,-67.802086,-67.28125,NaN
2019-10-12T12:00:00Z,0.0,-67.802086,-67.28125,NaN
2019-10-13T12:00:00Z,0.0,-67.802086,-67.28125,NaN
2019-10-14T12:00:00Z,0.0,-67.802086,-67.28125,NaN
2019-10-15T12:00:00Z,0.0,-67.802086,-67.28125,NaN
2019-10-16T12:00:00Z,0.0,-67.802086,-67.28125,NaN
2019-10-17T12:00:00Z,0.0,-67.802086,-67.28125,NaN
2019-10-18T12:00:00Z,0.0,-67.802086,-67.28125,NaN
2019-10-19T12:00:00Z,0.0,-67.802086,-67.28125,NaN
2019-10-20T12:00:00Z,0.0,-67.802086,-67.28125,NaN
2019-10-21T12:00:00Z,0.0,-67.802086,-67.28125,NaN
2019-10-22T12:00:00Z,0.0,-67.802086,-67.28125,NaN
2019-10-23T12:00:00Z,0.0,-67.802086,-67.28125,NaN
2019-10-24T12:00:00Z,0.0,-67.802086,-67.28125,NaN
2019-10-25T12:00:00Z,0.0,-67.802086,-67.28125,NaN
2019-10-26T12:00:00Z,0.0,-67.802086,-67.28125,NaN
2019-10-27T12:00:00Z,0.0,-67.802086,-67.28125,NaN
2019-10-28T12:00:00Z,0.0,-67.802086,-67.28125,NaN
2019-10-29T12:00:00Z,0.0,-67.802086,-67.28125,NaN
2019-10-30T12:00:00Z,0.0,-67.802086,-67.28125,NaN
2019-10-31T12:00:00Z,0.0,-67.802086,-67.28125,NaN
2019-11-01T12:00:00Z,0.0,-67.802086,-67.28125,NaN
2019-11-02T12:00:00Z,0.0,-67.802086,-67.28125,NaN
2019-11-03T12:00:00Z,0.0,-67.802086,-67.28125,NaN
2019-11-04T12:00:00Z,0.0,-67.802086,-67.28125,NaN
2019-11-05T12:00:00Z,0.0,-67.802086,-67.28125,NaN
2019-11-06T12:00:00Z,0.0,-67.802086,-67.28125,NaN
2019-11-07T12:00:00Z,0.0,-67.802086,-67.28125,NaN
2019-11-08T12:00:00Z,0.0,-67.802086,-67.28125,NaN
2019-11-09T12:00:00Z,0.0,-67.802086,-67.28125,NaN
2019-11-10T12:00:00Z,0.0,-67.802086,-67.28125,NaN
2019-11-11T12:00:00Z,0.0,-67.802086,-67.28125,NaN
2019-11-12T12:00:00Z,0.0,-67.802086,-67.28125,NaN
2019-11-13T12:00:00Z,0.0,-67.802086,-67.28125,NaN
2019-11-14T12:00:00Z,0.0,-67.802086,-67.28125,NaN
2019-11-15T12:00:00Z,0.0,-67.802086,-67.28125,NaN
2019-11-16T12:00:00Z,0.0,-67.802086,-67.28125,NaN
2019-11-17T12:00:00Z,0.0,-67.802086,-67.28125,NaN
2019-11-18T12:00:00Z,0.0,-67.802086,-67.28125,NaN
2019-11-19T12:00:00Z,0.0,-67.802086,-67.28125,NaN
2019-11-20T12:00:00Z,0.0,-67.802086,-67.28125,NaN
2019-11-21T12:00:00Z,0.0,-67.802086,-67.28125,NaN
2019-11-22T12:00:00Z,0.0,-67.802086,-67.28125,NaN
2019-11-23T12:00:00Z,0.0,-67.802086,-67.28125,NaN
2019-11-24T12:00:00Z,0.0,-67.802086,-67.28125,NaN
2019-11-25T12:00:00Z,0.0,-67.802086,-67.28125,NaN
2019-11-26T12:00:00Z,0.0,-67.802086,-67.28125,NaN
2019-11-27T12:00:00Z,0.0,-67.802086,-67.28125,NaN
2019-11-28T12:00:00Z,0.0,-67.802086,-67.28125,NaN
2019-11-29T12:00:00Z,0.0,-67.802086,-67.28125,NaN
2019-11-30T12:00:00Z,0.0,-67.802086,-67.28125,NaN
2019-12-01T12:00:00Z,0.0,-67.802086,-67.28125,NaN
2019-12-02T12:00:00Z,0.0,-67.802086,-67.28125,NaN
2019-12-03T12:00:00Z,0.0,-67.802086,-67.28125,NaN
2019-12-04T12:00:00Z,0.0,-67.802086,-67.28125,NaN
2019-12-05T12:00:00Z,0.0,-67.802086,-67.28125,NaN
2019-12-06T12:00:00Z,0.0,-67.802086,-67.28125,NaN
2019-12-07T12:00:00Z,0.0,-67.802086,-67.28125,NaN
2019-12-08T12:00:00Z,0.0,-67.802086,-67.28125,NaN
2019-12-09T12:00:00Z,0.0,-67.802086,-67.28125,NaN
2019-12-10T12:00:00Z,0.0,-67.802086,-67.28125,NaN
2019-12-11T12:00:00Z,0.0,-67.802086,-67.28125,0.79688436
2019-12-12T12:00:00Z,0.0,-67.802086,-67.28125,0.7119192
2019-12-13T12:00:00Z,0.0,-67.802086,-67.28125,0.80926645
2019-12-14T12:00:00Z,0.0,-67.802086,-67.28125,0.6509139
2019-12-15T12:00:00Z,0.0,-67.802086,-67.28125,0.6458177
2019-12-16T12:00:00Z,0.0,-67.802086,-67.28125,0.638434
2019-12-17T12:00:00Z,0.0,-67.802086,-67.28125,0.6269255
2019-12-18T12:00:00Z,0.0,-67.802086,-67.28125,0.6102302
2019-12-19T12:00:00Z,0.0,-67.802086,-67.28125,0.66389364
2019-12-20T12:00:00Z,0.0,-67.802086,-67.28125,0.588105
2019-12-21T12:00:00Z,0.0,-67.802086,-67.28125,0.62653285
2019-12-22T12:00:00Z,0.0,-67.802086,-67.28125,0.54319197
2019-12-23T12:00:00Z,0.0,-67.802086,-67.28125,0.66194314
2019-12-24T12:00:00Z,0.0,-67.802086,-67.28125,0.66183406
2019-12-25T12:00:00Z,0.0,-67.802086,-67.28125,0.6694077
2019-12-26T12:00:00Z,0.0,-67.802086,-67.28125,0.8957756
2019-12-27T12:00:00Z,0.0,-67.802086,-67.28125,0.8262471
2019-12-28T12:00:00Z,0.0,-67.802086,-67.28125,0.90910685
2019-12-29T12:00:00Z,0.0,-67.802086,-67.28125,0.9239931
2019-12-30T12:00:00Z,0.0,-67.802086,-67.28125,0.8594477
2019-12-31T12:00:00Z,0.0,-67.802086,-67.28125,0.94288814
2020-01-01T12:00:00Z,0.0,-67.802086,-67.28125,1.3382727
2020-01-02T12:00:00Z,0.0,-67.802086,-67.28125,1.328348
2020-01-03T12:00:00Z,0.0,-67.802086,-67.28125,1.4572324
2020-01-04T12:00:00Z,0.0,-67.802086,-67.28125,1.6401668
2020-01-05T12:00:00Z,0.0,-67.802086,-67.28125,1.7704667
2020-01-06T12:00:00Z,0.0,-67.802086,-67.28125,1.7569188
2020-01-07T12:00:00Z,0.0,-67.802086,-67.28125,1.7622877
2020-01-08T12:00:00Z,0.0,-67.802086,-67.28125,1.5136749
2020-01-09T12:00:00Z,0.0,-67.802086,-67.28125,1.7194983
2020-01-10T12:00:00Z,0.0,-67.802086,-67.28125,1.7205585
2020-01-11T12:00:00Z,0.0,-67.802086,-67.28125,2.623874
2020-01-12T12:00:00Z,0.0,-67.802086,-67.28125,2.446617
2020-01-13T12:00:00Z,0.0,-67.802086,-67.28125,0.94845414
2020-01-14T12:00:00Z,0.0,-67.802086,-67.28125,0.7770947
2020-01-15T12:00:00Z,0.0,-67.802086,-67.28125,0.7011341
2020-01-16T12:00:00Z,0.0,-67.802086,-67.28125,0.46860573
2020-01-17T12:00:00Z,0.0,-67.802086,-67.28125,0.68729615
2020-01-18T12:00:00Z,0.0,-67.802086,-67.28125,0.8373317
2020-01-19T12:00:00Z,0.0,-67.802086,-67.28125,0.8657584
2020-01-20T12:00:00Z,0.0,-67.802086,-67.28125,0.74252766
2020-01-21T12:00:00Z,0.0,-67.802086,-67.28125,0.78841233
2020-01-22T12:00:00Z,0.0,-67.802086,-67.28125,0.84584594
2020-01-23T12:00:00Z,0.0,-67.802086,-67.28125,0.69654727
2020-01-24T12:00:00Z,0.0,-67.802086,-67.28125,0.52476996
2020-01-25T12:00:00Z,0.0,-67.802086,-67.28125,0.4834095
2020-01-26T12:00:00Z,0.0,-67.802086,-67.28125,0.46302474
2020-01-27T12:00:00Z,0.0,-67.802086,-67.28125,0.34500474
2020-01-28T12:00:00Z,0.0,-67.802086,-67.28125,0.32986137
2020-01-29T12:00:00Z,0.0,-67.802086,-67.28125,0.25783604
2020-01-30T12:00:00Z,0.0,-67.802086,-67.28125,0.21482588
2020-01-31T12:00:00Z,0.0,-67.802086,-67.28125,0.71057475
2020-02-01T12:00:00Z,0.0,-67.802086,-67.28125,0.93835616
2020-02-02T12:00:00Z,0.0,-67.802086,-67.28125,0.77952486
2020-02-03T12:00:00Z,0.0,-67.802086,-67.28125,0.64295995
2020-02-04T12:00:00Z,0.0,-67.802086,-67.28125,0.68500346
2020-02-05T12:00:00Z,0.0,-67.802086,-67.28125,0.5410675
2020-02-06T12:00:00Z,0.0,-67.802086,-67.28125,0.60942644
2020-02-07T12:00:00Z,0.0,-67.802086,-67.28125,0.5943362
2020-02-08T12:00:00Z,0.0,-67.802086,-67.28125,0.56684697
2020-02-09T12:00:00Z,0.0,-67.802086,-67.28125,0.61644226
2020-02-10T12:00:00Z,0.0,-67.802086,-67.28125,0.66136247
2020-02-11T12:00:00Z,0.0,-67.802086,-67.28125,0.646859
2020-02-12T12:00:00Z,0.0,-67.802086,-67.28125,0.54872996
2020-02-13T12:00:00Z,0.0,-67.802086,-67.28125,0.55371237
2020-02-14T12:00:00Z,0.0,-67.802086,-67.28125,0.709563
2020-02-15T12:00:00Z,0.0,-67.802086,-67.28125,0.6150415
2020-02-16T12:00:00Z,0.0,-67.802086,-67.28125,0.7379639
2020-02-17T12:00:00Z,0.0,-67.802086,-67.28125,0.76847684
2020-02-18T12:00:00Z,0.0,-67.802086,-67.28125,0.8236059
2020-02-19T12:00:00Z,0.0,-67.802086,-67.28125,0.84089094
2020-02-20T12:00:00Z,0.0,-67.802086,-67.28125,0.8237982
2020-02-21T12:00:00Z,0.0,-67.802086,-67.28125,0.83542705
2020-02-22T12:00:00Z,0.0,-67.802086,-67.28125,0.77237105
2020-02-23T12:00:00Z,0.0,-67.802086,-67.28125,1.1414945
2020-02-24T12:00:00Z,0.0,-67.802086,-67.28125,1.356969
2020-02-25T12:00:00Z,0.0,-67.802086,-67.28125,1.2596047
2020-02-26T12:00:00Z,0.0,-67.802086,-67.28125,1.2063462
2020-02-27T12:00:00Z,0.0,-67.802086,-67.28125,1.0420378
2020-02-28T12:00:00Z,0.0,-67.802086,-67.28125,1.1685612
2020-02-29T12:00:00Z,0.0,-67.802086,-67.28125,NaN
2020-03-01T12:00:00Z,0.0,-67.802086,-67.28125,NaN
2020-03-02T12:00:00Z,0.0,-67.802086,-67.28125,NaN
2020-03-03T12:00:00Z,0.0,-67.802086,-67.28125,NaN
2020-03-04T12:00:00Z,0.0,-67.802086,-67.28125,NaN
2020-03-05T12:00:00Z,0.0,-67.802086,-67.28125,NaN
2020-03-06T12:00:00Z,0.0,-67.802086,-67.28125,NaN
2020-03-07T12:00:00Z,0.0,-67.802086,-67.28125,NaN
2020-03-08T12:00:00Z,0.0,-67.802086,-67.28125,NaN
2020-03-09T12:00:00Z,0.0,-67.802086,-67.28125,NaN
2020-03-10T12:00:00Z,0.0,-67.802086,-67.28125,NaN
2020-03-11T12:00:00Z,0.0,-67.802086,-67.28125,NaN
2020-03-12T12:00:00Z,0.0,-67.802086,-67.28125,NaN
2020-03-13T12:00:00Z,0.0,-67.802086,-67.28125,NaN
2020-03-14T12:00:00Z,0.0,-67.802086,-67.28125,NaN
2020-03-15T12:00:00Z,0.0,-67.802086,-67.28125,NaN
2020-03-16T12:00:00Z,0.0,-67.802086,-67.28125,NaN
2020-03-17T12:00:00Z,0.0,-67.802086,-67.28125,NaN
2020-03-18T12:00:00Z,0.0,-67.802086,-67.28125,NaN
2020-03-19T12:00:00Z,0.0,-67.802086,-67.28125,NaN
2020-03-20T12:00:00Z,0.0,-67.802086,-67.28125,NaN
2020-03-21T12:00:00Z,0.0,-67.802086,-67.28125,NaN
2020-03-22T12:00:00Z,0.0,-67.802086,-67.28125,NaN
2020-03-23T12:00:00Z,0.0,-67.802086,-67.28125,NaN
2020-03-24T12:00:00Z,0.0,-67.802086,-67.28125,NaN
2020-03-25T12:00:00Z,0.0,-67.802086,-67.28125,NaN
2020-03-26T12:00:00Z,0.0,-67.802086,-67.28125,NaN
2020-03-27T12:00:00Z,0.0,-67.802086,-67.28125,NaN
2020-03-28T12:00:00Z,0.0,-67.802086,-67.28125,NaN
2020-03-29T12:00:00Z,0.0,-67.802086,-67.28125,NaN
2020-03-30T12:00:00Z,0.0,-67.802086,-67.28125,NaN
2020-03-31T12:00:00Z,0.0,-67.802086,-67.28125,NaN
2020-04-01T12:00:00Z,0.0,-67.802086,-67.28125,NaN
2020-04-02T12:00:00Z,0.0,-67.802086,-67.28125,NaN
2020-04-03T12:00:00Z,0.0,-67.802086,-67.28125,NaN
2020-04-04T12:00:00Z,0.0,-67.802086,-67.28125,NaN
2020-04-05T12:00:00Z,0.0,-67.802086,-67.28125,NaN
2020-04-06T12:00:00Z,0.0,-67.802086,-67.28125,NaN
2020-04-07T12:00:00Z,0.0,-67.802086,-67.28125,NaN
2020-04-08T12:00:00Z,0.0,-67.802086,-67.28125,NaN
2020-04-09T12:00:00Z,0.0,-67.802086,-67.28125,NaN
2020-04-10T12:00:00Z,0.0,-67.802086,-67.28125,NaN
2020-04-11T12:00:00Z,0.0,-67.802086,-67.28125,NaN
2020-04-12T12:00:00Z,0.0,-67.802086,-67.28125,NaN
2020-04-13T12:00:00Z,0.0,-67.802086,-67.28125,NaN
2020-04-14T12:00:00Z,0.0,-67.802086,-67.28125,NaN
2020-04-15T12:00:00Z,0.0,-67.802086,-67.28125,NaN
2020-04-16T12:00:00Z,0.0,-67.802086,-67.28125,NaN
2020-04-17T12:00:00Z,0.0,-67.802086,-67.28125,NaN
2020-04-18T12:00:00Z,0.0,-67.802086,-67.28125,NaN
2020-04-19T12:00:00Z,0.0,-67.802086,-67.28125,NaN
2020-04-20T12:00:00Z,0.0,-67.802086,-67.28125,NaN
2020-04-21T12:00:00Z,0.0,-67.802086,-67.28125,NaN
2020-04-22T12:00:00Z,0.0,-67.802086,-67.28125,NaN
2020-04-23T12:00:00Z,0.0,-67.802086,-67.28125,NaN
2020-04-24T12:00:00Z,0.0,-67.802086,-67.28125,NaN
2020-04-25T12:00:00Z,0.0,-67.802086,-67.28125,NaN
2020-04-26T12:00:00Z,0.0,-67.802086,-67.28125,NaN
2020-04-27T12:00:00Z,0.0,-67.802086,-67.28125,NaN
2020-04-28T12:00:00Z,0.0,-67.802086,-67.28125,NaN
2020-04-29T12:00:00Z,0.0,-67.802086,-67.28125,NaN
2020-04-30T12:00:00Z,0.0,-67.802086,-67.28125,NaN
2020-05-01T12:00:00Z,0.0,-67.802086,-67.28125,NaN
2020-05-02T12:00:00Z,0.0,-67.802086,-67.28125,NaN
2020-05-03T12:00:00Z,0.0,-67.802086,-67.28125,NaN
2020-05-04T12:00:00Z,0.0,-67.802086,-67.28125,NaN
2020-05-05T12:00:00Z,0.0,-67.802086,-67.28125,NaN
2020-05-06T12:00:00Z,0.0,-67.802086,-67.28125,NaN
2020-05-07T12:00:00Z,0.0,-67.802086,-67.28125,NaN
2020-05-08T12:00:00Z,0.0,-67.802086,-67.28125,NaN
2020-05-09T12:00:00Z,0.0,-67.802086,-67.28125,NaN
2020-05-10T12:00:00Z,0.0,-67.802086,-67.28125,NaN
2020-05-11T12:00:00Z,0.0,-67.802086,-67.28125,NaN
2020-05-12T12:00:00Z,0.0,-67.802086,-67.28125,NaN
2020-05-13T12:00:00Z,0.0,-67.802086,-67.28125,NaN
2020-05-14T12:00:00Z,0.0,-67.802086,-67.28125,NaN
2020-05-15T12:00:00Z,0.0,-67.802086,-67.28125,NaN
2020-05-16T12:00:00Z,0.0,-67.802086,-67.28125,NaN
2020-05-17T12:00:00Z,0.0,-67.802086,-67.28125,NaN
2020-05-18T12:00:00Z,0.0,-67.802086,-67.28125,NaN
2020-05-19T12:00:00Z,0.0,-67.802086,-67.28125,NaN
2020-05-20T12:00:00Z,0.0,-67.802086,-67.28125,NaN
2020-05-21T12:00:00Z,0.0,-67.802086,-67.28125,NaN
2020-05-22T12:00:00Z,0.0,-67.802086,-67.28125,NaN
2020-05-23T12:00:00Z,0.0,-67.802086,-67.28125,NaN
2020-05-24T12:00:00Z,0.0,-67.802086,-67.28125,NaN
2020-05-25T12:00:00Z,0.0,-67.802086,-67.28125,NaN
2020-05-26T12:00:00Z,0.0,-67.802086,-67.28125,NaN
2020-05-27T12:00:00Z,0.0,-67.802086,-67.28125,NaN
2020-05-28T12:00:00Z,0.0,-67.802086,-67.28125,NaN
2020-05-29T12:00:00Z,0.0,-67.802086,-67.28125,NaN
2020-05-30T12:00:00Z,0.0,-67.802086,-67.28125,NaN
2020-05-31T12:00:00Z,0.0,-67.802086,-67.28125,NaN
2020-06-01T12:00:00Z,0.0,-67.802086,-67.28125,NaN
2020-06-02T12:00:00Z,0.0,-67.802086,-67.28125,NaN
2020-06-03T12:00:00Z,0.0,-67.802086,-67.28125,NaN
2020-06-04T12:00:00Z,0.0,-67.802086,-67.28125,NaN
2020-06-05T12:00:00Z,0.0,-67.802086,-67.28125,NaN
2020-06-06T12:00:00Z,0.0,-67.802086,-67.28125,NaN
2020-06-07T12:00:00Z,0.0,-67.802086,-67.28125,NaN
2020-06-08T12:00:00Z,0.0,-67.802086,-67.28125,NaN
2020-06-09T12:00:00Z,0.0,-67.802086,-67.28125,NaN
2020-06-10T12:00:00Z,0.0,-67.802086,-67.28125,NaN
2020-06-11T12:00:00Z,0.0,-67.802086,-67.28125,NaN
2020-06-12T12:00:00Z,0.0,-67.802086,-67.28125,NaN
2020-06-13T12:00:00Z,0.0,-67.802086,-67.28125,NaN
2020-06-14T12:00:00Z,0.0,-67.802086,-67.28125,NaN
2020-06-15T12:00:00Z,0.0,-67.802086,-67.28125,NaN
2020-06-16T12:00:00Z,0.0,-67.802086,-67.28125,NaN
2020-06-17T12:00:00Z,0.0,-67.802086,-67.28125,NaN
2020-06-18T12:00:00Z,0.0,-67.802086,-67.28125,NaN
2020-06-19T12:00:00Z,0.0,-67.802086,-67.28125,NaN
2020-06-20T12:00:00Z,0.0,-67.802086,-67.28125,NaN
2020-06-21T12:00:00Z,0.0,-67.802086,-67.28125,NaN
2020-06-22T12:00:00Z,0.0,-67.802086,-67.28125,NaN
2020-06-23T12:00:00Z,0.0,-67.802086,-67.28125,NaN
2020-06-24T12:00:00Z,0.0,-67.802086,-67.28125,NaN
2020-06-25T12:00:00Z,0.0,-67.802086,-67.28125,NaN
2020-06-26T12:00:00Z,0.0,-67.802086,-67.28125,NaN
2020-06-27T12:00:00Z,0.0,-67.802086,-67.28125,NaN
2020-06-28T12:00:00Z,0.0,-67.802086,-67.28125,NaN
2020-06-29T12:00:00Z,0.0,-67.802086,-67.28125,NaN
2020-06-30T12:00:00Z,0.0,-67.802086,-67.28125,NaN
2020-07-01T12:00:00Z,0.0,-67.802086,-67.28125,NaN
2020-07-02T12:00:00Z,0.0,-67.802086,-67.28125,NaN
2020-07-03T12:00:00Z,0.0,-67.802086,-67.28125,NaN
2020-07-04T12:00:00Z,0.0,-67.802086,-67.28125,NaN
2020-07-05T12:00:00Z,0.0,-67.802086,-67.28125,NaN
2020-07-06T12:00:00Z,0.0,-67.802086,-67.28125,NaN
2020-07-07T12:00:00Z,0.0,-67.802086,-67.28125,NaN
2020-07-08T12:00:00Z,0.0,-67.802086,-67.28125,NaN
2020-07-09T12:00:00Z,0.0,-67.802086,-67.28125,NaN
2020-07-10T12:00:00Z,0.0,-67.802086,-67.28125,NaN
2020-07-11T12:00:00Z,0.0,-67.802086,-67.28125,NaN
2020-07-12T12:00:00Z,0.0,-67.802086,-67.28125,NaN
2020-07-13T12:00:00Z,0.0,-67.802086,-67.28125,NaN
2020-07-14T12:00:00Z,0.0,-67.802086,-67.28125,NaN
2020-07-15T12:00:00Z,0.0,-67.802086,-67.28125,NaN
2020-07-16T12:00:00Z,0.0,-67.802086,-67.28125,NaN
2020-07-17T12:00:00Z,0.0,-67.802086,-67.28125,NaN
2020-07-18T12:00:00Z,0.0,-67.802086,-67.28125,NaN
2020-07-19T12:00:00Z,0.0,-67.802086,-67.28125,NaN
2020-07-20T12:00:00Z,0.0,-67.802086,-67.28125,NaN
2020-07-21T12:00:00Z,0.0,-67.802086,-67.28125,NaN
2020-07-22T12:00:00Z,0.0,-67.802086,-67.28125,NaN
2020-07-23T12:00:00Z,0.0,-67.802086,-67.28125,NaN
2020-07-24T12:00:00Z,0.0,-67.802086,-67.28125,NaN
2020-07-25T12:00:00Z,0.0,-67.802086,-67.28125,NaN
2020-07-26T12:00:00Z,0.0,-67.802086,-67.28125,NaN
2020-07-27T12:00:00Z,0.0,-67.802086,-67.28125,NaN
2020-07-28T12:00:00Z,0.0,-67.802086,-67.28125,NaN
2020-07-29T12:00:00Z,0.0,-67.802086,-67.28125,NaN
2020-07-30T12:00:00Z,0.0,-67.802086,-67.28125,NaN
2020-07-31T12:00:00Z,0.0,-67.802086,-67.28125,NaN
2020-08-01T12:00:00Z,0.0,-67.802086,-67.28125,NaN
2020-08-02T12:00:00Z,0.0,-67.802086,-67.28125,NaN
2020-08-03T12:00:00Z,0.0,-67.802086,-67.28125,NaN
2020-08-04T12:00:00Z,0.0,-67.802086,-67.28125,NaN
2020-08-05T12:00:00Z,0.0,-67.802086,-67.28125,NaN
2020-08-06T12:00:00Z,0.0,-67.802086,-67.28125,NaN
2020-08-07T12:00:00Z,0.0,-67.802086,-67.28125,NaN
2020-08-08T12:00:00Z,0.0,-67.802086,-67.28125,NaN
2020-08-09T12:00:00Z,0.0,-67.802086,-67.28125,NaN
2020-08-10T12:00:00Z,0.0,-67.802086,-67.28125,NaN
2020-08-11T12:00:00Z,0.0,-67.802086,-67.28125,NaN
2020-08-12T12:00:00Z,0.0,-67.802086,-67.28125,NaN
2020-08-13T12:00:00Z,0.0,-67.802086,-67.28125,NaN
2020-08-14T12:00:00Z,0.0,-67.802086,-67.28125,NaN
2020-08-15T12:00:00Z,0.0,-67.802086,-67.28125,NaN
2020-08-16T12:00:00Z,0.0,-67.802086,-67.28125,NaN
2020-08-17T12:00:00Z,0.0,-67.802086,-67.28125,NaN
2020-08-18T12:00:00Z,0.0,-67.802086,-67.28125,NaN
2020-08-19T12:00:00Z,0.0,-67.802086,-67.28125,NaN
2020-08-20T12:00:00Z,0.0,-67.802086,-67.28125,NaN
2020-08-21T12:00:00Z,0.0,-67.802086,-67.28125,NaN
2020-08-22T12:00:00Z,0.0,-67.802086,-67.28125,NaN
2020-08-23T12:00:00Z,0.0,-67.802086,-67.28125,NaN
2020-08-24T12:00:00Z,0.0,-67.802086,-67.28125,NaN
2020-08-25T12:00:00Z,0.0,-67.802086,-67.28125,NaN
2020-08-26T12:00:00Z,0.0,-67.802086,-67.28125,NaN
2020-08-27T12:00:00Z,0.0,-67.802086,-67.28125,NaN
2020-08-28T12:00:00Z,0.0,-67.802086,-67.28125,NaN
2020-08-29T12:00:00Z,0.0,-67.802086,-67.28125,NaN
2020-08-30T12:00:00Z,0.0,-67.802086,-67.28125,NaN
2020-08-31T12:00:00Z,0.0,-67.802086,-67.28125,NaN
2020-09-01T12:00:00Z,0.0,-67.802086,-67.28125,NaN
2020-09-02T12:00:00Z,0.0,-67.802086,-67.28125,NaN
2020-09-03T12:00:00Z,0.0,-67.802086,-67.28125,NaN
2020-09-04T12:00:00Z,0.0,-67.802086,-67.28125,NaN
2020-09-05T12:00:00Z,0.0,-67.802086,-67.28125,NaN
2020-09-06T12:00:00Z,0.0,-67.802086,-67.28125,NaN
2020-09-07T12:00:00Z,0.0,-67.802086,-67.28125,NaN
2020-09-08T12:00:00Z,0.0,-67.802086,-67.28125,NaN
2020-09-09T12:00:00Z,0.0,-67.802086,-67.28125,NaN
2020-09-10T12:00:00Z,0.0,-67.802086,-67.28125,NaN
2020-09-11T12:00:00Z,0.0,-67.802086,-67.28125,NaN
2020-09-12T12:00:00Z,0.0,-67.802086,-67.28125,NaN
2020-09-13T12:00:00Z,0.0,-67.802086,-67.28125,NaN
2020-09-14T12:00:00Z,0.0,-67.802086,-67.28125,NaN
2020-09-15T12:00:00Z,0.0,-67.802086,-67.28125,NaN
2020-09-16T12:00:00Z,0.0,-67.802086,-67.28125,NaN
2020-09-17T12:00:00Z,0.0,-67.802086,-67.28125,NaN
2020-09-18T12:00:00Z,0.0,-67.802086,-67.28125,NaN
2020-09-19T12:00:00Z,0.0,-67.802086,-67.28125,NaN
2020-09-20T12:00:00Z,0.0,-67.802086,-67.28125,NaN
2020-09-21T12:00:00Z,0.0,-67.802086,-67.28125,NaN
2020-09-22T12:00:00Z,0.0,-67.802086,-67.28125,NaN
2020-09-23T12:00:00Z,0.0,-67.802086,-67.28125,NaN
2020-09-24T12:00:00Z,0.0,-67.802086,-67.28125,NaN
2020-09-25T12:00:00Z,0.0,-67.802086,-67.28125,NaN
2020-09-26T12:00:00Z,0.0,-67.802086,-67.28125,NaN
2020-09-27T12:00:00Z,0.0,-67.802086,-67.28125,NaN
2020-09-28T12:00:00Z,0.0,-67.802086,-67.28125,NaN
2020-09-29T12:00:00Z,0.0,-67.802086,-67.28125,NaN
2020-09-30T12:00:00Z,0.0,-67.802086,-67.28125,NaN
2020-10-01T12:00:00Z,0.0,-67.802086,-67.28125,NaN
2020-10-02T12:00:00Z,0.0,-67.802086,-67.28125,NaN
2020-10-03T12:00:00Z,0.0,-67.802086,-67.28125,NaN
2020-10-04T12:00:00Z,0.0,-67.802086,-67.28125,NaN
2020-10-05T12:00:00Z,0.0,-67.802086,-67.28125,NaN
2020-10-06T12:00:00Z,0.0,-67.802086,-67.28125,NaN
2020-10-07T12:00:00Z,0.0,-67.802086,-67.28125,NaN
2020-10-08T12:00:00Z,0.0,-67.802086,-67.28125,NaN
2020-10-09T12:00:00Z,0.0,-67.802086,-67.28125,NaN
2020-10-10T12:00:00Z,0.0,-67.802086,-67.28125,NaN
2020-10-11T12:00:00Z,0.0,-67.802086,-67.28125,NaN
2020-10-12T12:00:00Z,0.0,-67.802086,-67.28125,NaN
2020-10-13T12:00:00Z,0.0,-67.802086,-67.28125,NaN
2020-10-14T12:00:00Z,0.0,-67.802086,-67.28125,NaN
2020-10-15T12:00:00Z,0.0,-67.802086,-67.28125,NaN
2020-10-16T12:00:00Z,0.0,-67.802086,-67.28125,NaN
2020-10-17T12:00:00Z,0.0,-67.802086,-67.28125,NaN
2020-10-18T12:00:00Z,0.0,-67.802086,-67.28125,NaN
2020-10-19T12:00:00Z,0.0,-67.802086,-67.28125,NaN
2020-10-20T12:00:00Z,0.0,-67.802086,-67.28125,NaN
2020-10-21T12:00:00Z,0.0,-67.802086,-67.28125,NaN
2020-10-22T12:00:00Z,0.0,-67.802086,-67.28125,NaN
2020-10-23T12:00:00Z,0.0,-67.802086,-67.28125,NaN
2020-10-24T12:00:00Z,0.0,-67.802086,-67.28125,NaN
2020-10-25T12:00:00Z,0.0,-67.802086,-67.28125,NaN
2020-10-26T12:00:00Z,0.0,-67.802086,-67.28125,NaN
2020-10-27T12:00:00Z,0.0,-67.802086,-67.28125,NaN
2020-10-28T12:00:00Z,0.0,-67.802086,-67.28125,NaN
2020-10-29T12:00:00Z,0.0,-67.802086,-67.28125,NaN
2020-10-30T12:00:00Z,0.0,-67.802086,-67.28125,NaN
2020-10-31T12:00:00Z,0.0,-67.802086,-67.28125,NaN
2020-11-01T12:00:00Z,0.0,-67.802086,-67.28125,NaN
2020-11-02T12:00:00Z,0.0,-67.802086,-67.28125,0.1682975
2020-11-03T12:00:00Z,0.0,-67.802086,-67.28125,0.271329
2020-11-04T12:00:00Z,0.0,-67.802086,-67.28125,0.2967866
2020-11-05T12:00:00Z,0.0,-67.802086,-67.28125,0.04291771
2020-11-06T12:00:00Z,0.0,-67.802086,-67.28125,0.05527104
2020-11-07T12:00:00Z,0.0,-67.802086,-67.28125,0.028167928
2020-11-08T12:00:00Z,0.0,-67.802086,-67.28125,0.032171264
2020-11-09T12:00:00Z,0.0,-67.802086,-67.28125,0.04287344
2020-11-10T12:00:00Z,0.0,-67.802086,-67.28125,0.028576633
2020-11-11T12:00:00Z,0.0,-67.802086,-67.28125,0.03568134
2020-11-12T12:00:00Z,0.0,-67.802086,-67.28125,0.04537778
2020-11-13T12:00:00Z,0.0,-67.802086,-67.28125,0.036091797
2020-11-14T12:00:00Z,0.0,-67.802086,-67.28125,0.042100355
2020-11-15T12:00:00Z,0.0,-67.802086,-67.28125,0.050866533
2020-11-16T12:00:00Z,0.0,-67.802086,-67.28125,0.05490311
2020-11-17T12:00:00Z,0.0,-67.802086,-67.28125,0.059043054
2020-11-18T12:00:00Z,0.0,-67.802086,-67.28125,0.05865208
2020-11-19T12:00:00Z,0.0,-67.802086,-67.28125,0.070663214
2020-11-20T12:00:00Z,0.0,-67.802086,-67.28125,0.052711938
2020-11-21T12:00:00Z,0.0,-67.802086,-67.28125,0.046989087
2020-11-22T12:00:00Z,0.0,-67.802086,-67.28125,0.057340976
2020-11-23T12:00:00Z,0.0,-67.802086,-67.28125,0.046116248
2020-11-24T12:00:00Z,0.0,-67.802086,-67.28125,0.13712668
2020-11-25T12:00:00Z,0.0,-67.802086,-67.28125,0.07214176
2020-11-26T12:00:00Z,0.0,-67.802086,-67.28125,0.46083525
2020-11-27T12:00:00Z,0.0,-67.802086,-67.28125,0.12985504
2020-11-28T12:00:00Z,0.0,-67.802086,-67.28125,0.09255776
2020-11-29T12:00:00Z,0.0,-67.802086,-67.28125,0.09467589
2020-11-30T12:00:00Z,0.0,-67.802086,-67.28125,0.10869882
2020-12-01T12:00:00Z,0.0,-67.802086,-67.28125,0.0984597
2020-12-02T12:00:00Z,0.0,-67.802086,-67.28125,0.1473529
2020-12-03T12:00:00Z,0.0,-67.802086,-67.28125,0.15797627
2020-12-04T12:00:00Z,0.0,-67.802086,-67.28125,0.18487777
2020-12-05T12:00:00Z,0.0,-67.802086,-67.28125,0.16298288
2020-12-06T12:00:00Z,0.0,-67.802086,-67.28125,0.18414032
2020-12-07T12:00:00Z,0.0,-67.802086,-67.28125,0.22442436
2020-12-08T12:00:00Z,0.0,-67.802086,-67.28125,0.29277647
2020-12-09T12:00:00Z,0.0,-67.802086,-67.28125,0.25875527
2020-12-10T12:00:00Z,0.0,-67.802086,-67.28125,0.2835372
2020-12-11T12:00:00Z,0.0,-67.802086,-67.28125,0.3941346
2020-12-12T12:00:00Z,0.0,-67.802086,-67.28125,0.29109278
2020-12-13T12:00:00Z,0.0,-67.802086,-67.28125,0.2925871
2020-12-14T12:00:00Z,0.0,-67.802086,-67.28125,0.26502654
2020-12-15T12:00:00Z,0.0,-67.802086,-67.28125,0.26499003
2020-12-16T12:00:00Z,0.0,-67.802086,-67.28125,0.29437217
2020-12-17T12:00:00Z,0.0,-67.802086,-67.28125,0.28116724
2020-12-18T12:00:00Z,0.0,-67.802086,-67.28125,0.2707355
2020-12-19T12:00:00Z,0.0,-67.802086,-67.28125,0.29872388
2020-12-20T12:00:00Z,0.0,-67.802086,-67.28125,0.32012054
2020-12-21T12:00:00Z,0.0,-67.802086,-67.28125,0.34248236
2020-12-22T12:00:00Z,0.0,-67.802086,-67.28125,0.3083788
2020-12-23T12:00:00Z,0.0,-67.802086,-67.28125,0.32032016
2020-12-24T12:00:00Z,0.0,-67.802086,-67.28125,0.3771214
2020-12-25T12:00:00Z,0.0,-67.802086,-67.28125,0.39086178
2020-12-26T12:00:00Z,0.0,-67.802086,-67.28125,0.41998827
2020-12-27T12:00:00Z,0.0,-67.802086,-67.28125,0.30833295
2020-12-28T12:00:00Z,0.0,-67.802086,-67.28125,0.24593714
2020-12-29T12:00:00Z,0.0,-67.802086,-67.28125,0.24530637
2020-12-30T12:00:00Z,0.0,-67.802086,-67.28125,0.24667786
2020-12-31T12:00:00Z,0.0,-67.802086,-67.28125,0.35349235
2021-01-01T12:00:00Z,0.0,-67.802086,-67.28125,0.3436889
2021-01-02T12:00:00Z,0.0,-67.802086,-67.28125,0.37307322
2021-01-03T12:00:00Z,0.0,-67.802086,-67.28125,0.41723853
2021-01-04T12:00:00Z,0.0,-67.802086,-67.28125,0.42142472
2021-01-05T12:00:00Z,0.0,-67.802086,-67.28125,0.42954227
2021-01-06T12:00:00Z,0.0,-67.802086,-67.28125,0.4193962
2021-01-07T12:00:00Z,0.0,-67.802086,-67.28125,0.4420717
2021-01-08T12:00:00Z,0.0,-67.802086,-67.28125,0.4608431
2021-01-09T12:00:00Z,0.0,-67.802086,-67.28125,0.6970251
2021-01-10T12:00:00Z,0.0,-67.802086,-67.28125,0.9138043
2021-01-11T12:00:00Z,0.0,-67.802086,-67.28125,1.053849
2021-01-12T12:00:00Z,0.0,-67.802086,-67.28125,0.99548554
2021-01-13T12:00:00Z,0.0,-67.802086,-67.28125,1.0610236
2021-01-14T12:00:00Z,0.0,-67.802086,-67.28125,1.3035272
2021-01-15T12:00:00Z,0.0,-67.802086,-67.28125,1.2876321
2021-01-16T12:00:00Z,0.0,-67.802086,-67.28125,1.8456782
2021-01-17T12:00:00Z,0.0,-67.802086,-67.28125,2.0194404
2021-01-18T12:00:00Z,0.0,-67.802086,-67.28125,2.3444173
2021-01-19T12:00:00Z,0.0,-67.802086,-67.28125,2.0142148
2021-01-20T12:00:00Z,0.0,-67.802086,-67.28125,2.3980663
2021-01-21T12:00:00Z,0.0,-67.802086,-67.28125,2.5866466
2021-01-22T12:00:00Z,0.0,-67.802086,-67.28125,2.7794065
2021-01-23T12:00:00Z,0.0,-67.802086,-67.28125,1.7647487
2021-01-24T12:00:00Z,0.0,-67.802086,-67.28125,1.6840852
2021-01-25T12:00:00Z,0.0,-67.802086,-67.28125,1.3831117
2021-01-26T12:00:00Z,0.0,-67.802086,-67.28125,1.4217936
2021-01-27T12:00:00Z,0.0,-67.802086,-67.28125,1.3713115
2021-01-28T12:00:00Z,0.0,-67.802086,-67.28125,1.1782541
2021-01-29T12:00:00Z,0.0,-67.802086,-67.28125,1.1796744
2021-01-30T12:00:00Z,0.0,-67.802086,-67.28125,1.1431991
2021-01-31T12:00:00Z,0.0,-67.802086,-67.28125,1.3881918
2021-02-01T12:00:00Z,0.0,-67.802086,-67.28125,1.1611501
2021-02-02T12:00:00Z,0.0,-67.802086,-67.28125,0.9458721
2021-02-03T12:00:00Z,0.0,-67.802086,-67.28125,0.8602036
2021-02-04T12:00:00Z,0.0,-67.802086,-67.28125,0.80890346
2021-02-05T12:00:00Z,0.0,-67.802086,-67.28125,0.7084201
2021-02-06T12:00:00Z,0.0,-67.802086,-67.28125,0.6615204
2021-02-07T12:00:00Z,0.0,-67.802086,-67.28125,0.59405106
2021-02-08T12:00:00Z,0.0,-67.802086,-67.28125,0.560733
2021-02-09T12:00:00Z,0.0,-67.802086,-67.28125,0.5123971
2021-02-10T12:00:00Z,0.0,-67.802086,-67.28125,0.5134245
2021-02-11T12:00:00Z,0.0,-67.802086,-67.28125,0.6150583
2021-02-12T12:00:00Z,0.0,-67.802086,-67.28125,0.49011052
2021-02-13T12:00:00Z,0.0,-67.802086,-67.28125,0.68390524
2021-02-14T12:00:00Z,0.0,-67.802086,-67.28125,0.5732998
2021-02-15T12:00:00Z,0.0,-67.802086,-67.28125,0.5487455
2021-02-16T12:00:00Z,0.0,-67.802086,-67.28125,0.52663547
2021-02-17T12:00:00Z,0.0,-67.802086,-67.28125,0.5956443
2021-02-18T12:00:00Z,0.0,-67.802086,-67.28125,0.5536166
2021-02-19T12:00:00Z,0.0,-67.802086,-67.28125,0.4356451
2021-02-20T12:00:00Z,0.0,-67.802086,-67.28125,0.41897556
2021-02-21T12:00:00Z,0.0,-67.802086,-67.28125,0.39604148
2021-02-22T12:00:00Z,0.0,-67.802086,-67.28125,0.40248784
2021-02-23T12:00:00Z,0.0,-67.802086,-67.28125,0.42063844
2021-02-24T12:00:00Z,0.0,-67.802086,-67.28125,0.42051506
2021-02-25T12:00:00Z,0.0,-67.802086,-67.28125,0.536586
2021-02-26T12:00:00Z,0.0,-67.802086,-67.28125,0.4882308
2021-02-27T12:00:00Z,0.0,-67.802086,-67.28125,0.55637985
2021-02-28T12:00:00Z,0.0,-67.802086,-67.28125,0.47968858
2021-03-01T12:00:00Z,0.0,-67.802086,-67.28125,NaN
2021-03-02T12:00:00Z,0.0,-67.802086,-67.28125,NaN
2021-03-03T12:00:00Z,0.0,-67.802086,-67.28125,NaN
2021-03-04T12:00:00Z,0.0,-67.802086,-67.28125,NaN
2021-03-05T12:00:00Z,0.0,-67.802086,-67.28125,NaN
2021-03-06T12:00:00Z,0.0,-67.802086,-67.28125,NaN
2021-03-07T12:00:00Z,0.0,-67.802086,-67.28125,NaN
2021-03-08T12:00:00Z,0.0,-67.802086,-67.28125,NaN
2021-03-09T12:00:00Z,0.0,-67.802086,-67.28125,NaN
2021-03-10T12:00:00Z,0.0,-67.802086,-67.28125,NaN
2021-03-11T12:00:00Z,0.0,-67.802086,-67.28125,NaN
2021-03-12T12:00:00Z,0.0,-67.802086,-67.28125,NaN
2021-03-13T12:00:00Z,0.0,-67.802086,-67.28125,NaN
2021-03-14T12:00:00Z,0.0,-67.802086,-67.28125,NaN
2021-03-15T12:00:00Z,0.0,-67.802086,-67.28125,NaN
2021-03-16T12:00:00Z,0.0,-67.802086,-67.28125,NaN
2021-03-17T12:00:00Z,0.0,-67.802086,-67.28125,NaN
2021-03-18T12:00:00Z,0.0,-67.802086,-67.28125,NaN
2021-03-19T12:00:00Z,0.0,-67.802086,-67.28125,NaN
2021-03-20T12:00:00Z,0.0,-67.802086,-67.28125,NaN
2021-03-21T12:00:00Z,0.0,-67.802086,-67.28125,NaN
2021-03-22T12:00:00Z,0.0,-67.802086,-67.28125,NaN
2021-03-23T12:00:00Z,0.0,-67.802086,-67.28125,NaN
2021-03-24T12:00:00Z,0.0,-67.802086,-67.28125,NaN
2021-03-25T12:00:00Z,0.0,-67.802086,-67.28125,NaN
2021-03-26T12:00:00Z,0.0,-67.802086,-67.28125,NaN
2021-03-27T12:00:00Z,0.0,-67.802086,-67.28125,NaN
2021-03-28T12:00:00Z,0.0,-67.802086,-67.28125,NaN
2021-03-29T12:00:00Z,0.0,-67.802086,-67.28125,NaN
2021-03-30T12:00:00Z,0.0,-67.802086,-67.28125,NaN
2021-03-31T12:00:00Z,0.0,-67.802086,-67.28125,NaN
2021-04-01T12:00:00Z,0.0,-67.802086,-67.28125,NaN
2021-04-02T12:00:00Z,0.0,-67.802086,-67.28125,NaN
2021-04-03T12:00:00Z,0.0,-67.802086,-67.28125,NaN
2021-04-04T12:00:00Z,0.0,-67.802086,-67.28125,NaN
2021-04-05T12:00:00Z,0.0,-67.802086,-67.28125,NaN
2021-04-06T12:00:00Z,0.0,-67.802086,-67.28125,NaN
2021-04-07T12:00:00Z,0.0,-67.802086,-67.28125,NaN
2021-04-08T12:00:00Z,0.0,-67.802086,-67.28125,NaN
2021-04-09T12:00:00Z,0.0,-67.802086,-67.28125,NaN
2021-04-10T12:00:00Z,0.0,-67.802086,-67.28125,NaN
2021-04-11T12:00:00Z,0.0,-67.802086,-67.28125,NaN
2021-04-12T12:00:00Z,0.0,-67.802086,-67.28125,NaN
2021-04-13T12:00:00Z,0.0,-67.802086,-67.28125,NaN
2021-04-14T12:00:00Z,0.0,-67.802086,-67.28125,NaN
2021-04-15T12:00:00Z,0.0,-67.802086,-67.28125,NaN
2021-04-16T12:00:00Z,0.0,-67.802086,-67.28125,NaN
2021-04-17T12:00:00Z,0.0,-67.802086,-67.28125,NaN
2021-04-18T12:00:00Z,0.0,-67.802086,-67.28125,NaN
2021-04-19T12:00:00Z,0.0,-67.802086,-67.28125,NaN
2021-04-20T12:00:00Z,0.0,-67.802086,-67.28125,NaN
2021-04-21T12:00:00Z,0.0,-67.802086,-67.28125,NaN
2021-04-22T12:00:00Z,0.0,-67.802086,-67.28125,NaN
2021-04-23T12:00:00Z,0.0,-67.802086,-67.28125,NaN
2021-04-24T12:00:00Z,0.0,-67.802086,-67.28125,NaN
2021-04-25T12:00:00Z,0.0,-67.802086,-67.28125,NaN
2021-04-26T12:00:00Z,0.0,-67.802086,-67.28125,NaN
2021-04-27T12:00:00Z,0.0,-67.802086,-67.28125,NaN
2021-04-28T12:00:00Z,0.0,-67.802086,-67.28125,NaN
2021-04-29T12:00:00Z,0.0,-67.802086,-67.28125,NaN
2021-04-30T12:00:00Z,0.0,-67.802086,-67.28125,NaN
2021-05-01T12:00:00Z,0.0,-67.802086,-67.28125,NaN
2021-05-02T12:00:00Z,0.0,-67.802086,-67.28125,NaN
2021-05-03T12:00:00Z,0.0,-67.802086,-67.28125,NaN
2021-05-04T12:00:00Z,0.0,-67.802086,-67.28125,NaN
2021-05-05T12:00:00Z,0.0,-67.802086,-67.28125,NaN
2021-05-06T12:00:00Z,0.0,-67.802086,-67.28125,NaN
2021-05-07T12:00:00Z,0.0,-67.802086,-67.28125,NaN
2021-05-08T12:00:00Z,0.0,-67.802086,-67.28125,NaN
2021-05-09T12:00:00Z,0.0,-67.802086,-67.28125,NaN
2021-05-10T12:00:00Z,0.0,-67.802086,-67.28125,NaN
2021-05-11T12:00:00Z,0.0,-67.802086,-67.28125,NaN
2021-05-12T12:00:00Z,0.0,-67.802086,-67.28125,NaN
2021-05-13T12:00:00Z,0.0,-67.802086,-67.28125,NaN
2021-05-14T12:00:00Z,0.0,-67.802086,-67.28125,NaN
2021-05-15T12:00:00Z,0.0,-67.802086,-67.28125,NaN
2021-05-16T12:00:00Z,0.0,-67.802086,-67.28125,NaN
2021-05-17T12:00:00Z,0.0,-67.802086,-67.28125,NaN
2021-05-18T12:00:00Z,0.0,-67.802086,-67.28125,NaN
2021-05-19T12:00:00Z,0.0,-67.802086,-67.28125,NaN
2021-05-20T12:00:00Z,0.0,-67.802086,-67.28125,NaN
2021-05-21T12:00:00Z,0.0,-67.802086,-67.28125,NaN
2021-05-22T12:00:00Z,0.0,-67.802086,-67.28125,NaN
2021-05-23T12:00:00Z,0.0,-67.802086,-67.28125,NaN
2021-05-24T12:00:00Z,0.0,-67.802086,-67.28125,NaN
2021-05-25T12:00:00Z,0.0,-67.802086,-67.28125,NaN
2021-05-26T12:00:00Z,0.0,-67.802086,-67.28125,NaN
2021-05-27T12:00:00Z,0.0,-67.802086,-67.28125,NaN
2021-05-28T12:00:00Z,0.0,-67.802086,-67.28125,NaN
2021-05-29T12:00:00Z,0.0,-67.802086,-67.28125,NaN
2021-05-30T12:00:00Z,0.0,-67.802086,-67.28125,NaN
2021-05-31T12:00:00Z,0.0,-67.802086,-67.28125,NaN
2021-06-01T12:00:00Z,0.0,-67.802086,-67.28125,NaN
2021-06-02T12:00:00Z,0.0,-67.802086,-67.28125,NaN
2021-06-03T12:00:00Z,0.0,-67.802086,-67.28125,NaN
2021-06-04T12:00:00Z,0.0,-67.802086,-67.28125,NaN
2021-06-05T12:00:00Z,0.0,-67.802086,-67.28125,NaN
2021-06-06T12:00:00Z,0.0,-67.802086,-67.28125,NaN
2021-06-07T12:00:00Z,0.0,-67.802086,-67.28125,NaN
2021-06-08T12:00:00Z,0.0,-67.802086,-67.28125,NaN
2021-06-09T12:00:00Z,0.0,-67.802086,-67.28125,NaN
2021-06-10T12:00:00Z,0.0,-67.802086,-67.28125,NaN
2021-06-11T12:00:00Z,0.0,-67.802086,-67.28125,NaN
2021-06-12T12:00:00Z,0.0,-67.802086,-67.28125,NaN
2021-06-13T12:00:00Z,0.0,-67.802086,-67.28125,NaN
2021-06-14T12:00:00Z,0.0,-67.802086,-67.28125,NaN
2021-06-15T12:00:00Z,0.0,-67.802086,-67.28125,NaN
2021-06-16T12:00:00Z,0.0,-67.802086,-67.28125,NaN
2021-06-17T12:00:00Z,0.0,-67.802086,-67.28125,NaN
2021-06-18T12:00:00Z,0.0,-67.802086,-67.28125,NaN
2021-06-19T12:00:00Z,0.0,-67.802086,-67.28125,NaN
2021-06-20T12:00:00Z,0.0,-67.802086,-67.28125,NaN
2021-06-21T12:00:00Z,0.0,-67.802086,-67.28125,NaN
2021-06-22T12:00:00Z,0.0,-67.802086,-67.28125,NaN
2021-06-23T12:00:00Z,0.0,-67.802086,-67.28125,NaN
2021-06-24T12:00:00Z,0.0,-67.802086,-67.28125,NaN
2021-06-25T12:00:00Z,0.0,-67.802086,-67.28125,NaN
2021-06-26T12:00:00Z,0.0,-67.802086,-67.28125,NaN
2021-06-27T12:00:00Z,0.0,-67.802086,-67.28125,NaN
2021-06-28T12:00:00Z,0.0,-67.802086,-67.28125,NaN
2021-06-29T12:00:00Z,0.0,-67.802086,-67.28125,NaN
2021-06-30T12:00:00Z,0.0,-67.802086,-67.28125,NaN
2021-07-01T12:00:00Z,0.0,-67.802086,-67.28125,NaN
2021-07-02T12:00:00Z,0.0,-67.802086,-67.28125,NaN
2021-07-03T12:00:00Z,0.0,-67.802086,-67.28125,NaN
2021-07-04T12:00:00Z,0.0,-67.802086,-67.28125,NaN
2021-07-05T12:00:00Z,0.0,-67.802086,-67.28125,NaN
2021-07-06T12:00:00Z,0.0,-67.802086,-67.28125,NaN
2021-07-07T12:00:00Z,0.0,-67.802086,-67.28125,NaN
2021-07-08T12:00:00Z,0.0,-67.802086,-67.28125,NaN
2021-07-09T12:00:00Z,0.0,-67.802086,-67.28125,NaN
2021-07-10T12:00:00Z,0.0,-67.802086,-67.28125,NaN
2021-07-11T12:00:00Z,0.0,-67.802086,-67.28125,NaN
2021-07-12T12:00:00Z,0.0,-67.802086,-67.28125,NaN
2021-07-13T12:00:00Z,0.0,-67.802086,-67.28125,NaN
2021-07-14T12:00:00Z,0.0,-67.802086,-67.28125,NaN
2021-07-15T12:00:00Z,0.0,-67.802086,-67.28125,NaN
2021-07-16T12:00:00Z,0.0,-67.802086,-67.28125,NaN
2021-07-17T12:00:00Z,0.0,-67.802086,-67.28125,NaN
2021-07-18T12:00:00Z,0.0,-67.802086,-67.28125,NaN
2021-07-19T12:00:00Z,0.0,-67.802086,-67.28125,NaN
2021-07-20T12:00:00Z,0.0,-67.802086,-67.28125,NaN
2021-07-21T12:00:00Z,0.0,-67.802086,-67.28125,NaN
2021-07-22T12:00:00Z,0.0,-67.802086,-67.28125,NaN
2021-07-23T12:00:00Z,0.0,-67.802086,-67.28125,NaN
2021-07-24T12:00:00Z,0.0,-67.802086,-67.28125,NaN
2021-07-25T12:00:00Z,0.0,-67.802086,-67.28125,NaN
2021-07-26T12:00:00Z,0.0,-67.802086,-67.28125,NaN
2021-07-27T12:00:00Z,0.0,-67.802086,-67.28125,NaN
2021-07-28T12:00:00Z,0.0,-67.802086,-67.28125,NaN
2021-07-29T12:00:00Z,0.0,-67.802086,-67.28125,NaN
2021-07-30T12:00:00Z,0.0,-67.802086,-67.28125,NaN
2021-07-31T12:00:00Z,0.0,-67.802086,-67.28125,NaN
2021-08-01T12:00:00Z,0.0,-67.802086,-67.28125,NaN
2021-08-02T12:00:00Z,0.0,-67.802086,-67.28125,NaN
2021-08-03T12:00:00Z,0.0,-67.802086,-67.28125,NaN
2021-08-04T12:00:00Z,0.0,-67.802086,-67.28125,NaN
2021-08-05T12:00:00Z,0.0,-67.802086,-67.28125,NaN
2021-08-06T12:00:00Z,0.0,-67.802086,-67.28125,NaN
2021-08-07T12:00:00Z,0.0,-67.802086,-67.28125,NaN
2021-08-08T12:00:00Z,0.0,-67.802086,-67.28125,NaN
2021-08-09T12:00:00Z,0.0,-67.802086,-67.28125,NaN
2021-08-10T12:00:00Z,0.0,-67.802086,-67.28125,NaN
2021-08-11T12:00:00Z,0.0,-67.802086,-67.28125,NaN
2021-08-12T12:00:00Z,0.0,-67.802086,-67.28125,NaN
2021-08-13T12:00:00Z,0.0,-67.802086,-67.28125,NaN
2021-08-14T12:00:00Z,0.0,-67.802086,-67.28125,NaN
2021-08-15T12:00:00Z,0.0,-67.802086,-67.28125,NaN
2021-08-16T12:00:00Z,0.0,-67.802086,-67.28125,NaN
2021-08-17T12:00:00Z,0.0,-67.802086,-67.28125,NaN
2021-08-18T12:00:00Z,0.0,-67.802086,-67.28125,NaN
2021-08-19T12:00:00Z,0.0,-67.802086,-67.28125,NaN
2021-08-20T12:00:00Z,0.0,-67.802086,-67.28125,NaN
2021-08-21T12:00:00Z,0.0,-67.802086,-67.28125,NaN
2021-08-22T12:00:00Z,0.0,-67.802086,-67.28125,NaN
2021-08-23T12:00:00Z,0.0,-67.802086,-67.28125,NaN
2021-08-24T12:00:00Z,0.0,-67.802086,-67.28125,NaN
2021-08-25T12:00:00Z,0.0,-67.802086,-67.28125,NaN
2021-08-26T12:00:00Z,0.0,-67.802086,-67.28125,NaN
2021-08-27T12:00:00Z,0.0,-67.802086,-67.28125,NaN
2021-08-28T12:00:00Z,0.0,-67.802086,-67.28125,NaN
2021-08-29T12:00:00Z,0.0,-67.802086,-67.28125,NaN
2021-08-30T12:00:00Z,0.0,-67.802086,-67.28125,NaN
2021-08-31T12:00:00Z,0.0,-67.802086,-67.28125,NaN
2021-09-01T12:00:00Z,0.0,-67.802086,-67.28125,NaN
2021-09-02T12:00:00Z,0.0,-67.802086,-67.28125,NaN
2021-09-03T12:00:00Z,0.0,-67.802086,-67.28125,NaN
2021-09-04T12:00:00Z,0.0,-67.802086,-67.28125,NaN
2021-09-05T12:00:00Z,0.0,-67.802086,-67.28125,NaN
2021-09-06T12:00:00Z,0.0,-67.802086,-67.28125,NaN
2021-09-07T12:00:00Z,0.0,-67.802086,-67.28125,NaN
2021-09-08T12:00:00Z,0.0,-67.802086,-67.28125,NaN
2021-09-09T12:00:00Z,0.0,-67.802086,-67.28125,NaN
2021-09-10T12:00:00Z,0.0,-67.802086,-67.28125,NaN
2021-09-11T12:00:00Z,0.0,-67.802086,-67.28125,NaN
2021-09-12T12:00:00Z,0.0,-67.802086,-67.28125,NaN
2021-09-13T12:00:00Z,0.0,-67.802086,-67.28125,NaN
2021-09-14T12:00:00Z,0.0,-67.802086,-67.28125,NaN
2021-09-15T12:00:00Z,0.0,-67.802086,-67.28125,NaN
2021-09-16T12:00:00Z,0.0,-67.802086,-67.28125,NaN
2021-09-17T12:00:00Z,0.0,-67.802086,-67.28125,NaN
2021-09-18T12:00:00Z,0.0,-67.802086,-67.28125,NaN
2021-09-19T12:00:00Z,0.0,-67.802086,-67.28125,NaN
2021-09-20T12:00:00Z,0.0,-67.802086,-67.28125,NaN
2021-09-21T12:00:00Z,0.0,-67.802086,-67.28125,NaN
2021-09-22T12:00:00Z,0.0,-67.802086,-67.28125,NaN
2021-09-23T12:00:00Z,0.0,-67.802086,-67.28125,NaN
2021-09-24T12:00:00Z,0.0,-67.802086,-67.28125,NaN
2021-09-25T12:00:00Z,0.0,-67.802086,-67.28125,NaN
2021-09-26T12:00:00Z,0.0,-67.802086,-67.28125,NaN
2021-09-27T12:00:00Z,0.0,-67.802086,-67.28125,NaN
2021-09-28T12:00:00Z,0.0,-67.802086,-67.28125,NaN
2021-09-29T12:00:00Z,0.0,-67.802086,-67.28125,NaN
2021-09-30T12:00:00Z,0.0,-67.802086,-67.28125,NaN
2021-10-01T12:00:00Z,0.0,-67.802086,-67.28125,NaN
2021-10-02T12:00:00Z,0.0,-67.802086,-67.28125,NaN
2021-10-03T12:00:00Z,0.0,-67.802086,-67.28125,NaN
2021-10-04T12:00:00Z,0.0,-67.802086,-67.28125,NaN
2021-10-05T12:00:00Z,0.0,-67.802086,-67.28125,NaN
2021-10-06T12:00:00Z,0.0,-67.802086,-67.28125,NaN
2021-10-07T12:00:00Z,0.0,-67.802086,-67.28125,NaN
2021-10-08T12:00:00Z,0.0,-67.802086,-67.28125,NaN
2021-10-09T12:00:00Z,0.0,-67.802086,-67.28125,NaN
2021-10-10T12:00:00Z,0.0,-67.802086,-67.28125,NaN
2021-10-11T12:00:00Z,0.0,-67.802086,-67.28125,NaN
2021-10-12T12:00:00Z,0.0,-67.802086,-67.28125,NaN
2021-10-13T12:00:00Z,0.0,-67.802086,-67.28125,NaN
2021-10-14T12:00:00Z,0.0,-67.802086,-67.28125,NaN
2021-10-15T12:00:00Z,0.0,-67.802086,-67.28125,NaN
2021-10-16T12:00:00Z,0.0,-67.802086,-67.28125,NaN
2021-10-17T12:00:00Z,0.0,-67.802086,-67.28125,NaN
2021-10-18T12:00:00Z,0.0,-67.802086,-67.28125,NaN
2021-10-19T12:00:00Z,0.0,-67.802086,-67.28125,NaN
2021-10-20T12:00:00Z,0.0,-67.802086,-67.28125,NaN
2021-10-21T12:00:00Z,0.0,-67.802086,-67.28125,NaN
2021-10-22T12:00:00Z,0.0,-67.802086,-67.28125,NaN
2021-10-23T12:00:00Z,0.0,-67.802086,-67.28125,NaN
2021-10-24T12:00:00Z,0.0,-67.802086,-67.28125,NaN
2021-10-25T12:00:00Z,0.0,-67.802086,-67.28125,NaN
2021-10-26T12:00:00Z,0.0,-67.802086,-67.28125,NaN
2021-10-27T12:00:00Z,0.0,-67.802086,-67.28125,NaN
2021-10-28T12:00:00Z,0.0,-67.802086,-67.28125,NaN
2021-10-29T12:00:00Z,0.0,-67.802086,-67.28125,NaN
2021-10-30T12:00:00Z,0.0,-67.802086,-67.28125,NaN
2021-10-31T12:00:00Z,0.0,-67.802086,-67.28125,NaN
2021-11-01T12:00:00Z,0.0,-67.802086,-67.28125,NaN
2021-11-02T12:00:00Z,0.0,-67.802086,-67.28125,NaN
2021-11-03T12:00:00Z,0.0,-67.802086,-67.28125,0.17141367
2021-11-04T12:00:00Z,0.0,-67.802086,-67.28125,0.16473693
2021-11-05T12:00:00Z,0.0,-67.802086,-67.28125,0.14734966
2021-11-06T12:00:00Z,0.0,-67.802086,-67.28125,0.14460717
2021-11-07T12:00:00Z,0.0,-67.802086,-67.28125,0.14976728
2021-11-08T12:00:00Z,0.0,-67.802086,-67.28125,0.14832799
2021-11-09T12:00:00Z,0.0,-67.802086,-67.28125,0.15008046
2021-11-10T12:00:00Z,0.0,-67.802086,-67.28125,0.14706899
2021-11-11T12:00:00Z,0.0,-67.802086,-67.28125,0.1522044
2021-11-12T12:00:00Z,0.0,-67.802086,-67.28125,0.14847375
2021-11-13T12:00:00Z,0.0,-67.802086,-67.28125,0.16495432
2021-11-14T12:00:00Z,0.0,-67.802086,-67.28125,0.15865642
2021-11-15T12:00:00Z,0.0,-67.802086,-67.28125,0.17338943
2021-11-16T12:00:00Z,0.0,-67.802086,-67.28125,0.1658471
2021-11-17T12:00:00Z,0.0,-67.802086,-67.28125,0.15553416
2021-11-18T12:00:00Z,0.0,-67.802086,-67.28125,0.16247943
2021-11-19T12:00:00Z,0.0,-67.802086,-67.28125,0.16306753
2021-11-20T12:00:00Z,0.0,-67.802086,-67.28125,0.19033912
2021-11-21T12:00:00Z,0.0,-67.802086,-67.28125,0.19603328
2021-11-22T12:00:00Z,0.0,-67.802086,-67.28125,0.18901326
2021-11-23T12:00:00Z,0.0,-67.802086,-67.28125,0.18950807
2021-11-24T12:00:00Z,0.0,-67.802086,-67.28125,0.18930522
2021-11-25T12:00:00Z,0.0,-67.802086,-67.28125,0.18620639
2021-11-26T12:00:00Z,0.0,-67.802086,-67.28125,0.19358948
2021-11-27T12:00:00Z,0.0,-67.802086,-67.28125,0.22213948
2021-11-28T12:00:00Z,0.0,-67.802086,-67.28125,0.24513625
2021-11-29T12:00:00Z,0.0,-67.802086,-67.28125,0.2581421
2021-11-30T12:00:00Z,0.0,-67.802086,-67.28125,0.271006
2021-12-01T12:00:00Z,0.0,-67.802086,-67.28125,0.29789218
2021-12-02T12:00:00Z,0.0,-67.802086,-67.28125,0.33472994
2021-12-03T12:00:00Z,0.0,-67.802086,-67.28125,0.33352187
2021-12-04T12:00:00Z,0.0,-67.802086,-67.28125,0.3475061
2021-12-05T12:00:00Z,0.0,-67.802086,-67.28125,0.32526377
2021-12-06T12:00:00Z,0.0,-67.802086,-67.28125,0.34109026
2021-12-07T12:00:00Z,0.0,-67.802086,-67.28125,0.36406213
2021-12-08T12:00:00Z,0.0,-67.802086,-67.28125,0.3679499
2021-12-09T12:00:00Z,0.0,-67.802086,-67.28125,0.38844886
2021-12-10T12:00:00Z,0.0,-67.802086,-67.28125,0.39812616
2021-12-11T12:00:00Z,0.0,-67.802086,-67.28125,0.400761
2021-12-12T12:00:00Z,0.0,-67.802086,-67.28125,0.42077407
2021-12-13T12:00:00Z,0.0,-67.802086,-67.28125,0.47362578
2021-12-14T12:00:00Z,0.0,-67.802086,-67.28125,0.50343525
2021-12-15T12:00:00Z,0.0,-67.802086,-67.28125,0.47990054
2021-12-16T12:00:00Z,0.0,-67.802086,-67.28125,0.52448475
2021-12-17T12:00:00Z,0.0,-67.802086,-67.28125,0.53856283
2021-12-18T12:00:00Z,0.0,-67.802086,-67.28125,0.57831746
2021-12-19T12:00:00Z,0.0,-67.802086,-67.28125,0.587135
2021-12-20T12:00:00Z,0.0,-67.802086,-67.28125,0.6143336
2021-12-21T12:00:00Z,0.0,-67.802086,-67.28125,0.74395275
2021-12-22T12:00:00Z,0.0,-67.802086,-67.28125,0.7146966
2021-12-23T12:00:00Z,0.0,-67.802086,-67.28125,0.7609036
2021-12-24T12:00:00Z,0.0,-67.802086,-67.28125,0.7289548
2021-12-25T12:00:00Z,0.0,-67.802086,-67.28125,0.6864884
2021-12-26T12:00:00Z,0.0,-67.802086,-67.28125,0.67598295
2021-12-27T12:00:00Z,0.0,-67.802086,-67.28125,0.7508195
2021-12-28T12:00:00Z,0.0,-67.802086,-67.28125,0.40590218
2021-12-29T12:00:00Z,0.0,-67.802086,-67.28125,0.6720242
2021-12-30T12:00:00Z,0.0,-67.802086,-67.28125,0.702474
2021-12-31T12:00:00Z,0.0,-67.802086,-67.28125,0.640312
2022-01-01T12:00:00Z,0.0,-67.802086,-67.28125,0.6966809
2022-01-02T12:00:00Z,0.0,-67.802086,-67.28125,0.6732229
2022-01-03T12:00:00Z,0.0,-67.802086,-67.28125,0.6991828
2022-01-04T12:00:00Z,0.0,-67.802086,-67.28125,1.0489262
2022-01-05T12:00:00Z,0.0,-67.802086,-67.28125,1.0574005
2022-01-06T12:00:00Z,0.0,-67.802086,-67.28125,0.9734791
2022-01-07T12:00:00Z,0.0,-67.802086,-67.28125,1.0988783
2022-01-08T12:00:00Z,0.0,-67.802086,-67.28125,1.0148059
2022-01-09T12:00:00Z,0.0,-67.802086,-67.28125,0.9534693
2022-01-10T12:00:00Z,0.0,-67.802086,-67.28125,0.96722823
2022-01-11T12:00:00Z,0.0,-67.802086,-67.28125,0.32451463
2022-01-12T12:00:00Z,0.0,-67.802086,-67.28125,0.30064183
2022-01-13T12:00:00Z,0.0,-67.802086,-67.28125,0.25510558
2022-01-14T12:00:00Z,0.0,-67.802086,-67.28125,0.2835943
2022-01-15T12:00:00Z,0.0,-67.802086,-67.28125,0.30360857
2022-01-16T12:00:00Z,0.0,-67.802086,-67.28125,0.27153188
2022-01-17T12:00:00Z,0.0,-67.802086,-67.28125,0.27033654
2022-01-18T12:00:00Z,0.0,-67.802086,-67.28125,0.23864412
2022-01-19T12:00:00Z,0.0,-67.802086,-67.28125,0.26359868
2022-01-20T12:00:00Z,0.0,-67.802086,-67.28125,0.25404304
2022-01-21T12:00:00Z,0.0,-67.802086,-67.28125,0.24337462
2022-01-22T12:00:00Z,0.0,-67.802086,-67.28125,0.23040694
2022-01-23T12:00:00Z,0.0,-67.802086,-67.28125,0.18107063
2022-01-24T12:00:00Z,0.0,-67.802086,-67.28125,0.16715278
2022-01-25T12:00:00Z,0.0,-67.802086,-67.28125,0.13084875
2022-01-26T12:00:00Z,0.0,-67.802086,-67.28125,0.13518023
2022-01-27T12:00:00Z,0.0,-67.802086,-67.28125,0.12034873
2022-01-28T12:00:00Z,0.0,-67.802086,-67.28125,0.236092
2022-01-29T12:00:00Z,0.0,-67.802086,-67.28125,0.2521268
2022-01-30T12:00:00Z,0.0,-67.802086,-67.28125,0.2999112
2022-01-31T12:00:00Z,0.0,-67.802086,-67.28125,0.6042894
2022-02-01T12:00:00Z,0.0,-67.802086,-67.28125,0.5694708
2022-02-02T12:00:00Z,0.0,-67.802086,-67.28125,0.6090765
2022-02-03T12:00:00Z,0.0,-67.802086,-67.28125,1.1224632
2022-02-04T12:00:00Z,0.0,-67.802086,-67.28125,1.0087179
2022-02-05T12:00:00Z,0.0,-67.802086,-67.28125,1.0249059
2022-02-06T12:00:00Z,0.0,-67.802086,-67.28125,0.5637261
2022-02-07T12:00:00Z,0.0,-67.802086,-67.28125,0.54772496
2022-02-08T12:00:00Z,0.0,-67.802086,-67.28125,0.55653685
2022-02-09T12:00:00Z,0.0,-67.802086,-67.28125,0.5674704
2022-02-10T12:00:00Z,0.0,-67.802086,-67.28125,0.5024475
2022-02-11T12:00:00Z,0.0,-67.802086,-67.28125,0.4947245
2022-02-12T12:00:00Z,0.0,-67.802086,-67.28125,0.4394407
2022-02-13T12:00:00Z,0.0,-67.802086,-67.28125,0.46282682
2022-02-14T12:00:00Z,0.0,-67.802086,-67.28125,0.31719398
2022-02-15T12:00:00Z,0.0,-67.802086,-67.28125,0.28002524
2022-02-16T12:00:00Z,0.0,-67.802086,-67.28125,0.34041825
2022-02-17T12:00:00Z,0.0,-67.802086,-67.28125,0.4129315
2022-02-18T12:00:00Z,0.0,-67.802086,-67.28125,0.37286764
2022-02-19T12:00:00Z,0.0,-67.802086,-67.28125,0.3808901
2022-02-20T12:00:00Z,0.0,-67.802086,-67.28125,0.32735503
2022-02-21T12:00:00Z,0.0,-67.802086,-67.28125,0.32154554
2022-02-22T12:00:00Z,0.0,-67.802086,-67.28125,0.36815172
2022-02-23T12:00:00Z,0.0,-67.802086,-67.28125,0.35044706
2022-02-24T12:00:00Z,0.0,-67.802086,-67.28125,0.34344742
2022-02-25T12:00:00Z,0.0,-67.802086,-67.28125,0.3296695
2022-02-26T12:00:00Z,0.0,-67.802086,-67.28125,0.3879968
2022-02-27T12:00:00Z,0.0,-67.802086,-67.28125,0.3774164
2022-02-28T12:00:00Z,0.0,-67.802086,-67.28125,0.322251
2022-03-01T12:00:00Z,0.0,-67.802086,-67.28125,NaN
2022-03-02T12:00:00Z,0.0,-67.802086,-67.28125,NaN
2022-03-03T12:00:00Z,0.0,-67.802086,-67.28125,NaN
2022-03-04T12:00:00Z,0.0,-67.802086,-67.28125,NaN
2022-03-05T12:00:00Z,0.0,-67.802086,-67.28125,NaN
2022-03-06T12:00:00Z,0.0,-67.802086,-67.28125,NaN
2022-03-07T12:00:00Z,0.0,-67.802086,-67.28125,NaN
2022-03-08T12:00:00Z,0.0,-67.802086,-67.28125,NaN
2022-03-09T12:00:00Z,0.0,-67.802086,-67.28125,NaN
2022-03-10T12:00:00Z,0.0,-67.802086,-67.28125,NaN
2022-03-11T12:00:00Z,0.0,-67.802086,-67.28125,NaN
2022-03-12T12:00:00Z,0.0,-67.802086,-67.28125,NaN
2022-03-13T12:00:00Z,0.0,-67.802086,-67.28125,NaN
2022-03-14T12:00:00Z,0.0,-67.802086,-67.28125,NaN
2022-03-15T12:00:00Z,0.0,-67.802086,-67.28125,NaN
2022-03-16T12:00:00Z,0.0,-67.802086,-67.28125,NaN
2022-03-17T12:00:00Z,0.0,-67.802086,-67.28125,NaN
2022-03-18T12:00:00Z,0.0,-67.802086,-67.28125,NaN
2022-03-19T12:00:00Z,0.0,-67.802086,-67.28125,NaN
2022-03-20T12:00:00Z,0.0,-67.802086,-67.28125,NaN
2022-03-21T12:00:00Z,0.0,-67.802086,-67.28125,NaN
2022-03-22T12:00:00Z,0.0,-67.802086,-67.28125,NaN
2022-03-23T12:00:00Z,0.0,-67.802086,-67.28125,NaN
2022-03-24T12:00:00Z,0.0,-67.802086,-67.28125,NaN
2022-03-25T12:00:00Z,0.0,-67.802086,-67.28125,NaN
2022-03-26T12:00:00Z,0.0,-67.802086,-67.28125,NaN
2022-03-27T12:00:00Z,0.0,-67.802086,-67.28125,NaN
2022-03-28T12:00:00Z,0.0,-67.802086,-67.28125,NaN
2022-03-29T12:00:00Z,0.0,-67.802086,-67.28125,NaN
2022-03-30T12:00:00Z,0.0,-67.802086,-67.28125,NaN
2022-03-31T12:00:00Z,0.0,-67.802086,-67.28125,NaN
2022-04-01T12:00:00Z,0.0,-67.802086,-67.28125,NaN
2022-04-02T12:00:00Z,0.0,-67.802086,-67.28125,NaN
2022-04-03T12:00:00Z,0.0,-67.802086,-67.28125,NaN
2022-04-04T12:00:00Z,0.0,-67.802086,-67.28125,NaN
2022-04-05T12:00:00Z,0.0,-67.802086,-67.28125,NaN
2022-04-06T12:00:00Z,0.0,-67.802086,-67.28125,NaN
2022-04-07T12:00:00Z,0.0,-67.802086,-67.28125,NaN
2022-04-08T12:00:00Z,0.0,-67.802086,-67.28125,NaN
2022-04-09T12:00:00Z,0.0,-67.802086,-67.28125,NaN
2022-04-10T12:00:00Z,0.0,-67.802086,-67.28125,NaN
2022-04-11T12:00:00Z,0.0,-67.802086,-67.28125,NaN
2022-04-12T12:00:00Z,0.0,-67.802086,-67.28125,NaN
2022-04-13T12:00:00Z,0.0,-67.802086,-67.28125,NaN
2022-04-14T12:00:00Z,0.0,-67.802086,-67.28125,NaN
2022-04-15T12:00:00Z,0.0,-67.802086,-67.28125,NaN
2022-04-16T12:00:00Z,0.0,-67.802086,-67.28125,NaN
2022-04-17T12:00:00Z,0.0,-67.802086,-67.28125,NaN
2022-04-18T12:00:00Z,0.0,-67.802086,-67.28125,NaN
2022-04-19T12:00:00Z,0.0,-67.802086,-67.28125,NaN
2022-04-20T12:00:00Z,0.0,-67.802086,-67.28125,NaN
2022-04-21T12:00:00Z,0.0,-67.802086,-67.28125,NaN
2022-04-22T12:00:00Z,0.0,-67.802086,-67.28125,NaN
2022-04-23T12:00:00Z,0.0,-67.802086,-67.28125,NaN
2022-04-24T12:00:00Z,0.0,-67.802086,-67.28125,NaN
2022-04-25T12:00:00Z,0.0,-67.802086,-67.28125,NaN
2022-04-26T12:00:00Z,0.0,-67.802086,-67.28125,NaN
2022-04-27T12:00:00Z,0.0,-67.802086,-67.28125,NaN
2022-04-28T12:00:00Z,0.0,-67.802086,-67.28125,NaN
2022-04-29T12:00:00Z,0.0,-67.802086,-67.28125,NaN
2022-04-30T12:00:00Z,0.0,-67.802086,-67.28125,NaN
2022-05-01T12:00:00Z,0.0,-67.802086,-67.28125,NaN
2022-05-02T12:00:00Z,0.0,-67.802086,-67.28125,NaN
2022-05-03T12:00:00Z,0.0,-67.802086,-67.28125,NaN
2022-05-04T12:00:00Z,0.0,-67.802086,-67.28125,NaN
2022-05-05T12:00:00Z,0.0,-67.802086,-67.28125,NaN
2022-05-06T12:00:00Z,0.0,-67.802086,-67.28125,NaN
2022-05-07T12:00:00Z,0.0,-67.802086,-67.28125,NaN
2022-05-08T12:00:00Z,0.0,-67.802086,-67.28125,NaN
2022-05-09T12:00:00Z,0.0,-67.802086,-67.28125,NaN
2022-05-10T12:00:00Z,0.0,-67.802086,-67.28125,NaN
2022-05-11T12:00:00Z,0.0,-67.802086,-67.28125,NaN
2022-05-12T12:00:00Z,0.0,-67.802086,-67.28125,NaN
2022-05-13T12:00:00Z,0.0,-67.802086,-67.28125,NaN
2022-05-14T12:00:00Z,0.0,-67.802086,-67.28125,NaN
2022-05-15T12:00:00Z,0.0,-67.802086,-67.28125,NaN
2022-05-16T12:00:00Z,0.0,-67.802086,-67.28125,NaN
2022-05-17T12:00:00Z,0.0,-67.802086,-67.28125,NaN
2022-05-18T12:00:00Z,0.0,-67.802086,-67.28125,NaN
2022-05-19T12:00:00Z,0.0,-67.802086,-67.28125,NaN
2022-05-20T12:00:00Z,0.0,-67.802086,-67.28125,NaN
2022-05-21T12:00:00Z,0.0,-67.802086,-67.28125,NaN
2022-05-22T12:00:00Z,0.0,-67.802086,-67.28125,NaN
2022-05-23T12:00:00Z,0.0,-67.802086,-67.28125,NaN
2022-05-24T12:00:00Z,0.0,-67.802086,-67.28125,NaN
2022-05-25T12:00:00Z,0.0,-67.802086,-67.28125,NaN
2022-05-26T12:00:00Z,0.0,-67.802086,-67.28125,NaN
2022-05-27T12:00:00Z,0.0,-67.802086,-67.28125,NaN
2022-05-28T12:00:00Z,0.0,-67.802086,-67.28125,NaN
2022-05-29T12:00:00Z,0.0,-67.802086,-67.28125,NaN
2022-05-30T12:00:00Z,0.0,-67.802086,-67.28125,NaN
2022-05-31T12:00:00Z,0.0,-67.802086,-67.28125,NaN
2022-06-01T12:00:00Z,0.0,-67.802086,-67.28125,NaN
2022-06-02T12:00:00Z,0.0,-67.802086,-67.28125,NaN
2022-06-03T12:00:00Z,0.0,-67.802086,-67.28125,NaN
2022-06-04T12:00:00Z,0.0,-67.802086,-67.28125,NaN
2022-06-05T12:00:00Z,0.0,-67.802086,-67.28125,NaN
2022-06-06T12:00:00Z,0.0,-67.802086,-67.28125,NaN
2022-06-07T12:00:00Z,0.0,-67.802086,-67.28125,NaN
2022-06-08T12:00:00Z,0.0,-67.802086,-67.28125,NaN
2022-06-09T12:00:00Z,0.0,-67.802086,-67.28125,NaN
2022-06-10T12:00:00Z,0.0,-67.802086,-67.28125,NaN
2022-06-11T12:00:00Z,0.0,-67.802086,-67.28125,NaN
2022-06-12T12:00:00Z,0.0,-67.802086,-67.28125,NaN
2022-06-13T12:00:00Z,0.0,-67.802086,-67.28125,NaN
2022-06-14T12:00:00Z,0.0,-67.802086,-67.28125,NaN
2022-06-15T12:00:00Z,0.0,-67.802086,-67.28125,NaN
2022-06-16T12:00:00Z,0.0,-67.802086,-67.28125,NaN
2022-06-17T12:00:00Z,0.0,-67.802086,-67.28125,NaN
2022-06-18T12:00:00Z,0.0,-67.802086,-67.28125,NaN
2022-06-19T12:00:00Z,0.0,-67.802086,-67.28125,NaN
2022-06-20T12:00:00Z,0.0,-67.802086,-67.28125,NaN
2022-06-21T12:00:00Z,0.0,-67.802086,-67.28125,NaN
2022-06-22T12:00:00Z,0.0,-67.802086,-67.28125,NaN
2022-06-23T12:00:00Z,0.0,-67.802086,-67.28125,NaN
2022-06-24T12:00:00Z,0.0,-67.802086,-67.28125,NaN
2022-06-25T12:00:00Z,0.0,-67.802086,-67.28125,NaN
2022-06-26T12:00:00Z,0.0,-67.802086,-67.28125,NaN
2022-06-27T12:00:00Z,0.0,-67.802086,-67.28125,NaN
2022-06-28T12:00:00Z,0.0,-67.802086,-67.28125,NaN
2022-06-29T12:00:00Z,0.0,-67.802086,-67.28125,NaN
2022-06-30T12:00:00Z,0.0,-67.802086,-67.28125,NaN
2022-07-01T12:00:00Z,0.0,-67.802086,-67.28125,NaN
2022-07-02T12:00:00Z,0.0,-67.802086,-67.28125,NaN
2022-07-03T12:00:00Z,0.0,-67.802086,-67.28125,NaN
2022-07-04T12:00:00Z,0.0,-67.802086,-67.28125,NaN
2022-07-05T12:00:00Z,0.0,-67.802086,-67.28125,NaN
2022-07-06T12:00:00Z,0.0,-67.802086,-67.28125,NaN
2022-07-07T12:00:00Z,0.0,-67.802086,-67.28125,NaN
2022-07-08T12:00:00Z,0.0,-67.802086,-67.28125,NaN
2022-07-09T12:00:00Z,0.0,-67.802086,-67.28125,NaN
2022-07-10T12:00:00Z,0.0,-67.802086,-67.28125,NaN
2022-07-11T12:00:00Z,0.0,-67.802086,-67.28125,NaN
2022-07-12T12:00:00Z,0.0,-67.802086,-67.28125,NaN
2022-07-13T12:00:00Z,0.0,-67.802086,-67.28125,NaN
2022-07-14T12:00:00Z,0.0,-67.802086,-67.28125,NaN
2022-07-15T12:00:00Z,0.0,-67.802086,-67.28125,NaN
2022-07-16T12:00:00Z,0.0,-67.802086,-67.28125,NaN
2022-07-17T12:00:00Z,0.0,-67.802086,-67.28125,NaN
2022-07-18T12:00:00Z,0.0,-67.802086,-67.28125,NaN
2022-07-19T12:00:00Z,0.0,-67.802086,-67.28125,NaN
2022-07-20T12:00:00Z,0.0,-67.802086,-67.28125,NaN
2022-07-21T12:00:00Z,0.0,-67.802086,-67.28125,NaN
2022-07-22T12:00:00Z,0.0,-67.802086,-67.28125,NaN
2022-07-23T12:00:00Z,0.0,-67.802086,-67.28125,NaN
2022-07-24T12:00:00Z,0.0,-67.802086,-67.28125,NaN
2022-07-25T12:00:00Z,0.0,-67.802086,-67.28125,NaN
2022-07-26T12:00:00Z,0.0,-67.802086,-67.28125,NaN
2022-07-27T12:00:00Z,0.0,-67.802086,-67.28125,NaN
2022-07-28T12:00:00Z,0.0,-67.802086,-67.28125,NaN
2022-07-29T12:00:00Z,0.0,-67.802086,-67.28125,NaN
2022-07-30T12:00:00Z,0.0,-67.802086,-67.28125,NaN
2022-07-31T12:00:00Z,0.0,-67.802086,-67.28125,NaN
2022-08-01T12:00:00Z,0.0,-67.802086,-67.28125,NaN
2022-08-02T12:00:00Z,0.0,-67.802086,-67.28125,NaN
2022-08-03T12:00:00Z,0.0,-67.802086,-67.28125,NaN
2022-08-04T12:00:00Z,0.0,-67.802086,-67.28125,NaN
2022-08-05T12:00:00Z,0.0,-67.802086,-67.28125,NaN
2022-08-06T12:00:00Z,0.0,-67.802086,-67.28125,NaN
2022-08-07T12:00:00Z,0.0,-67.802086,-67.28125,NaN
2022-08-08T12:00:00Z,0.0,-67.802086,-67.28125,NaN
2022-08-09T12:00:00Z,0.0,-67.802086,-67.28125,NaN
2022-08-10T12:00:00Z,0.0,-67.802086,-67.28125,NaN
2022-08-11T12:00:00Z,0.0,-67.802086,-67.28125,NaN
2022-08-12T12:00:00Z,0.0,-67.802086,-67.28125,NaN
2022-08-13T12:00:00Z,0.0,-67.802086,-67.28125,NaN
2022-08-14T12:00:00Z,0.0,-67.802086,-67.28125,NaN
2022-08-15T12:00:00Z,0.0,-67.802086,-67.28125,NaN
2022-08-16T12:00:00Z,0.0,-67.802086,-67.28125,NaN
2022-08-17T12:00:00Z,0.0,-67.802086,-67.28125,NaN
2022-08-18T12:00:00Z,0.0,-67.802086,-67.28125,NaN
2022-08-19T12:00:00Z,0.0,-67.802086,-67.28125,NaN
2022-08-20T12:00:00Z,0.0,-67.802086,-67.28125,NaN
2022-08-21T12:00:00Z,0.0,-67.802086,-67.28125,NaN
2022-08-22T12:00:00Z,0.0,-67.802086,-67.28125,NaN
2022-08-23T12:00:00Z,0.0,-67.802086,-67.28125,NaN
2022-08-24T12:00:00Z,0.0,-67.802086,-67.28125,NaN
2022-08-25T12:00:00Z,0.0,-67.802086,-67.28125,NaN
2022-08-26T12:00:00Z,0.0,-67.802086,-67.28125,NaN
2022-08-27T12:00:00Z,0.0,-67.802086,-67.28125,NaN
2022-08-28T12:00:00Z,0.0,-67.802086,-67.28125,NaN
2022-08-29T12:00:00Z,0.0,-67.802086,-67.28125,NaN
2022-08-30T12:00:00Z,0.0,-67.802086,-67.28125,NaN
2022-08-31T12:00:00Z,0.0,-67.802086,-67.28125,NaN
2022-09-01T12:00:00Z,0.0,-67.802086,-67.28125,NaN
2022-09-02T12:00:00Z,0.0,-67.802086,-67.28125,NaN
2022-09-03T12:00:00Z,0.0,-67.802086,-67.28125,NaN
2022-09-04T12:00:00Z,0.0,-67.802086,-67.28125,NaN
2022-09-05T12:00:00Z,0.0,-67.802086,-67.28125,NaN
2022-09-06T12:00:00Z,0.0,-67.802086,-67.28125,NaN
2022-09-07T12:00:00Z,0.0,-67.802086,-67.28125,NaN
2022-09-08T12:00:00Z,0.0,-67.802086,-67.28125,NaN
2022-09-09T12:00:00Z,0.0,-67.802086,-67.28125,NaN
2022-09-10T12:00:00Z,0.0,-67.802086,-67.28125,NaN
2022-09-11T12:00:00Z,0.0,-67.802086,-67.28125,NaN
2022-09-12T12:00:00Z,0.0,-67.802086,-67.28125,NaN
2022-09-13T12:00:00Z,0.0,-67.802086,-67.28125,NaN
2022-09-14T12:00:00Z,0.0,-67.802086,-67.28125,NaN
2022-09-15T12:00:00Z,0.0,-67.802086,-67.28125,NaN
2022-09-16T12:00:00Z,0.0,-67.802086,-67.28125,NaN
2022-09-17T12:00:00Z,0.0,-67.802086,-67.28125,NaN
2022-09-18T12:00:00Z,0.0,-67.802086,-67.28125,NaN
2022-09-19T12:00:00Z,0.0,-67.802086,-67.28125,NaN
2022-09-20T12:00:00Z,0.0,-67.802086,-67.28125,NaN
2022-09-21T12:00:00Z,0.0,-67.802086,-67.28125,NaN
2022-09-22T12:00:00Z,0.0,-67.802086,-67.28125,NaN
2022-09-23T12:00:00Z,0.0,-67.802086,-67.28125,NaN
2022-09-24T12:00:00Z,0.0,-67.802086,-67.28125,NaN
2022-09-25T12:00:00Z,0.0,-67.802086,-67.28125,NaN
2022-09-26T12:00:00Z,0.0,-67.802086,-67.28125,NaN
2022-09-27T12:00:00Z,0.0,-67.802086,-67.28125,NaN
2022-09-28T12:00:00Z,0.0,-67.802086,-67.28125,NaN
2022-09-29T12:00:00Z,0.0,-67.802086,-67.28125,NaN
2022-09-30T12:00:00Z,0.0,-67.802086,-67.28125,NaN
2022-10-01T12:00:00Z,0.0,-67.802086,-67.28125,NaN
2022-10-02T12:00:00Z,0.0,-67.802086,-67.28125,NaN
2022-10-03T12:00:00Z,0.0,-67.802086,-67.28125,NaN
2022-10-04T12:00:00Z,0.0,-67.802086,-67.28125,NaN
2022-10-05T12:00:00Z,0.0,-67.802086,-67.28125,NaN
2022-10-06T12:00:00Z,0.0,-67.802086,-67.28125,NaN
2022-10-07T12:00:00Z,0.0,-67.802086,-67.28125,NaN
2022-10-08T12:00:00Z,0.0,-67.802086,-67.28125,NaN
2022-10-09T12:00:00Z,0.0,-67.802086,-67.28125,NaN
2022-10-10T12:00:00Z,0.0,-67.802086,-67.28125,NaN
2022-10-11T12:00:00Z,0.0,-67.802086,-67.28125,NaN
2022-10-12T12:00:00Z,0.0,-67.802086,-67.28125,NaN
2022-10-13T12:00:00Z,0.0,-67.802086,-67.28125,NaN
2022-10-14T12:00:00Z,0.0,-67.802086,-67.28125,NaN
2022-10-15T12:00:00Z,0.0,-67.802086,-67.28125,NaN
2022-10-16T12:00:00Z,0.0,-67.802086,-67.28125,NaN
2022-10-17T12:00:00Z,0.0,-67.802086,-67.28125,NaN
2022-10-18T12:00:00Z,0.0,-67.802086,-67.28125,NaN
2022-10-19T12:00:00Z,0.0,-67.802086,-67.28125,NaN
2022-10-20T12:00:00Z,0.0,-67.802086,-67.28125,NaN
2022-10-21T12:00:00Z,0.0,-67.802086,-67.28125,NaN
2022-10-22T12:00:00Z,0.0,-67.802086,-67.28125,NaN
2022-10-23T12:00:00Z,0.0,-67.802086,-67.28125,NaN
2022-10-24T12:00:00Z,0.0,-67.802086,-67.28125,NaN
2022-10-25T12:00:00Z,0.0,-67.802086,-67.28125,NaN
2022-10-26T12:00:00Z,0.0,-67.802086,-67.28125,NaN
2022-10-27T12:00:00Z,0.0,-67.802086,-67.28125,NaN
2022-10-28T12:00:00Z,0.0,-67.802086,-67.28125,NaN
2022-10-29T12:00:00Z,0.0,-67.802086,-67.28125,NaN
2022-10-30T12:00:00Z,0.0,-67.802086,-67.28125,NaN
2022-10-31T12:00:00Z,0.0,-67.802086,-67.28125,NaN
2022-11-01T12:00:00Z,0.0,-67.802086,-67.28125,NaN
2022-11-02T12:00:00Z,0.0,-67.802086,-67.28125,NaN
2022-11-03T12:00:00Z,0.0,-67.802086,-67.28125,0.13254684
2022-11-04T12:00:00Z,0.0,-67.802086,-67.28125,0.13298707
2022-11-05T12:00:00Z,0.0,-67.802086,-67.28125,0.1305088
2022-11-06T12:00:00Z,0.0,-67.802086,-67.28125,0.12912248
2022-11-07T12:00:00Z,0.0,-67.802086,-67.28125,0.12745494
2022-11-08T12:00:00Z,0.0,-67.802086,-67.28125,0.12537633
2022-11-09T12:00:00Z,0.0,-67.802086,-67.28125,0.11739056
2022-11-10T12:00:00Z,0.0,-67.802086,-67.28125,0.12544599
2022-11-11T12:00:00Z,0.0,-67.802086,-67.28125,0.12533642
2022-11-12T12:00:00Z,0.0,-67.802086,-67.28125,0.114771836
2022-11-13T12:00:00Z,0.0,-67.802086,-67.28125,0.2158625
2022-11-14T12:00:00Z,0.0,-67.802086,-67.28125,0.14400165
2022-11-15T12:00:00Z,0.0,-67.802086,-67.28125,0.15496528
2022-11-16T12:00:00Z,0.0,-67.802086,-67.28125,0.1581428
2022-11-17T12:00:00Z,0.0,-67.802086,-67.28125,0.15559068
2022-11-18T12:00:00Z,0.0,-67.802086,-67.28125,0.21983996
2022-11-19T12:00:00Z,0.0,-67.802086,-67.28125,0.2504122
2022-11-20T12:00:00Z,0.0,-67.802086,-67.28125,0.2435775
2022-11-21T12:00:00Z,0.0,-67.802086,-67.28125,0.22179645
2022-11-22T12:00:00Z,0.0,-67.802086,-67.28125,0.2686581
2022-11-23T12:00:00Z,0.0,-67.802086,-67.28125,0.36624706
2022-11-24T12:00:00Z,0.0,-67.802086,-67.28125,0.33013895
2022-11-25T12:00:00Z,0.0,-67.802086,-67.28125,0.32883662
2022-11-26T12:00:00Z,0.0,-67.802086,-67.28125,0.38353872
2022-11-27T12:00:00Z,0.0,-67.802086,-67.28125,0.33685863
2022-11-28T12:00:00Z,0.0,-67.802086,-67.28125,0.41475722
2022-11-29T12:00:00Z,0.0,-67.802086,-67.28125,0.48997992
2022-11-30T12:00:00Z,0.0,-67.802086,-67.28125,0.59439963
2022-12-01T12:00:00Z,0.0,-67.802086,-67.28125,0.6745924
2022-12-02T12:00:00Z,0.0,-67.802086,-67.28125,0.691939
2022-12-03T12:00:00Z,0.0,-67.802086,-67.28125,0.62781113
2022-12-04T12:00:00Z,0.0,-67.802086,-67.28125,0.6325271
2022-12-05T12:00:00Z,0.0,-67.802086,-67.28125,0.9725363
2022-12-06T12:00:00Z,0.0,-67.802086,-67.28125,0.9729871
2022-12-07T12:00:00Z,0.0,-67.802086,-67.28125,0.72112864
2022-12-08T12:00:00Z,0.0,-67.802086,-67.28125,0.71421623
2022-12-09T12:00:00Z,0.0,-67.802086,-67.28125,0.67309207
2022-12-10T12:00:00Z,0.0,-67.802086,-67.28125,0.5865014
2022-12-11T12:00:00Z,0.0,-67.802086,-67.28125,0.5689555
2022-12-12T12:00:00Z,0.0,-67.802086,-67.28125,0.5781111
2022-12-13T12:00:00Z,0.0,-67.802086,-67.28125,0.5127921
2022-12-14T12:00:00Z,0.0,-67.802086,-67.28125,0.50045806
2022-12-15T12:00:00Z,0.0,-67.802086,-67.28125,0.47877043
2022-12-16T12:00:00Z,0.0,-67.802086,-67.28125,0.45180675
2022-12-17T12:00:00Z,0.0,-67.802086,-67.28125,0.37498397
2022-12-18T12:00:00Z,0.0,-67.802086,-67.28125,0.3900259
2022-12-19T12:00:00Z,0.0,-67.802086,-67.28125,0.31744337
2022-12-20T12:00:00Z,0.0,-67.802086,-67.28125,0.34582487
2022-12-21T12:00:00Z,0.0,-67.802086,-67.28125,0.3772877
2022-12-22T12:00:00Z,0.0,-67.802086,-67.28125,0.35618857
2022-12-23T12:00:00Z,0.0,-67.802086,-67.28125,0.24901398
2022-12-24T12:00:00Z,0.0,-67.802086,-67.28125,0.32497823
2022-12-25T12:00:00Z,0.0,-67.802086,-67.28125,0.29046944
2022-12-26T12:00:00Z,0.0,-67.802086,-67.28125,0.30178764
2022-12-27T12:00:00Z,0.0,-67.802086,-67.28125,0.37694287
2022-12-28T12:00:00Z,0.0,-67.802086,-67.28125,0.4287335
2022-12-29T12:00:00Z,0.0,-67.802086,-67.28125,0.69761837
2022-12-30T12:00:00Z,0.0,-67.802086,-67.28125,0.6620413
2022-12-31T12:00:00Z,0.0,-67.802086,-67.28125,0.6600544
2023-01-01T12:00:00Z,0.0,-67.802086,-67.28125,0.61591434
2023-01-02T12:00:00Z,0.0,-67.802086,-67.28125,0.99256074
2023-01-03T12:00:00Z,0.0,-67.802086,-67.28125,0.90050465
2023-01-04T12:00:00Z,0.0,-67.802086,-67.28125,1.0602559
2023-01-05T12:00:00Z,0.0,-67.802086,-67.28125,0.9922154
2023-01-06T12:00:00Z,0.0,-67.802086,-67.28125,1.0803863
2023-01-07T12:00:00Z,0.0,-67.802086,-67.28125,1.1147211
2023-01-08T12:00:00Z,0.0,-67.802086,-67.28125,1.249614
2023-01-09T12:00:00Z,0.0,-67.802086,-67.28125,1.3796477
2023-01-10T12:00:00Z,0.0,-67.802086,-67.28125,1.4260496
2023-01-11T12:00:00Z,0.0,-67.802086,-67.28125,1.7405454
2023-01-12T12:00:00Z,0.0,-67.802086,-67.28125,1.7671497
2023-01-13T12:00:00Z,0.0,-67.802086,-67.28125,1.9631491
2023-01-14T12:00:00Z,0.0,-67.802086,-67.28125,1.806067
2023-01-15T12:00:00Z,0.0,-67.802086,-67.28125,2.3141015
2023-01-16T12:00:00Z,0.0,-67.802086,-67.28125,2.063032
2023-01-17T12:00:00Z,0.0,-67.802086,-67.28125,2.4350364
2023-01-18T12:00:00Z,0.0,-67.802086,-67.28125,2.630375
2023-01-19T12:00:00Z,0.0,-67.802086,-67.28125,1.6529465
2023-01-20T12:00:00Z,0.0,-67.802086,-67.28125,1.9943428
2023-01-21T12:00:00Z,0.0,-67.802086,-67.28125,2.0758672
2023-01-22T12:00:00Z,0.0,-67.802086,-67.28125,1.7678807
2023-01-23T12:00:00Z,0.0,-67.802086,-67.28125,0.578558
2023-01-24T12:00:00Z,0.0,-67.802086,-67.28125,0.4441863
2023-01-25T12:00:00Z,0.0,-67.802086,-67.28125,0.40257183
2023-01-26T12:00:00Z,0.0,-67.802086,-67.28125,0.38216352
2023-01-27T12:00:00Z,0.0,-67.802086,-67.28125,0.35706416
2023-01-28T12:00:00Z,0.0,-67.802086,-67.28125,0.57930064
2023-01-29T12:00:00Z,0.0,-67.802086,-67.28125,0.52040386
2023-01-30T12:00:00Z,0.0,-67.802086,-67.28125,0.5333297
2023-01-31T12:00:00Z,0.0,-67.802086,-67.28125,0.496631
2023-02-01T12:00:00Z,0.0,-67.802086,-67.28125,0.7325249
2023-02-02T12:00:00Z,0.0,-67.802086,-67.28125,0.74735427
2023-02-03T12:00:00Z,0.0,-67.802086,-67.28125,0.9201773
2023-02-04T12:00:00Z,0.0,-67.802086,-67.28125,0.8991526
2023-02-05T12:00:00Z,0.0,-67.802086,-67.28125,1.0538334
2023-02-06T12:00:00Z,0.0,-67.802086,-67.28125,0.91487706
2023-02-07T12:00:00Z,0.0,-67.802086,-67.28125,1.1098396
2023-02-08T12:00:00Z,0.0,-67.802086,-67.28125,0.9686714
2023-02-09T12:00:00Z,0.0,-67.802086,-67.28125,1.1163214
2023-02-10T12:00:00Z,0.0,-67.802086,-67.28125,1.2997851
2023-02-11T12:00:00Z,0.0,-67.802086,-67.28125,1.1443278
2023-02-12T12:00:00Z,0.0,-67.802086,-67.28125,1.3236105
2023-02-13T12:00:00Z,0.0,-67.802086,-67.28125,1.2479329
2023-02-14T12:00:00Z,0.0,-67.802086,-67.28125,0.76702887
2023-02-15T12:00:00Z,0.0,-67.802086,-67.28125,0.728964
2023-02-16T12:00:00Z,0.0,-67.802086,-67.28125,0.5776577
2023-02-17T12:00:00Z,0.0,-67.802086,-67.28125,0.5963156
2023-02-18T12:00:00Z,0.0,-67.802086,-67.28125,0.5908017
2023-02-19T12:00:00Z,0.0,-67.802086,-67.28125,0.5584629
2023-02-20T12:00:00Z,0.0,-67.802086,-67.28125,0.51230663
2023-02-21T12:00:00Z,0.0,-67.802086,-67.28125,0.5293485
2023-02-22T12:00:00Z,0.0,-67.802086,-67.28125,0.46782404
2023-02-23T12:00:00Z,0.0,-67.802086,-67.28125,0.43614817
2023-02-24T12:00:00Z,0.0,-67.802086,-67.28125,0.3264962
2023-02-25T12:00:00Z,0.0,-67.802086,-67.28125,0.35243148
2023-02-26T12:00:00Z,0.0,-67.802086,-67.28125,0.3082571
2023-02-27T12:00:00Z,0.0,-67.802086,-67.28125,0.3466199
2023-02-28T12:00:00Z,0.0,-67.802086,-67.28125,0.33000267
2023-03-01T12:00:00Z,0.0,-67.802086,-67.28125,NaN
2023-03-02T12:00:00Z,0.0,-67.802086,-67.28125,NaN
2023-03-03T12:00:00Z,0.0,-67.802086,-67.28125,NaN
2023-03-04T12:00:00Z,0.0,-67.802086,-67.28125,NaN
2023-03-05T12:00:00Z,0.0,-67.802086,-67.28125,NaN
2023-03-06T12:00:00Z,0.0,-67.802086,-67.28125,NaN
2023-03-07T12:00:00Z,0.0,-67.802086,-67.28125,NaN
2023-03-08T12:00:00Z,0.0,-67.802086,-67.28125,NaN
2023-03-09T12:00:00Z,0.0,-67.802086,-67.28125,NaN
2023-03-10T12:00:00Z,0.0,-67.802086,-67.28125,NaN
2023-03-11T12:00:00Z,0.0,-67.802086,-67.28125,NaN
2023-03-12T12:00:00Z,0.0,-67.802086,-67.28125,NaN
2023-03-13T12:00:00Z,0.0,-67.802086,-67.28125,NaN
2023-03-14T12:00:00Z,0.0,-67.802086,-67.28125,NaN
2023-03-15T12:00:00Z,0.0,-67.802086,-67.28125,NaN
2023-03-16T12:00:00Z,0.0,-67.802086,-67.28125,NaN
2023-03-17T12:00:00Z,0.0,-67.802086,-67.28125,NaN
2023-03-18T12:00:00Z,0.0,-67.802086,-67.28125,NaN
2023-03-19T12:00:00Z,0.0,-67.802086,-67.28125,NaN
2023-03-20T12:00:00Z,0.0,-67.802086,-67.28125,NaN
2023-03-21T12:00:00Z,0.0,-67.802086,-67.28125,NaN
2023-03-22T12:00:00Z,0.0,-67.802086,-67.28125,NaN
2023-03-23T12:00:00Z,0.0,-67.802086,-67.28125,NaN
2023-03-24T12:00:00Z,0.0,-67.802086,-67.28125,NaN
2023-03-25T12:00:00Z,0.0,-67.802086,-67.28125,NaN
2023-03-26T12:00:00Z,0.0,-67.802086,-67.28125,NaN
2023-03-27T12:00:00Z,0.0,-67.802086,-67.28125,NaN
2023-03-28T12:00:00Z,0.0,-67.802086,-67.28125,NaN
2023-03-29T12:00:00Z,0.0,-67.802086,-67.28125,NaN
2023-03-30T12:00:00Z,0.0,-67.802086,-67.28125,NaN
2023-03-31T12:00:00Z,0.0,-67.802086,-67.28125,NaN
2023-04-01T12:00:00Z,0.0,-67.802086,-67.28125,NaN
2023-04-02T12:00:00Z,0.0,-67.802086,-67.28125,NaN
2023-04-03T12:00:00Z,0.0,-67.802086,-67.28125,NaN
2023-04-04T12:00:00Z,0.0,-67.802086,-67.28125,NaN
2023-04-05T12:00:00Z,0.0,-67.802086,-67.28125,NaN
2023-04-06T12:00:00Z,0.0,-67.802086,-67.28125,NaN
2023-04-07T12:00:00Z,0.0,-67.802086,-67.28125,NaN
2023-04-08T12:00:00Z,0.0,-67.802086,-67.28125,NaN
2023-04-09T12:00:00Z,0.0,-67.802086,-67.28125,NaN
2023-04-10T12:00:00Z,0.0,-67.802086,-67.28125,NaN
2023-04-11T12:00:00Z,0.0,-67.802086,-67.28125,NaN
2023-04-12T12:00:00Z,0.0,-67.802086,-67.28125,NaN
2023-04-13T12:00:00Z,0.0,-67.802086,-67.28125,NaN
2023-04-14T12:00:00Z,0.0,-67.802086,-67.28125,NaN
2023-04-15T12:00:00Z,0.0,-67.802086,-67.28125,NaN
2023-04-16T12:00:00Z,0.0,-67.802086,-67.28125,NaN
2023-04-17T12:00:00Z,0.0,-67.802086,-67.28125,NaN
2023-04-18T12:00:00Z,0.0,-67.802086,-67.28125,NaN
2023-04-19T12:00:00Z,0.0,-67.802086,-67.28125,NaN
2023-04-20T12:00:00Z,0.0,-67.802086,-67.28125,NaN
2023-04-21T12:00:00Z,0.0,-67.802086,-67.28125,NaN
2023-04-22T12:00:00Z,0.0,-67.802086,-67.28125,NaN
2023-04-23T12:00:00Z,0.0,-67.802086,-67.28125,NaN
2023-04-24T12:00:00Z,0.0,-67.802086,-67.28125,NaN
2023-04-25T12:00:00Z,0.0,-67.802086,-67.28125,NaN
2023-04-26T12:00:00Z,0.0,-67.802086,-67.28125,NaN
2023-04-27T12:00:00Z,0.0,-67.802086,-67.28125,NaN
2023-04-28T12:00:00Z,0.0,-67.802086,-67.28125,NaN
2023-04-29T12:00:00Z,0.0,-67.802086,-67.28125,NaN
2023-04-30T12:00:00Z,0.0,-67.802086,-67.28125,NaN
2023-05-01T12:00:00Z,0.0,-67.802086,-67.28125,NaN
2023-05-02T12:00:00Z,0.0,-67.802086,-67.28125,NaN
2023-05-03T12:00:00Z,0.0,-67.802086,-67.28125,NaN
2023-05-04T12:00:00Z,0.0,-67.802086,-67.28125,NaN
2023-05-05T12:00:00Z,0.0,-67.802086,-67.28125,NaN
2023-05-06T12:00:00Z,0.0,-67.802086,-67.28125,NaN
2023-05-07T12:00:00Z,0.0,-67.802086,-67.28125,NaN
2023-05-08T12:00:00Z,0.0,-67.802086,-67.28125,NaN
2023-05-09T12:00:00Z,0.0,-67.802086,-67.28125,NaN
2023-05-10T12:00:00Z,0.0,-67.802086,-67.28125,NaN
2023-05-11T12:00:00Z,0.0,-67.802086,-67.28125,NaN
2023-05-12T12:00:00Z,0.0,-67.802086,-67.28125,NaN
2023-05-13T12:00:00Z,0.0,-67.802086,-67.28125,NaN
2023-05-14T12:00:00Z,0.0,-67.802086,-67.28125,NaN
2023-05-15T12:00:00Z,0.0,-67.802086,-67.28125,NaN
2023-05-16T12:00:00Z,0.0,-67.802086,-67.28125,NaN
2023-05-17T12:00:00Z,0.0,-67.802086,-67.28125,NaN
2023-05-18T12:00:00Z,0.0,-67.802086,-67.28125,NaN
2023-05-19T12:00:00Z,0.0,-67.802086,-67.28125,NaN
2023-05-20T12:00:00Z,0.0,-67.802086,-67.28125,NaN
2023-05-21T12:00:00Z,0.0,-67.802086,-67.28125,NaN
2023-05-22T12:00:00Z,0.0,-67.802086,-67.28125,NaN
2023-05-23T12:00:00Z,0.0,-67.802086,-67.28125,NaN
2023-05-24T12:00:00Z,0.0,-67.802086,-67.28125,NaN
2023-05-25T12:00:00Z,0.0,-67.802086,-67.28125,NaN
2023-05-26T12:00:00Z,0.0,-67.802086,-67.28125,NaN
2023-05-27T12:00:00Z,0.0,-67.802086,-67.28125,NaN
2023-05-28T12:00:00Z,0.0,-67.802086,-67.28125,NaN
2023-05-29T12:00:00Z,0.0,-67.802086,-67.28125,NaN
2023-05-30T12:00:00Z,0.0,-67.802086,-67.28125,NaN
2023-05-31T12:00:00Z,0.0,-67.802086,-67.28125,NaN
2023-06-01T12:00:00Z,0.0,-67.802086,-67.28125,NaN
2023-06-02T12:00:00Z,0.0,-67.802086,-67.28125,NaN
2023-06-03T12:00:00Z,0.0,-67.802086,-67.28125,NaN
2023-06-04T12:00:00Z,0.0,-67.802086,-67.28125,NaN
2023-06-05T12:00:00Z,0.0,-67.802086,-67.28125,NaN
2023-06-06T12:00:00Z,0.0,-67.802086,-67.28125,NaN
2023-06-07T12:00:00Z,0.0,-67.802086,-67.28125,NaN
2023-06-08T12:00:00Z,0.0,-67.802086,-67.28125,NaN
2023-06-09T12:00:00Z,0.0,-67.802086,-67.28125,NaN
2023-06-10T12:00:00Z,0.0,-67.802086,-67.28125,NaN
2023-06-11T12:00:00Z,0.0,-67.802086,-67.28125,NaN
2023-06-12T12:00:00Z,0.0,-67.802086,-67.28125,NaN
2023-06-13T12:00:00Z,0.0,-67.802086,-67.28125,NaN
2023-06-14T12:00:00Z,0.0,-67.802086,-67.28125,NaN
2023-06-15T12:00:00Z,0.0,-67.802086,-67.28125,NaN
2023-06-16T12:00:00Z,0.0,-67.802086,-67.28125,NaN
2023-06-17T12:00:00Z,0.0,-67.802086,-67.28125,NaN
2023-06-18T12:00:00Z,0.0,-67.802086,-67.28125,NaN
2023-06-19T12:00:00Z,0.0,-67.802086,-67.28125,NaN
2023-06-20T12:00:00Z,0.0,-67.802086,-67.28125,NaN
2023-06-21T12:00:00Z,0.0,-67.802086,-67.28125,NaN
2023-06-22T12:00:00Z,0.0,-67.802086,-67.28125,NaN
2023-06-23T12:00:00Z,0.0,-67.802086,-67.28125,NaN
2023-06-24T12:00:00Z,0.0,-67.802086,-67.28125,NaN
2023-06-25T12:00:00Z,0.0,-67.802086,-67.28125,NaN
2023-06-26T12:00:00Z,0.0,-67.802086,-67.28125,NaN
2023-06-27T12:00:00Z,0.0,-67.802086,-67.28125,NaN
2023-06-28T12:00:00Z,0.0,-67.802086,-67.28125,NaN
2023-06-29T12:00:00Z,0.0,-67.802086,-67.28125,NaN
2023-06-30T12:00:00Z,0.0,-67.802086,-67.28125,NaN
2023-07-01T12:00:00Z,0.0,-67.802086,-67.28125,NaN
2023-07-02T12:00:00Z,0.0,-67.802086,-67.28125,NaN
2023-07-03T12:00:00Z,0.0,-67.802086,-67.28125,NaN
2023-07-04T12:00:00Z,0.0,-67.802086,-67.28125,NaN
2023-07-05T12:00:00Z,0.0,-67.802086,-67.28125,NaN
2023-07-06T12:00:00Z,0.0,-67.802086,-67.28125,NaN
2023-07-07T12:00:00Z,0.0,-67.802086,-67.28125,NaN
2023-07-08T12:00:00Z,0.0,-67.802086,-67.28125,NaN
2023-07-09T12:00:00Z,0.0,-67.802086,-67.28125,NaN
2023-07-10T12:00:00Z,0.0,-67.802086,-67.28125,NaN
2023-07-11T12:00:00Z,0.0,-67.802086,-67.28125,NaN
2023-07-12T12:00:00Z,0.0,-67.802086,-67.28125,NaN
2023-07-13T12:00:00Z,0.0,-67.802086,-67.28125,NaN
2023-07-14T12:00:00Z,0.0,-67.802086,-67.28125,NaN
2023-07-15T12:00:00Z,0.0,-67.802086,-67.28125,NaN
2023-07-16T12:00:00Z,0.0,-67.802086,-67.28125,NaN
2023-07-17T12:00:00Z,0.0,-67.802086,-67.28125,NaN
2023-07-18T12:00:00Z,0.0,-67.802086,-67.28125,NaN
2023-07-19T12:00:00Z,0.0,-67.802086,-67.28125,NaN
2023-07-20T12:00:00Z,0.0,-67.802086,-67.28125,NaN
2023-07-21T12:00:00Z,0.0,-67.802086,-67.28125,NaN
2023-07-22T12:00:00Z,0.0,-67.802086,-67.28125,NaN
2023-07-23T12:00:00Z,0.0,-67.802086,-67.28125,NaN
2023-07-24T12:00:00Z,0.0,-67.802086,-67.28125,NaN
2023-07-25T12:00:00Z,0.0,-67.802086,-67.28125,NaN
2023-07-26T12:00:00Z,0.0,-67.802086,-67.28125,NaN
2023-07-27T12:00:00Z,0.0,-67.802086,-67.28125,NaN
2023-07-28T12:00:00Z,0.0,-67.802086,-67.28125,NaN
2023-07-29T12:00:00Z,0.0,-67.802086,-67.28125,NaN
2023-07-30T12:00:00Z,0.0,-67.802086,-67.28125,NaN
2023-07-31T12:00:00Z,0.0,-67.802086,-67.28125,NaN
2023-08-01T12:00:00Z,0.0,-67.802086,-67.28125,NaN
2023-08-02T12:00:00Z,0.0,-67.802086,-67.28125,NaN
2023-08-03T12:00:00Z,0.0,-67.802086,-67.28125,NaN
2023-08-04T12:00:00Z,0.0,-67.802086,-67.28125,NaN
2023-08-05T12:00:00Z,0.0,-67.802086,-67.28125,NaN
2023-08-06T12:00:00Z,0.0,-67.802086,-67.28125,NaN
2023-08-07T12:00:00Z,0.0,-67.802086,-67.28125,NaN
2023-08-08T12:00:00Z,0.0,-67.802086,-67.28125,NaN
2023-08-09T12:00:00Z,0.0,-67.802086,-67.28125,NaN
2023-08-10T12:00:00Z,0.0,-67.802086,-67.28125,NaN
2023-08-11T12:00:00Z,0.0,-67.802086,-67.28125,NaN
2023-08-12T12:00:00Z,0.0,-67.802086,-67.28125,NaN
2023-08-13T12:00:00Z,0.0,-67.802086,-67.28125,NaN
2023-08-14T12:00:00Z,0.0,-67.802086,-67.28125,NaN
2023-08-15T12:00:00Z,0.0,-67.802086,-67.28125,NaN
2023-08-16T12:00:00Z,0.0,-67.802086,-67.28125,NaN
2023-08-17T12:00:00Z,0.0,-67.802086,-67.28125,NaN
2023-08-18T12:00:00Z,0.0,-67.802086,-67.28125,NaN
2023-08-19T12:00:00Z,0.0,-67.802086,-67.28125,NaN
2023-08-20T12:00:00Z,0.0,-67.802086,-67.28125,NaN
2023-08-21T12:00:00Z,0.0,-67.802086,-67.28125,NaN
2023-08-22T12:00:00Z,0.0,-67.802086,-67.28125,NaN
2023-08-23T12:00:00Z,0.0,-67.802086,-67.28125,NaN
2023-08-24T12:00:00Z,0.0,-67.802086,-67.28125,NaN
2023-08-25T12:00:00Z,0.0,-67.802086,-67.28125,NaN
2023-08-26T12:00:00Z,0.0,-67.802086,-67.28125,NaN
2023-08-27T12:00:00Z,0.0,-67.802086,-67.28125,NaN
2023-08-28T12:00:00Z,0.0,-67.802086,-67.28125,NaN
2023-08-29T12:00:00Z,0.0,-67.802086,-67.28125,NaN
2023-08-30T12:00:00Z,0.0,-67.802086,-67.28125,NaN
2023-08-31T12:00:00Z,0.0,-67.802086,-67.28125,NaN
2023-09-01T12:00:00Z,0.0,-67.802086,-67.28125,NaN
2023-09-02T12:00:00Z,0.0,-67.802086,-67.28125,NaN
2023-09-03T12:00:00Z,0.0,-67.802086,-67.28125,NaN
2023-09-04T12:00:00Z,0.0,-67.802086,-67.28125,NaN
2023-09-05T12:00:00Z,0.0,-67.802086,-67.28125,NaN
2023-09-06T12:00:00Z,0.0,-67.802086,-67.28125,NaN
2023-09-07T12:00:00Z,0.0,-67.802086,-67.28125,NaN
2023-09-08T12:00:00Z,0.0,-67.802086,-67.28125,NaN
2023-09-09T12:00:00Z,0.0,-67.802086,-67.28125,NaN
2023-09-10T12:00:00Z,0.0,-67.802086,-67.28125,NaN
2023-09-11T12:00:00Z,0.0,-67.802086,-67.28125,NaN
2023-09-12T12:00:00Z,0.0,-67.802086,-67.28125,NaN
2023-09-13T12:00:00Z,0.0,-67.802086,-67.28125,NaN
2023-09-14T12:00:00Z,0.0,-67.802086,-67.28125,NaN
2023-09-15T12:00:00Z,0.0,-67.802086,-67.28125,NaN
2023-09-16T12:00:00Z,0.0,-67.802086,-67.28125,NaN
2023-09-17T12:00:00Z,0.0,-67.802086,-67.28125,NaN
2023-09-18T12:00:00Z,0.0,-67.802086,-67.28125,NaN
2023-09-19T12:00:00Z,0.0,-67.802086,-67.28125,NaN
2023-09-20T12:00:00Z,0.0,-67.802086,-67.28125,NaN
2023-09-21T12:00:00Z,0.0,-67.802086,-67.28125,NaN
2023-09-22T12:00:00Z,0.0,-67.802086,-67.28125,NaN
2023-09-23T12:00:00Z,0.0,-67.802086,-67.28125,NaN
2023-09-24T12:00:00Z,0.0,-67.802086,-67.28125,NaN
2023-09-25T12:00:00Z,0.0,-67.802086,-67.28125,NaN
2023-09-26T12:00:00Z,0.0,-67.802086,-67.28125,NaN
2023-09-27T12:00:00Z,0.0,-67.802086,-67.28125,NaN
2023-09-28T12:00:00Z,0.0,-67.802086,-67.28125,NaN
2023-09-29T12:00:00Z,0.0,-67.802086,-67.28125,NaN
2023-09-30T12:00:00Z,0.0,-67.802086,-67.28125,NaN
2023-10-01T12:00:00Z,0.0,-67.802086,-67.28125,NaN
2023-10-02T12:00:00Z,0.0,-67.802086,-67.28125,NaN
2023-10-03T12:00:00Z,0.0,-67.802086,-67.28125,NaN
2023-10-04T12:00:00Z,0.0,-67.802086,-67.28125,NaN
2023-10-05T12:00:00Z,0.0,-67.802086,-67.28125,NaN
2023-10-06T12:00:00Z,0.0,-67.802086,-67.28125,NaN
2023-10-07T12:00:00Z,0.0,-67.802086,-67.28125,NaN
2023-10-08T12:00:00Z,0.0,-67.802086,-67.28125,NaN
2023-10-09T12:00:00Z,0.0,-67.802086,-67.28125,NaN
2023-10-10T12:00:00Z,0.0,-67.802086,-67.28125,NaN
2023-10-11T12:00:00Z,0.0,-67.802086,-67.28125,NaN
2023-10-12T12:00:00Z,0.0,-67.802086,-67.28125,NaN
2023-10-13T12:00:00Z,0.0,-67.802086,-67.28125,NaN
2023-10-14T12:00:00Z,0.0,-67.802086,-67.28125,NaN
2023-10-15T12:00:00Z,0.0,-67.802086,-67.28125,NaN
2023-10-16T12:00:00Z,0.0,-67.802086,-67.28125,NaN
2023-10-17T12:00:00Z,0.0,-67.802086,-67.28125,NaN
2023-10-18T12:00:00Z,0.0,-67.802086,-67.28125,NaN
2023-10-19T12:00:00Z,0.0,-67.802086,-67.28125,NaN
2023-10-20T12:00:00Z,0.0,-67.802086,-67.28125,NaN
2023-10-21T12:00:00Z,0.0,-67.802086,-67.28125,NaN
2023-10-22T12:00:00Z,0.0,-67.802086,-67.28125,NaN
2023-10-23T12:00:00Z,0.0,-67.802086,-67.28125,NaN
2023-10-24T12:00:00Z,0.0,-67.802086,-67.28125,NaN
2023-10-25T12:00:00Z,0.0,-67.802086,-67.28125,NaN
2023-10-26T12:00:00Z,0.0,-67.802086,-67.28125,NaN
2023-10-27T12:00:00Z,0.0,-67.802086,-67.28125,NaN
2023-10-28T12:00:00Z,0.0,-67.802086,-67.28125,NaN
2023-10-29T12:00:00Z,0.0,-67.802086,-67.28125,NaN
2023-10-30T12:00:00Z,0.0,-67.802086,-67.28125,NaN
2023-10-31T12:00:00Z,0.0,-67.802086,-67.28125,NaN
2023-11-01T12:00:00Z,0.0,-67.802086,-67.28125,NaN
2023-11-02T12:00:00Z,0.0,-67.802086,-67.28125,NaN
2023-11-03T12:00:00Z,0.0,-67.802086,-67.28125,0.13633822
2023-11-04T12:00:00Z,0.0,-67.802086,-67.28125,0.11171262
2023-11-05T12:00:00Z,0.0,-67.802086,-67.28125,0.111268684
2023-11-06T12:00:00Z,0.0,-67.802086,-67.28125,0.093607254
2023-11-07T12:00:00Z,0.0,-67.802086,-67.28125,0.10168588
2023-11-08T12:00:00Z,0.0,-67.802086,-67.28125,0.09371627
2023-11-09T12:00:00Z,0.0,-67.802086,-67.28125,0.1072171
2023-11-10T12:00:00Z,0.0,-67.802086,-67.28125,0.13258791
2023-11-11T12:00:00Z,0.0,-67.802086,-67.28125,0.13507901
2023-11-12T12:00:00Z,0.0,-67.802086,-67.28125,0.10160912
2023-11-13T12:00:00Z,0.0,-67.802086,-67.28125,0.106491864
2023-11-14T12:00:00Z,0.0,-67.802086,-67.28125,0.10455204
2023-11-15T12:00:00Z,0.0,-67.802086,-67.28125,0.10324426
2023-11-16T12:00:00Z,0.0,-67.802086,-67.28125,0.10093719
2023-11-17T12:00:00Z,0.0,-67.802086,-67.28125,0.109919876
2023-11-18T12:00:00Z,0.0,-67.802086,-67.28125,0.107459776
2023-11-19T12:00:00Z,0.0,-67.802086,-67.28125,0.109206565
2023-11-20T12:00:00Z,0.0,-67.802086,-67.28125,0.12896602
2023-11-21T12:00:00Z,0.0,-67.802086,-67.28125,0.17074148
2023-11-22T12:00:00Z,0.0,-67.802086,-67.28125,0.1626325
2023-11-23T12:00:00Z,0.0,-67.802086,-67.28125,0.18124038
2023-11-24T12:00:00Z,0.0,-67.802086,-67.28125,0.19406904
2023-11-25T12:00:00Z,0.0,-67.802086,-67.28125,0.19008553
2023-11-26T12:00:00Z,0.0,-67.802086,-67.28125,0.20949021
2023-11-27T12:00:00Z,0.0,-67.802086,-67.28125,0.24179143
2023-11-28T12:00:00Z,0.0,-67.802086,-67.28125,0.22234985
2023-11-29T12:00:00Z,0.0,-67.802086,-67.28125,0.16390793
2023-11-30T12:00:00Z,0.0,-67.802086,-67.28125,0.20467363
2023-12-02T12:00:00Z,0.0,-67.802086,-67.28125,0.26606864
2023-12-03T12:00:00Z,0.0,-67.802086,-67.28125,0.22738762
2023-12-04T12:00:00Z,0.0,-67.802086,-67.28125,0.21233207
2023-12-05T12:00:00Z,0.0,-67.802086,-67.28125,0.23807575
2023-12-06T12:00:00Z,0.0,-67.802086,-67.28125,0.23947757
2023-12-07T12:00:00Z,0.0,-67.802086,-67.28125,0.23254678
2023-12-08T12:00:00Z,0.0,-67.802086,-67.28125,0.2078457
2023-12-09T12:00:00Z,0.0,-67.802086,-67.28125,0.21510783
2023-12-10T12:00:00Z,0.0,-67.802086,-67.28125,0.25375926
2023-12-11T12:00:00Z,0.0,-67.802086,-67.28125,0.25366613
2023-12-12T12:00:00Z,0.0,-67.802086,-67.28125,0.26408708
2023-12-13T12:00:00Z,0.0,-67.802086,-67.28125,0.26951778
2023-12-14T12:00:00Z,0.0,-67.802086,-67.28125,0.27856976
2023-12-15T12:00:00Z,0.0,-67.802086,-67.28125,0.2807342
2023-12-16T12:00:00Z,0.0,-67.802086,-67.28125,0.27740997
2023-12-17T12:00:00Z,0.0,-67.802086,-67.28125,0.26811436
2023-12-18T12:00:00Z,0.0,-67.802086,-67.28125,0.2635873
2023-12-19T12:00:00Z,0.0,-67.802086,-67.28125,0.25356382
2023-12-20T12:00:00Z,0.0,-67.802086,-67.28125,0.23885654
2023-12-21T12:00:00Z,0.0,-67.802086,-67.28125,0.27761173
2023-12-22T12:00:00Z,0.0,-67.802086,-67.28125,0.28740245
2023-12-23T12:00:00Z,0.0,-67.802086,-67.28125,0.3648534
2023-12-25T12:00:00Z,0.0,-67.802086,-67.28125,0.8854181
2023-12-26T12:00:00Z,0.0,-67.802086,-67.28125,0.75319207
2023-12-27T12:00:00Z,0.0,-67.802086,-67.28125,0.69820094
2023-12-28T12:00:00Z,0.0,-67.802086,-67.28125,0.61988807
2023-12-29T12:00:00Z,0.0,-67.802086,-67.28125,0.58698153
2023-12-30T12:00:00Z,0.0,-67.802086,-67.28125,0.7691597
2023-12-31T12:00:00Z,0.0,-67.802086,-67.28125,0.7220395
