time,altitude,latitude,longitude,chlor_a
UTC,m,degrees_north,degrees_east,mg m^-3
2018-01-01T12:00:00Z,0.0,-68.177086,-66.989586,0.80711424
2018-01-02T12:00:00Z,0.0,-68.177086,-66.989586,0.6109781
2018-01-03T12:00:00Z,0.0,-68.177086,-66.989586,0.7357581
2018-01-04T12:00:00Z,0.0,-68.177086,-66.989586,0.74482596
2018-01-05T12:00:00Z,0.0,-68.177086,-66.989586,0.81494343
2018-01-06T12:00:00Z,0.0,-68.177086,-66.989586,1.0050266
2018-01-07T12:00:00Z,0.0,-68.177086,-66.989586,0.9237988
2018-01-08T12:00:00Z,0.0,-68.177086,-66.989586,0.8427196
2018-01-09T12:00:00Z,0.0,-68.177086,-66.989586,0.9493036
2018-01-10T12:00:00Z,0.0,-68.177086,-66.989586,1.047072
2018-01-11T12:00:00Z,0.0,-68.177086,-66.989586,0.99573815
2018-01-12T12:00:00Z,0.0,-68.177086,-66.989586,0.78158545
2018-01-13T12:00:00Z,0.0,-68.177086,-66.989586,1.1751391
2018-01-14T12:00:00Z,0.0,-68.177086,-66.989586,1.5310503
2018-01-15T12:00:00Z,0.0,-68.177086,-66.989586,1.5060118
2018-01-16T12:00:00Z,0.0,-68.177086,-66.989586,1.0531585
2018-01-17T12:00:00Z,0.0,-68.177086,-66.989586,1.2068304
2018-01-18T12:00:00Z,0.0,-68.177086,-66.989586,1.0993682
2018-01-19T12:00:00Z,0.0,-68.177086,-66.989586,0.92426586
2018-01-20T12:00:00Z,0.0,-68.177086,-66.989586,0.9192432
2018-01-21T12:00:00Z,0.0,-68.177086,-66.989586,1.1418997
2018-01-22T12:00:00Z,0.0,-68.177086,-66.989586,1.1127559
2018-01-23T12:00:00Z,0.0,-68.177086,-66.989586,1.062722
2018-01-24T12:00:00Z,0.0,-68.177086,-66.989586,1.047722
2018-01-25T12:00:00Z,0.0,-68.177086,-66.989586,1.0664945
2018-01-26T12:00:00Z,0.0,-68.177086,-66.989586,0.83382267
2018-01-27T12:00:00Z,0.0,-68.177086,-66.989586,0.7765725
2018-01-28T12:00:00Z,0.0,-68.177086,-66.989586,0.8046738
2018-01-29T12:00:00Z,0.0,-68.177086,-66.989586,0.76694584
2018-01-30T12:00:00Z,0.0,-68.177086,-66.989586,0.7693922
2018-01-31T12:00:00Z,0.0,-68.177086,-66.989586,0.7630532
2018-02-01T12:00:00Z,0.0,-68.177086,-66.989586,0.71975476
2018-02-02T12:00:00Z,0.0,-68.177086,-66.989586,0.663727
2018-02-03T12:00:00Z,0.0,-68.177086,-66.989586,0.5024485
2018-02-04T12:00:00Z,0.0,-68.177086,-66.989586,0.58345133
2018-02-05T12:00:00Z,0.0,-68.177086,-66.989586,0.84967613
2018-02-06T12:00:00Z,0.0,-68.177086,-66.989586,0.8318113
2018-02-07T12:00:00Z,0.0,-68.177086,-66.989586,0.5285951
2018-02-08T12:00:00Z,0.0,-68.177086,-66.989586,0.4570813
2018-02-09T12:00:00Z,0.0,-68.177086,-66.989586,0.44038427
2018-02-10T12:00:00Z,0.0,-68.177086,-66.989586,0.40998298
2018-02-11T12:00:00Z,0.0,-68.177086,-66.989586,0.36868337
2018-02-12T12:00:00Z,0.0,-68.177086,-66.989586,0.35464486
2018-02-13T12:00:00Z,0.0,-68.177086,-66.989586,0.3355735
2018-02-14T12:00:00Z,0.0,-68.177086,-66.989586,0.34180716
2018-02-15T12:00:00Z,0.0,-68.177086,-66.989586,0.24693953
2018-02-16T12:00:00Z,0.0,-68.177086,-66.989586,0.24460071
2018-02-17T12:00:00Z,0.0,-68.177086,-66.989586,0.25317916
2018-02-18T12:00:00Z,0.0,-68.177086,-66.989586,0.29315323
2018-02-19T12:00:00Z,0.0,-68.177086,-66.989586,0.39548743
2018-02-20T12:00:00Z,0.0,-68.177086,-66.989586,0.5396623
2018-02-21T12:00:00Z,0.0,-68.177086,-66.989586,0.4866557
2018-02-22T12:00:00Z,0.0,-68.177086,-66.989586,0.45973432
2018-02-23T12:00:00Z,0.0,-68.177086,-66.989586,0.44428584
2018-02-24T12:00:00Z,0.0,-68.177086,-66.989586,0.39243722
2018-02-25T12:00:00Z,0.0,-68.177086,-66.989586,0.49519718
2018-02-26T12:00:00Z,0.0,-68.177086,-66.989586,0.5569972
2018-02-27T12:00:00Z,0.0,-68.177086,-66.989586,NaN
2018-02-28T12:00:00Z,0.0,-68.177086,-66.989586,NaN
2018-03-01T12:00:00Z,0.0,-68.177086,-66.989586,NaN
2018-03-02T12:00:00Z,0.0,-68.177086,-66.989586,NaN
2018-03-03T12:00:00Z,0.0,-68.177086,-66.989586,NaN
2018-03-04T12:00:00Z,0.0,-68.177086,-66.989586,NaN
2018-03-05T12:00:00Z,0.0,-68.177086,-66.989586,NaN
2018-03-06T12:00:00Z,0.0,-68.177086,-66.989586,NaN
2018-03-07T12:00:00Z,0.0,-68.177086,-66.989586,NaN
2018-03-08T12:00:00Z,0.0,-68.177086,-66.989586,NaN
2018-03-09T12:00:00Z,0.0,-68.177086,-66.989586,NaN
2018-03-10T12:00:00Z,0.0,-68.177086,-66.989586,NaN
2018-03-11T12:00:00Z,0.0,-68.177086,-66.989586,NaN
2018-03-12T12:00:00Z,0.0,-68.177086,-66.989586,NaN
2018-03-13T12:00:00Z,0.0,-68.177086,-66.989586,NaN
2018-03-14T12:00:00Z,0.0,-68.177086,-66.989586,NaN
2018-03-15T12:00:00Z,0.0,-68.177086,-66.989586,NaN
2018-03-16T12:00:00Z,0.0,-68.177086,-66.989586,NaN
2018-03-17T12:00:00Z,0.0,-68.177086,-66.989586,NaN
2018-03-18T12:00:00Z,0.0,-68.177086,-66.989586,NaN
2018-03-19T12:00:00Z,0.0,-68.177086,-66.989586,NaN
2018-03-20T12:00:00Z,0.0,-68.177086,-66.989586,NaN
2018-03-21T12:00:00Z,0.0,-68.177086,-66.989586,NaN
2018-03-22T12:00:00Z,0.0,-68.177086,-66.989586,NaN
2018-03-23T12:00:00Z,0.0,-68.177086,-66.989586,NaN
2018-03-24T12:00:00Z,0.0,-68.177086,-66.989586,NaN
2018-03-25T12:00:00Z,0.0,-68.177086,-66.989586,NaN
2018-03-26T12:00:00Z,0.0,-68.177086,-66.989586,NaN
2018-03-27T12:00:00Z,0.0,-68.177086,-66.989586,NaN
2018-03-28T12:00:00Z,0.0,-68.177086,-66.989586,NaN
2018-03-29T12:00:00Z,0.0,-68.177086,-66.989586,NaN
2018-03-30T12:00:00Z,0.0,-68.177086,-66.989586,NaN
2018-03-31T12:00:00Z,0.0,-68.177086,-66.989586,NaN
2018-04-01T12:00:00Z,0.0,-68.177086,-66.989586,NaN
2018-04-02T12:00:00Z,0.0,-68.177086,-66.989586,NaN
2018-04-03T12:00:00Z,0.0,-68.177086,-66.989586,NaN
2018-04-04T12:00:00Z,0.0,-68.177086,-66.989586,NaN
2018-04-05T12:00:00Z,0.0,-68.177086,-66.989586,NaN
2018-04-06T12:00:00Z,0.0,-68.177086,-66.989586,NaN
2018-04-07T12:00:00Z,0.0,-68.177086,-66.989586,NaN
2018-04-08T12:00:00Z,0.0,-68.177086,-66.989586,NaN
2018-04-09T12:00:00Z,0.0,-68.177086,-66.989586,NaN
2018-04-10T12:00:00Z,0.0,-68.177086,-66.989586,NaN
2018-04-11T12:00:00Z,0.0,-68.177086,-66.989586,NaN
2018-04-12T12:00:00Z,0.0,-68.177086,-66.989586,NaN
2018-04-13T12:00:00Z,0.0,-68.177086,-66.989586,NaN
2018-04-14T12:00:00Z,0.0,-68.177086,-66.989586,NaN
2018-04-15T12:00:00Z,0.0,-68.177086,-66.989586,NaN
2018-04-16T12:00:00Z,0.0,-68.177086,-66.989586,NaN
2018-04-17T12:00:00Z,0.0,-68.177086,-66.989586,NaN
2018-04-18T12:00:00Z,0.0,-68.177086,-66.989586,NaN
2018-04-19T12:00:00Z,0.0,-68.177086,-66.989586,NaN
2018-04-20T12:00:00Z,0.0,-68.177086,-66.989586,NaN
2018-04-21T12:00:00Z,0.0,-68.177086,-66.989586,NaN
2018-04-22T12:00:00Z,0.0,-68.177086,-66.989586,NaN
2018-04-23T12:00:00Z,0.0,-68.177086,-66.989586,NaN
2018-04-24T12:00:00Z,0.0,-68.177086,-66.989586,NaN
2018-04-25T12:00:00Z,0.0,-68.177086,-66.989586,NaN
2018-04-26T12:00:00Z,0.0,-68.177086,-66.989586,NaN
2018-04-27T12:00:00Z,0.0,-68.177086,-66.989586,NaN
2018-04-28T12:00:00Z,0.0,-68.177086,-66.989586,NaN
2018-04-29T12:00:00Z,0.0,-68.177086,-66.989586,NaN
2018-04-30T12:00:00Z,0.0,-68.177086,-66.989586,NaN
2018-05-01T12:00:00Z,0.0,-68.177086,-66.989586,NaN
2018-05-02T12:00:00Z,0.0,-68.177086,-66.989586,NaN
2018-05-03T12:00:00Z,0.0,-68.177086,-66.989586,NaN
2018-05-04T12:00:00Z,0.0,-68.177086,-66.989586,NaN
2018-05-05T12:00:00Z,0.0,-68.177086,-66.989586,NaN
2018-05-06T12:00:00Z,0.0,-68.177086,-66.989586,NaN
2018-05-07T12:00:00Z,0.0,-68.177086,-66.989586,NaN
2018-05-08T12:00:00Z,0.0,-68.177086,-66.989586,NaN
2018-05-09T12:00:00Z,0.0,-68.177086,-66.989586,NaN
2018-05-10T12:00:00Z,0.0,-68.177086,-66.989586,NaN
2018-05-11T12:00:00Z,0.0,-68.177086,-66.989586,NaN
2018-05-12T12:00:00Z,0.0,-68.177086,-66.989586,NaN
2018-05-13T12:00:00Z,0.0,-68.177086,-66.989586,NaN
2018-05-14T12:00:00Z,0.0,-68.177086,-66.989586,NaN
2018-05-15T12:00:00Z,0.0,-68.177086,-66.989586,NaN
2018-05-16T12:00:00Z,0.0,-68.177086,-66.989586,NaN
2018-05-17T12:00:00Z,0.0,-68.177086,-66.989586,NaN
2018-05-18T12:00:00Z,0.0,-68.177086,-66.989586,NaN
2018-05-19T12:00:00Z,0.0,-68.177086,-66.989586,NaN
2018-05-20T12:00:00Z,0.0,-68.177086,-66.989586,NaN
2018-05-21T12:00:00Z,0.0,-68.177086,-66.989586,NaN
2018-05-22T12:00:00Z,0.0,-68.177086,-66.989586,NaN
2018-05-23T12:00:00Z,0.0,-68.177086,-66.989586,NaN
2018-05-24T12:00:00Z,0.0,-68.177086,-66.989586,NaN
2018-05-25T12:00:00Z,0.0,-68.177086,-66.989586,NaN
2018-05-26T12:00:00Z,0.0,-68.177086,-66.989586,NaN
2018-05-27T12:00:00Z,0.0,-68.177086,-66.989586,NaN
2018-05-28T12:00:00Z,0.0,-68.177086,-66.989586,NaN
2018-05-29T12:00:00Z,0.0,-68.177086,-66.989586,NaN
2018-05-30T12:00:00Z,0.0,-68.177086,-66.989586,NaN
2018-05-31T12:00:00Z,0.0,-68.177086,-66.989586,NaN
2018-06-01T12:00:00Z,0.0,-68.177086,-66.989586,NaN
2018-06-02T12:00:00Z,0.0,-68.177086,-66.989586,NaN
2018-06-03T12:00:00Z,0.0,-68.177086,-66.989586,NaN
2018-06-04T12:00:00Z,0.0,-68.177086,-66.989586,NaN
2018-06-05T12:00:00Z,0.0,-68.177086,-66.989586,NaN
2018-06-06T12:00:00Z,0.0,-68.177086,-66.989586,NaN
2018-06-07T12:00:00Z,0.0,-68.177086,-66.989586,NaN
2018-06-08T12:00:00Z,0.0,-68.177086,-66.989586,NaN
2018-06-09T12:00:00Z,0.0,-68.177086,-66.989586,NaN
2018-06-10T12:00:00Z,0.0,-68.177086,-66.989586,NaN
2018-06-11T12:00:00Z,0.0,-68.177086,-66.989586,NaN
2018-06-12T12:00:00Z,0.0,-68.177086,-66.989586,NaN
2018-06-13T12:00:00Z,0.0,-68.177086,-66.989586,NaN
2018-06-14T12:00:00Z,0.0,-68.177086,-66.989586,NaN
2018-06-15T12:00:00Z,0.0,-68.177086,-66.989586,NaN
2018-06-16T12:00:00Z,0.0,-68.177086,-66.989586,NaN
2018-06-17T12:00:00Z,0.0,-68.177086,-66.989586,NaN
2018-06-18T12:00:00Z,0.0,-68.177086,-66.989586,NaN
2018-06-19T12:00:00Z,0.0,-68.177086,-66.989586,NaN
2018-06-20T12:00:00Z,0.0,-68.177086,-66.989586,NaN
2018-06-21T12:00:00Z,0.0,-68.177086,-66.989586,NaN
2018-06-22T12:00:00Z,0.0,-68.177086,-66.989586,NaN
2018-06-23T12:00:00Z,0.0,-68.177086,-66.989586,NaN
2018-06-24T12:00:00Z,0.0,-68.177086,-66.989586,NaN
2018-06-25T12:00:00Z,0.0,-68.177086,-66.989586,NaN
2018-06-26T12:00:00Z,0.0,-68.177086,-66.989586,NaN
2018-06-27T12:00:00Z,0.0,-68.177086,-66.989586,NaN
2018-06-28T12:00:00Z,0.0,-68.177086,-66.989586,NaN
2018-06-29T12:00:00Z,0.0,-68.177086,-66.989586,NaN
2018-06-30T12:00:00Z,0.0,-68.177086,-66.989586,NaN
2018-07-01T12:00:00Z,0.0,-68.177086,-66.989586,NaN
2018-07-02T12:00:00Z,0.0,-68.177086,-66.989586,NaN
2018-07-03T12:00:00Z,0.0,-68.177086,-66.989586,NaN
2018-07-04T12:00:00Z,0.0,-68.177086,-66.989586,NaN
2018-07-05T12:00:00Z,0.0,-68.177086,-66.989586,NaN
2018-07-06T12:00:00Z,0.0,-68.177086,-66.989586,NaN
2018-07-07T12:00:00Z,0.0,-68.177086,-66.989586,NaN
2018-07-08T12:00:00Z,0.0,-68.177086,-66.989586,NaN
2018-07-09T12:00:00Z,0.0,-68.177086,-66.989586,NaN
2018-07-10T12:00:00Z,0.0,-68.177086,-66.989586,NaN
2018-07-11T12:00:00Z,0.0,-68.177086,-66.989586,NaN
2018-07-12T12:00:00Z,0.0,-68.177086,-66.989586,NaN
2018-07-13T12:00:00Z,0.0,-68.177086,-66.989586,NaN
2018-07-14T12:00:00Z,0.0,-68.177086,-66.989586,NaN
2018-07-15T12:00:00Z,0.0,-68.177086,-66.989586,NaN
2018-07-16T12:00:00Z,0.0,-68.177086,-66.989586,NaN
2018-07-17T12:00:00Z,0.0,-68.177086,-66.989586,NaN
2018-07-18T12:00:00Z,0.0,-68.177086,-66.989586,NaN
2018-07-19T12:00:00Z,0.0,-68.177086,-66.989586,NaN
2018-07-20T12:00:00Z,0.0,-68.177086,-66.989586,NaN
2018-07-21T12:00:00Z,0.0,-68.177086,-66.989586,NaN
2018-07-22T12:00:00Z,0.0,-68.177086,-66.989586,NaN
2018-07-23T12:00:00Z,0.0,-68.177086,-66.989586,NaN
2018-07-24T12:00:00Z,0.0,-68.177086,-66.989586,NaN
2018-07-25T12:00:00Z,0.0,-68.177086,-66.989586,NaN
2018-07-26T12:00:00Z,0.0,-68.177086,-66.989586,NaN
2018-07-27T12:00:00Z,0.0,-68.177086,-66.989586,NaN
2018-07-28T12:00:00Z,0.0,-68.177086,-66.989586,NaN
2018-07-29T12:00:00Z,0.0,-68.177086,-66.989586,NaN
2018-07-30T12:00:00Z,0.0,-68.177086,-66.989586,NaN
2018-07-31T12:00:00Z,0.0,-68.177086,-66.989586,NaN
2018-08-01T12:00:00Z,0.0,-68.177086,-66.989586,NaN
2018-08-02T12:00:00Z,0.0,-68.177086,-66.989586,NaN
2018-08-03T12:00:00Z,0.0,-68.177086,-66.989586,NaN
2018-08-04T12:00:00Z,0.0,-68.177086,-66.989586,NaN
2018-08-05T12:00:00Z,0.0,-68.177086,-66.989586,NaN
2018-08-06T12:00:00Z,0.0,-68.177086,-66.989586,NaN
2018-08-07T12:00:00Z,0.0,-68.177086,-66.989586,NaN
2018-08-08T12:00:00Z,0.0,-68.177086,-66.989586,NaN
2018-08-09T12:00:00Z,0.0,-68.177086,-66.989586,NaN
2018-08-10T12:00:00Z,0.0,-68.177086,-66.989586,NaN
2018-08-11T12:00:00Z,0.0,-68.177086,-66.989586,NaN
2018-08-12T12:00:00Z,0.0,-68.177086,-66.989586,NaN
2018-08-13T12:00:00Z,0.0,-68.177086,-66.989586,NaN
2018-08-14T12:00:00Z,0.0,-68.177086,-66.989586,NaN
2018-08-15T12:00:00Z,0.0,-68.177086,-66.989586,NaN
2018-08-16T12:00:00Z,0.0,-68.177086,-66.989586,NaN
2018-08-17T12:00:00Z,0.0,-68.177086,-66.989586,NaN
2018-08-18T12:00:00Z,0.0,-68.177086,-66.989586,NaN
2018-08-19T12:00:00Z,0.0,-68.177086,-66.989586,NaN
2018-08-20T12:00:00Z,0.0,-68.177086,-66.989586,NaN
2018-08-21T12:00:00Z,0.0,-68.177086,-66.989586,NaN
2018-08-22T12:00:00Z,0.0,-68.177086,-66.989586,NaN
2018-08-23T12:00:00Z,0.0,-68.177086,-66.989586,NaN
2018-08-24T12:00:00Z,0.0,-68.177086,-66.989586,NaN
2018-08-25T12:00:00Z,0.0,-68.177086,-66.989586,NaN
2018-08-26T12:00:00Z,0.0,-68.177086,-66.989586,NaN
2018-08-27T12:00:00Z,0.0,-68.177086,-66.989586,NaN
2018-08-28T12:00:00Z,0.0,-68.177086,-66.989586,NaN
2018-08-29T12:00:00Z,0.0,-68.177086,-66.989586,NaN
2018-08-30T12:00:00Z,0.0,-68.177086,-66.989586,NaN
2018-08-31T12:00:00Z,0.0,-68.177086,-66.989586,NaN
2018-09-01T12:00:00Z,0.0,-68.177086,-66.989586,NaN
2018-09-02T12:00:00Z,0.0,-68.177086,-66.989586,NaN
2018-09-03T12:00:00Z,0.0,-68.177086,-66.989586,NaN
2018-09-04T12:00:00Z,0.0,-68.177086,-66.989586,NaN
2018-09-05T12:00:00Z,0.0,-68.177086,-66.989586,NaN
2018-09-06T12:00:00Z,0.0,-68.177086,-66.989586,NaN
2018-09-07T12:00:00Z,0.0,-68.177086,-66.989586,NaN
2018-09-08T12:00:00Z,0.0,-68.177086,-66.989586,NaN
2018-09-09T12:00:00Z,0.0,-68.177086,-66.989586,NaN
2018-09-10T12:00:00Z,0.0,-68.177086,-66.989586,NaN
2018-09-11T12:00:00Z,0.0,-68.177086,-66.989586,NaN
2018-09-12T12:00:00Z,0.0,-68.177086,-66.989586,NaN
2018-09-13T12:00:00Z,0.0,-68.177086,-66.989586,NaN
2018-09-14T12:00:00Z,0.0,-68.177086,-66.989586,NaN
2018-09-15T12:00:00Z,0.0,-68.177086,-66.989586,NaN
2018-09-16T12:00:00Z,0.0,-68.177086,-66.989586,NaN
2018-09-17T12:00:00Z,0.0,-68.177086,-66.989586,NaN
2018-09-18T12:00:00Z,0.0,-68.177086,-66.989586,NaN
2018-09-19T12:00:00Z,0.0,-68.177086,-66.989586,NaN
2018-09-20T12:00:00Z,0.0,-68.177086,-66.989586,NaN
2018-09-21T12:00:00Z,0.0,-68.177086,-66.989586,NaN
2018-09-22T12:00:00Z,0.0,-68.177086,-66.989586,NaN
2018-09-23T12:00:00Z,0.0,-68.177086,-66.989586,NaN
2018-09-24T12:00:00Z,0.0,-68.177086,-66.989586,NaN
2018-09-25T12:00:00Z,0.0,-68.177086,-66.989586,NaN
2018-09-26T12:00:00Z,0.0,-68.177086,-66.989586,NaN
2018-09-27T12:00:00Z,0.0,-68.177086,-66.989586,NaN
2018-09-28T12:00:00Z,0.0,-68.177086,-66.989586,NaN
2018-09-29T12:00:00Z,0.0,-68.177086,-66.989586,NaN
2018-09-30T12:00:00Z,0.0,-68.177086,-66.989586,NaN
2018-10-01T12:00:00Z,0.0,-68.177086,-66.989586,NaN
2018-10-02T12:00:00Z,0.0,-68.177086,-66.989586,NaN
2018-10-03T12:00:00Z,0.0,-68.177086,-66.989586,NaN
2018-10-04T12:00:00Z,0.0,-68.177086,-66.989586,NaN
2018-10-05T12:00:00Z,0.0,-68.177086,-66.989586,NaN
2018-10-06T12:00:00Z,0.0,-68.177086,-66.989586,NaN
2018-10-07T12:00:00Z,0.0,-68.177086,-66.989586,NaN
2018-10-08T12:00:00Z,0.0,-68.177086,-66.989586,NaN
2018-10-09T12:00:00Z,0.0,-68.177086,-66.989586,NaN
2018-10-10T12:00:00Z,0.0,-68.177086,-66.989586,NaN
2018-10-11T12:00:00Z,0.0,-68.177086,-66.989586,NaN
2018-10-12T12:00:00Z,0.0,-68.177086,-66.989586,NaN
2018-10-13T12:00:00Z,0.0,-68.177086,-66.989586,NaN
2018-10-14T12:00:00Z,0.0,-68.177086,-66.989586,NaN
2018-10-15T12:00:00Z,0.0,-68.177086,-66.989586,NaN
2018-10-16T12:00:00Z,0.0,-68.177086,-66.989586,NaN
2018-10-17T12:00:00Z,0.0,-68.177086,-66.989586,NaN
2018-10-18T12:00:00Z,0.0,-68.177086,-66.989586,NaN
2018-10-19T12:00:00Z,0.0,-68.177086,-66.989586,NaN
2018-10-20T12:00:00Z,0.0,-68.177086,-66.989586,NaN
2018-10-21T12:00:00Z,0.0,-68.177086,-66.989586,NaN
2018-10-22T12:00:00Z,0.0,-68.177086,-66.989586,NaN
2018-10-23T12:00:00Z,0.0,-68.177086,-66.989586,NaN
2018-10-24T12:00:00Z,0.0,-68.177086,-66.989586,NaN
2018-10-25T12:00:00Z,0.0,-68.177086,-66.989586,NaN
2018-10-26T12:00:00Z,0.0,-68.177086,-66.989586,NaN
2018-10-27T12:00:00Z,0.0,-68.177086,-66.989586,NaN
2018-10-28T12:00:00Z,0.0,-68.177086,-66.989586,NaN
2018-10-29T12:00:00Z,0.0,-68.177086,-66.989586,NaN
2018-10-30T12:00:00Z,0.0,-68.177086,-66.989586,NaN
2018-10-31T12:00:00Z,0.0,-68.177086,-66.989586,NaN
2018-11-01T12:00:00Z,0.0,-68.177086,-66.989586,NaN
2018-11-02T12:00:00Z,0.0,-68.177086,-66.989586,NaN
2018-11-03T12:00:00Z,0.0,-68.177086,-66.989586,NaN
2018-11-04T12:00:00Z,0.0,-68.177086,-66.989586,NaN
2018-11-05T12:00:00Z,0.0,-68.177086,-66.989586,0.24641843
2018-11-06T12:00:00Z,0.0,-68.177086,-66.989586,0.24915901
2018-11-07T12:00:00Z,0.0,-68.177086,-66.989586,0.23909745
2018-11-08T12:00:00Z,0.0,-68.177086,-66.989586,0.25681162
2018-11-09T12:00:00Z,0.0,-68.177086,-66.989586,0.2588459
2018-11-10T12:00:00Z,0.0,-68.177086,-66.989586,0.2605326
2018-11-11T12:00:00Z,0.0,-68.177086,-66.989586,0.27560297
2018-11-12T12:00:00Z,0.0,-68.177086,-66.989586,0.25062218
2018-11-13T12:00:00Z,0.0,-68.177086,-66.989586,0.25794193
2018-11-14T12:00:00Z,0.0,-68.177086,-66.989586,0.2592298
2018-11-15T12:00:00Z,0.0,-68.177086,-66.989586,0.2665004
2018-11-16T12:00:00Z,0.0,-68.177086,-66.989586,0.25720254
2018-11-17T12:00:00Z,0.0,-68.177086,-66.989586,0.25394005
2018-11-18T12:00:00Z,0.0,-68.177086,-66.989586,0.25753176
2018-11-19T12:00:00Z,0.0,-68.177086,-66.989586,0.27889442
2018-11-20T12:00:00Z,0.0,-68.177086,-66.989586,0.31662157
2018-11-21T12:00:00Z,0.0,-68.177086,-66.989586,0.2912311
2018-11-22T12:00:00Z,0.0,-68.177086,-66.989586,0.26298898
2018-11-23T12:00:00Z,0.0,-68.177086,-66.989586,0.27040693
2018-11-24T12:00:00Z,0.0,-68.177086,-66.989586,0.2835746
2018-11-25T12:00:00Z,0.0,-68.177086,-66.989586,0.274223
2018-11-26T12:00:00Z,0.0,-68.177086,-66.989586,0.27275038
2018-11-27T12:00:00Z,0.0,-68.177086,-66.989586,0.2848156
2018-11-28T12:00:00Z,0.0,-68.177086,-66.989586,0.2766828
2018-11-29T12:00:00Z,0.0,-68.177086,-66.989586,0.2796058
2018-11-30T12:00:00Z,0.0,-68.177086,-66.989586,0.29887804
2018-12-01T12:00:00Z,0.0,-68.177086,-66.989586,0.29539758
2018-12-02T12:00:00Z,0.0,-68.177086,-66.989586,0.28257215
2018-12-03T12:00:00Z,0.0,-68.177086,-66.989586,0.2850198
2018-12-04T12:00:00Z,0.0,-68.177086,-66.989586,0.28944442
2018-12-05T12:00:00Z,0.0,-68.177086,-66.989586,0.28813767
2018-12-06T12:00:00Z,0.0,-68.177086,-66.989586,0.29259
2018-12-07T12:00:00Z,0.0,-68.177086,-66.989586,0.3092379
2018-12-08T12:00:00Z,0.0,-68.177086,-66.989586,0.28551167
2018-12-09T12:00:00Z,0.0,-68.177086,-66.989586,0.291571
2018-12-10T12:00:00Z,0.0,-68.177086,-66.989586,0.2979933
2018-12-11T12:00:00Z,0.0,-68.177086,-66.989586,0.28754354
2018-12-12T12:00:00Z,0.0,-68.177086,-66.989586,0.2729927
2018-12-13T12:00:00Z,0.0,-68.177086,-66.989586,0.27960685
2018-12-14T12:00:00Z,0.0,-68.177086,-66.989586,0.28652576
2018-12-15T12:00:00Z,0.0,-68.177086,-66.989586,0.2887799
2018-12-16T12:00:00Z,0.0,-68.177086,-66.989586,0.288482
2018-12-17T12:00:00Z,0.0,-68.177086,-66.989586,0.30593154
2018-12-18T12:00:00Z,0.0,-68.177086,-66.989586,0.31510592
2018-12-19T12:00:00Z,0.0,-68.177086,-66.989586,0.31103316
2018-12-20T12:00:00Z,0.0,-68.177086,-66.989586,0.30165458
2018-12-21T12:00:00Z,0.0,-68.177086,-66.989586,0.29877245
2018-12-22T12:00:00Z,0.0,-68.177086,-66.989586,0.3110496
2018-12-23T12:00:00Z,0.0,-68.177086,-66.989586,0.34390122
2018-12-24T12:00:00Z,0.0,-68.177086,-66.989586,0.34261736
2018-12-25T12:00:00Z,0.0,-68.177086,-66.989586,0.31849122
2018-12-26T12:00:00Z,0.0,-68.177086,-66.989586,0.32271704
2018-12-27T12:00:00Z,0.0,-68.177086,-66.989586,0.3341915
2018-12-28T12:00:00Z,0.0,-68.177086,-66.989586,0.33277518
2018-12-29T12:00:00Z,0.0,-68.177086,-66.989586,0.33861837
2018-12-30T12:00:00Z,0.0,-68.177086,-66.989586,0.34360746
2018-12-31T12:00:00Z,0.0,-68.177086,-66.989586,0.3451177
2019-01-01T12:00:00Z,0.0,-68.177086,-66.989586,0.33147618
2019-01-02T12:00:00Z,0.0,-68.177086,-66.989586,0.3333529
2019-01-03T12:00:00Z,0.0,-68.177086,-66.989586,0.33266464
2019-01-04T12:00:00Z,0.0,-68.177086,-66.989586,0.33361802
2019-01-05T12:00:00Z,0.0,-68.177086,-66.989586,0.32807046
2019-01-06T12:00:00Z,0.0,-68.177086,-66.989586,0.3159913
2019-01-07T12:00:00Z,0.0,-68.177086,-66.989586,0.3094383
2019-01-08T12:00:00Z,0.0,-68.177086,-66.989586,0.32614988
2019-01-09T12:00:00Z,0.0,-68.177086,-66.989586,0.3292287
2019-01-10T12:00:00Z,0.0,-68.177086,-66.989586,0.33378538
2019-01-11T12:00:00Z,0.0,-68.177086,-66.989586,0.32249323
2019-01-12T12:00:00Z,0.0,-68.177086,-66.989586,0.32207337
2019-01-13T12:00:00Z,0.0,-68.177086,-66.989586,0.33092266
2019-01-14T12:00:00Z,0.0,-68.177086,-66.989586,0.32410985
2019-01-15T12:00:00Z,0.0,-68.177086,-66.989586,0.32576945
2019-01-16T12:00:00Z,0.0,-68.177086,-66.989586,0.5039169
2019-01-17T12:00:00Z,0.0,-68.177086,-66.989586,0.50142956
2019-01-18T12:00:00Z,0.0,-68.177086,-66.989586,0.5259731
2019-01-19T12:00:00Z,0.0,-68.177086,-66.989586,0.47637144
2019-01-20T12:00:00Z,0.0,-68.177086,-66.989586,0.46625048
2019-01-21T12:00:00Z,0.0,-68.177086,-66.989586,0.5429976
2019-01-22T12:00:00Z,0.0,-68.177086,-66.989586,0.51384073
2019-01-23T12:00:00Z,0.0,-68.177086,-66.989586,0.49467596
2019-01-24T12:00:00Z,0.0,-68.177086,-66.989586,0.5960382
2019-01-25T12:00:00Z,0.0,-68.177086,-66.989586,0.46730542
2019-01-26T12:00:00Z,0.0,-68.177086,-66.989586,0.46260375
2019-01-27T12:00:00Z,0.0,-68.177086,-66.989586,0.48791724
2019-01-28T12:00:00Z,0.0,-68.177086,-66.989586,0.49115828
2019-01-29T12:00:00Z,0.0,-68.177086,-66.989586,0.51436967
2019-01-30T12:00:00Z,0.0,-68.177086,-66.989586,0.5339172
2019-01-31T12:00:00Z,0.0,-68.177086,-66.989586,0.52482104
2019-02-01T12:00:00Z,0.0,-68.177086,-66.989586,0.5146046
2019-02-02T12:00:00Z,0.0,-68.177086,-66.989586,0.4888615
2019-02-03T12:00:00Z,0.0,-68.177086,-66.989586,0.47550103
2019-02-04T12:00:00Z,0.0,-68.177086,-66.989586,0.48885804
2019-02-05T12:00:00Z,0.0,-68.177086,-66.989586,0.45180854
2019-02-06T12:00:00Z,0.0,-68.177086,-66.989586,0.46906886
2019-02-07T12:00:00Z,0.0,-68.177086,-66.989586,0.40148297
2019-02-08T12:00:00Z,0.0,-68.177086,-66.989586,0.47286692
2019-02-09T12:00:00Z,0.0,-68.177086,-66.989586,0.49495628
2019-02-10T12:00:00Z,0.0,-68.177086,-66.989586,0.4706978
2019-02-11T12:00:00Z,0.0,-68.177086,-66.989586,0.43645284
2019-02-12T12:00:00Z,0.0,-68.177086,-66.989586,0.42772013
2019-02-13T12:00:00Z,0.0,-68.177086,-66.989586,0.44276178
2019-02-14T12:00:00Z,0.0,-68.177086,-66.989586,0.40969992
2019-02-15T12:00:00Z,0.0,-68.177086,-66.989586,0.41939306
2019-02-16T12:00:00Z,0.0,-68.177086,-66.989586,0.4073789
2019-02-17T12:00:00Z,0.0,-68.177086,-66.989586,0.41256514
2019-02-18T12:00:00Z,0.0,-68.177086,-66.989586,0.4098587
2019-02-19T12:00:00Z,0.0,-68.177086,-66.989586,0.41795027
2019-02-20T12:00:00Z,0.0,-68.177086,-66.989586,0.37783188
2019-02-21T12:00:00Z,0.0,-68.177086,-66.989586,0.36885887
2019-02-22T12:00:00Z,0.0,-68.177086,-66.989586,0.37293676
2019-02-23T12:00:00Z,0.0,-68.177086,-66.989586,0.36461365
2019-02-24T12:00:00Z,0.0,-68.177086,-66.989586,0.31417328
2019-02-25T12:00:00Z,0.0,-68.177086,-66.989586,0.34285182
2019-02-26T12:00:00Z,0.0,-68.177086,-66.989586,0.3323778
2019-02-27T12:00:00Z,0.0,-68.177086,-66.989586,NaN
2019-02-28T12:00:00Z,0.0,-68.177086,-66.989586,NaN
2019-03-01T12:00:00Z,0.0,-68.177086,-66.989586,NaN
2019-03-02T12:00:00Z,0.0,-68.177086,-66.989586,NaN
2019-03-03T12:00:00Z,0.0,-68.177086,-66.989586,NaN
2019-03-04T12:00:00Z,0.0,-68.177086,-66.989586,NaN
2019-03-05T12:00:00Z,0.0,-68.177086,-66.989586,NaN
2019-03-06T12:00:00Z,0.0,-68.177086,-66.989586,NaN
2019-03-07T12:00:00Z,0.0,-68.177086,-66.989586,NaN
2019-03-08T12:00:00Z,0.0,-68.177086,-66.989586,NaN
2019-03-09T12:00:00Z,0.0,-68.177086,-66.989586,NaN
2019-03-10T12:00:00Z,0.0,-68.177086,-66.989586,NaN
2019-03-11T12:00:00Z,0.0,-68.177086,-66.989586,NaN
2019-03-12T12:00:00Z,0.0,-68.177086,-66.989586,NaN
2019-03-13T12:00:00Z,0.0,-68.177086,-66.989586,NaN
2019-03-14T12:00:00Z,0.0,-68.177086,-66.989586,NaN
2019-03-15T12:00:00Z,0.0,-68.177086,-66.989586,NaN
2019-03-16T12:00:00Z,0.0,-68.177086,-66.989586,NaN
2019-03-17T12:00:00Z,0.0,-68.177086,-66.989586,NaN
2019-03-18T12:00:00Z,0.0,-68.177086,-66.989586,NaN
2019-03-19T12:00:00Z,0.0,-68.177086,-66.989586,NaN
2019-03-20T12:00:00Z,0.0,-68.177086,-66.989586,NaN
2019-03-21T12:00:00Z,0.0,-68.177086,-66.989586,NaN
2019-03-22T12:00:00Z,0.0,-68.177086,-66.989586,NaN
2019-03-23T12:00:00Z,0.0,-68.177086,-66.989586,NaN
2019-03-24T12:00:00Z,0.0,-68.177086,-66.989586,NaN
2019-03-25T12:00:00Z,0.0,-68.177086,-66.989586,NaN
2019-03-26T12:00:00Z,0.0,-68.177086,-66.989586,NaN
2019-03-27T12:00:00Z,0.0,-68.177086,-66.989586,NaN
2019-03-28T12:00:00Z,0.0,-68.177086,-66.989586,NaN
2019-03-29T12:00:00Z,0.0,-68.177086,-66.989586,NaN
2019-03-30T12:00:00Z,0.0,-68.177086,-66.989586,NaN
2019-03-31T12:00:00Z,0.0,-68.177086,-66.989586,NaN
2019-04-01T12:00:00Z,0.0,-68.177086,-66.989586,NaN
2019-04-02T12:00:00Z,0.0,-68.177086,-66.989586,NaN
2019-04-03T12:00:00Z,0.0,-68.177086,-66.989586,NaN
2019-04-04T12:00:00Z,0.0,-68.177086,-66.989586,NaN
2019-04-05T12:00:00Z,0.0,-68.177086,-66.989586,NaN
2019-04-06T12:00:00Z,0.0,-68.177086,-66.989586,NaN
2019-04-07T12:00:00Z,0.0,-68.177086,-66.989586,NaN
2019-04-08T12:00:00Z,0.0,-68.177086,-66.989586,NaN
2019-04-09T12:00:00Z,0.0,-68.177086,-66.989586,NaN
2019-04-10T12:00:00Z,0.0,-68.177086,-66.989586,NaN
2019-04-11T12:00:00Z,0.0,-68.177086,-66.989586,NaN
2019-04-12T12:00:00Z,0.0,-68.177086,-66.989586,NaN
2019-04-13T12:00:00Z,0.0,-68.177086,-66.989586,NaN
2019-04-14T12:00:00Z,0.0,-68.177086,-66.989586,NaN
2019-04-15T12:00:00Z,0.0,-68.177086,-66.989586,NaN
2019-04-16T12:00:00Z,0.0,-68.177086,-66.989586,NaN
2019-04-17T12:00:00Z,0.0,-68.177086,-66.989586,NaN
2019-04-18T12:00:00Z,0.0,-68.177086,-66.989586,NaN
2019-04-19T12:00:00Z,0.0,-68.177086,-66.989586,NaN
2019-04-20T12:00:00Z,0.0,-68.177086,-66.989586,NaN
2019-04-21T12:00:00Z,0.0,-68.177086,-66.989586,NaN
2019-04-22T12:00:00Z,0.0,-68.177086,-66.989586,NaN
2019-04-23T12:00:00Z,0.0,-68.177086,-66.989586,NaN
2019-04-24T12:00:00Z,0.0,-68.177086,-66.989586,NaN
2019-04-25T12:00:00Z,0.0,-68.177086,-66.989586,NaN
2019-04-26T12:00:00Z,0.0,-68.177086,-66.989586,NaN
2019-04-27T12:00:00Z,0.0,-68.177086,-66.989586,NaN
2019-04-28T12:00:00Z,0.0,-68.177086,-66.989586,NaN
2019-04-29T12:00:00Z,0.0,-68.177086,-66.989586,NaN
2019-04-30T12:00:00Z,0.0,-68.177086,-66.989586,NaN
2019-05-01T12:00:00Z,0.0,-68.177086,-66.989586,NaN
2019-05-02T12:00:00Z,0.0,-68.177086,-66.989586,NaN
2019-05-03T12:00:00Z,0.0,-68.177086,-66.989586,NaN
2019-05-04T12:00:00Z,0.0,-68.177086,-66.989586,NaN
2019-05-05T12:00:00Z,0.0,-68.177086,-66.989586,NaN
2019-05-06T12:00:00Z,0.0,-68.177086,-66.989586,NaN
2019-05-07T12:00:00Z,0.0,-68.177086,-66.989586,NaN
2019-05-08T12:00:00Z,0.0,-68.177086,-66.989586,NaN
2019-05-09T12:00:00Z,0.0,-68.177086,-66.989586,NaN
2019-05-10T12:00:00Z,0.0,-68.177086,-66.989586,NaN
2019-05-11T12:00:00Z,0.0,-68.177086,-66.989586,NaN
2019-05-12T12:00:00Z,0.0,-68.177086,-66.989586,NaN
2019-05-13T12:00:00Z,0.0,-68.177086,-66.989586,NaN
2019-05-14T12:00:00Z,0.0,-68.177086,-66.989586,NaN
2019-05-15T12:00:00Z,0.0,-68.177086,-66.989586,NaN
2019-05-16T12:00:00Z,0.0,-68.177086,-66.989586,NaN
2019-05-17T12:00:00Z,0.0,-68.177086,-66.989586,NaN
2019-05-18T12:00:00Z,0.0,-68.177086,-66.989586,NaN
2019-05-19T12:00:00Z,0.0,-68.177086,-66.989586,NaN
2019-05-20T12:00:00Z,0.0,-68.177086,-66.989586,NaN
2019-05-21T12:00:00Z,0.0,-68.177086,-66.989586,NaN
2019-05-22T12:00:00Z,0.0,-68.177086,-66.989586,NaN
2019-05-23T12:00:00Z,0.0,-68.177086,-66.989586,NaN
2019-05-24T12:00:00Z,0.0,-68.177086,-66.989586,NaN
2019-05-25T12:00:00Z,0.0,-68.177086,-66.989586,NaN
2019-05-26T12:00:00Z,0.0,-68.177086,-66.989586,NaN
2019-05-27T12:00:00Z,0.0,-68.177086,-66.989586,NaN
2019-05-28T12:00:00Z,0.0,-68.177086,-66.989586,NaN
2019-05-29T12:00:00Z,0.0,-68.177086,-66.989586,NaN
2019-05-30T12:00:00Z,0.0,-68.177086,-66.989586,NaN
2019-05-31T12:00:00Z,0.0,-68.177086,-66.989586,NaN
2019-06-01T12:00:00Z,0.0,-68.177086,-66.989586,NaN
2019-06-02T12:00:00Z,0.0,-68.177086,-66.989586,NaN
2019-06-03T12:00:00Z,0.0,-68.177086,-66.989586,NaN
2019-06-04T12:00:00Z,0.0,-68.177086,-66.989586,NaN
2019-06-05T12:00:00Z,0.0,-68.177086,-66.989586,NaN
2019-06-06T12:00:00Z,0.0,-68.177086,-66.989586,NaN
2019-06-07T12:00:00Z,0.0,-68.177086,-66.989586,NaN
2019-06-08T12:00:00Z,0.0,-68.177086,-66.989586,NaN
2019-06-09T12:00:00Z,0.0,-68.177086,-66.989586,NaN
2019-06-10T12:00:00Z,0.0,-68.177086,-66.989586,NaN
2019-06-11T12:00:00Z,0.0,-68.177086,-66.989586,NaN
2019-06-12T12:00:00Z,0.0,-68.177086,-66.989586,NaN
2019-06-13T12:00:00Z,0.0,-68.177086,-66.989586,NaN
2019-06-14T12:00:00Z,0.0,-68.177086,-66.989586,NaN
2019-06-15T12:00:00Z,0.0,-68.177086,-66.989586,NaN
2019-06-16T12:00:00Z,0.0,-68.177086,-66.989586,NaN
2019-06-17T12:00:00Z,0.0,-68.177086,-66.989586,NaN
2019-06-18T12:00:00Z,0.0,-68.177086,-66.989586,NaN
2019-06-19T12:00:00Z,0.0,-68.177086,-66.989586,NaN
2019-06-20T12:00:00Z,0.0,-68.177086,-66.989586,NaN
2019-06-21T12:00:00Z,0.0,-68.177086,-66.989586,NaN
2019-06-22T12:00:00Z,0.0,-68.177086,-66.989586,NaN
2019-06-23T12:00:00Z,0.0,-68.177086,-66.989586,NaN
2019-06-24T12:00:00Z,0.0,-68.177086,-66.989586,NaN
2019-06-25T12:00:00Z,0.0,-68.177086,-66.989586,NaN
2019-06-26T12:00:00Z,0.0,-68.177086,-66.989586,NaN
2019-06-27T12:00:00Z,0.0,-68.177086,-66.989586,NaN
2019-06-28T12:00:00Z,0.0,-68.177086,-66.989586,NaN
2019-06-29T12:00:00Z,0.0,-68.177086,-66.989586,NaN
2019-06-30T12:00:00Z,0.0,-68.177086,-66.989586,NaN
2019-07-01T12:00:00Z,0.0,-68.177086,-66.989586,NaN
2019-07-02T12:00:00Z,0.0,-68.177086,-66.989586,NaN
2019-07-03T12:00:00Z,0.0,-68.177086,-66.989586,NaN
2019-07-04T12:00:00Z,0.0,-68.177086,-66.989586,NaN
2019-07-05T12:00:00Z,0.0,-68.177086,-66.989586,NaN
2019-07-06T12:00:00Z,0.0,-68.177086,-66.989586,NaN
2019-07-07T12:00:00Z,0.0,-68.177086,-66.989586,NaN
2019-07-08T12:00:00Z,0.0,-68.177086,-66.989586,NaN
2019-07-09T12:00:00Z,0.0,-68.177086,-66.989586,NaN
2019-07-10T12:00:00Z,0.0,-68.177086,-66.989586,NaN
2019-07-11T12:00:00Z,0.0,-68.177086,-66.989586,NaN
2019-07-12T12:00:00Z,0.0,-68.177086,-66.989586,NaN
2019-07-13T12:00:00Z,0.0,-68.177086,-66.989586,NaN
2019-07-14T12:00:00Z,0.0,-68.177086,-66.989586,NaN
2019-07-15T12:00:00Z,0.0,-68.177086,-66.989586,NaN
2019-07-16T12:00:00Z,0.0,-68.177086,-66.989586,NaN
2019-07-17T12:00:00Z,0.0,-68.177086,-66.989586,NaN
2019-07-18T12:00:00Z,0.0,-68.177086,-66.989586,NaN
2019-07-19T12:00:00Z,0.0,-68.177086,-66.989586,NaN
2019-07-20T12:00:00Z,0.0,-68.177086,-66.989586,NaN
2019-07-21T12:00:00Z,0.0,-68.177086,-66.989586,NaN
2019-07-22T12:00:00Z,0.0,-68.177086,-66.989586,NaN
2019-07-23T12:00:00Z,0.0,-68.177086,-66.989586,NaN
2019-07-24T12:00:00Z,0.0,-68.177086,-66.989586,NaN
2019-07-25T12:00:00Z,0.0,-68.177086,-66.989586,NaN
2019-07-26T12:00:00Z,0.0,-68.177086,-66.989586,NaN
2019-07-27T12:00:00Z,0.0,-68.177086,-66.989586,NaN
2019-07-28T12:00:00Z,0.0,-68.177086,-66.989586,NaN
2019-07-29T12:00:00Z,0.0,-68.177086,-66.989586,NaN
2019-07-30T12:00:00Z,0.0,-68.177086,-66.989586,NaN
2019-07-31T12:00:00Z,0.0,-68.177086,-66.989586,NaN
2019-08-01T12:00:00Z,0.0,-68.177086,-66.989586,NaN
2019-08-02T12:00:00Z,0.0,-68.177086,-66.989586,NaN
2019-08-03T12:00:00Z,0.0,-68.177086,-66.989586,NaN
2019-08-04T12:00:00Z,0.0,-68.177086,-66.989586,NaN
2019-08-05T12:00:00Z,0.0,-68.177086,-66.989586,NaN
2019-08-06T12:00:00Z,0.0,-68.177086,-66.989586,NaN
2019-08-07T12:00:00Z,0.0,-68.177086,-66.989586,NaN
2019-08-08T12:00:00Z,0.0,-68.177086,-66.989586,NaN
2019-08-09T12:00:00Z,0.0,-68.177086,-66.989586,NaN
2019-08-10T12:00:00Z,0.0,-68.177086,-66.989586,NaN
2019-08-11T12:00:00Z,0.0,-68.177086,-66.989586,NaN
2019-08-12T12:00:00Z,0.0,-68.177086,-66.989586,NaN
2019-08-13T12:00:00Z,0.0,-68.177086,-66.989586,NaN
2019-08-14T12:00:00Z,0.0,-68.177086,-66.989586,NaN
2019-08-15T12:00:00Z,0.0,-68.177086,-66.989586,NaN
2019-08-16T12:00:00Z,0.0,-68.177086,-66.989586,NaN
2019-08-17T12:00:00Z,0.0,-68.177086,-66.989586,NaN
2019-08-18T12:00:00Z,0.0,-68.177086,-66.989586,NaN
2019-08-19T12:00:00Z,0.0,-68.177086,-66.989586,NaN
2019-08-20T12:00:00Z,0.0,-68.177086,-66.989586,NaN
2019-08-21T12:00:00Z,0.0,-68.177086,-66.989586,NaN
2019-08-22T12:00:00Z,0.0,-68.177086,-66.989586,NaN
2019-08-23T12:00:00Z,0.0,-68.177086,-66.989586,NaN
2019-08-24T12:00:00Z,0.0,-68.177086,-66.989586,NaN
2019-08-25T12:00:00Z,0.0,-68.177086,-66.989586,NaN
2019-08-26T12:00:00Z,0.0,-68.177086,-66.989586,NaN
2019-08-27T12:00:00Z,0.0,-68.177086,-66.989586,NaN
2019-08-28T12:00:00Z,0.0,-68.177086,-66.989586,NaN
2019-08-29T12:00:00Z,0.0,-68.177086,-66.989586,NaN
2019-08-30T12:00:00Z,0.0,-68.177086,-66.989586,NaN
2019-08-31T12:00:00Z,0.0,-68.177086,-66.989586,NaN
2019-09-01T12:00:00Z,0.0,-68.177086,-66.989586,NaN
2019-09-02T12:00:00Z,0.0,-68.177086,-66.989586,NaN
2019-09-03T12:00:00Z,0.0,-68.177086,-66.989586,NaN
2019-09-04T12:00:00Z,0.0,-68.177086,-66.989586,NaN
2019-09-05T12:00:00Z,0.0,-68.177086,-66.989586,NaN
2019-09-06T12:00:00Z,0.0,-68.177086,-66.989586,NaN
2019-09-07T12:00:00Z,0.0,-68.177086,-66.989586,NaN
2019-09-08T12:00:00Z,0.0,-68.177086,-66.989586,NaN
2019-09-09T12:00:00Z,0.0,-68.177086,-66.989586,NaN
2019-09-10T12:00:00Z,0.0,-68.177086,-66.989586,NaN
2019-09-11T12:00:00Z,0.0,-68.177086,-66.989586,NaN
2019-09-12T12:00:00Z,0.0,-68.177086,-66.989586,NaN
2019-09-13T12:00:00Z,0.0,-68.177086,-66.989586,NaN
2019-09-14T12:00:00Z,0.0,-68.177086,-66.989586,NaN
2019-09-15T12:00:00Z,0.0,-68.177086,-66.989586,NaN
2019-09-16T12:00:00Z,0.0,-68.177086,-66.989586,NaN
2019-09-17T12:00:00Z,0.0,-68.177086,-66.989586,NaN
2019-09-18T12:00:00Z,0.0,-68.177086,-66.989586,NaN
2019-09-19T12:00:00Z,0.0,-68.177086,-66.989586,NaN
2019-09-20T12:00:00Z,0.0,-68.177086,-66.989586,NaN
2019-09-21T12:00:00Z,0.0,-68.177086,-66.989586,NaN
2019-09-22T12:00:00Z,0.0,-68.177086,-66.989586,NaN
2019-09-23T12:00:00Z,0.0,-68.177086,-66.989586,NaN
2019-09-24T12:00:00Z,0.0,-68.177086,-66.989586,NaN
2019-09-25T12:00:00Z,0.0,-68.177086,-66.989586,NaN
2019-09-26T12:00:00Z,0.0,-68.177086,-66.989586,NaN
2019-09-27T12:00:00Z,0.0,-68.177086,-66.989586,NaN
2019-09-28T12:00:00Z,0.0,-68.177086,-66.989586,NaN
2019-09-29T12:00:00Z,0.0,-68.177086,-66.989586,NaN
2019-09-30T12:00:00Z,0.0,-68.177086,-66.989586,NaN
2019-10-01T12:00:00Z,0.0,-68.177086,-66.989586,NaN
2019-10-02T12:00:00Z,0.0,-68.177086,-66.989586,NaN
2019-10-03T12:00:00Z,0.0,-68.177086,-66.989586,NaN
2019-10-04T12:00:00Z,0.0,-68.177086,-66.989586,NaN
2019-10-05T12:00:00Z,0.0,-68.177086,-66.989586,NaN
2019-10-06T12:00:00Z,0.0,-68.177086,-66.989586,NaN
2019-10-07T12:00:00Z,0.0,-68.177086,-66.989586,NaN
2019-10-08T12:00:00Z,0.0,-68.177086,-66.989586,NaN
2019-10-09T12:00:00Z,0.0,-68.177086,-66.989586,NaN
2019-10-10T12:00:00Z,0.0,-68.177086,-66.989586,NaN
2019-10-11T12:00:00Z,0.0,-68.177086,-66.989586,NaN
2019-10-12T12:00:00Z,0.0,-68.177086,-66.989586,NaN
2019-10-13T12:00:00Z,0.0,-68.177086,-66.989586,NaN
2019-10-14T12:00:00Z,0.0,-68.177086,-66.989586,NaN
2019-10-15T12:00:00Z,0.0,-68.177086,-66.989586,NaN
2019-10-16T12:00:00Z,0.0,-68.177086,-66.989586,NaN
2019-10-17T12:00:00Z,0.0,-68.177086,-66.989586,NaN
2019-10-18T12:00:00Z,0.0,-68.177086,-66.989586,NaN
2019-10-19T12:00:00Z,0.0,-68.177086,-66.989586,NaN
2019-10-20T12:00:00Z,0.0,-68.177086,-66.989586,NaN
2019-10-21T12:00:00Z,0.0,-68.177086,-66.989586,NaN
2019-10-22T12:00:00Z,0.0,-68.177086,-66.989586,NaN
2019-10-23T12:00:00Z,0.0,-68.177086,-66.989586,NaN
2019-10-24T12:00:00Z,0.0,-68.177086,-66.989586,NaN
2019-10-25T12:00:00Z,0.0,-68.177086,-66.989586,NaN
2019-10-26T12:00:00Z,0.0,-68.177086,-66.989586,NaN
2019-10-27T12:00:00Z,0.0,-68.177086,-66.989586,NaN
2019-10-28T12:00:00Z,0.0,-68.177086,-66.989586,NaN
2019-10-29T12:00:00Z,0.0,-68.177086,-66.989586,NaN
2019-10-30T12:00:00Z,0.0,-68.177086,-66.989586,NaN
2019-10-31T12:00:00Z,0.0,-68.177086,-66.989586,NaN
2019-11-01T12:00:00Z,0.0,-68.177086,-66.989586,NaN
2019-11-02T12:00:00Z,0.0,-68.177086,-66.989586,NaN
2019-11-03T12:00:00Z,0.0,-68.177086,-66.989586,NaN
2019-11-04T12:00:00Z,0.0,-68.177086,-66.989586,NaN
2019-11-05T12:00:00Z,0.0,-68.177086,-66.989586,NaN
2019-11-06T12:00:00Z,0.0,-68.177086,-66.989586,NaN
2019-11-07T12:00:00Z,0.0,-68.177086,-66.989586,NaN
2019-11-08T12:00:00Z,0.0,-68.177086,-66.989586,NaN
2019-11-09T12:00:00Z,0.0,-68.177086,-66.989586,NaN
2019-11-10T12:00:00Z,0.0,-68.177086,-66.989586,NaN
2019-11-11T12:00:00Z,0.0,-68.177086,-66.989586,NaN
2019-11-12T12:00:00Z,0.0,-68.177086,-66.989586,NaN
2019-11-13T12:00:00Z,0.0,-68.177086,-66.989586,NaN
2019-11-14T12:00:00Z,0.0,-68.177086,-66.989586,NaN
2019-11-15T12:00:00Z,0.0,-68.177086,-66.989586,NaN
2019-11-16T12:00:00Z,0.0,-68.177086,-66.989586,NaN
2019-11-17T12:00:00Z,0.0,-68.177086,-66.989586,NaN
2019-11-18T12:00:00Z,0.0,-68.177086,-66.989586,NaN
2019-11-19T12:00:00Z,0.0,-68.177086,-66.989586,NaN
2019-11-20T12:00:00Z,0.0,-68.177086,-66.989586,NaN
2019-11-21T12:00:00Z,0.0,-68.177086,-66.989586,NaN
2019-11-22T12:00:00Z,0.0,-68.177086,-66.989586,NaN
2019-11-23T12:00:00Z,0.0,-68.177086,-66.989586,NaN
2019-11-24T12:00:00Z,0.0,-68.177086,-66.989586,NaN
2019-11-25T12:00:00Z,0.0,-68.177086,-66.989586,NaN
2019-11-26T12:00:00Z,0.0,-68.177086,-66.989586,NaN
2019-11-27T12:00:00Z,0.0,-68.177086,-66.989586,NaN
2019-11-28T12:00:00Z,0.0,-68.177086,-66.989586,NaN
2019-11-29T12:00:00Z,0.0,-68.177086,-66.989586,NaN
2019-11-30T12:00:00Z,0.0,-68.177086,-66.989586,NaN
2019-12-01T12:00:00Z,0.0,-68.177086,-66.989586,NaN
2019-12-02T12:00:00Z,0.0,-68.177086,-66.989586,NaN
2019-12-03T12:00:00Z,0.0,-68.177086,-66.989586,NaN
2019-12-04T12:00:00Z,0.0,-68.177086,-66.989586,NaN
2019-12-05T12:00:00Z,0.0,-68.177086,-66.989586,NaN
2019-12-06T12:00:00Z,0.0,-68.177086,-66.989586,NaN
2019-12-07T12:00:00Z,0.0,-68.177086,-66.989586,NaN
2019-12-08T12:00:00Z,0.0,-68.177086,-66.989586,NaN
2019-12-09T12:00:00Z,0.0,-68.177086,-66.989586,NaN
2019-12-10T12:00:00Z,0.0,-68.177086,-66.989586,NaN
2019-12-11T12:00:00Z,0.0,-68.177086,-66.989586,NaN
2019-12-12T12:00:00Z,0.0,-68.177086,-66.989586,NaN
2019-12-13T12:00:00Z,0.0,-68.177086,-66.989586,NaN
2019-12-14T12:00:00Z,0.0,-68.177086,-66.989586,NaN
2019-12-15T12:00:00Z,0.0,-68.177086,-66.989586,NaN
2019-12-16T12:00:00Z,0.0,-68.177086,-66.989586,NaN
2019-12-17T12:00:00Z,0.0,-68.177086,-66.989586,NaN
2019-12-18T12:00:00Z,0.0,-68.177086,-66.989586,NaN
2019-12-19T12:00:00Z,0.0,-68.177086,-66.989586,NaN
2019-12-20T12:00:00Z,0.0,-68.177086,-66.989586,NaN
2019-12-21T12:00:00Z,0.0,-68.177086,-66.989586,NaN
2019-12-22T12:00:00Z,0.0,-68.177086,-66.989586,NaN
2019-12-23T12:00:00Z,0.0,-68.177086,-66.989586,NaN
2019-12-24T12:00:00Z,0.0,-68.177086,-66.989586,NaN
2019-12-25T12:00:00Z,0.0,-68.177086,-66.989586,NaN
2019-12-26T12:00:00Z,0.0,-68.177086,-66.989586,NaN
2019-12-27T12:00:00Z,0.0,-68.177086,-66.989586,NaN
2019-12-28T12:00:00Z,0.0,-68.177086,-66.989586,NaN
2019-12-29T12:00:00Z,0.0,-68.177086,-66.989586,NaN
2019-12-30T12:00:00Z,0.0,-68.177086,-66.989586,NaN
2019-12-31T12:00:00Z,0.0,-68.177086,-66.989586,0.31035456
2020-01-01T12:00:00Z,0.0,-68.177086,-66.989586,0.3203687
2020-01-02T12:00:00Z,0.0,-68.177086,-66.989586,0.33879396
2020-01-03T12:00:00Z,0.0,-68.177086,-66.989586,0.3425137
2020-01-04T12:00:00Z,0.0,-68.177086,-66.989586,0.34736392
2020-01-05T12:00:00Z,0.0,-68.177086,-66.989586,0.34105277
2020-01-06T12:00:00Z,0.0,-68.177086,-66.989586,0.34854686
2020-01-07T12:00:00Z,0.0,-68.177086,-66.989586,0.3484506
2020-01-08T12:00:00Z,0.0,-68.177086,-66.989586,0.34987426
2020-01-09T12:00:00Z,0.0,-68.177086,-66.989586,0.36059
2020-01-10T12:00:00Z,0.0,-68.177086,-66.989586,0.37286025
2020-01-11T12:00:00Z,0.0,-68.177086,-66.989586,0.3741042
2020-01-12T12:00:00Z,0.0,-68.177086,-66.989586,0.37073112
2020-01-13T12:00:00Z,0.0,-68.177086,-66.989586,0.48601398
2020-01-14T12:00:00Z,0.0,-68.177086,-66.989586,0.52804035
2020-01-15T12:00:00Z,0.0,-68.177086,-66.989586,0.5190366
2020-01-16T12:00:00Z,0.0,-68.177086,-66.989586,0.4675031
2020-01-17T12:00:00Z,0.0,-68.177086,-66.989586,0.6485126
2020-01-18T12:00:00Z,0.0,-68.177086,-66.989586,0.71254736
2020-01-19T12:00:00Z,0.0,-68.177086,-66.989586,0.7947047
2020-01-20T12:00:00Z,0.0,-68.177086,-66.989586,0.8389557
2020-01-21T12:00:00Z,0.0,-68.177086,-66.989586,0.85293394
2020-01-22T12:00:00Z,0.0,-68.177086,-66.989586,0.8343145
2020-01-23T12:00:00Z,0.0,-68.177086,-66.989586,0.7258187
2020-01-24T12:00:00Z,0.0,-68.177086,-66.989586,0.7456538
2020-01-25T12:00:00Z,0.0,-68.177086,-66.989586,0.96443397
2020-01-26T12:00:00Z,0.0,-68.177086,-66.989586,0.98159117
2020-01-27T12:00:00Z,0.0,-68.177086,-66.989586,1.0530896
2020-01-28T12:00:00Z,0.0,-68.177086,-66.989586,1.042632
2020-01-29T12:00:00Z,0.0,-68.177086,-66.989586,0.94885147
2020-01-30T12:00:00Z,0.0,-68.177086,-66.989586,0.95229113
2020-01-31T12:00:00Z,0.0,-68.177086,-66.989586,1.1049182
2020-02-01T12:00:00Z,0.0,-68.177086,-66.989586,1.1094697
2020-02-02T12:00:00Z,0.0,-68.177086,-66.989586,1.1157048
2020-02-03T12:00:00Z,0.0,-68.177086,-66.989586,0.8807723
2020-02-04T12:00:00Z,0.0,-68.177086,-66.989586,1.0057144
2020-02-05T12:00:00Z,0.0,-68.177086,-66.989586,0.97379214
2020-02-06T12:00:00Z,0.0,-68.177086,-66.989586,0.88512754
2020-02-07T12:00:00Z,0.0,-68.177086,-66.989586,0.94793075
2020-02-08T12:00:00Z,0.0,-68.177086,-66.989586,0.9992564
2020-02-09T12:00:00Z,0.0,-68.177086,-66.989586,0.9586939
2020-02-10T12:00:00Z,0.0,-68.177086,-66.989586,1.0411263
2020-02-11T12:00:00Z,0.0,-68.177086,-66.989586,1.0520562
2020-02-12T12:00:00Z,0.0,-68.177086,-66.989586,0.7545391
2020-02-13T12:00:00Z,0.0,-68.177086,-66.989586,0.76468414
2020-02-14T12:00:00Z,0.0,-68.177086,-66.989586,1.611026
2020-02-15T12:00:00Z,0.0,-68.177086,-66.989586,1.4988954
2020-02-16T12:00:00Z,0.0,-68.177086,-66.989586,1.1701219
2020-02-17T12:00:00Z,0.0,-68.177086,-66.989586,1.1415557
2020-02-18T12:00:00Z,0.0,-68.177086,-66.989586,1.0664982
2020-02-19T12:00:00Z,0.0,-68.177086,-66.989586,1.0994958
2020-02-20T12:00:00Z,0.0,-68.177086,-66.989586,1.1308197
2020-02-21T12:00:00Z,0.0,-68.177086,-66.989586,1.1174499
2020-02-22T12:00:00Z,0.0,-68.177086,-66.989586,0.89436805
2020-02-23T12:00:00Z,0.0,-68.177086,-66.989586,0.8640625
2020-02-24T12:00:00Z,0.0,-68.177086,-66.989586,0.84864944
2020-02-25T12:00:00Z,0.0,-68.177086,-66.989586,0.8006568
2020-02-26T12:00:00Z,0.0,-68.177086,-66.989586,0.81409633
2020-02-27T12:00:00Z,0.0,-68.177086,-66.989586,NaN
2020-02-28T12:00:00Z,0.0,-68.177086,-66.989586,NaN
2020-02-29T12:00:00Z,0.0,-68.177086,-66.989586,NaN
2020-03-01T12:00:00Z,0.0,-68.177086,-66.989586,NaN
2020-03-02T12:00:00Z,0.0,-68.177086,-66.989586,NaN
2020-03-03T12:00:00Z,0.0,-68.177086,-66.989586,NaN
2020-03-04T12:00:00Z,0.0,-68.177086,-66.989586,NaN
2020-03-05T12:00:00Z,0.0,-68.177086,-66.989586,NaN
2020-03-06T12:00:00Z,0.0,-68.177086,-66.989586,NaN
2020-03-07T12:00:00Z,0.0,-68.177086,-66.989586,NaN
2020-03-08T12:00:00Z,0.0,-68.177086,-66.989586,NaN
2020-03-09T12:00:00Z,0.0,-68.177086,-66.989586,NaN
2020-03-10T12:00:00Z,0.0,-68.177086,-66.989586,NaN
2020-03-11T12:00:00Z,0.0,-68.177086,-66.989586,NaN
2020-03-12T12:00:00Z,0.0,-68.177086,-66.989586,NaN
2020-03-13T12:00:00Z,0.0,-68.177086,-66.989586,NaN
2020-03-14T12:00:00Z,0.0,-68.177086,-66.989586,NaN
2020-03-15T12:00:00Z,0.0,-68.177086,-66.989586,NaN
2020-03-16T12:00:00Z,0.0,-68.177086,-66.989586,NaN
2020-03-17T12:00:00Z,0.0,-68.177086,-66.989586,NaN
2020-03-18T12:00:00Z,0.0,-68.177086,-66.989586,NaN
2020-03-19T12:00:00Z,0.0,-68.177086,-66.989586,NaN
2020-03-20T12:00:00Z,0.0,-68.177086,-66.989586,NaN
2020-03-21T12:00:00Z,0.0,-68.177086,-66.989586,NaN
2020-03-22T12:00:00Z,0.0,-68.177086,-66.989586,NaN
2020-03-23T12:00:00Z,0.0,-68.177086,-66.989586,NaN
2020-03-24T12:00:00Z,0.0,-68.177086,-66.989586,NaN
2020-03-25T12:00:00Z,0.0,-68.177086,-66.989586,NaN
2020-03-26T12:00:00Z,0.0,-68.177086,-66.989586,NaN
2020-03-27T12:00:00Z,0.0,-68.177086,-66.989586,NaN
2020-03-28T12:00:00Z,0.0,-68.177086,-66.989586,NaN
2020-03-29T12:00:00Z,0.0,-68.177086,-66.989586,NaN
2020-03-30T12:00:00Z,0.0,-68.177086,-66.989586,NaN
2020-03-31T12:00:00Z,0.0,-68.177086,-66.989586,NaN
2020-04-01T12:00:00Z,0.0,-68.177086,-66.989586,NaN
2020-04-02T12:00:00Z,0.0,-68.177086,-66.989586,NaN
2020-04-03T12:00:00Z,0.0,-68.177086,-66.989586,NaN
2020-04-04T12:00:00Z,0.0,-68.177086,-66.989586,NaN
2020-04-05T12:00:00Z,0.0,-68.177086,-66.989586,NaN
2020-04-06T12:00:00Z,0.0,-68.177086,-66.989586,NaN
2020-04-07T12:00:00Z,0.0,-68.177086,-66.989586,NaN
2020-04-08T12:00:00Z,0.0,-68.177086,-66.989586,NaN
2020-04-09T12:00:00Z,0.0,-68.177086,-66.989586,NaN
2020-04-10T12:00:00Z,0.0,-68.177086,-66.989586,NaN
2020-04-11T12:00:00Z,0.0,-68.177086,-66.989586,NaN
2020-04-12T12:00:00Z,0.0,-68.177086,-66.989586,NaN
2020-04-13T12:00:00Z,0.0,-68.177086,-66.989586,NaN
2020-04-14T12:00:00Z,0.0,-68.177086,-66.989586,NaN
2020-04-15T12:00:00Z,0.0,-68.177086,-66.989586,NaN
2020-04-16T12:00:00Z,0.0,-68.177086,-66.989586,NaN
2020-04-17T12:00:00Z,0.0,-68.177086,-66.989586,NaN
2020-04-18T12:00:00Z,0.0,-68.177086,-66.989586,NaN
2020-04-19T12:00:00Z,0.0,-68.177086,-66.989586,NaN
2020-04-20T12:00:00Z,0.0,-68.177086,-66.989586,NaN
2020-04-21T12:00:00Z,0.0,-68.177086,-66.989586,NaN
2020-04-22T12:00:00Z,0.0,-68.177086,-66.989586,NaN
2020-04-23T12:00:00Z,0.0,-68.177086,-66.989586,NaN
2020-04-24T12:00:00Z,0.0,-68.177086,-66.989586,NaN
2020-04-25T12:00:00Z,0.0,-68.177086,-66.989586,NaN
2020-04-26T12:00:00Z,0.0,-68.177086,-66.989586,NaN
2020-04-27T12:00:00Z,0.0,-68.177086,-66.989586,NaN
2020-04-28T12:00:00Z,0.0,-68.177086,-66.989586,NaN
2020-04-29T12:00:00Z,0.0,-68.177086,-66.989586,NaN
2020-04-30T12:00:00Z,0.0,-68.177086,-66.989586,NaN
2020-05-01T12:00:00Z,0.0,-68.177086,-66.989586,NaN
2020-05-02T12:00:00Z,0.0,-68.177086,-66.989586,NaN
2020-05-03T12:00:00Z,0.0,-68.177086,-66.989586,NaN
2020-05-04T12:00:00Z,0.0,-68.177086,-66.989586,NaN
2020-05-05T12:00:00Z,0.0,-68.177086,-66.989586,NaN
2020-05-06T12:00:00Z,0.0,-68.177086,-66.989586,NaN
2020-05-07T12:00:00Z,0.0,-68.177086,-66.989586,NaN
2020-05-08T12:00:00Z,0.0,-68.177086,-66.989586,NaN
2020-05-09T12:00:00Z,0.0,-68.177086,-66.989586,NaN
2020-05-10T12:00:00Z,0.0,-68.177086,-66.989586,NaN
2020-05-11T12:00:00Z,0.0,-68.177086,-66.989586,NaN
2020-05-12T12:00:00Z,0.0,-68.177086,-66.989586,NaN
2020-05-13T12:00:00Z,0.0,-68.177086,-66.989586,NaN
2020-05-14T12:00:00Z,0.0,-68.177086,-66.989586,NaN
2020-05-15T12:00:00Z,0.0,-68.177086,-66.989586,NaN
2020-05-16T12:00:00Z,0.0,-68.177086,-66.989586,NaN
2020-05-17T12:00:00Z,0.0,-68.177086,-66.989586,NaN
2020-05-18T12:00:00Z,0.0,-68.177086,-66.989586,NaN
2020-05-19T12:00:00Z,0.0,-68.177086,-66.989586,NaN
2020-05-20T12:00:00Z,0.0,-68.177086,-66.989586,NaN
2020-05-21T12:00:00Z,0.0,-68.177086,-66.989586,NaN
2020-05-22T12:00:00Z,0.0,-68.177086,-66.989586,NaN
2020-05-23T12:00:00Z,0.0,-68.177086,-66.989586,NaN
2020-05-24T12:00:00Z,0.0,-68.177086,-66.989586,NaN
2020-05-25T12:00:00Z,0.0,-68.177086,-66.989586,NaN
2020-05-26T12:00:00Z,0.0,-68.177086,-66.989586,NaN
2020-05-27T12:00:00Z,0.0,-68.177086,-66.989586,NaN
2020-05-28T12:00:00Z,0.0,-68.177086,-66.989586,NaN
2020-05-29T12:00:00Z,0.0,-68.177086,-66.989586,NaN
2020-05-30T12:00:00Z,0.0,-68.177086,-66.989586,NaN
2020-05-31T12:00:00Z,0.0,-68.177086,-66.989586,NaN
2020-06-01T12:00:00Z,0.0,-68.177086,-66.989586,NaN
2020-06-02T12:00:00Z,0.0,-68.177086,-66.989586,NaN
2020-06-03T12:00:00Z,0.0,-68.177086,-66.989586,NaN
2020-06-04T12:00:00Z,0.0,-68.177086,-66.989586,NaN
2020-06-05T12:00:00Z,0.0,-68.177086,-66.989586,NaN
2020-06-06T12:00:00Z,0.0,-68.177086,-66.989586,NaN
2020-06-07T12:00:00Z,0.0,-68.177086,-66.989586,NaN
2020-06-08T12:00:00Z,0.0,-68.177086,-66.989586,NaN
2020-06-09T12:00:00Z,0.0,-68.177086,-66.989586,NaN
2020-06-10T12:00:00Z,0.0,-68.177086,-66.989586,NaN
2020-06-11T12:00:00Z,0.0,-68.177086,-66.989586,NaN
2020-06-12T12:00:00Z,0.0,-68.177086,-66.989586,NaN
2020-06-13T12:00:00Z,0.0,-68.177086,-66.989586,NaN
2020-06-14T12:00:00Z,0.0,-68.177086,-66.989586,NaN
2020-06-15T12:00:00Z,0.0,-68.177086,-66.989586,NaN
2020-06-16T12:00:00Z,0.0,-68.177086,-66.989586,NaN
2020-06-17T12:00:00Z,0.0,-68.177086,-66.989586,NaN
2020-06-18T12:00:00Z,0.0,-68.177086,-66.989586,NaN
2020-06-19T12:00:00Z,0.0,-68.177086,-66.989586,NaN
2020-06-20T12:00:00Z,0.0,-68.177086,-66.989586,NaN
2020-06-21T12:00:00Z,0.0,-68.177086,-66.989586,NaN
2020-06-22T12:00:00Z,0.0,-68.177086,-66.989586,NaN
2020-06-23T12:00:00Z,0.0,-68.177086,-66.989586,NaN
2020-06-24T12:00:00Z,0.0,-68.177086,-66.989586,NaN
2020-06-25T12:00:00Z,0.0,-68.177086,-66.989586,NaN
2020-06-26T12:00:00Z,0.0,-68.177086,-66.989586,NaN
2020-06-27T12:00:00Z,0.0,-68.177086,-66.989586,NaN
2020-06-28T12:00:00Z,0.0,-68.177086,-66.989586,NaN
2020-06-29T12:00:00Z,0.0,-68.177086,-66.989586,NaN
2020-06-30T12:00:00Z,0.0,-68.177086,-66.989586,NaN
2020-07-01T12:00:00Z,0.0,-68.177086,-66.989586,NaN
2020-07-02T12:00:00Z,0.0,-68.177086,-66.989586,NaN
2020-07-03T12:00:00Z,0.0,-68.177086,-66.989586,NaN
2020-07-04T12:00:00Z,0.0,-68.177086,-66.989586,NaN
2020-07-05T12:00:00Z,0.0,-68.177086,-66.989586,NaN
2020-07-06T12:00:00Z,0.0,-68.177086,-66.989586,NaN
2020-07-07T12:00:00Z,0.0,-68.177086,-66.989586,NaN
2020-07-08T12:00:00Z,0.0,-68.177086,-66.989586,NaN
2020-07-09T12:00:00Z,0.0,-68.177086,-66.989586,NaN
2020-07-10T12:00:00Z,0.0,-68.177086,-66.989586,NaN
2020-07-11T12:00:00Z,0.0,-68.177086,-66.989586,NaN
2020-07-12T12:00:00Z,0.0,-68.177086,-66.989586,NaN
2020-07-13T12:00:00Z,0.0,-68.177086,-66.989586,NaN
2020-07-14T12:00:00Z,0.0,-68.177086,-66.989586,NaN
2020-07-15T12:00:00Z,0.0,-68.177086,-66.989586,NaN
2020-07-16T12:00:00Z,0.0,-68.177086,-66.989586,NaN
2020-07-17T12:00:00Z,0.0,-68.177086,-66.989586,NaN
2020-07-18T12:00:00Z,0.0,-68.177086,-66.989586,NaN
2020-07-19T12:00:00Z,0.0,-68.177086,-66.989586,NaN
2020-07-20T12:00:00Z,0.0,-68.177086,-66.989586,NaN
2020-07-21T12:00:00Z,0.0,-68.177086,-66.989586,NaN
2020-07-22T12:00:00Z,0.0,-68.177086,-66.989586,NaN
2020-07-23T12:00:00Z,0.0,-68.177086,-66.989586,NaN
2020-07-24T12:00:00Z,0.0,-68.177086,-66.989586,NaN
2020-07-25T12:00:00Z,0.0,-68.177086,-66.989586,NaN
2020-07-26T12:00:00Z,0.0,-68.177086,-66.989586,NaN
2020-07-27T12:00:00Z,0.0,-68.177086,-66.989586,NaN
2020-07-28T12:00:00Z,0.0,-68.177086,-66.989586,NaN
2020-07-29T12:00:00Z,0.0,-68.177086,-66.989586,NaN
2020-07-30T12:00:00Z,0.0,-68.177086,-66.989586,NaN
2020-07-31T12:00:00Z,0.0,-68.177086,-66.989586,NaN
2020-08-01T12:00:00Z,0.0,-68.177086,-66.989586,NaN
2020-08-02T12:00:00Z,0.0,-68.177086,-66.989586,NaN
2020-08-03T12:00:00Z,0.0,-68.177086,-66.989586,NaN
2020-08-04T12:00:00Z,0.0,-68.177086,-66.989586,NaN
2020-08-05T12:00:00Z,0.0,-68.177086,-66.989586,NaN
2020-08-06T12:00:00Z,0.0,-68.177086,-66.989586,NaN
2020-08-07T12:00:00Z,0.0,-68.177086,-66.989586,NaN
2020-08-08T12:00:00Z,0.0,-68.177086,-66.989586,NaN
2020-08-09T12:00:00Z,0.0,-68.177086,-66.989586,NaN
2020-08-10T12:00:00Z,0.0,-68.177086,-66.989586,NaN
2020-08-11T12:00:00Z,0.0,-68.177086,-66.989586,NaN
2020-08-12T12:00:00Z,0.0,-68.177086,-66.989586,NaN
2020-08-13T12:00:00Z,0.0,-68.177086,-66.989586,NaN
2020-08-14T12:00:00Z,0.0,-68.177086,-66.989586,NaN
2020-08-15T12:00:00Z,0.0,-68.177086,-66.989586,NaN
2020-08-16T12:00:00Z,0.0,-68.177086,-66.989586,NaN
2020-08-17T12:00:00Z,0.0,-68.177086,-66.989586,NaN
2020-08-18T12:00:00Z,0.0,-68.177086,-66.989586,NaN
2020-08-19T12:00:00Z,0.0,-68.177086,-66.989586,NaN
2020-08-20T12:00:00Z,0.0,-68.177086,-66.989586,NaN
2020-08-21T12:00:00Z,0.0,-68.177086,-66.989586,NaN
2020-08-22T12:00:00Z,0.0,-68.177086,-66.989586,NaN
2020-08-23T12:00:00Z,0.0,-68.177086,-66.989586,NaN
2020-08-24T12:00:00Z,0.0,-68.177086,-66.989586,NaN
2020-08-25T12:00:00Z,0.0,-68.177086,-66.989586,NaN
2020-08-26T12:00:00Z,0.0,-68.177086,-66.989586,NaN
2020-08-27T12:00:00Z,0.0,-68.177086,-66.989586,NaN
2020-08-28T12:00:00Z,0.0,-68.177086,-66.989586,NaN
2020-08-29T12:00:00Z,0.0,-68.177086,-66.989586,NaN
2020-08-30T12:00:00Z,0.0,-68.177086,-66.989586,NaN
2020-08-31T12:00:00Z,0.0,-68.177086,-66.989586,NaN
2020-09-01T12:00:00Z,0.0,-68.177086,-66.989586,NaN
2020-09-02T12:00:00Z,0.0,-68.177086,-66.989586,NaN
2020-09-03T12:00:00Z,0.0,-68.177086,-66.989586,NaN
2020-09-04T12:00:00Z,0.0,-68.177086,-66.989586,NaN
2020-09-05T12:00:00Z,0.0,-68.177086,-66.989586,NaN
2020-09-06T12:00:00Z,0.0,-68.177086,-66.989586,NaN
2020-09-07T12:00:00Z,0.0,-68.177086,-66.989586,NaN
2020-09-08T12:00:00Z,0.0,-68.177086,-66.989586,NaN
2020-09-09T12:00:00Z,0.0,-68.177086,-66.989586,NaN
2020-09-10T12:00:00Z,0.0,-68.177086,-66.989586,NaN
2020-09-11T12:00:00Z,0.0,-68.177086,-66.989586,NaN
2020-09-12T12:00:00Z,0.0,-68.177086,-66.989586,NaN
2020-09-13T12:00:00Z,0.0,-68.177086,-66.989586,NaN
2020-09-14T12:00:00Z,0.0,-68.177086,-66.989586,NaN
2020-09-15T12:00:00Z,0.0,-68.177086,-66.989586,NaN
2020-09-16T12:00:00Z,0.0,-68.177086,-66.989586,NaN
2020-09-17T12:00:00Z,0.0,-68.177086,-66.989586,NaN
2020-09-18T12:00:00Z,0.0,-68.177086,-66.989586,NaN
2020-09-19T12:00:00Z,0.0,-68.177086,-66.989586,NaN
2020-09-20T12:00:00Z,0.0,-68.177086,-66.989586,NaN
2020-09-21T12:00:00Z,0.0,-68.177086,-66.989586,NaN
2020-09-22T12:00:00Z,0.0,-68.177086,-66.989586,NaN
2020-09-23T12:00:00Z,0.0,-68.177086,-66.989586,NaN
2020-09-24T12:00:00Z,0.0,-68.177086,-66.989586,NaN
2020-09-25T12:00:00Z,0.0,-68.177086,-66.989586,NaN
2020-09-26T12:00:00Z,0.0,-68.177086,-66.989586,NaN
2020-09-27T12:00:00Z,0.0,-68.177086,-66.989586,NaN
2020-09-28T12:00:00Z,0.0,-68.177086,-66.989586,NaN
2020-09-29T12:00:00Z,0.0,-68.177086,-66.989586,NaN
2020-09-30T12:00:00Z,0.0,-68.177086,-66.989586,NaN
2020-10-01T12:00:00Z,0.0,-68.177086,-66.989586,NaN
2020-10-02T12:00:00Z,0.0,-68.177086,-66.989586,NaN
2020-10-03T12:00:00Z,0.0,-68.177086,-66.989586,NaN
2020-10-04T12:00:00Z,0.0,-68.177086,-66.989586,NaN
2020-10-05T12:00:00Z,0.0,-68.177086,-66.989586,NaN
2020-10-06T12:00:00Z,0.0,-68.177086,-66.989586,NaN
2020-10-07T12:00:00Z,0.0,-68.177086,-66.989586,NaN
2020-10-08T12:00:00Z,0.0,-68.177086,-66.989586,NaN
2020-10-09T12:00:00Z,0.0,-68.177086,-66.989586,NaN
2020-10-10T12:00:00Z,0.0,-68.177086,-66.989586,NaN
2020-10-11T12:00:00Z,0.0,-68.177086,-66.989586,NaN
2020-10-12T12:00:00Z,0.0,-68.177086,-66.989586,NaN
2020-10-13T12:00:00Z,0.0,-68.177086,-66.989586,NaN
2020-10-14T12:00:00Z,0.0,-68.177086,-66.989586,NaN
2020-10-15T12:00:00Z,0.0,-68.177086,-66.989586,NaN
2020-10-16T12:00:00Z,0.0,-68.177086,-66.989586,NaN
2020-10-17T12:00:00Z,0.0,-68.177086,-66.989586,NaN
2020-10-18T12:00:00Z,0.0,-68.177086,-66.989586,NaN
2020-10-19T12:00:00Z,0.0,-68.177086,-66.989586,NaN
2020-10-20T12:00:00Z,0.0,-68.177086,-66.989586,NaN
2020-10-21T12:00:00Z,0.0,-68.177086,-66.989586,NaN
2020-10-22T12:00:00Z,0.0,-68.177086,-66.989586,NaN
2020-10-23T12:00:00Z,0.0,-68.177086,-66.989586,NaN
2020-10-24T12:00:00Z,0.0,-68.177086,-66.989586,NaN
2020-10-25T12:00:00Z,0.0,-68.177086,-66.989586,NaN
2020-10-26T12:00:00Z,0.0,-68.177086,-66.989586,NaN
2020-10-27T12:00:00Z,0.0,-68.177086,-66.989586,NaN
2020-10-28T12:00:00Z,0.0,-68.177086,-66.989586,NaN
2020-10-29T12:00:00Z,0.0,-68.177086,-66.989586,NaN
2020-10-30T12:00:00Z,0.0,-68.177086,-66.989586,NaN
2020-10-31T12:00:00Z,0.0,-68.177086,-66.989586,NaN
2020-11-01T12:00:00Z,0.0,-68.177086,-66.989586,NaN
2020-11-02T12:00:00Z,0.0,-68.177086,-66.989586,NaN
2020-11-03T12:00:00Z,0.0,-68.177086,-66.989586,NaN
2020-11-04T12:00:00Z,0.0,-68.177086,-66.989586,0.2410046
2020-11-05T12:00:00Z,0.0,-68.177086,-66.989586,0.18870246
2020-11-06T12:00:00Z,0.0,-68.177086,-66.989586,0.24450375
2020-11-07T12:00:00Z,0.0,-68.177086,-66.989586,0.24850306
2020-11-08T12:00:00Z,0.0,-68.177086,-66.989586,0.24758255
2020-11-09T12:00:00Z,0.0,-68.177086,-66.989586,0.21822736
2020-11-10T12:00:00Z,0.0,-68.177086,-66.989586,0.24288589
2020-11-11T12:00:00Z,0.0,-68.177086,-66.989586,0.24939615
2020-11-12T12:00:00Z,0.0,-68.177086,-66.989586,0.22765374
2020-11-13T12:00:00Z,0.0,-68.177086,-66.989586,0.24549179
2020-11-14T12:00:00Z,0.0,-68.177086,-66.989586,0.22914645
2020-11-15T12:00:00Z,0.0,-68.177086,-66.989586,0.22151098
2020-11-16T12:00:00Z,0.0,-68.177086,-66.989586,0.21826924
2020-11-17T12:00:00Z,0.0,-68.177086,-66.989586,0.23158112
2020-11-18T12:00:00Z,0.0,-68.177086,-66.989586,0.23604968
2020-11-19T12:00:00Z,0.0,-68.177086,-66.989586,0.23894133
2020-11-20T12:00:00Z,0.0,-68.177086,-66.989586,0.23621851
2020-11-21T12:00:00Z,0.0,-68.177086,-66.989586,0.24692258
2020-11-22T12:00:00Z,0.0,-68.177086,-66.989586,0.22414559
2020-11-23T12:00:00Z,0.0,-68.177086,-66.989586,0.24054146
2020-11-24T12:00:00Z,0.0,-68.177086,-66.989586,0.2556351
2020-11-25T12:00:00Z,0.0,-68.177086,-66.989586,0.26418594
2020-11-26T12:00:00Z,0.0,-68.177086,-66.989586,0.2400657
2020-11-27T12:00:00Z,0.0,-68.177086,-66.989586,0.2863534
2020-11-28T12:00:00Z,0.0,-68.177086,-66.989586,0.27835253
2020-11-29T12:00:00Z,0.0,-68.177086,-66.989586,0.29181874
2020-11-30T12:00:00Z,0.0,-68.177086,-66.989586,0.25620127
2020-12-01T12:00:00Z,0.0,-68.177086,-66.989586,0.26651037
2020-12-02T12:00:00Z,0.0,-68.177086,-66.989586,0.27798247
2020-12-03T12:00:00Z,0.0,-68.177086,-66.989586,0.2882621
2020-12-04T12:00:00Z,0.0,-68.177086,-66.989586,0.28904155
2020-12-05T12:00:00Z,0.0,-68.177086,-66.989586,0.29113194
2020-12-06T12:00:00Z,0.0,-68.177086,-66.989586,0.2609424
2020-12-07T12:00:00Z,0.0,-68.177086,-66.989586,0.28014302
2020-12-08T12:00:00Z,0.0,-68.177086,-66.989586,0.2820851
2020-12-09T12:00:00Z,0.0,-68.177086,-66.989586,0.27539653
2020-12-10T12:00:00Z,0.0,-68.177086,-66.989586,0.28162277
2020-12-11T12:00:00Z,0.0,-68.177086,-66.989586,0.2736844
2020-12-12T12:00:00Z,0.0,-68.177086,-66.989586,0.28938198
2020-12-13T12:00:00Z,0.0,-68.177086,-66.989586,0.29340324
2020-12-14T12:00:00Z,0.0,-68.177086,-66.989586,0.30198395
2020-12-15T12:00:00Z,0.0,-68.177086,-66.989586,0.3031745
2020-12-16T12:00:00Z,0.0,-68.177086,-66.989586,0.29405442
2020-12-17T12:00:00Z,0.0,-68.177086,-66.989586,0.2939955
2020-12-18T12:00:00Z,0.0,-68.177086,-66.989586,0.29671454
2020-12-19T12:00:00Z,0.0,-68.177086,-66.989586,0.29047677
2020-12-20T12:00:00Z,0.0,-68.177086,-66.989586,0.29336742
2020-12-21T12:00:00Z,0.0,-68.177086,-66.989586,0.28742626
2020-12-22T12:00:00Z,0.0,-68.177086,-66.989586,0.298376
2020-12-23T12:00:00Z,0.0,-68.177086,-66.989586,0.31904632
2020-12-24T12:00:00Z,0.0,-68.177086,-66.989586,0.30585656
2020-12-25T12:00:00Z,0.0,-68.177086,-66.989586,0.31949633
2020-12-26T12:00:00Z,0.0,-68.177086,-66.989586,0.377418
2020-12-27T12:00:00Z,0.0,-68.177086,-66.989586,0.40297982
2020-12-28T12:00:00Z,0.0,-68.177086,-66.989586,0.40117195
2020-12-29T12:00:00Z,0.0,-68.177086,-66.989586,0.37931767
2020-12-30T12:00:00Z,0.0,-68.177086,-66.989586,0.39896247
2020-12-31T12:00:00Z,0.0,-68.177086,-66.989586,0.401044
2021-01-01T12:00:00Z,0.0,-68.177086,-66.989586,0.389215
2021-01-02T12:00:00Z,0.0,-68.177086,-66.989586,0.36727223
2021-01-03T12:00:00Z,0.0,-68.177086,-66.989586,0.39017633
2021-01-04T12:00:00Z,0.0,-68.177086,-66.989586,0.38923264
2021-01-05T12:00:00Z,0.0,-68.177086,-66.989586,0.3894046
2021-01-06T12:00:00Z,0.0,-68.177086,-66.989586,0.38841295
2021-01-07T12:00:00Z,0.0,-68.177086,-66.989586,0.37691036
2021-01-08T12:00:00Z,0.0,-68.177086,-66.989586,0.36783585
2021-01-09T12:00:00Z,0.0,-68.177086,-66.989586,0.41251093
2021-01-10T12:00:00Z,0.0,-68.177086,-66.989586,0.4692246
2021-01-11T12:00:00Z,0.0,-68.177086,-66.989586,0.49955618
2021-01-12T12:00:00Z,0.0,-68.177086,-66.989586,0.42390352
2021-01-13T12:00:00Z,0.0,-68.177086,-66.989586,0.41562384
2021-01-14T12:00:00Z,0.0,-68.177086,-66.989586,0.43078834
2021-01-15T12:00:00Z,0.0,-68.177086,-66.989586,0.40654874
2021-01-16T12:00:00Z,0.0,-68.177086,-66.989586,0.4262154
2021-01-17T12:00:00Z,0.0,-68.177086,-66.989586,0.41246855
2021-01-18T12:00:00Z,0.0,-68.177086,-66.989586,0.4076861
2021-01-19T12:00:00Z,0.0,-68.177086,-66.989586,0.3948372
2021-01-20T12:00:00Z,0.0,-68.177086,-66.989586,0.739774
2021-01-21T12:00:00Z,0.0,-68.177086,-66.989586,0.77912164
2021-01-22T12:00:00Z,0.0,-68.177086,-66.989586,0.7252985
2021-01-23T12:00:00Z,0.0,-68.177086,-66.989586,0.6918982
2021-01-24T12:00:00Z,0.0,-68.177086,-66.989586,0.68469375
2021-01-25T12:00:00Z,0.0,-68.177086,-66.989586,0.64007115
2021-01-26T12:00:00Z,0.0,-68.177086,-66.989586,0.6621463
2021-01-27T12:00:00Z,0.0,-68.177086,-66.989586,0.6677175
2021-01-28T12:00:00Z,0.0,-68.177086,-66.989586,0.57724977
2021-01-29T12:00:00Z,0.0,-68.177086,-66.989586,0.5813399
2021-01-30T12:00:00Z,0.0,-68.177086,-66.989586,0.57389927
2021-01-31T12:00:00Z,0.0,-68.177086,-66.989586,0.63141954
2021-02-01T12:00:00Z,0.0,-68.177086,-66.989586,0.57278
2021-02-02T12:00:00Z,0.0,-68.177086,-66.989586,0.67054427
2021-02-03T12:00:00Z,0.0,-68.177086,-66.989586,0.6748962
2021-02-04T12:00:00Z,0.0,-68.177086,-66.989586,0.6604544
2021-02-05T12:00:00Z,0.0,-68.177086,-66.989586,0.6620247
2021-02-06T12:00:00Z,0.0,-68.177086,-66.989586,0.64364344
2021-02-07T12:00:00Z,0.0,-68.177086,-66.989586,0.70476705
2021-02-08T12:00:00Z,0.0,-68.177086,-66.989586,0.76037
2021-02-09T12:00:00Z,0.0,-68.177086,-66.989586,0.7854659
2021-02-10T12:00:00Z,0.0,-68.177086,-66.989586,1.029081
2021-02-11T12:00:00Z,0.0,-68.177086,-66.989586,0.78829247
2021-02-12T12:00:00Z,0.0,-68.177086,-66.989586,0.8163777
2021-02-13T12:00:00Z,0.0,-68.177086,-66.989586,0.8819156
2021-02-14T12:00:00Z,0.0,-68.177086,-66.989586,0.76924086
2021-02-15T12:00:00Z,0.0,-68.177086,-66.989586,0.79319566
2021-02-16T12:00:00Z,0.0,-68.177086,-66.989586,0.75365883
2021-02-17T12:00:00Z,0.0,-68.177086,-66.989586,0.82806593
2021-02-18T12:00:00Z,0.0,-68.177086,-66.989586,0.81339693
2021-02-19T12:00:00Z,0.0,-68.177086,-66.989586,0.900451
2021-02-20T12:00:00Z,0.0,-68.177086,-66.989586,1.0260106
2021-02-21T12:00:00Z,0.0,-68.177086,-66.989586,0.81578195
2021-02-22T12:00:00Z,0.0,-68.177086,-66.989586,0.89298433
2021-02-23T12:00:00Z,0.0,-68.177086,-66.989586,1.0417114
2021-02-24T12:00:00Z,0.0,-68.177086,-66.989586,0.24654025
2021-02-25T12:00:00Z,0.0,-68.177086,-66.989586,0.22348255
2021-02-26T12:00:00Z,0.0,-68.177086,-66.989586,0.19934711
2021-02-27T12:00:00Z,0.0,-68.177086,-66.989586,NaN
2021-02-28T12:00:00Z,0.0,-68.177086,-66.989586,NaN
2021-03-01T12:00:00Z,0.0,-68.177086,-66.989586,NaN
2021-03-02T12:00:00Z,0.0,-68.177086,-66.989586,NaN
2021-03-03T12:00:00Z,0.0,-68.177086,-66.989586,NaN
2021-03-04T12:00:00Z,0.0,-68.177086,-66.989586,NaN
2021-03-05T12:00:00Z,0.0,-68.177086,-66.989586,NaN
2021-03-06T12:00:00Z,0.0,-68.177086,-66.989586,NaN
2021-03-07T12:00:00Z,0.0,-68.177086,-66.989586,NaN
2021-03-08T12:00:00Z,0.0,-68.177086,-66.989586,NaN
2021-03-09T12:00:00Z,0.0,-68.177086,-66.989586,NaN
2021-03-10T12:00:00Z,0.0,-68.177086,-66.989586,NaN
2021-03-11T12:00:00Z,0.0,-68.177086,-66.989586,NaN
2021-03-12T12:00:00Z,0.0,-68.177086,-66.989586,NaN
2021-03-13T12:00:00Z,0.0,-68.177086,-66.989586,NaN
2021-03-14T12:00:00Z,0.0,-68.177086,-66.989586,NaN
2021-03-15T12:00:00Z,0.0,-68.177086,-66.989586,NaN
2021-03-16T12:00:00Z,0.0,-68.177086,-66.989586,NaN
2021-03-17T12:00:00Z,0.0,-68.177086,-66.989586,NaN
2021-03-18T12:00:00Z,0.0,-68.177086,-66.989586,NaN
2021-03-19T12:00:00Z,0.0,-68.177086,-66.989586,NaN
2021-03-20T12:00:00Z,0.0,-68.177086,-66.989586,NaN
2021-03-21T12:00:00Z,0.0,-68.177086,-66.989586,NaN
2021-03-22T12:00:00Z,0.0,-68.177086,-66.989586,NaN
2021-03-23T12:00:00Z,0.0,-68.177086,-66.989586,NaN
2021-03-24T12:00:00Z,0.0,-68.177086,-66.989586,NaN
2021-03-25T12:00:00Z,0.0,-68.177086,-66.989586,NaN
2021-03-26T12:00:00Z,0.0,-68.177086,-66.989586,NaN
2021-03-27T12:00:00Z,0.0,-68.177086,-66.989586,NaN
2021-03-28T12:00:00Z,0.0,-68.177086,-66.989586,NaN
2021-03-29T12:00:00Z,0.0,-68.177086,-66.989586,NaN
2021-03-30T12:00:00Z,0.0,-68.177086,-66.989586,NaN
2021-03-31T12:00:00Z,0.0,-68.177086,-66.989586,NaN
2021-04-01T12:00:00Z,0.0,-68.177086,-66.989586,NaN
2021-04-02T12:00:00Z,0.0,-68.177086,-66.989586,NaN
2021-04-03T12:00:00Z,0.0,-68.177086,-66.989586,NaN
2021-04-04T12:00:00Z,0.0,-68.177086,-66.989586,NaN
2021-04-05T12:00:00Z,0.0,-68.177086,-66.989586,NaN
2021-04-06T12:00:00Z,0.0,-68.177086,-66.989586,NaN
2021-04-07T12:00:00Z,0.0,-68.177086,-66.989586,NaN
2021-04-08T12:00:00Z,0.0,-68.177086,-66.989586,NaN
2021-04-09T12:00:00Z,0.0,-68.177086,-66.989586,NaN
2021-04-10T12:00:00Z,0.0,-68.177086,-66.989586,NaN
2021-04-11T12:00:00Z,0.0,-68.177086,-66.989586,NaN
2021-04-12T12:00:00Z,0.0,-68.177086,-66.989586,NaN
2021-04-13T12:00:00Z,0.0,-68.177086,-66.989586,NaN
2021-04-14T12:00:00Z,0.0,-68.177086,-66.989586,NaN
2021-04-15T12:00:00Z,0.0,-68.177086,-66.989586,NaN
2021-04-16T12:00:00Z,0.0,-68.177086,-66.989586,NaN
2021-04-17T12:00:00Z,0.0,-68.177086,-66.989586,NaN
2021-04-18T12:00:00Z,0.0,-68.177086,-66.989586,NaN
2021-04-19T12:00:00Z,0.0,-68.177086,-66.989586,NaN
2021-04-20T12:00:00Z,0.0,-68.177086,-66.989586,NaN
2021-04-21T12:00:00Z,0.0,-68.177086,-66.989586,NaN
2021-04-22T12:00:00Z,0.0,-68.177086,-66.989586,NaN
2021-04-23T12:00:00Z,0.0,-68.177086,-66.989586,NaN
2021-04-24T12:00:00Z,0.0,-68.177086,-66.989586,NaN
2021-04-25T12:00:00Z,0.0,-68.177086,-66.989586,NaN
2021-04-26T12:00:00Z,0.0,-68.177086,-66.989586,NaN
2021-04-27T12:00:00Z,0.0,-68.177086,-66.989586,NaN
2021-04-28T12:00:00Z,0.0,-68.177086,-66.989586,NaN
2021-04-29T12:00:00Z,0.0,-68.177086,-66.989586,NaN
2021-04-30T12:00:00Z,0.0,-68.177086,-66.989586,NaN
2021-05-01T12:00:00Z,0.0,-68.177086,-66.989586,NaN
2021-05-02T12:00:00Z,0.0,-68.177086,-66.989586,NaN
2021-05-03T12:00:00Z,0.0,-68.177086,-66.989586,NaN
2021-05-04T12:00:00Z,0.0,-68.177086,-66.989586,NaN
2021-05-05T12:00:00Z,0.0,-68.177086,-66.989586,NaN
2021-05-06T12:00:00Z,0.0,-68.177086,-66.989586,NaN
2021-05-07T12:00:00Z,0.0,-68.177086,-66.989586,NaN
2021-05-08T12:00:00Z,0.0,-68.177086,-66.989586,NaN
2021-05-09T12:00:00Z,0.0,-68.177086,-66.989586,NaN
2021-05-10T12:00:00Z,0.0,-68.177086,-66.989586,NaN
2021-05-11T12:00:00Z,0.0,-68.177086,-66.989586,NaN
2021-05-12T12:00:00Z,0.0,-68.177086,-66.989586,NaN
2021-05-13T12:00:00Z,0.0,-68.177086,-66.989586,NaN
2021-05-14T12:00:00Z,0.0,-68.177086,-66.989586,NaN
2021-05-15T12:00:00Z,0.0,-68.177086,-66.989586,NaN
2021-05-16T12:00:00Z,0.0,-68.177086,-66.989586,NaN
2021-05-17T12:00:00Z,0.0,-68.177086,-66.989586,NaN
2021-05-18T12:00:00Z,0.0,-68.177086,-66.989586,NaN
2021-05-19T12:00:00Z,0.0,-68.177086,-66.989586,NaN
2021-05-20T12:00:00Z,0.0,-68.177086,-66.989586,NaN
2021-05-21T12:00:00Z,0.0,-68.177086,-66.989586,NaN
2021-05-22T12:00:00Z,0.0,-68.177086,-66.989586,NaN
2021-05-23T12:00:00Z,0.0,-68.177086,-66.989586,NaN
2021-05-24T12:00:00Z,0.0,-68.177086,-66.989586,NaN
2021-05-25T12:00:00Z,0.0,-68.177086,-66.989586,NaN
2021-05-26T12:00:00Z,0.0,-68.177086,-66.989586,NaN
2021-05-27T12:00:00Z,0.0,-68.177086,-66.989586,NaN
2021-05-28T12:00:00Z,0.0,-68.177086,-66.989586,NaN
2021-05-29T12:00:00Z,0.0,-68.177086,-66.989586,NaN
2021-05-30T12:00:00Z,0.0,-68.177086,-66.989586,NaN
2021-05-31T12:00:00Z,0.0,-68.177086,-66.989586,NaN
2021-06-01T12:00:00Z,0.0,-68.177086,-66.989586,NaN
2021-06-02T12:00:00Z,0.0,-68.177086,-66.989586,NaN
2021-06-03T12:00:00Z,0.0,-68.177086,-66.989586,NaN
2021-06-04T12:00:00Z,0.0,-68.177086,-66.989586,NaN
2021-06-05T12:00:00Z,0.0,-68.177086,-66.989586,NaN
2021-06-06T12:00:00Z,0.0,-68.177086,-66.989586,NaN
2021-06-07T12:00:00Z,0.0,-68.177086,-66.989586,NaN
2021-06-08T12:00:00Z,0.0,-68.177086,-66.989586,NaN
2021-06-09T12:00:00Z,0.0,-68.177086,-66.989586,NaN
2021-06-10T12:00:00Z,0.0,-68.177086,-66.989586,NaN
2021-06-11T12:00:00Z,0.0,-68.177086,-66.989586,NaN
2021-06-12T12:00:00Z,0.0,-68.177086,-66.989586,NaN
2021-06-13T12:00:00Z,0.0,-68.177086,-66.989586,NaN
2021-06-14T12:00:00Z,0.0,-68.177086,-66.989586,NaN
2021-06-15T12:00:00Z,0.0,-68.177086,-66.989586,NaN
2021-06-16T12:00:00Z,0.0,-68.177086,-66.989586,NaN
2021-06-17T12:00:00Z,0.0,-68.177086,-66.989586,NaN
2021-06-18T12:00:00Z,0.0,-68.177086,-66.989586,NaN
2021-06-19T12:00:00Z,0.0,-68.177086,-66.989586,NaN
2021-06-20T12:00:00Z,0.0,-68.177086,-66.989586,NaN
2021-06-21T12:00:00Z,0.0,-68.177086,-66.989586,NaN
2021-06-22T12:00:00Z,0.0,-68.177086,-66.989586,NaN
2021-06-23T12:00:00Z,0.0,-68.177086,-66.989586,NaN
2021-06-24T12:00:00Z,0.0,-68.177086,-66.989586,NaN
2021-06-25T12:00:00Z,0.0,-68.177086,-66.989586,NaN
2021-06-26T12:00:00Z,0.0,-68.177086,-66.989586,NaN
2021-06-27T12:00:00Z,0.0,-68.177086,-66.989586,NaN
2021-06-28T12:00:00Z,0.0,-68.177086,-66.989586,NaN
2021-06-29T12:00:00Z,0.0,-68.177086,-66.989586,NaN
2021-06-30T12:00:00Z,0.0,-68.177086,-66.989586,NaN
2021-07-01T12:00:00Z,0.0,-68.177086,-66.989586,NaN
2021-07-02T12:00:00Z,0.0,-68.177086,-66.989586,NaN
2021-07-03T12:00:00Z,0.0,-68.177086,-66.989586,NaN
2021-07-04T12:00:00Z,0.0,-68.177086,-66.989586,NaN
2021-07-05T12:00:00Z,0.0,-68.177086,-66.989586,NaN
2021-07-06T12:00:00Z,0.0,-68.177086,-66.989586,NaN
2021-07-07T12:00:00Z,0.0,-68.177086,-66.989586,NaN
2021-07-08T12:00:00Z,0.0,-68.177086,-66.989586,NaN
2021-07-09T12:00:00Z,0.0,-68.177086,-66.989586,NaN
2021-07-10T12:00:00Z,0.0,-68.177086,-66.989586,NaN
2021-07-11T12:00:00Z,0.0,-68.177086,-66.989586,NaN
2021-07-12T12:00:00Z,0.0,-68.177086,-66.989586,NaN
2021-07-13T12:00:00Z,0.0,-68.177086,-66.989586,NaN
2021-07-14T12:00:00Z,0.0,-68.177086,-66.989586,NaN
2021-07-15T12:00:00Z,0.0,-68.177086,-66.989586,NaN
2021-07-16T12:00:00Z,0.0,-68.177086,-66.989586,NaN
2021-07-17T12:00:00Z,0.0,-68.177086,-66.989586,NaN
2021-07-18T12:00:00Z,0.0,-68.177086,-66.989586,NaN
2021-07-19T12:00:00Z,0.0,-68.177086,-66.989586,NaN
2021-07-20T12:00:00Z,0.0,-68.177086,-66.989586,NaN
2021-07-21T12:00:00Z,0.0,-68.177086,-66.989586,NaN
2021-07-22T12:00:00Z,0.0,-68.177086,-66.989586,NaN
2021-07-23T12:00:00Z,0.0,-68.177086,-66.989586,NaN
2021-07-24T12:00:00Z,0.0,-68.177086,-66.989586,NaN
2021-07-25T12:00:00Z,0.0,-68.177086,-66.989586,NaN
2021-07-26T12:00:00Z,0.0,-68.177086,-66.989586,NaN
2021-07-27T12:00:00Z,0.0,-68.177086,-66.989586,NaN
2021-07-28T12:00:00Z,0.0,-68.177086,-66.989586,NaN
2021-07-29T12:00:00Z,0.0,-68.177086,-66.989586,NaN
2021-07-30T12:00:00Z,0.0,-68.177086,-66.989586,NaN
2021-07-31T12:00:00Z,0.0,-68.177086,-66.989586,NaN
2021-08-01T12:00:00Z,0.0,-68.177086,-66.989586,NaN
2021-08-02T12:00:00Z,0.0,-68.177086,-66.989586,NaN
2021-08-03T12:00:00Z,0.0,-68.177086,-66.989586,NaN
2021-08-04T12:00:00Z,0.0,-68.177086,-66.989586,NaN
2021-08-05T12:00:00Z,0.0,-68.177086,-66.989586,NaN
2021-08-06T12:00:00Z,0.0,-68.177086,-66.989586,NaN
2021-08-07T12:00:00Z,0.0,-68.177086,-66.989586,NaN
2021-08-08T12:00:00Z,0.0,-68.177086,-66.989586,NaN
2021-08-09T12:00:00Z,0.0,-68.177086,-66.989586,NaN
2021-08-10T12:00:00Z,0.0,-68.177086,-66.989586,NaN
2021-08-11T12:00:00Z,0.0,-68.177086,-66.989586,NaN
2021-08-12T12:00:00Z,0.0,-68.177086,-66.989586,NaN
2021-08-13T12:00:00Z,0.0,-68.177086,-66.989586,NaN
2021-08-14T12:00:00Z,0.0,-68.177086,-66.989586,NaN
2021-08-15T12:00:00Z,0.0,-68.177086,-66.989586,NaN
2021-08-16T12:00:00Z,0.0,-68.177086,-66.989586,NaN
2021-08-17T12:00:00Z,0.0,-68.177086,-66.989586,NaN
2021-08-18T12:00:00Z,0.0,-68.177086,-66.989586,NaN
2021-08-19T12:00:00Z,0.0,-68.177086,-66.989586,NaN
2021-08-20T12:00:00Z,0.0,-68.177086,-66.989586,NaN
2021-08-21T12:00:00Z,0.0,-68.177086,-66.989586,NaN
2021-08-22T12:00:00Z,0.0,-68.177086,-66.989586,NaN
2021-08-23T12:00:00Z,0.0,-68.177086,-66.989586,NaN
2021-08-24T12:00:00Z,0.0,-68.177086,-66.989586,NaN
2021-08-25T12:00:00Z,0.0,-68.177086,-66.989586,NaN
2021-08-26T12:00:00Z,0.0,-68.177086,-66.989586,NaN
2021-08-27T12:00:00Z,0.0,-68.177086,-66.989586,NaN
2021-08-28T12:00:00Z,0.0,-68.177086,-66.989586,NaN
2021-08-29T12:00:00Z,0.0,-68.177086,-66.989586,NaN
2021-08-30T12:00:00Z,0.0,-68.177086,-66.989586,NaN
2021-08-31T12:00:00Z,0.0,-68.177086,-66.989586,NaN
2021-09-01T12:00:00Z,0.0,-68.177086,-66.989586,NaN
2021-09-02T12:00:00Z,0.0,-68.177086,-66.989586,NaN
2021-09-03T12:00:00Z,0.0,-68.177086,-66.989586,NaN
2021-09-04T12:00:00Z,0.0,-68.177086,-66.989586,NaN
2021-09-05T12:00:00Z,0.0,-68.177086,-66.989586,NaN
2021-09-06T12:00:00Z,0.0,-68.177086,-66.989586,NaN
2021-09-07T12:00:00Z,0.0,-68.177086,-66.989586,NaN
2021-09-08T12:00:00Z,0.0,-68.177086,-66.989586,NaN
2021-09-09T12:00:00Z,0.0,-68.177086,-66.989586,NaN
2021-09-10T12:00:00Z,0.0,-68.177086,-66.989586,NaN
2021-09-11T12:00:00Z,0.0,-68.177086,-66.989586,NaN
2021-09-12T12:00:00Z,0.0,-68.177086,-66.989586,NaN
2021-09-13T12:00:00Z,0.0,-68.177086,-66.989586,NaN
2021-09-14T12:00:00Z,0.0,-68.177086,-66.989586,NaN
2021-09-15T12:00:00Z,0.0,-68.177086,-66.989586,NaN
2021-09-16T12:00:00Z,0.0,-68.177086,-66.989586,NaN
2021-09-17T12:00:00Z,0.0,-68.177086,-66.989586,NaN
2021-09-18T12:00:00Z,0.0,-68.177086,-66.989586,NaN
2021-09-19T12:00:00Z,0.0,-68.177086,-66.989586,NaN
2021-09-20T12:00:00Z,0.0,-68.177086,-66.989586,NaN
2021-09-21T12:00:00Z,0.0,-68.177086,-66.989586,NaN
2021-09-22T12:00:00Z,0.0,-68.177086,-66.989586,NaN
2021-09-23T12:00:00Z,0.0,-68.177086,-66.989586,NaN
2021-09-24T12:00:00Z,0.0,-68.177086,-66.989586,NaN
2021-09-25T12:00:00Z,0.0,-68.177086,-66.989586,NaN
2021-09-26T12:00:00Z,0.0,-68.177086,-66.989586,NaN
2021-09-27T12:00:00Z,0.0,-68.177086,-66.989586,NaN
2021-09-28T12:00:00Z,0.0,-68.177086,-66.989586,NaN
2021-09-29T12:00:00Z,0.0,-68.177086,-66.989586,NaN
2021-09-30T12:00:00Z,0.0,-68.177086,-66.989586,NaN
2021-10-01T12:00:00Z,0.0,-68.177086,-66.989586,NaN
2021-10-02T12:00:00Z,0.0,-68.177086,-66.989586,NaN
2021-10-03T12:00:00Z,0.0,-68.177086,-66.989586,NaN
2021-10-04T12:00:00Z,0.0,-68.177086,-66.989586,NaN
2021-10-05T12:00:00Z,0.0,-68.177086,-66.989586,NaN
2021-10-06T12:00:00Z,0.0,-68.177086,-66.989586,NaN
2021-10-07T12:00:00Z,0.0,-68.177086,-66.989586,NaN
2021-10-08T12:00:00Z,0.0,-68.177086,-66.989586,NaN
2021-10-09T12:00:00Z,0.0,-68.177086,-66.989586,NaN
2021-10-10T12:00:00Z,0.0,-68.177086,-66.989586,NaN
2021-10-11T12:00:00Z,0.0,-68.177086,-66.989586,NaN
2021-10-12T12:00:00Z,0.0,-68.177086,-66.989586,NaN
2021-10-13T12:00:00Z,0.0,-68.177086,-66.989586,NaN
2021-10-14T12:00:00Z,0.0,-68.177086,-66.989586,NaN
2021-10-15T12:00:00Z,0.0,-68.177086,-66.989586,NaN
2021-10-16T12:00:00Z,0.0,-68.177086,-66.989586,NaN
2021-10-17T12:00:00Z,0.0,-68.177086,-66.989586,NaN
2021-10-18T12:00:00Z,0.0,-68.177086,-66.989586,NaN
2021-10-19T12:00:00Z,0.0,-68.177086,-66.989586,NaN
2021-10-20T12:00:00Z,0.0,-68.177086,-66.989586,NaN
2021-10-21T12:00:00Z,0.0,-68.177086,-66.989586,NaN
2021-10-22T12:00:00Z,0.0,-68.177086,-66.989586,NaN
2021-10-23T12:00:00Z,0.0,-68.177086,-66.989586,NaN
2021-10-24T12:00:00Z,0.0,-68.177086,-66.989586,NaN
2021-10-25T12:00:00Z,0.0,-68.177086,-66.989586,NaN
2021-10-26T12:00:00Z,0.0,-68.177086,-66.989586,NaN
2021-10-27T12:00:00Z,0.0,-68.177086,-66.989586,NaN
2021-10-28T12:00:00Z,0.0,-68.177086,-66.989586,NaN
2021-10-29T12:00:00Z,0.0,-68.177086,-66.989586,NaN
2021-10-30T12:00:00Z,0.0,-68.177086,-66.989586,NaN
2021-10-31T12:00:00Z,0.0,-68.177086,-66.989586,NaN
2021-11-01T12:00:00Z,0.0,-68.177086,-66.989586,NaN
2021-11-02T12:00:00Z,0.0,-68.177086,-66.989586,NaN
2021-11-03T12:00:00Z,0.0,-68.177086,-66.989586,NaN
2021-11-04T12:00:00Z,0.0,-68.177086,-66.989586,NaN
2021-11-05T12:00:00Z,0.0,-68.177086,-66.989586,0.10745161
2021-11-06T12:00:00Z,0.0,-68.177086,-66.989586,0.10104997
2021-11-07T12:00:00Z,0.0,-68.177086,-66.989586,0.11328609
2021-11-08T12:00:00Z,0.0,-68.177086,-66.989586,0.1125985
2021-11-09T12:00:00Z,0.0,-68.177086,-66.989586,0.13037929
2021-11-10T12:00:00Z,0.0,-68.177086,-66.989586,0.1047286
2021-11-11T12:00:00Z,0.0,-68.177086,-66.989586,0.11095091
2021-11-12T12:00:00Z,0.0,-68.177086,-66.989586,0.10834146
2021-11-13T12:00:00Z,0.0,-68.177086,-66.989586,0.11370572
2021-11-14T12:00:00Z,0.0,-68.177086,-66.989586,0.12554286
2021-11-15T12:00:00Z,0.0,-68.177086,-66.989586,0.116960935
2021-11-16T12:00:00Z,0.0,-68.177086,-66.989586,0.116182216
2021-11-17T12:00:00Z,0.0,-68.177086,-66.989586,0.1317297
2021-11-18T12:00:00Z,0.0,-68.177086,-66.989586,0.13906176
2021-11-19T12:00:00Z,0.0,-68.177086,-66.989586,0.13813302
2021-11-20T12:00:00Z,0.0,-68.177086,-66.989586,0.14838663
2021-11-21T12:00:00Z,0.0,-68.177086,-66.989586,0.13247877
2021-11-22T12:00:00Z,0.0,-68.177086,-66.989586,0.15058362
2021-11-23T12:00:00Z,0.0,-68.177086,-66.989586,0.15251364
2021-11-24T12:00:00Z,0.0,-68.177086,-66.989586,0.15411027
2021-11-25T12:00:00Z,0.0,-68.177086,-66.989586,0.1493969
2021-11-26T12:00:00Z,0.0,-68.177086,-66.989586,0.16392933
2021-11-27T12:00:00Z,0.0,-68.177086,-66.989586,0.20710456
2021-11-28T12:00:00Z,0.0,-68.177086,-66.989586,0.19741029
2021-11-29T12:00:00Z,0.0,-68.177086,-66.989586,0.19536375
2021-11-30T12:00:00Z,0.0,-68.177086,-66.989586,0.18822847
2021-12-01T12:00:00Z,0.0,-68.177086,-66.989586,0.22554082
2021-12-02T12:00:00Z,0.0,-68.177086,-66.989586,0.22203645
2021-12-03T12:00:00Z,0.0,-68.177086,-66.989586,0.23156
2021-12-04T12:00:00Z,0.0,-68.177086,-66.989586,0.21508856
2021-12-05T12:00:00Z,0.0,-68.177086,-66.989586,0.19736972
2021-12-06T12:00:00Z,0.0,-68.177086,-66.989586,0.23445822
2021-12-07T12:00:00Z,0.0,-68.177086,-66.989586,0.24254552
2021-12-08T12:00:00Z,0.0,-68.177086,-66.989586,0.24306485
2021-12-09T12:00:00Z,0.0,-68.177086,-66.989586,0.25903895
2021-12-10T12:00:00Z,0.0,-68.177086,-66.989586,0.26292223
2021-12-11T12:00:00Z,0.0,-68.177086,-66.989586,0.29900694
2021-12-12T12:00:00Z,0.0,-68.177086,-66.989586,0.29741088
2021-12-13T12:00:00Z,0.0,-68.177086,-66.989586,0.2854211
2021-12-14T12:00:00Z,0.0,-68.177086,-66.989586,0.2948388
2021-12-15T12:00:00Z,0.0,-68.177086,-66.989586,0.2821791
2021-12-16T12:00:00Z,0.0,-68.177086,-66.989586,0.34524214
2021-12-17T12:00:00Z,0.0,-68.177086,-66.989586,0.4172485
2021-12-18T12:00:00Z,0.0,-68.177086,-66.989586,0.41536105
2021-12-19T12:00:00Z,0.0,-68.177086,-66.989586,0.44064876
2021-12-20T12:00:00Z,0.0,-68.177086,-66.989586,0.42064953
2021-12-21T12:00:00Z,0.0,-68.177086,-66.989586,0.3894075
2021-12-22T12:00:00Z,0.0,-68.177086,-66.989586,0.45371783
2021-12-23T12:00:00Z,0.0,-68.177086,-66.989586,0.48054808
2021-12-24T12:00:00Z,0.0,-68.177086,-66.989586,0.4697382
2021-12-25T12:00:00Z,0.0,-68.177086,-66.989586,0.47414768
2021-12-26T12:00:00Z,0.0,-68.177086,-66.989586,0.49030507
2021-12-27T12:00:00Z,0.0,-68.177086,-66.989586,0.55029166
2021-12-28T12:00:00Z,0.0,-68.177086,-66.989586,0.5880921
2021-12-29T12:00:00Z,0.0,-68.177086,-66.989586,0.35187146
2021-12-30T12:00:00Z,0.0,-68.177086,-66.989586,0.3626126
2021-12-31T12:00:00Z,0.0,-68.177086,-66.989586,0.33159307
2022-01-01T12:00:00Z,0.0,-68.177086,-66.989586,0.3423765
2022-01-02T12:00:00Z,0.0,-68.177086,-66.989586,0.3363936
2022-01-03T12:00:00Z,0.0,-68.177086,-66.989586,0.34060627
2022-01-04T12:00:00Z,0.0,-68.177086,-66.989586,0.3383012
2022-01-05T12:00:00Z,0.0,-68.177086,-66.989586,0.3299183
2022-01-06T12:00:00Z,0.0,-68.177086,-66.989586,0.31398672
2022-01-07T12:00:00Z,0.0,-68.177086,-66.989586,0.34065494
2022-01-08T12:00:00Z,0.0,-68.177086,-66.989586,0.33658525
2022-01-09T12:00:00Z,0.0,-68.177086,-66.989586,0.329433
2022-01-10T12:00:00Z,0.0,-68.177086,-66.989586,0.3245306
2022-01-11T12:00:00Z,0.0,-68.177086,-66.989586,0.38376638
2022-01-12T12:00:00Z,0.0,-68.177086,-66.989586,0.3812725
2022-01-13T12:00:00Z,0.0,-68.177086,-66.989586,0.3758008
2022-01-14T12:00:00Z,0.0,-68.177086,-66.989586,0.3770806
2022-01-15T12:00:00Z,0.0,-68.177086,-66.989586,0.41145223
2022-01-16T12:00:00Z,0.0,-68.177086,-66.989586,0.44039896
2022-01-17T12:00:00Z,0.0,-68.177086,-66.989586,0.41830438
2022-01-18T12:00:00Z,0.0,-68.177086,-66.989586,0.438078
2022-01-19T12:00:00Z,0.0,-68.177086,-66.989586,0.43510103
2022-01-20T12:00:00Z,0.0,-68.177086,-66.989586,0.43476453
2022-01-21T12:00:00Z,0.0,-68.177086,-66.989586,0.45070875
2022-01-22T12:00:00Z,0.0,-68.177086,-66.989586,0.44124854
2022-01-23T12:00:00Z,0.0,-68.177086,-66.989586,0.4611801
2022-01-24T12:00:00Z,0.0,-68.177086,-66.989586,0.44480756
2022-01-25T12:00:00Z,0.0,-68.177086,-66.989586,0.43659204
2022-01-26T12:00:00Z,0.0,-68.177086,-66.989586,0.44594187
2022-01-27T12:00:00Z,0.0,-68.177086,-66.989586,0.4443162
2022-01-28T12:00:00Z,0.0,-68.177086,-66.989586,0.49231794
2022-01-29T12:00:00Z,0.0,-68.177086,-66.989586,0.5393585
2022-01-30T12:00:00Z,0.0,-68.177086,-66.989586,0.57651114
2022-01-31T12:00:00Z,0.0,-68.177086,-66.989586,0.78355867
2022-02-01T12:00:00Z,0.0,-68.177086,-66.989586,0.8029748
2022-02-02T12:00:00Z,0.0,-68.177086,-66.989586,0.79806906
2022-02-03T12:00:00Z,0.0,-68.177086,-66.989586,0.82856154
2022-02-04T12:00:00Z,0.0,-68.177086,-66.989586,0.8535052
2022-02-05T12:00:00Z,0.0,-68.177086,-66.989586,0.8391195
2022-02-06T12:00:00Z,0.0,-68.177086,-66.989586,0.50589246
2022-02-07T12:00:00Z,0.0,-68.177086,-66.989586,0.4806781
2022-02-08T12:00:00Z,0.0,-68.177086,-66.989586,0.46705052
2022-02-09T12:00:00Z,0.0,-68.177086,-66.989586,0.44963226
2022-02-10T12:00:00Z,0.0,-68.177086,-66.989586,0.5452063
2022-02-11T12:00:00Z,0.0,-68.177086,-66.989586,0.5377172
2022-02-12T12:00:00Z,0.0,-68.177086,-66.989586,0.48459554
2022-02-13T12:00:00Z,0.0,-68.177086,-66.989586,0.49320436
2022-02-14T12:00:00Z,0.0,-68.177086,-66.989586,0.46697965
2022-02-15T12:00:00Z,0.0,-68.177086,-66.989586,0.37236956
2022-02-16T12:00:00Z,0.0,-68.177086,-66.989586,0.3935144
2022-02-17T12:00:00Z,0.0,-68.177086,-66.989586,0.38719907
2022-02-18T12:00:00Z,0.0,-68.177086,-66.989586,0.24488948
2022-02-19T12:00:00Z,0.0,-68.177086,-66.989586,0.26175228
2022-02-20T12:00:00Z,0.0,-68.177086,-66.989586,0.2069942
2022-02-21T12:00:00Z,0.0,-68.177086,-66.989586,0.18446614
2022-02-22T12:00:00Z,0.0,-68.177086,-66.989586,0.20494294
2022-02-23T12:00:00Z,0.0,-68.177086,-66.989586,0.19368559
2022-02-24T12:00:00Z,0.0,-68.177086,-66.989586,0.1774043
2022-02-25T12:00:00Z,0.0,-68.177086,-66.989586,0.15382147
2022-02-26T12:00:00Z,0.0,-68.177086,-66.989586,0.18095277
2022-02-27T12:00:00Z,0.0,-68.177086,-66.989586,NaN
2022-02-28T12:00:00Z,0.0,-68.177086,-66.989586,NaN
2022-03-01T12:00:00Z,0.0,-68.177086,-66.989586,NaN
2022-03-02T12:00:00Z,0.0,-68.177086,-66.989586,NaN
2022-03-03T12:00:00Z,0.0,-68.177086,-66.989586,NaN
2022-03-04T12:00:00Z,0.0,-68.177086,-66.989586,NaN
2022-03-05T12:00:00Z,0.0,-68.177086,-66.989586,NaN
2022-03-06T12:00:00Z,0.0,-68.177086,-66.989586,NaN
2022-03-07T12:00:00Z,0.0,-68.177086,-66.989586,NaN
2022-03-08T12:00:00Z,0.0,-68.177086,-66.989586,NaN
2022-03-09T12:00:00Z,0.0,-68.177086,-66.989586,NaN
2022-03-10T12:00:00Z,0.0,-68.177086,-66.989586,NaN
2022-03-11T12:00:00Z,0.0,-68.177086,-66.989586,NaN
2022-03-12T12:00:00Z,0.0,-68.177086,-66.989586,NaN
2022-03-13T12:00:00Z,0.0,-68.177086,-66.989586,NaN
2022-03-14T12:00:00Z,0.0,-68.177086,-66.989586,NaN
2022-03-15T12:00:00Z,0.0,-68.177086,-66.989586,NaN
2022-03-16T12:00:00Z,0.0,-68.177086,-66.989586,NaN
2022-03-17T12:00:00Z,0.0,-68.177086,-66.989586,NaN
2022-03-18T12:00:00Z,0.0,-68.177086,-66.989586,NaN
2022-03-19T12:00:00Z,0.0,-68.177086,-66.989586,NaN
2022-03-20T12:00:00Z,0.0,-68.177086,-66.989586,NaN
2022-03-21T12:00:00Z,0.0,-68.177086,-66.989586,NaN
2022-03-22T12:00:00Z,0.0,-68.177086,-66.989586,NaN
2022-03-23T12:00:00Z,0.0,-68.177086,-66.989586,NaN
2022-03-24T12:00:00Z,0.0,-68.177086,-66.989586,NaN
2022-03-25T12:00:00Z,0.0,-68.177086,-66.989586,NaN
2022-03-26T12:00:00Z,0.0,-68.177086,-66.989586,NaN
2022-03-27T12:00:00Z,0.0,-68.177086,-66.989586,NaN
2022-03-28T12:00:00Z,0.0,-68.177086,-66.989586,NaN
2022-03-29T12:00:00Z,0.0,-68.177086,-66.989586,NaN
2022-03-30T12:00:00Z,0.0,-68.177086,-66.989586,NaN
2022-03-31T12:00:00Z,0.0,-68.177086,-66.989586,NaN
2022-04-01T12:00:00Z,0.0,-68.177086,-66.989586,NaN
2022-04-02T12:00:00Z,0.0,-68.177086,-66.989586,NaN
2022-04-03T12:00:00Z,0.0,-68.177086,-66.989586,NaN
2022-04-04T12:00:00Z,0.0,-68.177086,-66.989586,NaN
2022-04-05T12:00:00Z,0.0,-68.177086,-66.989586,NaN
2022-04-06T12:00:00Z,0.0,-68.177086,-66.989586,NaN
2022-04-07T12:00:00Z,0.0,-68.177086,-66.989586,NaN
2022-04-08T12:00:00Z,0.0,-68.177086,-66.989586,NaN
2022-04-09T12:00:00Z,0.0,-68.177086,-66.989586,NaN
2022-04-10T12:00:00Z,0.0,-68.177086,-66.989586,NaN
2022-04-11T12:00:00Z,0.0,-68.177086,-66.989586,NaN
2022-04-12T12:00:00Z,0.0,-68.177086,-66.989586,NaN
2022-04-13T12:00:00Z,0.0,-68.177086,-66.989586,NaN
2022-04-14T12:00:00Z,0.0,-68.177086,-66.989586,NaN
2022-04-15T12:00:00Z,0.0,-68.177086,-66.989586,NaN
2022-04-16T12:00:00Z,0.0,-68.177086,-66.989586,NaN
2022-04-17T12:00:00Z,0.0,-68.177086,-66.989586,NaN
2022-04-18T12:00:00Z,0.0,-68.177086,-66.989586,NaN
2022-04-19T12:00:00Z,0.0,-68.177086,-66.989586,NaN
2022-04-20T12:00:00Z,0.0,-68.177086,-66.989586,NaN
2022-04-21T12:00:00Z,0.0,-68.177086,-66.989586,NaN
2022-04-22T12:00:00Z,0.0,-68.177086,-66.989586,NaN
2022-04-23T12:00:00Z,0.0,-68.177086,-66.989586,NaN
2022-04-24T12:00:00Z,0.0,-68.177086,-66.989586,NaN
2022-04-25T12:00:00Z,0.0,-68.177086,-66.989586,NaN
2022-04-26T12:00:00Z,0.0,-68.177086,-66.989586,NaN
2022-04-27T12:00:00Z,0.0,-68.177086,-66.989586,NaN
2022-04-28T12:00:00Z,0.0,-68.177086,-66.989586,NaN
2022-04-29T12:00:00Z,0.0,-68.177086,-66.989586,NaN
2022-04-30T12:00:00Z,0.0,-68.177086,-66.989586,NaN
2022-05-01T12:00:00Z,0.0,-68.177086,-66.989586,NaN
2022-05-02T12:00:00Z,0.0,-68.177086,-66.989586,NaN
2022-05-03T12:00:00Z,0.0,-68.177086,-66.989586,NaN
2022-05-04T12:00:00Z,0.0,-68.177086,-66.989586,NaN
2022-05-05T12:00:00Z,0.0,-68.177086,-66.989586,NaN
2022-05-06T12:00:00Z,0.0,-68.177086,-66.989586,NaN
2022-05-07T12:00:00Z,0.0,-68.177086,-66.989586,NaN
2022-05-08T12:00:00Z,0.0,-68.177086,-66.989586,NaN
2022-05-09T12:00:00Z,0.0,-68.177086,-66.989586,NaN
2022-05-10T12:00:00Z,0.0,-68.177086,-66.989586,NaN
2022-05-11T12:00:00Z,0.0,-68.177086,-66.989586,NaN
2022-05-12T12:00:00Z,0.0,-68.177086,-66.989586,NaN
2022-05-13T12:00:00Z,0.0,-68.177086,-66.989586,NaN
2022-05-14T12:00:00Z,0.0,-68.177086,-66.989586,NaN
2022-05-15T12:00:00Z,0.0,-68.177086,-66.989586,NaN
2022-05-16T12:00:00Z,0.0,-68.177086,-66.989586,NaN
2022-05-17T12:00:00Z,0.0,-68.177086,-66.989586,NaN
2022-05-18T12:00:00Z,0.0,-68.177086,-66.989586,NaN
2022-05-19T12:00:00Z,0.0,-68.177086,-66.989586,NaN
2022-05-20T12:00:00Z,0.0,-68.177086,-66.989586,NaN
2022-05-21T12:00:00Z,0.0,-68.177086,-66.989586,NaN
2022-05-22T12:00:00Z,0.0,-68.177086,-66.989586,NaN
2022-05-23T12:00:00Z,0.0,-68.177086,-66.989586,NaN
2022-05-24T12:00:00Z,0.0,-68.177086,-66.989586,NaN
2022-05-25T12:00:00Z,0.0,-68.177086,-66.989586,NaN
2022-05-26T12:00:00Z,0.0,-68.177086,-66.989586,NaN
2022-05-27T12:00:00Z,0.0,-68.177086,-66.989586,NaN
2022-05-28T12:00:00Z,0.0,-68.177086,-66.989586,NaN
2022-05-29T12:00:00Z,0.0,-68.177086,-66.989586,NaN
2022-05-30T12:00:00Z,0.0,-68.177086,-66.989586,NaN
2022-05-31T12:00:00Z,0.0,-68.177086,-66.989586,NaN
2022-06-01T12:00:00Z,0.0,-68.177086,-66.989586,NaN
2022-06-02T12:00:00Z,0.0,-68.177086,-66.989586,NaN
2022-06-03T12:00:00Z,0.0,-68.177086,-66.989586,NaN
2022-06-04T12:00:00Z,0.0,-68.177086,-66.989586,NaN
2022-06-05T12:00:00Z,0.0,-68.177086,-66.989586,NaN
2022-06-06T12:00:00Z,0.0,-68.177086,-66.989586,NaN
2022-06-07T12:00:00Z,0.0,-68.177086,-66.989586,NaN
2022-06-08T12:00:00Z,0.0,-68.177086,-66.989586,NaN
2022-06-09T12:00:00Z,0.0,-68.177086,-66.989586,NaN
2022-06-10T12:00:00Z,0.0,-68.177086,-66.989586,NaN
2022-06-11T12:00:00Z,0.0,-68.177086,-66.989586,NaN
2022-06-12T12:00:00Z,0.0,-68.177086,-66.989586,NaN
2022-06-13T12:00:00Z,0.0,-68.177086,-66.989586,NaN
2022-06-14T12:00:00Z,0.0,-68.177086,-66.989586,NaN
2022-06-15T12:00:00Z,0.0,-68.177086,-66.989586,NaN
2022-06-16T12:00:00Z,0.0,-68.177086,-66.989586,NaN
2022-06-17T12:00:00Z,0.0,-68.177086,-66.989586,NaN
2022-06-18T12:00:00Z,0.0,-68.177086,-66.989586,NaN
2022-06-19T12:00:00Z,0.0,-68.177086,-66.989586,NaN
2022-06-20T12:00:00Z,0.0,-68.177086,-66.989586,NaN
2022-06-21T12:00:00Z,0.0,-68.177086,-66.989586,NaN
2022-06-22T12:00:00Z,0.0,-68.177086,-66.989586,NaN
2022-06-23T12:00:00Z,0.0,-68.177086,-66.989586,NaN
2022-06-24T12:00:00Z,0.0,-68.177086,-66.989586,NaN
2022-06-25T12:00:00Z,0.0,-68.177086,-66.989586,NaN
2022-06-26T12:00:00Z,0.0,-68.177086,-66.989586,NaN
2022-06-27T12:00:00Z,0.0,-68.177086,-66.989586,NaN
2022-06-28T12:00:00Z,0.0,-68.177086,-66.989586,NaN
2022-06-29T12:00:00Z,0.0,-68.177086,-66.989586,NaN
2022-06-30T12:00:00Z,0.0,-68.177086,-66.989586,NaN
2022-07-01T12:00:00Z,0.0,-68.177086,-66.989586,NaN
2022-07-02T12:00:00Z,0.0,-68.177086,-66.989586,NaN
2022-07-03T12:00:00Z,0.0,-68.177086,-66.989586,NaN
2022-07-04T12:00:00Z,0.0,-68.177086,-66.989586,NaN
2022-07-05T12:00:00Z,0.0,-68.177086,-66.989586,NaN
2022-07-06T12:00:00Z,0.0,-68.177086,-66.989586,NaN
2022-07-07T12:00:00Z,0.0,-68.177086,-66.989586,NaN
2022-07-08T12:00:00Z,0.0,-68.177086,-66.989586,NaN
2022-07-09T12:00:00Z,0.0,-68.177086,-66.989586,NaN
2022-07-10T12:00:00Z,0.0,-68.177086,-66.989586,NaN
2022-07-11T12:00:00Z,0.0,-68.177086,-66.989586,NaN
2022-07-12T12:00:00Z,0.0,-68.177086,-66.989586,NaN
2022-07-13T12:00:00Z,0.0,-68.177086,-66.989586,NaN
2022-07-14T12:00:00Z,0.0,-68.177086,-66.989586,NaN
2022-07-15T12:00:00Z,0.0,-68.177086,-66.989586,NaN
2022-07-16T12:00:00Z,0.0,-68.177086,-66.989586,NaN
2022-07-17T12:00:00Z,0.0,-68.177086,-66.989586,NaN
2022-07-18T12:00:00Z,0.0,-68.177086,-66.989586,NaN
2022-07-19T12:00:00Z,0.0,-68.177086,-66.989586,NaN
2022-07-20T12:00:00Z,0.0,-68.177086,-66.989586,NaN
2022-07-21T12:00:00Z,0.0,-68.177086,-66.989586,NaN
2022-07-22T12:00:00Z,0.0,-68.177086,-66.989586,NaN
2022-07-23T12:00:00Z,0.0,-68.177086,-66.989586,NaN
2022-07-24T12:00:00Z,0.0,-68.177086,-66.989586,NaN
2022-07-25T12:00:00Z,0.0,-68.177086,-66.989586,NaN
2022-07-26T12:00:00Z,0.0,-68.177086,-66.989586,NaN
2022-07-27T12:00:00Z,0.0,-68.177086,-66.989586,NaN
2022-07-28T12:00:00Z,0.0,-68.177086,-66.989586,NaN
2022-07-29T12:00:00Z,0.0,-68.177086,-66.989586,NaN
2022-07-30T12:00:00Z,0.0,-68.177086,-66.989586,NaN
2022-07-31T12:00:00Z,0.0,-68.177086,-66.989586,NaN
2022-08-01T12:00:00Z,0.0,-68.177086,-66.989586,NaN
2022-08-02T12:00:00Z,0.0,-68.177086,-66.989586,NaN
2022-08-03T12:00:00Z,0.0,-68.177086,-66.989586,NaN
2022-08-04T12:00:00Z,0.0,-68.177086,-66.989586,NaN
2022-08-05T12:00:00Z,0.0,-68.177086,-66.989586,NaN
2022-08-06T12:00:00Z,0.0,-68.177086,-66.989586,NaN
2022-08-07T12:00:00Z,0.0,-68.177086,-66.989586,NaN
2022-08-08T12:00:00Z,0.0,-68.177086,-66.989586,NaN
2022-08-09T12:00:00Z,0.0,-68.177086,-66.989586,NaN
2022-08-10T12:00:00Z,0.0,-68.177086,-66.989586,NaN
2022-08-11T12:00:00Z,0.0,-68.177086,-66.989586,NaN
2022-08-12T12:00:00Z,0.0,-68.177086,-66.989586,NaN
2022-08-13T12:00:00Z,0.0,-68.177086,-66.989586,NaN
2022-08-14T12:00:00Z,0.0,-68.177086,-66.989586,NaN
2022-08-15T12:00:00Z,0.0,-68.177086,-66.989586,NaN
2022-08-16T12:00:00Z,0.0,-68.177086,-66.989586,NaN
2022-08-17T12:00:00Z,0.0,-68.177086,-66.989586,NaN
2022-08-18T12:00:00Z,0.0,-68.177086,-66.989586,NaN
2022-08-19T12:00:00Z,0.0,-68.177086,-66.989586,NaN
2022-08-20T12:00:00Z,0.0,-68.177086,-66.989586,NaN
2022-08-21T12:00:00Z,0.0,-68.177086,-66.989586,NaN
2022-08-22T12:00:00Z,0.0,-68.177086,-66.989586,NaN
2022-08-23T12:00:00Z,0.0,-68.177086,-66.989586,NaN
2022-08-24T12:00:00Z,0.0,-68.177086,-66.989586,NaN
2022-08-25T12:00:00Z,0.0,-68.177086,-66.989586,NaN
2022-08-26T12:00:00Z,0.0,-68.177086,-66.989586,NaN
2022-08-27T12:00:00Z,0.0,-68.177086,-66.989586,NaN
2022-08-28T12:00:00Z,0.0,-68.177086,-66.989586,NaN
2022-08-29T12:00:00Z,0.0,-68.177086,-66.989586,NaN
2022-08-30T12:00:00Z,0.0,-68.177086,-66.989586,NaN
2022-08-31T12:00:00Z,0.0,-68.177086,-66.989586,NaN
2022-09-01T12:00:00Z,0.0,-68.177086,-66.989586,NaN
2022-09-02T12:00:00Z,0.0,-68.177086,-66.989586,NaN
2022-09-03T12:00:00Z,0.0,-68.177086,-66.989586,NaN
2022-09-04T12:00:00Z,0.0,-68.177086,-66.989586,NaN
2022-09-05T12:00:00Z,0.0,-68.177086,-66.989586,NaN
2022-09-06T12:00:00Z,0.0,-68.177086,-66.989586,NaN
2022-09-07T12:00:00Z,0.0,-68.177086,-66.989586,NaN
2022-09-08T12:00:00Z,0.0,-68.177086,-66.989586,NaN
2022-09-09T12:00:00Z,0.0,-68.177086,-66.989586,NaN
2022-09-10T12:00:00Z,0.0,-68.177086,-66.989586,NaN
2022-09-11T12:00:00Z,0.0,-68.177086,-66.989586,NaN
2022-09-12T12:00:00Z,0.0,-68.177086,-66.989586,NaN
2022-09-13T12:00:00Z,0.0,-68.177086,-66.989586,NaN
2022-09-14T12:00:00Z,0.0,-68.177086,-66.989586,NaN
2022-09-15T12:00:00Z,0.0,-68.177086,-66.989586,NaN
2022-09-16T12:00:00Z,0.0,-68.177086,-66.989586,NaN
2022-09-17T12:00:00Z,0.0,-68.177086,-66.989586,NaN
2022-09-18T12:00:00Z,0.0,-68.177086,-66.989586,NaN
2022-09-19T12:00:00Z,0.0,-68.177086,-66.989586,NaN
2022-09-20T12:00:00Z,0.0,-68.177086,-66.989586,NaN
2022-09-21T12:00:00Z,0.0,-68.177086,-66.989586,NaN
2022-09-22T12:00:00Z,0.0,-68.177086,-66.989586,NaN
2022-09-23T12:00:00Z,0.0,-68.177086,-66.989586,NaN
2022-09-24T12:00:00Z,0.0,-68.177086,-66.989586,NaN
2022-09-25T12:00:00Z,0.0,-68.177086,-66.989586,NaN
2022-09-26T12:00:00Z,0.0,-68.177086,-66.989586,NaN
2022-09-27T12:00:00Z,0.0,-68.177086,-66.989586,NaN
2022-09-28T12:00:00Z,0.0,-68.177086,-66.989586,NaN
2022-09-29T12:00:00Z,0.0,-68.177086,-66.989586,NaN
2022-09-30T12:00:00Z,0.0,-68.177086,-66.989586,NaN
2022-10-01T12:00:00Z,0.0,-68.177086,-66.989586,NaN
2022-10-02T12:00:00Z,0.0,-68.177086,-66.989586,NaN
2022-10-03T12:00:00Z,0.0,-68.177086,-66.989586,NaN
2022-10-04T12:00:00Z,0.0,-68.177086,-66.989586,NaN
2022-10-05T12:00:00Z,0.0,-68.177086,-66.989586,NaN
2022-10-06T12:00:00Z,0.0,-68.177086,-66.989586,NaN
2022-10-07T12:00:00Z,0.0,-68.177086,-66.989586,NaN
2022-10-08T12:00:00Z,0.0,-68.177086,-66.989586,NaN
2022-10-09T12:00:00Z,0.0,-68.177086,-66.989586,NaN
2022-10-10T12:00:00Z,0.0,-68.177086,-66.989586,NaN
2022-10-11T12:00:00Z,0.0,-68.177086,-66.989586,NaN
2022-10-12T12:00:00Z,0.0,-68.177086,-66.989586,NaN
2022-10-13T12:00:00Z,0.0,-68.177086,-66.989586,NaN
2022-10-14T12:00:00Z,0.0,-68.177086,-66.989586,NaN
2022-10-15T12:00:00Z,0.0,-68.177086,-66.989586,NaN
2022-10-16T12:00:00Z,0.0,-68.177086,-66.989586,NaN
2022-10-17T12:00:00Z,0.0,-68.177086,-66.989586,NaN
2022-10-18T12:00:00Z,0.0,-68.177086,-66.989586,NaN
2022-10-19T12:00:00Z,0.0,-68.177086,-66.989586,NaN
2022-10-20T12:00:00Z,0.0,-68.177086,-66.989586,NaN
2022-10-21T12:00:00Z,0.0,-68.177086,-66.989586,NaN
2022-10-22T12:00:00Z,0.0,-68.177086,-66.989586,NaN
2022-10-23T12:00:00Z,0.0,-68.177086,-66.989586,NaN
2022-10-24T12:00:00Z,0.0,-68.177086,-66.989586,NaN
2022-10-25T12:00:00Z,0.0,-68.177086,-66.989586,NaN
2022-10-26T12:00:00Z,0.0,-68.177086,-66.989586,NaN
2022-10-27T12:00:00Z,0.0,-68.177086,-66.989586,NaN
2022-10-28T12:00:00Z,0.0,-68.177086,-66.989586,NaN
2022-10-29T12:00:00Z,0.0,-68.177086,-66.989586,NaN
2022-10-30T12:00:00Z,0.0,-68.177086,-66.989586,NaN
2022-10-31T12:00:00Z,0.0,-68.177086,-66.989586,NaN
2022-11-01T12:00:00Z,0.0,-68.177086,-66.989586,NaN
2022-11-02T12:00:00Z,0.0,-68.177086,-66.989586,NaN
2022-11-03T12:00:00Z,0.0,-68.177086,-66.989586,NaN
2022-11-04T12:00:00Z,0.0,-68.177086,-66.989586,NaN
2022-11-05T12:00:00Z,0.0,-68.177086,-66.989586,0.24632554
2022-11-06T12:00:00Z,0.0,-68.177086,-66.989586,0.30246767
2022-11-07T12:00:00Z,0.0,-68.177086,-66.989586,0.31208616
2022-11-08T12:00:00Z,0.0,-68.177086,-66.989586,0.33002985
2022-11-09T12:00:00Z,0.0,-68.177086,-66.989586,0.3419239
2022-11-10T12:00:00Z,0.0,-68.177086,-66.989586,0.32972622
2022-11-11T12:00:00Z,0.0,-68.177086,-66.989586,0.3212952
2022-11-12T12:00:00Z,0.0,-68.177086,-66.989586,0.33474976
2022-11-13T12:00:00Z,0.0,-68.177086,-66.989586,0.21300177
2022-11-14T12:00:00Z,0.0,-68.177086,-66.989586,0.30213997
2022-11-15T12:00:00Z,0.0,-68.177086,-66.989586,0.32330966
2022-11-16T12:00:00Z,0.0,-68.177086,-66.989586,0.33351335
2022-11-17T12:00:00Z,0.0,-68.177086,-66.989586,0.2928435
2022-11-18T12:00:00Z,0.0,-68.177086,-66.989586,0.19738166
2022-11-19T12:00:00Z,0.0,-68.177086,-66.989586,0.18680766
2022-11-20T12:00:00Z,0.0,-68.177086,-66.989586,0.19279502
2022-11-21T12:00:00Z,0.0,-68.177086,-66.989586,0.21185331
2022-11-22T12:00:00Z,0.0,-68.177086,-66.989586,0.18675248
2022-11-23T12:00:00Z,0.0,-68.177086,-66.989586,0.2504708
2022-11-24T12:00:00Z,0.0,-68.177086,-66.989586,0.25804538
2022-11-25T12:00:00Z,0.0,-68.177086,-66.989586,0.25567588
2022-11-26T12:00:00Z,0.0,-68.177086,-66.989586,0.26586637
2022-11-27T12:00:00Z,0.0,-68.177086,-66.989586,0.2748523
2022-11-28T12:00:00Z,0.0,-68.177086,-66.989586,0.28315318
2022-11-29T12:00:00Z,0.0,-68.177086,-66.989586,0.3329882
2022-11-30T12:00:00Z,0.0,-68.177086,-66.989586,0.32358843
2022-12-01T12:00:00Z,0.0,-68.177086,-66.989586,0.34630105
2022-12-02T12:00:00Z,0.0,-68.177086,-66.989586,0.38117245
2022-12-03T12:00:00Z,0.0,-68.177086,-66.989586,0.35875657
2022-12-04T12:00:00Z,0.0,-68.177086,-66.989586,0.19103308
2022-12-05T12:00:00Z,0.0,-68.177086,-66.989586,0.24383688
2022-12-06T12:00:00Z,0.0,-68.177086,-66.989586,0.23980862
2022-12-07T12:00:00Z,0.0,-68.177086,-66.989586,0.26816034
2022-12-08T12:00:00Z,0.0,-68.177086,-66.989586,0.26211205
2022-12-09T12:00:00Z,0.0,-68.177086,-66.989586,0.2637634
2022-12-10T12:00:00Z,0.0,-68.177086,-66.989586,0.29544815
2022-12-11T12:00:00Z,0.0,-68.177086,-66.989586,0.32342017
2022-12-12T12:00:00Z,0.0,-68.177086,-66.989586,0.3586257
2022-12-13T12:00:00Z,0.0,-68.177086,-66.989586,0.35399562
2022-12-14T12:00:00Z,0.0,-68.177086,-66.989586,0.41658583
2022-12-15T12:00:00Z,0.0,-68.177086,-66.989586,0.42338648
2022-12-16T12:00:00Z,0.0,-68.177086,-66.989586,0.38268363
2022-12-17T12:00:00Z,0.0,-68.177086,-66.989586,0.41856226
2022-12-18T12:00:00Z,0.0,-68.177086,-66.989586,0.4447756
2022-12-19T12:00:00Z,0.0,-68.177086,-66.989586,0.43645707
2022-12-20T12:00:00Z,0.0,-68.177086,-66.989586,0.4906902
2022-12-21T12:00:00Z,0.0,-68.177086,-66.989586,0.43114826
2022-12-22T12:00:00Z,0.0,-68.177086,-66.989586,0.5642325
2022-12-23T12:00:00Z,0.0,-68.177086,-66.989586,0.5766477
2022-12-24T12:00:00Z,0.0,-68.177086,-66.989586,0.6307851
2022-12-25T12:00:00Z,0.0,-68.177086,-66.989586,0.623055
2022-12-26T12:00:00Z,0.0,-68.177086,-66.989586,0.5524729
2022-12-27T12:00:00Z,0.0,-68.177086,-66.989586,0.4909429
2022-12-28T12:00:00Z,0.0,-68.177086,-66.989586,0.5684417
2022-12-29T12:00:00Z,0.0,-68.177086,-66.989586,0.7057433
2022-12-30T12:00:00Z,0.0,-68.177086,-66.989586,0.6986038
2022-12-31T12:00:00Z,0.0,-68.177086,-66.989586,0.6672178
2023-01-01T12:00:00Z,0.0,-68.177086,-66.989586,0.5635
2023-01-02T12:00:00Z,0.0,-68.177086,-66.989586,0.6472029
2023-01-03T12:00:00Z,0.0,-68.177086,-66.989586,0.5621699
2023-01-04T12:00:00Z,0.0,-68.177086,-66.989586,0.55575854
2023-01-05T12:00:00Z,0.0,-68.177086,-66.989586,0.54396534
2023-01-06T12:00:00Z,0.0,-68.177086,-66.989586,0.5393541
2023-01-07T12:00:00Z,0.0,-68.177086,-66.989586,0.55089337
2023-01-08T12:00:00Z,0.0,-68.177086,-66.989586,0.5427928
2023-01-09T12:00:00Z,0.0,-68.177086,-66.989586,0.5510775
2023-01-10T12:00:00Z,0.0,-68.177086,-66.989586,0.53187937
2023-01-11T12:00:00Z,0.0,-68.177086,-66.989586,0.49157554
2023-01-12T12:00:00Z,0.0,-68.177086,-66.989586,0.3504632
2023-01-13T12:00:00Z,0.0,-68.177086,-66.989586,0.3669535
2023-01-14T12:00:00Z,0.0,-68.177086,-66.989586,0.34186327
2023-01-15T12:00:00Z,0.0,-68.177086,-66.989586,0.35099697
2023-01-16T12:00:00Z,0.0,-68.177086,-66.989586,0.2987752
2023-01-17T12:00:00Z,0.0,-68.177086,-66.989586,0.4043632
2023-01-18T12:00:00Z,0.0,-68.177086,-66.989586,0.40731472
2023-01-19T12:00:00Z,0.0,-68.177086,-66.989586,0.39017907
2023-01-20T12:00:00Z,0.0,-68.177086,-66.989586,0.5422871
2023-01-21T12:00:00Z,0.0,-68.177086,-66.989586,0.4113242
2023-01-22T12:00:00Z,0.0,-68.177086,-66.989586,0.4115372
2023-01-23T12:00:00Z,0.0,-68.177086,-66.989586,0.44787574
2023-01-24T12:00:00Z,0.0,-68.177086,-66.989586,0.45262071
2023-01-25T12:00:00Z,0.0,-68.177086,-66.989586,0.40813565
2023-01-26T12:00:00Z,0.0,-68.177086,-66.989586,0.36055794
2023-01-27T12:00:00Z,0.0,-68.177086,-66.989586,0.3628428
2023-01-28T12:00:00Z,0.0,-68.177086,-66.989586,0.38539878
2023-01-29T12:00:00Z,0.0,-68.177086,-66.989586,0.3847266
2023-01-30T12:00:00Z,0.0,-68.177086,-66.989586,0.38753378
2023-01-31T12:00:00Z,0.0,-68.177086,-66.989586,0.38748348
2023-02-01T12:00:00Z,0.0,-68.177086,-66.989586,0.37243393
2023-02-02T12:00:00Z,0.0,-68.177086,-66.989586,0.36222634
2023-02-03T12:00:00Z,0.0,-68.177086,-66.989586,0.39175227
2023-02-04T12:00:00Z,0.0,-68.177086,-66.989586,0.3699605
2023-02-05T12:00:00Z,0.0,-68.177086,-66.989586,0.3588423
2023-02-06T12:00:00Z,0.0,-68.177086,-66.989586,0.633181
2023-02-07T12:00:00Z,0.0,-68.177086,-66.989586,0.7012427
2023-02-08T12:00:00Z,0.0,-68.177086,-66.989586,0.6629711
2023-02-09T12:00:00Z,0.0,-68.177086,-66.989586,0.73662007
2023-02-10T12:00:00Z,0.0,-68.177086,-66.989586,0.85098577
2023-02-11T12:00:00Z,0.0,-68.177086,-66.989586,0.76199317
2023-02-12T12:00:00Z,0.0,-68.177086,-66.989586,0.8586606
2023-02-13T12:00:00Z,0.0,-68.177086,-66.989586,0.8494918
2023-02-14T12:00:00Z,0.0,-68.177086,-66.989586,0.4808194
2023-02-15T12:00:00Z,0.0,-68.177086,-66.989586,0.34535158
2023-02-16T12:00:00Z,0.0,-68.177086,-66.989586,0.31080154
2023-02-17T12:00:00Z,0.0,-68.177086,-66.989586,0.31888005
2023-02-18T12:00:00Z,0.0,-68.177086,-66.989586,0.3046654
2023-02-19T12:00:00Z,0.0,-68.177086,-66.989586,0.30372703
2023-02-20T12:00:00Z,0.0,-68.177086,-66.989586,0.29242235
2023-02-21T12:00:00Z,0.0,-68.177086,-66.989586,0.28941795
2023-02-22T12:00:00Z,0.0,-68.177086,-66.989586,0.26837793
2023-02-23T12:00:00Z,0.0,-68.177086,-66.989586,0.26497987
2023-02-24T12:00:00Z,0.0,-68.177086,-66.989586,0.24405277
2023-02-25T12:00:00Z,0.0,-68.177086,-66.989586,0.24738759
2023-02-26T12:00:00Z,0.0,-68.177086,-66.989586,0.24475053
2023-02-27T12:00:00Z,0.0,-68.177086,-66.989586,NaN
2023-02-28T12:00:00Z,0.0,-68.177086,-66.989586,NaN
2023-03-01T12:00:00Z,0.0,-68.177086,-66.989586,NaN
2023-03-02T12:00:00Z,0.0,-68.177086,-66.989586,NaN
2023-03-03T12:00:00Z,0.0,-68.177086,-66.989586,NaN
2023-03-04T12:00:00Z,0.0,-68.177086,-66.989586,NaN
2023-03-05T12:00:00Z,0.0,-68.177086,-66.989586,NaN
2023-03-06T12:00:00Z,0.0,-68.177086,-66.989586,NaN
2023-03-07T12:00:00Z,0.0,-68.177086,-66.989586,NaN
2023-03-08T12:00:00Z,0.0,-68.177086,-66.989586,NaN
2023-03-09T12:00:00Z,0.0,-68.177086,-66.989586,NaN
2023-03-10T12:00:00Z,0.0,-68.177086,-66.989586,NaN
2023-03-11T12:00:00Z,0.0,-68.177086,-66.989586,NaN
2023-03-12T12:00:00Z,0.0,-68.177086,-66.989586,NaN
2023-03-13T12:00:00Z,0.0,-68.177086,-66.989586,NaN
2023-03-14T12:00:00Z,0.0,-68.177086,-66.989586,NaN
2023-03-15T12:00:00Z,0.0,-68.177086,-66.989586,NaN
2023-03-16T12:00:00Z,0.0,-68.177086,-66.989586,NaN
2023-03-17T12:00:00Z,0.0,-68.177086,-66.989586,NaN
2023-03-18T12:00:00Z,0.0,-68.177086,-66.989586,NaN
2023-03-19T12:00:00Z,0.0,-68.177086,-66.989586,NaN
2023-03-20T12:00:00Z,0.0,-68.177086,-66.989586,NaN
2023-03-21T12:00:00Z,0.0,-68.177086,-66.989586,NaN
2023-03-22T12:00:00Z,0.0,-68.177086,-66.989586,NaN
2023-03-23T12:00:00Z,0.0,-68.177086,-66.989586,NaN
2023-03-24T12:00:00Z,0.0,-68.177086,-66.989586,NaN
2023-03-25T12:00:00Z,0.0,-68.177086,-66.989586,NaN
2023-03-26T12:00:00Z,0.0,-68.177086,-66.989586,NaN
2023-03-27T12:00:00Z,0.0,-68.177086,-66.989586,NaN
2023-03-28T12:00:00Z,0.0,-68.177086,-66.989586,NaN
2023-03-29T12:00:00Z,0.0,-68.177086,-66.989586,NaN
2023-03-30T12:00:00Z,0.0,-68.177086,-66.989586,NaN
2023-03-31T12:00:00Z,0.0,-68.177086,-66.989586,NaN
2023-04-01T12:00:00Z,0.0,-68.177086,-66.989586,NaN
2023-04-02T12:00:00Z,0.0,-68.177086,-66.989586,NaN
2023-04-03T12:00:00Z,0.0,-68.177086,-66.989586,NaN
2023-04-04T12:00:00Z,0.0,-68.177086,-66.989586,NaN
2023-04-05T12:00:00Z,0.0,-68.177086,-66.989586,NaN
2023-04-06T12:00:00Z,0.0,-68.177086,-66.989586,NaN
2023-04-07T12:00:00Z,0.0,-68.177086,-66.989586,NaN
2023-04-08T12:00:00Z,0.0,-68.177086,-66.989586,NaN
2023-04-09T12:00:00Z,0.0,-68.177086,-66.989586,NaN
2023-04-10T12:00:00Z,0.0,-68.177086,-66.989586,NaN
2023-04-11T12:00:00Z,0.0,-68.177086,-66.989586,NaN
2023-04-12T12:00:00Z,0.0,-68.177086,-66.989586,NaN
2023-04-13T12:00:00Z,0.0,-68.177086,-66.989586,NaN
2023-04-14T12:00:00Z,0.0,-68.177086,-66.989586,NaN
2023-04-15T12:00:00Z,0.0,-68.177086,-66.989586,NaN
2023-04-16T12:00:00Z,0.0,-68.177086,-66.989586,NaN
2023-04-17T12:00:00Z,0.0,-68.177086,-66.989586,NaN
2023-04-18T12:00:00Z,0.0,-68.177086,-66.989586,NaN
2023-04-19T12:00:00Z,0.0,-68.177086,-66.989586,NaN
2023-04-20T12:00:00Z,0.0,-68.177086,-66.989586,NaN
2023-04-21T12:00:00Z,0.0,-68.177086,-66.989586,NaN
2023-04-22T12:00:00Z,0.0,-68.177086,-66.989586,NaN
2023-04-23T12:00:00Z,0.0,-68.177086,-66.989586,NaN
2023-04-24T12:00:00Z,0.0,-68.177086,-66.989586,NaN
2023-04-25T12:00:00Z,0.0,-68.177086,-66.989586,NaN
2023-04-26T12:00:00Z,0.0,-68.177086,-66.989586,NaN
2023-04-27T12:00:00Z,0.0,-68.177086,-66.989586,NaN
2023-04-28T12:00:00Z,0.0,-68.177086,-66.989586,NaN
2023-04-29T12:00:00Z,0.0,-68.177086,-66.989586,NaN
2023-04-30T12:00:00Z,0.0,-68.177086,-66.989586,NaN
2023-05-01T12:00:00Z,0.0,-68.177086,-66.989586,NaN
2023-05-02T12:00:00Z,0.0,-68.177086,-66.989586,NaN
2023-05-03T12:00:00Z,0.0,-68.177086,-66.989586,NaN
2023-05-04T12:00:00Z,0.0,-68.177086,-66.989586,NaN
2023-05-05T12:00:00Z,0.0,-68.177086,-66.989586,NaN
2023-05-06T12:00:00Z,0.0,-68.177086,-66.989586,NaN
2023-05-07T12:00:00Z,0.0,-68.177086,-66.989586,NaN
2023-05-08T12:00:00Z,0.0,-68.177086,-66.989586,NaN
2023-05-09T12:00:00Z,0.0,-68.177086,-66.989586,NaN
2023-05-10T12:00:00Z,0.0,-68.177086,-66.989586,NaN
2023-05-11T12:00:00Z,0.0,-68.177086,-66.989586,NaN
2023-05-12T12:00:00Z,0.0,-68.177086,-66.989586,NaN
2023-05-13T12:00:00Z,0.0,-68.177086,-66.989586,NaN
2023-05-14T12:00:00Z,0.0,-68.177086,-66.989586,NaN
2023-05-15T12:00:00Z,0.0,-68.177086,-66.989586,NaN
2023-05-16T12:00:00Z,0.0,-68.177086,-66.989586,NaN
2023-05-17T12:00:00Z,0.0,-68.177086,-66.989586,NaN
2023-05-18T12:00:00Z,0.0,-68.177086,-66.989586,NaN
2023-05-19T12:00:00Z,0.0,-68.177086,-66.989586,NaN
2023-05-20T12:00:00Z,0.0,-68.177086,-66.989586,NaN
2023-05-21T12:00:00Z,0.0,-68.177086,-66.989586,NaN
2023-05-22T12:00:00Z,0.0,-68.177086,-66.989586,NaN
2023-05-23T12:00:00Z,0.0,-68.177086,-66.989586,NaN
2023-05-24T12:00:00Z,0.0,-68.177086,-66.989586,NaN
2023-05-25T12:00:00Z,0.0,-68.177086,-66.989586,NaN
2023-05-26T12:00:00Z,0.0,-68.177086,-66.989586,NaN
2023-05-27T12:00:00Z,0.0,-68.177086,-66.989586,NaN
2023-05-28T12:00:00Z,0.0,-68.177086,-66.989586,NaN
2023-05-29T12:00:00Z,0.0,-68.177086,-66.989586,NaN
2023-05-30T12:00:00Z,0.0,-68.177086,-66.989586,NaN
2023-05-31T12:00:00Z,0.0,-68.177086,-66.989586,NaN
2023-06-01T12:00:00Z,0.0,-68.177086,-66.989586,NaN
2023-06-02T12:00:00Z,0.0,-68.177086,-66.989586,NaN
2023-06-03T12:00:00Z,0.0,-68.177086,-66.989586,NaN
2023-06-04T12:00:00Z,0.0,-68.177086,-66.989586,NaN
2023-06-05T12:00:00Z,0.0,-68.177086,-66.989586,NaN
2023-06-06T12:00:00Z,0.0,-68.177086,-66.989586,NaN
2023-06-07T12:00:00Z,0.0,-68.177086,-66.989586,NaN
2023-06-08T12:00:00Z,0.0,-68.177086,-66.989586,NaN
2023-06-09T12:00:00Z,0.0,-68.177086,-66.989586,NaN
2023-06-10T12:00:00Z,0.0,-68.177086,-66.989586,NaN
2023-06-11T12:00:00Z,0.0,-68.177086,-66.989586,NaN
2023-06-12T12:00:00Z,0.0,-68.177086,-66.989586,NaN
2023-06-13T12:00:00Z,0.0,-68.177086,-66.989586,NaN
2023-06-14T12:00:00Z,0.0,-68.177086,-66.989586,NaN
2023-06-15T12:00:00Z,0.0,-68.177086,-66.989586,NaN
2023-06-16T12:00:00Z,0.0,-68.177086,-66.989586,NaN
2023-06-17T12:00:00Z,0.0,-68.177086,-66.989586,NaN
2023-06-18T12:00:00Z,0.0,-68.177086,-66.989586,NaN
2023-06-19T12:00:00Z,0.0,-68.177086,-66.989586,NaN
2023-06-20T12:00:00Z,0.0,-68.177086,-66.989586,NaN
2023-06-21T12:00:00Z,0.0,-68.177086,-66.989586,NaN
2023-06-22T12:00:00Z,0.0,-68.177086,-66.989586,NaN
2023-06-23T12:00:00Z,0.0,-68.177086,-66.989586,NaN
2023-06-24T12:00:00Z,0.0,-68.177086,-66.989586,NaN
2023-06-25T12:00:00Z,0.0,-68.177086,-66.989586,NaN
2023-06-26T12:00:00Z,0.0,-68.177086,-66.989586,NaN
2023-06-27T12:00:00Z,0.0,-68.177086,-66.989586,NaN
2023-06-28T12:00:00Z,0.0,-68.177086,-66.989586,NaN
2023-06-29T12:00:00Z,0.0,-68.177086,-66.989586,NaN
2023-06-30T12:00:00Z,0.0,-68.177086,-66.989586,NaN
2023-07-01T12:00:00Z,0.0,-68.177086,-66.989586,NaN
2023-07-02T12:00:00Z,0.0,-68.177086,-66.989586,NaN
2023-07-03T12:00:00Z,0.0,-68.177086,-66.989586,NaN
2023-07-04T12:00:00Z,0.0,-68.177086,-66.989586,NaN
2023-07-05T12:00:00Z,0.0,-68.177086,-66.989586,NaN
2023-07-06T12:00:00Z,0.0,-68.177086,-66.989586,NaN
2023-07-07T12:00:00Z,0.0,-68.177086,-66.989586,NaN
2023-07-08T12:00:00Z,0.0,-68.177086,-66.989586,NaN
2023-07-09T12:00:00Z,0.0,-68.177086,-66.989586,NaN
2023-07-10T12:00:00Z,0.0,-68.177086,-66.989586,NaN
2023-07-11T12:00:00Z,0.0,-68.177086,-66.989586,NaN
2023-07-12T12:00:00Z,0.0,-68.177086,-66.989586,NaN
2023-07-13T12:00:00Z,0.0,-68.177086,-66.989586,NaN
2023-07-14T12:00:00Z,0.0,-68.177086,-66.989586,NaN
2023-07-15T12:00:00Z,0.0,-68.177086,-66.989586,NaN
2023-07-16T12:00:00Z,0.0,-68.177086,-66.989586,NaN
2023-07-17T12:00:00Z,0.0,-68.177086,-66.989586,NaN
2023-07-18T12:00:00Z,0.0,-68.177086,-66.989586,NaN
2023-07-19T12:00:00Z,0.0,-68.177086,-66.989586,NaN
2023-07-20T12:00:00Z,0.0,-68.177086,-66.989586,NaN
2023-07-21T12:00:00Z,0.0,-68.177086,-66.989586,NaN
2023-07-22T12:00:00Z,0.0,-68.177086,-66.989586,NaN
2023-07-23T12:00:00Z,0.0,-68.177086,-66.989586,NaN
2023-07-24T12:00:00Z,0.0,-68.177086,-66.989586,NaN
2023-07-25T12:00:00Z,0.0,-68.177086,-66.989586,NaN
2023-07-26T12:00:00Z,0.0,-68.177086,-66.989586,NaN
2023-07-27T12:00:00Z,0.0,-68.177086,-66.989586,NaN
2023-07-28T12:00:00Z,0.0,-68.177086,-66.989586,NaN
2023-07-29T12:00:00Z,0.0,-68.177086,-66.989586,NaN
2023-07-30T12:00:00Z,0.0,-68.177086,-66.989586,NaN
2023-07-31T12:00:00Z,0.0,-68.177086,-66.989586,NaN
2023-08-01T12:00:00Z,0.0,-68.177086,-66.989586,NaN
2023-08-02T12:00:00Z,0.0,-68.177086,-66.989586,NaN
2023-08-03T12:00:00Z,0.0,-68.177086,-66.989586,NaN
2023-08-04T12:00:00Z,0.0,-68.177086,-66.989586,NaN
2023-08-05T12:00:00Z,0.0,-68.177086,-66.989586,NaN
2023-08-06T12:00:00Z,0.0,-68.177086,-66.989586,NaN
2023-08-07T12:00:00Z,0.0,-68.177086,-66.989586,NaN
2023-08-08T12:00:00Z,0.0,-68.177086,-66.989586,NaN
2023-08-09T12:00:00Z,0.0,-68.177086,-66.989586,NaN
2023-08-10T12:00:00Z,0.0,-68.177086,-66.989586,NaN
2023-08-11T12:00:00Z,0.0,-68.177086,-66.989586,NaN
2023-08-12T12:00:00Z,0.0,-68.177086,-66.989586,NaN
2023-08-13T12:00:00Z,0.0,-68.177086,-66.989586,NaN
2023-08-14T12:00:00Z,0.0,-68.177086,-66.989586,NaN
2023-08-15T12:00:00Z,0.0,-68.177086,-66.989586,NaN
2023-08-16T12:00:00Z,0.0,-68.177086,-66.989586,NaN
2023-08-17T12:00:00Z,0.0,-68.177086,-66.989586,NaN
2023-08-18T12:00:00Z,0.0,-68.177086,-66.989586,NaN
2023-08-19T12:00:00Z,0.0,-68.177086,-66.989586,NaN
2023-08-20T12:00:00Z,0.0,-68.177086,-66.989586,NaN
2023-08-21T12:00:00Z,0.0,-68.177086,-66.989586,NaN
2023-08-22T12:00:00Z,0.0,-68.177086,-66.989586,NaN
2023-08-23T12:00:00Z,0.0,-68.177086,-66.989586,NaN
2023-08-24T12:00:00Z,0.0,-68.177086,-66.989586,NaN
2023-08-25T12:00:00Z,0.0,-68.177086,-66.989586,NaN
2023-08-26T12:00:00Z,0.0,-68.177086,-66.989586,NaN
2023-08-27T12:00:00Z,0.0,-68.177086,-66.989586,NaN
2023-08-28T12:00:00Z,0.0,-68.177086,-66.989586,NaN
2023-08-29T12:00:00Z,0.0,-68.177086,-66.989586,NaN
2023-08-30T12:00:00Z,0.0,-68.177086,-66.989586,NaN
2023-08-31T12:00:00Z,0.0,-68.177086,-66.989586,NaN
2023-09-01T12:00:00Z,0.0,-68.177086,-66.989586,NaN
2023-09-02T12:00:00Z,0.0,-68.177086,-66.989586,NaN
2023-09-03T12:00:00Z,0.0,-68.177086,-66.989586,NaN
2023-09-04T12:00:00Z,0.0,-68.177086,-66.989586,NaN
2023-09-05T12:00:00Z,0.0,-68.177086,-66.989586,NaN
2023-09-06T12:00:00Z,0.0,-68.177086,-66.989586,NaN
2023-09-07T12:00:00Z,0.0,-68.177086,-66.989586,NaN
2023-09-08T12:00:00Z,0.0,-68.177086,-66.989586,NaN
2023-09-09T12:00:00Z,0.0,-68.177086,-66.989586,NaN
2023-09-10T12:00:00Z,0.0,-68.177086,-66.989586,NaN
2023-09-11T12:00:00Z,0.0,-68.177086,-66.989586,NaN
2023-09-12T12:00:00Z,0.0,-68.177086,-66.989586,NaN
2023-09-13T12:00:00Z,0.0,-68.177086,-66.989586,NaN
2023-09-14T12:00:00Z,0.0,-68.177086,-66.989586,NaN
2023-09-15T12:00:00Z,0.0,-68.177086,-66.989586,NaN
2023-09-16T12:00:00Z,0.0,-68.177086,-66.989586,NaN
2023-09-17T12:00:00Z,0.0,-68.177086,-66.989586,NaN
2023-09-18T12:00:00Z,0.0,-68.177086,-66.989586,NaN
2023-09-19T12:00:00Z,0.0,-68.177086,-66.989586,NaN
2023-09-20T12:00:00Z,0.0,-68.177086,-66.989586,NaN
2023-09-21T12:00:00Z,0.0,-68.177086,-66.989586,NaN
2023-09-22T12:00:00Z,0.0,-68.177086,-66.989586,NaN
2023-09-23T12:00:00Z,0.0,-68.177086,-66.989586,NaN
2023-09-24T12:00:00Z,0.0,-68.177086,-66.989586,NaN
2023-09-25T12:00:00Z,0.0,-68.177086,-66.989586,NaN
2023-09-26T12:00:00Z,0.0,-68.177086,-66.989586,NaN
2023-09-27T12:00:00Z,0.0,-68.177086,-66.989586,NaN
2023-09-28T12:00:00Z,0.0,-68.177086,-66.989586,NaN
2023-09-29T12:00:00Z,0.0,-68.177086,-66.989586,NaN
2023-09-30T12:00:00Z,0.0,-68.177086,-66.989586,NaN
2023-10-01T12:00:00Z,0.0,-68.177086,-66.989586,NaN
2023-10-02T12:00:00Z,0.0,-68.177086,-66.989586,NaN
2023-10-03T12:00:00Z,0.0,-68.177086,-66.989586,NaN
2023-10-04T12:00:00Z,0.0,-68.177086,-66.989586,NaN
2023-10-05T12:00:00Z,0.0,-68.177086,-66.989586,NaN
2023-10-06T12:00:00Z,0.0,-68.177086,-66.989586,NaN
2023-10-07T12:00:00Z,0.0,-68.177086,-66.989586,NaN
2023-10-08T12:00:00Z,0.0,-68.177086,-66.989586,NaN
2023-10-09T12:00:00Z,0.0,-68.177086,-66.989586,NaN
2023-10-10T12:00:00Z,0.0,-68.177086,-66.989586,NaN
2023-10-11T12:00:00Z,0.0,-68.177086,-66.989586,NaN
2023-10-12T12:00:00Z,0.0,-68.177086,-66.989586,NaN
2023-10-13T12:00:00Z,0.0,-68.177086,-66.989586,NaN
2023-10-14T12:00:00Z,0.0,-68.177086,-66.989586,NaN
2023-10-15T12:00:00Z,0.0,-68.177086,-66.989586,NaN
2023-10-16T12:00:00Z,0.0,-68.177086,-66.989586,NaN
2023-10-17T12:00:00Z,0.0,-68.177086,-66.989586,NaN
2023-10-18T12:00:00Z,0.0,-68.177086,-66.989586,NaN
2023-10-19T12:00:00Z,0.0,-68.177086,-66.989586,NaN
2023-10-20T12:00:00Z,0.0,-68.177086,-66.989586,NaN
2023-10-21T12:00:00Z,0.0,-68.177086,-66.989586,NaN
2023-10-22T12:00:00Z,0.0,-68.177086,-66.989586,NaN
2023-10-23T12:00:00Z,0.0,-68.177086,-66.989586,NaN
2023-10-24T12:00:00Z,0.0,-68.177086,-66.989586,NaN
2023-10-25T12:00:00Z,0.0,-68.177086,-66.989586,NaN
2023-10-26T12:00:00Z,0.0,-68.177086,-66.989586,NaN
2023-10-27T12:00:00Z,0.0,-68.177086,-66.989586,NaN
2023-10-28T12:00:00Z,0.0,-68.177086,-66.989586,NaN
2023-10-29T12:00:00Z,0.0,-68.177086,-66.989586,NaN
2023-10-30T12:00:00Z,0.0,-68.177086,-66.989586,NaN
2023-10-31T12:00:00Z,0.0,-68.177086,-66.989586,NaN
2023-11-01T12:00:00Z,0.0,-68.177086,-66.989586,NaN
2023-11-02T12:00:00Z,0.0,-68.177086,-66.989586,NaN
2023-11-03T12:00:00Z,0.0,-68.177086,-66.989586,NaN
2023-11-04T12:00:00Z,0.0,-68.177086,-66.989586,NaN
2023-11-05T12:00:00Z,0.0,-68.177086,-66.989586,0.13451783
2023-11-06T12:00:00Z,0.0,-68.177086,-66.989586,0.12379816
2023-11-07T12:00:00Z,0.0,-68.177086,-66.989586,0.12885149
2023-11-08T12:00:00Z,0.0,-68.177086,-66.989586,0.14196822
2023-11-09T12:00:00Z,0.0,-68.177086,-66.989586,0.13225567
2023-11-10T12:00:00Z,0.0,-68.177086,-66.989586,0.13033938
2023-11-11T12:00:00Z,0.0,-68.177086,-66.989586,0.14770898
2023-11-12T12:00:00Z,0.0,-68.177086,-66.989586,0.12880419
2023-11-13T12:00:00Z,0.0,-68.177086,-66.989586,0.13182053
2023-11-14T12:00:00Z,0.0,-68.177086,-66.989586,0.13123226
2023-11-15T12:00:00Z,0.0,-68.177086,-66.989586,0.13051222
2023-11-16T12:00:00Z,0.0,-68.177086,-66.989586,0.12836485
2023-11-17T12:00:00Z,0.0,-68.177086,-66.989586,0.13120432
2023-11-18T12:00:00Z,0.0,-68.177086,-66.989586,0.13218288
2023-11-19T12:00:00Z,0.0,-68.177086,-66.989586,0.12883438
2023-11-20T12:00:00Z,0.0,-68.177086,-66.989586,0.14786585
2023-11-21T12:00:00Z,0.0,-68.177086,-66.989586,0.1551673
2023-11-22T12:00:00Z,0.0,-68.177086,-66.989586,0.15302372
2023-11-23T12:00:00Z,0.0,-68.177086,-66.989586,0.1658782
2023-11-24T12:00:00Z,0.0,-68.177086,-66.989586,0.17212197
2023-11-25T12:00:00Z,0.0,-68.177086,-66.989586,0.16816379
2023-11-26T12:00:00Z,0.0,-68.177086,-66.989586,0.07584737
2023-11-27T12:00:00Z,0.0,-68.177086,-66.989586,0.07394006
2023-11-28T12:00:00Z,0.0,-68.177086,-66.989586,0.06329117
2023-11-29T12:00:00Z,0.0,-68.177086,-66.989586,0.084687695
2023-11-30T12:00:00Z,0.0,-68.177086,-66.989586,0.13981278
2023-12-02T12:00:00Z,0.0,-68.177086,-66.989586,0.15574963
2023-12-03T12:00:00Z,0.0,-68.177086,-66.989586,0.1512897
2023-12-04T12:00:00Z,0.0,-68.177086,-66.989586,0.13950528
2023-12-05T12:00:00Z,0.0,-68.177086,-66.989586,0.16259354
2023-12-06T12:00:00Z,0.0,-68.177086,-66.989586,0.16405837
2023-12-07T12:00:00Z,0.0,-68.177086,-66.989586,0.16219121
2023-12-08T12:00:00Z,0.0,-68.177086,-66.989586,0.1465549
2023-12-09T12:00:00Z,0.0,-68.177086,-66.989586,0.16004919
2023-12-10T12:00:00Z,0.0,-68.177086,-66.989586,0.25269854
2023-12-11T12:00:00Z,0.0,-68.177086,-66.989586,0.26452455
2023-12-12T12:00:00Z,0.0,-68.177086,-66.989586,0.28750098
2023-12-13T12:00:00Z,0.0,-68.177086,-66.989586,0.30297345
2023-12-14T12:00:00Z,0.0,-68.177086,-66.989586,0.40005797
2023-12-15T12:00:00Z,0.0,-68.177086,-66.989586,0.3635752
2023-12-16T12:00:00Z,0.0,-68.177086,-66.989586,0.36942872
2023-12-17T12:00:00Z,0.0,-68.177086,-66.989586,0.40831566
2023-12-18T12:00:00Z,0.0,-68.177086,-66.989586,0.41966197
2023-12-19T12:00:00Z,0.0,-68.177086,-66.989586,0.48046628
2023-12-20T12:00:00Z,0.0,-68.177086,-66.989586,0.47698796
2023-12-21T12:00:00Z,0.0,-68.177086,-66.989586,0.5258063
2023-12-22T12:00:00Z,0.0,-68.177086,-66.989586,0.5465723
2023-12-23T12:00:00Z,0.0,-68.177086,-66.989586,0.8195163
2023-12-25T12:00:00Z,0.0,-68.177086,-66.989586,0.60147744
2023-12-26T12:00:00Z,0.0,-68.177086,-66.989586,0.48221308
2023-12-27T12:00:00Z,0.0,-68.177086,-66.989586,0.4487469
2023-12-28T12:00:00Z,0.0,-68.177086,-66.989586,0.44677368
2023-12-29T12:00:00Z,0.0,-68.177086,-66.989586,0.38990536
2023-12-30T12:00:00Z,0.0,-68.177086,-66.989586,0.49917
2023-12-31T12:00:00Z,0.0,-68.177086,-66.989586,0.45591143
