time,altitude,latitude,longitude,chlor_a
UTC,m,degrees_north,degrees_east,mg m^-3
2018-01-01T12:00:00Z,0.0,-63.48959,-55.69791,0.26848602
2018-01-02T12:00:00Z,0.0,-63.48959,-55.69791,0.2835939
2018-01-03T12:00:00Z,0.0,-63.48959,-55.69791,0.32233998
2018-01-04T12:00:00Z,0.0,-63.48959,-55.69791,0.3191638
2018-01-05T12:00:00Z,0.0,-63.48959,-55.69791,0.31945482
2018-01-06T12:00:00Z,0.0,-63.48959,-55.69791,0.2265292
2018-01-07T12:00:00Z,0.0,-63.48959,-55.69791,0.27965906
2018-01-08T12:00:00Z,0.0,-63.48959,-55.69791,0.293521
2018-01-09T12:00:00Z,0.0,-63.48959,-55.69791,0.29342514
2018-01-10T12:00:00Z,0.0,-63.48959,-55.69791,0.29412234
2018-01-11T12:00:00Z,0.0,-63.48959,-55.69791,0.27537304
2018-01-12T12:00:00Z,0.0,-63.48959,-55.69791,0.2706498
2018-01-13T12:00:00Z,0.0,-63.48959,-55.69791,0.26250407
2018-01-14T12:00:00Z,0.0,-63.48959,-55.69791,0.26006097
2018-01-15T12:00:00Z,0.0,-63.48959,-55.69791,0.23453401
2018-01-16T12:00:00Z,0.0,-63.48959,-55.69791,0.22735193
2018-01-17T12:00:00Z,0.0,-63.48959,-55.69791,0.21989317
2018-01-18T12:00:00Z,0.0,-63.48959,-55.69791,0.18572012
2018-01-19T12:00:00Z,0.0,-63.48959,-55.69791,0.18391305
2018-01-20T12:00:00Z,0.0,-63.48959,-55.69791,0.1822493
2018-01-21T12:00:00Z,0.0,-63.48959,-55.69791,0.17051594
2018-01-22T12:00:00Z,0.0,-63.48959,-55.69791,0.15999143
2018-01-23T12:00:00Z,0.0,-63.48959,-55.69791,0.15770625
2018-01-24T12:00:00Z,0.0,-63.48959,-55.69791,0.21303236
2018-01-25T12:00:00Z,0.0,-63.48959,-55.69791,0.22842039
2018-01-26T12:00:00Z,0.0,-63.48959,-55.69791,0.2289408
2018-01-27T12:00:00Z,0.0,-63.48959,-55.69791,0.2285908
2018-01-28T12:00:00Z,0.0,-63.48959,-55.69791,0.22559507
2018-01-29T12:00:00Z,0.0,-63.48959,-55.69791,0.22288924
2018-01-30T12:00:00Z,0.0,-63.48959,-55.69791,0.22666083
2018-01-31T12:00:00Z,0.0,-63.48959,-55.69791,0.22476952
2018-02-01T12:00:00Z,0.0,-63.48959,-55.69791,0.2216456
2018-02-02T12:00:00Z,0.0,-63.48959,-55.69791,0.22506453
2018-02-03T12:00:00Z,0.0,-63.48959,-55.69791,0.22366291
2018-02-04T12:00:00Z,0.0,-63.48959,-55.69791,0.22598904
2018-02-05T12:00:00Z,0.0,-63.48959,-55.69791,0.20281765
2018-02-06T12:00:00Z,0.0,-63.48959,-55.69791,0.20375822
2018-02-07T12:00:00Z,0.0,-63.48959,-55.69791,0.15134937
2018-02-08T12:00:00Z,0.0,-63.48959,-55.69791,0.14600487
2018-02-09T12:00:00Z,0.0,-63.48959,-55.69791,0.14408384
2018-02-10T12:00:00Z,0.0,-63.48959,-55.69791,0.1313329
2018-02-11T12:00:00Z,0.0,-63.48959,-55.69791,0.13106303
2018-02-12T12:00:00Z,0.0,-63.48959,-55.69791,0.13059193
2018-02-13T12:00:00Z,0.0,-63.48959,-55.69791,0.14251356
2018-02-14T12:00:00Z,0.0,-63.48959,-55.69791,0.1440792
2018-02-15T12:00:00Z,0.0,-63.48959,-55.69791,0.13854119
2018-02-16T12:00:00Z,0.0,-63.48959,-55.69791,0.15992172
2018-02-17T12:00:00Z,0.0,-63.48959,-55.69791,0.15556158
2018-02-18T12:00:00Z,0.0,-63.48959,-55.69791,0.15410885
2018-02-19T12:00:00Z,0.0,-63.48959,-55.69791,0.16051789
2018-02-20T12:00:00Z,0.0,-63.48959,-55.69791,0.16835284
2018-02-21T12:00:00Z,0.0,-63.48959,-55.69791,0.16382867
2018-02-22T12:00:00Z,0.0,-63.48959,-55.69791,0.17272162
2018-02-23T12:00:00Z,0.0,-63.48959,-55.69791,0.17547555
2018-02-24T12:00:00Z,0.0,-63.48959,-55.69791,0.21770523
2018-02-25T12:00:00Z,0.0,-63.48959,-55.69791,0.21757838
2018-02-26T12:00:00Z,0.0,-63.48959,-55.69791,0.21914281
2018-02-27T12:00:00Z,0.0,-63.48959,-55.69791,0.23097362
2018-02-28T12:00:00Z,0.0,-63.48959,-55.69791,0.271149
2018-03-01T12:00:00Z,0.0,-63.48959,-55.69791,0.28930846
2018-03-02T12:00:00Z,0.0,-63.48959,-55.69791,0.30686742
2018-03-03T12:00:00Z,0.0,-63.48959,-55.69791,0.30678257
2018-03-04T12:00:00Z,0.0,-63.48959,-55.69791,0.3232393
2018-03-05T12:00:00Z,0.0,-63.48959,-55.69791,0.29419476
2018-03-06T12:00:00Z,0.0,-63.48959,-55.69791,0.32393602
2018-03-07T12:00:00Z,0.0,-63.48959,-55.69791,0.35907972
2018-03-08T12:00:00Z,0.0,-63.48959,-55.69791,0.4080953
2018-03-09T12:00:00Z,0.0,-63.48959,-55.69791,0.38684726
2018-03-10T12:00:00Z,0.0,-63.48959,-55.69791,0.3819007
2018-03-11T12:00:00Z,0.0,-63.48959,-55.69791,0.4032342
2018-03-12T12:00:00Z,0.0,-63.48959,-55.69791,0.35524994
2018-03-13T12:00:00Z,0.0,-63.48959,-55.69791,0.3294078
2018-03-14T12:00:00Z,0.0,-63.48959,-55.69791,0.35147193
2018-03-15T12:00:00Z,0.0,-63.48959,-55.69791,0.20412928
2018-03-16T12:00:00Z,0.0,-63.48959,-55.69791,0.20604326
2018-03-17T12:00:00Z,0.0,-63.48959,-55.69791,0.22213513
2018-03-18T12:00:00Z,0.0,-63.48959,-55.69791,0.23980798
2018-03-19T12:00:00Z,0.0,-63.48959,-55.69791,NaN
2018-03-20T12:00:00Z,0.0,-63.48959,-55.69791,NaN
2018-03-21T12:00:00Z,0.0,-63.48959,-55.69791,NaN
2018-03-22T12:00:00Z,0.0,-63.48959,-55.69791,NaN
2018-03-23T12:00:00Z,0.0,-63.48959,-55.69791,NaN
2018-03-24T12:00:00Z,0.0,-63.48959,-55.69791,NaN
2018-03-25T12:00:00Z,0.0,-63.48959,-55.69791,NaN
2018-03-26T12:00:00Z,0.0,-63.48959,-55.69791,NaN
2018-03-27T12:00:00Z,0.0,-63.48959,-55.69791,NaN
2018-03-28T12:00:00Z,0.0,-63.48959,-55.69791,NaN
2018-03-29T12:00:00Z,0.0,-63.48959,-55.69791,NaN
2018-03-30T12:00:00Z,0.0,-63.48959,-55.69791,NaN
2018-03-31T12:00:00Z,0.0,-63.48959,-55.69791,NaN
2018-04-01T12:00:00Z,0.0,-63.48959,-55.69791,NaN
2018-04-02T12:00:00Z,0.0,-63.48959,-55.69791,NaN
2018-04-03T12:00:00Z,0.0,-63.48959,-55.69791,NaN
2018-04-04T12:00:00Z,0.0,-63.48959,-55.69791,NaN
2018-04-05T12:00:00Z,0.0,-63.48959,-55.69791,NaN
2018-04-06T12:00:00Z,0.0,-63.48959,-55.69791,NaN
2018-04-07T12:00:00Z,0.0,-63.48959,-55.69791,NaN
2018-04-08T12:00:00Z,0.0,-63.48959,-55.69791,NaN
2018-04-09T12:00:00Z,0.0,-63.48959,-55.69791,NaN
2018-04-10T12:00:00Z,0.0,-63.48959,-55.69791,NaN
2018-04-11T12:00:00Z,0.0,-63.48959,-55.69791,NaN
2018-04-12T12:00:00Z,0.0,-63.48959,-55.69791,NaN
2018-04-13T12:00:00Z,0.0,-63.48959,-55.69791,NaN
2018-04-14T12:00:00Z,0.0,-63.48959,-55.69791,NaN
2018-04-15T12:00:00Z,0.0,-63.48959,-55.69791,NaN
2018-04-16T12:00:00Z,0.0,-63.48959,-55.69791,NaN
2018-04-17T12:00:00Z,0.0,-63.48959,-55.69791,NaN
2018-04-18T12:00:00Z,0.0,-63.48959,-55.69791,NaN
2018-04-19T12:00:00Z,0.0,-63.48959,-55.69791,NaN
2018-04-20T12:00:00Z,0.0,-63.48959,-55.69791,NaN
2018-04-21T12:00:00Z,0.0,-63.48959,-55.69791,NaN
2018-04-22T12:00:00Z,0.0,-63.48959,-55.69791,NaN
2018-04-23T12:00:00Z,0.0,-63.48959,-55.69791,NaN
2018-04-24T12:00:00Z,0.0,-63.48959,-55.69791,NaN
2018-04-25T12:00:00Z,0.0,-63.48959,-55.69791,NaN
2018-04-26T12:00:00Z,0.0,-63.48959,-55.69791,NaN
2018-04-27T12:00:00Z,0.0,-63.48959,-55.69791,NaN
2018-04-28T12:00:00Z,0.0,-63.48959,-55.69791,NaN
2018-04-29T12:00:00Z,0.0,-63.48959,-55.69791,NaN
2018-04-30T12:00:00Z,0.0,-63.48959,-55.69791,NaN
2018-05-01T12:00:00Z,0.0,-63.48959,-55.69791,NaN
2018-05-02T12:00:00Z,0.0,-63.48959,-55.69791,NaN
2018-05-03T12:00:00Z,0.0,-63.48959,-55.69791,NaN
2018-05-04T12:00:00Z,0.0,-63.48959,-55.69791,NaN
2018-05-05T12:00:00Z,0.0,-63.48959,-55.69791,NaN
2018-05-06T12:00:00Z,0.0,-63.48959,-55.69791,NaN
2018-05-07T12:00:00Z,0.0,-63.48959,-55.69791,NaN
2018-05-08T12:00:00Z,0.0,-63.48959,-55.69791,NaN
2018-05-09T12:00:00Z,0.0,-63.48959,-55.69791,NaN
2018-05-10T12:00:00Z,0.0,-63.48959,-55.69791,NaN
2018-05-11T12:00:00Z,0.0,-63.48959,-55.69791,NaN
2018-05-12T12:00:00Z,0.0,-63.48959,-55.69791,NaN
2018-05-13T12:00:00Z,0.0,-63.48959,-55.69791,NaN
2018-05-14T12:00:00Z,0.0,-63.48959,-55.69791,NaN
2018-05-15T12:00:00Z,0.0,-63.48959,-55.69791,NaN
2018-05-16T12:00:00Z,0.0,-63.48959,-55.69791,NaN
2018-05-17T12:00:00Z,0.0,-63.48959,-55.69791,NaN
2018-05-18T12:00:00Z,0.0,-63.48959,-55.69791,NaN
2018-05-19T12:00:00Z,0.0,-63.48959,-55.69791,NaN
2018-05-20T12:00:00Z,0.0,-63.48959,-55.69791,NaN
2018-05-21T12:00:00Z,0.0,-63.48959,-55.69791,NaN
2018-05-22T12:00:00Z,0.0,-63.48959,-55.69791,NaN
2018-05-23T12:00:00Z,0.0,-63.48959,-55.69791,NaN
2018-05-24T12:00:00Z,0.0,-63.48959,-55.69791,NaN
2018-05-25T12:00:00Z,0.0,-63.48959,-55.69791,NaN
2018-05-26T12:00:00Z,0.0,-63.48959,-55.69791,NaN
2018-05-27T12:00:00Z,0.0,-63.48959,-55.69791,NaN
2018-05-28T12:00:00Z,0.0,-63.48959,-55.69791,NaN
2018-05-29T12:00:00Z,0.0,-63.48959,-55.69791,NaN
2018-05-30T12:00:00Z,0.0,-63.48959,-55.69791,NaN
2018-05-31T12:00:00Z,0.0,-63.48959,-55.69791,NaN
2018-06-01T12:00:00Z,0.0,-63.48959,-55.69791,NaN
2018-06-02T12:00:00Z,0.0,-63.48959,-55.69791,NaN
2018-06-03T12:00:00Z,0.0,-63.48959,-55.69791,NaN
2018-06-04T12:00:00Z,0.0,-63.48959,-55.69791,NaN
2018-06-05T12:00:00Z,0.0,-63.48959,-55.69791,NaN
2018-06-06T12:00:00Z,0.0,-63.48959,-55.69791,NaN
2018-06-07T12:00:00Z,0.0,-63.48959,-55.69791,NaN
2018-06-08T12:00:00Z,0.0,-63.48959,-55.69791,NaN
2018-06-09T12:00:00Z,0.0,-63.48959,-55.69791,NaN
2018-06-10T12:00:00Z,0.0,-63.48959,-55.69791,NaN
2018-06-11T12:00:00Z,0.0,-63.48959,-55.69791,NaN
2018-06-12T12:00:00Z,0.0,-63.48959,-55.69791,NaN
2018-06-13T12:00:00Z,0.0,-63.48959,-55.69791,NaN
2018-06-14T12:00:00Z,0.0,-63.48959,-55.69791,NaN
2018-06-15T12:00:00Z,0.0,-63.48959,-55.69791,NaN
2018-06-16T12:00:00Z,0.0,-63.48959,-55.69791,NaN
2018-06-17T12:00:00Z,0.0,-63.48959,-55.69791,NaN
2018-06-18T12:00:00Z,0.0,-63.48959,-55.69791,NaN
2018-06-19T12:00:00Z,0.0,-63.48959,-55.69791,NaN
2018-06-20T12:00:00Z,0.0,-63.48959,-55.69791,NaN
2018-06-21T12:00:00Z,0.0,-63.48959,-55.69791,NaN
2018-06-22T12:00:00Z,0.0,-63.48959,-55.69791,NaN
2018-06-23T12:00:00Z,0.0,-63.48959,-55.69791,NaN
2018-06-24T12:00:00Z,0.0,-63.48959,-55.69791,NaN
2018-06-25T12:00:00Z,0.0,-63.48959,-55.69791,NaN
2018-06-26T12:00:00Z,0.0,-63.48959,-55.69791,NaN
2018-06-27T12:00:00Z,0.0,-63.48959,-55.69791,NaN
2018-06-28T12:00:00Z,0.0,-63.48959,-55.69791,NaN
2018-06-29T12:00:00Z,0.0,-63.48959,-55.69791,NaN
2018-06-30T12:00:00Z,0.0,-63.48959,-55.69791,NaN
2018-07-01T12:00:00Z,0.0,-63.48959,-55.69791,NaN
2018-07-02T12:00:00Z,0.0,-63.48959,-55.69791,NaN
2018-07-03T12:00:00Z,0.0,-63.48959,-55.69791,NaN
2018-07-04T12:00:00Z,0.0,-63.48959,-55.69791,NaN
2018-07-05T12:00:00Z,0.0,-63.48959,-55.69791,NaN
2018-07-06T12:00:00Z,0.0,-63.48959,-55.69791,NaN
2018-07-07T12:00:00Z,0.0,-63.48959,-55.69791,NaN
2018-07-08T12:00:00Z,0.0,-63.48959,-55.69791,NaN
2018-07-09T12:00:00Z,0.0,-63.48959,-55.69791,NaN
2018-07-10T12:00:00Z,0.0,-63.48959,-55.69791,NaN
2018-07-11T12:00:00Z,0.0,-63.48959,-55.69791,NaN
2018-07-12T12:00:00Z,0.0,-63.48959,-55.69791,NaN
2018-07-13T12:00:00Z,0.0,-63.48959,-55.69791,NaN
2018-07-14T12:00:00Z,0.0,-63.48959,-55.69791,NaN
2018-07-15T12:00:00Z,0.0,-63.48959,-55.69791,NaN
2018-07-16T12:00:00Z,0.0,-63.48959,-55.69791,NaN
2018-07-17T12:00:00Z,0.0,-63.48959,-55.69791,NaN
2018-07-18T12:00:00Z,0.0,-63.48959,-55.69791,NaN
2018-07-19T12:00:00Z,0.0,-63.48959,-55.69791,NaN
2018-07-20T12:00:00Z,0.0,-63.48959,-55.69791,NaN
2018-07-21T12:00:00Z,0.0,-63.48959,-55.69791,NaN
2018-07-22T12:00:00Z,0.0,-63.48959,-55.69791,NaN
2018-07-23T12:00:00Z,0.0,-63.48959,-55.69791,NaN
2018-07-24T12:00:00Z,0.0,-63.48959,-55.69791,NaN
2018-07-25T12:00:00Z,0.0,-63.48959,-55.69791,NaN
2018-07-26T12:00:00Z,0.0,-63.48959,-55.69791,NaN
2018-07-27T12:00:00Z,0.0,-63.48959,-55.69791,NaN
2018-07-28T12:00:00Z,0.0,-63.48959,-55.69791,NaN
2018-07-29T12:00:00Z,0.0,-63.48959,-55.69791,NaN
2018-07-30T12:00:00Z,0.0,-63.48959,-55.69791,NaN
2018-07-31T12:00:00Z,0.0,-63.48959,-55.69791,NaN
2018-08-01T12:00:00Z,0.0,-63.48959,-55.69791,NaN
2018-08-02T12:00:00Z,0.0,-63.48959,-55.69791,NaN
2018-08-03T12:00:00Z,0.0,-63.48959,-55.69791,NaN
2018-08-04T12:00:00Z,0.0,-63.48959,-55.69791,NaN
2018-08-05T12:00:00Z,0.0,-63.48959,-55.69791,NaN
2018-08-06T12:00:00Z,0.0,-63.48959,-55.69791,NaN
2018-08-07T12:00:00Z,0.0,-63.48959,-55.69791,NaN
2018-08-08T12:00:00Z,0.0,-63.48959,-55.69791,NaN
2018-08-09T12:00:00Z,0.0,-63.48959,-55.69791,NaN
2018-08-10T12:00:00Z,0.0,-63.48959,-55.69791,NaN
2018-08-11T12:00:00Z,0.0,-63.48959,-55.69791,NaN
2018-08-12T12:00:00Z,0.0,-63.48959,-55.69791,NaN
2018-08-13T12:00:00Z,0.0,-63.48959,-55.69791,NaN
2018-08-14T12:00:00Z,0.0,-63.48959,-55.69791,NaN
2018-08-15T12:00:00Z,0.0,-63.48959,-55.69791,NaN
2018-08-16T12:00:00Z,0.0,-63.48959,-55.69791,NaN
2018-08-17T12:00:00Z,0.0,-63.48959,-55.69791,NaN
2018-08-18T12:00:00Z,0.0,-63.48959,-55.69791,NaN
2018-08-19T12:00:00Z,0.0,-63.48959,-55.69791,NaN
2018-08-20T12:00:00Z,0.0,-63.48959,-55.69791,NaN
2018-08-21T12:00:00Z,0.0,-63.48959,-55.69791,NaN
2018-08-22T12:00:00Z,0.0,-63.48959,-55.69791,NaN
2018-08-23T12:00:00Z,0.0,-63.48959,-55.69791,NaN
2018-08-24T12:00:00Z,0.0,-63.48959,-55.69791,NaN
2018-08-25T12:00:00Z,0.0,-63.48959,-55.69791,NaN
2018-08-26T12:00:00Z,0.0,-63.48959,-55.69791,NaN
2018-08-27T12:00:00Z,0.0,-63.48959,-55.69791,NaN
2018-08-28T12:00:00Z,0.0,-63.48959,-55.69791,NaN
2018-08-29T12:00:00Z,0.0,-63.48959,-55.69791,NaN
2018-08-30T12:00:00Z,0.0,-63.48959,-55.69791,NaN
2018-08-31T12:00:00Z,0.0,-63.48959,-55.69791,NaN
2018-09-01T12:00:00Z,0.0,-63.48959,-55.69791,NaN
2018-09-02T12:00:00Z,0.0,-63.48959,-55.69791,NaN
2018-09-03T12:00:00Z,0.0,-63.48959,-55.69791,NaN
2018-09-04T12:00:00Z,0.0,-63.48959,-55.69791,NaN
2018-09-05T12:00:00Z,0.0,-63.48959,-55.69791,NaN
2018-09-06T12:00:00Z,0.0,-63.48959,-55.69791,NaN
2018-09-07T12:00:00Z,0.0,-63.48959,-55.69791,NaN
2018-09-08T12:00:00Z,0.0,-63.48959,-55.69791,NaN
2018-09-09T12:00:00Z,0.0,-63.48959,-55.69791,NaN
2018-09-10T12:00:00Z,0.0,-63.48959,-55.69791,NaN
2018-09-11T12:00:00Z,0.0,-63.48959,-55.69791,NaN
2018-09-12T12:00:00Z,0.0,-63.48959,-55.69791,NaN
2018-09-13T12:00:00Z,0.0,-63.48959,-55.69791,NaN
2018-09-14T12:00:00Z,0.0,-63.48959,-55.69791,NaN
2018-09-15T12:00:00Z,0.0,-63.48959,-55.69791,NaN
2018-09-16T12:00:00Z,0.0,-63.48959,-55.69791,NaN
2018-09-17T12:00:00Z,0.0,-63.48959,-55.69791,NaN
2018-09-18T12:00:00Z,0.0,-63.48959,-55.69791,NaN
2018-09-19T12:00:00Z,0.0,-63.48959,-55.69791,NaN
2018-09-20T12:00:00Z,0.0,-63.48959,-55.69791,NaN
2018-09-21T12:00:00Z,0.0,-63.48959,-55.69791,NaN
2018-09-22T12:00:00Z,0.0,-63.48959,-55.69791,NaN
2018-09-23T12:00:00Z,0.0,-63.48959,-55.69791,NaN
2018-09-24T12:00:00Z,0.0,-63.48959,-55.69791,NaN
2018-09-25T12:00:00Z,0.0,-63.48959,-55.69791,NaN
2018-09-26T12:00:00Z,0.0,-63.48959,-55.69791,NaN
2018-09-27T12:00:00Z,0.0,-63.48959,-55.69791,NaN
2018-09-28T12:00:00Z,0.0,-63.48959,-55.69791,NaN
2018-09-29T12:00:00Z,0.0,-63.48959,-55.69791,NaN
2018-09-30T12:00:00Z,0.0,-63.48959,-55.69791,NaN
2018-10-01T12:00:00Z,0.0,-63.48959,-55.69791,NaN
2018-10-02T12:00:00Z,0.0,-63.48959,-55.69791,NaN
2018-10-03T12:00:00Z,0.0,-63.48959,-55.69791,NaN
2018-10-04T12:00:00Z,0.0,-63.48959,-55.69791,NaN
2018-10-05T12:00:00Z,0.0,-63.48959,-55.69791,NaN
2018-10-06T12:00:00Z,0.0,-63.48959,-55.69791,NaN
2018-10-07T12:00:00Z,0.0,-63.48959,-55.69791,NaN
2018-10-08T12:00:00Z,0.0,-63.48959,-55.69791,NaN
2018-10-09T12:00:00Z,0.0,-63.48959,-55.69791,NaN
2018-10-10T12:00:00Z,0.0,-63.48959,-55.69791,NaN
2018-10-11T12:00:00Z,0.0,-63.48959,-55.69791,NaN
2018-10-12T12:00:00Z,0.0,-63.48959,-55.69791,NaN
2018-10-13T12:00:00Z,0.0,-63.48959,-55.69791,NaN
2018-10-14T12:00:00Z,0.0,-63.48959,-55.69791,NaN
2018-10-15T12:00:00Z,0.0,-63.48959,-55.69791,NaN
2018-10-16T12:00:00Z,0.0,-63.48959,-55.69791,0.15218663
2018-10-17T12:00:00Z,0.0,-63.48959,-55.69791,0.15119608
2018-10-18T12:00:00Z,0.0,-63.48959,-55.69791,0.16929084
2018-10-19T12:00:00Z,0.0,-63.48959,-55.69791,0.18512017
2018-10-20T12:00:00Z,0.0,-63.48959,-55.69791,0.2059631
2018-10-21T12:00:00Z,0.0,-63.48959,-55.69791,0.11000925
2018-10-22T12:00:00Z,0.0,-63.48959,-55.69791,0.12202575
2018-10-23T12:00:00Z,0.0,-63.48959,-55.69791,0.13781273
2018-10-24T12:00:00Z,0.0,-63.48959,-55.69791,0.15855959
2018-10-25T12:00:00Z,0.0,-63.48959,-55.69791,0.13584895
2018-10-26T12:00:00Z,0.0,-63.48959,-55.69791,0.13485365
2018-10-27T12:00:00Z,0.0,-63.48959,-55.69791,0.1573323
2018-10-28T12:00:00Z,0.0,-63.48959,-55.69791,0.16807956
2018-10-29T12:00:00Z,0.0,-63.48959,-55.69791,0.1649553
2018-10-30T12:00:00Z,0.0,-63.48959,-55.69791,0.19910462
2018-10-31T12:00:00Z,0.0,-63.48959,-55.69791,0.15679598
2018-11-01T12:00:00Z,0.0,-63.48959,-55.69791,0.1641626
2018-11-02T12:00:00Z,0.0,-63.48959,-55.69791,0.17461029
2018-11-03T12:00:00Z,0.0,-63.48959,-55.69791,0.17050639
2018-11-04T12:00:00Z,0.0,-63.48959,-55.69791,0.15786806
2018-11-05T12:00:00Z,0.0,-63.48959,-55.69791,0.17216393
2018-11-06T12:00:00Z,0.0,-63.48959,-55.69791,0.18535465
2018-11-07T12:00:00Z,0.0,-63.48959,-55.69791,0.18707846
2018-11-08T12:00:00Z,0.0,-63.48959,-55.69791,0.19014019
2018-11-09T12:00:00Z,0.0,-63.48959,-55.69791,0.19359092
2018-11-10T12:00:00Z,0.0,-63.48959,-55.69791,0.20375894
2018-11-11T12:00:00Z,0.0,-63.48959,-55.69791,0.23204024
2018-11-12T12:00:00Z,0.0,-63.48959,-55.69791,0.20320967
2018-11-13T12:00:00Z,0.0,-63.48959,-55.69791,0.43309447
2018-11-14T12:00:00Z,0.0,-63.48959,-55.69791,0.45571038
2018-11-15T12:00:00Z,0.0,-63.48959,-55.69791,0.46568114
2018-11-16T12:00:00Z,0.0,-63.48959,-55.69791,0.47330752
2018-11-17T12:00:00Z,0.0,-63.48959,-55.69791,0.51267946
2018-11-18T12:00:00Z,0.0,-63.48959,-55.69791,0.57396185
2018-11-19T12:00:00Z,0.0,-63.48959,-55.69791,0.68551224
2018-11-20T12:00:00Z,0.0,-63.48959,-55.69791,0.6364939
2018-11-21T12:00:00Z,0.0,-63.48959,-55.69791,0.7328806
2018-11-22T12:00:00Z,0.0,-63.48959,-55.69791,0.63413095
2018-11-23T12:00:00Z,0.0,-63.48959,-55.69791,0.59585416
2018-11-24T12:00:00Z,0.0,-63.48959,-55.69791,0.578215
2018-11-25T12:00:00Z,0.0,-63.48959,-55.69791,0.51803935
2018-11-26T12:00:00Z,0.0,-63.48959,-55.69791,0.592207
2018-11-27T12:00:00Z,0.0,-63.48959,-55.69791,0.5586785
2018-11-28T12:00:00Z,0.0,-63.48959,-55.69791,0.48739934
2018-11-29T12:00:00Z,0.0,-63.48959,-55.69791,0.4614767
2018-11-30T12:00:00Z,0.0,-63.48959,-55.69791,0.46241406
2018-12-01T12:00:00Z,0.0,-63.48959,-55.69791,0.44603574
2018-12-02T12:00:00Z,0.0,-63.48959,-55.69791,0.3989847
2018-12-03T12:00:00Z,0.0,-63.48959,-55.69791,0.4355377
2018-12-04T12:00:00Z,0.0,-63.48959,-55.69791,0.48522094
2018-12-05T12:00:00Z,0.0,-63.48959,-55.69791,0.4965528
2018-12-06T12:00:00Z,0.0,-63.48959,-55.69791,0.49156523
2018-12-07T12:00:00Z,0.0,-63.48959,-55.69791,0.53066295
2018-12-08T12:00:00Z,0.0,-63.48959,-55.69791,0.452
2018-12-09T12:00:00Z,0.0,-63.48959,-55.69791,0.44464204
2018-12-10T12:00:00Z,0.0,-63.48959,-55.69791,0.459103
2018-12-11T12:00:00Z,0.0,-63.48959,-55.69791,0.47630024
2018-12-12T12:00:00Z,0.0,-63.48959,-55.69791,0.42261508
2018-12-13T12:00:00Z,0.0,-63.48959,-55.69791,0.3877601
2018-12-14T12:00:00Z,0.0,-63.48959,-55.69791,0.4151299
2018-12-15T12:00:00Z,0.0,-63.48959,-55.69791,0.3650285
2018-12-16T12:00:00Z,0.0,-63.48959,-55.69791,0.35005978
2018-12-17T12:00:00Z,0.0,-63.48959,-55.69791,0.34963527
2018-12-18T12:00:00Z,0.0,-63.48959,-55.69791,0.3611647
2018-12-19T12:00:00Z,0.0,-63.48959,-55.69791,0.38216865
2018-12-20T12:00:00Z,0.0,-63.48959,-55.69791,0.40840423
2018-12-21T12:00:00Z,0.0,-63.48959,-55.69791,0.367159
2018-12-22T12:00:00Z,0.0,-63.48959,-55.69791,0.36338997
2018-12-23T12:00:00Z,0.0,-63.48959,-55.69791,0.41234055
2018-12-24T12:00:00Z,0.0,-63.48959,-55.69791,0.41736645
2018-12-25T12:00:00Z,0.0,-63.48959,-55.69791,0.36065632
2018-12-26T12:00:00Z,0.0,-63.48959,-55.69791,0.36000586
2018-12-27T12:00:00Z,0.0,-63.48959,-55.69791,0.3356521
2018-12-28T12:00:00Z,0.0,-63.48959,-55.69791,0.362681
2018-12-29T12:00:00Z,0.0,-63.48959,-55.69791,0.37292114
2018-12-30T12:00:00Z,0.0,-63.48959,-55.69791,0.3653799
2018-12-31T12:00:00Z,0.0,-63.48959,-55.69791,0.3682537
2019-01-01T12:00:00Z,0.0,-63.48959,-55.69791,0.33670315
2019-01-02T12:00:00Z,0.0,-63.48959,-55.69791,0.37951
2019-01-03T12:00:00Z,0.0,-63.48959,-55.69791,0.34232298
2019-01-04T12:00:00Z,0.0,-63.48959,-55.69791,0.34555554
2019-01-05T12:00:00Z,0.0,-63.48959,-55.69791,0.34432122
2019-01-06T12:00:00Z,0.0,-63.48959,-55.69791,0.33280674
2019-01-07T12:00:00Z,0.0,-63.48959,-55.69791,0.31707144
2019-01-08T12:00:00Z,0.0,-63.48959,-55.69791,0.32590398
2019-01-09T12:00:00Z,0.0,-63.48959,-55.69791,0.3149983
2019-01-10T12:00:00Z,0.0,-63.48959,-55.69791,0.31909388
2019-01-11T12:00:00Z,0.0,-63.48959,-55.69791,0.3064792
2019-01-12T12:00:00Z,0.0,-63.48959,-55.69791,0.28028238
2019-01-13T12:00:00Z,0.0,-63.48959,-55.69791,0.30682632
2019-01-14T12:00:00Z,0.0,-63.48959,-55.69791,0.30745086
2019-01-15T12:00:00Z,0.0,-63.48959,-55.69791,0.30258256
2019-01-16T12:00:00Z,0.0,-63.48959,-55.69791,0.30223668
2019-01-17T12:00:00Z,0.0,-63.48959,-55.69791,0.3274158
2019-01-18T12:00:00Z,0.0,-63.48959,-55.69791,0.33132005
2019-01-19T12:00:00Z,0.0,-63.48959,-55.69791,0.34182984
2019-01-20T12:00:00Z,0.0,-63.48959,-55.69791,0.3339319
2019-01-21T12:00:00Z,0.0,-63.48959,-55.69791,0.35841018
2019-01-22T12:00:00Z,0.0,-63.48959,-55.69791,0.35535204
2019-01-23T12:00:00Z,0.0,-63.48959,-55.69791,0.34495616
2019-01-24T12:00:00Z,0.0,-63.48959,-55.69791,0.33188242
2019-01-25T12:00:00Z,0.0,-63.48959,-55.69791,0.39784858
2019-01-26T12:00:00Z,0.0,-63.48959,-55.69791,0.38703588
2019-01-27T12:00:00Z,0.0,-63.48959,-55.69791,0.34090164
2019-01-28T12:00:00Z,0.0,-63.48959,-55.69791,0.3401672
2019-01-29T12:00:00Z,0.0,-63.48959,-55.69791,0.34512907
2019-01-30T12:00:00Z,0.0,-63.48959,-55.69791,0.34624597
2019-01-31T12:00:00Z,0.0,-63.48959,-55.69791,0.3476947
2019-02-01T12:00:00Z,0.0,-63.48959,-55.69791,0.31488836
2019-02-02T12:00:00Z,0.0,-63.48959,-55.69791,0.2889107
2019-02-03T12:00:00Z,0.0,-63.48959,-55.69791,0.19069941
2019-02-04T12:00:00Z,0.0,-63.48959,-55.69791,0.21369112
2019-02-05T12:00:00Z,0.0,-63.48959,-55.69791,0.20079787
2019-02-06T12:00:00Z,0.0,-63.48959,-55.69791,0.19544917
2019-02-07T12:00:00Z,0.0,-63.48959,-55.69791,0.18986428
2019-02-08T12:00:00Z,0.0,-63.48959,-55.69791,0.19666985
2019-02-09T12:00:00Z,0.0,-63.48959,-55.69791,0.1856634
2019-02-10T12:00:00Z,0.0,-63.48959,-55.69791,0.18924965
2019-02-11T12:00:00Z,0.0,-63.48959,-55.69791,0.2082198
2019-02-12T12:00:00Z,0.0,-63.48959,-55.69791,0.20961742
2019-02-13T12:00:00Z,0.0,-63.48959,-55.69791,0.23061803
2019-02-14T12:00:00Z,0.0,-63.48959,-55.69791,0.22114079
2019-02-15T12:00:00Z,0.0,-63.48959,-55.69791,0.21466473
2019-02-16T12:00:00Z,0.0,-63.48959,-55.69791,0.24375468
2019-02-17T12:00:00Z,0.0,-63.48959,-55.69791,0.23610915
2019-02-18T12:00:00Z,0.0,-63.48959,-55.69791,0.2404928
2019-02-19T12:00:00Z,0.0,-63.48959,-55.69791,0.25597873
2019-02-20T12:00:00Z,0.0,-63.48959,-55.69791,0.29333207
2019-02-21T12:00:00Z,0.0,-63.48959,-55.69791,0.3093508
2019-02-22T12:00:00Z,0.0,-63.48959,-55.69791,0.33190623
2019-02-23T12:00:00Z,0.0,-63.48959,-55.69791,0.32162848
2019-02-24T12:00:00Z,0.0,-63.48959,-55.69791,0.29931653
2019-02-25T12:00:00Z,0.0,-63.48959,-55.69791,0.32052705
2019-02-26T12:00:00Z,0.0,-63.48959,-55.69791,0.3543682
2019-02-27T12:00:00Z,0.0,-63.48959,-55.69791,0.38152745
2019-02-28T12:00:00Z,0.0,-63.48959,-55.69791,0.35768786
2019-03-01T12:00:00Z,0.0,-63.48959,-55.69791,0.35733214
2019-03-02T12:00:00Z,0.0,-63.48959,-55.69791,0.19947731
2019-03-03T12:00:00Z,0.0,-63.48959,-55.69791,0.20694932
2019-03-04T12:00:00Z,0.0,-63.48959,-55.69791,0.20531501
2019-03-05T12:00:00Z,0.0,-63.48959,-55.69791,0.18303561
2019-03-06T12:00:00Z,0.0,-63.48959,-55.69791,0.1810252
2019-03-07T12:00:00Z,0.0,-63.48959,-55.69791,0.17581083
2019-03-08T12:00:00Z,0.0,-63.48959,-55.69791,0.1745777
2019-03-09T12:00:00Z,0.0,-63.48959,-55.69791,0.17453828
2019-03-10T12:00:00Z,0.0,-63.48959,-55.69791,0.17154855
2019-03-11T12:00:00Z,0.0,-63.48959,-55.69791,0.17457873
2019-03-12T12:00:00Z,0.0,-63.48959,-55.69791,0.18043946
2019-03-13T12:00:00Z,0.0,-63.48959,-55.69791,0.16866833
2019-03-14T12:00:00Z,0.0,-63.48959,-55.69791,0.17778073
2019-03-15T12:00:00Z,0.0,-63.48959,-55.69791,0.17742983
2019-03-16T12:00:00Z,0.0,-63.48959,-55.69791,0.1723512
2019-03-17T12:00:00Z,0.0,-63.48959,-55.69791,0.17358103
2019-03-18T12:00:00Z,0.0,-63.48959,-55.69791,0.1809665
2019-03-19T12:00:00Z,0.0,-63.48959,-55.69791,NaN
2019-03-20T12:00:00Z,0.0,-63.48959,-55.69791,NaN
2019-03-21T12:00:00Z,0.0,-63.48959,-55.69791,NaN
2019-03-22T12:00:00Z,0.0,-63.48959,-55.69791,NaN
2019-03-23T12:00:00Z,0.0,-63.48959,-55.69791,NaN
2019-03-24T12:00:00Z,0.0,-63.48959,-55.69791,NaN
2019-03-25T12:00:00Z,0.0,-63.48959,-55.69791,NaN
2019-03-26T12:00:00Z,0.0,-63.48959,-55.69791,NaN
2019-03-27T12:00:00Z,0.0,-63.48959,-55.69791,NaN
2019-03-28T12:00:00Z,0.0,-63.48959,-55.69791,NaN
2019-03-29T12:00:00Z,0.0,-63.48959,-55.69791,NaN
2019-03-30T12:00:00Z,0.0,-63.48959,-55.69791,NaN
2019-03-31T12:00:00Z,0.0,-63.48959,-55.69791,NaN
2019-04-01T12:00:00Z,0.0,-63.48959,-55.69791,NaN
2019-04-02T12:00:00Z,0.0,-63.48959,-55.69791,NaN
2019-04-03T12:00:00Z,0.0,-63.48959,-55.69791,NaN
2019-04-04T12:00:00Z,0.0,-63.48959,-55.69791,NaN
2019-04-05T12:00:00Z,0.0,-63.48959,-55.69791,NaN
2019-04-06T12:00:00Z,0.0,-63.48959,-55.69791,NaN
2019-04-07T12:00:00Z,0.0,-63.48959,-55.69791,NaN
2019-04-08T12:00:00Z,0.0,-63.48959,-55.69791,NaN
2019-04-09T12:00:00Z,0.0,-63.48959,-55.69791,NaN
2019-04-10T12:00:00Z,0.0,-63.48959,-55.69791,NaN
2019-04-11T12:00:00Z,0.0,-63.48959,-55.69791,NaN
2019-04-12T12:00:00Z,0.0,-63.48959,-55.69791,NaN
2019-04-13T12:00:00Z,0.0,-63.48959,-55.69791,NaN
2019-04-14T12:00:00Z,0.0,-63.48959,-55.69791,NaN
2019-04-15T12:00:00Z,0.0,-63.48959,-55.69791,NaN
2019-04-16T12:00:00Z,0.0,-63.48959,-55.69791,NaN
2019-04-17T12:00:00Z,0.0,-63.48959,-55.69791,NaN
2019-04-18T12:00:00Z,0.0,-63.48959,-55.69791,NaN
2019-04-19T12:00:00Z,0.0,-63.48959,-55.69791,NaN
2019-04-20T12:00:00Z,0.0,-63.48959,-55.69791,NaN
2019-04-21T12:00:00Z,0.0,-63.48959,-55.69791,NaN
2019-04-22T12:00:00Z,0.0,-63.48959,-55.69791,NaN
2019-04-23T12:00:00Z,0.0,-63.48959,-55.69791,NaN
2019-04-24T12:00:00Z,0.0,-63.48959,-55.69791,NaN
2019-04-25T12:00:00Z,0.0,-63.48959,-55.69791,NaN
2019-04-26T12:00:00Z,0.0,-63.48959,-55.69791,NaN
2019-04-27T12:00:00Z,0.0,-63.48959,-55.69791,NaN
2019-04-28T12:00:00Z,0.0,-63.48959,-55.69791,NaN
2019-04-29T12:00:00Z,0.0,-63.48959,-55.69791,NaN
2019-04-30T12:00:00Z,0.0,-63.48959,-55.69791,NaN
2019-05-01T12:00:00Z,0.0,-63.48959,-55.69791,NaN
2019-05-02T12:00:00Z,0.0,-63.48959,-55.69791,NaN
2019-05-03T12:00:00Z,0.0,-63.48959,-55.69791,NaN
2019-05-04T12:00:00Z,0.0,-63.48959,-55.69791,NaN
2019-05-05T12:00:00Z,0.0,-63.48959,-55.69791,NaN
2019-05-06T12:00:00Z,0.0,-63.48959,-55.69791,NaN
2019-05-07T12:00:00Z,0.0,-63.48959,-55.69791,NaN
2019-05-08T12:00:00Z,0.0,-63.48959,-55.69791,NaN
2019-05-09T12:00:00Z,0.0,-63.48959,-55.69791,NaN
2019-05-10T12:00:00Z,0.0,-63.48959,-55.69791,NaN
2019-05-11T12:00:00Z,0.0,-63.48959,-55.69791,NaN
2019-05-12T12:00:00Z,0.0,-63.48959,-55.69791,NaN
2019-05-13T12:00:00Z,0.0,-63.48959,-55.69791,NaN
2019-05-14T12:00:00Z,0.0,-63.48959,-55.69791,NaN
2019-05-15T12:00:00Z,0.0,-63.48959,-55.69791,NaN
2019-05-16T12:00:00Z,0.0,-63.48959,-55.69791,NaN
2019-05-17T12:00:00Z,0.0,-63.48959,-55.69791,NaN
2019-05-18T12:00:00Z,0.0,-63.48959,-55.69791,NaN
2019-05-19T12:00:00Z,0.0,-63.48959,-55.69791,NaN
2019-05-20T12:00:00Z,0.0,-63.48959,-55.69791,NaN
2019-05-21T12:00:00Z,0.0,-63.48959,-55.69791,NaN
2019-05-22T12:00:00Z,0.0,-63.48959,-55.69791,NaN
2019-05-23T12:00:00Z,0.0,-63.48959,-55.69791,NaN
2019-05-24T12:00:00Z,0.0,-63.48959,-55.69791,NaN
2019-05-25T12:00:00Z,0.0,-63.48959,-55.69791,NaN
2019-05-26T12:00:00Z,0.0,-63.48959,-55.69791,NaN
2019-05-27T12:00:00Z,0.0,-63.48959,-55.69791,NaN
2019-05-28T12:00:00Z,0.0,-63.48959,-55.69791,NaN
2019-05-29T12:00:00Z,0.0,-63.48959,-55.69791,NaN
2019-05-30T12:00:00Z,0.0,-63.48959,-55.69791,NaN
2019-05-31T12:00:00Z,0.0,-63.48959,-55.69791,NaN
2019-06-01T12:00:00Z,0.0,-63.48959,-55.69791,NaN
2019-06-02T12:00:00Z,0.0,-63.48959,-55.69791,NaN
2019-06-03T12:00:00Z,0.0,-63.48959,-55.69791,NaN
2019-06-04T12:00:00Z,0.0,-63.48959,-55.69791,NaN
2019-06-05T12:00:00Z,0.0,-63.48959,-55.69791,NaN
2019-06-06T12:00:00Z,0.0,-63.48959,-55.69791,NaN
2019-06-07T12:00:00Z,0.0,-63.48959,-55.69791,NaN
2019-06-08T12:00:00Z,0.0,-63.48959,-55.69791,NaN
2019-06-09T12:00:00Z,0.0,-63.48959,-55.69791,NaN
2019-06-10T12:00:00Z,0.0,-63.48959,-55.69791,NaN
2019-06-11T12:00:00Z,0.0,-63.48959,-55.69791,NaN
2019-06-12T12:00:00Z,0.0,-63.48959,-55.69791,NaN
2019-06-13T12:00:00Z,0.0,-63.48959,-55.69791,NaN
2019-06-14T12:00:00Z,0.0,-63.48959,-55.69791,NaN
2019-06-15T12:00:00Z,0.0,-63.48959,-55.69791,NaN
2019-06-16T12:00:00Z,0.0,-63.48959,-55.69791,NaN
2019-06-17T12:00:00Z,0.0,-63.48959,-55.69791,NaN
2019-06-18T12:00:00Z,0.0,-63.48959,-55.69791,NaN
2019-06-19T12:00:00Z,0.0,-63.48959,-55.69791,NaN
2019-06-20T12:00:00Z,0.0,-63.48959,-55.69791,NaN
2019-06-21T12:00:00Z,0.0,-63.48959,-55.69791,NaN
2019-06-22T12:00:00Z,0.0,-63.48959,-55.69791,NaN
2019-06-23T12:00:00Z,0.0,-63.48959,-55.69791,NaN
2019-06-24T12:00:00Z,0.0,-63.48959,-55.69791,NaN
2019-06-25T12:00:00Z,0.0,-63.48959,-55.69791,NaN
2019-06-26T12:00:00Z,0.0,-63.48959,-55.69791,NaN
2019-06-27T12:00:00Z,0.0,-63.48959,-55.69791,NaN
2019-06-28T12:00:00Z,0.0,-63.48959,-55.69791,NaN
2019-06-29T12:00:00Z,0.0,-63.48959,-55.69791,NaN
2019-06-30T12:00:00Z,0.0,-63.48959,-55.69791,NaN
2019-07-01T12:00:00Z,0.0,-63.48959,-55.69791,NaN
2019-07-02T12:00:00Z,0.0,-63.48959,-55.69791,NaN
2019-07-03T12:00:00Z,0.0,-63.48959,-55.69791,NaN
2019-07-04T12:00:00Z,0.0,-63.48959,-55.69791,NaN
2019-07-05T12:00:00Z,0.0,-63.48959,-55.69791,NaN
2019-07-06T12:00:00Z,0.0,-63.48959,-55.69791,NaN
2019-07-07T12:00:00Z,0.0,-63.48959,-55.69791,NaN
2019-07-08T12:00:00Z,0.0,-63.48959,-55.69791,NaN
2019-07-09T12:00:00Z,0.0,-63.48959,-55.69791,NaN
2019-07-10T12:00:00Z,0.0,-63.48959,-55.69791,NaN
2019-07-11T12:00:00Z,0.0,-63.48959,-55.69791,NaN
2019-07-12T12:00:00Z,0.0,-63.48959,-55.69791,NaN
2019-07-13T12:00:00Z,0.0,-63.48959,-55.69791,NaN
2019-07-14T12:00:00Z,0.0,-63.48959,-55.69791,NaN
2019-07-15T12:00:00Z,0.0,-63.48959,-55.69791,NaN
2019-07-16T12:00:00Z,0.0,-63.48959,-55.69791,NaN
2019-07-17T12:00:00Z,0.0,-63.48959,-55.69791,NaN
2019-07-18T12:00:00Z,0.0,-63.48959,-55.69791,NaN
2019-07-19T12:00:00Z,0.0,-63.48959,-55.69791,NaN
2019-07-20T12:00:00Z,0.0,-63.48959,-55.69791,NaN
2019-07-21T12:00:00Z,0.0,-63.48959,-55.69791,NaN
2019-07-22T12:00:00Z,0.0,-63.48959,-55.69791,NaN
2019-07-23T12:00:00Z,0.0,-63.48959,-55.69791,NaN
2019-07-24T12:00:00Z,0.0,-63.48959,-55.69791,NaN
2019-07-25T12:00:00Z,0.0,-63.48959,-55.69791,NaN
2019-07-26T12:00:00Z,0.0,-63.48959,-55.69791,NaN
2019-07-27T12:00:00Z,0.0,-63.48959,-55.69791,NaN
2019-07-28T12:00:00Z,0.0,-63.48959,-55.69791,NaN
2019-07-29T12:00:00Z,0.0,-63.48959,-55.69791,NaN
2019-07-30T12:00:00Z,0.0,-63.48959,-55.69791,NaN
2019-07-31T12:00:00Z,0.0,-63.48959,-55.69791,NaN
2019-08-01T12:00:00Z,0.0,-63.48959,-55.69791,NaN
2019-08-02T12:00:00Z,0.0,-63.48959,-55.69791,NaN
2019-08-03T12:00:00Z,0.0,-63.48959,-55.69791,NaN
2019-08-04T12:00:00Z,0.0,-63.48959,-55.69791,NaN
2019-08-05T12:00:00Z,0.0,-63.48959,-55.69791,NaN
2019-08-06T12:00:00Z,0.0,-63.48959,-55.69791,NaN
2019-08-07T12:00:00Z,0.0,-63.48959,-55.69791,NaN
2019-08-08T12:00:00Z,0.0,-63.48959,-55.69791,NaN
2019-08-09T12:00:00Z,0.0,-63.48959,-55.69791,NaN
2019-08-10T12:00:00Z,0.0,-63.48959,-55.69791,NaN
2019-08-11T12:00:00Z,0.0,-63.48959,-55.69791,NaN
2019-08-12T12:00:00Z,0.0,-63.48959,-55.69791,NaN
2019-08-13T12:00:00Z,0.0,-63.48959,-55.69791,NaN
2019-08-14T12:00:00Z,0.0,-63.48959,-55.69791,NaN
2019-08-15T12:00:00Z,0.0,-63.48959,-55.69791,NaN
2019-08-16T12:00:00Z,0.0,-63.48959,-55.69791,NaN
2019-08-17T12:00:00Z,0.0,-63.48959,-55.69791,NaN
2019-08-18T12:00:00Z,0.0,-63.48959,-55.69791,NaN
2019-08-19T12:00:00Z,0.0,-63.48959,-55.69791,NaN
2019-08-20T12:00:00Z,0.0,-63.48959,-55.69791,NaN
2019-08-21T12:00:00Z,0.0,-63.48959,-55.69791,NaN
2019-08-22T12:00:00Z,0.0,-63.48959,-55.69791,NaN
2019-08-23T12:00:00Z,0.0,-63.48959,-55.69791,NaN
2019-08-24T12:00:00Z,0.0,-63.48959,-55.69791,NaN
2019-08-25T12:00:00Z,0.0,-63.48959,-55.69791,NaN
2019-08-26T12:00:00Z,0.0,-63.48959,-55.69791,NaN
2019-08-27T12:00:00Z,0.0,-63.48959,-55.69791,NaN
2019-08-28T12:00:00Z,0.0,-63.48959,-55.69791,NaN
2019-08-29T12:00:00Z,0.0,-63.48959,-55.69791,NaN
2019-08-30T12:00:00Z,0.0,-63.48959,-55.69791,NaN
2019-08-31T12:00:00Z,0.0,-63.48959,-55.69791,NaN
2019-09-01T12:00:00Z,0.0,-63.48959,-55.69791,NaN
2019-09-02T12:00:00Z,0.0,-63.48959,-55.69791,NaN
2019-09-03T12:00:00Z,0.0,-63.48959,-55.69791,NaN
2019-09-04T12:00:00Z,0.0,-63.48959,-55.69791,NaN
2019-09-05T12:00:00Z,0.0,-63.48959,-55.69791,NaN
2019-09-06T12:00:00Z,0.0,-63.48959,-55.69791,NaN
2019-09-07T12:00:00Z,0.0,-63.48959,-55.69791,NaN
2019-09-08T12:00:00Z,0.0,-63.48959,-55.69791,NaN
2019-09-09T12:00:00Z,0.0,-63.48959,-55.69791,NaN
2019-09-10T12:00:00Z,0.0,-63.48959,-55.69791,NaN
2019-09-11T12:00:00Z,0.0,-63.48959,-55.69791,NaN
2019-09-12T12:00:00Z,0.0,-63.48959,-55.69791,NaN
2019-09-13T12:00:00Z,0.0,-63.48959,-55.69791,NaN
2019-09-14T12:00:00Z,0.0,-63.48959,-55.69791,NaN
2019-09-15T12:00:00Z,0.0,-63.48959,-55.69791,NaN
2019-09-16T12:00:00Z,0.0,-63.48959,-55.69791,NaN
2019-09-17T12:00:00Z,0.0,-63.48959,-55.69791,NaN
2019-09-18T12:00:00Z,0.0,-63.48959,-55.69791,NaN
2019-09-19T12:00:00Z,0.0,-63.48959,-55.69791,NaN
2019-09-20T12:00:00Z,0.0,-63.48959,-55.69791,NaN
2019-09-21T12:00:00Z,0.0,-63.48959,-55.69791,NaN
2019-09-22T12:00:00Z,0.0,-63.48959,-55.69791,NaN
2019-09-23T12:00:00Z,0.0,-63.48959,-55.69791,NaN
2019-09-24T12:00:00Z,0.0,-63.48959,-55.69791,NaN
2019-09-25T12:00:00Z,0.0,-63.48959,-55.69791,NaN
2019-09-26T12:00:00Z,0.0,-63.48959,-55.69791,NaN
2019-09-27T12:00:00Z,0.0,-63.48959,-55.69791,NaN
2019-09-28T12:00:00Z,0.0,-63.48959,-55.69791,NaN
2019-09-29T12:00:00Z,0.0,-63.48959,-55.69791,NaN
2019-09-30T12:00:00Z,0.0,-63.48959,-55.69791,NaN
2019-10-01T12:00:00Z,0.0,-63.48959,-55.69791,NaN
2019-10-02T12:00:00Z,0.0,-63.48959,-55.69791,NaN
2019-10-03T12:00:00Z,0.0,-63.48959,-55.69791,NaN
2019-10-04T12:00:00Z,0.0,-63.48959,-55.69791,NaN
2019-10-05T12:00:00Z,0.0,-63.48959,-55.69791,NaN
2019-10-06T12:00:00Z,0.0,-63.48959,-55.69791,NaN
2019-10-07T12:00:00Z,0.0,-63.48959,-55.69791,NaN
2019-10-08T12:00:00Z,0.0,-63.48959,-55.69791,NaN
2019-10-09T12:00:00Z,0.0,-63.48959,-55.69791,NaN
2019-10-10T12:00:00Z,0.0,-63.48959,-55.69791,NaN
2019-10-11T12:00:00Z,0.0,-63.48959,-55.69791,NaN
2019-10-12T12:00:00Z,0.0,-63.48959,-55.69791,NaN
2019-10-13T12:00:00Z,0.0,-63.48959,-55.69791,NaN
2019-10-14T12:00:00Z,0.0,-63.48959,-55.69791,NaN
2019-10-15T12:00:00Z,0.0,-63.48959,-55.69791,NaN
2019-10-16T12:00:00Z,0.0,-63.48959,-55.69791,NaN
2019-10-17T12:00:00Z,0.0,-63.48959,-55.69791,NaN
2019-10-18T12:00:00Z,0.0,-63.48959,-55.69791,NaN
2019-10-19T12:00:00Z,0.0,-63.48959,-55.69791,NaN
2019-10-20T12:00:00Z,0.0,-63.48959,-55.69791,NaN
2019-10-21T12:00:00Z,0.0,-63.48959,-55.69791,NaN
2019-10-22T12:00:00Z,0.0,-63.48959,-55.69791,NaN
2019-10-23T12:00:00Z,0.0,-63.48959,-55.69791,NaN
2019-10-24T12:00:00Z,0.0,-63.48959,-55.69791,NaN
2019-10-25T12:00:00Z,0.0,-63.48959,-55.69791,NaN
2019-10-26T12:00:00Z,0.0,-63.48959,-55.69791,NaN
2019-10-27T12:00:00Z,0.0,-63.48959,-55.69791,NaN
2019-10-28T12:00:00Z,0.0,-63.48959,-55.69791,NaN
2019-10-29T12:00:00Z,0.0,-63.48959,-55.69791,0.1372048
2019-10-30T12:00:00Z,0.0,-63.48959,-55.69791,0.13555337
2019-10-31T12:00:00Z,0.0,-63.48959,-55.69791,0.1384487
2019-11-01T12:00:00Z,0.0,-63.48959,-55.69791,0.13842502
2019-11-02T12:00:00Z,0.0,-63.48959,-55.69791,0.1380753
2019-11-03T12:00:00Z,0.0,-63.48959,-55.69791,0.13998686
2019-11-04T12:00:00Z,0.0,-63.48959,-55.69791,0.13706313
2019-11-05T12:00:00Z,0.0,-63.48959,-55.69791,0.14328794
2019-11-06T12:00:00Z,0.0,-63.48959,-55.69791,0.13585024
2019-11-07T12:00:00Z,0.0,-63.48959,-55.69791,0.13667448
2019-11-08T12:00:00Z,0.0,-63.48959,-55.69791,0.14594899
2019-11-09T12:00:00Z,0.0,-63.48959,-55.69791,0.13858032
2019-11-10T12:00:00Z,0.0,-63.48959,-55.69791,0.12265095
2019-11-11T12:00:00Z,0.0,-63.48959,-55.69791,0.13917306
2019-11-12T12:00:00Z,0.0,-63.48959,-55.69791,0.14192237
2019-11-13T12:00:00Z,0.0,-63.48959,-55.69791,0.13331312
2019-11-14T12:00:00Z,0.0,-63.48959,-55.69791,0.3228471
2019-11-15T12:00:00Z,0.0,-63.48959,-55.69791,0.43343174
2019-11-16T12:00:00Z,0.0,-63.48959,-55.69791,0.27704802
2019-11-17T12:00:00Z,0.0,-63.48959,-55.69791,0.25527546
2019-11-18T12:00:00Z,0.0,-63.48959,-55.69791,0.22370633
2019-11-19T12:00:00Z,0.0,-63.48959,-55.69791,0.21452709
2019-11-20T12:00:00Z,0.0,-63.48959,-55.69791,0.22017543
2019-11-21T12:00:00Z,0.0,-63.48959,-55.69791,0.23276961
2019-11-22T12:00:00Z,0.0,-63.48959,-55.69791,0.23813419
2019-11-23T12:00:00Z,0.0,-63.48959,-55.69791,0.24098824
2019-11-24T12:00:00Z,0.0,-63.48959,-55.69791,0.26324722
2019-11-25T12:00:00Z,0.0,-63.48959,-55.69791,0.2821203
2019-11-26T12:00:00Z,0.0,-63.48959,-55.69791,0.28337356
2019-11-27T12:00:00Z,0.0,-63.48959,-55.69791,0.24883851
2019-11-28T12:00:00Z,0.0,-63.48959,-55.69791,0.24378102
2019-11-29T12:00:00Z,0.0,-63.48959,-55.69791,0.25314778
2019-11-30T12:00:00Z,0.0,-63.48959,-55.69791,0.2645683
2019-12-01T12:00:00Z,0.0,-63.48959,-55.69791,0.2672227
2019-12-02T12:00:00Z,0.0,-63.48959,-55.69791,0.28378683
2019-12-03T12:00:00Z,0.0,-63.48959,-55.69791,0.32288125
2019-12-04T12:00:00Z,0.0,-63.48959,-55.69791,0.29179734
2019-12-05T12:00:00Z,0.0,-63.48959,-55.69791,0.32772836
2019-12-06T12:00:00Z,0.0,-63.48959,-55.69791,0.3403975
2019-12-07T12:00:00Z,0.0,-63.48959,-55.69791,0.3830985
2019-12-08T12:00:00Z,0.0,-63.48959,-55.69791,0.33354384
2019-12-09T12:00:00Z,0.0,-63.48959,-55.69791,0.3920941
2019-12-10T12:00:00Z,0.0,-63.48959,-55.69791,0.3892953
2019-12-11T12:00:00Z,0.0,-63.48959,-55.69791,0.41021395
2019-12-12T12:00:00Z,0.0,-63.48959,-55.69791,0.39051506
2019-12-13T12:00:00Z,0.0,-63.48959,-55.69791,0.4117759
2019-12-14T12:00:00Z,0.0,-63.48959,-55.69791,0.45287082
2019-12-15T12:00:00Z,0.0,-63.48959,-55.69791,0.4623099
2019-12-16T12:00:00Z,0.0,-63.48959,-55.69791,0.4670304
2019-12-17T12:00:00Z,0.0,-63.48959,-55.69791,0.4740711
2019-12-18T12:00:00Z,0.0,-63.48959,-55.69791,0.46103418
2019-12-19T12:00:00Z,0.0,-63.48959,-55.69791,0.41997892
2019-12-20T12:00:00Z,0.0,-63.48959,-55.69791,0.41014373
2019-12-21T12:00:00Z,0.0,-63.48959,-55.69791,0.53436035
2019-12-22T12:00:00Z,0.0,-63.48959,-55.69791,0.5088249
2019-12-23T12:00:00Z,0.0,-63.48959,-55.69791,0.5506903
2019-12-24T12:00:00Z,0.0,-63.48959,-55.69791,0.46000865
2019-12-25T12:00:00Z,0.0,-63.48959,-55.69791,0.4382012
2019-12-26T12:00:00Z,0.0,-63.48959,-55.69791,0.46109775
2019-12-27T12:00:00Z,0.0,-63.48959,-55.69791,0.41800895
2019-12-28T12:00:00Z,0.0,-63.48959,-55.69791,0.42972293
2019-12-29T12:00:00Z,0.0,-63.48959,-55.69791,0.4124055
2019-12-30T12:00:00Z,0.0,-63.48959,-55.69791,0.4335447
2019-12-31T12:00:00Z,0.0,-63.48959,-55.69791,0.44802865
2020-01-01T12:00:00Z,0.0,-63.48959,-55.69791,0.34723282
2020-01-02T12:00:00Z,0.0,-63.48959,-55.69791,0.38460976
2020-01-03T12:00:00Z,0.0,-63.48959,-55.69791,0.3943785
2020-01-04T12:00:00Z,0.0,-63.48959,-55.69791,0.44870764
2020-01-05T12:00:00Z,0.0,-63.48959,-55.69791,0.49839893
2020-01-06T12:00:00Z,0.0,-63.48959,-55.69791,0.5052323
2020-01-07T12:00:00Z,0.0,-63.48959,-55.69791,0.49677175
2020-01-08T12:00:00Z,0.0,-63.48959,-55.69791,0.5036146
2020-01-09T12:00:00Z,0.0,-63.48959,-55.69791,0.5093602
2020-01-10T12:00:00Z,0.0,-63.48959,-55.69791,0.550656
2020-01-11T12:00:00Z,0.0,-63.48959,-55.69791,0.6109115
2020-01-12T12:00:00Z,0.0,-63.48959,-55.69791,0.58699644
2020-01-13T12:00:00Z,0.0,-63.48959,-55.69791,0.5570057
2020-01-14T12:00:00Z,0.0,-63.48959,-55.69791,0.54087704
2020-01-15T12:00:00Z,0.0,-63.48959,-55.69791,0.53005093
2020-01-16T12:00:00Z,0.0,-63.48959,-55.69791,0.52926373
2020-01-17T12:00:00Z,0.0,-63.48959,-55.69791,0.52916753
2020-01-18T12:00:00Z,0.0,-63.48959,-55.69791,0.54570526
2020-01-19T12:00:00Z,0.0,-63.48959,-55.69791,0.48477593
2020-01-20T12:00:00Z,0.0,-63.48959,-55.69791,0.46791568
2020-01-21T12:00:00Z,0.0,-63.48959,-55.69791,0.45713606
2020-01-22T12:00:00Z,0.0,-63.48959,-55.69791,0.465174
2020-01-23T12:00:00Z,0.0,-63.48959,-55.69791,0.41953483
2020-01-24T12:00:00Z,0.0,-63.48959,-55.69791,0.38288844
2020-01-25T12:00:00Z,0.0,-63.48959,-55.69791,0.37866256
2020-01-26T12:00:00Z,0.0,-63.48959,-55.69791,0.36098292
2020-01-27T12:00:00Z,0.0,-63.48959,-55.69791,0.33706114
2020-01-28T12:00:00Z,0.0,-63.48959,-55.69791,0.33168876
2020-01-29T12:00:00Z,0.0,-63.48959,-55.69791,0.30041814
2020-01-30T12:00:00Z,0.0,-63.48959,-55.69791,0.2806336
2020-01-31T12:00:00Z,0.0,-63.48959,-55.69791,0.20269036
2020-02-01T12:00:00Z,0.0,-63.48959,-55.69791,0.18642189
2020-02-02T12:00:00Z,0.0,-63.48959,-55.69791,0.16879101
2020-02-03T12:00:00Z,0.0,-63.48959,-55.69791,0.25537136
2020-02-04T12:00:00Z,0.0,-63.48959,-55.69791,0.30066964
2020-02-05T12:00:00Z,0.0,-63.48959,-55.69791,0.27919787
2020-02-06T12:00:00Z,0.0,-63.48959,-55.69791,0.257474
2020-02-07T12:00:00Z,0.0,-63.48959,-55.69791,0.4706457
2020-02-08T12:00:00Z,0.0,-63.48959,-55.69791,0.5728919
2020-02-09T12:00:00Z,0.0,-63.48959,-55.69791,0.6424091
2020-02-10T12:00:00Z,0.0,-63.48959,-55.69791,0.68851066
2020-02-11T12:00:00Z,0.0,-63.48959,-55.69791,0.681167
2020-02-12T12:00:00Z,0.0,-63.48959,-55.69791,0.6451007
2020-02-13T12:00:00Z,0.0,-63.48959,-55.69791,0.73784477
2020-02-14T12:00:00Z,0.0,-63.48959,-55.69791,0.77367496
2020-02-15T12:00:00Z,0.0,-63.48959,-55.69791,0.79348487
2020-02-16T12:00:00Z,0.0,-63.48959,-55.69791,0.7806395
2020-02-17T12:00:00Z,0.0,-63.48959,-55.69791,0.74618816
2020-02-18T12:00:00Z,0.0,-63.48959,-55.69791,0.75199187
2020-02-19T12:00:00Z,0.0,-63.48959,-55.69791,0.810825
2020-02-20T12:00:00Z,0.0,-63.48959,-55.69791,0.74079895
2020-02-21T12:00:00Z,0.0,-63.48959,-55.69791,0.7313973
2020-02-22T12:00:00Z,0.0,-63.48959,-55.69791,0.6097212
2020-02-23T12:00:00Z,0.0,-63.48959,-55.69791,0.670597
2020-02-24T12:00:00Z,0.0,-63.48959,-55.69791,0.71408933
2020-02-25T12:00:00Z,0.0,-63.48959,-55.69791,0.6848367
2020-02-26T12:00:00Z,0.0,-63.48959,-55.69791,0.70341915
2020-02-27T12:00:00Z,0.0,-63.48959,-55.69791,0.5817751
2020-02-28T12:00:00Z,0.0,-63.48959,-55.69791,0.6060058
2020-02-29T12:00:00Z,0.0,-63.48959,-55.69791,0.64781904
2020-03-01T12:00:00Z,0.0,-63.48959,-55.69791,0.5377247
2020-03-02T12:00:00Z,0.0,-63.48959,-55.69791,0.5659239
2020-03-03T12:00:00Z,0.0,-63.48959,-55.69791,0.33457068
2020-03-04T12:00:00Z,0.0,-63.48959,-55.69791,0.26406097
2020-03-05T12:00:00Z,0.0,-63.48959,-55.69791,0.31849238
2020-03-06T12:00:00Z,0.0,-63.48959,-55.69791,0.31718364
2020-03-07T12:00:00Z,0.0,-63.48959,-55.69791,0.32535833
2020-03-08T12:00:00Z,0.0,-63.48959,-55.69791,0.24601144
2020-03-09T12:00:00Z,0.0,-63.48959,-55.69791,0.25044686
2020-03-10T12:00:00Z,0.0,-63.48959,-55.69791,0.24259898
2020-03-11T12:00:00Z,0.0,-63.48959,-55.69791,0.3064154
2020-03-12T12:00:00Z,0.0,-63.48959,-55.69791,0.29724914
2020-03-13T12:00:00Z,0.0,-63.48959,-55.69791,0.278924
2020-03-14T12:00:00Z,0.0,-63.48959,-55.69791,0.2798814
2020-03-15T12:00:00Z,0.0,-63.48959,-55.69791,0.27496198
2020-03-16T12:00:00Z,0.0,-63.48959,-55.69791,0.28215203
2020-03-17T12:00:00Z,0.0,-63.48959,-55.69791,0.29682708
2020-03-18T12:00:00Z,0.0,-63.48959,-55.69791,NaN
2020-03-19T12:00:00Z,0.0,-63.48959,-55.69791,NaN
2020-03-20T12:00:00Z,0.0,-63.48959,-55.69791,NaN
2020-03-21T12:00:00Z,0.0,-63.48959,-55.69791,NaN
2020-03-22T12:00:00Z,0.0,-63.48959,-55.69791,NaN
2020-03-23T12:00:00Z,0.0,-63.48959,-55.69791,NaN
2020-03-24T12:00:00Z,0.0,-63.48959,-55.69791,NaN
2020-03-25T12:00:00Z,0.0,-63.48959,-55.69791,NaN
2020-03-26T12:00:00Z,0.0,-63.48959,-55.69791,NaN
2020-03-27T12:00:00Z,0.0,-63.48959,-55.69791,NaN
2020-03-28T12:00:00Z,0.0,-63.48959,-55.69791,NaN
2020-03-29T12:00:00Z,0.0,-63.48959,-55.69791,NaN
2020-03-30T12:00:00Z,0.0,-63.48959,-55.69791,NaN
2020-03-31T12:00:00Z,0.0,-63.48959,-55.69791,NaN
2020-04-01T12:00:00Z,0.0,-63.48959,-55.69791,NaN
2020-04-02T12:00:00Z,0.0,-63.48959,-55.69791,NaN
2020-04-03T12:00:00Z,0.0,-63.48959,-55.69791,NaN
2020-04-04T12:00:00Z,0.0,-63.48959,-55.69791,NaN
2020-04-05T12:00:00Z,0.0,-63.48959,-55.69791,NaN
2020-04-06T12:00:00Z,0.0,-63.48959,-55.69791,NaN
2020-04-07T12:00:00Z,0.0,-63.48959,-55.69791,NaN
2020-04-08T12:00:00Z,0.0,-63.48959,-55.69791,NaN
2020-04-09T12:00:00Z,0.0,-63.48959,-55.69791,NaN
2020-04-10T12:00:00Z,0.0,-63.48959,-55.69791,NaN
2020-04-11T12:00:00Z,0.0,-63.48959,-55.69791,NaN
2020-04-12T12:00:00Z,0.0,-63.48959,-55.69791,NaN
2020-04-13T12:00:00Z,0.0,-63.48959,-55.69791,NaN
2020-04-14T12:00:00Z,0.0,-63.48959,-55.69791,NaN
2020-04-15T12:00:00Z,0.0,-63.48959,-55.69791,NaN
2020-04-16T12:00:00Z,0.0,-63.48959,-55.69791,NaN
2020-04-17T12:00:00Z,0.0,-63.48959,-55.69791,NaN
2020-04-18T12:00:00Z,0.0,-63.48959,-55.69791,NaN
2020-04-19T12:00:00Z,0.0,-63.48959,-55.69791,NaN
2020-04-20T12:00:00Z,0.0,-63.48959,-55.69791,NaN
2020-04-21T12:00:00Z,0.0,-63.48959,-55.69791,NaN
2020-04-22T12:00:00Z,0.0,-63.48959,-55.69791,NaN
2020-04-23T12:00:00Z,0.0,-63.48959,-55.69791,NaN
2020-04-24T12:00:00Z,0.0,-63.48959,-55.69791,NaN
2020-04-25T12:00:00Z,0.0,-63.48959,-55.69791,NaN
2020-04-26T12:00:00Z,0.0,-63.48959,-55.69791,NaN
2020-04-27T12:00:00Z,0.0,-63.48959,-55.69791,NaN
2020-04-28T12:00:00Z,0.0,-63.48959,-55.69791,NaN
2020-04-29T12:00:00Z,0.0,-63.48959,-55.69791,NaN
2020-04-30T12:00:00Z,0.0,-63.48959,-55.69791,NaN
2020-05-01T12:00:00Z,0.0,-63.48959,-55.69791,NaN
2020-05-02T12:00:00Z,0.0,-63.48959,-55.69791,NaN
2020-05-03T12:00:00Z,0.0,-63.48959,-55.69791,NaN
2020-05-04T12:00:00Z,0.0,-63.48959,-55.69791,NaN
2020-05-05T12:00:00Z,0.0,-63.48959,-55.69791,NaN
2020-05-06T12:00:00Z,0.0,-63.48959,-55.69791,NaN
2020-05-07T12:00:00Z,0.0,-63.48959,-55.69791,NaN
2020-05-08T12:00:00Z,0.0,-63.48959,-55.69791,NaN
2020-05-09T12:00:00Z,0.0,-63.48959,-55.69791,NaN
2020-05-10T12:00:00Z,0.0,-63.48959,-55.69791,NaN
2020-05-11T12:00:00Z,0.0,-63.48959,-55.69791,NaN
2020-05-12T12:00:00Z,0.0,-63.48959,-55.69791,NaN
2020-05-13T12:00:00Z,0.0,-63.48959,-55.69791,NaN
2020-05-14T12:00:00Z,0.0,-63.48959,-55.69791,NaN
2020-05-15T12:00:00Z,0.0,-63.48959,-55.69791,NaN
2020-05-16T12:00:00Z,0.0,-63.48959,-55.69791,NaN
2020-05-17T12:00:00Z,0.0,-63.48959,-55.69791,NaN
2020-05-18T12:00:00Z,0.0,-63.48959,-55.69791,NaN
2020-05-19T12:00:00Z,0.0,-63.48959,-55.69791,NaN
2020-05-20T12:00:00Z,0.0,-63.48959,-55.69791,NaN
2020-05-21T12:00:00Z,0.0,-63.48959,-55.69791,NaN
2020-05-22T12:00:00Z,0.0,-63.48959,-55.69791,NaN
2020-05-23T12:00:00Z,0.0,-63.48959,-55.69791,NaN
2020-05-24T12:00:00Z,0.0,-63.48959,-55.69791,NaN
2020-05-25T12:00:00Z,0.0,-63.48959,-55.69791,NaN
2020-05-26T12:00:00Z,0.0,-63.48959,-55.69791,NaN
2020-05-27T12:00:00Z,0.0,-63.48959,-55.69791,NaN
2020-05-28T12:00:00Z,0.0,-63.48959,-55.69791,NaN
2020-05-29T12:00:00Z,0.0,-63.48959,-55.69791,NaN
2020-05-30T12:00:00Z,0.0,-63.48959,-55.69791,NaN
2020-05-31T12:00:00Z,0.0,-63.48959,-55.69791,NaN
2020-06-01T12:00:00Z,0.0,-63.48959,-55.69791,NaN
2020-06-02T12:00:00Z,0.0,-63.48959,-55.69791,NaN
2020-06-03T12:00:00Z,0.0,-63.48959,-55.69791,NaN
2020-06-04T12:00:00Z,0.0,-63.48959,-55.69791,NaN
2020-06-05T12:00:00Z,0.0,-63.48959,-55.69791,NaN
2020-06-06T12:00:00Z,0.0,-63.48959,-55.69791,NaN
2020-06-07T12:00:00Z,0.0,-63.48959,-55.69791,NaN
2020-06-08T12:00:00Z,0.0,-63.48959,-55.69791,NaN
2020-06-09T12:00:00Z,0.0,-63.48959,-55.69791,NaN
2020-06-10T12:00:00Z,0.0,-63.48959,-55.69791,NaN
2020-06-11T12:00:00Z,0.0,-63.48959,-55.69791,NaN
2020-06-12T12:00:00Z,0.0,-63.48959,-55.69791,NaN
2020-06-13T12:00:00Z,0.0,-63.48959,-55.69791,NaN
2020-06-14T12:00:00Z,0.0,-63.48959,-55.69791,NaN
2020-06-15T12:00:00Z,0.0,-63.48959,-55.69791,NaN
2020-06-16T12:00:00Z,0.0,-63.48959,-55.69791,NaN
2020-06-17T12:00:00Z,0.0,-63.48959,-55.69791,NaN
2020-06-18T12:00:00Z,0.0,-63.48959,-55.69791,NaN
2020-06-19T12:00:00Z,0.0,-63.48959,-55.69791,NaN
2020-06-20T12:00:00Z,0.0,-63.48959,-55.69791,NaN
2020-06-21T12:00:00Z,0.0,-63.48959,-55.69791,NaN
2020-06-22T12:00:00Z,0.0,-63.48959,-55.69791,NaN
2020-06-23T12:00:00Z,0.0,-63.48959,-55.69791,NaN
2020-06-24T12:00:00Z,0.0,-63.48959,-55.69791,NaN
2020-06-25T12:00:00Z,0.0,-63.48959,-55.69791,NaN
2020-06-26T12:00:00Z,0.0,-63.48959,-55.69791,NaN
2020-06-27T12:00:00Z,0.0,-63.48959,-55.69791,NaN
2020-06-28T12:00:00Z,0.0,-63.48959,-55.69791,NaN
2020-06-29T12:00:00Z,0.0,-63.48959,-55.69791,NaN
2020-06-30T12:00:00Z,0.0,-63.48959,-55.69791,NaN
2020-07-01T12:00:00Z,0.0,-63.48959,-55.69791,NaN
2020-07-02T12:00:00Z,0.0,-63.48959,-55.69791,NaN
2020-07-03T12:00:00Z,0.0,-63.48959,-55.69791,NaN
2020-07-04T12:00:00Z,0.0,-63.48959,-55.69791,NaN
2020-07-05T12:00:00Z,0.0,-63.48959,-55.69791,NaN
2020-07-06T12:00:00Z,0.0,-63.48959,-55.69791,NaN
2020-07-07T12:00:00Z,0.0,-63.48959,-55.69791,NaN
2020-07-08T12:00:00Z,0.0,-63.48959,-55.69791,NaN
2020-07-09T12:00:00Z,0.0,-63.48959,-55.69791,NaN
2020-07-10T12:00:00Z,0.0,-63.48959,-55.69791,NaN
2020-07-11T12:00:00Z,0.0,-63.48959,-55.69791,NaN
2020-07-12T12:00:00Z,0.0,-63.48959,-55.69791,NaN
2020-07-13T12:00:00Z,0.0,-63.48959,-55.69791,NaN
2020-07-14T12:00:00Z,0.0,-63.48959,-55.69791,NaN
2020-07-15T12:00:00Z,0.0,-63.48959,-55.69791,NaN
2020-07-16T12:00:00Z,0.0,-63.48959,-55.69791,NaN
2020-07-17T12:00:00Z,0.0,-63.48959,-55.69791,NaN
2020-07-18T12:00:00Z,0.0,-63.48959,-55.69791,NaN
2020-07-19T12:00:00Z,0.0,-63.48959,-55.69791,NaN
2020-07-20T12:00:00Z,0.0,-63.48959,-55.69791,NaN
2020-07-21T12:00:00Z,0.0,-63.48959,-55.69791,NaN
2020-07-22T12:00:00Z,0.0,-63.48959,-55.69791,NaN
2020-07-23T12:00:00Z,0.0,-63.48959,-55.69791,NaN
2020-07-24T12:00:00Z,0.0,-63.48959,-55.69791,NaN
2020-07-25T12:00:00Z,0.0,-63.48959,-55.69791,NaN
2020-07-26T12:00:00Z,0.0,-63.48959,-55.69791,NaN
2020-07-27T12:00:00Z,0.0,-63.48959,-55.69791,NaN
2020-07-28T12:00:00Z,0.0,-63.48959,-55.69791,NaN
2020-07-29T12:00:00Z,0.0,-63.48959,-55.69791,NaN
2020-07-30T12:00:00Z,0.0,-63.48959,-55.69791,NaN
2020-07-31T12:00:00Z,0.0,-63.48959,-55.69791,NaN
2020-08-01T12:00:00Z,0.0,-63.48959,-55.69791,NaN
2020-08-02T12:00:00Z,0.0,-63.48959,-55.69791,NaN
2020-08-03T12:00:00Z,0.0,-63.48959,-55.69791,NaN
2020-08-04T12:00:00Z,0.0,-63.48959,-55.69791,NaN
2020-08-05T12:00:00Z,0.0,-63.48959,-55.69791,NaN
2020-08-06T12:00:00Z,0.0,-63.48959,-55.69791,NaN
2020-08-07T12:00:00Z,0.0,-63.48959,-55.69791,NaN
2020-08-08T12:00:00Z,0.0,-63.48959,-55.69791,NaN
2020-08-09T12:00:00Z,0.0,-63.48959,-55.69791,NaN
2020-08-10T12:00:00Z,0.0,-63.48959,-55.69791,NaN
2020-08-11T12:00:00Z,0.0,-63.48959,-55.69791,NaN
2020-08-12T12:00:00Z,0.0,-63.48959,-55.69791,NaN
2020-08-13T12:00:00Z,0.0,-63.48959,-55.69791,NaN
2020-08-14T12:00:00Z,0.0,-63.48959,-55.69791,NaN
2020-08-15T12:00:00Z,0.0,-63.48959,-55.69791,NaN
2020-08-16T12:00:00Z,0.0,-63.48959,-55.69791,NaN
2020-08-17T12:00:00Z,0.0,-63.48959,-55.69791,NaN
2020-08-18T12:00:00Z,0.0,-63.48959,-55.69791,NaN
2020-08-19T12:00:00Z,0.0,-63.48959,-55.69791,NaN
2020-08-20T12:00:00Z,0.0,-63.48959,-55.69791,NaN
2020-08-21T12:00:00Z,0.0,-63.48959,-55.69791,NaN
2020-08-22T12:00:00Z,0.0,-63.48959,-55.69791,NaN
2020-08-23T12:00:00Z,0.0,-63.48959,-55.69791,NaN
2020-08-24T12:00:00Z,0.0,-63.48959,-55.69791,NaN
2020-08-25T12:00:00Z,0.0,-63.48959,-55.69791,NaN
2020-08-26T12:00:00Z,0.0,-63.48959,-55.69791,NaN
2020-08-27T12:00:00Z,0.0,-63.48959,-55.69791,NaN
2020-08-28T12:00:00Z,0.0,-63.48959,-55.69791,NaN
2020-08-29T12:00:00Z,0.0,-63.48959,-55.69791,NaN
2020-08-30T12:00:00Z,0.0,-63.48959,-55.69791,NaN
2020-08-31T12:00:00Z,0.0,-63.48959,-55.69791,NaN
2020-09-01T12:00:00Z,0.0,-63.48959,-55.69791,NaN
2020-09-02T12:00:00Z,0.0,-63.48959,-55.69791,NaN
2020-09-03T12:00:00Z,0.0,-63.48959,-55.69791,NaN
2020-09-04T12:00:00Z,0.0,-63.48959,-55.69791,NaN
2020-09-05T12:00:00Z,0.0,-63.48959,-55.69791,NaN
2020-09-06T12:00:00Z,0.0,-63.48959,-55.69791,NaN
2020-09-07T12:00:00Z,0.0,-63.48959,-55.69791,NaN
2020-09-08T12:00:00Z,0.0,-63.48959,-55.69791,NaN
2020-09-09T12:00:00Z,0.0,-63.48959,-55.69791,NaN
2020-09-10T12:00:00Z,0.0,-63.48959,-55.69791,NaN
2020-09-11T12:00:00Z,0.0,-63.48959,-55.69791,NaN
2020-09-12T12:00:00Z,0.0,-63.48959,-55.69791,NaN
2020-09-13T12:00:00Z,0.0,-63.48959,-55.69791,NaN
2020-09-14T12:00:00Z,0.0,-63.48959,-55.69791,NaN
2020-09-15T12:00:00Z,0.0,-63.48959,-55.69791,NaN
2020-09-16T12:00:00Z,0.0,-63.48959,-55.69791,NaN
2020-09-17T12:00:00Z,0.0,-63.48959,-55.69791,NaN
2020-09-18T12:00:00Z,0.0,-63.48959,-55.69791,NaN
2020-09-19T12:00:00Z,0.0,-63.48959,-55.69791,NaN
2020-09-20T12:00:00Z,0.0,-63.48959,-55.69791,NaN
2020-09-21T12:00:00Z,0.0,-63.48959,-55.69791,NaN
2020-09-22T12:00:00Z,0.0,-63.48959,-55.69791,NaN
2020-09-23T12:00:00Z,0.0,-63.48959,-55.69791,NaN
2020-09-24T12:00:00Z,0.0,-63.48959,-55.69791,NaN
2020-09-25T12:00:00Z,0.0,-63.48959,-55.69791,NaN
2020-09-26T12:00:00Z,0.0,-63.48959,-55.69791,NaN
2020-09-27T12:00:00Z,0.0,-63.48959,-55.69791,NaN
2020-09-28T12:00:00Z,0.0,-63.48959,-55.69791,NaN
2020-09-29T12:00:00Z,0.0,-63.48959,-55.69791,NaN
2020-09-30T12:00:00Z,0.0,-63.48959,-55.69791,NaN
2020-10-01T12:00:00Z,0.0,-63.48959,-55.69791,NaN
2020-10-02T12:00:00Z,0.0,-63.48959,-55.69791,NaN
2020-10-03T12:00:00Z,0.0,-63.48959,-55.69791,NaN
2020-10-04T12:00:00Z,0.0,-63.48959,-55.69791,NaN
2020-10-05T12:00:00Z,0.0,-63.48959,-55.69791,NaN
2020-10-06T12:00:00Z,0.0,-63.48959,-55.69791,NaN
2020-10-07T12:00:00Z,0.0,-63.48959,-55.69791,NaN
2020-10-08T12:00:00Z,0.0,-63.48959,-55.69791,NaN
2020-10-09T12:00:00Z,0.0,-63.48959,-55.69791,NaN
2020-10-10T12:00:00Z,0.0,-63.48959,-55.69791,NaN
2020-10-11T12:00:00Z,0.0,-63.48959,-55.69791,NaN
2020-10-12T12:00:00Z,0.0,-63.48959,-55.69791,NaN
2020-10-13T12:00:00Z,0.0,-63.48959,-55.69791,NaN
2020-10-14T12:00:00Z,0.0,-63.48959,-55.69791,NaN
2020-10-15T12:00:00Z,0.0,-63.48959,-55.69791,0.16268118
2020-10-16T12:00:00Z,0.0,-63.48959,-55.69791,0.16300754
2020-10-17T12:00:00Z,0.0,-63.48959,-55.69791,0.16354358
2020-10-18T12:00:00Z,0.0,-63.48959,-55.69791,0.1641485
2020-10-19T12:00:00Z,0.0,-63.48959,-55.69791,0.16433816
2020-10-20T12:00:00Z,0.0,-63.48959,-55.69791,0.16389771
2020-10-21T12:00:00Z,0.0,-63.48959,-55.69791,0.16419244
2020-10-22T12:00:00Z,0.0,-63.48959,-55.69791,0.16485754
2020-10-23T12:00:00Z,0.0,-63.48959,-55.69791,0.16535349
2020-10-24T12:00:00Z,0.0,-63.48959,-55.69791,0.1663552
2020-10-25T12:00:00Z,0.0,-63.48959,-55.69791,0.16635753
2020-10-26T12:00:00Z,0.0,-63.48959,-55.69791,0.16683716
2020-10-27T12:00:00Z,0.0,-63.48959,-55.69791,0.16661605
2020-10-28T12:00:00Z,0.0,-63.48959,-55.69791,0.17321295
2020-10-29T12:00:00Z,0.0,-63.48959,-55.69791,0.16775145
2020-10-30T12:00:00Z,0.0,-63.48959,-55.69791,0.16768022
2020-10-31T12:00:00Z,0.0,-63.48959,-55.69791,0.17159049
2020-11-01T12:00:00Z,0.0,-63.48959,-55.69791,0.16766527
2020-11-02T12:00:00Z,0.0,-63.48959,-55.69791,0.16799238
2020-11-03T12:00:00Z,0.0,-63.48959,-55.69791,0.17396192
2020-11-04T12:00:00Z,0.0,-63.48959,-55.69791,0.17564805
2020-11-05T12:00:00Z,0.0,-63.48959,-55.69791,0.17226899
2020-11-06T12:00:00Z,0.0,-63.48959,-55.69791,0.042096008
2020-11-07T12:00:00Z,0.0,-63.48959,-55.69791,0.040980298
2020-11-08T12:00:00Z,0.0,-63.48959,-55.69791,0.046347138
2020-11-09T12:00:00Z,0.0,-63.48959,-55.69791,0.07335848
2020-11-10T12:00:00Z,0.0,-63.48959,-55.69791,0.102985725
2020-11-11T12:00:00Z,0.0,-63.48959,-55.69791,0.110416725
2020-11-12T12:00:00Z,0.0,-63.48959,-55.69791,0.13571675
2020-11-13T12:00:00Z,0.0,-63.48959,-55.69791,0.13717845
2020-11-14T12:00:00Z,0.0,-63.48959,-55.69791,0.12789263
2020-11-15T12:00:00Z,0.0,-63.48959,-55.69791,0.13324688
2020-11-16T12:00:00Z,0.0,-63.48959,-55.69791,0.13476513
2020-11-17T12:00:00Z,0.0,-63.48959,-55.69791,0.13592964
2020-11-18T12:00:00Z,0.0,-63.48959,-55.69791,0.13932481
2020-11-19T12:00:00Z,0.0,-63.48959,-55.69791,0.14556557
2020-11-20T12:00:00Z,0.0,-63.48959,-55.69791,0.1427205
2020-11-21T12:00:00Z,0.0,-63.48959,-55.69791,0.16766088
2020-11-22T12:00:00Z,0.0,-63.48959,-55.69791,0.17617618
2020-11-23T12:00:00Z,0.0,-63.48959,-55.69791,0.1756672
2020-11-24T12:00:00Z,0.0,-63.48959,-55.69791,0.4116192
2020-11-25T12:00:00Z,0.0,-63.48959,-55.69791,0.33764908
2020-11-26T12:00:00Z,0.0,-63.48959,-55.69791,0.4400331
2020-11-27T12:00:00Z,0.0,-63.48959,-55.69791,0.41681957
2020-11-28T12:00:00Z,0.0,-63.48959,-55.69791,0.39681643
2020-11-29T12:00:00Z,0.0,-63.48959,-55.69791,0.33843684
2020-11-30T12:00:00Z,0.0,-63.48959,-55.69791,0.28307387
2020-12-01T12:00:00Z,0.0,-63.48959,-55.69791,0.2739825
2020-12-02T12:00:00Z,0.0,-63.48959,-55.69791,0.30055374
2020-12-03T12:00:00Z,0.0,-63.48959,-55.69791,0.33388335
2020-12-04T12:00:00Z,0.0,-63.48959,-55.69791,0.36992097
2020-12-05T12:00:00Z,0.0,-63.48959,-55.69791,0.36430117
2020-12-06T12:00:00Z,0.0,-63.48959,-55.69791,0.30125502
2020-12-07T12:00:00Z,0.0,-63.48959,-55.69791,0.33160463
2020-12-08T12:00:00Z,0.0,-63.48959,-55.69791,0.46664324
2020-12-09T12:00:00Z,0.0,-63.48959,-55.69791,0.42078298
2020-12-10T12:00:00Z,0.0,-63.48959,-55.69791,0.45951214
2020-12-11T12:00:00Z,0.0,-63.48959,-55.69791,0.47871312
2020-12-12T12:00:00Z,0.0,-63.48959,-55.69791,0.5837275
2020-12-13T12:00:00Z,0.0,-63.48959,-55.69791,0.5571415
2020-12-14T12:00:00Z,0.0,-63.48959,-55.69791,0.53254104
2020-12-15T12:00:00Z,0.0,-63.48959,-55.69791,0.5761163
2020-12-16T12:00:00Z,0.0,-63.48959,-55.69791,0.5385741
2020-12-17T12:00:00Z,0.0,-63.48959,-55.69791,0.49603134
2020-12-18T12:00:00Z,0.0,-63.48959,-55.69791,0.48536134
2020-12-19T12:00:00Z,0.0,-63.48959,-55.69791,0.51168054
2020-12-20T12:00:00Z,0.0,-63.48959,-55.69791,0.4712693
2020-12-21T12:00:00Z,0.0,-63.48959,-55.69791,0.54733664
2020-12-22T12:00:00Z,0.0,-63.48959,-55.69791,0.6029427
2020-12-23T12:00:00Z,0.0,-63.48959,-55.69791,0.6432485
2020-12-24T12:00:00Z,0.0,-63.48959,-55.69791,0.6558527
2020-12-25T12:00:00Z,0.0,-63.48959,-55.69791,0.88302463
2020-12-26T12:00:00Z,0.0,-63.48959,-55.69791,0.89010733
2020-12-27T12:00:00Z,0.0,-63.48959,-55.69791,0.9102274
2020-12-28T12:00:00Z,0.0,-63.48959,-55.69791,0.8907338
2020-12-29T12:00:00Z,0.0,-63.48959,-55.69791,0.75733596
2020-12-30T12:00:00Z,0.0,-63.48959,-55.69791,0.84265506
2020-12-31T12:00:00Z,0.0,-63.48959,-55.69791,0.82133746
2021-01-01T12:00:00Z,0.0,-63.48959,-55.69791,0.7579425
2021-01-02T12:00:00Z,0.0,-63.48959,-55.69791,0.756646
2021-01-03T12:00:00Z,0.0,-63.48959,-55.69791,0.80692923
2021-01-04T12:00:00Z,0.0,-63.48959,-55.69791,0.7145901
2021-01-05T12:00:00Z,0.0,-63.48959,-55.69791,0.7031029
2021-01-06T12:00:00Z,0.0,-63.48959,-55.69791,0.6968768
2021-01-07T12:00:00Z,0.0,-63.48959,-55.69791,0.73023933
2021-01-08T12:00:00Z,0.0,-63.48959,-55.69791,0.6045281
2021-01-09T12:00:00Z,0.0,-63.48959,-55.69791,0.57669365
2021-01-10T12:00:00Z,0.0,-63.48959,-55.69791,0.5745827
2021-01-11T12:00:00Z,0.0,-63.48959,-55.69791,0.59033614
2021-01-12T12:00:00Z,0.0,-63.48959,-55.69791,0.6007277
2021-01-13T12:00:00Z,0.0,-63.48959,-55.69791,0.46763924
2021-01-14T12:00:00Z,0.0,-63.48959,-55.69791,0.42605594
2021-01-15T12:00:00Z,0.0,-63.48959,-55.69791,0.36170274
2021-01-16T12:00:00Z,0.0,-63.48959,-55.69791,0.32382685
2021-01-17T12:00:00Z,0.0,-63.48959,-55.69791,0.34148765
2021-01-18T12:00:00Z,0.0,-63.48959,-55.69791,0.29934368
2021-01-19T12:00:00Z,0.0,-63.48959,-55.69791,0.27167228
2021-01-20T12:00:00Z,0.0,-63.48959,-55.69791,0.24530865
2021-01-21T12:00:00Z,0.0,-63.48959,-55.69791,0.26234794
2021-01-22T12:00:00Z,0.0,-63.48959,-55.69791,0.2931953
2021-01-23T12:00:00Z,0.0,-63.48959,-55.69791,0.25000578
2021-01-24T12:00:00Z,0.0,-63.48959,-55.69791,0.2670478
2021-01-25T12:00:00Z,0.0,-63.48959,-55.69791,0.2928225
2021-01-26T12:00:00Z,0.0,-63.48959,-55.69791,0.28372866
2021-01-27T12:00:00Z,0.0,-63.48959,-55.69791,0.25478622
2021-01-28T12:00:00Z,0.0,-63.48959,-55.69791,0.25700113
2021-01-29T12:00:00Z,0.0,-63.48959,-55.69791,0.2647558
2021-01-30T12:00:00Z,0.0,-63.48959,-55.69791,0.24908178
2021-01-31T12:00:00Z,0.0,-63.48959,-55.69791,0.27518713
2021-02-01T12:00:00Z,0.0,-63.48959,-55.69791,0.27406338
2021-02-02T12:00:00Z,0.0,-63.48959,-55.69791,0.21670622
2021-02-03T12:00:00Z,0.0,-63.48959,-55.69791,0.23693538
2021-02-04T12:00:00Z,0.0,-63.48959,-55.69791,0.23357731
2021-02-05T12:00:00Z,0.0,-63.48959,-55.69791,0.22784564
2021-02-06T12:00:00Z,0.0,-63.48959,-55.69791,0.22583838
2021-02-07T12:00:00Z,0.0,-63.48959,-55.69791,0.22845739
2021-02-08T12:00:00Z,0.0,-63.48959,-55.69791,0.2777486
2021-02-09T12:00:00Z,0.0,-63.48959,-55.69791,0.2876695
2021-02-10T12:00:00Z,0.0,-63.48959,-55.69791,0.28920403
2021-02-11T12:00:00Z,0.0,-63.48959,-55.69791,0.3316768
2021-02-12T12:00:00Z,0.0,-63.48959,-55.69791,0.35074505
2021-02-13T12:00:00Z,0.0,-63.48959,-55.69791,0.39207006
2021-02-14T12:00:00Z,0.0,-63.48959,-55.69791,0.40866283
2021-02-15T12:00:00Z,0.0,-63.48959,-55.69791,0.42263657
2021-02-16T12:00:00Z,0.0,-63.48959,-55.69791,0.4556163
2021-02-17T12:00:00Z,0.0,-63.48959,-55.69791,0.47583285
2021-02-18T12:00:00Z,0.0,-63.48959,-55.69791,0.46459708
2021-02-19T12:00:00Z,0.0,-63.48959,-55.69791,0.47379914
2021-02-20T12:00:00Z,0.0,-63.48959,-55.69791,0.5647905
2021-02-21T12:00:00Z,0.0,-63.48959,-55.69791,0.6197393
2021-02-22T12:00:00Z,0.0,-63.48959,-55.69791,0.71235526
2021-02-23T12:00:00Z,0.0,-63.48959,-55.69791,0.70204294
2021-02-24T12:00:00Z,0.0,-63.48959,-55.69791,0.7012879
2021-02-25T12:00:00Z,0.0,-63.48959,-55.69791,0.6955447
2021-02-26T12:00:00Z,0.0,-63.48959,-55.69791,0.6533217
2021-02-27T12:00:00Z,0.0,-63.48959,-55.69791,0.8370664
2021-02-28T12:00:00Z,0.0,-63.48959,-55.69791,0.61646914
2021-03-01T12:00:00Z,0.0,-63.48959,-55.69791,0.7365138
2021-03-02T12:00:00Z,0.0,-63.48959,-55.69791,0.6767666
2021-03-03T12:00:00Z,0.0,-63.48959,-55.69791,0.6952633
2021-03-04T12:00:00Z,0.0,-63.48959,-55.69791,0.6939254
2021-03-05T12:00:00Z,0.0,-63.48959,-55.69791,0.53817105
2021-03-06T12:00:00Z,0.0,-63.48959,-55.69791,0.49531358
2021-03-07T12:00:00Z,0.0,-63.48959,-55.69791,0.48303714
2021-03-08T12:00:00Z,0.0,-63.48959,-55.69791,0.5232546
2021-03-09T12:00:00Z,0.0,-63.48959,-55.69791,0.45320365
2021-03-10T12:00:00Z,0.0,-63.48959,-55.69791,0.4486128
2021-03-11T12:00:00Z,0.0,-63.48959,-55.69791,0.47209987
2021-03-12T12:00:00Z,0.0,-63.48959,-55.69791,0.48533225
2021-03-13T12:00:00Z,0.0,-63.48959,-55.69791,0.4383171
2021-03-14T12:00:00Z,0.0,-63.48959,-55.69791,0.32362822
2021-03-15T12:00:00Z,0.0,-63.48959,-55.69791,0.3409374
2021-03-16T12:00:00Z,0.0,-63.48959,-55.69791,0.35402617
2021-03-17T12:00:00Z,0.0,-63.48959,-55.69791,0.3187579
2021-03-18T12:00:00Z,0.0,-63.48959,-55.69791,0.31028613
2021-03-19T12:00:00Z,0.0,-63.48959,-55.69791,NaN
2021-03-20T12:00:00Z,0.0,-63.48959,-55.69791,NaN
2021-03-21T12:00:00Z,0.0,-63.48959,-55.69791,NaN
2021-03-22T12:00:00Z,0.0,-63.48959,-55.69791,NaN
2021-03-23T12:00:00Z,0.0,-63.48959,-55.69791,NaN
2021-03-24T12:00:00Z,0.0,-63.48959,-55.69791,NaN
2021-03-25T12:00:00Z,0.0,-63.48959,-55.69791,NaN
2021-03-26T12:00:00Z,0.0,-63.48959,-55.69791,NaN
2021-03-27T12:00:00Z,0.0,-63.48959,-55.69791,NaN
2021-03-28T12:00:00Z,0.0,-63.48959,-55.69791,NaN
2021-03-29T12:00:00Z,0.0,-63.48959,-55.69791,NaN
2021-03-30T12:00:00Z,0.0,-63.48959,-55.69791,NaN
2021-03-31T12:00:00Z,0.0,-63.48959,-55.69791,NaN
2021-04-01T12:00:00Z,0.0,-63.48959,-55.69791,NaN
2021-04-02T12:00:00Z,0.0,-63.48959,-55.69791,NaN
2021-04-03T12:00:00Z,0.0,-63.48959,-55.69791,NaN
2021-04-04T12:00:00Z,0.0,-63.48959,-55.69791,NaN
2021-04-05T12:00:00Z,0.0,-63.48959,-55.69791,NaN
2021-04-06T12:00:00Z,0.0,-63.48959,-55.69791,NaN
2021-04-07T12:00:00Z,0.0,-63.48959,-55.69791,NaN
2021-04-08T12:00:00Z,0.0,-63.48959,-55.69791,NaN
2021-04-09T12:00:00Z,0.0,-63.48959,-55.69791,NaN
2021-04-10T12:00:00Z,0.0,-63.48959,-55.69791,NaN
2021-04-11T12:00:00Z,0.0,-63.48959,-55.69791,NaN
2021-04-12T12:00:00Z,0.0,-63.48959,-55.69791,NaN
2021-04-13T12:00:00Z,0.0,-63.48959,-55.69791,NaN
2021-04-14T12:00:00Z,0.0,-63.48959,-55.69791,NaN
2021-04-15T12:00:00Z,0.0,-63.48959,-55.69791,NaN
2021-04-16T12:00:00Z,0.0,-63.48959,-55.69791,NaN
2021-04-17T12:00:00Z,0.0,-63.48959,-55.69791,NaN
2021-04-18T12:00:00Z,0.0,-63.48959,-55.69791,NaN
2021-04-19T12:00:00Z,0.0,-63.48959,-55.69791,NaN
2021-04-20T12:00:00Z,0.0,-63.48959,-55.69791,NaN
2021-04-21T12:00:00Z,0.0,-63.48959,-55.69791,NaN
2021-04-22T12:00:00Z,0.0,-63.48959,-55.69791,NaN
2021-04-23T12:00:00Z,0.0,-63.48959,-55.69791,NaN
2021-04-24T12:00:00Z,0.0,-63.48959,-55.69791,NaN
2021-04-25T12:00:00Z,0.0,-63.48959,-55.69791,NaN
2021-04-26T12:00:00Z,0.0,-63.48959,-55.69791,NaN
2021-04-27T12:00:00Z,0.0,-63.48959,-55.69791,NaN
2021-04-28T12:00:00Z,0.0,-63.48959,-55.69791,NaN
2021-04-29T12:00:00Z,0.0,-63.48959,-55.69791,NaN
2021-04-30T12:00:00Z,0.0,-63.48959,-55.69791,NaN
2021-05-01T12:00:00Z,0.0,-63.48959,-55.69791,NaN
2021-05-02T12:00:00Z,0.0,-63.48959,-55.69791,NaN
2021-05-03T12:00:00Z,0.0,-63.48959,-55.69791,NaN
2021-05-04T12:00:00Z,0.0,-63.48959,-55.69791,NaN
2021-05-05T12:00:00Z,0.0,-63.48959,-55.69791,NaN
2021-05-06T12:00:00Z,0.0,-63.48959,-55.69791,NaN
2021-05-07T12:00:00Z,0.0,-63.48959,-55.69791,NaN
2021-05-08T12:00:00Z,0.0,-63.48959,-55.69791,NaN
2021-05-09T12:00:00Z,0.0,-63.48959,-55.69791,NaN
2021-05-10T12:00:00Z,0.0,-63.48959,-55.69791,NaN
2021-05-11T12:00:00Z,0.0,-63.48959,-55.69791,NaN
2021-05-12T12:00:00Z,0.0,-63.48959,-55.69791,NaN
2021-05-13T12:00:00Z,0.0,-63.48959,-55.69791,NaN
2021-05-14T12:00:00Z,0.0,-63.48959,-55.69791,NaN
2021-05-15T12:00:00Z,0.0,-63.48959,-55.69791,NaN
2021-05-16T12:00:00Z,0.0,-63.48959,-55.69791,NaN
2021-05-17T12:00:00Z,0.0,-63.48959,-55.69791,NaN
2021-05-18T12:00:00Z,0.0,-63.48959,-55.69791,NaN
2021-05-19T12:00:00Z,0.0,-63.48959,-55.69791,NaN
2021-05-20T12:00:00Z,0.0,-63.48959,-55.69791,NaN
2021-05-21T12:00:00Z,0.0,-63.48959,-55.69791,NaN
2021-05-22T12:00:00Z,0.0,-63.48959,-55.69791,NaN
2021-05-23T12:00:00Z,0.0,-63.48959,-55.69791,NaN
2021-05-24T12:00:00Z,0.0,-63.48959,-55.69791,NaN
2021-05-25T12:00:00Z,0.0,-63.48959,-55.69791,NaN
2021-05-26T12:00:00Z,0.0,-63.48959,-55.69791,NaN
2021-05-27T12:00:00Z,0.0,-63.48959,-55.69791,NaN
2021-05-28T12:00:00Z,0.0,-63.48959,-55.69791,NaN
2021-05-29T12:00:00Z,0.0,-63.48959,-55.69791,NaN
2021-05-30T12:00:00Z,0.0,-63.48959,-55.69791,NaN
2021-05-31T12:00:00Z,0.0,-63.48959,-55.69791,NaN
2021-06-01T12:00:00Z,0.0,-63.48959,-55.69791,NaN
2021-06-02T12:00:00Z,0.0,-63.48959,-55.69791,NaN
2021-06-03T12:00:00Z,0.0,-63.48959,-55.69791,NaN
2021-06-04T12:00:00Z,0.0,-63.48959,-55.69791,NaN
2021-06-05T12:00:00Z,0.0,-63.48959,-55.69791,NaN
2021-06-06T12:00:00Z,0.0,-63.48959,-55.69791,NaN
2021-06-07T12:00:00Z,0.0,-63.48959,-55.69791,NaN
2021-06-08T12:00:00Z,0.0,-63.48959,-55.69791,NaN
2021-06-09T12:00:00Z,0.0,-63.48959,-55.69791,NaN
2021-06-10T12:00:00Z,0.0,-63.48959,-55.69791,NaN
2021-06-11T12:00:00Z,0.0,-63.48959,-55.69791,NaN
2021-06-12T12:00:00Z,0.0,-63.48959,-55.69791,NaN
2021-06-13T12:00:00Z,0.0,-63.48959,-55.69791,NaN
2021-06-14T12:00:00Z,0.0,-63.48959,-55.69791,NaN
2021-06-15T12:00:00Z,0.0,-63.48959,-55.69791,NaN
2021-06-16T12:00:00Z,0.0,-63.48959,-55.69791,NaN
2021-06-17T12:00:00Z,0.0,-63.48959,-55.69791,NaN
2021-06-18T12:00:00Z,0.0,-63.48959,-55.69791,NaN
2021-06-19T12:00:00Z,0.0,-63.48959,-55.69791,NaN
2021-06-20T12:00:00Z,0.0,-63.48959,-55.69791,NaN
2021-06-21T12:00:00Z,0.0,-63.48959,-55.69791,NaN
2021-06-22T12:00:00Z,0.0,-63.48959,-55.69791,NaN
2021-06-23T12:00:00Z,0.0,-63.48959,-55.69791,NaN
2021-06-24T12:00:00Z,0.0,-63.48959,-55.69791,NaN
2021-06-25T12:00:00Z,0.0,-63.48959,-55.69791,NaN
2021-06-26T12:00:00Z,0.0,-63.48959,-55.69791,NaN
2021-06-27T12:00:00Z,0.0,-63.48959,-55.69791,NaN
2021-06-28T12:00:00Z,0.0,-63.48959,-55.69791,NaN
2021-06-29T12:00:00Z,0.0,-63.48959,-55.69791,NaN
2021-06-30T12:00:00Z,0.0,-63.48959,-55.69791,NaN
2021-07-01T12:00:00Z,0.0,-63.48959,-55.69791,NaN
2021-07-02T12:00:00Z,0.0,-63.48959,-55.69791,NaN
2021-07-03T12:00:00Z,0.0,-63.48959,-55.69791,NaN
2021-07-04T12:00:00Z,0.0,-63.48959,-55.69791,NaN
2021-07-05T12:00:00Z,0.0,-63.48959,-55.69791,NaN
2021-07-06T12:00:00Z,0.0,-63.48959,-55.69791,NaN
2021-07-07T12:00:00Z,0.0,-63.48959,-55.69791,NaN
2021-07-08T12:00:00Z,0.0,-63.48959,-55.69791,NaN
2021-07-09T12:00:00Z,0.0,-63.48959,-55.69791,NaN
2021-07-10T12:00:00Z,0.0,-63.48959,-55.69791,NaN
2021-07-11T12:00:00Z,0.0,-63.48959,-55.69791,NaN
2021-07-12T12:00:00Z,0.0,-63.48959,-55.69791,NaN
2021-07-13T12:00:00Z,0.0,-63.48959,-55.69791,NaN
2021-07-14T12:00:00Z,0.0,-63.48959,-55.69791,NaN
2021-07-15T12:00:00Z,0.0,-63.48959,-55.69791,NaN
2021-07-16T12:00:00Z,0.0,-63.48959,-55.69791,NaN
2021-07-17T12:00:00Z,0.0,-63.48959,-55.69791,NaN
2021-07-18T12:00:00Z,0.0,-63.48959,-55.69791,NaN
2021-07-19T12:00:00Z,0.0,-63.48959,-55.69791,NaN
2021-07-20T12:00:00Z,0.0,-63.48959,-55.69791,NaN
2021-07-21T12:00:00Z,0.0,-63.48959,-55.69791,NaN
2021-07-22T12:00:00Z,0.0,-63.48959,-55.69791,NaN
2021-07-23T12:00:00Z,0.0,-63.48959,-55.69791,NaN
2021-07-24T12:00:00Z,0.0,-63.48959,-55.69791,NaN
2021-07-25T12:00:00Z,0.0,-63.48959,-55.69791,NaN
2021-07-26T12:00:00Z,0.0,-63.48959,-55.69791,NaN
2021-07-27T12:00:00Z,0.0,-63.48959,-55.69791,NaN
2021-07-28T12:00:00Z,0.0,-63.48959,-55.69791,NaN
2021-07-29T12:00:00Z,0.0,-63.48959,-55.69791,NaN
2021-07-30T12:00:00Z,0.0,-63.48959,-55.69791,NaN
2021-07-31T12:00:00Z,0.0,-63.48959,-55.69791,NaN
2021-08-01T12:00:00Z,0.0,-63.48959,-55.69791,NaN
2021-08-02T12:00:00Z,0.0,-63.48959,-55.69791,NaN
2021-08-03T12:00:00Z,0.0,-63.48959,-55.69791,NaN
2021-08-04T12:00:00Z,0.0,-63.48959,-55.69791,NaN
2021-08-05T12:00:00Z,0.0,-63.48959,-55.69791,NaN
2021-08-06T12:00:00Z,0.0,-63.48959,-55.69791,NaN
2021-08-07T12:00:00Z,0.0,-63.48959,-55.69791,NaN
2021-08-08T12:00:00Z,0.0,-63.48959,-55.69791,NaN
2021-08-09T12:00:00Z,0.0,-63.48959,-55.69791,NaN
2021-08-10T12:00:00Z,0.0,-63.48959,-55.69791,NaN
2021-08-11T12:00:00Z,0.0,-63.48959,-55.69791,NaN
2021-08-12T12:00:00Z,0.0,-63.48959,-55.69791,NaN
2021-08-13T12:00:00Z,0.0,-63.48959,-55.69791,NaN
2021-08-14T12:00:00Z,0.0,-63.48959,-55.69791,NaN
2021-08-15T12:00:00Z,0.0,-63.48959,-55.69791,NaN
2021-08-16T12:00:00Z,0.0,-63.48959,-55.69791,NaN
2021-08-17T12:00:00Z,0.0,-63.48959,-55.69791,NaN
2021-08-18T12:00:00Z,0.0,-63.48959,-55.69791,NaN
2021-08-19T12:00:00Z,0.0,-63.48959,-55.69791,NaN
2021-08-20T12:00:00Z,0.0,-63.48959,-55.69791,NaN
2021-08-21T12:00:00Z,0.0,-63.48959,-55.69791,NaN
2021-08-22T12:00:00Z,0.0,-63.48959,-55.69791,NaN
2021-08-23T12:00:00Z,0.0,-63.48959,-55.69791,NaN
2021-08-24T12:00:00Z,0.0,-63.48959,-55.69791,NaN
2021-08-25T12:00:00Z,0.0,-63.48959,-55.69791,NaN
2021-08-26T12:00:00Z,0.0,-63.48959,-55.69791,NaN
2021-08-27T12:00:00Z,0.0,-63.48959,-55.69791,NaN
2021-08-28T12:00:00Z,0.0,-63.48959,-55.69791,NaN
2021-08-29T12:00:00Z,0.0,-63.48959,-55.69791,NaN
2021-08-30T12:00:00Z,0.0,-63.48959,-55.69791,NaN
2021-08-31T12:00:00Z,0.0,-63.48959,-55.69791,NaN
2021-09-01T12:00:00Z,0.0,-63.48959,-55.69791,NaN
2021-09-02T12:00:00Z,0.0,-63.48959,-55.69791,NaN
2021-09-03T12:00:00Z,0.0,-63.48959,-55.69791,NaN
2021-09-04T12:00:00Z,0.0,-63.48959,-55.69791,NaN
2021-09-05T12:00:00Z,0.0,-63.48959,-55.69791,NaN
2021-09-06T12:00:00Z,0.0,-63.48959,-55.69791,NaN
2021-09-07T12:00:00Z,0.0,-63.48959,-55.69791,NaN
2021-09-08T12:00:00Z,0.0,-63.48959,-55.69791,NaN
2021-09-09T12:00:00Z,0.0,-63.48959,-55.69791,NaN
2021-09-10T12:00:00Z,0.0,-63.48959,-55.69791,NaN
2021-09-11T12:00:00Z,0.0,-63.48959,-55.69791,NaN
2021-09-12T12:00:00Z,0.0,-63.48959,-55.69791,NaN
2021-09-13T12:00:00Z,0.0,-63.48959,-55.69791,NaN
2021-09-14T12:00:00Z,0.0,-63.48959,-55.69791,NaN
2021-09-15T12:00:00Z,0.0,-63.48959,-55.69791,NaN
2021-09-16T12:00:00Z,0.0,-63.48959,-55.69791,NaN
2021-09-17T12:00:00Z,0.0,-63.48959,-55.69791,NaN
2021-09-18T12:00:00Z,0.0,-63.48959,-55.69791,NaN
2021-09-19T12:00:00Z,0.0,-63.48959,-55.69791,NaN
2021-09-20T12:00:00Z,0.0,-63.48959,-55.69791,NaN
2021-09-21T12:00:00Z,0.0,-63.48959,-55.69791,NaN
2021-09-22T12:00:00Z,0.0,-63.48959,-55.69791,NaN
2021-09-23T12:00:00Z,0.0,-63.48959,-55.69791,NaN
2021-09-24T12:00:00Z,0.0,-63.48959,-55.69791,NaN
2021-09-25T12:00:00Z,0.0,-63.48959,-55.69791,NaN
2021-09-26T12:00:00Z,0.0,-63.48959,-55.69791,NaN
2021-09-27T12:00:00Z,0.0,-63.48959,-55.69791,NaN
2021-09-28T12:00:00Z,0.0,-63.48959,-55.69791,NaN
2021-09-29T12:00:00Z,0.0,-63.48959,-55.69791,NaN
2021-09-30T12:00:00Z,0.0,-63.48959,-55.69791,NaN
2021-10-01T12:00:00Z,0.0,-63.48959,-55.69791,NaN
2021-10-02T12:00:00Z,0.0,-63.48959,-55.69791,NaN
2021-10-03T12:00:00Z,0.0,-63.48959,-55.69791,NaN
2021-10-04T12:00:00Z,0.0,-63.48959,-55.69791,NaN
2021-10-05T12:00:00Z,0.0,-63.48959,-55.69791,NaN
2021-10-06T12:00:00Z,0.0,-63.48959,-55.69791,NaN
2021-10-07T12:00:00Z,0.0,-63.48959,-55.69791,NaN
2021-10-08T12:00:00Z,0.0,-63.48959,-55.69791,NaN
2021-10-09T12:00:00Z,0.0,-63.48959,-55.69791,NaN
2021-10-10T12:00:00Z,0.0,-63.48959,-55.69791,NaN
2021-10-11T12:00:00Z,0.0,-63.48959,-55.69791,NaN
2021-10-12T12:00:00Z,0.0,-63.48959,-55.69791,NaN
2021-10-13T12:00:00Z,0.0,-63.48959,-55.69791,NaN
2021-10-14T12:00:00Z,0.0,-63.48959,-55.69791,NaN
2021-10-15T12:00:00Z,0.0,-63.48959,-55.69791,NaN
2021-10-16T12:00:00Z,0.0,-63.48959,-55.69791,0.100071736
2021-10-17T12:00:00Z,0.0,-63.48959,-55.69791,0.09985469
2021-10-18T12:00:00Z,0.0,-63.48959,-55.69791,0.15316376
2021-10-19T12:00:00Z,0.0,-63.48959,-55.69791,0.094037086
2021-10-20T12:00:00Z,0.0,-63.48959,-55.69791,0.0728287
2021-10-21T12:00:00Z,0.0,-63.48959,-55.69791,0.10836529
2021-10-22T12:00:00Z,0.0,-63.48959,-55.69791,0.12885949
2021-10-23T12:00:00Z,0.0,-63.48959,-55.69791,0.11001724
2021-10-24T12:00:00Z,0.0,-63.48959,-55.69791,0.11065826
2021-10-25T12:00:00Z,0.0,-63.48959,-55.69791,0.10758037
2021-10-26T12:00:00Z,0.0,-63.48959,-55.69791,0.19597667
2021-10-27T12:00:00Z,0.0,-63.48959,-55.69791,0.16561401
2021-10-28T12:00:00Z,0.0,-63.48959,-55.69791,0.122924894
2021-10-29T12:00:00Z,0.0,-63.48959,-55.69791,0.11491213
2021-10-30T12:00:00Z,0.0,-63.48959,-55.69791,0.18855008
2021-10-31T12:00:00Z,0.0,-63.48959,-55.69791,0.1576503
2021-11-01T12:00:00Z,0.0,-63.48959,-55.69791,0.15263204
2021-11-02T12:00:00Z,0.0,-63.48959,-55.69791,0.13343142
2021-11-03T12:00:00Z,0.0,-63.48959,-55.69791,0.14539984
2021-11-04T12:00:00Z,0.0,-63.48959,-55.69791,0.13761123
2021-11-05T12:00:00Z,0.0,-63.48959,-55.69791,0.13830002
2021-11-06T12:00:00Z,0.0,-63.48959,-55.69791,0.14382842
2021-11-07T12:00:00Z,0.0,-63.48959,-55.69791,0.14806092
2021-11-08T12:00:00Z,0.0,-63.48959,-55.69791,0.1596006
2021-11-09T12:00:00Z,0.0,-63.48959,-55.69791,0.1625243
2021-11-10T12:00:00Z,0.0,-63.48959,-55.69791,0.1715785
2021-11-11T12:00:00Z,0.0,-63.48959,-55.69791,0.17434701
2021-11-12T12:00:00Z,0.0,-63.48959,-55.69791,0.17879207
2021-11-13T12:00:00Z,0.0,-63.48959,-55.69791,0.18030141
2021-11-14T12:00:00Z,0.0,-63.48959,-55.69791,0.18030916
2021-11-15T12:00:00Z,0.0,-63.48959,-55.69791,0.18526532
2021-11-16T12:00:00Z,0.0,-63.48959,-55.69791,0.18479218
2021-11-17T12:00:00Z,0.0,-63.48959,-55.69791,0.18451375
2021-11-18T12:00:00Z,0.0,-63.48959,-55.69791,0.23975094
2021-11-19T12:00:00Z,0.0,-63.48959,-55.69791,0.23634712
2021-11-20T12:00:00Z,0.0,-63.48959,-55.69791,0.24900503
2021-11-21T12:00:00Z,0.0,-63.48959,-55.69791,0.25442538
2021-11-22T12:00:00Z,0.0,-63.48959,-55.69791,0.24547759
2021-11-23T12:00:00Z,0.0,-63.48959,-55.69791,0.2606742
2021-11-24T12:00:00Z,0.0,-63.48959,-55.69791,0.26158625
2021-11-25T12:00:00Z,0.0,-63.48959,-55.69791,0.25672427
2021-11-26T12:00:00Z,0.0,-63.48959,-55.69791,0.27140978
2021-11-27T12:00:00Z,0.0,-63.48959,-55.69791,0.28846508
2021-11-28T12:00:00Z,0.0,-63.48959,-55.69791,0.28471947
2021-11-29T12:00:00Z,0.0,-63.48959,-55.69791,0.2708353
2021-11-30T12:00:00Z,0.0,-63.48959,-55.69791,0.28446904
2021-12-01T12:00:00Z,0.0,-63.48959,-55.69791,0.29291287
2021-12-02T12:00:00Z,0.0,-63.48959,-55.69791,0.30216384
2021-12-03T12:00:00Z,0.0,-63.48959,-55.69791,0.30184865
2021-12-04T12:00:00Z,0.0,-63.48959,-55.69791,0.30621526
2021-12-05T12:00:00Z,0.0,-63.48959,-55.69791,0.29630387
2021-12-06T12:00:00Z,0.0,-63.48959,-55.69791,0.30214855
2021-12-07T12:00:00Z,0.0,-63.48959,-55.69791,0.3156518
2021-12-08T12:00:00Z,0.0,-63.48959,-55.69791,0.3154522
2021-12-09T12:00:00Z,0.0,-63.48959,-55.69791,0.32848215
2021-12-10T12:00:00Z,0.0,-63.48959,-55.69791,0.35109577
2021-12-11T12:00:00Z,0.0,-63.48959,-55.69791,0.36987478
2021-12-12T12:00:00Z,0.0,-63.48959,-55.69791,0.37532428
2021-12-13T12:00:00Z,0.0,-63.48959,-55.69791,0.3887861
2021-12-14T12:00:00Z,0.0,-63.48959,-55.69791,0.41444287
2021-12-15T12:00:00Z,0.0,-63.48959,-55.69791,0.3886352
2021-12-16T12:00:00Z,0.0,-63.48959,-55.69791,0.36876926
2021-12-17T12:00:00Z,0.0,-63.48959,-55.69791,0.4196622
2021-12-18T12:00:00Z,0.0,-63.48959,-55.69791,0.41085374
2021-12-19T12:00:00Z,0.0,-63.48959,-55.69791,0.4172003
2021-12-20T12:00:00Z,0.0,-63.48959,-55.69791,0.3901948
2021-12-21T12:00:00Z,0.0,-63.48959,-55.69791,0.44251174
2021-12-22T12:00:00Z,0.0,-63.48959,-55.69791,0.44762307
2021-12-23T12:00:00Z,0.0,-63.48959,-55.69791,0.45959464
2021-12-24T12:00:00Z,0.0,-63.48959,-55.69791,0.45759666
2021-12-25T12:00:00Z,0.0,-63.48959,-55.69791,0.4267488
2021-12-26T12:00:00Z,0.0,-63.48959,-55.69791,0.41686296
2021-12-27T12:00:00Z,0.0,-63.48959,-55.69791,0.43307447
2021-12-28T12:00:00Z,0.0,-63.48959,-55.69791,0.42706746
2021-12-29T12:00:00Z,0.0,-63.48959,-55.69791,0.4246283
2021-12-30T12:00:00Z,0.0,-63.48959,-55.69791,0.41701865
2021-12-31T12:00:00Z,0.0,-63.48959,-55.69791,0.3898708
2022-01-01T12:00:00Z,0.0,-63.48959,-55.69791,0.40136608
2022-01-02T12:00:00Z,0.0,-63.48959,-55.69791,0.38041416
2022-01-03T12:00:00Z,0.0,-63.48959,-55.69791,0.38938722
2022-01-04T12:00:00Z,0.0,-63.48959,-55.69791,0.3914905
2022-01-05T12:00:00Z,0.0,-63.48959,-55.69791,0.36978248
2022-01-06T12:00:00Z,0.0,-63.48959,-55.69791,0.3244078
2022-01-07T12:00:00Z,0.0,-63.48959,-55.69791,0.337624
2022-01-08T12:00:00Z,0.0,-63.48959,-55.69791,0.31732994
2022-01-09T12:00:00Z,0.0,-63.48959,-55.69791,0.30656293
2022-01-10T12:00:00Z,0.0,-63.48959,-55.69791,0.28673604
2022-01-11T12:00:00Z,0.0,-63.48959,-55.69791,0.29023132
2022-01-12T12:00:00Z,0.0,-63.48959,-55.69791,0.2784215
2022-01-13T12:00:00Z,0.0,-63.48959,-55.69791,0.27439442
2022-01-14T12:00:00Z,0.0,-63.48959,-55.69791,0.23583034
2022-01-15T12:00:00Z,0.0,-63.48959,-55.69791,0.23964918
2022-01-16T12:00:00Z,0.0,-63.48959,-55.69791,0.22569329
2022-01-17T12:00:00Z,0.0,-63.48959,-55.69791,0.283598
2022-01-18T12:00:00Z,0.0,-63.48959,-55.69791,0.30783597
2022-01-19T12:00:00Z,0.0,-63.48959,-55.69791,0.29979587
2022-01-20T12:00:00Z,0.0,-63.48959,-55.69791,0.2977123
2022-01-21T12:00:00Z,0.0,-63.48959,-55.69791,0.3365989
2022-01-22T12:00:00Z,0.0,-63.48959,-55.69791,0.33125898
2022-01-23T12:00:00Z,0.0,-63.48959,-55.69791,0.33187774
2022-01-24T12:00:00Z,0.0,-63.48959,-55.69791,0.32731164
2022-01-25T12:00:00Z,0.0,-63.48959,-55.69791,0.31553403
2022-01-26T12:00:00Z,0.0,-63.48959,-55.69791,0.3262955
2022-01-27T12:00:00Z,0.0,-63.48959,-55.69791,0.32407415
2022-01-28T12:00:00Z,0.0,-63.48959,-55.69791,0.35674644
2022-01-29T12:00:00Z,0.0,-63.48959,-55.69791,0.4036635
2022-01-30T12:00:00Z,0.0,-63.48959,-55.69791,0.4073389
2022-01-31T12:00:00Z,0.0,-63.48959,-55.69791,0.42256242
2022-02-01T12:00:00Z,0.0,-63.48959,-55.69791,0.42637423
2022-02-02T12:00:00Z,0.0,-63.48959,-55.69791,0.42338935
2022-02-03T12:00:00Z,0.0,-63.48959,-55.69791,0.4572354
2022-02-04T12:00:00Z,0.0,-63.48959,-55.69791,0.5201969
2022-02-05T12:00:00Z,0.0,-63.48959,-55.69791,0.46764863
2022-02-06T12:00:00Z,0.0,-63.48959,-55.69791,0.43583253
2022-02-07T12:00:00Z,0.0,-63.48959,-55.69791,0.42587066
2022-02-08T12:00:00Z,0.0,-63.48959,-55.69791,0.43633032
2022-02-09T12:00:00Z,0.0,-63.48959,-55.69791,0.43908462
2022-02-10T12:00:00Z,0.0,-63.48959,-55.69791,0.44588155
2022-02-11T12:00:00Z,0.0,-63.48959,-55.69791,0.508945
2022-02-12T12:00:00Z,0.0,-63.48959,-55.69791,0.4609138
2022-02-13T12:00:00Z,0.0,-63.48959,-55.69791,0.4964395
2022-02-14T12:00:00Z,0.0,-63.48959,-55.69791,0.55776674
2022-02-15T12:00:00Z,0.0,-63.48959,-55.69791,0.5829746
2022-02-16T12:00:00Z,0.0,-63.48959,-55.69791,0.6298527
2022-02-17T12:00:00Z,0.0,-63.48959,-55.69791,0.6226103
2022-02-18T12:00:00Z,0.0,-63.48959,-55.69791,0.60251707
2022-02-19T12:00:00Z,0.0,-63.48959,-55.69791,0.51808447
2022-02-20T12:00:00Z,0.0,-63.48959,-55.69791,0.51181245
2022-02-21T12:00:00Z,0.0,-63.48959,-55.69791,0.49700406
2022-02-22T12:00:00Z,0.0,-63.48959,-55.69791,0.53154886
2022-02-23T12:00:00Z,0.0,-63.48959,-55.69791,0.4987273
2022-02-24T12:00:00Z,0.0,-63.48959,-55.69791,0.4896844
2022-02-25T12:00:00Z,0.0,-63.48959,-55.69791,0.45327723
2022-02-26T12:00:00Z,0.0,-63.48959,-55.69791,0.540321
2022-02-27T12:00:00Z,0.0,-63.48959,-55.69791,0.49412218
2022-02-28T12:00:00Z,0.0,-63.48959,-55.69791,0.46880805
2022-03-01T12:00:00Z,0.0,-63.48959,-55.69791,0.48528746
2022-03-02T12:00:00Z,0.0,-63.48959,-55.69791,0.4614923
2022-03-03T12:00:00Z,0.0,-63.48959,-55.69791,0.5216659
2022-03-04T12:00:00Z,0.0,-63.48959,-55.69791,0.5351672
2022-03-05T12:00:00Z,0.0,-63.48959,-55.69791,0.46869457
2022-03-06T12:00:00Z,0.0,-63.48959,-55.69791,0.44031197
2022-03-07T12:00:00Z,0.0,-63.48959,-55.69791,0.3945899
2022-03-08T12:00:00Z,0.0,-63.48959,-55.69791,0.3188168
2022-03-09T12:00:00Z,0.0,-63.48959,-55.69791,0.308574
2022-03-10T12:00:00Z,0.0,-63.48959,-55.69791,0.31307247
2022-03-11T12:00:00Z,0.0,-63.48959,-55.69791,0.36867344
2022-03-12T12:00:00Z,0.0,-63.48959,-55.69791,0.360718
2022-03-13T12:00:00Z,0.0,-63.48959,-55.69791,0.3787447
2022-03-14T12:00:00Z,0.0,-63.48959,-55.69791,0.36260557
2022-03-15T12:00:00Z,0.0,-63.48959,-55.69791,0.377835
2022-03-16T12:00:00Z,0.0,-63.48959,-55.69791,0.34189105
2022-03-17T12:00:00Z,0.0,-63.48959,-55.69791,0.3465666
2022-03-18T12:00:00Z,0.0,-63.48959,-55.69791,0.30368567
2022-03-19T12:00:00Z,0.0,-63.48959,-55.69791,NaN
2022-03-20T12:00:00Z,0.0,-63.48959,-55.69791,NaN
2022-03-21T12:00:00Z,0.0,-63.48959,-55.69791,NaN
2022-03-22T12:00:00Z,0.0,-63.48959,-55.69791,NaN
2022-03-23T12:00:00Z,0.0,-63.48959,-55.69791,NaN
2022-03-24T12:00:00Z,0.0,-63.48959,-55.69791,NaN
2022-03-25T12:00:00Z,0.0,-63.48959,-55.69791,NaN
2022-03-26T12:00:00Z,0.0,-63.48959,-55.69791,NaN
2022-03-27T12:00:00Z,0.0,-63.48959,-55.69791,NaN
2022-03-28T12:00:00Z,0.0,-63.48959,-55.69791,NaN
2022-03-29T12:00:00Z,0.0,-63.48959,-55.69791,NaN
2022-03-30T12:00:00Z,0.0,-63.48959,-55.69791,NaN
2022-03-31T12:00:00Z,0.0,-63.48959,-55.69791,NaN
2022-04-01T12:00:00Z,0.0,-63.48959,-55.69791,NaN
2022-04-02T12:00:00Z,0.0,-63.48959,-55.69791,NaN
2022-04-03T12:00:00Z,0.0,-63.48959,-55.69791,NaN
2022-04-04T12:00:00Z,0.0,-63.48959,-55.69791,NaN
2022-04-05T12:00:00Z,0.0,-63.48959,-55.69791,NaN
2022-04-06T12:00:00Z,0.0,-63.48959,-55.69791,NaN
2022-04-07T12:00:00Z,0.0,-63.48959,-55.69791,NaN
2022-04-08T12:00:00Z,0.0,-63.48959,-55.69791,NaN
2022-04-09T12:00:00Z,0.0,-63.48959,-55.69791,NaN
2022-04-10T12:00:00Z,0.0,-63.48959,-55.69791,NaN
2022-04-11T12:00:00Z,0.0,-63.48959,-55.69791,NaN
2022-04-12T12:00:00Z,0.0,-63.48959,-55.69791,NaN
2022-04-13T12:00:00Z,0.0,-63.48959,-55.69791,NaN
2022-04-14T12:00:00Z,0.0,-63.48959,-55.69791,NaN
2022-04-15T12:00:00Z,0.0,-63.48959,-55.69791,NaN
2022-04-16T12:00:00Z,0.0,-63.48959,-55.69791,NaN
2022-04-17T12:00:00Z,0.0,-63.48959,-55.69791,NaN
2022-04-18T12:00:00Z,0.0,-63.48959,-55.69791,NaN
2022-04-19T12:00:00Z,0.0,-63.48959,-55.69791,NaN
2022-04-20T12:00:00Z,0.0,-63.48959,-55.69791,NaN
2022-04-21T12:00:00Z,0.0,-63.48959,-55.69791,NaN
2022-04-22T12:00:00Z,0.0,-63.48959,-55.69791,NaN
2022-04-23T12:00:00Z,0.0,-63.48959,-55.69791,NaN
2022-04-24T12:00:00Z,0.0,-63.48959,-55.69791,NaN
2022-04-25T12:00:00Z,0.0,-63.48959,-55.69791,NaN
2022-04-26T12:00:00Z,0.0,-63.48959,-55.69791,NaN
2022-04-27T12:00:00Z,0.0,-63.48959,-55.69791,NaN
2022-04-28T12:00:00Z,0.0,-63.48959,-55.69791,NaN
2022-04-29T12:00:00Z,0.0,-63.48959,-55.69791,NaN
2022-04-30T12:00:00Z,0.0,-63.48959,-55.69791,NaN
2022-05-01T12:00:00Z,0.0,-63.48959,-55.69791,NaN
2022-05-02T12:00:00Z,0.0,-63.48959,-55.69791,NaN
2022-05-03T12:00:00Z,0.0,-63.48959,-55.69791,NaN
2022-05-04T12:00:00Z,0.0,-63.48959,-55.69791,NaN
2022-05-05T12:00:00Z,0.0,-63.48959,-55.69791,NaN
2022-05-06T12:00:00Z,0.0,-63.48959,-55.69791,NaN
2022-05-07T12:00:00Z,0.0,-63.48959,-55.69791,NaN
2022-05-08T12:00:00Z,0.0,-63.48959,-55.69791,NaN
2022-05-09T12:00:00Z,0.0,-63.48959,-55.69791,NaN
2022-05-10T12:00:00Z,0.0,-63.48959,-55.69791,NaN
2022-05-11T12:00:00Z,0.0,-63.48959,-55.69791,NaN
2022-05-12T12:00:00Z,0.0,-63.48959,-55.69791,NaN
2022-05-13T12:00:00Z,0.0,-63.48959,-55.69791,NaN
2022-05-14T12:00:00Z,0.0,-63.48959,-55.69791,NaN
2022-05-15T12:00:00Z,0.0,-63.48959,-55.69791,NaN
2022-05-16T12:00:00Z,0.0,-63.48959,-55.69791,NaN
2022-05-17T12:00:00Z,0.0,-63.48959,-55.69791,NaN
2022-05-18T12:00:00Z,0.0,-63.48959,-55.69791,NaN
2022-05-19T12:00:00Z,0.0,-63.48959,-55.69791,NaN
2022-05-20T12:00:00Z,0.0,-63.48959,-55.69791,NaN
2022-05-21T12:00:00Z,0.0,-63.48959,-55.69791,NaN
2022-05-22T12:00:00Z,0.0,-63.48959,-55.69791,NaN
2022-05-23T12:00:00Z,0.0,-63.48959,-55.69791,NaN
2022-05-24T12:00:00Z,0.0,-63.48959,-55.69791,NaN
2022-05-25T12:00:00Z,0.0,-63.48959,-55.69791,NaN
2022-05-26T12:00:00Z,0.0,-63.48959,-55.69791,NaN
2022-05-27T12:00:00Z,0.0,-63.48959,-55.69791,NaN
2022-05-28T12:00:00Z,0.0,-63.48959,-55.69791,NaN
2022-05-29T12:00:00Z,0.0,-63.48959,-55.69791,NaN
2022-05-30T12:00:00Z,0.0,-63.48959,-55.69791,NaN
2022-05-31T12:00:00Z,0.0,-63.48959,-55.69791,NaN
2022-06-01T12:00:00Z,0.0,-63.48959,-55.69791,NaN
2022-06-02T12:00:00Z,0.0,-63.48959,-55.69791,NaN
2022-06-03T12:00:00Z,0.0,-63.48959,-55.69791,NaN
2022-06-04T12:00:00Z,0.0,-63.48959,-55.69791,NaN
2022-06-05T12:00:00Z,0.0,-63.48959,-55.69791,NaN
2022-06-06T12:00:00Z,0.0,-63.48959,-55.69791,NaN
2022-06-07T12:00:00Z,0.0,-63.48959,-55.69791,NaN
2022-06-08T12:00:00Z,0.0,-63.48959,-55.69791,NaN
2022-06-09T12:00:00Z,0.0,-63.48959,-55.69791,NaN
2022-06-10T12:00:00Z,0.0,-63.48959,-55.69791,NaN
2022-06-11T12:00:00Z,0.0,-63.48959,-55.69791,NaN
2022-06-12T12:00:00Z,0.0,-63.48959,-55.69791,NaN
2022-06-13T12:00:00Z,0.0,-63.48959,-55.69791,NaN
2022-06-14T12:00:00Z,0.0,-63.48959,-55.69791,NaN
2022-06-15T12:00:00Z,0.0,-63.48959,-55.69791,NaN
2022-06-16T12:00:00Z,0.0,-63.48959,-55.69791,NaN
2022-06-17T12:00:00Z,0.0,-63.48959,-55.69791,NaN
2022-06-18T12:00:00Z,0.0,-63.48959,-55.69791,NaN
2022-06-19T12:00:00Z,0.0,-63.48959,-55.69791,NaN
2022-06-20T12:00:00Z,0.0,-63.48959,-55.69791,NaN
2022-06-21T12:00:00Z,0.0,-63.48959,-55.69791,NaN
2022-06-22T12:00:00Z,0.0,-63.48959,-55.69791,NaN
2022-06-23T12:00:00Z,0.0,-63.48959,-55.69791,NaN
2022-06-24T12:00:00Z,0.0,-63.48959,-55.69791,NaN
2022-06-25T12:00:00Z,0.0,-63.48959,-55.69791,NaN
2022-06-26T12:00:00Z,0.0,-63.48959,-55.69791,NaN
2022-06-27T12:00:00Z,0.0,-63.48959,-55.69791,NaN
2022-06-28T12:00:00Z,0.0,-63.48959,-55.69791,NaN
2022-06-29T12:00:00Z,0.0,-63.48959,-55.69791,NaN
2022-06-30T12:00:00Z,0.0,-63.48959,-55.69791,NaN
2022-07-01T12:00:00Z,0.0,-63.48959,-55.69791,NaN
2022-07-02T12:00:00Z,0.0,-63.48959,-55.69791,NaN
2022-07-03T12:00:00Z,0.0,-63.48959,-55.69791,NaN
2022-07-04T12:00:00Z,0.0,-63.48959,-55.69791,NaN
2022-07-05T12:00:00Z,0.0,-63.48959,-55.69791,NaN
2022-07-06T12:00:00Z,0.0,-63.48959,-55.69791,NaN
2022-07-07T12:00:00Z,0.0,-63.48959,-55.69791,NaN
2022-07-08T12:00:00Z,0.0,-63.48959,-55.69791,NaN
2022-07-09T12:00:00Z,0.0,-63.48959,-55.69791,NaN
2022-07-10T12:00:00Z,0.0,-63.48959,-55.69791,NaN
2022-07-11T12:00:00Z,0.0,-63.48959,-55.69791,NaN
2022-07-12T12:00:00Z,0.0,-63.48959,-55.69791,NaN
2022-07-13T12:00:00Z,0.0,-63.48959,-55.69791,NaN
2022-07-14T12:00:00Z,0.0,-63.48959,-55.69791,NaN
2022-07-15T12:00:00Z,0.0,-63.48959,-55.69791,NaN
2022-07-16T12:00:00Z,0.0,-63.48959,-55.69791,NaN
2022-07-17T12:00:00Z,0.0,-63.48959,-55.69791,NaN
2022-07-18T12:00:00Z,0.0,-63.48959,-55.69791,NaN
2022-07-19T12:00:00Z,0.0,-63.48959,-55.69791,NaN
2022-07-20T12:00:00Z,0.0,-63.48959,-55.69791,NaN
2022-07-21T12:00:00Z,0.0,-63.48959,-55.69791,NaN
2022-07-22T12:00:00Z,0.0,-63.48959,-55.69791,NaN
2022-07-23T12:00:00Z,0.0,-63.48959,-55.69791,NaN
2022-07-24T12:00:00Z,0.0,-63.48959,-55.69791,NaN
2022-07-25T12:00:00Z,0.0,-63.48959,-55.69791,NaN
2022-07-26T12:00:00Z,0.0,-63.48959,-55.69791,NaN
2022-07-27T12:00:00Z,0.0,-63.48959,-55.69791,NaN
2022-07-28T12:00:00Z,0.0,-63.48959,-55.69791,NaN
2022-07-29T12:00:00Z,0.0,-63.48959,-55.69791,NaN
2022-07-30T12:00:00Z,0.0,-63.48959,-55.69791,NaN
2022-07-31T12:00:00Z,0.0,-63.48959,-55.69791,NaN
2022-08-01T12:00:00Z,0.0,-63.48959,-55.69791,NaN
2022-08-02T12:00:00Z,0.0,-63.48959,-55.69791,NaN
2022-08-03T12:00:00Z,0.0,-63.48959,-55.69791,NaN
2022-08-04T12:00:00Z,0.0,-63.48959,-55.69791,NaN
2022-08-05T12:00:00Z,0.0,-63.48959,-55.69791,NaN
2022-08-06T12:00:00Z,0.0,-63.48959,-55.69791,NaN
2022-08-07T12:00:00Z,0.0,-63.48959,-55.69791,NaN
2022-08-08T12:00:00Z,0.0,-63.48959,-55.69791,NaN
2022-08-09T12:00:00Z,0.0,-63.48959,-55.69791,NaN
2022-08-10T12:00:00Z,0.0,-63.48959,-55.69791,NaN
2022-08-11T12:00:00Z,0.0,-63.48959,-55.69791,NaN
2022-08-12T12:00:00Z,0.0,-63.48959,-55.69791,NaN
2022-08-13T12:00:00Z,0.0,-63.48959,-55.69791,NaN
2022-08-14T12:00:00Z,0.0,-63.48959,-55.69791,NaN
2022-08-15T12:00:00Z,0.0,-63.48959,-55.69791,NaN
2022-08-16T12:00:00Z,0.0,-63.48959,-55.69791,NaN
2022-08-17T12:00:00Z,0.0,-63.48959,-55.69791,NaN
2022-08-18T12:00:00Z,0.0,-63.48959,-55.69791,NaN
2022-08-19T12:00:00Z,0.0,-63.48959,-55.69791,NaN
2022-08-20T12:00:00Z,0.0,-63.48959,-55.69791,NaN
2022-08-21T12:00:00Z,0.0,-63.48959,-55.69791,NaN
2022-08-22T12:00:00Z,0.0,-63.48959,-55.69791,NaN
2022-08-23T12:00:00Z,0.0,-63.48959,-55.69791,NaN
2022-08-24T12:00:00Z,0.0,-63.48959,-55.69791,NaN
2022-08-25T12:00:00Z,0.0,-63.48959,-55.69791,NaN
2022-08-26T12:00:00Z,0.0,-63.48959,-55.69791,NaN
2022-08-27T12:00:00Z,0.0,-63.48959,-55.69791,NaN
2022-08-28T12:00:00Z,0.0,-63.48959,-55.69791,NaN
2022-08-29T12:00:00Z,0.0,-63.48959,-55.69791,NaN
2022-08-30T12:00:00Z,0.0,-63.48959,-55.69791,NaN
2022-08-31T12:00:00Z,0.0,-63.48959,-55.69791,NaN
2022-09-01T12:00:00Z,0.0,-63.48959,-55.69791,NaN
2022-09-02T12:00:00Z,0.0,-63.48959,-55.69791,NaN
2022-09-03T12:00:00Z,0.0,-63.48959,-55.69791,NaN
2022-09-04T12:00:00Z,0.0,-63.48959,-55.69791,NaN
2022-09-05T12:00:00Z,0.0,-63.48959,-55.69791,NaN
2022-09-06T12:00:00Z,0.0,-63.48959,-55.69791,NaN
2022-09-07T12:00:00Z,0.0,-63.48959,-55.69791,NaN
2022-09-08T12:00:00Z,0.0,-63.48959,-55.69791,NaN
2022-09-09T12:00:00Z,0.0,-63.48959,-55.69791,NaN
2022-09-10T12:00:00Z,0.0,-63.48959,-55.69791,NaN
2022-09-11T12:00:00Z,0.0,-63.48959,-55.69791,NaN
2022-09-12T12:00:00Z,0.0,-63.48959,-55.69791,NaN
2022-09-13T12:00:00Z,0.0,-63.48959,-55.69791,NaN
2022-09-14T12:00:00Z,0.0,-63.48959,-55.69791,NaN
2022-09-15T12:00:00Z,0.0,-63.48959,-55.69791,NaN
2022-09-16T12:00:00Z,0.0,-63.48959,-55.69791,NaN
2022-09-17T12:00:00Z,0.0,-63.48959,-55.69791,NaN
2022-09-18T12:00:00Z,0.0,-63.48959,-55.69791,NaN
2022-09-19T12:00:00Z,0.0,-63.48959,-55.69791,NaN
2022-09-20T12:00:00Z,0.0,-63.48959,-55.69791,NaN
2022-09-21T12:00:00Z,0.0,-63.48959,-55.69791,NaN
2022-09-22T12:00:00Z,0.0,-63.48959,-55.69791,NaN
2022-09-23T12:00:00Z,0.0,-63.48959,-55.69791,NaN
2022-09-24T12:00:00Z,0.0,-63.48959,-55.69791,NaN
2022-09-25T12:00:00Z,0.0,-63.48959,-55.69791,NaN
2022-09-26T12:00:00Z,0.0,-63.48959,-55.69791,NaN
2022-09-27T12:00:00Z,0.0,-63.48959,-55.69791,NaN
2022-09-28T12:00:00Z,0.0,-63.48959,-55.69791,NaN
2022-09-29T12:00:00Z,0.0,-63.48959,-55.69791,NaN
2022-09-30T12:00:00Z,0.0,-63.48959,-55.69791,NaN
2022-10-01T12:00:00Z,0.0,-63.48959,-55.69791,NaN
2022-10-02T12:00:00Z,0.0,-63.48959,-55.69791,NaN
2022-10-03T12:00:00Z,0.0,-63.48959,-55.69791,NaN
2022-10-04T12:00:00Z,0.0,-63.48959,-55.69791,NaN
2022-10-05T12:00:00Z,0.0,-63.48959,-55.69791,NaN
2022-10-06T12:00:00Z,0.0,-63.48959,-55.69791,NaN
2022-10-07T12:00:00Z,0.0,-63.48959,-55.69791,NaN
2022-10-08T12:00:00Z,0.0,-63.48959,-55.69791,NaN
2022-10-09T12:00:00Z,0.0,-63.48959,-55.69791,NaN
2022-10-10T12:00:00Z,0.0,-63.48959,-55.69791,NaN
2022-10-11T12:00:00Z,0.0,-63.48959,-55.69791,NaN
2022-10-12T12:00:00Z,0.0,-63.48959,-55.69791,NaN
2022-10-13T12:00:00Z,0.0,-63.48959,-55.69791,NaN
2022-10-14T12:00:00Z,0.0,-63.48959,-55.69791,NaN
2022-10-15T12:00:00Z,0.0,-63.48959,-55.69791,NaN
2022-10-16T12:00:00Z,0.0,-63.48959,-55.69791,0.22785081
2022-10-17T12:00:00Z,0.0,-63.48959,-55.69791,0.21648914
2022-10-18T12:00:00Z,0.0,-63.48959,-55.69791,0.20020062
2022-10-19T12:00:00Z,0.0,-63.48959,-55.69791,0.32985207
2022-10-20T12:00:00Z,0.0,-63.48959,-55.69791,0.17688785
2022-10-21T12:00:00Z,0.0,-63.48959,-55.69791,0.18280734
2022-10-22T12:00:00Z,0.0,-63.48959,-55.69791,0.17814647
2022-10-23T12:00:00Z,0.0,-63.48959,-55.69791,0.18950471
2022-10-24T12:00:00Z,0.0,-63.48959,-55.69791,0.18744929
2022-10-25T12:00:00Z,0.0,-63.48959,-55.69791,0.20592268
2022-10-26T12:00:00Z,0.0,-63.48959,-55.69791,0.18054874
2022-10-27T12:00:00Z,0.0,-63.48959,-55.69791,0.17995243
2022-10-28T12:00:00Z,0.0,-63.48959,-55.69791,0.17929897
2022-10-29T12:00:00Z,0.0,-63.48959,-55.69791,0.1872173
2022-10-30T12:00:00Z,0.0,-63.48959,-55.69791,0.18023323
2022-10-31T12:00:00Z,0.0,-63.48959,-55.69791,0.18419194
2022-11-01T12:00:00Z,0.0,-63.48959,-55.69791,0.17244399
2022-11-02T12:00:00Z,0.0,-63.48959,-55.69791,0.18577698
2022-11-03T12:00:00Z,0.0,-63.48959,-55.69791,0.17857853
2022-11-04T12:00:00Z,0.0,-63.48959,-55.69791,0.18398684
2022-11-05T12:00:00Z,0.0,-63.48959,-55.69791,0.18761061
2022-11-06T12:00:00Z,0.0,-63.48959,-55.69791,0.18449554
2022-11-07T12:00:00Z,0.0,-63.48959,-55.69791,0.19807082
2022-11-08T12:00:00Z,0.0,-63.48959,-55.69791,0.189092
2022-11-09T12:00:00Z,0.0,-63.48959,-55.69791,0.2108797
2022-11-10T12:00:00Z,0.0,-63.48959,-55.69791,0.19978295
2022-11-11T12:00:00Z,0.0,-63.48959,-55.69791,0.19945996
2022-11-12T12:00:00Z,0.0,-63.48959,-55.69791,0.19271342
2022-11-13T12:00:00Z,0.0,-63.48959,-55.69791,0.23968193
2022-11-14T12:00:00Z,0.0,-63.48959,-55.69791,0.20492679
2022-11-15T12:00:00Z,0.0,-63.48959,-55.69791,0.19022723
2022-11-16T12:00:00Z,0.0,-63.48959,-55.69791,0.18532988
2022-11-17T12:00:00Z,0.0,-63.48959,-55.69791,0.20741442
2022-11-18T12:00:00Z,0.0,-63.48959,-55.69791,0.23273785
2022-11-19T12:00:00Z,0.0,-63.48959,-55.69791,0.24233986
2022-11-20T12:00:00Z,0.0,-63.48959,-55.69791,0.23382589
2022-11-21T12:00:00Z,0.0,-63.48959,-55.69791,0.22696465
2022-11-22T12:00:00Z,0.0,-63.48959,-55.69791,0.23291561
2022-11-23T12:00:00Z,0.0,-63.48959,-55.69791,0.23976614
2022-11-24T12:00:00Z,0.0,-63.48959,-55.69791,0.23492566
2022-11-25T12:00:00Z,0.0,-63.48959,-55.69791,0.22293605
2022-11-26T12:00:00Z,0.0,-63.48959,-55.69791,0.22599684
2022-11-27T12:00:00Z,0.0,-63.48959,-55.69791,0.25515968
2022-11-28T12:00:00Z,0.0,-63.48959,-55.69791,0.23368259
2022-11-29T12:00:00Z,0.0,-63.48959,-55.69791,0.23323607
2022-11-30T12:00:00Z,0.0,-63.48959,-55.69791,0.2317982
2022-12-01T12:00:00Z,0.0,-63.48959,-55.69791,0.24221319
2022-12-02T12:00:00Z,0.0,-63.48959,-55.69791,0.27046505
2022-12-03T12:00:00Z,0.0,-63.48959,-55.69791,0.2635236
2022-12-04T12:00:00Z,0.0,-63.48959,-55.69791,0.26497608
2022-12-05T12:00:00Z,0.0,-63.48959,-55.69791,0.27459353
2022-12-06T12:00:00Z,0.0,-63.48959,-55.69791,0.2645655
2022-12-07T12:00:00Z,0.0,-63.48959,-55.69791,0.27715495
2022-12-08T12:00:00Z,0.0,-63.48959,-55.69791,0.27715075
2022-12-09T12:00:00Z,0.0,-63.48959,-55.69791,0.26806572
2022-12-10T12:00:00Z,0.0,-63.48959,-55.69791,0.2720868
2022-12-11T12:00:00Z,0.0,-63.48959,-55.69791,0.2673059
2022-12-12T12:00:00Z,0.0,-63.48959,-55.69791,0.2700925
2022-12-13T12:00:00Z,0.0,-63.48959,-55.69791,0.28519085
2022-12-14T12:00:00Z,0.0,-63.48959,-55.69791,0.26675105
2022-12-15T12:00:00Z,0.0,-63.48959,-55.69791,0.26375586
2022-12-16T12:00:00Z,0.0,-63.48959,-55.69791,0.26189974
2022-12-17T12:00:00Z,0.0,-63.48959,-55.69791,0.26557094
2022-12-18T12:00:00Z,0.0,-63.48959,-55.69791,0.26924992
2022-12-19T12:00:00Z,0.0,-63.48959,-55.69791,0.28157532
2022-12-20T12:00:00Z,0.0,-63.48959,-55.69791,0.29222265
2022-12-21T12:00:00Z,0.0,-63.48959,-55.69791,0.28170347
2022-12-22T12:00:00Z,0.0,-63.48959,-55.69791,0.29992315
2022-12-23T12:00:00Z,0.0,-63.48959,-55.69791,0.3274586
2022-12-24T12:00:00Z,0.0,-63.48959,-55.69791,0.40232944
2022-12-25T12:00:00Z,0.0,-63.48959,-55.69791,0.41443378
2022-12-26T12:00:00Z,0.0,-63.48959,-55.69791,0.39137146
2022-12-27T12:00:00Z,0.0,-63.48959,-55.69791,0.39176902
2022-12-28T12:00:00Z,0.0,-63.48959,-55.69791,0.41583592
2022-12-29T12:00:00Z,0.0,-63.48959,-55.69791,0.4941835
2022-12-30T12:00:00Z,0.0,-63.48959,-55.69791,0.5168483
2022-12-31T12:00:00Z,0.0,-63.48959,-55.69791,0.524702
2023-01-01T12:00:00Z,0.0,-63.48959,-55.69791,0.46922615
2023-01-02T12:00:00Z,0.0,-63.48959,-55.69791,0.62033224
2023-01-03T12:00:00Z,0.0,-63.48959,-55.69791,0.64005876
2023-01-04T12:00:00Z,0.0,-63.48959,-55.69791,0.6952255
2023-01-05T12:00:00Z,0.0,-63.48959,-55.69791,0.6097983
2023-01-06T12:00:00Z,0.0,-63.48959,-55.69791,0.59832835
2023-01-07T12:00:00Z,0.0,-63.48959,-55.69791,0.87150294
2023-01-08T12:00:00Z,0.0,-63.48959,-55.69791,0.9414066
2023-01-09T12:00:00Z,0.0,-63.48959,-55.69791,0.9132442
2023-01-10T12:00:00Z,0.0,-63.48959,-55.69791,0.8386336
2023-01-11T12:00:00Z,0.0,-63.48959,-55.69791,0.8649055
2023-01-12T12:00:00Z,0.0,-63.48959,-55.69791,0.89952415
2023-01-13T12:00:00Z,0.0,-63.48959,-55.69791,0.7386903
2023-01-14T12:00:00Z,0.0,-63.48959,-55.69791,0.641202
2023-01-15T12:00:00Z,0.0,-63.48959,-55.69791,0.84977543
2023-01-16T12:00:00Z,0.0,-63.48959,-55.69791,0.7467508
2023-01-17T12:00:00Z,0.0,-63.48959,-55.69791,0.7488274
2023-01-18T12:00:00Z,0.0,-63.48959,-55.69791,0.7754235
2023-01-19T12:00:00Z,0.0,-63.48959,-55.69791,0.6695852
2023-01-20T12:00:00Z,0.0,-63.48959,-55.69791,0.6294627
2023-01-21T12:00:00Z,0.0,-63.48959,-55.69791,0.6509208
2023-01-22T12:00:00Z,0.0,-63.48959,-55.69791,0.58937585
2023-01-23T12:00:00Z,0.0,-63.48959,-55.69791,0.6697397
2023-01-24T12:00:00Z,0.0,-63.48959,-55.69791,0.69622344
2023-01-25T12:00:00Z,0.0,-63.48959,-55.69791,0.55194676
2023-01-26T12:00:00Z,0.0,-63.48959,-55.69791,0.49566296
2023-01-27T12:00:00Z,0.0,-63.48959,-55.69791,0.406599
2023-01-28T12:00:00Z,0.0,-63.48959,-55.69791,0.3788524
2023-01-29T12:00:00Z,0.0,-63.48959,-55.69791,0.3525442
2023-01-30T12:00:00Z,0.0,-63.48959,-55.69791,0.31965154
2023-01-31T12:00:00Z,0.0,-63.48959,-55.69791,0.28846478
2023-02-01T12:00:00Z,0.0,-63.48959,-55.69791,0.2459485
2023-02-02T12:00:00Z,0.0,-63.48959,-55.69791,0.22969067
2023-02-03T12:00:00Z,0.0,-63.48959,-55.69791,0.27706972
2023-02-04T12:00:00Z,0.0,-63.48959,-55.69791,0.2567578
2023-02-05T12:00:00Z,0.0,-63.48959,-55.69791,0.20691988
2023-02-06T12:00:00Z,0.0,-63.48959,-55.69791,0.24122068
2023-02-07T12:00:00Z,0.0,-63.48959,-55.69791,0.2194591
2023-02-08T12:00:00Z,0.0,-63.48959,-55.69791,0.20289044
2023-02-09T12:00:00Z,0.0,-63.48959,-55.69791,0.22107664
2023-02-10T12:00:00Z,0.0,-63.48959,-55.69791,0.21476118
2023-02-11T12:00:00Z,0.0,-63.48959,-55.69791,0.23264627
2023-02-12T12:00:00Z,0.0,-63.48959,-55.69791,0.21396632
2023-02-13T12:00:00Z,0.0,-63.48959,-55.69791,0.20305373
2023-02-14T12:00:00Z,0.0,-63.48959,-55.69791,0.21859111
2023-02-15T12:00:00Z,0.0,-63.48959,-55.69791,0.21413513
2023-02-16T12:00:00Z,0.0,-63.48959,-55.69791,0.2572632
2023-02-17T12:00:00Z,0.0,-63.48959,-55.69791,0.28521696
2023-02-18T12:00:00Z,0.0,-63.48959,-55.69791,0.31618574
2023-02-19T12:00:00Z,0.0,-63.48959,-55.69791,0.32040572
2023-02-20T12:00:00Z,0.0,-63.48959,-55.69791,0.309941
2023-02-21T12:00:00Z,0.0,-63.48959,-55.69791,0.32359064
2023-02-22T12:00:00Z,0.0,-63.48959,-55.69791,0.31073663
2023-02-23T12:00:00Z,0.0,-63.48959,-55.69791,0.3295616
2023-02-24T12:00:00Z,0.0,-63.48959,-55.69791,0.29488036
2023-02-25T12:00:00Z,0.0,-63.48959,-55.69791,0.30565554
2023-02-26T12:00:00Z,0.0,-63.48959,-55.69791,0.30075052
2023-02-27T12:00:00Z,0.0,-63.48959,-55.69791,0.30696067
2023-02-28T12:00:00Z,0.0,-63.48959,-55.69791,0.302831
2023-03-01T12:00:00Z,0.0,-63.48959,-55.69791,0.32476264
2023-03-02T12:00:00Z,0.0,-63.48959,-55.69791,0.30983955
2023-03-03T12:00:00Z,0.0,-63.48959,-55.69791,0.30654934
2023-03-04T12:00:00Z,0.0,-63.48959,-55.69791,0.29390717
2023-03-05T12:00:00Z,0.0,-63.48959,-55.69791,0.31689802
2023-03-06T12:00:00Z,0.0,-63.48959,-55.69791,0.31752592
2023-03-07T12:00:00Z,0.0,-63.48959,-55.69791,0.29551795
2023-03-08T12:00:00Z,0.0,-63.48959,-55.69791,0.3068152
2023-03-09T12:00:00Z,0.0,-63.48959,-55.69791,0.31691113
2023-03-10T12:00:00Z,0.0,-63.48959,-55.69791,0.32630923
2023-03-11T12:00:00Z,0.0,-63.48959,-55.69791,0.3007253
2023-03-12T12:00:00Z,0.0,-63.48959,-55.69791,0.29542813
2023-03-13T12:00:00Z,0.0,-63.48959,-55.69791,0.32038426
2023-03-14T12:00:00Z,0.0,-63.48959,-55.69791,0.32150692
2023-03-15T12:00:00Z,0.0,-63.48959,-55.69791,0.29954767
2023-03-16T12:00:00Z,0.0,-63.48959,-55.69791,0.27229223
2023-03-17T12:00:00Z,0.0,-63.48959,-55.69791,0.26711527
2023-03-18T12:00:00Z,0.0,-63.48959,-55.69791,0.2377086
2023-03-19T12:00:00Z,0.0,-63.48959,-55.69791,NaN
2023-03-20T12:00:00Z,0.0,-63.48959,-55.69791,NaN
2023-03-21T12:00:00Z,0.0,-63.48959,-55.69791,NaN
2023-03-22T12:00:00Z,0.0,-63.48959,-55.69791,NaN
2023-03-23T12:00:00Z,0.0,-63.48959,-55.69791,NaN
2023-03-24T12:00:00Z,0.0,-63.48959,-55.69791,NaN
2023-03-25T12:00:00Z,0.0,-63.48959,-55.69791,NaN
2023-03-26T12:00:00Z,0.0,-63.48959,-55.69791,NaN
2023-03-27T12:00:00Z,0.0,-63.48959,-55.69791,NaN
2023-03-28T12:00:00Z,0.0,-63.48959,-55.69791,NaN
2023-03-29T12:00:00Z,0.0,-63.48959,-55.69791,NaN
2023-03-30T12:00:00Z,0.0,-63.48959,-55.69791,NaN
2023-03-31T12:00:00Z,0.0,-63.48959,-55.69791,NaN
2023-04-01T12:00:00Z,0.0,-63.48959,-55.69791,NaN
2023-04-02T12:00:00Z,0.0,-63.48959,-55.69791,NaN
2023-04-03T12:00:00Z,0.0,-63.48959,-55.69791,NaN
2023-04-04T12:00:00Z,0.0,-63.48959,-55.69791,NaN
2023-04-05T12:00:00Z,0.0,-63.48959,-55.69791,NaN
2023-04-06T12:00:00Z,0.0,-63.48959,-55.69791,NaN
2023-04-07T12:00:00Z,0.0,-63.48959,-55.69791,NaN
2023-04-08T12:00:00Z,0.0,-63.48959,-55.69791,NaN
2023-04-09T12:00:00Z,0.0,-63.48959,-55.69791,NaN
2023-04-10T12:00:00Z,0.0,-63.48959,-55.69791,NaN
2023-04-11T12:00:00Z,0.0,-63.48959,-55.69791,NaN
2023-04-12T12:00:00Z,0.0,-63.48959,-55.69791,NaN
2023-04-13T12:00:00Z,0.0,-63.48959,-55.69791,NaN
2023-04-14T12:00:00Z,0.0,-63.48959,-55.69791,NaN
2023-04-15T12:00:00Z,0.0,-63.48959,-55.69791,NaN
2023-04-16T12:00:00Z,0.0,-63.48959,-55.69791,NaN
2023-04-17T12:00:00Z,0.0,-63.48959,-55.69791,NaN
2023-04-18T12:00:00Z,0.0,-63.48959,-55.69791,NaN
2023-04-19T12:00:00Z,0.0,-63.48959,-55.69791,NaN
2023-04-20T12:00:00Z,0.0,-63.48959,-55.69791,NaN
2023-04-21T12:00:00Z,0.0,-63.48959,-55.69791,NaN
2023-04-22T12:00:00Z,0.0,-63.48959,-55.69791,NaN
2023-04-23T12:00:00Z,0.0,-63.48959,-55.69791,NaN
2023-04-24T12:00:00Z,0.0,-63.48959,-55.69791,NaN
2023-04-25T12:00:00Z,0.0,-63.48959,-55.69791,NaN
2023-04-26T12:00:00Z,0.0,-63.48959,-55.69791,NaN
2023-04-27T12:00:00Z,0.0,-63.48959,-55.69791,NaN
2023-04-28T12:00:00Z,0.0,-63.48959,-55.69791,NaN
2023-04-29T12:00:00Z,0.0,-63.48959,-55.69791,NaN
2023-04-30T12:00:00Z,0.0,-63.48959,-55.69791,NaN
2023-05-01T12:00:00Z,0.0,-63.48959,-55.69791,NaN
2023-05-02T12:00:00Z,0.0,-63.48959,-55.69791,NaN
2023-05-03T12:00:00Z,0.0,-63.48959,-55.69791,NaN
2023-05-04T12:00:00Z,0.0,-63.48959,-55.69791,NaN
2023-05-05T12:00:00Z,0.0,-63.48959,-55.69791,NaN
2023-05-06T12:00:00Z,0.0,-63.48959,-55.69791,NaN
2023-05-07T12:00:00Z,0.0,-63.48959,-55.69791,NaN
2023-05-08T12:00:00Z,0.0,-63.48959,-55.69791,NaN
2023-05-09T12:00:00Z,0.0,-63.48959,-55.69791,NaN
2023-05-10T12:00:00Z,0.0,-63.48959,-55.69791,NaN
2023-05-11T12:00:00Z,0.0,-63.48959,-55.69791,NaN
2023-05-12T12:00:00Z,0.0,-63.48959,-55.69791,NaN
2023-05-13T12:00:00Z,0.0,-63.48959,-55.69791,NaN
2023-05-14T12:00:00Z,0.0,-63.48959,-55.69791,NaN
2023-05-15T12:00:00Z,0.0,-63.48959,-55.69791,NaN
2023-05-16T12:00:00Z,0.0,-63.48959,-55.69791,NaN
2023-05-17T12:00:00Z,0.0,-63.48959,-55.69791,NaN
2023-05-18T12:00:00Z,0.0,-63.48959,-55.69791,NaN
2023-05-19T12:00:00Z,0.0,-63.48959,-55.69791,NaN
2023-05-20T12:00:00Z,0.0,-63.48959,-55.69791,NaN
2023-05-21T12:00:00Z,0.0,-63.48959,-55.69791,NaN
2023-05-22T12:00:00Z,0.0,-63.48959,-55.69791,NaN
2023-05-23T12:00:00Z,0.0,-63.48959,-55.69791,NaN
2023-05-24T12:00:00Z,0.0,-63.48959,-55.69791,NaN
2023-05-25T12:00:00Z,0.0,-63.48959,-55.69791,NaN
2023-05-26T12:00:00Z,0.0,-63.48959,-55.69791,NaN
2023-05-27T12:00:00Z,0.0,-63.48959,-55.69791,NaN
2023-05-28T12:00:00Z,0.0,-63.48959,-55.69791,NaN
2023-05-29T12:00:00Z,0.0,-63.48959,-55.69791,NaN
2023-05-30T12:00:00Z,0.0,-63.48959,-55.69791,NaN
2023-05-31T12:00:00Z,0.0,-63.48959,-55.69791,NaN
2023-06-01T12:00:00Z,0.0,-63.48959,-55.69791,NaN
2023-06-02T12:00:00Z,0.0,-63.48959,-55.69791,NaN
2023-06-03T12:00:00Z,0.0,-63.48959,-55.69791,NaN
2023-06-04T12:00:00Z,0.0,-63.48959,-55.69791,NaN
2023-06-05T12:00:00Z,0.0,-63.48959,-55.69791,NaN
2023-06-06T12:00:00Z,0.0,-63.48959,-55.69791,NaN
2023-06-07T12:00:00Z,0.0,-63.48959,-55.69791,NaN
2023-06-08T12:00:00Z,0.0,-63.48959,-55.69791,NaN
2023-06-09T12:00:00Z,0.0,-63.48959,-55.69791,NaN
2023-06-10T12:00:00Z,0.0,-63.48959,-55.69791,NaN
2023-06-11T12:00:00Z,0.0,-63.48959,-55.69791,NaN
2023-06-12T12:00:00Z,0.0,-63.48959,-55.69791,NaN
2023-06-13T12:00:00Z,0.0,-63.48959,-55.69791,NaN
2023-06-14T12:00:00Z,0.0,-63.48959,-55.69791,NaN
2023-06-15T12:00:00Z,0.0,-63.48959,-55.69791,NaN
2023-06-16T12:00:00Z,0.0,-63.48959,-55.69791,NaN
2023-06-17T12:00:00Z,0.0,-63.48959,-55.69791,NaN
2023-06-18T12:00:00Z,0.0,-63.48959,-55.69791,NaN
2023-06-19T12:00:00Z,0.0,-63.48959,-55.69791,NaN
2023-06-20T12:00:00Z,0.0,-63.48959,-55.69791,NaN
2023-06-21T12:00:00Z,0.0,-63.48959,-55.69791,NaN
2023-06-22T12:00:00Z,0.0,-63.48959,-55.69791,NaN
2023-06-23T12:00:00Z,0.0,-63.48959,-55.69791,NaN
2023-06-24T12:00:00Z,0.0,-63.48959,-55.69791,NaN
2023-06-25T12:00:00Z,0.0,-63.48959,-55.69791,NaN
2023-06-26T12:00:00Z,0.0,-63.48959,-55.69791,NaN
2023-06-27T12:00:00Z,0.0,-63.48959,-55.69791,NaN
2023-06-28T12:00:00Z,0.0,-63.48959,-55.69791,NaN
2023-06-29T12:00:00Z,0.0,-63.48959,-55.69791,NaN
2023-06-30T12:00:00Z,0.0,-63.48959,-55.69791,NaN
2023-07-01T12:00:00Z,0.0,-63.48959,-55.69791,NaN
2023-07-02T12:00:00Z,0.0,-63.48959,-55.69791,NaN
2023-07-03T12:00:00Z,0.0,-63.48959,-55.69791,NaN
2023-07-04T12:00:00Z,0.0,-63.48959,-55.69791,NaN
2023-07-05T12:00:00Z,0.0,-63.48959,-55.69791,NaN
2023-07-06T12:00:00Z,0.0,-63.48959,-55.69791,NaN
2023-07-07T12:00:00Z,0.0,-63.48959,-55.69791,NaN
2023-07-08T12:00:00Z,0.0,-63.48959,-55.69791,NaN
2023-07-09T12:00:00Z,0.0,-63.48959,-55.69791,NaN
2023-07-10T12:00:00Z,0.0,-63.48959,-55.69791,NaN
2023-07-11T12:00:00Z,0.0,-63.48959,-55.69791,NaN
2023-07-12T12:00:00Z,0.0,-63.48959,-55.69791,NaN
2023-07-13T12:00:00Z,0.0,-63.48959,-55.69791,NaN
2023-07-14T12:00:00Z,0.0,-63.48959,-55.69791,NaN
2023-07-15T12:00:00Z,0.0,-63.48959,-55.69791,NaN
2023-07-16T12:00:00Z,0.0,-63.48959,-55.69791,NaN
2023-07-17T12:00:00Z,0.0,-63.48959,-55.69791,NaN
2023-07-18T12:00:00Z,0.0,-63.48959,-55.69791,NaN
2023-07-19T12:00:00Z,0.0,-63.48959,-55.69791,NaN
2023-07-20T12:00:00Z,0.0,-63.48959,-55.69791,NaN
2023-07-21T12:00:00Z,0.0,-63.48959,-55.69791,NaN
2023-07-22T12:00:00Z,0.0,-63.48959,-55.69791,NaN
2023-07-23T12:00:00Z,0.0,-63.48959,-55.69791,NaN
2023-07-24T12:00:00Z,0.0,-63.48959,-55.69791,NaN
2023-07-25T12:00:00Z,0.0,-63.48959,-55.69791,NaN
2023-07-26T12:00:00Z,0.0,-63.48959,-55.69791,NaN
2023-07-27T12:00:00Z,0.0,-63.48959,-55.69791,NaN
2023-07-28T12:00:00Z,0.0,-63.48959,-55.69791,NaN
2023-07-29T12:00:00Z,0.0,-63.48959,-55.69791,NaN
2023-07-30T12:00:00Z,0.0,-63.48959,-55.69791,NaN
2023-07-31T12:00:00Z,0.0,-63.48959,-55.69791,NaN
2023-08-01T12:00:00Z,0.0,-63.48959,-55.69791,NaN
2023-08-02T12:00:00Z,0.0,-63.48959,-55.69791,NaN
2023-08-03T12:00:00Z,0.0,-63.48959,-55.69791,NaN
2023-08-04T12:00:00Z,0.0,-63.48959,-55.69791,NaN
2023-08-05T12:00:00Z,0.0,-63.48959,-55.69791,NaN
2023-08-06T12:00:00Z,0.0,-63.48959,-55.69791,NaN
2023-08-07T12:00:00Z,0.0,-63.48959,-55.69791,NaN
2023-08-08T12:00:00Z,0.0,-63.48959,-55.69791,NaN
2023-08-09T12:00:00Z,0.0,-63.48959,-55.69791,NaN
2023-08-10T12:00:00Z,0.0,-63.48959,-55.69791,NaN
2023-08-11T12:00:00Z,0.0,-63.48959,-55.69791,NaN
2023-08-12T12:00:00Z,0.0,-63.48959,-55.69791,NaN
2023-08-13T12:00:00Z,0.0,-63.48959,-55.69791,NaN
2023-08-14T12:00:00Z,0.0,-63.48959,-55.69791,NaN
2023-08-15T12:00:00Z,0.0,-63.48959,-55.69791,NaN
2023-08-16T12:00:00Z,0.0,-63.48959,-55.69791,NaN
2023-08-17T12:00:00Z,0.0,-63.48959,-55.69791,NaN
2023-08-18T12:00:00Z,0.0,-63.48959,-55.69791,NaN
2023-08-19T12:00:00Z,0.0,-63.48959,-55.69791,NaN
2023-08-20T12:00:00Z,0.0,-63.48959,-55.69791,NaN
2023-08-21T12:00:00Z,0.0,-63.48959,-55.69791,NaN
2023-08-22T12:00:00Z,0.0,-63.48959,-55.69791,NaN
2023-08-23T12:00:00Z,0.0,-63.48959,-55.69791,NaN
2023-08-24T12:00:00Z,0.0,-63.48959,-55.69791,NaN
2023-08-25T12:00:00Z,0.0,-63.48959,-55.69791,NaN
2023-08-26T12:00:00Z,0.0,-63.48959,-55.69791,NaN
2023-08-27T12:00:00Z,0.0,-63.48959,-55.69791,NaN
2023-08-28T12:00:00Z,0.0,-63.48959,-55.69791,NaN
2023-08-29T12:00:00Z,0.0,-63.48959,-55.69791,NaN
2023-08-30T12:00:00Z,0.0,-63.48959,-55.69791,NaN
2023-08-31T12:00:00Z,0.0,-63.48959,-55.69791,NaN
2023-09-01T12:00:00Z,0.0,-63.48959,-55.69791,NaN
2023-09-02T12:00:00Z,0.0,-63.48959,-55.69791,NaN
2023-09-03T12:00:00Z,0.0,-63.48959,-55.69791,NaN
2023-09-04T12:00:00Z,0.0,-63.48959,-55.69791,NaN
2023-09-05T12:00:00Z,0.0,-63.48959,-55.69791,NaN
2023-09-06T12:00:00Z,0.0,-63.48959,-55.69791,NaN
2023-09-07T12:00:00Z,0.0,-63.48959,-55.69791,NaN
2023-09-08T12:00:00Z,0.0,-63.48959,-55.69791,NaN
2023-09-09T12:00:00Z,0.0,-63.48959,-55.69791,NaN
2023-09-10T12:00:00Z,0.0,-63.48959,-55.69791,NaN
2023-09-11T12:00:00Z,0.0,-63.48959,-55.69791,NaN
2023-09-12T12:00:00Z,0.0,-63.48959,-55.69791,NaN
2023-09-13T12:00:00Z,0.0,-63.48959,-55.69791,NaN
2023-09-14T12:00:00Z,0.0,-63.48959,-55.69791,NaN
2023-09-15T12:00:00Z,0.0,-63.48959,-55.69791,NaN
2023-09-16T12:00:00Z,0.0,-63.48959,-55.69791,NaN
2023-09-17T12:00:00Z,0.0,-63.48959,-55.69791,NaN
2023-09-18T12:00:00Z,0.0,-63.48959,-55.69791,NaN
2023-09-19T12:00:00Z,0.0,-63.48959,-55.69791,NaN
2023-09-20T12:00:00Z,0.0,-63.48959,-55.69791,NaN
2023-09-21T12:00:00Z,0.0,-63.48959,-55.69791,NaN
2023-09-22T12:00:00Z,0.0,-63.48959,-55.69791,NaN
2023-09-23T12:00:00Z,0.0,-63.48959,-55.69791,NaN
2023-09-24T12:00:00Z,0.0,-63.48959,-55.69791,NaN
2023-09-25T12:00:00Z,0.0,-63.48959,-55.69791,NaN
2023-09-26T12:00:00Z,0.0,-63.48959,-55.69791,NaN
2023-09-27T12:00:00Z,0.0,-63.48959,-55.69791,NaN
2023-09-28T12:00:00Z,0.0,-63.48959,-55.69791,NaN
2023-09-29T12:00:00Z,0.0,-63.48959,-55.69791,NaN
2023-09-30T12:00:00Z,0.0,-63.48959,-55.69791,NaN
2023-10-01T12:00:00Z,0.0,-63.48959,-55.69791,NaN
2023-10-02T12:00:00Z,0.0,-63.48959,-55.69791,NaN
2023-10-03T12:00:00Z,0.0,-63.48959,-55.69791,NaN
2023-10-04T12:00:00Z,0.0,-63.48959,-55.69791,NaN
2023-10-05T12:00:00Z,0.0,-63.48959,-55.69791,NaN
2023-10-06T12:00:00Z,0.0,-63.48959,-55.69791,NaN
2023-10-07T12:00:00Z,0.0,-63.48959,-55.69791,NaN
2023-10-08T12:00:00Z,0.0,-63.48959,-55.69791,NaN
2023-10-09T12:00:00Z,0.0,-63.48959,-55.69791,NaN
2023-10-10T12:00:00Z,0.0,-63.48959,-55.69791,NaN
2023-10-11T12:00:00Z,0.0,-63.48959,-55.69791,NaN
2023-10-12T12:00:00Z,0.0,-63.48959,-55.69791,NaN
2023-10-13T12:00:00Z,0.0,-63.48959,-55.69791,NaN
2023-10-14T12:00:00Z,0.0,-63.48959,-55.69791,NaN
2023-10-15T12:00:00Z,0.0,-63.48959,-55.69791,NaN
2023-10-16T12:00:00Z,0.0,-63.48959,-55.69791,0.15605591
2023-10-17T12:00:00Z,0.0,-63.48959,-55.69791,0.05360575
2023-10-18T12:00:00Z,0.0,-63.48959,-55.69791,0.08543997
2023-10-19T12:00:00Z,0.0,-63.48959,-55.69791,0.15486774
2023-10-20T12:00:00Z,0.0,-63.48959,-55.69791,0.15522064
2023-10-21T12:00:00Z,0.0,-63.48959,-55.69791,0.15517826
2023-10-22T12:00:00Z,0.0,-63.48959,-55.69791,0.15505038
2023-10-23T12:00:00Z,0.0,-63.48959,-55.69791,0.05369221
2023-10-24T12:00:00Z,0.0,-63.48959,-55.69791,0.04730447
2023-10-25T12:00:00Z,0.0,-63.48959,-55.69791,0.15588103
2023-10-26T12:00:00Z,0.0,-63.48959,-55.69791,0.1561999
2023-10-27T12:00:00Z,0.0,-63.48959,-55.69791,0.060728025
2023-10-28T12:00:00Z,0.0,-63.48959,-55.69791,0.05389739
2023-10-29T12:00:00Z,0.0,-63.48959,-55.69791,0.05666504
2023-10-30T12:00:00Z,0.0,-63.48959,-55.69791,0.06130479
2023-10-31T12:00:00Z,0.0,-63.48959,-55.69791,0.09718102
2023-11-01T12:00:00Z,0.0,-63.48959,-55.69791,0.06821338
2023-11-02T12:00:00Z,0.0,-63.48959,-55.69791,0.080861785
2023-11-03T12:00:00Z,0.0,-63.48959,-55.69791,0.13468729
2023-11-04T12:00:00Z,0.0,-63.48959,-55.69791,0.06241646
2023-11-05T12:00:00Z,0.0,-63.48959,-55.69791,0.072747834
2023-11-06T12:00:00Z,0.0,-63.48959,-55.69791,0.075744554
2023-11-07T12:00:00Z,0.0,-63.48959,-55.69791,0.09414809
2023-11-08T12:00:00Z,0.0,-63.48959,-55.69791,0.097888775
2023-11-09T12:00:00Z,0.0,-63.48959,-55.69791,0.082059935
2023-11-10T12:00:00Z,0.0,-63.48959,-55.69791,0.07945571
2023-11-11T12:00:00Z,0.0,-63.48959,-55.69791,0.083465494
2023-11-12T12:00:00Z,0.0,-63.48959,-55.69791,0.07527448
2023-11-13T12:00:00Z,0.0,-63.48959,-55.69791,0.08231453
2023-11-14T12:00:00Z,0.0,-63.48959,-55.69791,0.084633015
2023-11-15T12:00:00Z,0.0,-63.48959,-55.69791,0.09088846
2023-11-16T12:00:00Z,0.0,-63.48959,-55.69791,0.088582225
2023-11-17T12:00:00Z,0.0,-63.48959,-55.69791,0.09162291
2023-11-18T12:00:00Z,0.0,-63.48959,-55.69791,0.09972048
2023-11-19T12:00:00Z,0.0,-63.48959,-55.69791,0.09620962
2023-11-20T12:00:00Z,0.0,-63.48959,-55.69791,0.19728757
2023-11-21T12:00:00Z,0.0,-63.48959,-55.69791,0.15468222
2023-11-22T12:00:00Z,0.0,-63.48959,-55.69791,0.1675147
2023-11-23T12:00:00Z,0.0,-63.48959,-55.69791,0.22267711
2023-11-24T12:00:00Z,0.0,-63.48959,-55.69791,0.22244023
2023-11-25T12:00:00Z,0.0,-63.48959,-55.69791,0.21339549
2023-11-26T12:00:00Z,0.0,-63.48959,-55.69791,0.22916041
2023-11-27T12:00:00Z,0.0,-63.48959,-55.69791,0.17898673
2023-11-28T12:00:00Z,0.0,-63.48959,-55.69791,0.19119474
2023-11-29T12:00:00Z,0.0,-63.48959,-55.69791,0.17115952
2023-11-30T12:00:00Z,0.0,-63.48959,-55.69791,0.1661562
2023-12-02T12:00:00Z,0.0,-63.48959,-55.69791,0.17401999
2023-12-03T12:00:00Z,0.0,-63.48959,-55.69791,0.17111576
2023-12-04T12:00:00Z,0.0,-63.48959,-55.69791,0.15829721
2023-12-05T12:00:00Z,0.0,-63.48959,-55.69791,0.1796256
2023-12-06T12:00:00Z,0.0,-63.48959,-55.69791,0.16808756
2023-12-07T12:00:00Z,0.0,-63.48959,-55.69791,0.16432229
2023-12-08T12:00:00Z,0.0,-63.48959,-55.69791,0.16164817
2023-12-09T12:00:00Z,0.0,-63.48959,-55.69791,0.16673076
2023-12-10T12:00:00Z,0.0,-63.48959,-55.69791,0.17423165
2023-12-11T12:00:00Z,0.0,-63.48959,-55.69791,0.18202384
2023-12-12T12:00:00Z,0.0,-63.48959,-55.69791,0.1857551
2023-12-13T12:00:00Z,0.0,-63.48959,-55.69791,0.18812062
2023-12-14T12:00:00Z,0.0,-63.48959,-55.69791,0.18991256
2023-12-15T12:00:00Z,0.0,-63.48959,-55.69791,0.20694825
2023-12-16T12:00:00Z,0.0,-63.48959,-55.69791,0.21351115
2023-12-17T12:00:00Z,0.0,-63.48959,-55.69791,0.21747805
2023-12-18T12:00:00Z,0.0,-63.48959,-55.69791,0.22285797
2023-12-19T12:00:00Z,0.0,-63.48959,-55.69791,0.24797826
2023-12-20T12:00:00Z,0.0,-63.48959,-55.69791,0.24209556
2023-12-21T12:00:00Z,0.0,-63.48959,-55.69791,0.2535272
2023-12-22T12:00:00Z,0.0,-63.48959,-55.69791,0.2586722
2023-12-23T12:00:00Z,0.0,-63.48959,-55.69791,0.27626836
2023-12-25T12:00:00Z,0.0,-63.48959,-55.69791,0.2926493
2023-12-26T12:00:00Z,0.0,-63.48959,-55.69791,0.27364817
2023-12-27T12:00:00Z,0.0,-63.48959,-55.69791,0.28791982
2023-12-28T12:00:00Z,0.0,-63.48959,-55.69791,0.27407432
2023-12-29T12:00:00Z,0.0,-63.48959,-55.69791,0.2865816
2023-12-30T12:00:00Z,0.0,-63.48959,-55.69791,0.30063006
2023-12-31T12:00:00Z,0.0,-63.48959,-55.69791,0.2886649
