time,altitude,latitude,longitude,chlor_a
UTC,m,degrees_north,degrees_east,mg m^-3
2018-01-01T12:00:00Z,0.0,-64.53126,-61.989582,0.2857408
2018-01-02T12:00:00Z,0.0,-64.53126,-61.989582,0.2349665
2018-01-03T12:00:00Z,0.0,-64.53126,-61.989582,0.19537438
2018-01-04T12:00:00Z,0.0,-64.53126,-61.989582,0.1837128
2018-01-05T12:00:00Z,0.0,-64.53126,-61.989582,0.2739194
2018-01-06T12:00:00Z,0.0,-64.53126,-61.989582,0.31123596
2018-01-07T12:00:00Z,0.0,-64.53126,-61.989582,0.3127351
2018-01-08T12:00:00Z,0.0,-64.53126,-61.989582,0.3199595
2018-01-09T12:00:00Z,0.0,-64.53126,-61.989582,0.31095976
2018-01-10T12:00:00Z,0.0,-64.53126,-61.989582,0.3039475
2018-01-11T12:00:00Z,0.0,-64.53126,-61.989582,0.29370722
2018-01-12T12:00:00Z,0.0,-64.53126,-61.989582,0.3537061
2018-01-13T12:00:00Z,0.0,-64.53126,-61.989582,0.25402766
2018-01-14T12:00:00Z,0.0,-64.53126,-61.989582,0.23138075
2018-01-15T12:00:00Z,0.0,-64.53126,-61.989582,0.24241334
2018-01-16T12:00:00Z,0.0,-64.53126,-61.989582,0.2538415
2018-01-17T12:00:00Z,0.0,-64.53126,-61.989582,0.25081092
2018-01-18T12:00:00Z,0.0,-64.53126,-61.989582,0.24637139
2018-01-19T12:00:00Z,0.0,-64.53126,-61.989582,0.23784606
2018-01-20T12:00:00Z,0.0,-64.53126,-61.989582,0.23415062
2018-01-21T12:00:00Z,0.0,-64.53126,-61.989582,0.24340218
2018-01-22T12:00:00Z,0.0,-64.53126,-61.989582,0.22079986
2018-01-23T12:00:00Z,0.0,-64.53126,-61.989582,0.21137534
2018-01-24T12:00:00Z,0.0,-64.53126,-61.989582,0.21045999
2018-01-25T12:00:00Z,0.0,-64.53126,-61.989582,0.18656586
2018-01-26T12:00:00Z,0.0,-64.53126,-61.989582,0.17471147
2018-01-27T12:00:00Z,0.0,-64.53126,-61.989582,0.17622632
2018-01-28T12:00:00Z,0.0,-64.53126,-61.989582,0.1880718
2018-01-29T12:00:00Z,0.0,-64.53126,-61.989582,0.1730797
2018-01-30T12:00:00Z,0.0,-64.53126,-61.989582,0.18509354
2018-01-31T12:00:00Z,0.0,-64.53126,-61.989582,0.23304136
2018-02-01T12:00:00Z,0.0,-64.53126,-61.989582,0.24065986
2018-02-02T12:00:00Z,0.0,-64.53126,-61.989582,0.23516212
2018-02-03T12:00:00Z,0.0,-64.53126,-61.989582,0.22784132
2018-02-04T12:00:00Z,0.0,-64.53126,-61.989582,0.24283908
2018-02-05T12:00:00Z,0.0,-64.53126,-61.989582,0.24023344
2018-02-06T12:00:00Z,0.0,-64.53126,-61.989582,0.2345732
2018-02-07T12:00:00Z,0.0,-64.53126,-61.989582,0.2459567
2018-02-08T12:00:00Z,0.0,-64.53126,-61.989582,0.2505425
2018-02-09T12:00:00Z,0.0,-64.53126,-61.989582,0.2832357
2018-02-10T12:00:00Z,0.0,-64.53126,-61.989582,0.27068904
2018-02-11T12:00:00Z,0.0,-64.53126,-61.989582,0.26629442
2018-02-12T12:00:00Z,0.0,-64.53126,-61.989582,0.26436636
2018-02-13T12:00:00Z,0.0,-64.53126,-61.989582,0.26739815
2018-02-14T12:00:00Z,0.0,-64.53126,-61.989582,0.2686572
2018-02-15T12:00:00Z,0.0,-64.53126,-61.989582,0.27528104
2018-02-16T12:00:00Z,0.0,-64.53126,-61.989582,0.26725924
2018-02-17T12:00:00Z,0.0,-64.53126,-61.989582,0.25803977
2018-02-18T12:00:00Z,0.0,-64.53126,-61.989582,0.26045412
2018-02-19T12:00:00Z,0.0,-64.53126,-61.989582,0.26483837
2018-02-20T12:00:00Z,0.0,-64.53126,-61.989582,0.27601355
2018-02-21T12:00:00Z,0.0,-64.53126,-61.989582,0.25667882
2018-02-22T12:00:00Z,0.0,-64.53126,-61.989582,0.250911
2018-02-23T12:00:00Z,0.0,-64.53126,-61.989582,0.24910408
2018-02-24T12:00:00Z,0.0,-64.53126,-61.989582,0.23539737
2018-02-25T12:00:00Z,0.0,-64.53126,-61.989582,0.25117844
2018-02-26T12:00:00Z,0.0,-64.53126,-61.989582,0.25467372
2018-02-27T12:00:00Z,0.0,-64.53126,-61.989582,0.23813684
2018-02-28T12:00:00Z,0.0,-64.53126,-61.989582,0.23262095
2018-03-01T12:00:00Z,0.0,-64.53126,-61.989582,0.2330179
2018-03-02T12:00:00Z,0.0,-64.53126,-61.989582,0.24028623
2018-03-03T12:00:00Z,0.0,-64.53126,-61.989582,0.2323727
2018-03-04T12:00:00Z,0.0,-64.53126,-61.989582,0.21814954
2018-03-05T12:00:00Z,0.0,-64.53126,-61.989582,0.23185085
2018-03-06T12:00:00Z,0.0,-64.53126,-61.989582,0.2157423
2018-03-07T12:00:00Z,0.0,-64.53126,-61.989582,0.22028387
2018-03-08T12:00:00Z,0.0,-64.53126,-61.989582,0.21939851
2018-03-09T12:00:00Z,0.0,-64.53126,-61.989582,0.2148269
2018-03-10T12:00:00Z,0.0,-64.53126,-61.989582,0.21389848
2018-03-11T12:00:00Z,0.0,-64.53126,-61.989582,0.21100928
2018-03-12T12:00:00Z,0.0,-64.53126,-61.989582,0.19086304
2018-03-13T12:00:00Z,0.0,-64.53126,-61.989582,0.17648005
2018-03-14T12:00:00Z,0.0,-64.53126,-61.989582,0.2030182
2018-03-15T12:00:00Z,0.0,-64.53126,-61.989582,NaN
2018-03-16T12:00:00Z,0.0,-64.53126,-61.989582,NaN
2018-03-17T12:00:00Z,0.0,-64.53126,-61.989582,NaN
2018-03-18T12:00:00Z,0.0,-64.53126,-61.989582,NaN
2018-03-19T12:00:00Z,0.0,-64.53126,-61.989582,NaN
2018-03-20T12:00:00Z,0.0,-64.53126,-61.989582,NaN
2018-03-21T12:00:00Z,0.0,-64.53126,-61.989582,NaN
2018-03-22T12:00:00Z,0.0,-64.53126,-61.989582,NaN
2018-03-23T12:00:00Z,0.0,-64.53126,-61.989582,NaN
2018-03-24T12:00:00Z,0.0,-64.53126,-61.989582,NaN
2018-03-25T12:00:00Z,0.0,-64.53126,-61.989582,NaN
2018-03-26T12:00:00Z,0.0,-64.53126,-61.989582,NaN
2018-03-27T12:00:00Z,0.0,-64.53126,-61.989582,NaN
2018-03-28T12:00:00Z,0.0,-64.53126,-61.989582,NaN
2018-03-29T12:00:00Z,0.0,-64.53126,-61.989582,NaN
2018-03-30T12:00:00Z,0.0,-64.53126,-61.989582,NaN
2018-03-31T12:00:00Z,0.0,-64.53126,-61.989582,NaN
2018-04-01T12:00:00Z,0.0,-64.53126,-61.989582,NaN
2018-04-02T12:00:00Z,0.0,-64.53126,-61.989582,NaN
2018-04-03T12:00:00Z,0.0,-64.53126,-61.989582,NaN
2018-04-04T12:00:00Z,0.0,-64.53126,-61.989582,NaN
2018-04-05T12:00:00Z,0.0,-64.53126,-61.989582,NaN
2018-04-06T12:00:00Z,0.0,-64.53126,-61.989582,NaN
2018-04-07T12:00:00Z,0.0,-64.53126,-61.989582,NaN
2018-04-08T12:00:00Z,0.0,-64.53126,-61.989582,NaN
2018-04-09T12:00:00Z,0.0,-64.53126,-61.989582,NaN
2018-04-10T12:00:00Z,0.0,-64.53126,-61.989582,NaN
2018-04-11T12:00:00Z,0.0,-64.53126,-61.989582,NaN
2018-04-12T12:00:00Z,0.0,-64.53126,-61.989582,NaN
2018-04-13T12:00:00Z,0.0,-64.53126,-61.989582,NaN
2018-04-14T12:00:00Z,0.0,-64.53126,-61.989582,NaN
2018-04-15T12:00:00Z,0.0,-64.53126,-61.989582,NaN
2018-04-16T12:00:00Z,0.0,-64.53126,-61.989582,NaN
2018-04-17T12:00:00Z,0.0,-64.53126,-61.989582,NaN
2018-04-18T12:00:00Z,0.0,-64.53126,-61.989582,NaN
2018-04-19T12:00:00Z,0.0,-64.53126,-61.989582,NaN
2018-04-20T12:00:00Z,0.0,-64.53126,-61.989582,NaN
2018-04-21T12:00:00Z,0.0,-64.53126,-61.989582,NaN
2018-04-22T12:00:00Z,0.0,-64.53126,-61.989582,NaN
2018-04-23T12:00:00Z,0.0,-64.53126,-61.989582,NaN
2018-04-24T12:00:00Z,0.0,-64.53126,-61.989582,NaN
2018-04-25T12:00:00Z,0.0,-64.53126,-61.989582,NaN
2018-04-26T12:00:00Z,0.0,-64.53126,-61.989582,NaN
2018-04-27T12:00:00Z,0.0,-64.53126,-61.989582,NaN
2018-04-28T12:00:00Z,0.0,-64.53126,-61.989582,NaN
2018-04-29T12:00:00Z,0.0,-64.53126,-61.989582,NaN
2018-04-30T12:00:00Z,0.0,-64.53126,-61.989582,NaN
2018-05-01T12:00:00Z,0.0,-64.53126,-61.989582,NaN
2018-05-02T12:00:00Z,0.0,-64.53126,-61.989582,NaN
2018-05-03T12:00:00Z,0.0,-64.53126,-61.989582,NaN
2018-05-04T12:00:00Z,0.0,-64.53126,-61.989582,NaN
2018-05-05T12:00:00Z,0.0,-64.53126,-61.989582,NaN
2018-05-06T12:00:00Z,0.0,-64.53126,-61.989582,NaN
2018-05-07T12:00:00Z,0.0,-64.53126,-61.989582,NaN
2018-05-08T12:00:00Z,0.0,-64.53126,-61.989582,NaN
2018-05-09T12:00:00Z,0.0,-64.53126,-61.989582,NaN
2018-05-10T12:00:00Z,0.0,-64.53126,-61.989582,NaN
2018-05-11T12:00:00Z,0.0,-64.53126,-61.989582,NaN
2018-05-12T12:00:00Z,0.0,-64.53126,-61.989582,NaN
2018-05-13T12:00:00Z,0.0,-64.53126,-61.989582,NaN
2018-05-14T12:00:00Z,0.0,-64.53126,-61.989582,NaN
2018-05-15T12:00:00Z,0.0,-64.53126,-61.989582,NaN
2018-05-16T12:00:00Z,0.0,-64.53126,-61.989582,NaN
2018-05-17T12:00:00Z,0.0,-64.53126,-61.989582,NaN
2018-05-18T12:00:00Z,0.0,-64.53126,-61.989582,NaN
2018-05-19T12:00:00Z,0.0,-64.53126,-61.989582,NaN
2018-05-20T12:00:00Z,0.0,-64.53126,-61.989582,NaN
2018-05-21T12:00:00Z,0.0,-64.53126,-61.989582,NaN
2018-05-22T12:00:00Z,0.0,-64.53126,-61.989582,NaN
2018-05-23T12:00:00Z,0.0,-64.53126,-61.989582,NaN
2018-05-24T12:00:00Z,0.0,-64.53126,-61.989582,NaN
2018-05-25T12:00:00Z,0.0,-64.53126,-61.989582,NaN
2018-05-26T12:00:00Z,0.0,-64.53126,-61.989582,NaN
2018-05-27T12:00:00Z,0.0,-64.53126,-61.989582,NaN
2018-05-28T12:00:00Z,0.0,-64.53126,-61.989582,NaN
2018-05-29T12:00:00Z,0.0,-64.53126,-61.989582,NaN
2018-05-30T12:00:00Z,0.0,-64.53126,-61.989582,NaN
2018-05-31T12:00:00Z,0.0,-64.53126,-61.989582,NaN
2018-06-01T12:00:00Z,0.0,-64.53126,-61.989582,NaN
2018-06-02T12:00:00Z,0.0,-64.53126,-61.989582,NaN
2018-06-03T12:00:00Z,0.0,-64.53126,-61.989582,NaN
2018-06-04T12:00:00Z,0.0,-64.53126,-61.989582,NaN
2018-06-05T12:00:00Z,0.0,-64.53126,-61.989582,NaN
2018-06-06T12:00:00Z,0.0,-64.53126,-61.989582,NaN
2018-06-07T12:00:00Z,0.0,-64.53126,-61.989582,NaN
2018-06-08T12:00:00Z,0.0,-64.53126,-61.989582,NaN
2018-06-09T12:00:00Z,0.0,-64.53126,-61.989582,NaN
2018-06-10T12:00:00Z,0.0,-64.53126,-61.989582,NaN
2018-06-11T12:00:00Z,0.0,-64.53126,-61.989582,NaN
2018-06-12T12:00:00Z,0.0,-64.53126,-61.989582,NaN
2018-06-13T12:00:00Z,0.0,-64.53126,-61.989582,NaN
2018-06-14T12:00:00Z,0.0,-64.53126,-61.989582,NaN
2018-06-15T12:00:00Z,0.0,-64.53126,-61.989582,NaN
2018-06-16T12:00:00Z,0.0,-64.53126,-61.989582,NaN
2018-06-17T12:00:00Z,0.0,-64.53126,-61.989582,NaN
2018-06-18T12:00:00Z,0.0,-64.53126,-61.989582,NaN
2018-06-19T12:00:00Z,0.0,-64.53126,-61.989582,NaN
2018-06-20T12:00:00Z,0.0,-64.53126,-61.989582,NaN
2018-06-21T12:00:00Z,0.0,-64.53126,-61.989582,NaN
2018-06-22T12:00:00Z,0.0,-64.53126,-61.989582,NaN
2018-06-23T12:00:00Z,0.0,-64.53126,-61.989582,NaN
2018-06-24T12:00:00Z,0.0,-64.53126,-61.989582,NaN
2018-06-25T12:00:00Z,0.0,-64.53126,-61.989582,NaN
2018-06-26T12:00:00Z,0.0,-64.53126,-61.989582,NaN
2018-06-27T12:00:00Z,0.0,-64.53126,-61.989582,NaN
2018-06-28T12:00:00Z,0.0,-64.53126,-61.989582,NaN
2018-06-29T12:00:00Z,0.0,-64.53126,-61.989582,NaN
2018-06-30T12:00:00Z,0.0,-64.53126,-61.989582,NaN
2018-07-01T12:00:00Z,0.0,-64.53126,-61.989582,NaN
2018-07-02T12:00:00Z,0.0,-64.53126,-61.989582,NaN
2018-07-03T12:00:00Z,0.0,-64.53126,-61.989582,NaN
2018-07-04T12:00:00Z,0.0,-64.53126,-61.989582,NaN
2018-07-05T12:00:00Z,0.0,-64.53126,-61.989582,NaN
2018-07-06T12:00:00Z,0.0,-64.53126,-61.989582,NaN
2018-07-07T12:00:00Z,0.0,-64.53126,-61.989582,NaN
2018-07-08T12:00:00Z,0.0,-64.53126,-61.989582,NaN
2018-07-09T12:00:00Z,0.0,-64.53126,-61.989582,NaN
2018-07-10T12:00:00Z,0.0,-64.53126,-61.989582,NaN
2018-07-11T12:00:00Z,0.0,-64.53126,-61.989582,NaN
2018-07-12T12:00:00Z,0.0,-64.53126,-61.989582,NaN
2018-07-13T12:00:00Z,0.0,-64.53126,-61.989582,NaN
2018-07-14T12:00:00Z,0.0,-64.53126,-61.989582,NaN
2018-07-15T12:00:00Z,0.0,-64.53126,-61.989582,NaN
2018-07-16T12:00:00Z,0.0,-64.53126,-61.989582,NaN
2018-07-17T12:00:00Z,0.0,-64.53126,-61.989582,NaN
2018-07-18T12:00:00Z,0.0,-64.53126,-61.989582,NaN
2018-07-19T12:00:00Z,0.0,-64.53126,-61.989582,NaN
2018-07-20T12:00:00Z,0.0,-64.53126,-61.989582,NaN
2018-07-21T12:00:00Z,0.0,-64.53126,-61.989582,NaN
2018-07-22T12:00:00Z,0.0,-64.53126,-61.989582,NaN
2018-07-23T12:00:00Z,0.0,-64.53126,-61.989582,NaN
2018-07-24T12:00:00Z,0.0,-64.53126,-61.989582,NaN
2018-07-25T12:00:00Z,0.0,-64.53126,-61.989582,NaN
2018-07-26T12:00:00Z,0.0,-64.53126,-61.989582,NaN
2018-07-27T12:00:00Z,0.0,-64.53126,-61.989582,NaN
2018-07-28T12:00:00Z,0.0,-64.53126,-61.989582,NaN
2018-07-29T12:00:00Z,0.0,-64.53126,-61.989582,NaN
2018-07-30T12:00:00Z,0.0,-64.53126,-61.989582,NaN
2018-07-31T12:00:00Z,0.0,-64.53126,-61.989582,NaN
2018-08-01T12:00:00Z,0.0,-64.53126,-61.989582,NaN
2018-08-02T12:00:00Z,0.0,-64.53126,-61.989582,NaN
2018-08-03T12:00:00Z,0.0,-64.53126,-61.989582,NaN
2018-08-04T12:00:00Z,0.0,-64.53126,-61.989582,NaN
2018-08-05T12:00:00Z,0.0,-64.53126,-61.989582,NaN
2018-08-06T12:00:00Z,0.0,-64.53126,-61.989582,NaN
2018-08-07T12:00:00Z,0.0,-64.53126,-61.989582,NaN
2018-08-08T12:00:00Z,0.0,-64.53126,-61.989582,NaN
2018-08-09T12:00:00Z,0.0,-64.53126,-61.989582,NaN
2018-08-10T12:00:00Z,0.0,-64.53126,-61.989582,NaN
2018-08-11T12:00:00Z,0.0,-64.53126,-61.989582,NaN
2018-08-12T12:00:00Z,0.0,-64.53126,-61.989582,NaN
2018-08-13T12:00:00Z,0.0,-64.53126,-61.989582,NaN
2018-08-14T12:00:00Z,0.0,-64.53126,-61.989582,NaN
2018-08-15T12:00:00Z,0.0,-64.53126,-61.989582,NaN
2018-08-16T12:00:00Z,0.0,-64.53126,-61.989582,NaN
2018-08-17T12:00:00Z,0.0,-64.53126,-61.989582,NaN
2018-08-18T12:00:00Z,0.0,-64.53126,-61.989582,NaN
2018-08-19T12:00:00Z,0.0,-64.53126,-61.989582,NaN
2018-08-20T12:00:00Z,0.0,-64.53126,-61.989582,NaN
2018-08-21T12:00:00Z,0.0,-64.53126,-61.989582,NaN
2018-08-22T12:00:00Z,0.0,-64.53126,-61.989582,NaN
2018-08-23T12:00:00Z,0.0,-64.53126,-61.989582,NaN
2018-08-24T12:00:00Z,0.0,-64.53126,-61.989582,NaN
2018-08-25T12:00:00Z,0.0,-64.53126,-61.989582,NaN
2018-08-26T12:00:00Z,0.0,-64.53126,-61.989582,NaN
2018-08-27T12:00:00Z,0.0,-64.53126,-61.989582,NaN
2018-08-28T12:00:00Z,0.0,-64.53126,-61.989582,NaN
2018-08-29T12:00:00Z,0.0,-64.53126,-61.989582,NaN
2018-08-30T12:00:00Z,0.0,-64.53126,-61.989582,NaN
2018-08-31T12:00:00Z,0.0,-64.53126,-61.989582,NaN
2018-09-01T12:00:00Z,0.0,-64.53126,-61.989582,NaN
2018-09-02T12:00:00Z,0.0,-64.53126,-61.989582,NaN
2018-09-03T12:00:00Z,0.0,-64.53126,-61.989582,NaN
2018-09-04T12:00:00Z,0.0,-64.53126,-61.989582,NaN
2018-09-05T12:00:00Z,0.0,-64.53126,-61.989582,NaN
2018-09-06T12:00:00Z,0.0,-64.53126,-61.989582,NaN
2018-09-07T12:00:00Z,0.0,-64.53126,-61.989582,NaN
2018-09-08T12:00:00Z,0.0,-64.53126,-61.989582,NaN
2018-09-09T12:00:00Z,0.0,-64.53126,-61.989582,NaN
2018-09-10T12:00:00Z,0.0,-64.53126,-61.989582,NaN
2018-09-11T12:00:00Z,0.0,-64.53126,-61.989582,NaN
2018-09-12T12:00:00Z,0.0,-64.53126,-61.989582,NaN
2018-09-13T12:00:00Z,0.0,-64.53126,-61.989582,NaN
2018-09-14T12:00:00Z,0.0,-64.53126,-61.989582,NaN
2018-09-15T12:00:00Z,0.0,-64.53126,-61.989582,NaN
2018-09-16T12:00:00Z,0.0,-64.53126,-61.989582,NaN
2018-09-17T12:00:00Z,0.0,-64.53126,-61.989582,NaN
2018-09-18T12:00:00Z,0.0,-64.53126,-61.989582,NaN
2018-09-19T12:00:00Z,0.0,-64.53126,-61.989582,NaN
2018-09-20T12:00:00Z,0.0,-64.53126,-61.989582,NaN
2018-09-21T12:00:00Z,0.0,-64.53126,-61.989582,NaN
2018-09-22T12:00:00Z,0.0,-64.53126,-61.989582,NaN
2018-09-23T12:00:00Z,0.0,-64.53126,-61.989582,NaN
2018-09-24T12:00:00Z,0.0,-64.53126,-61.989582,NaN
2018-09-25T12:00:00Z,0.0,-64.53126,-61.989582,NaN
2018-09-26T12:00:00Z,0.0,-64.53126,-61.989582,NaN
2018-09-27T12:00:00Z,0.0,-64.53126,-61.989582,NaN
2018-09-28T12:00:00Z,0.0,-64.53126,-61.989582,NaN
2018-09-29T12:00:00Z,0.0,-64.53126,-61.989582,NaN
2018-09-30T12:00:00Z,0.0,-64.53126,-61.989582,NaN
2018-10-01T12:00:00Z,0.0,-64.53126,-61.989582,NaN
2018-10-02T12:00:00Z,0.0,-64.53126,-61.989582,NaN
2018-10-03T12:00:00Z,0.0,-64.53126,-61.989582,NaN
2018-10-04T12:00:00Z,0.0,-64.53126,-61.989582,NaN
2018-10-05T12:00:00Z,0.0,-64.53126,-61.989582,NaN
2018-10-06T12:00:00Z,0.0,-64.53126,-61.989582,NaN
2018-10-07T12:00:00Z,0.0,-64.53126,-61.989582,NaN
2018-10-08T12:00:00Z,0.0,-64.53126,-61.989582,NaN
2018-10-09T12:00:00Z,0.0,-64.53126,-61.989582,NaN
2018-10-10T12:00:00Z,0.0,-64.53126,-61.989582,NaN
2018-10-11T12:00:00Z,0.0,-64.53126,-61.989582,NaN
2018-10-12T12:00:00Z,0.0,-64.53126,-61.989582,NaN
2018-10-13T12:00:00Z,0.0,-64.53126,-61.989582,NaN
2018-10-14T12:00:00Z,0.0,-64.53126,-61.989582,NaN
2018-10-15T12:00:00Z,0.0,-64.53126,-61.989582,NaN
2018-10-16T12:00:00Z,0.0,-64.53126,-61.989582,NaN
2018-10-17T12:00:00Z,0.0,-64.53126,-61.989582,NaN
2018-10-18T12:00:00Z,0.0,-64.53126,-61.989582,NaN
2018-10-19T12:00:00Z,0.0,-64.53126,-61.989582,NaN
2018-10-20T12:00:00Z,0.0,-64.53126,-61.989582,0.09447127
2018-10-21T12:00:00Z,0.0,-64.53126,-61.989582,0.12609772
2018-10-22T12:00:00Z,0.0,-64.53126,-61.989582,0.08126716
2018-10-23T12:00:00Z,0.0,-64.53126,-61.989582,0.09066697
2018-10-24T12:00:00Z,0.0,-64.53126,-61.989582,0.08054889
2018-10-25T12:00:00Z,0.0,-64.53126,-61.989582,0.09442286
2018-10-26T12:00:00Z,0.0,-64.53126,-61.989582,0.07425381
2018-10-27T12:00:00Z,0.0,-64.53126,-61.989582,0.08055658
2018-10-28T12:00:00Z,0.0,-64.53126,-61.989582,0.09570482
2018-10-29T12:00:00Z,0.0,-64.53126,-61.989582,0.08749414
2018-10-30T12:00:00Z,0.0,-64.53126,-61.989582,0.08065184
2018-10-31T12:00:00Z,0.0,-64.53126,-61.989582,0.0864661
2018-11-01T12:00:00Z,0.0,-64.53126,-61.989582,0.083223306
2018-11-02T12:00:00Z,0.0,-64.53126,-61.989582,0.08361362
2018-11-03T12:00:00Z,0.0,-64.53126,-61.989582,0.09914849
2018-11-04T12:00:00Z,0.0,-64.53126,-61.989582,0.10071281
2018-11-05T12:00:00Z,0.0,-64.53126,-61.989582,0.08605624
2018-11-06T12:00:00Z,0.0,-64.53126,-61.989582,0.08346063
2018-11-07T12:00:00Z,0.0,-64.53126,-61.989582,0.095136054
2018-11-08T12:00:00Z,0.0,-64.53126,-61.989582,0.09262249
2018-11-09T12:00:00Z,0.0,-64.53126,-61.989582,0.085789114
2018-11-10T12:00:00Z,0.0,-64.53126,-61.989582,0.08563524
2018-11-11T12:00:00Z,0.0,-64.53126,-61.989582,0.08253505
2018-11-12T12:00:00Z,0.0,-64.53126,-61.989582,0.100417756
2018-11-13T12:00:00Z,0.0,-64.53126,-61.989582,0.13699175
2018-11-14T12:00:00Z,0.0,-64.53126,-61.989582,0.13955411
2018-11-15T12:00:00Z,0.0,-64.53126,-61.989582,0.1551086
2018-11-16T12:00:00Z,0.0,-64.53126,-61.989582,0.1704597
2018-11-17T12:00:00Z,0.0,-64.53126,-61.989582,0.14584902
2018-11-18T12:00:00Z,0.0,-64.53126,-61.989582,0.1537398
2018-11-19T12:00:00Z,0.0,-64.53126,-61.989582,0.1426861
2018-11-20T12:00:00Z,0.0,-64.53126,-61.989582,0.14291026
2018-11-21T12:00:00Z,0.0,-64.53126,-61.989582,0.16715112
2018-11-22T12:00:00Z,0.0,-64.53126,-61.989582,0.1799704
2018-11-23T12:00:00Z,0.0,-64.53126,-61.989582,0.18618965
2018-11-24T12:00:00Z,0.0,-64.53126,-61.989582,0.17176798
2018-11-25T12:00:00Z,0.0,-64.53126,-61.989582,0.13110021
2018-11-26T12:00:00Z,0.0,-64.53126,-61.989582,0.11826514
2018-11-27T12:00:00Z,0.0,-64.53126,-61.989582,0.15650834
2018-11-28T12:00:00Z,0.0,-64.53126,-61.989582,0.14783373
2018-11-29T12:00:00Z,0.0,-64.53126,-61.989582,0.15086615
2018-11-30T12:00:00Z,0.0,-64.53126,-61.989582,0.14510067
2018-12-01T12:00:00Z,0.0,-64.53126,-61.989582,0.15584931
2018-12-02T12:00:00Z,0.0,-64.53126,-61.989582,0.15218338
2018-12-03T12:00:00Z,0.0,-64.53126,-61.989582,0.1725405
2018-12-04T12:00:00Z,0.0,-64.53126,-61.989582,0.16983637
2018-12-05T12:00:00Z,0.0,-64.53126,-61.989582,0.19281767
2018-12-06T12:00:00Z,0.0,-64.53126,-61.989582,0.19974685
2018-12-07T12:00:00Z,0.0,-64.53126,-61.989582,0.19681537
2018-12-08T12:00:00Z,0.0,-64.53126,-61.989582,0.2094224
2018-12-09T12:00:00Z,0.0,-64.53126,-61.989582,0.20543353
2018-12-10T12:00:00Z,0.0,-64.53126,-61.989582,0.2093799
2018-12-11T12:00:00Z,0.0,-64.53126,-61.989582,0.19605598
2018-12-12T12:00:00Z,0.0,-64.53126,-61.989582,0.21757019
2018-12-13T12:00:00Z,0.0,-64.53126,-61.989582,0.20042267
2018-12-14T12:00:00Z,0.0,-64.53126,-61.989582,0.20110467
2018-12-15T12:00:00Z,0.0,-64.53126,-61.989582,0.19821945
2018-12-16T12:00:00Z,0.0,-64.53126,-61.989582,0.20645756
2018-12-17T12:00:00Z,0.0,-64.53126,-61.989582,0.19206057
2018-12-18T12:00:00Z,0.0,-64.53126,-61.989582,0.19928454
2018-12-19T12:00:00Z,0.0,-64.53126,-61.989582,0.20653039
2018-12-20T12:00:00Z,0.0,-64.53126,-61.989582,0.21597908
2018-12-21T12:00:00Z,0.0,-64.53126,-61.989582,0.23071899
2018-12-22T12:00:00Z,0.0,-64.53126,-61.989582,0.23876561
2018-12-23T12:00:00Z,0.0,-64.53126,-61.989582,0.23095243
2018-12-24T12:00:00Z,0.0,-64.53126,-61.989582,0.23328333
2018-12-25T12:00:00Z,0.0,-64.53126,-61.989582,0.2413077
2018-12-26T12:00:00Z,0.0,-64.53126,-61.989582,0.24436498
2018-12-27T12:00:00Z,0.0,-64.53126,-61.989582,0.24135679
2018-12-28T12:00:00Z,0.0,-64.53126,-61.989582,0.24386862
2018-12-29T12:00:00Z,0.0,-64.53126,-61.989582,0.24434815
2018-12-30T12:00:00Z,0.0,-64.53126,-61.989582,0.2549543
2018-12-31T12:00:00Z,0.0,-64.53126,-61.989582,0.25987187
2019-01-01T12:00:00Z,0.0,-64.53126,-61.989582,0.27043745
2019-01-02T12:00:00Z,0.0,-64.53126,-61.989582,0.26941487
2019-01-03T12:00:00Z,0.0,-64.53126,-61.989582,0.25425375
2019-01-04T12:00:00Z,0.0,-64.53126,-61.989582,0.27783036
2019-01-05T12:00:00Z,0.0,-64.53126,-61.989582,0.27821943
2019-01-06T12:00:00Z,0.0,-64.53126,-61.989582,0.28057903
2019-01-07T12:00:00Z,0.0,-64.53126,-61.989582,0.3076783
2019-01-08T12:00:00Z,0.0,-64.53126,-61.989582,0.3159461
2019-01-09T12:00:00Z,0.0,-64.53126,-61.989582,0.3112599
2019-01-10T12:00:00Z,0.0,-64.53126,-61.989582,0.28148016
2019-01-11T12:00:00Z,0.0,-64.53126,-61.989582,0.28098643
2019-01-12T12:00:00Z,0.0,-64.53126,-61.989582,0.28329685
2019-01-13T12:00:00Z,0.0,-64.53126,-61.989582,0.2772844
2019-01-14T12:00:00Z,0.0,-64.53126,-61.989582,0.27683708
2019-01-15T12:00:00Z,0.0,-64.53126,-61.989582,0.2742543
2019-01-16T12:00:00Z,0.0,-64.53126,-61.989582,0.28098813
2019-01-17T12:00:00Z,0.0,-64.53126,-61.989582,0.27800003
2019-01-18T12:00:00Z,0.0,-64.53126,-61.989582,0.28108832
2019-01-19T12:00:00Z,0.0,-64.53126,-61.989582,0.27132252
2019-01-20T12:00:00Z,0.0,-64.53126,-61.989582,0.27669716
2019-01-21T12:00:00Z,0.0,-64.53126,-61.989582,0.28054938
2019-01-22T12:00:00Z,0.0,-64.53126,-61.989582,0.26863003
2019-01-23T12:00:00Z,0.0,-64.53126,-61.989582,0.2650328
2019-01-24T12:00:00Z,0.0,-64.53126,-61.989582,0.26163873
2019-01-25T12:00:00Z,0.0,-64.53126,-61.989582,0.2599999
2019-01-26T12:00:00Z,0.0,-64.53126,-61.989582,0.24855813
2019-01-27T12:00:00Z,0.0,-64.53126,-61.989582,0.24340914
2019-01-28T12:00:00Z,0.0,-64.53126,-61.989582,0.24458122
2019-01-29T12:00:00Z,0.0,-64.53126,-61.989582,0.24249144
2019-01-30T12:00:00Z,0.0,-64.53126,-61.989582,0.24118312
2019-01-31T12:00:00Z,0.0,-64.53126,-61.989582,0.23529804
2019-02-01T12:00:00Z,0.0,-64.53126,-61.989582,0.2504937
2019-02-02T12:00:00Z,0.0,-64.53126,-61.989582,0.2487794
2019-02-03T12:00:00Z,0.0,-64.53126,-61.989582,0.26796448
2019-02-04T12:00:00Z,0.0,-64.53126,-61.989582,0.26684842
2019-02-05T12:00:00Z,0.0,-64.53126,-61.989582,0.26130655
2019-02-06T12:00:00Z,0.0,-64.53126,-61.989582,0.26098093
2019-02-07T12:00:00Z,0.0,-64.53126,-61.989582,0.25918853
2019-02-08T12:00:00Z,0.0,-64.53126,-61.989582,0.26955903
2019-02-09T12:00:00Z,0.0,-64.53126,-61.989582,0.2723371
2019-02-10T12:00:00Z,0.0,-64.53126,-61.989582,0.27709854
2019-02-11T12:00:00Z,0.0,-64.53126,-61.989582,0.29560095
2019-02-12T12:00:00Z,0.0,-64.53126,-61.989582,0.29119262
2019-02-13T12:00:00Z,0.0,-64.53126,-61.989582,0.29636848
2019-02-14T12:00:00Z,0.0,-64.53126,-61.989582,0.29537123
2019-02-15T12:00:00Z,0.0,-64.53126,-61.989582,0.31762353
2019-02-16T12:00:00Z,0.0,-64.53126,-61.989582,0.3263768
2019-02-17T12:00:00Z,0.0,-64.53126,-61.989582,0.33006194
2019-02-18T12:00:00Z,0.0,-64.53126,-61.989582,0.2662643
2019-02-19T12:00:00Z,0.0,-64.53126,-61.989582,0.24957311
2019-02-20T12:00:00Z,0.0,-64.53126,-61.989582,0.24292009
2019-02-21T12:00:00Z,0.0,-64.53126,-61.989582,0.21438731
2019-02-22T12:00:00Z,0.0,-64.53126,-61.989582,0.22890192
2019-02-23T12:00:00Z,0.0,-64.53126,-61.989582,0.23992284
2019-02-24T12:00:00Z,0.0,-64.53126,-61.989582,0.22871457
2019-02-25T12:00:00Z,0.0,-64.53126,-61.989582,0.22850022
2019-02-26T12:00:00Z,0.0,-64.53126,-61.989582,0.22160697
2019-02-27T12:00:00Z,0.0,-64.53126,-61.989582,0.22602892
2019-02-28T12:00:00Z,0.0,-64.53126,-61.989582,0.23272558
2019-03-01T12:00:00Z,0.0,-64.53126,-61.989582,0.23023984
2019-03-02T12:00:00Z,0.0,-64.53126,-61.989582,0.21830773
2019-03-03T12:00:00Z,0.0,-64.53126,-61.989582,0.21724653
2019-03-04T12:00:00Z,0.0,-64.53126,-61.989582,0.21492477
2019-03-05T12:00:00Z,0.0,-64.53126,-61.989582,0.21909599
2019-03-06T12:00:00Z,0.0,-64.53126,-61.989582,0.21868908
2019-03-07T12:00:00Z,0.0,-64.53126,-61.989582,0.20663479
2019-03-08T12:00:00Z,0.0,-64.53126,-61.989582,0.21072955
2019-03-09T12:00:00Z,0.0,-64.53126,-61.989582,0.21076383
2019-03-10T12:00:00Z,0.0,-64.53126,-61.989582,0.20528649
2019-03-11T12:00:00Z,0.0,-64.53126,-61.989582,0.20848043
2019-03-12T12:00:00Z,0.0,-64.53126,-61.989582,0.2124392
2019-03-13T12:00:00Z,0.0,-64.53126,-61.989582,0.20776016
2019-03-14T12:00:00Z,0.0,-64.53126,-61.989582,0.21589963
2019-03-15T12:00:00Z,0.0,-64.53126,-61.989582,NaN
2019-03-16T12:00:00Z,0.0,-64.53126,-61.989582,NaN
2019-03-17T12:00:00Z,0.0,-64.53126,-61.989582,NaN
2019-03-18T12:00:00Z,0.0,-64.53126,-61.989582,NaN
2019-03-19T12:00:00Z,0.0,-64.53126,-61.989582,NaN
2019-03-20T12:00:00Z,0.0,-64.53126,-61.989582,NaN
2019-03-21T12:00:00Z,0.0,-64.53126,-61.989582,NaN
2019-03-22T12:00:00Z,0.0,-64.53126,-61.989582,NaN
2019-03-23T12:00:00Z,0.0,-64.53126,-61.989582,NaN
2019-03-24T12:00:00Z,0.0,-64.53126,-61.989582,NaN
2019-03-25T12:00:00Z,0.0,-64.53126,-61.989582,NaN
2019-03-26T12:00:00Z,0.0,-64.53126,-61.989582,NaN
2019-03-27T12:00:00Z,0.0,-64.53126,-61.989582,NaN
2019-03-28T12:00:00Z,0.0,-64.53126,-61.989582,NaN
2019-03-29T12:00:00Z,0.0,-64.53126,-61.989582,NaN
2019-03-30T12:00:00Z,0.0,-64.53126,-61.989582,NaN
2019-03-31T12:00:00Z,0.0,-64.53126,-61.989582,NaN
2019-04-01T12:00:00Z,0.0,-64.53126,-61.989582,NaN
2019-04-02T12:00:00Z,0.0,-64.53126,-61.989582,NaN
2019-04-03T12:00:00Z,0.0,-64.53126,-61.989582,NaN
2019-04-04T12:00:00Z,0.0,-64.53126,-61.989582,NaN
2019-04-05T12:00:00Z,0.0,-64.53126,-61.989582,NaN
2019-04-06T12:00:00Z,0.0,-64.53126,-61.989582,NaN
2019-04-07T12:00:00Z,0.0,-64.53126,-61.989582,NaN
2019-04-08T12:00:00Z,0.0,-64.53126,-61.989582,NaN
2019-04-09T12:00:00Z,0.0,-64.53126,-61.989582,NaN
2019-04-10T12:00:00Z,0.0,-64.53126,-61.989582,NaN
2019-04-11T12:00:00Z,0.0,-64.53126,-61.989582,NaN
2019-04-12T12:00:00Z,0.0,-64.53126,-61.989582,NaN
2019-04-13T12:00:00Z,0.0,-64.53126,-61.989582,NaN
2019-04-14T12:00:00Z,0.0,-64.53126,-61.989582,NaN
2019-04-15T12:00:00Z,0.0,-64.53126,-61.989582,NaN
2019-04-16T12:00:00Z,0.0,-64.53126,-61.989582,NaN
2019-04-17T12:00:00Z,0.0,-64.53126,-61.989582,NaN
2019-04-18T12:00:00Z,0.0,-64.53126,-61.989582,NaN
2019-04-19T12:00:00Z,0.0,-64.53126,-61.989582,NaN
2019-04-20T12:00:00Z,0.0,-64.53126,-61.989582,NaN
2019-04-21T12:00:00Z,0.0,-64.53126,-61.989582,NaN
2019-04-22T12:00:00Z,0.0,-64.53126,-61.989582,NaN
2019-04-23T12:00:00Z,0.0,-64.53126,-61.989582,NaN
2019-04-24T12:00:00Z,0.0,-64.53126,-61.989582,NaN
2019-04-25T12:00:00Z,0.0,-64.53126,-61.989582,NaN
2019-04-26T12:00:00Z,0.0,-64.53126,-61.989582,NaN
2019-04-27T12:00:00Z,0.0,-64.53126,-61.989582,NaN
2019-04-28T12:00:00Z,0.0,-64.53126,-61.989582,NaN
2019-04-29T12:00:00Z,0.0,-64.53126,-61.989582,NaN
2019-04-30T12:00:00Z,0.0,-64.53126,-61.989582,NaN
2019-05-01T12:00:00Z,0.0,-64.53126,-61.989582,NaN
2019-05-02T12:00:00Z,0.0,-64.53126,-61.989582,NaN
2019-05-03T12:00:00Z,0.0,-64.53126,-61.989582,NaN
2019-05-04T12:00:00Z,0.0,-64.53126,-61.989582,NaN
2019-05-05T12:00:00Z,0.0,-64.53126,-61.989582,NaN
2019-05-06T12:00:00Z,0.0,-64.53126,-61.989582,NaN
2019-05-07T12:00:00Z,0.0,-64.53126,-61.989582,NaN
2019-05-08T12:00:00Z,0.0,-64.53126,-61.989582,NaN
2019-05-09T12:00:00Z,0.0,-64.53126,-61.989582,NaN
2019-05-10T12:00:00Z,0.0,-64.53126,-61.989582,NaN
2019-05-11T12:00:00Z,0.0,-64.53126,-61.989582,NaN
2019-05-12T12:00:00Z,0.0,-64.53126,-61.989582,NaN
2019-05-13T12:00:00Z,0.0,-64.53126,-61.989582,NaN
2019-05-14T12:00:00Z,0.0,-64.53126,-61.989582,NaN
2019-05-15T12:00:00Z,0.0,-64.53126,-61.989582,NaN
2019-05-16T12:00:00Z,0.0,-64.53126,-61.989582,NaN
2019-05-17T12:00:00Z,0.0,-64.53126,-61.989582,NaN
2019-05-18T12:00:00Z,0.0,-64.53126,-61.989582,NaN
2019-05-19T12:00:00Z,0.0,-64.53126,-61.989582,NaN
2019-05-20T12:00:00Z,0.0,-64.53126,-61.989582,NaN
2019-05-21T12:00:00Z,0.0,-64.53126,-61.989582,NaN
2019-05-22T12:00:00Z,0.0,-64.53126,-61.989582,NaN
2019-05-23T12:00:00Z,0.0,-64.53126,-61.989582,NaN
2019-05-24T12:00:00Z,0.0,-64.53126,-61.989582,NaN
2019-05-25T12:00:00Z,0.0,-64.53126,-61.989582,NaN
2019-05-26T12:00:00Z,0.0,-64.53126,-61.989582,NaN
2019-05-27T12:00:00Z,0.0,-64.53126,-61.989582,NaN
2019-05-28T12:00:00Z,0.0,-64.53126,-61.989582,NaN
2019-05-29T12:00:00Z,0.0,-64.53126,-61.989582,NaN
2019-05-30T12:00:00Z,0.0,-64.53126,-61.989582,NaN
2019-05-31T12:00:00Z,0.0,-64.53126,-61.989582,NaN
2019-06-01T12:00:00Z,0.0,-64.53126,-61.989582,NaN
2019-06-02T12:00:00Z,0.0,-64.53126,-61.989582,NaN
2019-06-03T12:00:00Z,0.0,-64.53126,-61.989582,NaN
2019-06-04T12:00:00Z,0.0,-64.53126,-61.989582,NaN
2019-06-05T12:00:00Z,0.0,-64.53126,-61.989582,NaN
2019-06-06T12:00:00Z,0.0,-64.53126,-61.989582,NaN
2019-06-07T12:00:00Z,0.0,-64.53126,-61.989582,NaN
2019-06-08T12:00:00Z,0.0,-64.53126,-61.989582,NaN
2019-06-09T12:00:00Z,0.0,-64.53126,-61.989582,NaN
2019-06-10T12:00:00Z,0.0,-64.53126,-61.989582,NaN
2019-06-11T12:00:00Z,0.0,-64.53126,-61.989582,NaN
2019-06-12T12:00:00Z,0.0,-64.53126,-61.989582,NaN
2019-06-13T12:00:00Z,0.0,-64.53126,-61.989582,NaN
2019-06-14T12:00:00Z,0.0,-64.53126,-61.989582,NaN
2019-06-15T12:00:00Z,0.0,-64.53126,-61.989582,NaN
2019-06-16T12:00:00Z,0.0,-64.53126,-61.989582,NaN
2019-06-17T12:00:00Z,0.0,-64.53126,-61.989582,NaN
2019-06-18T12:00:00Z,0.0,-64.53126,-61.989582,NaN
2019-06-19T12:00:00Z,0.0,-64.53126,-61.989582,NaN
2019-06-20T12:00:00Z,0.0,-64.53126,-61.989582,NaN
2019-06-21T12:00:00Z,0.0,-64.53126,-61.989582,NaN
2019-06-22T12:00:00Z,0.0,-64.53126,-61.989582,NaN
2019-06-23T12:00:00Z,0.0,-64.53126,-61.989582,NaN
2019-06-24T12:00:00Z,0.0,-64.53126,-61.989582,NaN
2019-06-25T12:00:00Z,0.0,-64.53126,-61.989582,NaN
2019-06-26T12:00:00Z,0.0,-64.53126,-61.989582,NaN
2019-06-27T12:00:00Z,0.0,-64.53126,-61.989582,NaN
2019-06-28T12:00:00Z,0.0,-64.53126,-61.989582,NaN
2019-06-29T12:00:00Z,0.0,-64.53126,-61.989582,NaN
2019-06-30T12:00:00Z,0.0,-64.53126,-61.989582,NaN
2019-07-01T12:00:00Z,0.0,-64.53126,-61.989582,NaN
2019-07-02T12:00:00Z,0.0,-64.53126,-61.989582,NaN
2019-07-03T12:00:00Z,0.0,-64.53126,-61.989582,NaN
2019-07-04T12:00:00Z,0.0,-64.53126,-61.989582,NaN
2019-07-05T12:00:00Z,0.0,-64.53126,-61.989582,NaN
2019-07-06T12:00:00Z,0.0,-64.53126,-61.989582,NaN
2019-07-07T12:00:00Z,0.0,-64.53126,-61.989582,NaN
2019-07-08T12:00:00Z,0.0,-64.53126,-61.989582,NaN
2019-07-09T12:00:00Z,0.0,-64.53126,-61.989582,NaN
2019-07-10T12:00:00Z,0.0,-64.53126,-61.989582,NaN
2019-07-11T12:00:00Z,0.0,-64.53126,-61.989582,NaN
2019-07-12T12:00:00Z,0.0,-64.53126,-61.989582,NaN
2019-07-13T12:00:00Z,0.0,-64.53126,-61.989582,NaN
2019-07-14T12:00:00Z,0.0,-64.53126,-61.989582,NaN
2019-07-15T12:00:00Z,0.0,-64.53126,-61.989582,NaN
2019-07-16T12:00:00Z,0.0,-64.53126,-61.989582,NaN
2019-07-17T12:00:00Z,0.0,-64.53126,-61.989582,NaN
2019-07-18T12:00:00Z,0.0,-64.53126,-61.989582,NaN
2019-07-19T12:00:00Z,0.0,-64.53126,-61.989582,NaN
2019-07-20T12:00:00Z,0.0,-64.53126,-61.989582,NaN
2019-07-21T12:00:00Z,0.0,-64.53126,-61.989582,NaN
2019-07-22T12:00:00Z,0.0,-64.53126,-61.989582,NaN
2019-07-23T12:00:00Z,0.0,-64.53126,-61.989582,NaN
2019-07-24T12:00:00Z,0.0,-64.53126,-61.989582,NaN
2019-07-25T12:00:00Z,0.0,-64.53126,-61.989582,NaN
2019-07-26T12:00:00Z,0.0,-64.53126,-61.989582,NaN
2019-07-27T12:00:00Z,0.0,-64.53126,-61.989582,NaN
2019-07-28T12:00:00Z,0.0,-64.53126,-61.989582,NaN
2019-07-29T12:00:00Z,0.0,-64.53126,-61.989582,NaN
2019-07-30T12:00:00Z,0.0,-64.53126,-61.989582,NaN
2019-07-31T12:00:00Z,0.0,-64.53126,-61.989582,NaN
2019-08-01T12:00:00Z,0.0,-64.53126,-61.989582,NaN
2019-08-02T12:00:00Z,0.0,-64.53126,-61.989582,NaN
2019-08-03T12:00:00Z,0.0,-64.53126,-61.989582,NaN
2019-08-04T12:00:00Z,0.0,-64.53126,-61.989582,NaN
2019-08-05T12:00:00Z,0.0,-64.53126,-61.989582,NaN
2019-08-06T12:00:00Z,0.0,-64.53126,-61.989582,NaN
2019-08-07T12:00:00Z,0.0,-64.53126,-61.989582,NaN
2019-08-08T12:00:00Z,0.0,-64.53126,-61.989582,NaN
2019-08-09T12:00:00Z,0.0,-64.53126,-61.989582,NaN
2019-08-10T12:00:00Z,0.0,-64.53126,-61.989582,NaN
2019-08-11T12:00:00Z,0.0,-64.53126,-61.989582,NaN
2019-08-12T12:00:00Z,0.0,-64.53126,-61.989582,NaN
2019-08-13T12:00:00Z,0.0,-64.53126,-61.989582,NaN
2019-08-14T12:00:00Z,0.0,-64.53126,-61.989582,NaN
2019-08-15T12:00:00Z,0.0,-64.53126,-61.989582,NaN
2019-08-16T12:00:00Z,0.0,-64.53126,-61.989582,NaN
2019-08-17T12:00:00Z,0.0,-64.53126,-61.989582,NaN
2019-08-18T12:00:00Z,0.0,-64.53126,-61.989582,NaN
2019-08-19T12:00:00Z,0.0,-64.53126,-61.989582,NaN
2019-08-20T12:00:00Z,0.0,-64.53126,-61.989582,NaN
2019-08-21T12:00:00Z,0.0,-64.53126,-61.989582,NaN
2019-08-22T12:00:00Z,0.0,-64.53126,-61.989582,NaN
2019-08-23T12:00:00Z,0.0,-64.53126,-61.989582,NaN
2019-08-24T12:00:00Z,0.0,-64.53126,-61.989582,NaN
2019-08-25T12:00:00Z,0.0,-64.53126,-61.989582,NaN
2019-08-26T12:00:00Z,0.0,-64.53126,-61.989582,NaN
2019-08-27T12:00:00Z,0.0,-64.53126,-61.989582,NaN
2019-08-28T12:00:00Z,0.0,-64.53126,-61.989582,NaN
2019-08-29T12:00:00Z,0.0,-64.53126,-61.989582,NaN
2019-08-30T12:00:00Z,0.0,-64.53126,-61.989582,NaN
2019-08-31T12:00:00Z,0.0,-64.53126,-61.989582,NaN
2019-09-01T12:00:00Z,0.0,-64.53126,-61.989582,NaN
2019-09-02T12:00:00Z,0.0,-64.53126,-61.989582,NaN
2019-09-03T12:00:00Z,0.0,-64.53126,-61.989582,NaN
2019-09-04T12:00:00Z,0.0,-64.53126,-61.989582,NaN
2019-09-05T12:00:00Z,0.0,-64.53126,-61.989582,NaN
2019-09-06T12:00:00Z,0.0,-64.53126,-61.989582,NaN
2019-09-07T12:00:00Z,0.0,-64.53126,-61.989582,NaN
2019-09-08T12:00:00Z,0.0,-64.53126,-61.989582,NaN
2019-09-09T12:00:00Z,0.0,-64.53126,-61.989582,NaN
2019-09-10T12:00:00Z,0.0,-64.53126,-61.989582,NaN
2019-09-11T12:00:00Z,0.0,-64.53126,-61.989582,NaN
2019-09-12T12:00:00Z,0.0,-64.53126,-61.989582,NaN
2019-09-13T12:00:00Z,0.0,-64.53126,-61.989582,NaN
2019-09-14T12:00:00Z,0.0,-64.53126,-61.989582,NaN
2019-09-15T12:00:00Z,0.0,-64.53126,-61.989582,NaN
2019-09-16T12:00:00Z,0.0,-64.53126,-61.989582,NaN
2019-09-17T12:00:00Z,0.0,-64.53126,-61.989582,NaN
2019-09-18T12:00:00Z,0.0,-64.53126,-61.989582,NaN
2019-09-19T12:00:00Z,0.0,-64.53126,-61.989582,NaN
2019-09-20T12:00:00Z,0.0,-64.53126,-61.989582,NaN
2019-09-21T12:00:00Z,0.0,-64.53126,-61.989582,NaN
2019-09-22T12:00:00Z,0.0,-64.53126,-61.989582,NaN
2019-09-23T12:00:00Z,0.0,-64.53126,-61.989582,NaN
2019-09-24T12:00:00Z,0.0,-64.53126,-61.989582,NaN
2019-09-25T12:00:00Z,0.0,-64.53126,-61.989582,NaN
2019-09-26T12:00:00Z,0.0,-64.53126,-61.989582,NaN
2019-09-27T12:00:00Z,0.0,-64.53126,-61.989582,NaN
2019-09-28T12:00:00Z,0.0,-64.53126,-61.989582,NaN
2019-09-29T12:00:00Z,0.0,-64.53126,-61.989582,NaN
2019-09-30T12:00:00Z,0.0,-64.53126,-61.989582,NaN
2019-10-01T12:00:00Z,0.0,-64.53126,-61.989582,NaN
2019-10-02T12:00:00Z,0.0,-64.53126,-61.989582,NaN
2019-10-03T12:00:00Z,0.0,-64.53126,-61.989582,NaN
2019-10-04T12:00:00Z,0.0,-64.53126,-61.989582,NaN
2019-10-05T12:00:00Z,0.0,-64.53126,-61.989582,NaN
2019-10-06T12:00:00Z,0.0,-64.53126,-61.989582,NaN
2019-10-07T12:00:00Z,0.0,-64.53126,-61.989582,NaN
2019-10-08T12:00:00Z,0.0,-64.53126,-61.989582,NaN
2019-10-09T12:00:00Z,0.0,-64.53126,-61.989582,NaN
2019-10-10T12:00:00Z,0.0,-64.53126,-61.989582,NaN
2019-10-11T12:00:00Z,0.0,-64.53126,-61.989582,NaN
2019-10-12T12:00:00Z,0.0,-64.53126,-61.989582,NaN
2019-10-13T12:00:00Z,0.0,-64.53126,-61.989582,NaN
2019-10-14T12:00:00Z,0.0,-64.53126,-61.989582,NaN
2019-10-15T12:00:00Z,0.0,-64.53126,-61.989582,NaN
2019-10-16T12:00:00Z,0.0,-64.53126,-61.989582,NaN
2019-10-17T12:00:00Z,0.0,-64.53126,-61.989582,NaN
2019-10-18T12:00:00Z,0.0,-64.53126,-61.989582,NaN
2019-10-19T12:00:00Z,0.0,-64.53126,-61.989582,NaN
2019-10-20T12:00:00Z,0.0,-64.53126,-61.989582,0.12248923
2019-10-21T12:00:00Z,0.0,-64.53126,-61.989582,0.12056184
2019-10-22T12:00:00Z,0.0,-64.53126,-61.989582,0.11934624
2019-10-23T12:00:00Z,0.0,-64.53126,-61.989582,0.11456208
2019-10-24T12:00:00Z,0.0,-64.53126,-61.989582,0.11408108
2019-10-25T12:00:00Z,0.0,-64.53126,-61.989582,0.11400032
2019-10-26T12:00:00Z,0.0,-64.53126,-61.989582,0.11407892
2019-10-27T12:00:00Z,0.0,-64.53126,-61.989582,0.115310945
2019-10-28T12:00:00Z,0.0,-64.53126,-61.989582,0.10352391
2019-10-29T12:00:00Z,0.0,-64.53126,-61.989582,0.09638267
2019-10-30T12:00:00Z,0.0,-64.53126,-61.989582,0.07718482
2019-10-31T12:00:00Z,0.0,-64.53126,-61.989582,0.09320409
2019-11-01T12:00:00Z,0.0,-64.53126,-61.989582,0.09426344
2019-11-02T12:00:00Z,0.0,-64.53126,-61.989582,0.09947967
2019-11-03T12:00:00Z,0.0,-64.53126,-61.989582,0.10660226
2019-11-04T12:00:00Z,0.0,-64.53126,-61.989582,0.13208605
2019-11-05T12:00:00Z,0.0,-64.53126,-61.989582,0.1395769
2019-11-06T12:00:00Z,0.0,-64.53126,-61.989582,0.13969487
2019-11-07T12:00:00Z,0.0,-64.53126,-61.989582,0.10814507
2019-11-08T12:00:00Z,0.0,-64.53126,-61.989582,0.12097562
2019-11-09T12:00:00Z,0.0,-64.53126,-61.989582,0.11323786
2019-11-10T12:00:00Z,0.0,-64.53126,-61.989582,0.08632976
2019-11-11T12:00:00Z,0.0,-64.53126,-61.989582,0.11515784
2019-11-12T12:00:00Z,0.0,-64.53126,-61.989582,0.09723122
2019-11-13T12:00:00Z,0.0,-64.53126,-61.989582,0.15463872
2019-11-14T12:00:00Z,0.0,-64.53126,-61.989582,0.18568714
2019-11-15T12:00:00Z,0.0,-64.53126,-61.989582,0.18940696
2019-11-16T12:00:00Z,0.0,-64.53126,-61.989582,0.1863057
2019-11-17T12:00:00Z,0.0,-64.53126,-61.989582,0.18773602
2019-11-18T12:00:00Z,0.0,-64.53126,-61.989582,0.220188
2019-11-19T12:00:00Z,0.0,-64.53126,-61.989582,0.2253918
2019-11-20T12:00:00Z,0.0,-64.53126,-61.989582,0.21144599
2019-11-21T12:00:00Z,0.0,-64.53126,-61.989582,0.22383894
2019-11-22T12:00:00Z,0.0,-64.53126,-61.989582,0.21753119
2019-11-23T12:00:00Z,0.0,-64.53126,-61.989582,0.22345458
2019-11-24T12:00:00Z,0.0,-64.53126,-61.989582,0.23942953
2019-11-25T12:00:00Z,0.0,-64.53126,-61.989582,0.25611073
2019-11-26T12:00:00Z,0.0,-64.53126,-61.989582,0.25727475
2019-11-27T12:00:00Z,0.0,-64.53126,-61.989582,0.21853814
2019-11-28T12:00:00Z,0.0,-64.53126,-61.989582,0.20238447
2019-11-29T12:00:00Z,0.0,-64.53126,-61.989582,0.24019891
2019-11-30T12:00:00Z,0.0,-64.53126,-61.989582,0.26071092
2019-12-01T12:00:00Z,0.0,-64.53126,-61.989582,0.268778
2019-12-02T12:00:00Z,0.0,-64.53126,-61.989582,0.34286147
2019-12-03T12:00:00Z,0.0,-64.53126,-61.989582,0.36238307
2019-12-04T12:00:00Z,0.0,-64.53126,-61.989582,0.3319156
2019-12-05T12:00:00Z,0.0,-64.53126,-61.989582,0.32918486
2019-12-06T12:00:00Z,0.0,-64.53126,-61.989582,0.31853566
2019-12-07T12:00:00Z,0.0,-64.53126,-61.989582,0.30784008
2019-12-08T12:00:00Z,0.0,-64.53126,-61.989582,0.2521132
2019-12-09T12:00:00Z,0.0,-64.53126,-61.989582,0.29305416
2019-12-10T12:00:00Z,0.0,-64.53126,-61.989582,0.30830878
2019-12-11T12:00:00Z,0.0,-64.53126,-61.989582,0.3053391
2019-12-12T12:00:00Z,0.0,-64.53126,-61.989582,0.30974722
2019-12-13T12:00:00Z,0.0,-64.53126,-61.989582,0.31023884
2019-12-14T12:00:00Z,0.0,-64.53126,-61.989582,0.31653458
2019-12-15T12:00:00Z,0.0,-64.53126,-61.989582,0.31646085
2019-12-16T12:00:00Z,0.0,-64.53126,-61.989582,0.3241823
2019-12-17T12:00:00Z,0.0,-64.53126,-61.989582,0.33016446
2019-12-18T12:00:00Z,0.0,-64.53126,-61.989582,0.33502662
2019-12-19T12:00:00Z,0.0,-64.53126,-61.989582,0.33050612
2019-12-20T12:00:00Z,0.0,-64.53126,-61.989582,0.32667854
2019-12-21T12:00:00Z,0.0,-64.53126,-61.989582,0.32242504
2019-12-22T12:00:00Z,0.0,-64.53126,-61.989582,0.3327634
2019-12-23T12:00:00Z,0.0,-64.53126,-61.989582,0.33071715
2019-12-24T12:00:00Z,0.0,-64.53126,-61.989582,0.34035107
2019-12-25T12:00:00Z,0.0,-64.53126,-61.989582,0.36441723
2019-12-26T12:00:00Z,0.0,-64.53126,-61.989582,0.3691262
2019-12-27T12:00:00Z,0.0,-64.53126,-61.989582,0.36631337
2019-12-28T12:00:00Z,0.0,-64.53126,-61.989582,0.30778483
2019-12-29T12:00:00Z,0.0,-64.53126,-61.989582,0.3150881
2019-12-30T12:00:00Z,0.0,-64.53126,-61.989582,0.32402065
2019-12-31T12:00:00Z,0.0,-64.53126,-61.989582,0.32328746
2020-01-01T12:00:00Z,0.0,-64.53126,-61.989582,0.31708238
2020-01-02T12:00:00Z,0.0,-64.53126,-61.989582,0.3139728
2020-01-03T12:00:00Z,0.0,-64.53126,-61.989582,0.30285287
2020-01-04T12:00:00Z,0.0,-64.53126,-61.989582,0.28701532
2020-01-05T12:00:00Z,0.0,-64.53126,-61.989582,0.28012416
2020-01-06T12:00:00Z,0.0,-64.53126,-61.989582,0.27043465
2020-01-07T12:00:00Z,0.0,-64.53126,-61.989582,0.28455102
2020-01-08T12:00:00Z,0.0,-64.53126,-61.989582,0.28223252
2020-01-09T12:00:00Z,0.0,-64.53126,-61.989582,0.27512094
2020-01-10T12:00:00Z,0.0,-64.53126,-61.989582,0.26353243
2020-01-11T12:00:00Z,0.0,-64.53126,-61.989582,0.24763459
2020-01-12T12:00:00Z,0.0,-64.53126,-61.989582,0.2530175
2020-01-13T12:00:00Z,0.0,-64.53126,-61.989582,0.25633493
2020-01-14T12:00:00Z,0.0,-64.53126,-61.989582,0.25277737
2020-01-15T12:00:00Z,0.0,-64.53126,-61.989582,0.2629198
2020-01-16T12:00:00Z,0.0,-64.53126,-61.989582,0.2174852
2020-01-17T12:00:00Z,0.0,-64.53126,-61.989582,0.23422365
2020-01-18T12:00:00Z,0.0,-64.53126,-61.989582,0.23664463
2020-01-19T12:00:00Z,0.0,-64.53126,-61.989582,0.23061232
2020-01-20T12:00:00Z,0.0,-64.53126,-61.989582,0.27532932
2020-01-21T12:00:00Z,0.0,-64.53126,-61.989582,0.26986504
2020-01-22T12:00:00Z,0.0,-64.53126,-61.989582,0.25460622
2020-01-23T12:00:00Z,0.0,-64.53126,-61.989582,0.28490454
2020-01-24T12:00:00Z,0.0,-64.53126,-61.989582,0.3280334
2020-01-25T12:00:00Z,0.0,-64.53126,-61.989582,0.34481528
2020-01-26T12:00:00Z,0.0,-64.53126,-61.989582,0.3512893
2020-01-27T12:00:00Z,0.0,-64.53126,-61.989582,0.3926689
2020-01-28T12:00:00Z,0.0,-64.53126,-61.989582,0.3853724
2020-01-29T12:00:00Z,0.0,-64.53126,-61.989582,0.4021941
2020-01-30T12:00:00Z,0.0,-64.53126,-61.989582,0.3924952
2020-01-31T12:00:00Z,0.0,-64.53126,-61.989582,0.4249709
2020-02-01T12:00:00Z,0.0,-64.53126,-61.989582,0.43673086
2020-02-02T12:00:00Z,0.0,-64.53126,-61.989582,0.40478247
2020-02-03T12:00:00Z,0.0,-64.53126,-61.989582,0.28234586
2020-02-04T12:00:00Z,0.0,-64.53126,-61.989582,0.27296534
2020-02-05T12:00:00Z,0.0,-64.53126,-61.989582,0.27648017
2020-02-06T12:00:00Z,0.0,-64.53126,-61.989582,0.269008
2020-02-07T12:00:00Z,0.0,-64.53126,-61.989582,0.30299976
2020-02-08T12:00:00Z,0.0,-64.53126,-61.989582,0.29122818
2020-02-09T12:00:00Z,0.0,-64.53126,-61.989582,0.287787
2020-02-10T12:00:00Z,0.0,-64.53126,-61.989582,0.2816759
2020-02-11T12:00:00Z,0.0,-64.53126,-61.989582,0.2818315
2020-02-12T12:00:00Z,0.0,-64.53126,-61.989582,0.27878025
2020-02-13T12:00:00Z,0.0,-64.53126,-61.989582,0.27967036
2020-02-14T12:00:00Z,0.0,-64.53126,-61.989582,0.2757688
2020-02-15T12:00:00Z,0.0,-64.53126,-61.989582,0.26914817
2020-02-16T12:00:00Z,0.0,-64.53126,-61.989582,0.27003512
2020-02-17T12:00:00Z,0.0,-64.53126,-61.989582,0.26745036
2020-02-18T12:00:00Z,0.0,-64.53126,-61.989582,0.23467323
2020-02-19T12:00:00Z,0.0,-64.53126,-61.989582,0.28433576
2020-02-20T12:00:00Z,0.0,-64.53126,-61.989582,0.27346018
2020-02-21T12:00:00Z,0.0,-64.53126,-61.989582,0.27877256
2020-02-22T12:00:00Z,0.0,-64.53126,-61.989582,0.26998743
2020-02-23T12:00:00Z,0.0,-64.53126,-61.989582,0.26860067
2020-02-24T12:00:00Z,0.0,-64.53126,-61.989582,0.26973674
2020-02-25T12:00:00Z,0.0,-64.53126,-61.989582,0.25335643
2020-02-26T12:00:00Z,0.0,-64.53126,-61.989582,0.254843
2020-02-27T12:00:00Z,0.0,-64.53126,-61.989582,0.24729304
2020-02-28T12:00:00Z,0.0,-64.53126,-61.989582,0.24614345
2020-02-29T12:00:00Z,0.0,-64.53126,-61.989582,0.24704696
2020-03-01T12:00:00Z,0.0,-64.53126,-61.989582,0.2382386
2020-03-02T12:00:00Z,0.0,-64.53126,-61.989582,0.23297472
2020-03-03T12:00:00Z,0.0,-64.53126,-61.989582,0.22124566
2020-03-04T12:00:00Z,0.0,-64.53126,-61.989582,0.21584044
2020-03-05T12:00:00Z,0.0,-64.53126,-61.989582,0.21947615
2020-03-06T12:00:00Z,0.0,-64.53126,-61.989582,0.21146041
2020-03-07T12:00:00Z,0.0,-64.53126,-61.989582,0.21196195
2020-03-08T12:00:00Z,0.0,-64.53126,-61.989582,0.21781087
2020-03-09T12:00:00Z,0.0,-64.53126,-61.989582,0.22029603
2020-03-10T12:00:00Z,0.0,-64.53126,-61.989582,0.20668998
2020-03-11T12:00:00Z,0.0,-64.53126,-61.989582,0.20862846
2020-03-12T12:00:00Z,0.0,-64.53126,-61.989582,0.1995763
2020-03-13T12:00:00Z,0.0,-64.53126,-61.989582,0.19525148
2020-03-14T12:00:00Z,0.0,-64.53126,-61.989582,NaN
2020-03-15T12:00:00Z,0.0,-64.53126,-61.989582,NaN
2020-03-16T12:00:00Z,0.0,-64.53126,-61.989582,NaN
2020-03-17T12:00:00Z,0.0,-64.53126,-61.989582,NaN
2020-03-18T12:00:00Z,0.0,-64.53126,-61.989582,NaN
2020-03-19T12:00:00Z,0.0,-64.53126,-61.989582,NaN
2020-03-20T12:00:00Z,0.0,-64.53126,-61.989582,NaN
2020-03-21T12:00:00Z,0.0,-64.53126,-61.989582,NaN
2020-03-22T12:00:00Z,0.0,-64.53126,-61.989582,NaN
2020-03-23T12:00:00Z,0.0,-64.53126,-61.989582,NaN
2020-03-24T12:00:00Z,0.0,-64.53126,-61.989582,NaN
2020-03-25T12:00:00Z,0.0,-64.53126,-61.989582,NaN
2020-03-26T12:00:00Z,0.0,-64.53126,-61.989582,NaN
2020-03-27T12:00:00Z,0.0,-64.53126,-61.989582,NaN
2020-03-28T12:00:00Z,0.0,-64.53126,-61.989582,NaN
2020-03-29T12:00:00Z,0.0,-64.53126,-61.989582,NaN
2020-03-30T12:00:00Z,0.0,-64.53126,-61.989582,NaN
2020-03-31T12:00:00Z,0.0,-64.53126,-61.989582,NaN
2020-04-01T12:00:00Z,0.0,-64.53126,-61.989582,NaN
2020-04-02T12:00:00Z,0.0,-64.53126,-61.989582,NaN
2020-04-03T12:00:00Z,0.0,-64.53126,-61.989582,NaN
2020-04-04T12:00:00Z,0.0,-64.53126,-61.989582,NaN
2020-04-05T12:00:00Z,0.0,-64.53126,-61.989582,NaN
2020-04-06T12:00:00Z,0.0,-64.53126,-61.989582,NaN
2020-04-07T12:00:00Z,0.0,-64.53126,-61.989582,NaN
2020-04-08T12:00:00Z,0.0,-64.53126,-61.989582,NaN
2020-04-09T12:00:00Z,0.0,-64.53126,-61.989582,NaN
2020-04-10T12:00:00Z,0.0,-64.53126,-61.989582,NaN
2020-04-11T12:00:00Z,0.0,-64.53126,-61.989582,NaN
2020-04-12T12:00:00Z,0.0,-64.53126,-61.989582,NaN
2020-04-13T12:00:00Z,0.0,-64.53126,-61.989582,NaN
2020-04-14T12:00:00Z,0.0,-64.53126,-61.989582,NaN
2020-04-15T12:00:00Z,0.0,-64.53126,-61.989582,NaN
2020-04-16T12:00:00Z,0.0,-64.53126,-61.989582,NaN
2020-04-17T12:00:00Z,0.0,-64.53126,-61.989582,NaN
2020-04-18T12:00:00Z,0.0,-64.53126,-61.989582,NaN
2020-04-19T12:00:00Z,0.0,-64.53126,-61.989582,NaN
2020-04-20T12:00:00Z,0.0,-64.53126,-61.989582,NaN
2020-04-21T12:00:00Z,0.0,-64.53126,-61.989582,NaN
2020-04-22T12:00:00Z,0.0,-64.53126,-61.989582,NaN
2020-04-23T12:00:00Z,0.0,-64.53126,-61.989582,NaN
2020-04-24T12:00:00Z,0.0,-64.53126,-61.989582,NaN
2020-04-25T12:00:00Z,0.0,-64.53126,-61.989582,NaN
2020-04-26T12:00:00Z,0.0,-64.53126,-61.989582,NaN
2020-04-27T12:00:00Z,0.0,-64.53126,-61.989582,NaN
2020-04-28T12:00:00Z,0.0,-64.53126,-61.989582,NaN
2020-04-29T12:00:00Z,0.0,-64.53126,-61.989582,NaN
2020-04-30T12:00:00Z,0.0,-64.53126,-61.989582,NaN
2020-05-01T12:00:00Z,0.0,-64.53126,-61.989582,NaN
2020-05-02T12:00:00Z,0.0,-64.53126,-61.989582,NaN
2020-05-03T12:00:00Z,0.0,-64.53126,-61.989582,NaN
2020-05-04T12:00:00Z,0.0,-64.53126,-61.989582,NaN
2020-05-05T12:00:00Z,0.0,-64.53126,-61.989582,NaN
2020-05-06T12:00:00Z,0.0,-64.53126,-61.989582,NaN
2020-05-07T12:00:00Z,0.0,-64.53126,-61.989582,NaN
2020-05-08T12:00:00Z,0.0,-64.53126,-61.989582,NaN
2020-05-09T12:00:00Z,0.0,-64.53126,-61.989582,NaN
2020-05-10T12:00:00Z,0.0,-64.53126,-61.989582,NaN
2020-05-11T12:00:00Z,0.0,-64.53126,-61.989582,NaN
2020-05-12T12:00:00Z,0.0,-64.53126,-61.989582,NaN
2020-05-13T12:00:00Z,0.0,-64.53126,-61.989582,NaN
2020-05-14T12:00:00Z,0.0,-64.53126,-61.989582,NaN
2020-05-15T12:00:00Z,0.0,-64.53126,-61.989582,NaN
2020-05-16T12:00:00Z,0.0,-64.53126,-61.989582,NaN
2020-05-17T12:00:00Z,0.0,-64.53126,-61.989582,NaN
2020-05-18T12:00:00Z,0.0,-64.53126,-61.989582,NaN
2020-05-19T12:00:00Z,0.0,-64.53126,-61.989582,NaN
2020-05-20T12:00:00Z,0.0,-64.53126,-61.989582,NaN
2020-05-21T12:00:00Z,0.0,-64.53126,-61.989582,NaN
2020-05-22T12:00:00Z,0.0,-64.53126,-61.989582,NaN
2020-05-23T12:00:00Z,0.0,-64.53126,-61.989582,NaN
2020-05-24T12:00:00Z,0.0,-64.53126,-61.989582,NaN
2020-05-25T12:00:00Z,0.0,-64.53126,-61.989582,NaN
2020-05-26T12:00:00Z,0.0,-64.53126,-61.989582,NaN
2020-05-27T12:00:00Z,0.0,-64.53126,-61.989582,NaN
2020-05-28T12:00:00Z,0.0,-64.53126,-61.989582,NaN
2020-05-29T12:00:00Z,0.0,-64.53126,-61.989582,NaN
2020-05-30T12:00:00Z,0.0,-64.53126,-61.989582,NaN
2020-05-31T12:00:00Z,0.0,-64.53126,-61.989582,NaN
2020-06-01T12:00:00Z,0.0,-64.53126,-61.989582,NaN
2020-06-02T12:00:00Z,0.0,-64.53126,-61.989582,NaN
2020-06-03T12:00:00Z,0.0,-64.53126,-61.989582,NaN
2020-06-04T12:00:00Z,0.0,-64.53126,-61.989582,NaN
2020-06-05T12:00:00Z,0.0,-64.53126,-61.989582,NaN
2020-06-06T12:00:00Z,0.0,-64.53126,-61.989582,NaN
2020-06-07T12:00:00Z,0.0,-64.53126,-61.989582,NaN
2020-06-08T12:00:00Z,0.0,-64.53126,-61.989582,NaN
2020-06-09T12:00:00Z,0.0,-64.53126,-61.989582,NaN
2020-06-10T12:00:00Z,0.0,-64.53126,-61.989582,NaN
2020-06-11T12:00:00Z,0.0,-64.53126,-61.989582,NaN
2020-06-12T12:00:00Z,0.0,-64.53126,-61.989582,NaN
2020-06-13T12:00:00Z,0.0,-64.53126,-61.989582,NaN
2020-06-14T12:00:00Z,0.0,-64.53126,-61.989582,NaN
2020-06-15T12:00:00Z,0.0,-64.53126,-61.989582,NaN
2020-06-16T12:00:00Z,0.0,-64.53126,-61.989582,NaN
2020-06-17T12:00:00Z,0.0,-64.53126,-61.989582,NaN
2020-06-18T12:00:00Z,0.0,-64.53126,-61.989582,NaN
2020-06-19T12:00:00Z,0.0,-64.53126,-61.989582,NaN
2020-06-20T12:00:00Z,0.0,-64.53126,-61.989582,NaN
2020-06-21T12:00:00Z,0.0,-64.53126,-61.989582,NaN
2020-06-22T12:00:00Z,0.0,-64.53126,-61.989582,NaN
2020-06-23T12:00:00Z,0.0,-64.53126,-61.989582,NaN
2020-06-24T12:00:00Z,0.0,-64.53126,-61.989582,NaN
2020-06-25T12:00:00Z,0.0,-64.53126,-61.989582,NaN
2020-06-26T12:00:00Z,0.0,-64.53126,-61.989582,NaN
2020-06-27T12:00:00Z,0.0,-64.53126,-61.989582,NaN
2020-06-28T12:00:00Z,0.0,-64.53126,-61.989582,NaN
2020-06-29T12:00:00Z,0.0,-64.53126,-61.989582,NaN
2020-06-30T12:00:00Z,0.0,-64.53126,-61.989582,NaN
2020-07-01T12:00:00Z,0.0,-64.53126,-61.989582,NaN
2020-07-02T12:00:00Z,0.0,-64.53126,-61.989582,NaN
2020-07-03T12:00:00Z,0.0,-64.53126,-61.989582,NaN
2020-07-04T12:00:00Z,0.0,-64.53126,-61.989582,NaN
2020-07-05T12:00:00Z,0.0,-64.53126,-61.989582,NaN
2020-07-06T12:00:00Z,0.0,-64.53126,-61.989582,NaN
2020-07-07T12:00:00Z,0.0,-64.53126,-61.989582,NaN
2020-07-08T12:00:00Z,0.0,-64.53126,-61.989582,NaN
2020-07-09T12:00:00Z,0.0,-64.53126,-61.989582,NaN
2020-07-10T12:00:00Z,0.0,-64.53126,-61.989582,NaN
2020-07-11T12:00:00Z,0.0,-64.53126,-61.989582,NaN
2020-07-12T12:00:00Z,0.0,-64.53126,-61.989582,NaN
2020-07-13T12:00:00Z,0.0,-64.53126,-61.989582,NaN
2020-07-14T12:00:00Z,0.0,-64.53126,-61.989582,NaN
2020-07-15T12:00:00Z,0.0,-64.53126,-61.989582,NaN
2020-07-16T12:00:00Z,0.0,-64.53126,-61.989582,NaN
2020-07-17T12:00:00Z,0.0,-64.53126,-61.989582,NaN
2020-07-18T12:00:00Z,0.0,-64.53126,-61.989582,NaN
2020-07-19T12:00:00Z,0.0,-64.53126,-61.989582,NaN
2020-07-20T12:00:00Z,0.0,-64.53126,-61.989582,NaN
2020-07-21T12:00:00Z,0.0,-64.53126,-61.989582,NaN
2020-07-22T12:00:00Z,0.0,-64.53126,-61.989582,NaN
2020-07-23T12:00:00Z,0.0,-64.53126,-61.989582,NaN
2020-07-24T12:00:00Z,0.0,-64.53126,-61.989582,NaN
2020-07-25T12:00:00Z,0.0,-64.53126,-61.989582,NaN
2020-07-26T12:00:00Z,0.0,-64.53126,-61.989582,NaN
2020-07-27T12:00:00Z,0.0,-64.53126,-61.989582,NaN
2020-07-28T12:00:00Z,0.0,-64.53126,-61.989582,NaN
2020-07-29T12:00:00Z,0.0,-64.53126,-61.989582,NaN
2020-07-30T12:00:00Z,0.0,-64.53126,-61.989582,NaN
2020-07-31T12:00:00Z,0.0,-64.53126,-61.989582,NaN
2020-08-01T12:00:00Z,0.0,-64.53126,-61.989582,NaN
2020-08-02T12:00:00Z,0.0,-64.53126,-61.989582,NaN
2020-08-03T12:00:00Z,0.0,-64.53126,-61.989582,NaN
2020-08-04T12:00:00Z,0.0,-64.53126,-61.989582,NaN
2020-08-05T12:00:00Z,0.0,-64.53126,-61.989582,NaN
2020-08-06T12:00:00Z,0.0,-64.53126,-61.989582,NaN
2020-08-07T12:00:00Z,0.0,-64.53126,-61.989582,NaN
2020-08-08T12:00:00Z,0.0,-64.53126,-61.989582,NaN
2020-08-09T12:00:00Z,0.0,-64.53126,-61.989582,NaN
2020-08-10T12:00:00Z,0.0,-64.53126,-61.989582,NaN
2020-08-11T12:00:00Z,0.0,-64.53126,-61.989582,NaN
2020-08-12T12:00:00Z,0.0,-64.53126,-61.989582,NaN
2020-08-13T12:00:00Z,0.0,-64.53126,-61.989582,NaN
2020-08-14T12:00:00Z,0.0,-64.53126,-61.989582,NaN
2020-08-15T12:00:00Z,0.0,-64.53126,-61.989582,NaN
2020-08-16T12:00:00Z,0.0,-64.53126,-61.989582,NaN
2020-08-17T12:00:00Z,0.0,-64.53126,-61.989582,NaN
2020-08-18T12:00:00Z,0.0,-64.53126,-61.989582,NaN
2020-08-19T12:00:00Z,0.0,-64.53126,-61.989582,NaN
2020-08-20T12:00:00Z,0.0,-64.53126,-61.989582,NaN
2020-08-21T12:00:00Z,0.0,-64.53126,-61.989582,NaN
2020-08-22T12:00:00Z,0.0,-64.53126,-61.989582,NaN
2020-08-23T12:00:00Z,0.0,-64.53126,-61.989582,NaN
2020-08-24T12:00:00Z,0.0,-64.53126,-61.989582,NaN
2020-08-25T12:00:00Z,0.0,-64.53126,-61.989582,NaN
2020-08-26T12:00:00Z,0.0,-64.53126,-61.989582,NaN
2020-08-27T12:00:00Z,0.0,-64.53126,-61.989582,NaN
2020-08-28T12:00:00Z,0.0,-64.53126,-61.989582,NaN
2020-08-29T12:00:00Z,0.0,-64.53126,-61.989582,NaN
2020-08-30T12:00:00Z,0.0,-64.53126,-61.989582,NaN
2020-08-31T12:00:00Z,0.0,-64.53126,-61.989582,NaN
2020-09-01T12:00:00Z,0.0,-64.53126,-61.989582,NaN
2020-09-02T12:00:00Z,0.0,-64.53126,-61.989582,NaN
2020-09-03T12:00:00Z,0.0,-64.53126,-61.989582,NaN
2020-09-04T12:00:00Z,0.0,-64.53126,-61.989582,NaN
2020-09-05T12:00:00Z,0.0,-64.53126,-61.989582,NaN
2020-09-06T12:00:00Z,0.0,-64.53126,-61.989582,NaN
2020-09-07T12:00:00Z,0.0,-64.53126,-61.989582,NaN
2020-09-08T12:00:00Z,0.0,-64.53126,-61.989582,NaN
2020-09-09T12:00:00Z,0.0,-64.53126,-61.989582,NaN
2020-09-10T12:00:00Z,0.0,-64.53126,-61.989582,NaN
2020-09-11T12:00:00Z,0.0,-64.53126,-61.989582,NaN
2020-09-12T12:00:00Z,0.0,-64.53126,-61.989582,NaN
2020-09-13T12:00:00Z,0.0,-64.53126,-61.989582,NaN
2020-09-14T12:00:00Z,0.0,-64.53126,-61.989582,NaN
2020-09-15T12:00:00Z,0.0,-64.53126,-61.989582,NaN
2020-09-16T12:00:00Z,0.0,-64.53126,-61.989582,NaN
2020-09-17T12:00:00Z,0.0,-64.53126,-61.989582,NaN
2020-09-18T12:00:00Z,0.0,-64.53126,-61.989582,NaN
2020-09-19T12:00:00Z,0.0,-64.53126,-61.989582,NaN
2020-09-20T12:00:00Z,0.0,-64.53126,-61.989582,NaN
2020-09-21T12:00:00Z,0.0,-64.53126,-61.989582,NaN
2020-09-22T12:00:00Z,0.0,-64.53126,-61.989582,NaN
2020-09-23T12:00:00Z,0.0,-64.53126,-61.989582,NaN
2020-09-24T12:00:00Z,0.0,-64.53126,-61.989582,NaN
2020-09-25T12:00:00Z,0.0,-64.53126,-61.989582,NaN
2020-09-26T12:00:00Z,0.0,-64.53126,-61.989582,NaN
2020-09-27T12:00:00Z,0.0,-64.53126,-61.989582,NaN
2020-09-28T12:00:00Z,0.0,-64.53126,-61.989582,NaN
2020-09-29T12:00:00Z,0.0,-64.53126,-61.989582,NaN
2020-09-30T12:00:00Z,0.0,-64.53126,-61.989582,NaN
2020-10-01T12:00:00Z,0.0,-64.53126,-61.989582,NaN
2020-10-02T12:00:00Z,0.0,-64.53126,-61.989582,NaN
2020-10-03T12:00:00Z,0.0,-64.53126,-61.989582,NaN
2020-10-04T12:00:00Z,0.0,-64.53126,-61.989582,NaN
2020-10-05T12:00:00Z,0.0,-64.53126,-61.989582,NaN
2020-10-06T12:00:00Z,0.0,-64.53126,-61.989582,NaN
2020-10-07T12:00:00Z,0.0,-64.53126,-61.989582,NaN
2020-10-08T12:00:00Z,0.0,-64.53126,-61.989582,NaN
2020-10-09T12:00:00Z,0.0,-64.53126,-61.989582,NaN
2020-10-10T12:00:00Z,0.0,-64.53126,-61.989582,NaN
2020-10-11T12:00:00Z,0.0,-64.53126,-61.989582,NaN
2020-10-12T12:00:00Z,0.0,-64.53126,-61.989582,NaN
2020-10-13T12:00:00Z,0.0,-64.53126,-61.989582,NaN
2020-10-14T12:00:00Z,0.0,-64.53126,-61.989582,NaN
2020-10-15T12:00:00Z,0.0,-64.53126,-61.989582,NaN
2020-10-16T12:00:00Z,0.0,-64.53126,-61.989582,NaN
2020-10-17T12:00:00Z,0.0,-64.53126,-61.989582,NaN
2020-10-18T12:00:00Z,0.0,-64.53126,-61.989582,NaN
2020-10-19T12:00:00Z,0.0,-64.53126,-61.989582,0.16428886
2020-10-20T12:00:00Z,0.0,-64.53126,-61.989582,0.16388586
2020-10-21T12:00:00Z,0.0,-64.53126,-61.989582,0.16416612
2020-10-22T12:00:00Z,0.0,-64.53126,-61.989582,0.16485004
2020-10-23T12:00:00Z,0.0,-64.53126,-61.989582,0.16525468
2020-10-24T12:00:00Z,0.0,-64.53126,-61.989582,0.16627799
2020-10-25T12:00:00Z,0.0,-64.53126,-61.989582,0.16625002
2020-10-26T12:00:00Z,0.0,-64.53126,-61.989582,0.16681358
2020-10-27T12:00:00Z,0.0,-64.53126,-61.989582,0.1665855
2020-10-28T12:00:00Z,0.0,-64.53126,-61.989582,0.058318164
2020-10-29T12:00:00Z,0.0,-64.53126,-61.989582,0.16770162
2020-10-30T12:00:00Z,0.0,-64.53126,-61.989582,0.16761467
2020-10-31T12:00:00Z,0.0,-64.53126,-61.989582,0.11927235
2020-11-01T12:00:00Z,0.0,-64.53126,-61.989582,0.16758801
2020-11-02T12:00:00Z,0.0,-64.53126,-61.989582,0.16796821
2020-11-03T12:00:00Z,0.0,-64.53126,-61.989582,0.118067585
2020-11-04T12:00:00Z,0.0,-64.53126,-61.989582,0.09885224
2020-11-05T12:00:00Z,0.0,-64.53126,-61.989582,0.10647791
2020-11-06T12:00:00Z,0.0,-64.53126,-61.989582,0.120026864
2020-11-07T12:00:00Z,0.0,-64.53126,-61.989582,0.098250434
2020-11-08T12:00:00Z,0.0,-64.53126,-61.989582,0.102795154
2020-11-09T12:00:00Z,0.0,-64.53126,-61.989582,0.114972
2020-11-10T12:00:00Z,0.0,-64.53126,-61.989582,0.10179983
2020-11-11T12:00:00Z,0.0,-64.53126,-61.989582,0.107039236
2020-11-12T12:00:00Z,0.0,-64.53126,-61.989582,0.13525149
2020-11-13T12:00:00Z,0.0,-64.53126,-61.989582,0.11715545
2020-11-14T12:00:00Z,0.0,-64.53126,-61.989582,0.13578421
2020-11-15T12:00:00Z,0.0,-64.53126,-61.989582,0.1353571
2020-11-16T12:00:00Z,0.0,-64.53126,-61.989582,0.117050245
2020-11-17T12:00:00Z,0.0,-64.53126,-61.989582,0.124316126
2020-11-18T12:00:00Z,0.0,-64.53126,-61.989582,0.12002019
2020-11-19T12:00:00Z,0.0,-64.53126,-61.989582,0.12402661
2020-11-20T12:00:00Z,0.0,-64.53126,-61.989582,0.13337837
2020-11-21T12:00:00Z,0.0,-64.53126,-61.989582,0.13299717
2020-11-22T12:00:00Z,0.0,-64.53126,-61.989582,0.14347698
2020-11-23T12:00:00Z,0.0,-64.53126,-61.989582,0.13894412
2020-11-24T12:00:00Z,0.0,-64.53126,-61.989582,0.13887653
2020-11-25T12:00:00Z,0.0,-64.53126,-61.989582,0.13357213
2020-11-26T12:00:00Z,0.0,-64.53126,-61.989582,0.117348075
2020-11-27T12:00:00Z,0.0,-64.53126,-61.989582,0.10487039
2020-11-28T12:00:00Z,0.0,-64.53126,-61.989582,0.11759607
2020-11-29T12:00:00Z,0.0,-64.53126,-61.989582,0.111436345
2020-11-30T12:00:00Z,0.0,-64.53126,-61.989582,0.12581341
2020-12-01T12:00:00Z,0.0,-64.53126,-61.989582,0.14260842
2020-12-02T12:00:00Z,0.0,-64.53126,-61.989582,0.13882425
2020-12-03T12:00:00Z,0.0,-64.53126,-61.989582,0.14285141
2020-12-04T12:00:00Z,0.0,-64.53126,-61.989582,0.15520461
2020-12-05T12:00:00Z,0.0,-64.53126,-61.989582,0.13919538
2020-12-06T12:00:00Z,0.0,-64.53126,-61.989582,0.14535788
2020-12-07T12:00:00Z,0.0,-64.53126,-61.989582,0.13177525
2020-12-08T12:00:00Z,0.0,-64.53126,-61.989582,0.15103343
2020-12-09T12:00:00Z,0.0,-64.53126,-61.989582,0.13457237
2020-12-10T12:00:00Z,0.0,-64.53126,-61.989582,0.13625881
2020-12-11T12:00:00Z,0.0,-64.53126,-61.989582,0.14753772
2020-12-12T12:00:00Z,0.0,-64.53126,-61.989582,0.1376955
2020-12-13T12:00:00Z,0.0,-64.53126,-61.989582,0.13385776
2020-12-14T12:00:00Z,0.0,-64.53126,-61.989582,0.13703589
2020-12-15T12:00:00Z,0.0,-64.53126,-61.989582,0.16563316
2020-12-16T12:00:00Z,0.0,-64.53126,-61.989582,0.20103945
2020-12-17T12:00:00Z,0.0,-64.53126,-61.989582,0.19484602
2020-12-18T12:00:00Z,0.0,-64.53126,-61.989582,0.18074112
2020-12-19T12:00:00Z,0.0,-64.53126,-61.989582,0.19465405
2020-12-20T12:00:00Z,0.0,-64.53126,-61.989582,0.21306846
2020-12-21T12:00:00Z,0.0,-64.53126,-61.989582,0.22222356
2020-12-22T12:00:00Z,0.0,-64.53126,-61.989582,0.21022505
2020-12-23T12:00:00Z,0.0,-64.53126,-61.989582,0.20532313
2020-12-24T12:00:00Z,0.0,-64.53126,-61.989582,0.25418827
2020-12-25T12:00:00Z,0.0,-64.53126,-61.989582,0.20081668
2020-12-26T12:00:00Z,0.0,-64.53126,-61.989582,0.19816796
2020-12-27T12:00:00Z,0.0,-64.53126,-61.989582,0.18740775
2020-12-28T12:00:00Z,0.0,-64.53126,-61.989582,0.1948138
2020-12-29T12:00:00Z,0.0,-64.53126,-61.989582,0.16715114
2020-12-30T12:00:00Z,0.0,-64.53126,-61.989582,0.16431202
2020-12-31T12:00:00Z,0.0,-64.53126,-61.989582,0.16480075
2021-01-01T12:00:00Z,0.0,-64.53126,-61.989582,0.16804095
2021-01-02T12:00:00Z,0.0,-64.53126,-61.989582,0.17134927
2021-01-03T12:00:00Z,0.0,-64.53126,-61.989582,0.16723163
2021-01-04T12:00:00Z,0.0,-64.53126,-61.989582,0.17871638
2021-01-05T12:00:00Z,0.0,-64.53126,-61.989582,0.17812899
2021-01-06T12:00:00Z,0.0,-64.53126,-61.989582,0.16830193
2021-01-07T12:00:00Z,0.0,-64.53126,-61.989582,0.17583902
2021-01-08T12:00:00Z,0.0,-64.53126,-61.989582,0.1677328
2021-01-09T12:00:00Z,0.0,-64.53126,-61.989582,0.16774347
2021-01-10T12:00:00Z,0.0,-64.53126,-61.989582,0.16563664
2021-01-11T12:00:00Z,0.0,-64.53126,-61.989582,0.19027458
2021-01-12T12:00:00Z,0.0,-64.53126,-61.989582,0.19349086
2021-01-13T12:00:00Z,0.0,-64.53126,-61.989582,0.21044616
2021-01-14T12:00:00Z,0.0,-64.53126,-61.989582,0.17782402
2021-01-15T12:00:00Z,0.0,-64.53126,-61.989582,0.20273165
2021-01-16T12:00:00Z,0.0,-64.53126,-61.989582,0.20611276
2021-01-17T12:00:00Z,0.0,-64.53126,-61.989582,0.23023337
2021-01-18T12:00:00Z,0.0,-64.53126,-61.989582,0.21747093
2021-01-19T12:00:00Z,0.0,-64.53126,-61.989582,0.21341436
2021-01-20T12:00:00Z,0.0,-64.53126,-61.989582,0.22420639
2021-01-21T12:00:00Z,0.0,-64.53126,-61.989582,0.23078676
2021-01-22T12:00:00Z,0.0,-64.53126,-61.989582,0.2194289
2021-01-23T12:00:00Z,0.0,-64.53126,-61.989582,0.2442452
2021-01-24T12:00:00Z,0.0,-64.53126,-61.989582,0.24264604
2021-01-25T12:00:00Z,0.0,-64.53126,-61.989582,0.23382472
2021-01-26T12:00:00Z,0.0,-64.53126,-61.989582,0.213445
2021-01-27T12:00:00Z,0.0,-64.53126,-61.989582,0.21547219
2021-01-28T12:00:00Z,0.0,-64.53126,-61.989582,0.2205025
2021-01-29T12:00:00Z,0.0,-64.53126,-61.989582,0.19271873
2021-01-30T12:00:00Z,0.0,-64.53126,-61.989582,0.18490364
2021-01-31T12:00:00Z,0.0,-64.53126,-61.989582,0.20159438
2021-02-01T12:00:00Z,0.0,-64.53126,-61.989582,0.20948727
2021-02-02T12:00:00Z,0.0,-64.53126,-61.989582,0.20603167
2021-02-03T12:00:00Z,0.0,-64.53126,-61.989582,0.20630847
2021-02-04T12:00:00Z,0.0,-64.53126,-61.989582,0.1956235
2021-02-05T12:00:00Z,0.0,-64.53126,-61.989582,0.19707054
2021-02-06T12:00:00Z,0.0,-64.53126,-61.989582,0.19766243
2021-02-07T12:00:00Z,0.0,-64.53126,-61.989582,0.1678664
2021-02-08T12:00:00Z,0.0,-64.53126,-61.989582,0.16459306
2021-02-09T12:00:00Z,0.0,-64.53126,-61.989582,0.16669014
2021-02-10T12:00:00Z,0.0,-64.53126,-61.989582,0.16165677
2021-02-11T12:00:00Z,0.0,-64.53126,-61.989582,0.1558921
2021-02-12T12:00:00Z,0.0,-64.53126,-61.989582,0.15956677
2021-02-13T12:00:00Z,0.0,-64.53126,-61.989582,0.14983174
2021-02-14T12:00:00Z,0.0,-64.53126,-61.989582,0.16132435
2021-02-15T12:00:00Z,0.0,-64.53126,-61.989582,0.1560111
2021-02-16T12:00:00Z,0.0,-64.53126,-61.989582,0.15569684
2021-02-17T12:00:00Z,0.0,-64.53126,-61.989582,0.122921355
2021-02-18T12:00:00Z,0.0,-64.53126,-61.989582,0.12539044
2021-02-19T12:00:00Z,0.0,-64.53126,-61.989582,0.12728089
2021-02-20T12:00:00Z,0.0,-64.53126,-61.989582,0.1183791
2021-02-21T12:00:00Z,0.0,-64.53126,-61.989582,0.17341913
2021-02-22T12:00:00Z,0.0,-64.53126,-61.989582,0.16871622
2021-02-23T12:00:00Z,0.0,-64.53126,-61.989582,0.19661796
2021-02-24T12:00:00Z,0.0,-64.53126,-61.989582,0.19795379
2021-02-25T12:00:00Z,0.0,-64.53126,-61.989582,0.19344713
2021-02-26T12:00:00Z,0.0,-64.53126,-61.989582,0.20094493
2021-02-27T12:00:00Z,0.0,-64.53126,-61.989582,0.19959114
2021-02-28T12:00:00Z,0.0,-64.53126,-61.989582,0.20436329
2021-03-01T12:00:00Z,0.0,-64.53126,-61.989582,0.19104338
2021-03-02T12:00:00Z,0.0,-64.53126,-61.989582,0.1866007
2021-03-03T12:00:00Z,0.0,-64.53126,-61.989582,0.19965144
2021-03-04T12:00:00Z,0.0,-64.53126,-61.989582,0.2026722
2021-03-05T12:00:00Z,0.0,-64.53126,-61.989582,0.21676145
2021-03-06T12:00:00Z,0.0,-64.53126,-61.989582,0.21405387
2021-03-07T12:00:00Z,0.0,-64.53126,-61.989582,0.22507863
2021-03-08T12:00:00Z,0.0,-64.53126,-61.989582,0.21532942
2021-03-09T12:00:00Z,0.0,-64.53126,-61.989582,0.18835501
2021-03-10T12:00:00Z,0.0,-64.53126,-61.989582,0.18878028
2021-03-11T12:00:00Z,0.0,-64.53126,-61.989582,0.18815349
2021-03-12T12:00:00Z,0.0,-64.53126,-61.989582,0.18630874
2021-03-13T12:00:00Z,0.0,-64.53126,-61.989582,0.18757907
2021-03-14T12:00:00Z,0.0,-64.53126,-61.989582,0.16080819
2021-03-15T12:00:00Z,0.0,-64.53126,-61.989582,NaN
2021-03-16T12:00:00Z,0.0,-64.53126,-61.989582,NaN
2021-03-17T12:00:00Z,0.0,-64.53126,-61.989582,NaN
2021-03-18T12:00:00Z,0.0,-64.53126,-61.989582,NaN
2021-03-19T12:00:00Z,0.0,-64.53126,-61.989582,NaN
2021-03-20T12:00:00Z,0.0,-64.53126,-61.989582,NaN
2021-03-21T12:00:00Z,0.0,-64.53126,-61.989582,NaN
2021-03-22T12:00:00Z,0.0,-64.53126,-61.989582,NaN
2021-03-23T12:00:00Z,0.0,-64.53126,-61.989582,NaN
2021-03-24T12:00:00Z,0.0,-64.53126,-61.989582,NaN
2021-03-25T12:00:00Z,0.0,-64.53126,-61.989582,NaN
2021-03-26T12:00:00Z,0.0,-64.53126,-61.989582,NaN
2021-03-27T12:00:00Z,0.0,-64.53126,-61.989582,NaN
2021-03-28T12:00:00Z,0.0,-64.53126,-61.989582,NaN
2021-03-29T12:00:00Z,0.0,-64.53126,-61.989582,NaN
2021-03-30T12:00:00Z,0.0,-64.53126,-61.989582,NaN
2021-03-31T12:00:00Z,0.0,-64.53126,-61.989582,NaN
2021-04-01T12:00:00Z,0.0,-64.53126,-61.989582,NaN
2021-04-02T12:00:00Z,0.0,-64.53126,-61.989582,NaN
2021-04-03T12:00:00Z,0.0,-64.53126,-61.989582,NaN
2021-04-04T12:00:00Z,0.0,-64.53126,-61.989582,NaN
2021-04-05T12:00:00Z,0.0,-64.53126,-61.989582,NaN
2021-04-06T12:00:00Z,0.0,-64.53126,-61.989582,NaN
2021-04-07T12:00:00Z,0.0,-64.53126,-61.989582,NaN
2021-04-08T12:00:00Z,0.0,-64.53126,-61.989582,NaN
2021-04-09T12:00:00Z,0.0,-64.53126,-61.989582,NaN
2021-04-10T12:00:00Z,0.0,-64.53126,-61.989582,NaN
2021-04-11T12:00:00Z,0.0,-64.53126,-61.989582,NaN
2021-04-12T12:00:00Z,0.0,-64.53126,-61.989582,NaN
2021-04-13T12:00:00Z,0.0,-64.53126,-61.989582,NaN
2021-04-14T12:00:00Z,0.0,-64.53126,-61.989582,NaN
2021-04-15T12:00:00Z,0.0,-64.53126,-61.989582,NaN
2021-04-16T12:00:00Z,0.0,-64.53126,-61.989582,NaN
2021-04-17T12:00:00Z,0.0,-64.53126,-61.989582,NaN
2021-04-18T12:00:00Z,0.0,-64.53126,-61.989582,NaN
2021-04-19T12:00:00Z,0.0,-64.53126,-61.989582,NaN
2021-04-20T12:00:00Z,0.0,-64.53126,-61.989582,NaN
2021-04-21T12:00:00Z,0.0,-64.53126,-61.989582,NaN
2021-04-22T12:00:00Z,0.0,-64.53126,-61.989582,NaN
2021-04-23T12:00:00Z,0.0,-64.53126,-61.989582,NaN
2021-04-24T12:00:00Z,0.0,-64.53126,-61.989582,NaN
2021-04-25T12:00:00Z,0.0,-64.53126,-61.989582,NaN
2021-04-26T12:00:00Z,0.0,-64.53126,-61.989582,NaN
2021-04-27T12:00:00Z,0.0,-64.53126,-61.989582,NaN
2021-04-28T12:00:00Z,0.0,-64.53126,-61.989582,NaN
2021-04-29T12:00:00Z,0.0,-64.53126,-61.989582,NaN
2021-04-30T12:00:00Z,0.0,-64.53126,-61.989582,NaN
2021-05-01T12:00:00Z,0.0,-64.53126,-61.989582,NaN
2021-05-02T12:00:00Z,0.0,-64.53126,-61.989582,NaN
2021-05-03T12:00:00Z,0.0,-64.53126,-61.989582,NaN
2021-05-04T12:00:00Z,0.0,-64.53126,-61.989582,NaN
2021-05-05T12:00:00Z,0.0,-64.53126,-61.989582,NaN
2021-05-06T12:00:00Z,0.0,-64.53126,-61.989582,NaN
2021-05-07T12:00:00Z,0.0,-64.53126,-61.989582,NaN
2021-05-08T12:00:00Z,0.0,-64.53126,-61.989582,NaN
2021-05-09T12:00:00Z,0.0,-64.53126,-61.989582,NaN
2021-05-10T12:00:00Z,0.0,-64.53126,-61.989582,NaN
2021-05-11T12:00:00Z,0.0,-64.53126,-61.989582,NaN
2021-05-12T12:00:00Z,0.0,-64.53126,-61.989582,NaN
2021-05-13T12:00:00Z,0.0,-64.53126,-61.989582,NaN
2021-05-14T12:00:00Z,0.0,-64.53126,-61.989582,NaN
2021-05-15T12:00:00Z,0.0,-64.53126,-61.989582,NaN
2021-05-16T12:00:00Z,0.0,-64.53126,-61.989582,NaN
2021-05-17T12:00:00Z,0.0,-64.53126,-61.989582,NaN
2021-05-18T12:00:00Z,0.0,-64.53126,-61.989582,NaN
2021-05-19T12:00:00Z,0.0,-64.53126,-61.989582,NaN
2021-05-20T12:00:00Z,0.0,-64.53126,-61.989582,NaN
2021-05-21T12:00:00Z,0.0,-64.53126,-61.989582,NaN
2021-05-22T12:00:00Z,0.0,-64.53126,-61.989582,NaN
2021-05-23T12:00:00Z,0.0,-64.53126,-61.989582,NaN
2021-05-24T12:00:00Z,0.0,-64.53126,-61.989582,NaN
2021-05-25T12:00:00Z,0.0,-64.53126,-61.989582,NaN
2021-05-26T12:00:00Z,0.0,-64.53126,-61.989582,NaN
2021-05-27T12:00:00Z,0.0,-64.53126,-61.989582,NaN
2021-05-28T12:00:00Z,0.0,-64.53126,-61.989582,NaN
2021-05-29T12:00:00Z,0.0,-64.53126,-61.989582,NaN
2021-05-30T12:00:00Z,0.0,-64.53126,-61.989582,NaN
2021-05-31T12:00:00Z,0.0,-64.53126,-61.989582,NaN
2021-06-01T12:00:00Z,0.0,-64.53126,-61.989582,NaN
2021-06-02T12:00:00Z,0.0,-64.53126,-61.989582,NaN
2021-06-03T12:00:00Z,0.0,-64.53126,-61.989582,NaN
2021-06-04T12:00:00Z,0.0,-64.53126,-61.989582,NaN
2021-06-05T12:00:00Z,0.0,-64.53126,-61.989582,NaN
2021-06-06T12:00:00Z,0.0,-64.53126,-61.989582,NaN
2021-06-07T12:00:00Z,0.0,-64.53126,-61.989582,NaN
2021-06-08T12:00:00Z,0.0,-64.53126,-61.989582,NaN
2021-06-09T12:00:00Z,0.0,-64.53126,-61.989582,NaN
2021-06-10T12:00:00Z,0.0,-64.53126,-61.989582,NaN
2021-06-11T12:00:00Z,0.0,-64.53126,-61.989582,NaN
2021-06-12T12:00:00Z,0.0,-64.53126,-61.989582,NaN
2021-06-13T12:00:00Z,0.0,-64.53126,-61.989582,NaN
2021-06-14T12:00:00Z,0.0,-64.53126,-61.989582,NaN
2021-06-15T12:00:00Z,0.0,-64.53126,-61.989582,NaN
2021-06-16T12:00:00Z,0.0,-64.53126,-61.989582,NaN
2021-06-17T12:00:00Z,0.0,-64.53126,-61.989582,NaN
2021-06-18T12:00:00Z,0.0,-64.53126,-61.989582,NaN
2021-06-19T12:00:00Z,0.0,-64.53126,-61.989582,NaN
2021-06-20T12:00:00Z,0.0,-64.53126,-61.989582,NaN
2021-06-21T12:00:00Z,0.0,-64.53126,-61.989582,NaN
2021-06-22T12:00:00Z,0.0,-64.53126,-61.989582,NaN
2021-06-23T12:00:00Z,0.0,-64.53126,-61.989582,NaN
2021-06-24T12:00:00Z,0.0,-64.53126,-61.989582,NaN
2021-06-25T12:00:00Z,0.0,-64.53126,-61.989582,NaN
2021-06-26T12:00:00Z,0.0,-64.53126,-61.989582,NaN
2021-06-27T12:00:00Z,0.0,-64.53126,-61.989582,NaN
2021-06-28T12:00:00Z,0.0,-64.53126,-61.989582,NaN
2021-06-29T12:00:00Z,0.0,-64.53126,-61.989582,NaN
2021-06-30T12:00:00Z,0.0,-64.53126,-61.989582,NaN
2021-07-01T12:00:00Z,0.0,-64.53126,-61.989582,NaN
2021-07-02T12:00:00Z,0.0,-64.53126,-61.989582,NaN
2021-07-03T12:00:00Z,0.0,-64.53126,-61.989582,NaN
2021-07-04T12:00:00Z,0.0,-64.53126,-61.989582,NaN
2021-07-05T12:00:00Z,0.0,-64.53126,-61.989582,NaN
2021-07-06T12:00:00Z,0.0,-64.53126,-61.989582,NaN
2021-07-07T12:00:00Z,0.0,-64.53126,-61.989582,NaN
2021-07-08T12:00:00Z,0.0,-64.53126,-61.989582,NaN
2021-07-09T12:00:00Z,0.0,-64.53126,-61.989582,NaN
2021-07-10T12:00:00Z,0.0,-64.53126,-61.989582,NaN
2021-07-11T12:00:00Z,0.0,-64.53126,-61.989582,NaN
2021-07-12T12:00:00Z,0.0,-64.53126,-61.989582,NaN
2021-07-13T12:00:00Z,0.0,-64.53126,-61.989582,NaN
2021-07-14T12:00:00Z,0.0,-64.53126,-61.989582,NaN
2021-07-15T12:00:00Z,0.0,-64.53126,-61.989582,NaN
2021-07-16T12:00:00Z,0.0,-64.53126,-61.989582,NaN
2021-07-17T12:00:00Z,0.0,-64.53126,-61.989582,NaN
2021-07-18T12:00:00Z,0.0,-64.53126,-61.989582,NaN
2021-07-19T12:00:00Z,0.0,-64.53126,-61.989582,NaN
2021-07-20T12:00:00Z,0.0,-64.53126,-61.989582,NaN
2021-07-21T12:00:00Z,0.0,-64.53126,-61.989582,NaN
2021-07-22T12:00:00Z,0.0,-64.53126,-61.989582,NaN
2021-07-23T12:00:00Z,0.0,-64.53126,-61.989582,NaN
2021-07-24T12:00:00Z,0.0,-64.53126,-61.989582,NaN
2021-07-25T12:00:00Z,0.0,-64.53126,-61.989582,NaN
2021-07-26T12:00:00Z,0.0,-64.53126,-61.989582,NaN
2021-07-27T12:00:00Z,0.0,-64.53126,-61.989582,NaN
2021-07-28T12:00:00Z,0.0,-64.53126,-61.989582,NaN
2021-07-29T12:00:00Z,0.0,-64.53126,-61.989582,NaN
2021-07-30T12:00:00Z,0.0,-64.53126,-61.989582,NaN
2021-07-31T12:00:00Z,0.0,-64.53126,-61.989582,NaN
2021-08-01T12:00:00Z,0.0,-64.53126,-61.989582,NaN
2021-08-02T12:00:00Z,0.0,-64.53126,-61.989582,NaN
2021-08-03T12:00:00Z,0.0,-64.53126,-61.989582,NaN
2021-08-04T12:00:00Z,0.0,-64.53126,-61.989582,NaN
2021-08-05T12:00:00Z,0.0,-64.53126,-61.989582,NaN
2021-08-06T12:00:00Z,0.0,-64.53126,-61.989582,NaN
2021-08-07T12:00:00Z,0.0,-64.53126,-61.989582,NaN
2021-08-08T12:00:00Z,0.0,-64.53126,-61.989582,NaN
2021-08-09T12:00:00Z,0.0,-64.53126,-61.989582,NaN
2021-08-10T12:00:00Z,0.0,-64.53126,-61.989582,NaN
2021-08-11T12:00:00Z,0.0,-64.53126,-61.989582,NaN
2021-08-12T12:00:00Z,0.0,-64.53126,-61.989582,NaN
2021-08-13T12:00:00Z,0.0,-64.53126,-61.989582,NaN
2021-08-14T12:00:00Z,0.0,-64.53126,-61.989582,NaN
2021-08-15T12:00:00Z,0.0,-64.53126,-61.989582,NaN
2021-08-16T12:00:00Z,0.0,-64.53126,-61.989582,NaN
2021-08-17T12:00:00Z,0.0,-64.53126,-61.989582,NaN
2021-08-18T12:00:00Z,0.0,-64.53126,-61.989582,NaN
2021-08-19T12:00:00Z,0.0,-64.53126,-61.989582,NaN
2021-08-20T12:00:00Z,0.0,-64.53126,-61.989582,NaN
2021-08-21T12:00:00Z,0.0,-64.53126,-61.989582,NaN
2021-08-22T12:00:00Z,0.0,-64.53126,-61.989582,NaN
2021-08-23T12:00:00Z,0.0,-64.53126,-61.989582,NaN
2021-08-24T12:00:00Z,0.0,-64.53126,-61.989582,NaN
2021-08-25T12:00:00Z,0.0,-64.53126,-61.989582,NaN
2021-08-26T12:00:00Z,0.0,-64.53126,-61.989582,NaN
2021-08-27T12:00:00Z,0.0,-64.53126,-61.989582,NaN
2021-08-28T12:00:00Z,0.0,-64.53126,-61.989582,NaN
2021-08-29T12:00:00Z,0.0,-64.53126,-61.989582,NaN
2021-08-30T12:00:00Z,0.0,-64.53126,-61.989582,NaN
2021-08-31T12:00:00Z,0.0,-64.53126,-61.989582,NaN
2021-09-01T12:00:00Z,0.0,-64.53126,-61.989582,NaN
2021-09-02T12:00:00Z,0.0,-64.53126,-61.989582,NaN
2021-09-03T12:00:00Z,0.0,-64.53126,-61.989582,NaN
2021-09-04T12:00:00Z,0.0,-64.53126,-61.989582,NaN
2021-09-05T12:00:00Z,0.0,-64.53126,-61.989582,NaN
2021-09-06T12:00:00Z,0.0,-64.53126,-61.989582,NaN
2021-09-07T12:00:00Z,0.0,-64.53126,-61.989582,NaN
2021-09-08T12:00:00Z,0.0,-64.53126,-61.989582,NaN
2021-09-09T12:00:00Z,0.0,-64.53126,-61.989582,NaN
2021-09-10T12:00:00Z,0.0,-64.53126,-61.989582,NaN
2021-09-11T12:00:00Z,0.0,-64.53126,-61.989582,NaN
2021-09-12T12:00:00Z,0.0,-64.53126,-61.989582,NaN
2021-09-13T12:00:00Z,0.0,-64.53126,-61.989582,NaN
2021-09-14T12:00:00Z,0.0,-64.53126,-61.989582,NaN
2021-09-15T12:00:00Z,0.0,-64.53126,-61.989582,NaN
2021-09-16T12:00:00Z,0.0,-64.53126,-61.989582,NaN
2021-09-17T12:00:00Z,0.0,-64.53126,-61.989582,NaN
2021-09-18T12:00:00Z,0.0,-64.53126,-61.989582,NaN
2021-09-19T12:00:00Z,0.0,-64.53126,-61.989582,NaN
2021-09-20T12:00:00Z,0.0,-64.53126,-61.989582,NaN
2021-09-21T12:00:00Z,0.0,-64.53126,-61.989582,NaN
2021-09-22T12:00:00Z,0.0,-64.53126,-61.989582,NaN
2021-09-23T12:00:00Z,0.0,-64.53126,-61.989582,NaN
2021-09-24T12:00:00Z,0.0,-64.53126,-61.989582,NaN
2021-09-25T12:00:00Z,0.0,-64.53126,-61.989582,NaN
2021-09-26T12:00:00Z,0.0,-64.53126,-61.989582,NaN
2021-09-27T12:00:00Z,0.0,-64.53126,-61.989582,NaN
2021-09-28T12:00:00Z,0.0,-64.53126,-61.989582,NaN
2021-09-29T12:00:00Z,0.0,-64.53126,-61.989582,NaN
2021-09-30T12:00:00Z,0.0,-64.53126,-61.989582,NaN
2021-10-01T12:00:00Z,0.0,-64.53126,-61.989582,NaN
2021-10-02T12:00:00Z,0.0,-64.53126,-61.989582,NaN
2021-10-03T12:00:00Z,0.0,-64.53126,-61.989582,NaN
2021-10-04T12:00:00Z,0.0,-64.53126,-61.989582,NaN
2021-10-05T12:00:00Z,0.0,-64.53126,-61.989582,NaN
2021-10-06T12:00:00Z,0.0,-64.53126,-61.989582,NaN
2021-10-07T12:00:00Z,0.0,-64.53126,-61.989582,NaN
2021-10-08T12:00:00Z,0.0,-64.53126,-61.989582,NaN
2021-10-09T12:00:00Z,0.0,-64.53126,-61.989582,NaN
2021-10-10T12:00:00Z,0.0,-64.53126,-61.989582,NaN
2021-10-11T12:00:00Z,0.0,-64.53126,-61.989582,NaN
2021-10-12T12:00:00Z,0.0,-64.53126,-61.989582,NaN
2021-10-13T12:00:00Z,0.0,-64.53126,-61.989582,NaN
2021-10-14T12:00:00Z,0.0,-64.53126,-61.989582,NaN
2021-10-15T12:00:00Z,0.0,-64.53126,-61.989582,NaN
2021-10-16T12:00:00Z,0.0,-64.53126,-61.989582,NaN
2021-10-17T12:00:00Z,0.0,-64.53126,-61.989582,NaN
2021-10-18T12:00:00Z,0.0,-64.53126,-61.989582,NaN
2021-10-19T12:00:00Z,0.0,-64.53126,-61.989582,NaN
2021-10-20T12:00:00Z,0.0,-64.53126,-61.989582,0.06408936
2021-10-21T12:00:00Z,0.0,-64.53126,-61.989582,0.0824142
2021-10-22T12:00:00Z,0.0,-64.53126,-61.989582,0.11728383
2021-10-23T12:00:00Z,0.0,-64.53126,-61.989582,0.07275802
2021-10-24T12:00:00Z,0.0,-64.53126,-61.989582,0.0749781
2021-10-25T12:00:00Z,0.0,-64.53126,-61.989582,0.08599915
2021-10-26T12:00:00Z,0.0,-64.53126,-61.989582,0.13056658
2021-10-27T12:00:00Z,0.0,-64.53126,-61.989582,0.12450551
2021-10-28T12:00:00Z,0.0,-64.53126,-61.989582,0.08970157
2021-10-29T12:00:00Z,0.0,-64.53126,-61.989582,0.0703176
2021-10-30T12:00:00Z,0.0,-64.53126,-61.989582,0.10740222
2021-10-31T12:00:00Z,0.0,-64.53126,-61.989582,0.07775049
2021-11-01T12:00:00Z,0.0,-64.53126,-61.989582,0.08863651
2021-11-02T12:00:00Z,0.0,-64.53126,-61.989582,0.072246015
2021-11-03T12:00:00Z,0.0,-64.53126,-61.989582,0.083027326
2021-11-04T12:00:00Z,0.0,-64.53126,-61.989582,0.0729729
2021-11-05T12:00:00Z,0.0,-64.53126,-61.989582,0.070449315
2021-11-06T12:00:00Z,0.0,-64.53126,-61.989582,0.069415346
2021-11-07T12:00:00Z,0.0,-64.53126,-61.989582,0.094801724
2021-11-08T12:00:00Z,0.0,-64.53126,-61.989582,0.079996005
2021-11-09T12:00:00Z,0.0,-64.53126,-61.989582,0.090299554
2021-11-10T12:00:00Z,0.0,-64.53126,-61.989582,0.07190962
2021-11-11T12:00:00Z,0.0,-64.53126,-61.989582,0.082272515
2021-11-12T12:00:00Z,0.0,-64.53126,-61.989582,0.08547454
2021-11-13T12:00:00Z,0.0,-64.53126,-61.989582,0.0803393
2021-11-14T12:00:00Z,0.0,-64.53126,-61.989582,0.09438533
2021-11-15T12:00:00Z,0.0,-64.53126,-61.989582,0.0784652
2021-11-16T12:00:00Z,0.0,-64.53126,-61.989582,0.08272149
2021-11-17T12:00:00Z,0.0,-64.53126,-61.989582,0.09481039
2021-11-18T12:00:00Z,0.0,-64.53126,-61.989582,0.12453167
2021-11-19T12:00:00Z,0.0,-64.53126,-61.989582,0.124646775
2021-11-20T12:00:00Z,0.0,-64.53126,-61.989582,0.12350495
2021-11-21T12:00:00Z,0.0,-64.53126,-61.989582,0.123242006
2021-11-22T12:00:00Z,0.0,-64.53126,-61.989582,0.124328986
2021-11-23T12:00:00Z,0.0,-64.53126,-61.989582,0.127672
2021-11-24T12:00:00Z,0.0,-64.53126,-61.989582,0.12858114
2021-11-25T12:00:00Z,0.0,-64.53126,-61.989582,0.11927084
2021-11-26T12:00:00Z,0.0,-64.53126,-61.989582,0.12980312
2021-11-27T12:00:00Z,0.0,-64.53126,-61.989582,0.14220895
2021-11-28T12:00:00Z,0.0,-64.53126,-61.989582,0.12783633
2021-11-29T12:00:00Z,0.0,-64.53126,-61.989582,0.13996013
2021-11-30T12:00:00Z,0.0,-64.53126,-61.989582,0.12755403
2021-12-01T12:00:00Z,0.0,-64.53126,-61.989582,0.15145251
2021-12-02T12:00:00Z,0.0,-64.53126,-61.989582,0.1504931
2021-12-03T12:00:00Z,0.0,-64.53126,-61.989582,0.14310892
2021-12-04T12:00:00Z,0.0,-64.53126,-61.989582,0.14663766
2021-12-05T12:00:00Z,0.0,-64.53126,-61.989582,0.15635854
2021-12-06T12:00:00Z,0.0,-64.53126,-61.989582,0.19260149
2021-12-07T12:00:00Z,0.0,-64.53126,-61.989582,0.20967254
2021-12-08T12:00:00Z,0.0,-64.53126,-61.989582,0.21546094
2021-12-09T12:00:00Z,0.0,-64.53126,-61.989582,0.2225357
2021-12-10T12:00:00Z,0.0,-64.53126,-61.989582,0.22906913
2021-12-11T12:00:00Z,0.0,-64.53126,-61.989582,0.24567385
2021-12-12T12:00:00Z,0.0,-64.53126,-61.989582,0.23162654
2021-12-13T12:00:00Z,0.0,-64.53126,-61.989582,0.2319348
2021-12-14T12:00:00Z,0.0,-64.53126,-61.989582,0.20457996
2021-12-15T12:00:00Z,0.0,-64.53126,-61.989582,0.2136537
2021-12-16T12:00:00Z,0.0,-64.53126,-61.989582,0.21569581
2021-12-17T12:00:00Z,0.0,-64.53126,-61.989582,0.23228724
2021-12-18T12:00:00Z,0.0,-64.53126,-61.989582,0.23341268
2021-12-19T12:00:00Z,0.0,-64.53126,-61.989582,0.23211701
2021-12-20T12:00:00Z,0.0,-64.53126,-61.989582,0.18198979
2021-12-21T12:00:00Z,0.0,-64.53126,-61.989582,0.15763874
2021-12-22T12:00:00Z,0.0,-64.53126,-61.989582,0.13101517
2021-12-23T12:00:00Z,0.0,-64.53126,-61.989582,0.12744232
2021-12-24T12:00:00Z,0.0,-64.53126,-61.989582,0.12766884
2021-12-25T12:00:00Z,0.0,-64.53126,-61.989582,0.13420975
2021-12-26T12:00:00Z,0.0,-64.53126,-61.989582,0.13526468
2021-12-27T12:00:00Z,0.0,-64.53126,-61.989582,0.1304742
2021-12-28T12:00:00Z,0.0,-64.53126,-61.989582,0.1440585
2021-12-29T12:00:00Z,0.0,-64.53126,-61.989582,0.15897693
2021-12-30T12:00:00Z,0.0,-64.53126,-61.989582,0.16339938
2021-12-31T12:00:00Z,0.0,-64.53126,-61.989582,0.16750056
2022-01-01T12:00:00Z,0.0,-64.53126,-61.989582,0.16264743
2022-01-02T12:00:00Z,0.0,-64.53126,-61.989582,0.15396205
2022-01-03T12:00:00Z,0.0,-64.53126,-61.989582,0.16440216
2022-01-04T12:00:00Z,0.0,-64.53126,-61.989582,0.20586847
2022-01-05T12:00:00Z,0.0,-64.53126,-61.989582,0.2095734
2022-01-06T12:00:00Z,0.0,-64.53126,-61.989582,0.24525763
2022-01-07T12:00:00Z,0.0,-64.53126,-61.989582,0.23815739
2022-01-08T12:00:00Z,0.0,-64.53126,-61.989582,0.20716622
2022-01-09T12:00:00Z,0.0,-64.53126,-61.989582,0.21558897
2022-01-10T12:00:00Z,0.0,-64.53126,-61.989582,0.23055243
2022-01-11T12:00:00Z,0.0,-64.53126,-61.989582,0.23235293
2022-01-12T12:00:00Z,0.0,-64.53126,-61.989582,0.22590424
2022-01-13T12:00:00Z,0.0,-64.53126,-61.989582,0.23039982
2022-01-14T12:00:00Z,0.0,-64.53126,-61.989582,0.25432298
2022-01-15T12:00:00Z,0.0,-64.53126,-61.989582,0.2653234
2022-01-16T12:00:00Z,0.0,-64.53126,-61.989582,0.2394568
2022-01-17T12:00:00Z,0.0,-64.53126,-61.989582,0.23820472
2022-01-18T12:00:00Z,0.0,-64.53126,-61.989582,0.21703114
2022-01-19T12:00:00Z,0.0,-64.53126,-61.989582,0.20485042
2022-01-20T12:00:00Z,0.0,-64.53126,-61.989582,0.189839
2022-01-21T12:00:00Z,0.0,-64.53126,-61.989582,0.18005812
2022-01-22T12:00:00Z,0.0,-64.53126,-61.989582,0.18117593
2022-01-23T12:00:00Z,0.0,-64.53126,-61.989582,0.17913917
2022-01-24T12:00:00Z,0.0,-64.53126,-61.989582,0.18473256
2022-01-25T12:00:00Z,0.0,-64.53126,-61.989582,0.20068395
2022-01-26T12:00:00Z,0.0,-64.53126,-61.989582,0.19753979
2022-01-27T12:00:00Z,0.0,-64.53126,-61.989582,0.19998653
2022-01-28T12:00:00Z,0.0,-64.53126,-61.989582,0.19582632
2022-01-29T12:00:00Z,0.0,-64.53126,-61.989582,0.19633184
2022-01-30T12:00:00Z,0.0,-64.53126,-61.989582,0.18670084
2022-01-31T12:00:00Z,0.0,-64.53126,-61.989582,0.18621121
2022-02-01T12:00:00Z,0.0,-64.53126,-61.989582,0.19988297
2022-02-02T12:00:00Z,0.0,-64.53126,-61.989582,0.20143628
2022-02-03T12:00:00Z,0.0,-64.53126,-61.989582,0.22086357
2022-02-04T12:00:00Z,0.0,-64.53126,-61.989582,0.21016249
2022-02-05T12:00:00Z,0.0,-64.53126,-61.989582,0.21696575
2022-02-06T12:00:00Z,0.0,-64.53126,-61.989582,0.22337265
2022-02-07T12:00:00Z,0.0,-64.53126,-61.989582,0.22369546
2022-02-08T12:00:00Z,0.0,-64.53126,-61.989582,0.22990821
2022-02-09T12:00:00Z,0.0,-64.53126,-61.989582,0.23533173
2022-02-10T12:00:00Z,0.0,-64.53126,-61.989582,0.22681515
2022-02-11T12:00:00Z,0.0,-64.53126,-61.989582,0.22922449
2022-02-12T12:00:00Z,0.0,-64.53126,-61.989582,0.21034673
2022-02-13T12:00:00Z,0.0,-64.53126,-61.989582,0.20489833
2022-02-14T12:00:00Z,0.0,-64.53126,-61.989582,0.19918387
2022-02-15T12:00:00Z,0.0,-64.53126,-61.989582,0.20256893
2022-02-16T12:00:00Z,0.0,-64.53126,-61.989582,0.18321672
2022-02-17T12:00:00Z,0.0,-64.53126,-61.989582,0.17970827
2022-02-18T12:00:00Z,0.0,-64.53126,-61.989582,0.18170315
2022-02-19T12:00:00Z,0.0,-64.53126,-61.989582,0.17064644
2022-02-20T12:00:00Z,0.0,-64.53126,-61.989582,0.15303262
2022-02-21T12:00:00Z,0.0,-64.53126,-61.989582,0.14825049
2022-02-22T12:00:00Z,0.0,-64.53126,-61.989582,0.14582847
2022-02-23T12:00:00Z,0.0,-64.53126,-61.989582,0.1465566
2022-02-24T12:00:00Z,0.0,-64.53126,-61.989582,0.14577056
2022-02-25T12:00:00Z,0.0,-64.53126,-61.989582,0.13450705
2022-02-26T12:00:00Z,0.0,-64.53126,-61.989582,0.12939455
2022-02-27T12:00:00Z,0.0,-64.53126,-61.989582,0.12443963
2022-02-28T12:00:00Z,0.0,-64.53126,-61.989582,0.12213551
2022-03-01T12:00:00Z,0.0,-64.53126,-61.989582,0.11994818
2022-03-02T12:00:00Z,0.0,-64.53126,-61.989582,0.11700493
2022-03-03T12:00:00Z,0.0,-64.53126,-61.989582,0.11138917
2022-03-04T12:00:00Z,0.0,-64.53126,-61.989582,0.10938355
2022-03-05T12:00:00Z,0.0,-64.53126,-61.989582,0.12978056
2022-03-06T12:00:00Z,0.0,-64.53126,-61.989582,0.1394473
2022-03-07T12:00:00Z,0.0,-64.53126,-61.989582,0.14210054
2022-03-08T12:00:00Z,0.0,-64.53126,-61.989582,0.15161775
2022-03-09T12:00:00Z,0.0,-64.53126,-61.989582,0.15122353
2022-03-10T12:00:00Z,0.0,-64.53126,-61.989582,0.14605866
2022-03-11T12:00:00Z,0.0,-64.53126,-61.989582,0.14897664
2022-03-12T12:00:00Z,0.0,-64.53126,-61.989582,0.088714875
2022-03-13T12:00:00Z,0.0,-64.53126,-61.989582,0.09360397
2022-03-14T12:00:00Z,0.0,-64.53126,-61.989582,0.09947913
2022-03-15T12:00:00Z,0.0,-64.53126,-61.989582,NaN
2022-03-16T12:00:00Z,0.0,-64.53126,-61.989582,NaN
2022-03-17T12:00:00Z,0.0,-64.53126,-61.989582,NaN
2022-03-18T12:00:00Z,0.0,-64.53126,-61.989582,NaN
2022-03-19T12:00:00Z,0.0,-64.53126,-61.989582,NaN
2022-03-20T12:00:00Z,0.0,-64.53126,-61.989582,NaN
2022-03-21T12:00:00Z,0.0,-64.53126,-61.989582,NaN
2022-03-22T12:00:00Z,0.0,-64.53126,-61.989582,NaN
2022-03-23T12:00:00Z,0.0,-64.53126,-61.989582,NaN
2022-03-24T12:00:00Z,0.0,-64.53126,-61.989582,NaN
2022-03-25T12:00:00Z,0.0,-64.53126,-61.989582,NaN
2022-03-26T12:00:00Z,0.0,-64.53126,-61.989582,NaN
2022-03-27T12:00:00Z,0.0,-64.53126,-61.989582,NaN
2022-03-28T12:00:00Z,0.0,-64.53126,-61.989582,NaN
2022-03-29T12:00:00Z,0.0,-64.53126,-61.989582,NaN
2022-03-30T12:00:00Z,0.0,-64.53126,-61.989582,NaN
2022-03-31T12:00:00Z,0.0,-64.53126,-61.989582,NaN
2022-04-01T12:00:00Z,0.0,-64.53126,-61.989582,NaN
2022-04-02T12:00:00Z,0.0,-64.53126,-61.989582,NaN
2022-04-03T12:00:00Z,0.0,-64.53126,-61.989582,NaN
2022-04-04T12:00:00Z,0.0,-64.53126,-61.989582,NaN
2022-04-05T12:00:00Z,0.0,-64.53126,-61.989582,NaN
2022-04-06T12:00:00Z,0.0,-64.53126,-61.989582,NaN
2022-04-07T12:00:00Z,0.0,-64.53126,-61.989582,NaN
2022-04-08T12:00:00Z,0.0,-64.53126,-61.989582,NaN
2022-04-09T12:00:00Z,0.0,-64.53126,-61.989582,NaN
2022-04-10T12:00:00Z,0.0,-64.53126,-61.989582,NaN
2022-04-11T12:00:00Z,0.0,-64.53126,-61.989582,NaN
2022-04-12T12:00:00Z,0.0,-64.53126,-61.989582,NaN
2022-04-13T12:00:00Z,0.0,-64.53126,-61.989582,NaN
2022-04-14T12:00:00Z,0.0,-64.53126,-61.989582,NaN
2022-04-15T12:00:00Z,0.0,-64.53126,-61.989582,NaN
2022-04-16T12:00:00Z,0.0,-64.53126,-61.989582,NaN
2022-04-17T12:00:00Z,0.0,-64.53126,-61.989582,NaN
2022-04-18T12:00:00Z,0.0,-64.53126,-61.989582,NaN
2022-04-19T12:00:00Z,0.0,-64.53126,-61.989582,NaN
2022-04-20T12:00:00Z,0.0,-64.53126,-61.989582,NaN
2022-04-21T12:00:00Z,0.0,-64.53126,-61.989582,NaN
2022-04-22T12:00:00Z,0.0,-64.53126,-61.989582,NaN
2022-04-23T12:00:00Z,0.0,-64.53126,-61.989582,NaN
2022-04-24T12:00:00Z,0.0,-64.53126,-61.989582,NaN
2022-04-25T12:00:00Z,0.0,-64.53126,-61.989582,NaN
2022-04-26T12:00:00Z,0.0,-64.53126,-61.989582,NaN
2022-04-27T12:00:00Z,0.0,-64.53126,-61.989582,NaN
2022-04-28T12:00:00Z,0.0,-64.53126,-61.989582,NaN
2022-04-29T12:00:00Z,0.0,-64.53126,-61.989582,NaN
2022-04-30T12:00:00Z,0.0,-64.53126,-61.989582,NaN
2022-05-01T12:00:00Z,0.0,-64.53126,-61.989582,NaN
2022-05-02T12:00:00Z,0.0,-64.53126,-61.989582,NaN
2022-05-03T12:00:00Z,0.0,-64.53126,-61.989582,NaN
2022-05-04T12:00:00Z,0.0,-64.53126,-61.989582,NaN
2022-05-05T12:00:00Z,0.0,-64.53126,-61.989582,NaN
2022-05-06T12:00:00Z,0.0,-64.53126,-61.989582,NaN
2022-05-07T12:00:00Z,0.0,-64.53126,-61.989582,NaN
2022-05-08T12:00:00Z,0.0,-64.53126,-61.989582,NaN
2022-05-09T12:00:00Z,0.0,-64.53126,-61.989582,NaN
2022-05-10T12:00:00Z,0.0,-64.53126,-61.989582,NaN
2022-05-11T12:00:00Z,0.0,-64.53126,-61.989582,NaN
2022-05-12T12:00:00Z,0.0,-64.53126,-61.989582,NaN
2022-05-13T12:00:00Z,0.0,-64.53126,-61.989582,NaN
2022-05-14T12:00:00Z,0.0,-64.53126,-61.989582,NaN
2022-05-15T12:00:00Z,0.0,-64.53126,-61.989582,NaN
2022-05-16T12:00:00Z,0.0,-64.53126,-61.989582,NaN
2022-05-17T12:00:00Z,0.0,-64.53126,-61.989582,NaN
2022-05-18T12:00:00Z,0.0,-64.53126,-61.989582,NaN
2022-05-19T12:00:00Z,0.0,-64.53126,-61.989582,NaN
2022-05-20T12:00:00Z,0.0,-64.53126,-61.989582,NaN
2022-05-21T12:00:00Z,0.0,-64.53126,-61.989582,NaN
2022-05-22T12:00:00Z,0.0,-64.53126,-61.989582,NaN
2022-05-23T12:00:00Z,0.0,-64.53126,-61.989582,NaN
2022-05-24T12:00:00Z,0.0,-64.53126,-61.989582,NaN
2022-05-25T12:00:00Z,0.0,-64.53126,-61.989582,NaN
2022-05-26T12:00:00Z,0.0,-64.53126,-61.989582,NaN
2022-05-27T12:00:00Z,0.0,-64.53126,-61.989582,NaN
2022-05-28T12:00:00Z,0.0,-64.53126,-61.989582,NaN
2022-05-29T12:00:00Z,0.0,-64.53126,-61.989582,NaN
2022-05-30T12:00:00Z,0.0,-64.53126,-61.989582,NaN
2022-05-31T12:00:00Z,0.0,-64.53126,-61.989582,NaN
2022-06-01T12:00:00Z,0.0,-64.53126,-61.989582,NaN
2022-06-02T12:00:00Z,0.0,-64.53126,-61.989582,NaN
2022-06-03T12:00:00Z,0.0,-64.53126,-61.989582,NaN
2022-06-04T12:00:00Z,0.0,-64.53126,-61.989582,NaN
2022-06-05T12:00:00Z,0.0,-64.53126,-61.989582,NaN
2022-06-06T12:00:00Z,0.0,-64.53126,-61.989582,NaN
2022-06-07T12:00:00Z,0.0,-64.53126,-61.989582,NaN
2022-06-08T12:00:00Z,0.0,-64.53126,-61.989582,NaN
2022-06-09T12:00:00Z,0.0,-64.53126,-61.989582,NaN
2022-06-10T12:00:00Z,0.0,-64.53126,-61.989582,NaN
2022-06-11T12:00:00Z,0.0,-64.53126,-61.989582,NaN
2022-06-12T12:00:00Z,0.0,-64.53126,-61.989582,NaN
2022-06-13T12:00:00Z,0.0,-64.53126,-61.989582,NaN
2022-06-14T12:00:00Z,0.0,-64.53126,-61.989582,NaN
2022-06-15T12:00:00Z,0.0,-64.53126,-61.989582,NaN
2022-06-16T12:00:00Z,0.0,-64.53126,-61.989582,NaN
2022-06-17T12:00:00Z,0.0,-64.53126,-61.989582,NaN
2022-06-18T12:00:00Z,0.0,-64.53126,-61.989582,NaN
2022-06-19T12:00:00Z,0.0,-64.53126,-61.989582,NaN
2022-06-20T12:00:00Z,0.0,-64.53126,-61.989582,NaN
2022-06-21T12:00:00Z,0.0,-64.53126,-61.989582,NaN
2022-06-22T12:00:00Z,0.0,-64.53126,-61.989582,NaN
2022-06-23T12:00:00Z,0.0,-64.53126,-61.989582,NaN
2022-06-24T12:00:00Z,0.0,-64.53126,-61.989582,NaN
2022-06-25T12:00:00Z,0.0,-64.53126,-61.989582,NaN
2022-06-26T12:00:00Z,0.0,-64.53126,-61.989582,NaN
2022-06-27T12:00:00Z,0.0,-64.53126,-61.989582,NaN
2022-06-28T12:00:00Z,0.0,-64.53126,-61.989582,NaN
2022-06-29T12:00:00Z,0.0,-64.53126,-61.989582,NaN
2022-06-30T12:00:00Z,0.0,-64.53126,-61.989582,NaN
2022-07-01T12:00:00Z,0.0,-64.53126,-61.989582,NaN
2022-07-02T12:00:00Z,0.0,-64.53126,-61.989582,NaN
2022-07-03T12:00:00Z,0.0,-64.53126,-61.989582,NaN
2022-07-04T12:00:00Z,0.0,-64.53126,-61.989582,NaN
2022-07-05T12:00:00Z,0.0,-64.53126,-61.989582,NaN
2022-07-06T12:00:00Z,0.0,-64.53126,-61.989582,NaN
2022-07-07T12:00:00Z,0.0,-64.53126,-61.989582,NaN
2022-07-08T12:00:00Z,0.0,-64.53126,-61.989582,NaN
2022-07-09T12:00:00Z,0.0,-64.53126,-61.989582,NaN
2022-07-10T12:00:00Z,0.0,-64.53126,-61.989582,NaN
2022-07-11T12:00:00Z,0.0,-64.53126,-61.989582,NaN
2022-07-12T12:00:00Z,0.0,-64.53126,-61.989582,NaN
2022-07-13T12:00:00Z,0.0,-64.53126,-61.989582,NaN
2022-07-14T12:00:00Z,0.0,-64.53126,-61.989582,NaN
2022-07-15T12:00:00Z,0.0,-64.53126,-61.989582,NaN
2022-07-16T12:00:00Z,0.0,-64.53126,-61.989582,NaN
2022-07-17T12:00:00Z,0.0,-64.53126,-61.989582,NaN
2022-07-18T12:00:00Z,0.0,-64.53126,-61.989582,NaN
2022-07-19T12:00:00Z,0.0,-64.53126,-61.989582,NaN
2022-07-20T12:00:00Z,0.0,-64.53126,-61.989582,NaN
2022-07-21T12:00:00Z,0.0,-64.53126,-61.989582,NaN
2022-07-22T12:00:00Z,0.0,-64.53126,-61.989582,NaN
2022-07-23T12:00:00Z,0.0,-64.53126,-61.989582,NaN
2022-07-24T12:00:00Z,0.0,-64.53126,-61.989582,NaN
2022-07-25T12:00:00Z,0.0,-64.53126,-61.989582,NaN
2022-07-26T12:00:00Z,0.0,-64.53126,-61.989582,NaN
2022-07-27T12:00:00Z,0.0,-64.53126,-61.989582,NaN
2022-07-28T12:00:00Z,0.0,-64.53126,-61.989582,NaN
2022-07-29T12:00:00Z,0.0,-64.53126,-61.989582,NaN
2022-07-30T12:00:00Z,0.0,-64.53126,-61.989582,NaN
2022-07-31T12:00:00Z,0.0,-64.53126,-61.989582,NaN
2022-08-01T12:00:00Z,0.0,-64.53126,-61.989582,NaN
2022-08-02T12:00:00Z,0.0,-64.53126,-61.989582,NaN
2022-08-03T12:00:00Z,0.0,-64.53126,-61.989582,NaN
2022-08-04T12:00:00Z,0.0,-64.53126,-61.989582,NaN
2022-08-05T12:00:00Z,0.0,-64.53126,-61.989582,NaN
2022-08-06T12:00:00Z,0.0,-64.53126,-61.989582,NaN
2022-08-07T12:00:00Z,0.0,-64.53126,-61.989582,NaN
2022-08-08T12:00:00Z,0.0,-64.53126,-61.989582,NaN
2022-08-09T12:00:00Z,0.0,-64.53126,-61.989582,NaN
2022-08-10T12:00:00Z,0.0,-64.53126,-61.989582,NaN
2022-08-11T12:00:00Z,0.0,-64.53126,-61.989582,NaN
2022-08-12T12:00:00Z,0.0,-64.53126,-61.989582,NaN
2022-08-13T12:00:00Z,0.0,-64.53126,-61.989582,NaN
2022-08-14T12:00:00Z,0.0,-64.53126,-61.989582,NaN
2022-08-15T12:00:00Z,0.0,-64.53126,-61.989582,NaN
2022-08-16T12:00:00Z,0.0,-64.53126,-61.989582,NaN
2022-08-17T12:00:00Z,0.0,-64.53126,-61.989582,NaN
2022-08-18T12:00:00Z,0.0,-64.53126,-61.989582,NaN
2022-08-19T12:00:00Z,0.0,-64.53126,-61.989582,NaN
2022-08-20T12:00:00Z,0.0,-64.53126,-61.989582,NaN
2022-08-21T12:00:00Z,0.0,-64.53126,-61.989582,NaN
2022-08-22T12:00:00Z,0.0,-64.53126,-61.989582,NaN
2022-08-23T12:00:00Z,0.0,-64.53126,-61.989582,NaN
2022-08-24T12:00:00Z,0.0,-64.53126,-61.989582,NaN
2022-08-25T12:00:00Z,0.0,-64.53126,-61.989582,NaN
2022-08-26T12:00:00Z,0.0,-64.53126,-61.989582,NaN
2022-08-27T12:00:00Z,0.0,-64.53126,-61.989582,NaN
2022-08-28T12:00:00Z,0.0,-64.53126,-61.989582,NaN
2022-08-29T12:00:00Z,0.0,-64.53126,-61.989582,NaN
2022-08-30T12:00:00Z,0.0,-64.53126,-61.989582,NaN
2022-08-31T12:00:00Z,0.0,-64.53126,-61.989582,NaN
2022-09-01T12:00:00Z,0.0,-64.53126,-61.989582,NaN
2022-09-02T12:00:00Z,0.0,-64.53126,-61.989582,NaN
2022-09-03T12:00:00Z,0.0,-64.53126,-61.989582,NaN
2022-09-04T12:00:00Z,0.0,-64.53126,-61.989582,NaN
2022-09-05T12:00:00Z,0.0,-64.53126,-61.989582,NaN
2022-09-06T12:00:00Z,0.0,-64.53126,-61.989582,NaN
2022-09-07T12:00:00Z,0.0,-64.53126,-61.989582,NaN
2022-09-08T12:00:00Z,0.0,-64.53126,-61.989582,NaN
2022-09-09T12:00:00Z,0.0,-64.53126,-61.989582,NaN
2022-09-10T12:00:00Z,0.0,-64.53126,-61.989582,NaN
2022-09-11T12:00:00Z,0.0,-64.53126,-61.989582,NaN
2022-09-12T12:00:00Z,0.0,-64.53126,-61.989582,NaN
2022-09-13T12:00:00Z,0.0,-64.53126,-61.989582,NaN
2022-09-14T12:00:00Z,0.0,-64.53126,-61.989582,NaN
2022-09-15T12:00:00Z,0.0,-64.53126,-61.989582,NaN
2022-09-16T12:00:00Z,0.0,-64.53126,-61.989582,NaN
2022-09-17T12:00:00Z,0.0,-64.53126,-61.989582,NaN
2022-09-18T12:00:00Z,0.0,-64.53126,-61.989582,NaN
2022-09-19T12:00:00Z,0.0,-64.53126,-61.989582,NaN
2022-09-20T12:00:00Z,0.0,-64.53126,-61.989582,NaN
2022-09-21T12:00:00Z,0.0,-64.53126,-61.989582,NaN
2022-09-22T12:00:00Z,0.0,-64.53126,-61.989582,NaN
2022-09-23T12:00:00Z,0.0,-64.53126,-61.989582,NaN
2022-09-24T12:00:00Z,0.0,-64.53126,-61.989582,NaN
2022-09-25T12:00:00Z,0.0,-64.53126,-61.989582,NaN
2022-09-26T12:00:00Z,0.0,-64.53126,-61.989582,NaN
2022-09-27T12:00:00Z,0.0,-64.53126,-61.989582,NaN
2022-09-28T12:00:00Z,0.0,-64.53126,-61.989582,NaN
2022-09-29T12:00:00Z,0.0,-64.53126,-61.989582,NaN
2022-09-30T12:00:00Z,0.0,-64.53126,-61.989582,NaN
2022-10-01T12:00:00Z,0.0,-64.53126,-61.989582,NaN
2022-10-02T12:00:00Z,0.0,-64.53126,-61.989582,NaN
2022-10-03T12:00:00Z,0.0,-64.53126,-61.989582,NaN
2022-10-04T12:00:00Z,0.0,-64.53126,-61.989582,NaN
2022-10-05T12:00:00Z,0.0,-64.53126,-61.989582,NaN
2022-10-06T12:00:00Z,0.0,-64.53126,-61.989582,NaN
2022-10-07T12:00:00Z,0.0,-64.53126,-61.989582,NaN
2022-10-08T12:00:00Z,0.0,-64.53126,-61.989582,NaN
2022-10-09T12:00:00Z,0.0,-64.53126,-61.989582,NaN
2022-10-10T12:00:00Z,0.0,-64.53126,-61.989582,NaN
2022-10-11T12:00:00Z,0.0,-64.53126,-61.989582,NaN
2022-10-12T12:00:00Z,0.0,-64.53126,-61.989582,NaN
2022-10-13T12:00:00Z,0.0,-64.53126,-61.989582,NaN
2022-10-14T12:00:00Z,0.0,-64.53126,-61.989582,NaN
2022-10-15T12:00:00Z,0.0,-64.53126,-61.989582,NaN
2022-10-16T12:00:00Z,0.0,-64.53126,-61.989582,NaN
2022-10-17T12:00:00Z,0.0,-64.53126,-61.989582,NaN
2022-10-18T12:00:00Z,0.0,-64.53126,-61.989582,NaN
2022-10-19T12:00:00Z,0.0,-64.53126,-61.989582,NaN
2022-10-20T12:00:00Z,0.0,-64.53126,-61.989582,0.063354455
2022-10-21T12:00:00Z,0.0,-64.53126,-61.989582,0.06869736
2022-10-22T12:00:00Z,0.0,-64.53126,-61.989582,0.066164516
2022-10-23T12:00:00Z,0.0,-64.53126,-61.989582,0.062785745
2022-10-24T12:00:00Z,0.0,-64.53126,-61.989582,0.075942755
2022-10-25T12:00:00Z,0.0,-64.53126,-61.989582,0.06349799
2022-10-26T12:00:00Z,0.0,-64.53126,-61.989582,0.07918286
2022-10-27T12:00:00Z,0.0,-64.53126,-61.989582,0.107467555
2022-10-28T12:00:00Z,0.0,-64.53126,-61.989582,0.08259995
2022-10-29T12:00:00Z,0.0,-64.53126,-61.989582,0.07487235
2022-10-30T12:00:00Z,0.0,-64.53126,-61.989582,0.098591745
2022-10-31T12:00:00Z,0.0,-64.53126,-61.989582,0.08832496
2022-11-01T12:00:00Z,0.0,-64.53126,-61.989582,0.07968473
2022-11-02T12:00:00Z,0.0,-64.53126,-61.989582,0.08100457
2022-11-03T12:00:00Z,0.0,-64.53126,-61.989582,0.10464607
2022-11-04T12:00:00Z,0.0,-64.53126,-61.989582,0.101739
2022-11-05T12:00:00Z,0.0,-64.53126,-61.989582,0.09778815
2022-11-06T12:00:00Z,0.0,-64.53126,-61.989582,0.09511544
2022-11-07T12:00:00Z,0.0,-64.53126,-61.989582,0.09301551
2022-11-08T12:00:00Z,0.0,-64.53126,-61.989582,0.08741239
2022-11-09T12:00:00Z,0.0,-64.53126,-61.989582,0.09514844
2022-11-10T12:00:00Z,0.0,-64.53126,-61.989582,0.092438735
2022-11-11T12:00:00Z,0.0,-64.53126,-61.989582,0.102048285
2022-11-12T12:00:00Z,0.0,-64.53126,-61.989582,0.09834247
2022-11-13T12:00:00Z,0.0,-64.53126,-61.989582,0.12685733
2022-11-14T12:00:00Z,0.0,-64.53126,-61.989582,0.085591994
2022-11-15T12:00:00Z,0.0,-64.53126,-61.989582,0.08986167
2022-11-16T12:00:00Z,0.0,-64.53126,-61.989582,0.09379258
2022-11-17T12:00:00Z,0.0,-64.53126,-61.989582,0.08414215
2022-11-18T12:00:00Z,0.0,-64.53126,-61.989582,0.14978263
2022-11-19T12:00:00Z,0.0,-64.53126,-61.989582,0.115845695
2022-11-20T12:00:00Z,0.0,-64.53126,-61.989582,0.114821896
2022-11-21T12:00:00Z,0.0,-64.53126,-61.989582,0.1115814
2022-11-22T12:00:00Z,0.0,-64.53126,-61.989582,0.12779713
2022-11-23T12:00:00Z,0.0,-64.53126,-61.989582,0.13019319
2022-11-24T12:00:00Z,0.0,-64.53126,-61.989582,0.12892331
2022-11-25T12:00:00Z,0.0,-64.53126,-61.989582,0.13200258
2022-11-26T12:00:00Z,0.0,-64.53126,-61.989582,0.120047465
2022-11-27T12:00:00Z,0.0,-64.53126,-61.989582,0.11680081
2022-11-28T12:00:00Z,0.0,-64.53126,-61.989582,0.114726454
2022-11-29T12:00:00Z,0.0,-64.53126,-61.989582,0.13030717
2022-11-30T12:00:00Z,0.0,-64.53126,-61.989582,0.12149752
2022-12-01T12:00:00Z,0.0,-64.53126,-61.989582,0.11657393
2022-12-02T12:00:00Z,0.0,-64.53126,-61.989582,0.13614823
2022-12-03T12:00:00Z,0.0,-64.53126,-61.989582,0.14229172
2022-12-04T12:00:00Z,0.0,-64.53126,-61.989582,0.15293114
2022-12-05T12:00:00Z,0.0,-64.53126,-61.989582,0.15692493
2022-12-06T12:00:00Z,0.0,-64.53126,-61.989582,0.16802998
2022-12-07T12:00:00Z,0.0,-64.53126,-61.989582,0.17202477
2022-12-08T12:00:00Z,0.0,-64.53126,-61.989582,0.16497652
2022-12-09T12:00:00Z,0.0,-64.53126,-61.989582,0.17706265
2022-12-10T12:00:00Z,0.0,-64.53126,-61.989582,0.17378357
2022-12-11T12:00:00Z,0.0,-64.53126,-61.989582,0.18068282
2022-12-12T12:00:00Z,0.0,-64.53126,-61.989582,0.18854716
2022-12-13T12:00:00Z,0.0,-64.53126,-61.989582,0.18507676
2022-12-14T12:00:00Z,0.0,-64.53126,-61.989582,0.1873515
2022-12-15T12:00:00Z,0.0,-64.53126,-61.989582,0.190324
2022-12-16T12:00:00Z,0.0,-64.53126,-61.989582,0.18386462
2022-12-17T12:00:00Z,0.0,-64.53126,-61.989582,0.17853244
2022-12-18T12:00:00Z,0.0,-64.53126,-61.989582,0.1774387
2022-12-19T12:00:00Z,0.0,-64.53126,-61.989582,0.18086997
2022-12-20T12:00:00Z,0.0,-64.53126,-61.989582,0.17801571
2022-12-21T12:00:00Z,0.0,-64.53126,-61.989582,0.1732216
2022-12-22T12:00:00Z,0.0,-64.53126,-61.989582,0.16329534
2022-12-23T12:00:00Z,0.0,-64.53126,-61.989582,0.19393066
2022-12-24T12:00:00Z,0.0,-64.53126,-61.989582,0.1912004
2022-12-25T12:00:00Z,0.0,-64.53126,-61.989582,0.19320282
2022-12-26T12:00:00Z,0.0,-64.53126,-61.989582,0.18607809
2022-12-27T12:00:00Z,0.0,-64.53126,-61.989582,0.19844683
2022-12-28T12:00:00Z,0.0,-64.53126,-61.989582,0.19124836
2022-12-29T12:00:00Z,0.0,-64.53126,-61.989582,0.19475822
2022-12-30T12:00:00Z,0.0,-64.53126,-61.989582,0.20575656
2022-12-31T12:00:00Z,0.0,-64.53126,-61.989582,0.19684277
2023-01-01T12:00:00Z,0.0,-64.53126,-61.989582,0.17960162
2023-01-02T12:00:00Z,0.0,-64.53126,-61.989582,0.18670076
2023-01-03T12:00:00Z,0.0,-64.53126,-61.989582,0.20167188
2023-01-04T12:00:00Z,0.0,-64.53126,-61.989582,0.20229721
2023-01-05T12:00:00Z,0.0,-64.53126,-61.989582,0.19478914
2023-01-06T12:00:00Z,0.0,-64.53126,-61.989582,0.20329747
2023-01-07T12:00:00Z,0.0,-64.53126,-61.989582,0.19491643
2023-01-08T12:00:00Z,0.0,-64.53126,-61.989582,0.19610526
2023-01-09T12:00:00Z,0.0,-64.53126,-61.989582,0.19013484
2023-01-10T12:00:00Z,0.0,-64.53126,-61.989582,0.19204782
2023-01-11T12:00:00Z,0.0,-64.53126,-61.989582,0.19299714
2023-01-12T12:00:00Z,0.0,-64.53126,-61.989582,0.17550796
2023-01-13T12:00:00Z,0.0,-64.53126,-61.989582,0.17695925
2023-01-14T12:00:00Z,0.0,-64.53126,-61.989582,0.1671023
2023-01-15T12:00:00Z,0.0,-64.53126,-61.989582,0.15570249
2023-01-16T12:00:00Z,0.0,-64.53126,-61.989582,0.15012434
2023-01-17T12:00:00Z,0.0,-64.53126,-61.989582,0.13034959
2023-01-18T12:00:00Z,0.0,-64.53126,-61.989582,0.11284665
2023-01-19T12:00:00Z,0.0,-64.53126,-61.989582,0.11555993
2023-01-20T12:00:00Z,0.0,-64.53126,-61.989582,0.11739111
2023-01-21T12:00:00Z,0.0,-64.53126,-61.989582,0.111329764
2023-01-22T12:00:00Z,0.0,-64.53126,-61.989582,0.11444448
2023-01-23T12:00:00Z,0.0,-64.53126,-61.989582,0.10891197
2023-01-24T12:00:00Z,0.0,-64.53126,-61.989582,0.098955534
2023-01-25T12:00:00Z,0.0,-64.53126,-61.989582,0.10422275
2023-01-26T12:00:00Z,0.0,-64.53126,-61.989582,0.10093917
2023-01-27T12:00:00Z,0.0,-64.53126,-61.989582,0.095959336
2023-01-28T12:00:00Z,0.0,-64.53126,-61.989582,0.0906962
2023-01-29T12:00:00Z,0.0,-64.53126,-61.989582,0.08119437
2023-01-30T12:00:00Z,0.0,-64.53126,-61.989582,0.116848394
2023-01-31T12:00:00Z,0.0,-64.53126,-61.989582,0.1125873
2023-02-01T12:00:00Z,0.0,-64.53126,-61.989582,0.12060957
2023-02-02T12:00:00Z,0.0,-64.53126,-61.989582,0.111905895
2023-02-03T12:00:00Z,0.0,-64.53126,-61.989582,0.13207099
2023-02-04T12:00:00Z,0.0,-64.53126,-61.989582,0.17024775
2023-02-05T12:00:00Z,0.0,-64.53126,-61.989582,0.17655095
2023-02-06T12:00:00Z,0.0,-64.53126,-61.989582,0.17706425
2023-02-07T12:00:00Z,0.0,-64.53126,-61.989582,0.18629032
2023-02-08T12:00:00Z,0.0,-64.53126,-61.989582,0.18851767
2023-02-09T12:00:00Z,0.0,-64.53126,-61.989582,0.2217285
2023-02-10T12:00:00Z,0.0,-64.53126,-61.989582,0.22621414
2023-02-11T12:00:00Z,0.0,-64.53126,-61.989582,0.20805876
2023-02-12T12:00:00Z,0.0,-64.53126,-61.989582,0.2510062
2023-02-13T12:00:00Z,0.0,-64.53126,-61.989582,0.24283087
2023-02-14T12:00:00Z,0.0,-64.53126,-61.989582,0.24297112
2023-02-15T12:00:00Z,0.0,-64.53126,-61.989582,0.2538108
2023-02-16T12:00:00Z,0.0,-64.53126,-61.989582,0.2373163
2023-02-17T12:00:00Z,0.0,-64.53126,-61.989582,0.23980266
2023-02-18T12:00:00Z,0.0,-64.53126,-61.989582,0.24142441
2023-02-19T12:00:00Z,0.0,-64.53126,-61.989582,0.2341269
2023-02-20T12:00:00Z,0.0,-64.53126,-61.989582,0.2240631
2023-02-21T12:00:00Z,0.0,-64.53126,-61.989582,0.22836494
2023-02-22T12:00:00Z,0.0,-64.53126,-61.989582,0.22918254
2023-02-23T12:00:00Z,0.0,-64.53126,-61.989582,0.23639774
2023-02-24T12:00:00Z,0.0,-64.53126,-61.989582,0.22325642
2023-02-25T12:00:00Z,0.0,-64.53126,-61.989582,0.22538206
2023-02-26T12:00:00Z,0.0,-64.53126,-61.989582,0.22063465
2023-02-27T12:00:00Z,0.0,-64.53126,-61.989582,0.22314921
2023-02-28T12:00:00Z,0.0,-64.53126,-61.989582,0.22480826
2023-03-01T12:00:00Z,0.0,-64.53126,-61.989582,0.23166132
2023-03-02T12:00:00Z,0.0,-64.53126,-61.989582,0.22662461
2023-03-03T12:00:00Z,0.0,-64.53126,-61.989582,0.2261899
2023-03-04T12:00:00Z,0.0,-64.53126,-61.989582,0.22425543
2023-03-05T12:00:00Z,0.0,-64.53126,-61.989582,0.2084329
2023-03-06T12:00:00Z,0.0,-64.53126,-61.989582,0.19206217
2023-03-07T12:00:00Z,0.0,-64.53126,-61.989582,0.19093747
2023-03-08T12:00:00Z,0.0,-64.53126,-61.989582,0.19168843
2023-03-09T12:00:00Z,0.0,-64.53126,-61.989582,0.17362306
2023-03-10T12:00:00Z,0.0,-64.53126,-61.989582,0.18189526
2023-03-11T12:00:00Z,0.0,-64.53126,-61.989582,0.18383968
2023-03-12T12:00:00Z,0.0,-64.53126,-61.989582,0.18403314
2023-03-13T12:00:00Z,0.0,-64.53126,-61.989582,0.17983723
2023-03-14T12:00:00Z,0.0,-64.53126,-61.989582,0.17654434
2023-03-15T12:00:00Z,0.0,-64.53126,-61.989582,NaN
2023-03-16T12:00:00Z,0.0,-64.53126,-61.989582,NaN
2023-03-17T12:00:00Z,0.0,-64.53126,-61.989582,NaN
2023-03-18T12:00:00Z,0.0,-64.53126,-61.989582,NaN
2023-03-19T12:00:00Z,0.0,-64.53126,-61.989582,NaN
2023-03-20T12:00:00Z,0.0,-64.53126,-61.989582,NaN
2023-03-21T12:00:00Z,0.0,-64.53126,-61.989582,NaN
2023-03-22T12:00:00Z,0.0,-64.53126,-61.989582,NaN
2023-03-23T12:00:00Z,0.0,-64.53126,-61.989582,NaN
2023-03-24T12:00:00Z,0.0,-64.53126,-61.989582,NaN
2023-03-25T12:00:00Z,0.0,-64.53126,-61.989582,NaN
2023-03-26T12:00:00Z,0.0,-64.53126,-61.989582,NaN
2023-03-27T12:00:00Z,0.0,-64.53126,-61.989582,NaN
2023-03-28T12:00:00Z,0.0,-64.53126,-61.989582,NaN
2023-03-29T12:00:00Z,0.0,-64.53126,-61.989582,NaN
2023-03-30T12:00:00Z,0.0,-64.53126,-61.989582,NaN
2023-03-31T12:00:00Z,0.0,-64.53126,-61.989582,NaN
2023-04-01T12:00:00Z,0.0,-64.53126,-61.989582,NaN
2023-04-02T12:00:00Z,0.0,-64.53126,-61.989582,NaN
2023-04-03T12:00:00Z,0.0,-64.53126,-61.989582,NaN
2023-04-04T12:00:00Z,0.0,-64.53126,-61.989582,NaN
2023-04-05T12:00:00Z,0.0,-64.53126,-61.989582,NaN
2023-04-06T12:00:00Z,0.0,-64.53126,-61.989582,NaN
2023-04-07T12:00:00Z,0.0,-64.53126,-61.989582,NaN
2023-04-08T12:00:00Z,0.0,-64.53126,-61.989582,NaN
2023-04-09T12:00:00Z,0.0,-64.53126,-61.989582,NaN
2023-04-10T12:00:00Z,0.0,-64.53126,-61.989582,NaN
2023-04-11T12:00:00Z,0.0,-64.53126,-61.989582,NaN
2023-04-12T12:00:00Z,0.0,-64.53126,-61.989582,NaN
2023-04-13T12:00:00Z,0.0,-64.53126,-61.989582,NaN
2023-04-14T12:00:00Z,0.0,-64.53126,-61.989582,NaN
2023-04-15T12:00:00Z,0.0,-64.53126,-61.989582,NaN
2023-04-16T12:00:00Z,0.0,-64.53126,-61.989582,NaN
2023-04-17T12:00:00Z,0.0,-64.53126,-61.989582,NaN
2023-04-18T12:00:00Z,0.0,-64.53126,-61.989582,NaN
2023-04-19T12:00:00Z,0.0,-64.53126,-61.989582,NaN
2023-04-20T12:00:00Z,0.0,-64.53126,-61.989582,NaN
2023-04-21T12:00:00Z,0.0,-64.53126,-61.989582,NaN
2023-04-22T12:00:00Z,0.0,-64.53126,-61.989582,NaN
2023-04-23T12:00:00Z,0.0,-64.53126,-61.989582,NaN
2023-04-24T12:00:00Z,0.0,-64.53126,-61.989582,NaN
2023-04-25T12:00:00Z,0.0,-64.53126,-61.989582,NaN
2023-04-26T12:00:00Z,0.0,-64.53126,-61.989582,NaN
2023-04-27T12:00:00Z,0.0,-64.53126,-61.989582,NaN
2023-04-28T12:00:00Z,0.0,-64.53126,-61.989582,NaN
2023-04-29T12:00:00Z,0.0,-64.53126,-61.989582,NaN
2023-04-30T12:00:00Z,0.0,-64.53126,-61.989582,NaN
2023-05-01T12:00:00Z,0.0,-64.53126,-61.989582,NaN
2023-05-02T12:00:00Z,0.0,-64.53126,-61.989582,NaN
2023-05-03T12:00:00Z,0.0,-64.53126,-61.989582,NaN
2023-05-04T12:00:00Z,0.0,-64.53126,-61.989582,NaN
2023-05-05T12:00:00Z,0.0,-64.53126,-61.989582,NaN
2023-05-06T12:00:00Z,0.0,-64.53126,-61.989582,NaN
2023-05-07T12:00:00Z,0.0,-64.53126,-61.989582,NaN
2023-05-08T12:00:00Z,0.0,-64.53126,-61.989582,NaN
2023-05-09T12:00:00Z,0.0,-64.53126,-61.989582,NaN
2023-05-10T12:00:00Z,0.0,-64.53126,-61.989582,NaN
2023-05-11T12:00:00Z,0.0,-64.53126,-61.989582,NaN
2023-05-12T12:00:00Z,0.0,-64.53126,-61.989582,NaN
2023-05-13T12:00:00Z,0.0,-64.53126,-61.989582,NaN
2023-05-14T12:00:00Z,0.0,-64.53126,-61.989582,NaN
2023-05-15T12:00:00Z,0.0,-64.53126,-61.989582,NaN
2023-05-16T12:00:00Z,0.0,-64.53126,-61.989582,NaN
2023-05-17T12:00:00Z,0.0,-64.53126,-61.989582,NaN
2023-05-18T12:00:00Z,0.0,-64.53126,-61.989582,NaN
2023-05-19T12:00:00Z,0.0,-64.53126,-61.989582,NaN
2023-05-20T12:00:00Z,0.0,-64.53126,-61.989582,NaN
2023-05-21T12:00:00Z,0.0,-64.53126,-61.989582,NaN
2023-05-22T12:00:00Z,0.0,-64.53126,-61.989582,NaN
2023-05-23T12:00:00Z,0.0,-64.53126,-61.989582,NaN
2023-05-24T12:00:00Z,0.0,-64.53126,-61.989582,NaN
2023-05-25T12:00:00Z,0.0,-64.53126,-61.989582,NaN
2023-05-26T12:00:00Z,0.0,-64.53126,-61.989582,NaN
2023-05-27T12:00:00Z,0.0,-64.53126,-61.989582,NaN
2023-05-28T12:00:00Z,0.0,-64.53126,-61.989582,NaN
2023-05-29T12:00:00Z,0.0,-64.53126,-61.989582,NaN
2023-05-30T12:00:00Z,0.0,-64.53126,-61.989582,NaN
2023-05-31T12:00:00Z,0.0,-64.53126,-61.989582,NaN
2023-06-01T12:00:00Z,0.0,-64.53126,-61.989582,NaN
2023-06-02T12:00:00Z,0.0,-64.53126,-61.989582,NaN
2023-06-03T12:00:00Z,0.0,-64.53126,-61.989582,NaN
2023-06-04T12:00:00Z,0.0,-64.53126,-61.989582,NaN
2023-06-05T12:00:00Z,0.0,-64.53126,-61.989582,NaN
2023-06-06T12:00:00Z,0.0,-64.53126,-61.989582,NaN
2023-06-07T12:00:00Z,0.0,-64.53126,-61.989582,NaN
2023-06-08T12:00:00Z,0.0,-64.53126,-61.989582,NaN
2023-06-09T12:00:00Z,0.0,-64.53126,-61.989582,NaN
2023-06-10T12:00:00Z,0.0,-64.53126,-61.989582,NaN
2023-06-11T12:00:00Z,0.0,-64.53126,-61.989582,NaN
2023-06-12T12:00:00Z,0.0,-64.53126,-61.989582,NaN
2023-06-13T12:00:00Z,0.0,-64.53126,-61.989582,NaN
2023-06-14T12:00:00Z,0.0,-64.53126,-61.989582,NaN
2023-06-15T12:00:00Z,0.0,-64.53126,-61.989582,NaN
2023-06-16T12:00:00Z,0.0,-64.53126,-61.989582,NaN
2023-06-17T12:00:00Z,0.0,-64.53126,-61.989582,NaN
2023-06-18T12:00:00Z,0.0,-64.53126,-61.989582,NaN
2023-06-19T12:00:00Z,0.0,-64.53126,-61.989582,NaN
2023-06-20T12:00:00Z,0.0,-64.53126,-61.989582,NaN
2023-06-21T12:00:00Z,0.0,-64.53126,-61.989582,NaN
2023-06-22T12:00:00Z,0.0,-64.53126,-61.989582,NaN
2023-06-23T12:00:00Z,0.0,-64.53126,-61.989582,NaN
2023-06-24T12:00:00Z,0.0,-64.53126,-61.989582,NaN
2023-06-25T12:00:00Z,0.0,-64.53126,-61.989582,NaN
2023-06-26T12:00:00Z,0.0,-64.53126,-61.989582,NaN
2023-06-27T12:00:00Z,0.0,-64.53126,-61.989582,NaN
2023-06-28T12:00:00Z,0.0,-64.53126,-61.989582,NaN
2023-06-29T12:00:00Z,0.0,-64.53126,-61.989582,NaN
2023-06-30T12:00:00Z,0.0,-64.53126,-61.989582,NaN
2023-07-01T12:00:00Z,0.0,-64.53126,-61.989582,NaN
2023-07-02T12:00:00Z,0.0,-64.53126,-61.989582,NaN
2023-07-03T12:00:00Z,0.0,-64.53126,-61.989582,NaN
2023-07-04T12:00:00Z,0.0,-64.53126,-61.989582,NaN
2023-07-05T12:00:00Z,0.0,-64.53126,-61.989582,NaN
2023-07-06T12:00:00Z,0.0,-64.53126,-61.989582,NaN
2023-07-07T12:00:00Z,0.0,-64.53126,-61.989582,NaN
2023-07-08T12:00:00Z,0.0,-64.53126,-61.989582,NaN
2023-07-09T12:00:00Z,0.0,-64.53126,-61.989582,NaN
2023-07-10T12:00:00Z,0.0,-64.53126,-61.989582,NaN
2023-07-11T12:00:00Z,0.0,-64.53126,-61.989582,NaN
2023-07-12T12:00:00Z,0.0,-64.53126,-61.989582,NaN
2023-07-13T12:00:00Z,0.0,-64.53126,-61.989582,NaN
2023-07-14T12:00:00Z,0.0,-64.53126,-61.989582,NaN
2023-07-15T12:00:00Z,0.0,-64.53126,-61.989582,NaN
2023-07-16T12:00:00Z,0.0,-64.53126,-61.989582,NaN
2023-07-17T12:00:00Z,0.0,-64.53126,-61.989582,NaN
2023-07-18T12:00:00Z,0.0,-64.53126,-61.989582,NaN
2023-07-19T12:00:00Z,0.0,-64.53126,-61.989582,NaN
2023-07-20T12:00:00Z,0.0,-64.53126,-61.989582,NaN
2023-07-21T12:00:00Z,0.0,-64.53126,-61.989582,NaN
2023-07-22T12:00:00Z,0.0,-64.53126,-61.989582,NaN
2023-07-23T12:00:00Z,0.0,-64.53126,-61.989582,NaN
2023-07-24T12:00:00Z,0.0,-64.53126,-61.989582,NaN
2023-07-25T12:00:00Z,0.0,-64.53126,-61.989582,NaN
2023-07-26T12:00:00Z,0.0,-64.53126,-61.989582,NaN
2023-07-27T12:00:00Z,0.0,-64.53126,-61.989582,NaN
2023-07-28T12:00:00Z,0.0,-64.53126,-61.989582,NaN
2023-07-29T12:00:00Z,0.0,-64.53126,-61.989582,NaN
2023-07-30T12:00:00Z,0.0,-64.53126,-61.989582,NaN
2023-07-31T12:00:00Z,0.0,-64.53126,-61.989582,NaN
2023-08-01T12:00:00Z,0.0,-64.53126,-61.989582,NaN
2023-08-02T12:00:00Z,0.0,-64.53126,-61.989582,NaN
2023-08-03T12:00:00Z,0.0,-64.53126,-61.989582,NaN
2023-08-04T12:00:00Z,0.0,-64.53126,-61.989582,NaN
2023-08-05T12:00:00Z,0.0,-64.53126,-61.989582,NaN
2023-08-06T12:00:00Z,0.0,-64.53126,-61.989582,NaN
2023-08-07T12:00:00Z,0.0,-64.53126,-61.989582,NaN
2023-08-08T12:00:00Z,0.0,-64.53126,-61.989582,NaN
2023-08-09T12:00:00Z,0.0,-64.53126,-61.989582,NaN
2023-08-10T12:00:00Z,0.0,-64.53126,-61.989582,NaN
2023-08-11T12:00:00Z,0.0,-64.53126,-61.989582,NaN
2023-08-12T12:00:00Z,0.0,-64.53126,-61.989582,NaN
2023-08-13T12:00:00Z,0.0,-64.53126,-61.989582,NaN
2023-08-14T12:00:00Z,0.0,-64.53126,-61.989582,NaN
2023-08-15T12:00:00Z,0.0,-64.53126,-61.989582,NaN
2023-08-16T12:00:00Z,0.0,-64.53126,-61.989582,NaN
2023-08-17T12:00:00Z,0.0,-64.53126,-61.989582,NaN
2023-08-18T12:00:00Z,0.0,-64.53126,-61.989582,NaN
2023-08-19T12:00:00Z,0.0,-64.53126,-61.989582,NaN
2023-08-20T12:00:00Z,0.0,-64.53126,-61.989582,NaN
2023-08-21T12:00:00Z,0.0,-64.53126,-61.989582,NaN
2023-08-22T12:00:00Z,0.0,-64.53126,-61.989582,NaN
2023-08-23T12:00:00Z,0.0,-64.53126,-61.989582,NaN
2023-08-24T12:00:00Z,0.0,-64.53126,-61.989582,NaN
2023-08-25T12:00:00Z,0.0,-64.53126,-61.989582,NaN
2023-08-26T12:00:00Z,0.0,-64.53126,-61.989582,NaN
2023-08-27T12:00:00Z,0.0,-64.53126,-61.989582,NaN
2023-08-28T12:00:00Z,0.0,-64.53126,-61.989582,NaN
2023-08-29T12:00:00Z,0.0,-64.53126,-61.989582,NaN
2023-08-30T12:00:00Z,0.0,-64.53126,-61.989582,NaN
2023-08-31T12:00:00Z,0.0,-64.53126,-61.989582,NaN
2023-09-01T12:00:00Z,0.0,-64.53126,-61.989582,NaN
2023-09-02T12:00:00Z,0.0,-64.53126,-61.989582,NaN
2023-09-03T12:00:00Z,0.0,-64.53126,-61.989582,NaN
2023-09-04T12:00:00Z,0.0,-64.53126,-61.989582,NaN
2023-09-05T12:00:00Z,0.0,-64.53126,-61.989582,NaN
2023-09-06T12:00:00Z,0.0,-64.53126,-61.989582,NaN
2023-09-07T12:00:00Z,0.0,-64.53126,-61.989582,NaN
2023-09-08T12:00:00Z,0.0,-64.53126,-61.989582,NaN
2023-09-09T12:00:00Z,0.0,-64.53126,-61.989582,NaN
2023-09-10T12:00:00Z,0.0,-64.53126,-61.989582,NaN
2023-09-11T12:00:00Z,0.0,-64.53126,-61.989582,NaN
2023-09-12T12:00:00Z,0.0,-64.53126,-61.989582,NaN
2023-09-13T12:00:00Z,0.0,-64.53126,-61.989582,NaN
2023-09-14T12:00:00Z,0.0,-64.53126,-61.989582,NaN
2023-09-15T12:00:00Z,0.0,-64.53126,-61.989582,NaN
2023-09-16T12:00:00Z,0.0,-64.53126,-61.989582,NaN
2023-09-17T12:00:00Z,0.0,-64.53126,-61.989582,NaN
2023-09-18T12:00:00Z,0.0,-64.53126,-61.989582,NaN
2023-09-19T12:00:00Z,0.0,-64.53126,-61.989582,NaN
2023-09-20T12:00:00Z,0.0,-64.53126,-61.989582,NaN
2023-09-21T12:00:00Z,0.0,-64.53126,-61.989582,NaN
2023-09-22T12:00:00Z,0.0,-64.53126,-61.989582,NaN
2023-09-23T12:00:00Z,0.0,-64.53126,-61.989582,NaN
2023-09-24T12:00:00Z,0.0,-64.53126,-61.989582,NaN
2023-09-25T12:00:00Z,0.0,-64.53126,-61.989582,NaN
2023-09-26T12:00:00Z,0.0,-64.53126,-61.989582,NaN
2023-09-27T12:00:00Z,0.0,-64.53126,-61.989582,NaN
2023-09-28T12:00:00Z,0.0,-64.53126,-61.989582,NaN
2023-09-29T12:00:00Z,0.0,-64.53126,-61.989582,NaN
2023-09-30T12:00:00Z,0.0,-64.53126,-61.989582,NaN
2023-10-01T12:00:00Z,0.0,-64.53126,-61.989582,NaN
2023-10-02T12:00:00Z,0.0,-64.53126,-61.989582,NaN
2023-10-03T12:00:00Z,0.0,-64.53126,-61.989582,NaN
2023-10-04T12:00:00Z,0.0,-64.53126,-61.989582,NaN
2023-10-05T12:00:00Z,0.0,-64.53126,-61.989582,NaN
2023-10-06T12:00:00Z,0.0,-64.53126,-61.989582,NaN
2023-10-07T12:00:00Z,0.0,-64.53126,-61.989582,NaN
2023-10-08T12:00:00Z,0.0,-64.53126,-61.989582,NaN
2023-10-09T12:00:00Z,0.0,-64.53126,-61.989582,NaN
2023-10-10T12:00:00Z,0.0,-64.53126,-61.989582,NaN
2023-10-11T12:00:00Z,0.0,-64.53126,-61.989582,NaN
2023-10-12T12:00:00Z,0.0,-64.53126,-61.989582,NaN
2023-10-13T12:00:00Z,0.0,-64.53126,-61.989582,NaN
2023-10-14T12:00:00Z,0.0,-64.53126,-61.989582,NaN
2023-10-15T12:00:00Z,0.0,-64.53126,-61.989582,NaN
2023-10-16T12:00:00Z,0.0,-64.53126,-61.989582,NaN
2023-10-17T12:00:00Z,0.0,-64.53126,-61.989582,NaN
2023-10-18T12:00:00Z,0.0,-64.53126,-61.989582,NaN
2023-10-19T12:00:00Z,0.0,-64.53126,-61.989582,NaN
2023-10-20T12:00:00Z,0.0,-64.53126,-61.989582,0.15522718
2023-10-21T12:00:00Z,0.0,-64.53126,-61.989582,0.1551784
2023-10-22T12:00:00Z,0.0,-64.53126,-61.989582,0.15505248
2023-10-23T12:00:00Z,0.0,-64.53126,-61.989582,0.09692424
2023-10-24T12:00:00Z,0.0,-64.53126,-61.989582,0.09347958
2023-10-25T12:00:00Z,0.0,-64.53126,-61.989582,0.15588157
2023-10-26T12:00:00Z,0.0,-64.53126,-61.989582,0.15620497
2023-10-27T12:00:00Z,0.0,-64.53126,-61.989582,0.08656942
2023-10-28T12:00:00Z,0.0,-64.53126,-61.989582,0.09803375
2023-10-29T12:00:00Z,0.0,-64.53126,-61.989582,0.13360293
2023-10-30T12:00:00Z,0.0,-64.53126,-61.989582,0.15315115
2023-10-31T12:00:00Z,0.0,-64.53126,-61.989582,0.14825603
2023-11-01T12:00:00Z,0.0,-64.53126,-61.989582,0.15162203
2023-11-02T12:00:00Z,0.0,-64.53126,-61.989582,0.16453238
2023-11-03T12:00:00Z,0.0,-64.53126,-61.989582,0.13583356
2023-11-04T12:00:00Z,0.0,-64.53126,-61.989582,0.15702833
2023-11-05T12:00:00Z,0.0,-64.53126,-61.989582,0.15681905
2023-11-06T12:00:00Z,0.0,-64.53126,-61.989582,0.14654599
2023-11-07T12:00:00Z,0.0,-64.53126,-61.989582,0.12456891
2023-11-08T12:00:00Z,0.0,-64.53126,-61.989582,0.13549191
2023-11-09T12:00:00Z,0.0,-64.53126,-61.989582,0.10909082
2023-11-10T12:00:00Z,0.0,-64.53126,-61.989582,0.10765243
2023-11-11T12:00:00Z,0.0,-64.53126,-61.989582,0.13383359
2023-11-12T12:00:00Z,0.0,-64.53126,-61.989582,0.13107751
2023-11-13T12:00:00Z,0.0,-64.53126,-61.989582,0.11063288
2023-11-14T12:00:00Z,0.0,-64.53126,-61.989582,0.10589628
2023-11-15T12:00:00Z,0.0,-64.53126,-61.989582,0.104730815
2023-11-16T12:00:00Z,0.0,-64.53126,-61.989582,0.12096356
2023-11-17T12:00:00Z,0.0,-64.53126,-61.989582,0.122068204
2023-11-18T12:00:00Z,0.0,-64.53126,-61.989582,0.12952906
2023-11-19T12:00:00Z,0.0,-64.53126,-61.989582,0.13247249
2023-11-20T12:00:00Z,0.0,-64.53126,-61.989582,0.19350179
2023-11-21T12:00:00Z,0.0,-64.53126,-61.989582,0.19122116
2023-11-22T12:00:00Z,0.0,-64.53126,-61.989582,0.1844252
2023-11-23T12:00:00Z,0.0,-64.53126,-61.989582,0.19493672
2023-11-24T12:00:00Z,0.0,-64.53126,-61.989582,0.19817804
2023-11-25T12:00:00Z,0.0,-64.53126,-61.989582,0.19992521
2023-11-26T12:00:00Z,0.0,-64.53126,-61.989582,0.22136508
2023-11-27T12:00:00Z,0.0,-64.53126,-61.989582,0.24490514
2023-11-28T12:00:00Z,0.0,-64.53126,-61.989582,0.24142708
2023-11-29T12:00:00Z,0.0,-64.53126,-61.989582,0.27320495
2023-11-30T12:00:00Z,0.0,-64.53126,-61.989582,0.27299407
2023-12-02T12:00:00Z,0.0,-64.53126,-61.989582,0.2726247
2023-12-03T12:00:00Z,0.0,-64.53126,-61.989582,0.24891056
2023-12-04T12:00:00Z,0.0,-64.53126,-61.989582,0.24156941
2023-12-05T12:00:00Z,0.0,-64.53126,-61.989582,0.28343722
2023-12-06T12:00:00Z,0.0,-64.53126,-61.989582,0.29764974
2023-12-07T12:00:00Z,0.0,-64.53126,-61.989582,0.30803278
2023-12-08T12:00:00Z,0.0,-64.53126,-61.989582,0.26456955
2023-12-09T12:00:00Z,0.0,-64.53126,-61.989582,0.27049145
2023-12-10T12:00:00Z,0.0,-64.53126,-61.989582,0.32659927
2023-12-11T12:00:00Z,0.0,-64.53126,-61.989582,0.35349378
2023-12-12T12:00:00Z,0.0,-64.53126,-61.989582,0.36503738
2023-12-13T12:00:00Z,0.0,-64.53126,-61.989582,0.37856898
2023-12-14T12:00:00Z,0.0,-64.53126,-61.989582,0.3531425
2023-12-15T12:00:00Z,0.0,-64.53126,-61.989582,0.34620157
2023-12-16T12:00:00Z,0.0,-64.53126,-61.989582,0.33652684
2023-12-17T12:00:00Z,0.0,-64.53126,-61.989582,0.34295064
2023-12-18T12:00:00Z,0.0,-64.53126,-61.989582,0.36458087
2023-12-19T12:00:00Z,0.0,-64.53126,-61.989582,0.35849583
2023-12-20T12:00:00Z,0.0,-64.53126,-61.989582,0.327016
2023-12-21T12:00:00Z,0.0,-64.53126,-61.989582,0.3198245
2023-12-22T12:00:00Z,0.0,-64.53126,-61.989582,0.31374744
2023-12-23T12:00:00Z,0.0,-64.53126,-61.989582,0.33701548
2023-12-25T12:00:00Z,0.0,-64.53126,-61.989582,0.2968897
2023-12-26T12:00:00Z,0.0,-64.53126,-61.989582,0.27717742
2023-12-27T12:00:00Z,0.0,-64.53126,-61.989582,0.268177
2023-12-28T12:00:00Z,0.0,-64.53126,-61.989582,0.26735252
2023-12-29T12:00:00Z,0.0,-64.53126,-61.989582,0.25586152
2023-12-30T12:00:00Z,0.0,-64.53126,-61.989582,0.26026675
2023-12-31T12:00:00Z,0.0,-64.53126,-61.989582,0.2562112
