time,altitude,latitude,longitude,chlor_a
UTC,m,degrees_north,degrees_east,mg m^-3
2018-01-01T12:00:00Z,0.0,-64.53126,-63.156246,0.12023844
2018-01-02T12:00:00Z,0.0,-64.53126,-63.156246,0.2657294
2018-01-03T12:00:00Z,0.0,-64.53126,-63.156246,0.27683276
2018-01-04T12:00:00Z,0.0,-64.53126,-63.156246,0.2803264
2018-01-05T12:00:00Z,0.0,-64.53126,-63.156246,0.24292278
2018-01-06T12:00:00Z,0.0,-64.53126,-63.156246,0.21303253
2018-01-07T12:00:00Z,0.0,-64.53126,-63.156246,0.18142882
2018-01-08T12:00:00Z,0.0,-64.53126,-63.156246,0.19276983
2018-01-09T12:00:00Z,0.0,-64.53126,-63.156246,0.18497927
2018-01-10T12:00:00Z,0.0,-64.53126,-63.156246,0.17658705
2018-01-11T12:00:00Z,0.0,-64.53126,-63.156246,0.1876336
2018-01-12T12:00:00Z,0.0,-64.53126,-63.156246,0.21022779
2018-01-13T12:00:00Z,0.0,-64.53126,-63.156246,0.22877426
2018-01-14T12:00:00Z,0.0,-64.53126,-63.156246,0.23487554
2018-01-15T12:00:00Z,0.0,-64.53126,-63.156246,0.26981342
2018-01-16T12:00:00Z,0.0,-64.53126,-63.156246,0.31991887
2018-01-17T12:00:00Z,0.0,-64.53126,-63.156246,0.34505007
2018-01-18T12:00:00Z,0.0,-64.53126,-63.156246,0.34953812
2018-01-19T12:00:00Z,0.0,-64.53126,-63.156246,0.357072
2018-01-20T12:00:00Z,0.0,-64.53126,-63.156246,0.3309454
2018-01-21T12:00:00Z,0.0,-64.53126,-63.156246,0.34005523
2018-01-22T12:00:00Z,0.0,-64.53126,-63.156246,0.3550582
2018-01-23T12:00:00Z,0.0,-64.53126,-63.156246,0.35065886
2018-01-24T12:00:00Z,0.0,-64.53126,-63.156246,0.36805803
2018-01-25T12:00:00Z,0.0,-64.53126,-63.156246,0.36971095
2018-01-26T12:00:00Z,0.0,-64.53126,-63.156246,0.38350248
2018-01-27T12:00:00Z,0.0,-64.53126,-63.156246,0.38062614
2018-01-28T12:00:00Z,0.0,-64.53126,-63.156246,0.4097889
2018-01-29T12:00:00Z,0.0,-64.53126,-63.156246,0.39538255
2018-01-30T12:00:00Z,0.0,-64.53126,-63.156246,0.39452115
2018-01-31T12:00:00Z,0.0,-64.53126,-63.156246,0.3010552
2018-02-01T12:00:00Z,0.0,-64.53126,-63.156246,0.33767557
2018-02-02T12:00:00Z,0.0,-64.53126,-63.156246,0.33070686
2018-02-03T12:00:00Z,0.0,-64.53126,-63.156246,0.32996848
2018-02-04T12:00:00Z,0.0,-64.53126,-63.156246,0.32041648
2018-02-05T12:00:00Z,0.0,-64.53126,-63.156246,0.31125444
2018-02-06T12:00:00Z,0.0,-64.53126,-63.156246,0.2772152
2018-02-07T12:00:00Z,0.0,-64.53126,-63.156246,0.25159568
2018-02-08T12:00:00Z,0.0,-64.53126,-63.156246,0.2588188
2018-02-09T12:00:00Z,0.0,-64.53126,-63.156246,0.27056244
2018-02-10T12:00:00Z,0.0,-64.53126,-63.156246,0.2137338
2018-02-11T12:00:00Z,0.0,-64.53126,-63.156246,0.2097169
2018-02-12T12:00:00Z,0.0,-64.53126,-63.156246,0.21372543
2018-02-13T12:00:00Z,0.0,-64.53126,-63.156246,0.1959355
2018-02-14T12:00:00Z,0.0,-64.53126,-63.156246,0.21263276
2018-02-15T12:00:00Z,0.0,-64.53126,-63.156246,0.4018579
2018-02-16T12:00:00Z,0.0,-64.53126,-63.156246,0.37179804
2018-02-17T12:00:00Z,0.0,-64.53126,-63.156246,0.34400228
2018-02-18T12:00:00Z,0.0,-64.53126,-63.156246,0.3449661
2018-02-19T12:00:00Z,0.0,-64.53126,-63.156246,0.4003185
2018-02-20T12:00:00Z,0.0,-64.53126,-63.156246,0.43137065
2018-02-21T12:00:00Z,0.0,-64.53126,-63.156246,0.45165235
2018-02-22T12:00:00Z,0.0,-64.53126,-63.156246,0.39193684
2018-02-23T12:00:00Z,0.0,-64.53126,-63.156246,0.42237467
2018-02-24T12:00:00Z,0.0,-64.53126,-63.156246,0.47142094
2018-02-25T12:00:00Z,0.0,-64.53126,-63.156246,0.54841405
2018-02-26T12:00:00Z,0.0,-64.53126,-63.156246,0.55556524
2018-02-27T12:00:00Z,0.0,-64.53126,-63.156246,0.5385897
2018-02-28T12:00:00Z,0.0,-64.53126,-63.156246,0.5154709
2018-03-01T12:00:00Z,0.0,-64.53126,-63.156246,0.58070844
2018-03-02T12:00:00Z,0.0,-64.53126,-63.156246,0.6704914
2018-03-03T12:00:00Z,0.0,-64.53126,-63.156246,0.6105872
2018-03-04T12:00:00Z,0.0,-64.53126,-63.156246,0.52860534
2018-03-05T12:00:00Z,0.0,-64.53126,-63.156246,0.54392743
2018-03-06T12:00:00Z,0.0,-64.53126,-63.156246,0.45798528
2018-03-07T12:00:00Z,0.0,-64.53126,-63.156246,0.36237705
2018-03-08T12:00:00Z,0.0,-64.53126,-63.156246,0.3089714
2018-03-09T12:00:00Z,0.0,-64.53126,-63.156246,0.2766038
2018-03-10T12:00:00Z,0.0,-64.53126,-63.156246,0.26164266
2018-03-11T12:00:00Z,0.0,-64.53126,-63.156246,0.19479805
2018-03-12T12:00:00Z,0.0,-64.53126,-63.156246,0.12649931
2018-03-13T12:00:00Z,0.0,-64.53126,-63.156246,0.14985251
2018-03-14T12:00:00Z,0.0,-64.53126,-63.156246,0.1776482
2018-03-15T12:00:00Z,0.0,-64.53126,-63.156246,NaN
2018-03-16T12:00:00Z,0.0,-64.53126,-63.156246,NaN
2018-03-17T12:00:00Z,0.0,-64.53126,-63.156246,NaN
2018-03-18T12:00:00Z,0.0,-64.53126,-63.156246,NaN
2018-03-19T12:00:00Z,0.0,-64.53126,-63.156246,NaN
2018-03-20T12:00:00Z,0.0,-64.53126,-63.156246,NaN
2018-03-21T12:00:00Z,0.0,-64.53126,-63.156246,NaN
2018-03-22T12:00:00Z,0.0,-64.53126,-63.156246,NaN
2018-03-23T12:00:00Z,0.0,-64.53126,-63.156246,NaN
2018-03-24T12:00:00Z,0.0,-64.53126,-63.156246,NaN
2018-03-25T12:00:00Z,0.0,-64.53126,-63.156246,NaN
2018-03-26T12:00:00Z,0.0,-64.53126,-63.156246,NaN
2018-03-27T12:00:00Z,0.0,-64.53126,-63.156246,NaN
2018-03-28T12:00:00Z,0.0,-64.53126,-63.156246,NaN
2018-03-29T12:00:00Z,0.0,-64.53126,-63.156246,NaN
2018-03-30T12:00:00Z,0.0,-64.53126,-63.156246,NaN
2018-03-31T12:00:00Z,0.0,-64.53126,-63.156246,NaN
2018-04-01T12:00:00Z,0.0,-64.53126,-63.156246,NaN
2018-04-02T12:00:00Z,0.0,-64.53126,-63.156246,NaN
2018-04-03T12:00:00Z,0.0,-64.53126,-63.156246,NaN
2018-04-04T12:00:00Z,0.0,-64.53126,-63.156246,NaN
2018-04-05T12:00:00Z,0.0,-64.53126,-63.156246,NaN
2018-04-06T12:00:00Z,0.0,-64.53126,-63.156246,NaN
2018-04-07T12:00:00Z,0.0,-64.53126,-63.156246,NaN
2018-04-08T12:00:00Z,0.0,-64.53126,-63.156246,NaN
2018-04-09T12:00:00Z,0.0,-64.53126,-63.156246,NaN
2018-04-10T12:00:00Z,0.0,-64.53126,-63.156246,NaN
2018-04-11T12:00:00Z,0.0,-64.53126,-63.156246,NaN
2018-04-12T12:00:00Z,0.0,-64.53126,-63.156246,NaN
2018-04-13T12:00:00Z,0.0,-64.53126,-63.156246,NaN
2018-04-14T12:00:00Z,0.0,-64.53126,-63.156246,NaN
2018-04-15T12:00:00Z,0.0,-64.53126,-63.156246,NaN
2018-04-16T12:00:00Z,0.0,-64.53126,-63.156246,NaN
2018-04-17T12:00:00Z,0.0,-64.53126,-63.156246,NaN
2018-04-18T12:00:00Z,0.0,-64.53126,-63.156246,NaN
2018-04-19T12:00:00Z,0.0,-64.53126,-63.156246,NaN
2018-04-20T12:00:00Z,0.0,-64.53126,-63.156246,NaN
2018-04-21T12:00:00Z,0.0,-64.53126,-63.156246,NaN
2018-04-22T12:00:00Z,0.0,-64.53126,-63.156246,NaN
2018-04-23T12:00:00Z,0.0,-64.53126,-63.156246,NaN
2018-04-24T12:00:00Z,0.0,-64.53126,-63.156246,NaN
2018-04-25T12:00:00Z,0.0,-64.53126,-63.156246,NaN
2018-04-26T12:00:00Z,0.0,-64.53126,-63.156246,NaN
2018-04-27T12:00:00Z,0.0,-64.53126,-63.156246,NaN
2018-04-28T12:00:00Z,0.0,-64.53126,-63.156246,NaN
2018-04-29T12:00:00Z,0.0,-64.53126,-63.156246,NaN
2018-04-30T12:00:00Z,0.0,-64.53126,-63.156246,NaN
2018-05-01T12:00:00Z,0.0,-64.53126,-63.156246,NaN
2018-05-02T12:00:00Z,0.0,-64.53126,-63.156246,NaN
2018-05-03T12:00:00Z,0.0,-64.53126,-63.156246,NaN
2018-05-04T12:00:00Z,0.0,-64.53126,-63.156246,NaN
2018-05-05T12:00:00Z,0.0,-64.53126,-63.156246,NaN
2018-05-06T12:00:00Z,0.0,-64.53126,-63.156246,NaN
2018-05-07T12:00:00Z,0.0,-64.53126,-63.156246,NaN
2018-05-08T12:00:00Z,0.0,-64.53126,-63.156246,NaN
2018-05-09T12:00:00Z,0.0,-64.53126,-63.156246,NaN
2018-05-10T12:00:00Z,0.0,-64.53126,-63.156246,NaN
2018-05-11T12:00:00Z,0.0,-64.53126,-63.156246,NaN
2018-05-12T12:00:00Z,0.0,-64.53126,-63.156246,NaN
2018-05-13T12:00:00Z,0.0,-64.53126,-63.156246,NaN
2018-05-14T12:00:00Z,0.0,-64.53126,-63.156246,NaN
2018-05-15T12:00:00Z,0.0,-64.53126,-63.156246,NaN
2018-05-16T12:00:00Z,0.0,-64.53126,-63.156246,NaN
2018-05-17T12:00:00Z,0.0,-64.53126,-63.156246,NaN
2018-05-18T12:00:00Z,0.0,-64.53126,-63.156246,NaN
2018-05-19T12:00:00Z,0.0,-64.53126,-63.156246,NaN
2018-05-20T12:00:00Z,0.0,-64.53126,-63.156246,NaN
2018-05-21T12:00:00Z,0.0,-64.53126,-63.156246,NaN
2018-05-22T12:00:00Z,0.0,-64.53126,-63.156246,NaN
2018-05-23T12:00:00Z,0.0,-64.53126,-63.156246,NaN
2018-05-24T12:00:00Z,0.0,-64.53126,-63.156246,NaN
2018-05-25T12:00:00Z,0.0,-64.53126,-63.156246,NaN
2018-05-26T12:00:00Z,0.0,-64.53126,-63.156246,NaN
2018-05-27T12:00:00Z,0.0,-64.53126,-63.156246,NaN
2018-05-28T12:00:00Z,0.0,-64.53126,-63.156246,NaN
2018-05-29T12:00:00Z,0.0,-64.53126,-63.156246,NaN
2018-05-30T12:00:00Z,0.0,-64.53126,-63.156246,NaN
2018-05-31T12:00:00Z,0.0,-64.53126,-63.156246,NaN
2018-06-01T12:00:00Z,0.0,-64.53126,-63.156246,NaN
2018-06-02T12:00:00Z,0.0,-64.53126,-63.156246,NaN
2018-06-03T12:00:00Z,0.0,-64.53126,-63.156246,NaN
2018-06-04T12:00:00Z,0.0,-64.53126,-63.156246,NaN
2018-06-05T12:00:00Z,0.0,-64.53126,-63.156246,NaN
2018-06-06T12:00:00Z,0.0,-64.53126,-63.156246,NaN
2018-06-07T12:00:00Z,0.0,-64.53126,-63.156246,NaN
2018-06-08T12:00:00Z,0.0,-64.53126,-63.156246,NaN
2018-06-09T12:00:00Z,0.0,-64.53126,-63.156246,NaN
2018-06-10T12:00:00Z,0.0,-64.53126,-63.156246,NaN
2018-06-11T12:00:00Z,0.0,-64.53126,-63.156246,NaN
2018-06-12T12:00:00Z,0.0,-64.53126,-63.156246,NaN
2018-06-13T12:00:00Z,0.0,-64.53126,-63.156246,NaN
2018-06-14T12:00:00Z,0.0,-64.53126,-63.156246,NaN
2018-06-15T12:00:00Z,0.0,-64.53126,-63.156246,NaN
2018-06-16T12:00:00Z,0.0,-64.53126,-63.156246,NaN
2018-06-17T12:00:00Z,0.0,-64.53126,-63.156246,NaN
2018-06-18T12:00:00Z,0.0,-64.53126,-63.156246,NaN
2018-06-19T12:00:00Z,0.0,-64.53126,-63.156246,NaN
2018-06-20T12:00:00Z,0.0,-64.53126,-63.156246,NaN
2018-06-21T12:00:00Z,0.0,-64.53126,-63.156246,NaN
2018-06-22T12:00:00Z,0.0,-64.53126,-63.156246,NaN
2018-06-23T12:00:00Z,0.0,-64.53126,-63.156246,NaN
2018-06-24T12:00:00Z,0.0,-64.53126,-63.156246,NaN
2018-06-25T12:00:00Z,0.0,-64.53126,-63.156246,NaN
2018-06-26T12:00:00Z,0.0,-64.53126,-63.156246,NaN
2018-06-27T12:00:00Z,0.0,-64.53126,-63.156246,NaN
2018-06-28T12:00:00Z,0.0,-64.53126,-63.156246,NaN
2018-06-29T12:00:00Z,0.0,-64.53126,-63.156246,NaN
2018-06-30T12:00:00Z,0.0,-64.53126,-63.156246,NaN
2018-07-01T12:00:00Z,0.0,-64.53126,-63.156246,NaN
2018-07-02T12:00:00Z,0.0,-64.53126,-63.156246,NaN
2018-07-03T12:00:00Z,0.0,-64.53126,-63.156246,NaN
2018-07-04T12:00:00Z,0.0,-64.53126,-63.156246,NaN
2018-07-05T12:00:00Z,0.0,-64.53126,-63.156246,NaN
2018-07-06T12:00:00Z,0.0,-64.53126,-63.156246,NaN
2018-07-07T12:00:00Z,0.0,-64.53126,-63.156246,NaN
2018-07-08T12:00:00Z,0.0,-64.53126,-63.156246,NaN
2018-07-09T12:00:00Z,0.0,-64.53126,-63.156246,NaN
2018-07-10T12:00:00Z,0.0,-64.53126,-63.156246,NaN
2018-07-11T12:00:00Z,0.0,-64.53126,-63.156246,NaN
2018-07-12T12:00:00Z,0.0,-64.53126,-63.156246,NaN
2018-07-13T12:00:00Z,0.0,-64.53126,-63.156246,NaN
2018-07-14T12:00:00Z,0.0,-64.53126,-63.156246,NaN
2018-07-15T12:00:00Z,0.0,-64.53126,-63.156246,NaN
2018-07-16T12:00:00Z,0.0,-64.53126,-63.156246,NaN
2018-07-17T12:00:00Z,0.0,-64.53126,-63.156246,NaN
2018-07-18T12:00:00Z,0.0,-64.53126,-63.156246,NaN
2018-07-19T12:00:00Z,0.0,-64.53126,-63.156246,NaN
2018-07-20T12:00:00Z,0.0,-64.53126,-63.156246,NaN
2018-07-21T12:00:00Z,0.0,-64.53126,-63.156246,NaN
2018-07-22T12:00:00Z,0.0,-64.53126,-63.156246,NaN
2018-07-23T12:00:00Z,0.0,-64.53126,-63.156246,NaN
2018-07-24T12:00:00Z,0.0,-64.53126,-63.156246,NaN
2018-07-25T12:00:00Z,0.0,-64.53126,-63.156246,NaN
2018-07-26T12:00:00Z,0.0,-64.53126,-63.156246,NaN
2018-07-27T12:00:00Z,0.0,-64.53126,-63.156246,NaN
2018-07-28T12:00:00Z,0.0,-64.53126,-63.156246,NaN
2018-07-29T12:00:00Z,0.0,-64.53126,-63.156246,NaN
2018-07-30T12:00:00Z,0.0,-64.53126,-63.156246,NaN
2018-07-31T12:00:00Z,0.0,-64.53126,-63.156246,NaN
2018-08-01T12:00:00Z,0.0,-64.53126,-63.156246,NaN
2018-08-02T12:00:00Z,0.0,-64.53126,-63.156246,NaN
2018-08-03T12:00:00Z,0.0,-64.53126,-63.156246,NaN
2018-08-04T12:00:00Z,0.0,-64.53126,-63.156246,NaN
2018-08-05T12:00:00Z,0.0,-64.53126,-63.156246,NaN
2018-08-06T12:00:00Z,0.0,-64.53126,-63.156246,NaN
2018-08-07T12:00:00Z,0.0,-64.53126,-63.156246,NaN
2018-08-08T12:00:00Z,0.0,-64.53126,-63.156246,NaN
2018-08-09T12:00:00Z,0.0,-64.53126,-63.156246,NaN
2018-08-10T12:00:00Z,0.0,-64.53126,-63.156246,NaN
2018-08-11T12:00:00Z,0.0,-64.53126,-63.156246,NaN
2018-08-12T12:00:00Z,0.0,-64.53126,-63.156246,NaN
2018-08-13T12:00:00Z,0.0,-64.53126,-63.156246,NaN
2018-08-14T12:00:00Z,0.0,-64.53126,-63.156246,NaN
2018-08-15T12:00:00Z,0.0,-64.53126,-63.156246,NaN
2018-08-16T12:00:00Z,0.0,-64.53126,-63.156246,NaN
2018-08-17T12:00:00Z,0.0,-64.53126,-63.156246,NaN
2018-08-18T12:00:00Z,0.0,-64.53126,-63.156246,NaN
2018-08-19T12:00:00Z,0.0,-64.53126,-63.156246,NaN
2018-08-20T12:00:00Z,0.0,-64.53126,-63.156246,NaN
2018-08-21T12:00:00Z,0.0,-64.53126,-63.156246,NaN
2018-08-22T12:00:00Z,0.0,-64.53126,-63.156246,NaN
2018-08-23T12:00:00Z,0.0,-64.53126,-63.156246,NaN
2018-08-24T12:00:00Z,0.0,-64.53126,-63.156246,NaN
2018-08-25T12:00:00Z,0.0,-64.53126,-63.156246,NaN
2018-08-26T12:00:00Z,0.0,-64.53126,-63.156246,NaN
2018-08-27T12:00:00Z,0.0,-64.53126,-63.156246,NaN
2018-08-28T12:00:00Z,0.0,-64.53126,-63.156246,NaN
2018-08-29T12:00:00Z,0.0,-64.53126,-63.156246,NaN
2018-08-30T12:00:00Z,0.0,-64.53126,-63.156246,NaN
2018-08-31T12:00:00Z,0.0,-64.53126,-63.156246,NaN
2018-09-01T12:00:00Z,0.0,-64.53126,-63.156246,NaN
2018-09-02T12:00:00Z,0.0,-64.53126,-63.156246,NaN
2018-09-03T12:00:00Z,0.0,-64.53126,-63.156246,NaN
2018-09-04T12:00:00Z,0.0,-64.53126,-63.156246,NaN
2018-09-05T12:00:00Z,0.0,-64.53126,-63.156246,NaN
2018-09-06T12:00:00Z,0.0,-64.53126,-63.156246,NaN
2018-09-07T12:00:00Z,0.0,-64.53126,-63.156246,NaN
2018-09-08T12:00:00Z,0.0,-64.53126,-63.156246,NaN
2018-09-09T12:00:00Z,0.0,-64.53126,-63.156246,NaN
2018-09-10T12:00:00Z,0.0,-64.53126,-63.156246,NaN
2018-09-11T12:00:00Z,0.0,-64.53126,-63.156246,NaN
2018-09-12T12:00:00Z,0.0,-64.53126,-63.156246,NaN
2018-09-13T12:00:00Z,0.0,-64.53126,-63.156246,NaN
2018-09-14T12:00:00Z,0.0,-64.53126,-63.156246,NaN
2018-09-15T12:00:00Z,0.0,-64.53126,-63.156246,NaN
2018-09-16T12:00:00Z,0.0,-64.53126,-63.156246,NaN
2018-09-17T12:00:00Z,0.0,-64.53126,-63.156246,NaN
2018-09-18T12:00:00Z,0.0,-64.53126,-63.156246,NaN
2018-09-19T12:00:00Z,0.0,-64.53126,-63.156246,NaN
2018-09-20T12:00:00Z,0.0,-64.53126,-63.156246,NaN
2018-09-21T12:00:00Z,0.0,-64.53126,-63.156246,NaN
2018-09-22T12:00:00Z,0.0,-64.53126,-63.156246,NaN
2018-09-23T12:00:00Z,0.0,-64.53126,-63.156246,NaN
2018-09-24T12:00:00Z,0.0,-64.53126,-63.156246,NaN
2018-09-25T12:00:00Z,0.0,-64.53126,-63.156246,NaN
2018-09-26T12:00:00Z,0.0,-64.53126,-63.156246,NaN
2018-09-27T12:00:00Z,0.0,-64.53126,-63.156246,NaN
2018-09-28T12:00:00Z,0.0,-64.53126,-63.156246,NaN
2018-09-29T12:00:00Z,0.0,-64.53126,-63.156246,NaN
2018-09-30T12:00:00Z,0.0,-64.53126,-63.156246,NaN
2018-10-01T12:00:00Z,0.0,-64.53126,-63.156246,NaN
2018-10-02T12:00:00Z,0.0,-64.53126,-63.156246,NaN
2018-10-03T12:00:00Z,0.0,-64.53126,-63.156246,NaN
2018-10-04T12:00:00Z,0.0,-64.53126,-63.156246,NaN
2018-10-05T12:00:00Z,0.0,-64.53126,-63.156246,NaN
2018-10-06T12:00:00Z,0.0,-64.53126,-63.156246,NaN
2018-10-07T12:00:00Z,0.0,-64.53126,-63.156246,NaN
2018-10-08T12:00:00Z,0.0,-64.53126,-63.156246,NaN
2018-10-09T12:00:00Z,0.0,-64.53126,-63.156246,NaN
2018-10-10T12:00:00Z,0.0,-64.53126,-63.156246,NaN
2018-10-11T12:00:00Z,0.0,-64.53126,-63.156246,NaN
2018-10-12T12:00:00Z,0.0,-64.53126,-63.156246,NaN
2018-10-13T12:00:00Z,0.0,-64.53126,-63.156246,NaN
2018-10-14T12:00:00Z,0.0,-64.53126,-63.156246,NaN
2018-10-15T12:00:00Z,0.0,-64.53126,-63.156246,NaN
2018-10-16T12:00:00Z,0.0,-64.53126,-63.156246,NaN
2018-10-17T12:00:00Z,0.0,-64.53126,-63.156246,NaN
2018-10-18T12:00:00Z,0.0,-64.53126,-63.156246,NaN
2018-10-19T12:00:00Z,0.0,-64.53126,-63.156246,NaN
2018-10-20T12:00:00Z,0.0,-64.53126,-63.156246,0.1731768
2018-10-21T12:00:00Z,0.0,-64.53126,-63.156246,0.07732812
2018-10-22T12:00:00Z,0.0,-64.53126,-63.156246,0.073151276
2018-10-23T12:00:00Z,0.0,-64.53126,-63.156246,0.087813474
2018-10-24T12:00:00Z,0.0,-64.53126,-63.156246,0.087979384
2018-10-25T12:00:00Z,0.0,-64.53126,-63.156246,0.042635564
2018-10-26T12:00:00Z,0.0,-64.53126,-63.156246,0.039626967
2018-10-27T12:00:00Z,0.0,-64.53126,-63.156246,0.038971823
2018-10-28T12:00:00Z,0.0,-64.53126,-63.156246,0.048613027
2018-10-29T12:00:00Z,0.0,-64.53126,-63.156246,0.054418076
2018-10-30T12:00:00Z,0.0,-64.53126,-63.156246,0.021266079
2018-10-31T12:00:00Z,0.0,-64.53126,-63.156246,0.049121723
2018-11-01T12:00:00Z,0.0,-64.53126,-63.156246,0.03201858
2018-11-02T12:00:00Z,0.0,-64.53126,-63.156246,0.038555086
2018-11-03T12:00:00Z,0.0,-64.53126,-63.156246,0.039444033
2018-11-04T12:00:00Z,0.0,-64.53126,-63.156246,0.07157329
2018-11-05T12:00:00Z,0.0,-64.53126,-63.156246,0.041062582
2018-11-06T12:00:00Z,0.0,-64.53126,-63.156246,0.039460488
2018-11-07T12:00:00Z,0.0,-64.53126,-63.156246,0.04478196
2018-11-08T12:00:00Z,0.0,-64.53126,-63.156246,0.051817074
2018-11-09T12:00:00Z,0.0,-64.53126,-63.156246,0.030552534
2018-11-10T12:00:00Z,0.0,-64.53126,-63.156246,0.032439213
2018-11-11T12:00:00Z,0.0,-64.53126,-63.156246,0.029411916
2018-11-12T12:00:00Z,0.0,-64.53126,-63.156246,0.036048822
2018-11-13T12:00:00Z,0.0,-64.53126,-63.156246,0.08821661
2018-11-14T12:00:00Z,0.0,-64.53126,-63.156246,0.08522204
2018-11-15T12:00:00Z,0.0,-64.53126,-63.156246,0.15244593
2018-11-16T12:00:00Z,0.0,-64.53126,-63.156246,0.1243409
2018-11-17T12:00:00Z,0.0,-64.53126,-63.156246,0.07476452
2018-11-18T12:00:00Z,0.0,-64.53126,-63.156246,0.083842434
2018-11-19T12:00:00Z,0.0,-64.53126,-63.156246,0.06632655
2018-11-20T12:00:00Z,0.0,-64.53126,-63.156246,0.061888848
2018-11-21T12:00:00Z,0.0,-64.53126,-63.156246,0.07519168
2018-11-22T12:00:00Z,0.0,-64.53126,-63.156246,0.088931255
2018-11-23T12:00:00Z,0.0,-64.53126,-63.156246,0.10164157
2018-11-24T12:00:00Z,0.0,-64.53126,-63.156246,0.09893213
2018-11-25T12:00:00Z,0.0,-64.53126,-63.156246,0.10217712
2018-11-26T12:00:00Z,0.0,-64.53126,-63.156246,0.12379649
2018-11-27T12:00:00Z,0.0,-64.53126,-63.156246,0.09530384
2018-11-28T12:00:00Z,0.0,-64.53126,-63.156246,0.09296736
2018-11-29T12:00:00Z,0.0,-64.53126,-63.156246,0.09725962
2018-11-30T12:00:00Z,0.0,-64.53126,-63.156246,0.11581034
2018-12-01T12:00:00Z,0.0,-64.53126,-63.156246,0.112833396
2018-12-02T12:00:00Z,0.0,-64.53126,-63.156246,0.09108501
2018-12-03T12:00:00Z,0.0,-64.53126,-63.156246,0.16763242
2018-12-04T12:00:00Z,0.0,-64.53126,-63.156246,0.1755216
2018-12-05T12:00:00Z,0.0,-64.53126,-63.156246,0.22647505
2018-12-06T12:00:00Z,0.0,-64.53126,-63.156246,0.24334718
2018-12-07T12:00:00Z,0.0,-64.53126,-63.156246,0.26058182
2018-12-08T12:00:00Z,0.0,-64.53126,-63.156246,0.2515377
2018-12-09T12:00:00Z,0.0,-64.53126,-63.156246,0.2745119
2018-12-10T12:00:00Z,0.0,-64.53126,-63.156246,0.2796238
2018-12-11T12:00:00Z,0.0,-64.53126,-63.156246,0.28435484
2018-12-12T12:00:00Z,0.0,-64.53126,-63.156246,0.36414936
2018-12-13T12:00:00Z,0.0,-64.53126,-63.156246,0.24661721
2018-12-14T12:00:00Z,0.0,-64.53126,-63.156246,0.24114473
2018-12-15T12:00:00Z,0.0,-64.53126,-63.156246,0.2530701
2018-12-16T12:00:00Z,0.0,-64.53126,-63.156246,0.29360014
2018-12-17T12:00:00Z,0.0,-64.53126,-63.156246,0.1993302
2018-12-18T12:00:00Z,0.0,-64.53126,-63.156246,0.21195185
2018-12-19T12:00:00Z,0.0,-64.53126,-63.156246,0.19771631
2018-12-20T12:00:00Z,0.0,-64.53126,-63.156246,0.203108
2018-12-21T12:00:00Z,0.0,-64.53126,-63.156246,0.21142265
2018-12-22T12:00:00Z,0.0,-64.53126,-63.156246,0.2177303
2018-12-23T12:00:00Z,0.0,-64.53126,-63.156246,0.20225643
2018-12-24T12:00:00Z,0.0,-64.53126,-63.156246,0.19972011
2018-12-25T12:00:00Z,0.0,-64.53126,-63.156246,0.21834591
2018-12-26T12:00:00Z,0.0,-64.53126,-63.156246,0.2312513
2018-12-27T12:00:00Z,0.0,-64.53126,-63.156246,0.17281885
2018-12-28T12:00:00Z,0.0,-64.53126,-63.156246,0.1756687
2018-12-29T12:00:00Z,0.0,-64.53126,-63.156246,0.17222902
2018-12-30T12:00:00Z,0.0,-64.53126,-63.156246,0.17320041
2018-12-31T12:00:00Z,0.0,-64.53126,-63.156246,0.17228459
2019-01-01T12:00:00Z,0.0,-64.53126,-63.156246,0.1542383
2019-01-02T12:00:00Z,0.0,-64.53126,-63.156246,0.18577978
2019-01-03T12:00:00Z,0.0,-64.53126,-63.156246,0.20414257
2019-01-04T12:00:00Z,0.0,-64.53126,-63.156246,0.22450024
2019-01-05T12:00:00Z,0.0,-64.53126,-63.156246,0.22341008
2019-01-06T12:00:00Z,0.0,-64.53126,-63.156246,0.22947887
2019-01-07T12:00:00Z,0.0,-64.53126,-63.156246,0.24496879
2019-01-08T12:00:00Z,0.0,-64.53126,-63.156246,0.2459816
2019-01-09T12:00:00Z,0.0,-64.53126,-63.156246,0.3259926
2019-01-10T12:00:00Z,0.0,-64.53126,-63.156246,0.2922546
2019-01-11T12:00:00Z,0.0,-64.53126,-63.156246,0.27982068
2019-01-12T12:00:00Z,0.0,-64.53126,-63.156246,0.2842548
2019-01-13T12:00:00Z,0.0,-64.53126,-63.156246,0.26091474
2019-01-14T12:00:00Z,0.0,-64.53126,-63.156246,0.26242888
2019-01-15T12:00:00Z,0.0,-64.53126,-63.156246,0.26750305
2019-01-16T12:00:00Z,0.0,-64.53126,-63.156246,0.25221393
2019-01-17T12:00:00Z,0.0,-64.53126,-63.156246,0.2622873
2019-01-18T12:00:00Z,0.0,-64.53126,-63.156246,0.24784383
2019-01-19T12:00:00Z,0.0,-64.53126,-63.156246,0.24951044
2019-01-20T12:00:00Z,0.0,-64.53126,-63.156246,0.25244167
2019-01-21T12:00:00Z,0.0,-64.53126,-63.156246,0.24824503
2019-01-22T12:00:00Z,0.0,-64.53126,-63.156246,0.23346901
2019-01-23T12:00:00Z,0.0,-64.53126,-63.156246,0.23433095
2019-01-24T12:00:00Z,0.0,-64.53126,-63.156246,0.25167775
2019-01-25T12:00:00Z,0.0,-64.53126,-63.156246,0.28248584
2019-01-26T12:00:00Z,0.0,-64.53126,-63.156246,0.26946098
2019-01-27T12:00:00Z,0.0,-64.53126,-63.156246,0.27088556
2019-01-28T12:00:00Z,0.0,-64.53126,-63.156246,0.27100846
2019-01-29T12:00:00Z,0.0,-64.53126,-63.156246,0.27497903
2019-01-30T12:00:00Z,0.0,-64.53126,-63.156246,0.2741853
2019-01-31T12:00:00Z,0.0,-64.53126,-63.156246,0.23851071
2019-02-01T12:00:00Z,0.0,-64.53126,-63.156246,0.21268427
2019-02-02T12:00:00Z,0.0,-64.53126,-63.156246,0.2135937
2019-02-03T12:00:00Z,0.0,-64.53126,-63.156246,0.21728937
2019-02-04T12:00:00Z,0.0,-64.53126,-63.156246,0.21319821
2019-02-05T12:00:00Z,0.0,-64.53126,-63.156246,0.21049842
2019-02-06T12:00:00Z,0.0,-64.53126,-63.156246,0.20936441
2019-02-07T12:00:00Z,0.0,-64.53126,-63.156246,0.20603764
2019-02-08T12:00:00Z,0.0,-64.53126,-63.156246,0.27857888
2019-02-09T12:00:00Z,0.0,-64.53126,-63.156246,0.2904177
2019-02-10T12:00:00Z,0.0,-64.53126,-63.156246,0.25402695
2019-02-11T12:00:00Z,0.0,-64.53126,-63.156246,0.25628555
2019-02-12T12:00:00Z,0.0,-64.53126,-63.156246,0.24589935
2019-02-13T12:00:00Z,0.0,-64.53126,-63.156246,0.24401352
2019-02-14T12:00:00Z,0.0,-64.53126,-63.156246,0.24073897
2019-02-15T12:00:00Z,0.0,-64.53126,-63.156246,0.25723773
2019-02-16T12:00:00Z,0.0,-64.53126,-63.156246,0.24806355
2019-02-17T12:00:00Z,0.0,-64.53126,-63.156246,0.25477007
2019-02-18T12:00:00Z,0.0,-64.53126,-63.156246,0.28432658
2019-02-19T12:00:00Z,0.0,-64.53126,-63.156246,0.26525414
2019-02-20T12:00:00Z,0.0,-64.53126,-63.156246,0.25387505
2019-02-21T12:00:00Z,0.0,-64.53126,-63.156246,0.1984528
2019-02-22T12:00:00Z,0.0,-64.53126,-63.156246,0.2169342
2019-02-23T12:00:00Z,0.0,-64.53126,-63.156246,0.23931384
2019-02-24T12:00:00Z,0.0,-64.53126,-63.156246,0.24059933
2019-02-25T12:00:00Z,0.0,-64.53126,-63.156246,0.24795172
2019-02-26T12:00:00Z,0.0,-64.53126,-63.156246,0.24493416
2019-02-27T12:00:00Z,0.0,-64.53126,-63.156246,0.24761756
2019-02-28T12:00:00Z,0.0,-64.53126,-63.156246,0.2408227
2019-03-01T12:00:00Z,0.0,-64.53126,-63.156246,0.23514852
2019-03-02T12:00:00Z,0.0,-64.53126,-63.156246,0.20581023
2019-03-03T12:00:00Z,0.0,-64.53126,-63.156246,0.19842452
2019-03-04T12:00:00Z,0.0,-64.53126,-63.156246,0.19739892
2019-03-05T12:00:00Z,0.0,-64.53126,-63.156246,0.19364211
2019-03-06T12:00:00Z,0.0,-64.53126,-63.156246,0.1938132
2019-03-07T12:00:00Z,0.0,-64.53126,-63.156246,0.18692468
2019-03-08T12:00:00Z,0.0,-64.53126,-63.156246,0.18746714
2019-03-09T12:00:00Z,0.0,-64.53126,-63.156246,0.18769933
2019-03-10T12:00:00Z,0.0,-64.53126,-63.156246,0.19886453
2019-03-11T12:00:00Z,0.0,-64.53126,-63.156246,0.20473963
2019-03-12T12:00:00Z,0.0,-64.53126,-63.156246,0.19076659
2019-03-13T12:00:00Z,0.0,-64.53126,-63.156246,0.17499691
2019-03-14T12:00:00Z,0.0,-64.53126,-63.156246,0.1846327
2019-03-15T12:00:00Z,0.0,-64.53126,-63.156246,NaN
2019-03-16T12:00:00Z,0.0,-64.53126,-63.156246,NaN
2019-03-17T12:00:00Z,0.0,-64.53126,-63.156246,NaN
2019-03-18T12:00:00Z,0.0,-64.53126,-63.156246,NaN
2019-03-19T12:00:00Z,0.0,-64.53126,-63.156246,NaN
2019-03-20T12:00:00Z,0.0,-64.53126,-63.156246,NaN
2019-03-21T12:00:00Z,0.0,-64.53126,-63.156246,NaN
2019-03-22T12:00:00Z,0.0,-64.53126,-63.156246,NaN
2019-03-23T12:00:00Z,0.0,-64.53126,-63.156246,NaN
2019-03-24T12:00:00Z,0.0,-64.53126,-63.156246,NaN
2019-03-25T12:00:00Z,0.0,-64.53126,-63.156246,NaN
2019-03-26T12:00:00Z,0.0,-64.53126,-63.156246,NaN
2019-03-27T12:00:00Z,0.0,-64.53126,-63.156246,NaN
2019-03-28T12:00:00Z,0.0,-64.53126,-63.156246,NaN
2019-03-29T12:00:00Z,0.0,-64.53126,-63.156246,NaN
2019-03-30T12:00:00Z,0.0,-64.53126,-63.156246,NaN
2019-03-31T12:00:00Z,0.0,-64.53126,-63.156246,NaN
2019-04-01T12:00:00Z,0.0,-64.53126,-63.156246,NaN
2019-04-02T12:00:00Z,0.0,-64.53126,-63.156246,NaN
2019-04-03T12:00:00Z,0.0,-64.53126,-63.156246,NaN
2019-04-04T12:00:00Z,0.0,-64.53126,-63.156246,NaN
2019-04-05T12:00:00Z,0.0,-64.53126,-63.156246,NaN
2019-04-06T12:00:00Z,0.0,-64.53126,-63.156246,NaN
2019-04-07T12:00:00Z,0.0,-64.53126,-63.156246,NaN
2019-04-08T12:00:00Z,0.0,-64.53126,-63.156246,NaN
2019-04-09T12:00:00Z,0.0,-64.53126,-63.156246,NaN
2019-04-10T12:00:00Z,0.0,-64.53126,-63.156246,NaN
2019-04-11T12:00:00Z,0.0,-64.53126,-63.156246,NaN
2019-04-12T12:00:00Z,0.0,-64.53126,-63.156246,NaN
2019-04-13T12:00:00Z,0.0,-64.53126,-63.156246,NaN
2019-04-14T12:00:00Z,0.0,-64.53126,-63.156246,NaN
2019-04-15T12:00:00Z,0.0,-64.53126,-63.156246,NaN
2019-04-16T12:00:00Z,0.0,-64.53126,-63.156246,NaN
2019-04-17T12:00:00Z,0.0,-64.53126,-63.156246,NaN
2019-04-18T12:00:00Z,0.0,-64.53126,-63.156246,NaN
2019-04-19T12:00:00Z,0.0,-64.53126,-63.156246,NaN
2019-04-20T12:00:00Z,0.0,-64.53126,-63.156246,NaN
2019-04-21T12:00:00Z,0.0,-64.53126,-63.156246,NaN
2019-04-22T12:00:00Z,0.0,-64.53126,-63.156246,NaN
2019-04-23T12:00:00Z,0.0,-64.53126,-63.156246,NaN
2019-04-24T12:00:00Z,0.0,-64.53126,-63.156246,NaN
2019-04-25T12:00:00Z,0.0,-64.53126,-63.156246,NaN
2019-04-26T12:00:00Z,0.0,-64.53126,-63.156246,NaN
2019-04-27T12:00:00Z,0.0,-64.53126,-63.156246,NaN
2019-04-28T12:00:00Z,0.0,-64.53126,-63.156246,NaN
2019-04-29T12:00:00Z,0.0,-64.53126,-63.156246,NaN
2019-04-30T12:00:00Z,0.0,-64.53126,-63.156246,NaN
2019-05-01T12:00:00Z,0.0,-64.53126,-63.156246,NaN
2019-05-02T12:00:00Z,0.0,-64.53126,-63.156246,NaN
2019-05-03T12:00:00Z,0.0,-64.53126,-63.156246,NaN
2019-05-04T12:00:00Z,0.0,-64.53126,-63.156246,NaN
2019-05-05T12:00:00Z,0.0,-64.53126,-63.156246,NaN
2019-05-06T12:00:00Z,0.0,-64.53126,-63.156246,NaN
2019-05-07T12:00:00Z,0.0,-64.53126,-63.156246,NaN
2019-05-08T12:00:00Z,0.0,-64.53126,-63.156246,NaN
2019-05-09T12:00:00Z,0.0,-64.53126,-63.156246,NaN
2019-05-10T12:00:00Z,0.0,-64.53126,-63.156246,NaN
2019-05-11T12:00:00Z,0.0,-64.53126,-63.156246,NaN
2019-05-12T12:00:00Z,0.0,-64.53126,-63.156246,NaN
2019-05-13T12:00:00Z,0.0,-64.53126,-63.156246,NaN
2019-05-14T12:00:00Z,0.0,-64.53126,-63.156246,NaN
2019-05-15T12:00:00Z,0.0,-64.53126,-63.156246,NaN
2019-05-16T12:00:00Z,0.0,-64.53126,-63.156246,NaN
2019-05-17T12:00:00Z,0.0,-64.53126,-63.156246,NaN
2019-05-18T12:00:00Z,0.0,-64.53126,-63.156246,NaN
2019-05-19T12:00:00Z,0.0,-64.53126,-63.156246,NaN
2019-05-20T12:00:00Z,0.0,-64.53126,-63.156246,NaN
2019-05-21T12:00:00Z,0.0,-64.53126,-63.156246,NaN
2019-05-22T12:00:00Z,0.0,-64.53126,-63.156246,NaN
2019-05-23T12:00:00Z,0.0,-64.53126,-63.156246,NaN
2019-05-24T12:00:00Z,0.0,-64.53126,-63.156246,NaN
2019-05-25T12:00:00Z,0.0,-64.53126,-63.156246,NaN
2019-05-26T12:00:00Z,0.0,-64.53126,-63.156246,NaN
2019-05-27T12:00:00Z,0.0,-64.53126,-63.156246,NaN
2019-05-28T12:00:00Z,0.0,-64.53126,-63.156246,NaN
2019-05-29T12:00:00Z,0.0,-64.53126,-63.156246,NaN
2019-05-30T12:00:00Z,0.0,-64.53126,-63.156246,NaN
2019-05-31T12:00:00Z,0.0,-64.53126,-63.156246,NaN
2019-06-01T12:00:00Z,0.0,-64.53126,-63.156246,NaN
2019-06-02T12:00:00Z,0.0,-64.53126,-63.156246,NaN
2019-06-03T12:00:00Z,0.0,-64.53126,-63.156246,NaN
2019-06-04T12:00:00Z,0.0,-64.53126,-63.156246,NaN
2019-06-05T12:00:00Z,0.0,-64.53126,-63.156246,NaN
2019-06-06T12:00:00Z,0.0,-64.53126,-63.156246,NaN
2019-06-07T12:00:00Z,0.0,-64.53126,-63.156246,NaN
2019-06-08T12:00:00Z,0.0,-64.53126,-63.156246,NaN
2019-06-09T12:00:00Z,0.0,-64.53126,-63.156246,NaN
2019-06-10T12:00:00Z,0.0,-64.53126,-63.156246,NaN
2019-06-11T12:00:00Z,0.0,-64.53126,-63.156246,NaN
2019-06-12T12:00:00Z,0.0,-64.53126,-63.156246,NaN
2019-06-13T12:00:00Z,0.0,-64.53126,-63.156246,NaN
2019-06-14T12:00:00Z,0.0,-64.53126,-63.156246,NaN
2019-06-15T12:00:00Z,0.0,-64.53126,-63.156246,NaN
2019-06-16T12:00:00Z,0.0,-64.53126,-63.156246,NaN
2019-06-17T12:00:00Z,0.0,-64.53126,-63.156246,NaN
2019-06-18T12:00:00Z,0.0,-64.53126,-63.156246,NaN
2019-06-19T12:00:00Z,0.0,-64.53126,-63.156246,NaN
2019-06-20T12:00:00Z,0.0,-64.53126,-63.156246,NaN
2019-06-21T12:00:00Z,0.0,-64.53126,-63.156246,NaN
2019-06-22T12:00:00Z,0.0,-64.53126,-63.156246,NaN
2019-06-23T12:00:00Z,0.0,-64.53126,-63.156246,NaN
2019-06-24T12:00:00Z,0.0,-64.53126,-63.156246,NaN
2019-06-25T12:00:00Z,0.0,-64.53126,-63.156246,NaN
2019-06-26T12:00:00Z,0.0,-64.53126,-63.156246,NaN
2019-06-27T12:00:00Z,0.0,-64.53126,-63.156246,NaN
2019-06-28T12:00:00Z,0.0,-64.53126,-63.156246,NaN
2019-06-29T12:00:00Z,0.0,-64.53126,-63.156246,NaN
2019-06-30T12:00:00Z,0.0,-64.53126,-63.156246,NaN
2019-07-01T12:00:00Z,0.0,-64.53126,-63.156246,NaN
2019-07-02T12:00:00Z,0.0,-64.53126,-63.156246,NaN
2019-07-03T12:00:00Z,0.0,-64.53126,-63.156246,NaN
2019-07-04T12:00:00Z,0.0,-64.53126,-63.156246,NaN
2019-07-05T12:00:00Z,0.0,-64.53126,-63.156246,NaN
2019-07-06T12:00:00Z,0.0,-64.53126,-63.156246,NaN
2019-07-07T12:00:00Z,0.0,-64.53126,-63.156246,NaN
2019-07-08T12:00:00Z,0.0,-64.53126,-63.156246,NaN
2019-07-09T12:00:00Z,0.0,-64.53126,-63.156246,NaN
2019-07-10T12:00:00Z,0.0,-64.53126,-63.156246,NaN
2019-07-11T12:00:00Z,0.0,-64.53126,-63.156246,NaN
2019-07-12T12:00:00Z,0.0,-64.53126,-63.156246,NaN
2019-07-13T12:00:00Z,0.0,-64.53126,-63.156246,NaN
2019-07-14T12:00:00Z,0.0,-64.53126,-63.156246,NaN
2019-07-15T12:00:00Z,0.0,-64.53126,-63.156246,NaN
2019-07-16T12:00:00Z,0.0,-64.53126,-63.156246,NaN
2019-07-17T12:00:00Z,0.0,-64.53126,-63.156246,NaN
2019-07-18T12:00:00Z,0.0,-64.53126,-63.156246,NaN
2019-07-19T12:00:00Z,0.0,-64.53126,-63.156246,NaN
2019-07-20T12:00:00Z,0.0,-64.53126,-63.156246,NaN
2019-07-21T12:00:00Z,0.0,-64.53126,-63.156246,NaN
2019-07-22T12:00:00Z,0.0,-64.53126,-63.156246,NaN
2019-07-23T12:00:00Z,0.0,-64.53126,-63.156246,NaN
2019-07-24T12:00:00Z,0.0,-64.53126,-63.156246,NaN
2019-07-25T12:00:00Z,0.0,-64.53126,-63.156246,NaN
2019-07-26T12:00:00Z,0.0,-64.53126,-63.156246,NaN
2019-07-27T12:00:00Z,0.0,-64.53126,-63.156246,NaN
2019-07-28T12:00:00Z,0.0,-64.53126,-63.156246,NaN
2019-07-29T12:00:00Z,0.0,-64.53126,-63.156246,NaN
2019-07-30T12:00:00Z,0.0,-64.53126,-63.156246,NaN
2019-07-31T12:00:00Z,0.0,-64.53126,-63.156246,NaN
2019-08-01T12:00:00Z,0.0,-64.53126,-63.156246,NaN
2019-08-02T12:00:00Z,0.0,-64.53126,-63.156246,NaN
2019-08-03T12:00:00Z,0.0,-64.53126,-63.156246,NaN
2019-08-04T12:00:00Z,0.0,-64.53126,-63.156246,NaN
2019-08-05T12:00:00Z,0.0,-64.53126,-63.156246,NaN
2019-08-06T12:00:00Z,0.0,-64.53126,-63.156246,NaN
2019-08-07T12:00:00Z,0.0,-64.53126,-63.156246,NaN
2019-08-08T12:00:00Z,0.0,-64.53126,-63.156246,NaN
2019-08-09T12:00:00Z,0.0,-64.53126,-63.156246,NaN
2019-08-10T12:00:00Z,0.0,-64.53126,-63.156246,NaN
2019-08-11T12:00:00Z,0.0,-64.53126,-63.156246,NaN
2019-08-12T12:00:00Z,0.0,-64.53126,-63.156246,NaN
2019-08-13T12:00:00Z,0.0,-64.53126,-63.156246,NaN
2019-08-14T12:00:00Z,0.0,-64.53126,-63.156246,NaN
2019-08-15T12:00:00Z,0.0,-64.53126,-63.156246,NaN
2019-08-16T12:00:00Z,0.0,-64.53126,-63.156246,NaN
2019-08-17T12:00:00Z,0.0,-64.53126,-63.156246,NaN
2019-08-18T12:00:00Z,0.0,-64.53126,-63.156246,NaN
2019-08-19T12:00:00Z,0.0,-64.53126,-63.156246,NaN
2019-08-20T12:00:00Z,0.0,-64.53126,-63.156246,NaN
2019-08-21T12:00:00Z,0.0,-64.53126,-63.156246,NaN
2019-08-22T12:00:00Z,0.0,-64.53126,-63.156246,NaN
2019-08-23T12:00:00Z,0.0,-64.53126,-63.156246,NaN
2019-08-24T12:00:00Z,0.0,-64.53126,-63.156246,NaN
2019-08-25T12:00:00Z,0.0,-64.53126,-63.156246,NaN
2019-08-26T12:00:00Z,0.0,-64.53126,-63.156246,NaN
2019-08-27T12:00:00Z,0.0,-64.53126,-63.156246,NaN
2019-08-28T12:00:00Z,0.0,-64.53126,-63.156246,NaN
2019-08-29T12:00:00Z,0.0,-64.53126,-63.156246,NaN
2019-08-30T12:00:00Z,0.0,-64.53126,-63.156246,NaN
2019-08-31T12:00:00Z,0.0,-64.53126,-63.156246,NaN
2019-09-01T12:00:00Z,0.0,-64.53126,-63.156246,NaN
2019-09-02T12:00:00Z,0.0,-64.53126,-63.156246,NaN
2019-09-03T12:00:00Z,0.0,-64.53126,-63.156246,NaN
2019-09-04T12:00:00Z,0.0,-64.53126,-63.156246,NaN
2019-09-05T12:00:00Z,0.0,-64.53126,-63.156246,NaN
2019-09-06T12:00:00Z,0.0,-64.53126,-63.156246,NaN
2019-09-07T12:00:00Z,0.0,-64.53126,-63.156246,NaN
2019-09-08T12:00:00Z,0.0,-64.53126,-63.156246,NaN
2019-09-09T12:00:00Z,0.0,-64.53126,-63.156246,NaN
2019-09-10T12:00:00Z,0.0,-64.53126,-63.156246,NaN
2019-09-11T12:00:00Z,0.0,-64.53126,-63.156246,NaN
2019-09-12T12:00:00Z,0.0,-64.53126,-63.156246,NaN
2019-09-13T12:00:00Z,0.0,-64.53126,-63.156246,NaN
2019-09-14T12:00:00Z,0.0,-64.53126,-63.156246,NaN
2019-09-15T12:00:00Z,0.0,-64.53126,-63.156246,NaN
2019-09-16T12:00:00Z,0.0,-64.53126,-63.156246,NaN
2019-09-17T12:00:00Z,0.0,-64.53126,-63.156246,NaN
2019-09-18T12:00:00Z,0.0,-64.53126,-63.156246,NaN
2019-09-19T12:00:00Z,0.0,-64.53126,-63.156246,NaN
2019-09-20T12:00:00Z,0.0,-64.53126,-63.156246,NaN
2019-09-21T12:00:00Z,0.0,-64.53126,-63.156246,NaN
2019-09-22T12:00:00Z,0.0,-64.53126,-63.156246,NaN
2019-09-23T12:00:00Z,0.0,-64.53126,-63.156246,NaN
2019-09-24T12:00:00Z,0.0,-64.53126,-63.156246,NaN
2019-09-25T12:00:00Z,0.0,-64.53126,-63.156246,NaN
2019-09-26T12:00:00Z,0.0,-64.53126,-63.156246,NaN
2019-09-27T12:00:00Z,0.0,-64.53126,-63.156246,NaN
2019-09-28T12:00:00Z,0.0,-64.53126,-63.156246,NaN
2019-09-29T12:00:00Z,0.0,-64.53126,-63.156246,NaN
2019-09-30T12:00:00Z,0.0,-64.53126,-63.156246,NaN
2019-10-01T12:00:00Z,0.0,-64.53126,-63.156246,NaN
2019-10-02T12:00:00Z,0.0,-64.53126,-63.156246,NaN
2019-10-03T12:00:00Z,0.0,-64.53126,-63.156246,NaN
2019-10-04T12:00:00Z,0.0,-64.53126,-63.156246,NaN
2019-10-05T12:00:00Z,0.0,-64.53126,-63.156246,NaN
2019-10-06T12:00:00Z,0.0,-64.53126,-63.156246,NaN
2019-10-07T12:00:00Z,0.0,-64.53126,-63.156246,NaN
2019-10-08T12:00:00Z,0.0,-64.53126,-63.156246,NaN
2019-10-09T12:00:00Z,0.0,-64.53126,-63.156246,NaN
2019-10-10T12:00:00Z,0.0,-64.53126,-63.156246,NaN
2019-10-11T12:00:00Z,0.0,-64.53126,-63.156246,NaN
2019-10-12T12:00:00Z,0.0,-64.53126,-63.156246,NaN
2019-10-13T12:00:00Z,0.0,-64.53126,-63.156246,NaN
2019-10-14T12:00:00Z,0.0,-64.53126,-63.156246,NaN
2019-10-15T12:00:00Z,0.0,-64.53126,-63.156246,NaN
2019-10-16T12:00:00Z,0.0,-64.53126,-63.156246,NaN
2019-10-17T12:00:00Z,0.0,-64.53126,-63.156246,NaN
2019-10-18T12:00:00Z,0.0,-64.53126,-63.156246,NaN
2019-10-19T12:00:00Z,0.0,-64.53126,-63.156246,NaN
2019-10-20T12:00:00Z,0.0,-64.53126,-63.156246,0.14881857
2019-10-21T12:00:00Z,0.0,-64.53126,-63.156246,0.15273993
2019-10-22T12:00:00Z,0.0,-64.53126,-63.156246,0.15184377
2019-10-23T12:00:00Z,0.0,-64.53126,-63.156246,0.13762328
2019-10-24T12:00:00Z,0.0,-64.53126,-63.156246,0.13716361
2019-10-25T12:00:00Z,0.0,-64.53126,-63.156246,0.13739243
2019-10-26T12:00:00Z,0.0,-64.53126,-63.156246,0.1366334
2019-10-27T12:00:00Z,0.0,-64.53126,-63.156246,0.1361449
2019-10-28T12:00:00Z,0.0,-64.53126,-63.156246,0.13165428
2019-10-29T12:00:00Z,0.0,-64.53126,-63.156246,0.11904469
2019-10-30T12:00:00Z,0.0,-64.53126,-63.156246,0.10026931
2019-10-31T12:00:00Z,0.0,-64.53126,-63.156246,0.11164449
2019-11-01T12:00:00Z,0.0,-64.53126,-63.156246,0.110164486
2019-11-02T12:00:00Z,0.0,-64.53126,-63.156246,0.09686462
2019-11-03T12:00:00Z,0.0,-64.53126,-63.156246,0.12207986
2019-11-04T12:00:00Z,0.0,-64.53126,-63.156246,0.11231377
2019-11-05T12:00:00Z,0.0,-64.53126,-63.156246,0.12622035
2019-11-06T12:00:00Z,0.0,-64.53126,-63.156246,0.08103163
2019-11-07T12:00:00Z,0.0,-64.53126,-63.156246,0.07245969
2019-11-08T12:00:00Z,0.0,-64.53126,-63.156246,0.08972616
2019-11-09T12:00:00Z,0.0,-64.53126,-63.156246,0.077349424
2019-11-10T12:00:00Z,0.0,-64.53126,-63.156246,0.042904932
2019-11-11T12:00:00Z,0.0,-64.53126,-63.156246,0.07964162
2019-11-12T12:00:00Z,0.0,-64.53126,-63.156246,0.053858355
2019-11-13T12:00:00Z,0.0,-64.53126,-63.156246,0.064476445
2019-11-14T12:00:00Z,0.0,-64.53126,-63.156246,0.07971258
2019-11-15T12:00:00Z,0.0,-64.53126,-63.156246,0.04979081
2019-11-16T12:00:00Z,0.0,-64.53126,-63.156246,0.044723537
2019-11-17T12:00:00Z,0.0,-64.53126,-63.156246,0.054528967
2019-11-18T12:00:00Z,0.0,-64.53126,-63.156246,0.0889239
2019-11-19T12:00:00Z,0.0,-64.53126,-63.156246,0.17074423
2019-11-20T12:00:00Z,0.0,-64.53126,-63.156246,0.19893499
2019-11-21T12:00:00Z,0.0,-64.53126,-63.156246,0.19762912
2019-11-22T12:00:00Z,0.0,-64.53126,-63.156246,0.20262662
2019-11-23T12:00:00Z,0.0,-64.53126,-63.156246,0.20872448
2019-11-24T12:00:00Z,0.0,-64.53126,-63.156246,0.24270304
2019-11-25T12:00:00Z,0.0,-64.53126,-63.156246,0.27957693
2019-11-26T12:00:00Z,0.0,-64.53126,-63.156246,0.28561282
2019-11-27T12:00:00Z,0.0,-64.53126,-63.156246,0.2155179
2019-11-28T12:00:00Z,0.0,-64.53126,-63.156246,0.19465128
2019-11-29T12:00:00Z,0.0,-64.53126,-63.156246,0.27024588
2019-11-30T12:00:00Z,0.0,-64.53126,-63.156246,0.31094518
2019-12-01T12:00:00Z,0.0,-64.53126,-63.156246,0.306018
2019-12-02T12:00:00Z,0.0,-64.53126,-63.156246,0.4713836
2019-12-03T12:00:00Z,0.0,-64.53126,-63.156246,0.5416232
2019-12-04T12:00:00Z,0.0,-64.53126,-63.156246,0.40888366
2019-12-05T12:00:00Z,0.0,-64.53126,-63.156246,0.37376496
2019-12-06T12:00:00Z,0.0,-64.53126,-63.156246,0.36051792
2019-12-07T12:00:00Z,0.0,-64.53126,-63.156246,0.370083
2019-12-08T12:00:00Z,0.0,-64.53126,-63.156246,0.30601704
2019-12-09T12:00:00Z,0.0,-64.53126,-63.156246,0.3691459
2019-12-10T12:00:00Z,0.0,-64.53126,-63.156246,0.38030913
2019-12-11T12:00:00Z,0.0,-64.53126,-63.156246,0.37502643
2019-12-12T12:00:00Z,0.0,-64.53126,-63.156246,0.36696225
2019-12-13T12:00:00Z,0.0,-64.53126,-63.156246,0.37821114
2019-12-14T12:00:00Z,0.0,-64.53126,-63.156246,0.37381202
2019-12-15T12:00:00Z,0.0,-64.53126,-63.156246,0.38464043
2019-12-16T12:00:00Z,0.0,-64.53126,-63.156246,0.38798314
2019-12-17T12:00:00Z,0.0,-64.53126,-63.156246,0.381087
2019-12-18T12:00:00Z,0.0,-64.53126,-63.156246,0.40153486
2019-12-19T12:00:00Z,0.0,-64.53126,-63.156246,0.38217747
2019-12-20T12:00:00Z,0.0,-64.53126,-63.156246,0.35417092
2019-12-21T12:00:00Z,0.0,-64.53126,-63.156246,0.3242182
2019-12-22T12:00:00Z,0.0,-64.53126,-63.156246,0.31713018
2019-12-23T12:00:00Z,0.0,-64.53126,-63.156246,0.3207947
2019-12-24T12:00:00Z,0.0,-64.53126,-63.156246,0.31753087
2019-12-25T12:00:00Z,0.0,-64.53126,-63.156246,0.3123599
2019-12-26T12:00:00Z,0.0,-64.53126,-63.156246,0.3128548
2019-12-27T12:00:00Z,0.0,-64.53126,-63.156246,0.30931208
2019-12-28T12:00:00Z,0.0,-64.53126,-63.156246,0.31008923
2019-12-29T12:00:00Z,0.0,-64.53126,-63.156246,0.28733054
2019-12-30T12:00:00Z,0.0,-64.53126,-63.156246,0.28052396
2019-12-31T12:00:00Z,0.0,-64.53126,-63.156246,0.2808576
2020-01-01T12:00:00Z,0.0,-64.53126,-63.156246,0.27064678
2020-01-02T12:00:00Z,0.0,-64.53126,-63.156246,0.24972604
2020-01-03T12:00:00Z,0.0,-64.53126,-63.156246,0.22800863
2020-01-04T12:00:00Z,0.0,-64.53126,-63.156246,0.19747728
2020-01-05T12:00:00Z,0.0,-64.53126,-63.156246,0.1650307
2020-01-06T12:00:00Z,0.0,-64.53126,-63.156246,0.22217135
2020-01-07T12:00:00Z,0.0,-64.53126,-63.156246,0.2245761
2020-01-08T12:00:00Z,0.0,-64.53126,-63.156246,0.2296685
2020-01-09T12:00:00Z,0.0,-64.53126,-63.156246,0.23322669
2020-01-10T12:00:00Z,0.0,-64.53126,-63.156246,0.2519345
2020-01-11T12:00:00Z,0.0,-64.53126,-63.156246,0.2531917
2020-01-12T12:00:00Z,0.0,-64.53126,-63.156246,0.21827398
2020-01-13T12:00:00Z,0.0,-64.53126,-63.156246,0.21076015
2020-01-14T12:00:00Z,0.0,-64.53126,-63.156246,0.21175532
2020-01-15T12:00:00Z,0.0,-64.53126,-63.156246,0.18939106
2020-01-16T12:00:00Z,0.0,-64.53126,-63.156246,0.2208799
2020-01-17T12:00:00Z,0.0,-64.53126,-63.156246,0.25962088
2020-01-18T12:00:00Z,0.0,-64.53126,-63.156246,0.25709
2020-01-19T12:00:00Z,0.0,-64.53126,-63.156246,0.2706366
2020-01-20T12:00:00Z,0.0,-64.53126,-63.156246,0.30406108
2020-01-21T12:00:00Z,0.0,-64.53126,-63.156246,0.3034425
2020-01-22T12:00:00Z,0.0,-64.53126,-63.156246,0.29671857
2020-01-23T12:00:00Z,0.0,-64.53126,-63.156246,0.3105577
2020-01-24T12:00:00Z,0.0,-64.53126,-63.156246,0.33313462
2020-01-25T12:00:00Z,0.0,-64.53126,-63.156246,0.33639476
2020-01-26T12:00:00Z,0.0,-64.53126,-63.156246,0.34211385
2020-01-27T12:00:00Z,0.0,-64.53126,-63.156246,0.36485568
2020-01-28T12:00:00Z,0.0,-64.53126,-63.156246,0.3715809
2020-01-29T12:00:00Z,0.0,-64.53126,-63.156246,0.39589304
2020-01-30T12:00:00Z,0.0,-64.53126,-63.156246,0.3266477
2020-01-31T12:00:00Z,0.0,-64.53126,-63.156246,0.34730136
2020-02-01T12:00:00Z,0.0,-64.53126,-63.156246,0.34810328
2020-02-02T12:00:00Z,0.0,-64.53126,-63.156246,0.3564691
2020-02-03T12:00:00Z,0.0,-64.53126,-63.156246,0.34939268
2020-02-04T12:00:00Z,0.0,-64.53126,-63.156246,0.34932023
2020-02-05T12:00:00Z,0.0,-64.53126,-63.156246,0.3551604
2020-02-06T12:00:00Z,0.0,-64.53126,-63.156246,0.35232008
2020-02-07T12:00:00Z,0.0,-64.53126,-63.156246,0.3758355
2020-02-08T12:00:00Z,0.0,-64.53126,-63.156246,0.3554901
2020-02-09T12:00:00Z,0.0,-64.53126,-63.156246,0.3607258
2020-02-10T12:00:00Z,0.0,-64.53126,-63.156246,0.36661166
2020-02-11T12:00:00Z,0.0,-64.53126,-63.156246,0.34926555
2020-02-12T12:00:00Z,0.0,-64.53126,-63.156246,0.34057403
2020-02-13T12:00:00Z,0.0,-64.53126,-63.156246,0.3423083
2020-02-14T12:00:00Z,0.0,-64.53126,-63.156246,0.33493617
2020-02-15T12:00:00Z,0.0,-64.53126,-63.156246,0.33182997
2020-02-16T12:00:00Z,0.0,-64.53126,-63.156246,0.3249167
2020-02-17T12:00:00Z,0.0,-64.53126,-63.156246,0.3237133
2020-02-18T12:00:00Z,0.0,-64.53126,-63.156246,0.32698435
2020-02-19T12:00:00Z,0.0,-64.53126,-63.156246,0.35846764
2020-02-20T12:00:00Z,0.0,-64.53126,-63.156246,0.35671964
2020-02-21T12:00:00Z,0.0,-64.53126,-63.156246,0.3547683
2020-02-22T12:00:00Z,0.0,-64.53126,-63.156246,0.34596464
2020-02-23T12:00:00Z,0.0,-64.53126,-63.156246,0.3456144
2020-02-24T12:00:00Z,0.0,-64.53126,-63.156246,0.3688361
2020-02-25T12:00:00Z,0.0,-64.53126,-63.156246,0.3688129
2020-02-26T12:00:00Z,0.0,-64.53126,-63.156246,0.36686742
2020-02-27T12:00:00Z,0.0,-64.53126,-63.156246,0.33056495
2020-02-28T12:00:00Z,0.0,-64.53126,-63.156246,0.3373381
2020-02-29T12:00:00Z,0.0,-64.53126,-63.156246,0.33853307
2020-03-01T12:00:00Z,0.0,-64.53126,-63.156246,0.31448647
2020-03-02T12:00:00Z,0.0,-64.53126,-63.156246,0.3274685
2020-03-03T12:00:00Z,0.0,-64.53126,-63.156246,0.3086595
2020-03-04T12:00:00Z,0.0,-64.53126,-63.156246,0.29411897
2020-03-05T12:00:00Z,0.0,-64.53126,-63.156246,0.31251886
2020-03-06T12:00:00Z,0.0,-64.53126,-63.156246,0.3107169
2020-03-07T12:00:00Z,0.0,-64.53126,-63.156246,0.30581933
2020-03-08T12:00:00Z,0.0,-64.53126,-63.156246,0.28309923
2020-03-09T12:00:00Z,0.0,-64.53126,-63.156246,0.27083072
2020-03-10T12:00:00Z,0.0,-64.53126,-63.156246,0.2743301
2020-03-11T12:00:00Z,0.0,-64.53126,-63.156246,0.28120685
2020-03-12T12:00:00Z,0.0,-64.53126,-63.156246,0.25485867
2020-03-13T12:00:00Z,0.0,-64.53126,-63.156246,0.2514837
2020-03-14T12:00:00Z,0.0,-64.53126,-63.156246,NaN
2020-03-15T12:00:00Z,0.0,-64.53126,-63.156246,NaN
2020-03-16T12:00:00Z,0.0,-64.53126,-63.156246,NaN
2020-03-17T12:00:00Z,0.0,-64.53126,-63.156246,NaN
2020-03-18T12:00:00Z,0.0,-64.53126,-63.156246,NaN
2020-03-19T12:00:00Z,0.0,-64.53126,-63.156246,NaN
2020-03-20T12:00:00Z,0.0,-64.53126,-63.156246,NaN
2020-03-21T12:00:00Z,0.0,-64.53126,-63.156246,NaN
2020-03-22T12:00:00Z,0.0,-64.53126,-63.156246,NaN
2020-03-23T12:00:00Z,0.0,-64.53126,-63.156246,NaN
2020-03-24T12:00:00Z,0.0,-64.53126,-63.156246,NaN
2020-03-25T12:00:00Z,0.0,-64.53126,-63.156246,NaN
2020-03-26T12:00:00Z,0.0,-64.53126,-63.156246,NaN
2020-03-27T12:00:00Z,0.0,-64.53126,-63.156246,NaN
2020-03-28T12:00:00Z,0.0,-64.53126,-63.156246,NaN
2020-03-29T12:00:00Z,0.0,-64.53126,-63.156246,NaN
2020-03-30T12:00:00Z,0.0,-64.53126,-63.156246,NaN
2020-03-31T12:00:00Z,0.0,-64.53126,-63.156246,NaN
2020-04-01T12:00:00Z,0.0,-64.53126,-63.156246,NaN
2020-04-02T12:00:00Z,0.0,-64.53126,-63.156246,NaN
2020-04-03T12:00:00Z,0.0,-64.53126,-63.156246,NaN
2020-04-04T12:00:00Z,0.0,-64.53126,-63.156246,NaN
2020-04-05T12:00:00Z,0.0,-64.53126,-63.156246,NaN
2020-04-06T12:00:00Z,0.0,-64.53126,-63.156246,NaN
2020-04-07T12:00:00Z,0.0,-64.53126,-63.156246,NaN
2020-04-08T12:00:00Z,0.0,-64.53126,-63.156246,NaN
2020-04-09T12:00:00Z,0.0,-64.53126,-63.156246,NaN
2020-04-10T12:00:00Z,0.0,-64.53126,-63.156246,NaN
2020-04-11T12:00:00Z,0.0,-64.53126,-63.156246,NaN
2020-04-12T12:00:00Z,0.0,-64.53126,-63.156246,NaN
2020-04-13T12:00:00Z,0.0,-64.53126,-63.156246,NaN
2020-04-14T12:00:00Z,0.0,-64.53126,-63.156246,NaN
2020-04-15T12:00:00Z,0.0,-64.53126,-63.156246,NaN
2020-04-16T12:00:00Z,0.0,-64.53126,-63.156246,NaN
2020-04-17T12:00:00Z,0.0,-64.53126,-63.156246,NaN
2020-04-18T12:00:00Z,0.0,-64.53126,-63.156246,NaN
2020-04-19T12:00:00Z,0.0,-64.53126,-63.156246,NaN
2020-04-20T12:00:00Z,0.0,-64.53126,-63.156246,NaN
2020-04-21T12:00:00Z,0.0,-64.53126,-63.156246,NaN
2020-04-22T12:00:00Z,0.0,-64.53126,-63.156246,NaN
2020-04-23T12:00:00Z,0.0,-64.53126,-63.156246,NaN
2020-04-24T12:00:00Z,0.0,-64.53126,-63.156246,NaN
2020-04-25T12:00:00Z,0.0,-64.53126,-63.156246,NaN
2020-04-26T12:00:00Z,0.0,-64.53126,-63.156246,NaN
2020-04-27T12:00:00Z,0.0,-64.53126,-63.156246,NaN
2020-04-28T12:00:00Z,0.0,-64.53126,-63.156246,NaN
2020-04-29T12:00:00Z,0.0,-64.53126,-63.156246,NaN
2020-04-30T12:00:00Z,0.0,-64.53126,-63.156246,NaN
2020-05-01T12:00:00Z,0.0,-64.53126,-63.156246,NaN
2020-05-02T12:00:00Z,0.0,-64.53126,-63.156246,NaN
2020-05-03T12:00:00Z,0.0,-64.53126,-63.156246,NaN
2020-05-04T12:00:00Z,0.0,-64.53126,-63.156246,NaN
2020-05-05T12:00:00Z,0.0,-64.53126,-63.156246,NaN
2020-05-06T12:00:00Z,0.0,-64.53126,-63.156246,NaN
2020-05-07T12:00:00Z,0.0,-64.53126,-63.156246,NaN
2020-05-08T12:00:00Z,0.0,-64.53126,-63.156246,NaN
2020-05-09T12:00:00Z,0.0,-64.53126,-63.156246,NaN
2020-05-10T12:00:00Z,0.0,-64.53126,-63.156246,NaN
2020-05-11T12:00:00Z,0.0,-64.53126,-63.156246,NaN
2020-05-12T12:00:00Z,0.0,-64.53126,-63.156246,NaN
2020-05-13T12:00:00Z,0.0,-64.53126,-63.156246,NaN
2020-05-14T12:00:00Z,0.0,-64.53126,-63.156246,NaN
2020-05-15T12:00:00Z,0.0,-64.53126,-63.156246,NaN
2020-05-16T12:00:00Z,0.0,-64.53126,-63.156246,NaN
2020-05-17T12:00:00Z,0.0,-64.53126,-63.156246,NaN
2020-05-18T12:00:00Z,0.0,-64.53126,-63.156246,NaN
2020-05-19T12:00:00Z,0.0,-64.53126,-63.156246,NaN
2020-05-20T12:00:00Z,0.0,-64.53126,-63.156246,NaN
2020-05-21T12:00:00Z,0.0,-64.53126,-63.156246,NaN
2020-05-22T12:00:00Z,0.0,-64.53126,-63.156246,NaN
2020-05-23T12:00:00Z,0.0,-64.53126,-63.156246,NaN
2020-05-24T12:00:00Z,0.0,-64.53126,-63.156246,NaN
2020-05-25T12:00:00Z,0.0,-64.53126,-63.156246,NaN
2020-05-26T12:00:00Z,0.0,-64.53126,-63.156246,NaN
2020-05-27T12:00:00Z,0.0,-64.53126,-63.156246,NaN
2020-05-28T12:00:00Z,0.0,-64.53126,-63.156246,NaN
2020-05-29T12:00:00Z,0.0,-64.53126,-63.156246,NaN
2020-05-30T12:00:00Z,0.0,-64.53126,-63.156246,NaN
2020-05-31T12:00:00Z,0.0,-64.53126,-63.156246,NaN
2020-06-01T12:00:00Z,0.0,-64.53126,-63.156246,NaN
2020-06-02T12:00:00Z,0.0,-64.53126,-63.156246,NaN
2020-06-03T12:00:00Z,0.0,-64.53126,-63.156246,NaN
2020-06-04T12:00:00Z,0.0,-64.53126,-63.156246,NaN
2020-06-05T12:00:00Z,0.0,-64.53126,-63.156246,NaN
2020-06-06T12:00:00Z,0.0,-64.53126,-63.156246,NaN
2020-06-07T12:00:00Z,0.0,-64.53126,-63.156246,NaN
2020-06-08T12:00:00Z,0.0,-64.53126,-63.156246,NaN
2020-06-09T12:00:00Z,0.0,-64.53126,-63.156246,NaN
2020-06-10T12:00:00Z,0.0,-64.53126,-63.156246,NaN
2020-06-11T12:00:00Z,0.0,-64.53126,-63.156246,NaN
2020-06-12T12:00:00Z,0.0,-64.53126,-63.156246,NaN
2020-06-13T12:00:00Z,0.0,-64.53126,-63.156246,NaN
2020-06-14T12:00:00Z,0.0,-64.53126,-63.156246,NaN
2020-06-15T12:00:00Z,0.0,-64.53126,-63.156246,NaN
2020-06-16T12:00:00Z,0.0,-64.53126,-63.156246,NaN
2020-06-17T12:00:00Z,0.0,-64.53126,-63.156246,NaN
2020-06-18T12:00:00Z,0.0,-64.53126,-63.156246,NaN
2020-06-19T12:00:00Z,0.0,-64.53126,-63.156246,NaN
2020-06-20T12:00:00Z,0.0,-64.53126,-63.156246,NaN
2020-06-21T12:00:00Z,0.0,-64.53126,-63.156246,NaN
2020-06-22T12:00:00Z,0.0,-64.53126,-63.156246,NaN
2020-06-23T12:00:00Z,0.0,-64.53126,-63.156246,NaN
2020-06-24T12:00:00Z,0.0,-64.53126,-63.156246,NaN
2020-06-25T12:00:00Z,0.0,-64.53126,-63.156246,NaN
2020-06-26T12:00:00Z,0.0,-64.53126,-63.156246,NaN
2020-06-27T12:00:00Z,0.0,-64.53126,-63.156246,NaN
2020-06-28T12:00:00Z,0.0,-64.53126,-63.156246,NaN
2020-06-29T12:00:00Z,0.0,-64.53126,-63.156246,NaN
2020-06-30T12:00:00Z,0.0,-64.53126,-63.156246,NaN
2020-07-01T12:00:00Z,0.0,-64.53126,-63.156246,NaN
2020-07-02T12:00:00Z,0.0,-64.53126,-63.156246,NaN
2020-07-03T12:00:00Z,0.0,-64.53126,-63.156246,NaN
2020-07-04T12:00:00Z,0.0,-64.53126,-63.156246,NaN
2020-07-05T12:00:00Z,0.0,-64.53126,-63.156246,NaN
2020-07-06T12:00:00Z,0.0,-64.53126,-63.156246,NaN
2020-07-07T12:00:00Z,0.0,-64.53126,-63.156246,NaN
2020-07-08T12:00:00Z,0.0,-64.53126,-63.156246,NaN
2020-07-09T12:00:00Z,0.0,-64.53126,-63.156246,NaN
2020-07-10T12:00:00Z,0.0,-64.53126,-63.156246,NaN
2020-07-11T12:00:00Z,0.0,-64.53126,-63.156246,NaN
2020-07-12T12:00:00Z,0.0,-64.53126,-63.156246,NaN
2020-07-13T12:00:00Z,0.0,-64.53126,-63.156246,NaN
2020-07-14T12:00:00Z,0.0,-64.53126,-63.156246,NaN
2020-07-15T12:00:00Z,0.0,-64.53126,-63.156246,NaN
2020-07-16T12:00:00Z,0.0,-64.53126,-63.156246,NaN
2020-07-17T12:00:00Z,0.0,-64.53126,-63.156246,NaN
2020-07-18T12:00:00Z,0.0,-64.53126,-63.156246,NaN
2020-07-19T12:00:00Z,0.0,-64.53126,-63.156246,NaN
2020-07-20T12:00:00Z,0.0,-64.53126,-63.156246,NaN
2020-07-21T12:00:00Z,0.0,-64.53126,-63.156246,NaN
2020-07-22T12:00:00Z,0.0,-64.53126,-63.156246,NaN
2020-07-23T12:00:00Z,0.0,-64.53126,-63.156246,NaN
2020-07-24T12:00:00Z,0.0,-64.53126,-63.156246,NaN
2020-07-25T12:00:00Z,0.0,-64.53126,-63.156246,NaN
2020-07-26T12:00:00Z,0.0,-64.53126,-63.156246,NaN
2020-07-27T12:00:00Z,0.0,-64.53126,-63.156246,NaN
2020-07-28T12:00:00Z,0.0,-64.53126,-63.156246,NaN
2020-07-29T12:00:00Z,0.0,-64.53126,-63.156246,NaN
2020-07-30T12:00:00Z,0.0,-64.53126,-63.156246,NaN
2020-07-31T12:00:00Z,0.0,-64.53126,-63.156246,NaN
2020-08-01T12:00:00Z,0.0,-64.53126,-63.156246,NaN
2020-08-02T12:00:00Z,0.0,-64.53126,-63.156246,NaN
2020-08-03T12:00:00Z,0.0,-64.53126,-63.156246,NaN
2020-08-04T12:00:00Z,0.0,-64.53126,-63.156246,NaN
2020-08-05T12:00:00Z,0.0,-64.53126,-63.156246,NaN
2020-08-06T12:00:00Z,0.0,-64.53126,-63.156246,NaN
2020-08-07T12:00:00Z,0.0,-64.53126,-63.156246,NaN
2020-08-08T12:00:00Z,0.0,-64.53126,-63.156246,NaN
2020-08-09T12:00:00Z,0.0,-64.53126,-63.156246,NaN
2020-08-10T12:00:00Z,0.0,-64.53126,-63.156246,NaN
2020-08-11T12:00:00Z,0.0,-64.53126,-63.156246,NaN
2020-08-12T12:00:00Z,0.0,-64.53126,-63.156246,NaN
2020-08-13T12:00:00Z,0.0,-64.53126,-63.156246,NaN
2020-08-14T12:00:00Z,0.0,-64.53126,-63.156246,NaN
2020-08-15T12:00:00Z,0.0,-64.53126,-63.156246,NaN
2020-08-16T12:00:00Z,0.0,-64.53126,-63.156246,NaN
2020-08-17T12:00:00Z,0.0,-64.53126,-63.156246,NaN
2020-08-18T12:00:00Z,0.0,-64.53126,-63.156246,NaN
2020-08-19T12:00:00Z,0.0,-64.53126,-63.156246,NaN
2020-08-20T12:00:00Z,0.0,-64.53126,-63.156246,NaN
2020-08-21T12:00:00Z,0.0,-64.53126,-63.156246,NaN
2020-08-22T12:00:00Z,0.0,-64.53126,-63.156246,NaN
2020-08-23T12:00:00Z,0.0,-64.53126,-63.156246,NaN
2020-08-24T12:00:00Z,0.0,-64.53126,-63.156246,NaN
2020-08-25T12:00:00Z,0.0,-64.53126,-63.156246,NaN
2020-08-26T12:00:00Z,0.0,-64.53126,-63.156246,NaN
2020-08-27T12:00:00Z,0.0,-64.53126,-63.156246,NaN
2020-08-28T12:00:00Z,0.0,-64.53126,-63.156246,NaN
2020-08-29T12:00:00Z,0.0,-64.53126,-63.156246,NaN
2020-08-30T12:00:00Z,0.0,-64.53126,-63.156246,NaN
2020-08-31T12:00:00Z,0.0,-64.53126,-63.156246,NaN
2020-09-01T12:00:00Z,0.0,-64.53126,-63.156246,NaN
2020-09-02T12:00:00Z,0.0,-64.53126,-63.156246,NaN
2020-09-03T12:00:00Z,0.0,-64.53126,-63.156246,NaN
2020-09-04T12:00:00Z,0.0,-64.53126,-63.156246,NaN
2020-09-05T12:00:00Z,0.0,-64.53126,-63.156246,NaN
2020-09-06T12:00:00Z,0.0,-64.53126,-63.156246,NaN
2020-09-07T12:00:00Z,0.0,-64.53126,-63.156246,NaN
2020-09-08T12:00:00Z,0.0,-64.53126,-63.156246,NaN
2020-09-09T12:00:00Z,0.0,-64.53126,-63.156246,NaN
2020-09-10T12:00:00Z,0.0,-64.53126,-63.156246,NaN
2020-09-11T12:00:00Z,0.0,-64.53126,-63.156246,NaN
2020-09-12T12:00:00Z,0.0,-64.53126,-63.156246,NaN
2020-09-13T12:00:00Z,0.0,-64.53126,-63.156246,NaN
2020-09-14T12:00:00Z,0.0,-64.53126,-63.156246,NaN
2020-09-15T12:00:00Z,0.0,-64.53126,-63.156246,NaN
2020-09-16T12:00:00Z,0.0,-64.53126,-63.156246,NaN
2020-09-17T12:00:00Z,0.0,-64.53126,-63.156246,NaN
2020-09-18T12:00:00Z,0.0,-64.53126,-63.156246,NaN
2020-09-19T12:00:00Z,0.0,-64.53126,-63.156246,NaN
2020-09-20T12:00:00Z,0.0,-64.53126,-63.156246,NaN
2020-09-21T12:00:00Z,0.0,-64.53126,-63.156246,NaN
2020-09-22T12:00:00Z,0.0,-64.53126,-63.156246,NaN
2020-09-23T12:00:00Z,0.0,-64.53126,-63.156246,NaN
2020-09-24T12:00:00Z,0.0,-64.53126,-63.156246,NaN
2020-09-25T12:00:00Z,0.0,-64.53126,-63.156246,NaN
2020-09-26T12:00:00Z,0.0,-64.53126,-63.156246,NaN
2020-09-27T12:00:00Z,0.0,-64.53126,-63.156246,NaN
2020-09-28T12:00:00Z,0.0,-64.53126,-63.156246,NaN
2020-09-29T12:00:00Z,0.0,-64.53126,-63.156246,NaN
2020-09-30T12:00:00Z,0.0,-64.53126,-63.156246,NaN
2020-10-01T12:00:00Z,0.0,-64.53126,-63.156246,NaN
2020-10-02T12:00:00Z,0.0,-64.53126,-63.156246,NaN
2020-10-03T12:00:00Z,0.0,-64.53126,-63.156246,NaN
2020-10-04T12:00:00Z,0.0,-64.53126,-63.156246,NaN
2020-10-05T12:00:00Z,0.0,-64.53126,-63.156246,NaN
2020-10-06T12:00:00Z,0.0,-64.53126,-63.156246,NaN
2020-10-07T12:00:00Z,0.0,-64.53126,-63.156246,NaN
2020-10-08T12:00:00Z,0.0,-64.53126,-63.156246,NaN
2020-10-09T12:00:00Z,0.0,-64.53126,-63.156246,NaN
2020-10-10T12:00:00Z,0.0,-64.53126,-63.156246,NaN
2020-10-11T12:00:00Z,0.0,-64.53126,-63.156246,NaN
2020-10-12T12:00:00Z,0.0,-64.53126,-63.156246,NaN
2020-10-13T12:00:00Z,0.0,-64.53126,-63.156246,NaN
2020-10-14T12:00:00Z,0.0,-64.53126,-63.156246,NaN
2020-10-15T12:00:00Z,0.0,-64.53126,-63.156246,NaN
2020-10-16T12:00:00Z,0.0,-64.53126,-63.156246,NaN
2020-10-17T12:00:00Z,0.0,-64.53126,-63.156246,NaN
2020-10-18T12:00:00Z,0.0,-64.53126,-63.156246,NaN
2020-10-19T12:00:00Z,0.0,-64.53126,-63.156246,0.1642914
2020-10-20T12:00:00Z,0.0,-64.53126,-63.156246,0.16388609
2020-10-21T12:00:00Z,0.0,-64.53126,-63.156246,0.1641673
2020-10-22T12:00:00Z,0.0,-64.53126,-63.156246,0.16485047
2020-10-23T12:00:00Z,0.0,-64.53126,-63.156246,0.16525942
2020-10-24T12:00:00Z,0.0,-64.53126,-63.156246,0.16628176
2020-10-25T12:00:00Z,0.0,-64.53126,-63.156246,0.16625571
2020-10-26T12:00:00Z,0.0,-64.53126,-63.156246,0.16681464
2020-10-27T12:00:00Z,0.0,-64.53126,-63.156246,0.16658461
2020-10-28T12:00:00Z,0.0,-64.53126,-63.156246,0.12661436
2020-10-29T12:00:00Z,0.0,-64.53126,-63.156246,0.16770332
2020-10-30T12:00:00Z,0.0,-64.53126,-63.156246,0.1676147
2020-10-31T12:00:00Z,0.0,-64.53126,-63.156246,0.12742743
2020-11-01T12:00:00Z,0.0,-64.53126,-63.156246,0.16759372
2020-11-02T12:00:00Z,0.0,-64.53126,-63.156246,0.16811864
2020-11-03T12:00:00Z,0.0,-64.53126,-63.156246,0.1463799
2020-11-04T12:00:00Z,0.0,-64.53126,-63.156246,0.11961592
2020-11-05T12:00:00Z,0.0,-64.53126,-63.156246,0.12028961
2020-11-06T12:00:00Z,0.0,-64.53126,-63.156246,0.12632401
2020-11-07T12:00:00Z,0.0,-64.53126,-63.156246,0.11398267
2020-11-08T12:00:00Z,0.0,-64.53126,-63.156246,0.11709768
2020-11-09T12:00:00Z,0.0,-64.53126,-63.156246,0.12676533
2020-11-10T12:00:00Z,0.0,-64.53126,-63.156246,0.114444174
2020-11-11T12:00:00Z,0.0,-64.53126,-63.156246,0.119958974
2020-11-12T12:00:00Z,0.0,-64.53126,-63.156246,0.13110113
2020-11-13T12:00:00Z,0.0,-64.53126,-63.156246,0.11427246
2020-11-14T12:00:00Z,0.0,-64.53126,-63.156246,0.12031383
2020-11-15T12:00:00Z,0.0,-64.53126,-63.156246,0.12424592
2020-11-16T12:00:00Z,0.0,-64.53126,-63.156246,0.12585638
2020-11-17T12:00:00Z,0.0,-64.53126,-63.156246,0.14461616
2020-11-18T12:00:00Z,0.0,-64.53126,-63.156246,0.11677867
2020-11-19T12:00:00Z,0.0,-64.53126,-63.156246,0.108240485
2020-11-20T12:00:00Z,0.0,-64.53126,-63.156246,0.11169086
2020-11-21T12:00:00Z,0.0,-64.53126,-63.156246,0.09974962
2020-11-22T12:00:00Z,0.0,-64.53126,-63.156246,0.12520944
2020-11-23T12:00:00Z,0.0,-64.53126,-63.156246,0.11869078
2020-11-24T12:00:00Z,0.0,-64.53126,-63.156246,0.11531157
2020-11-25T12:00:00Z,0.0,-64.53126,-63.156246,0.09199162
2020-11-26T12:00:00Z,0.0,-64.53126,-63.156246,0.10684303
2020-11-27T12:00:00Z,0.0,-64.53126,-63.156246,0.07376544
2020-11-28T12:00:00Z,0.0,-64.53126,-63.156246,0.16884416
2020-11-29T12:00:00Z,0.0,-64.53126,-63.156246,0.16944005
2020-11-30T12:00:00Z,0.0,-64.53126,-63.156246,0.17334153
2020-12-01T12:00:00Z,0.0,-64.53126,-63.156246,0.17215717
2020-12-02T12:00:00Z,0.0,-64.53126,-63.156246,0.31831634
2020-12-03T12:00:00Z,0.0,-64.53126,-63.156246,0.28908497
2020-12-04T12:00:00Z,0.0,-64.53126,-63.156246,0.30264956
2020-12-05T12:00:00Z,0.0,-64.53126,-63.156246,0.3036518
2020-12-06T12:00:00Z,0.0,-64.53126,-63.156246,0.27229482
2020-12-07T12:00:00Z,0.0,-64.53126,-63.156246,0.20503539
2020-12-08T12:00:00Z,0.0,-64.53126,-63.156246,0.20390849
2020-12-09T12:00:00Z,0.0,-64.53126,-63.156246,0.1837575
2020-12-10T12:00:00Z,0.0,-64.53126,-63.156246,0.18024753
2020-12-11T12:00:00Z,0.0,-64.53126,-63.156246,0.13942647
2020-12-12T12:00:00Z,0.0,-64.53126,-63.156246,0.10742375
2020-12-13T12:00:00Z,0.0,-64.53126,-63.156246,0.1209916
2020-12-14T12:00:00Z,0.0,-64.53126,-63.156246,0.116659515
2020-12-15T12:00:00Z,0.0,-64.53126,-63.156246,0.112583846
2020-12-16T12:00:00Z,0.0,-64.53126,-63.156246,0.12487289
2020-12-17T12:00:00Z,0.0,-64.53126,-63.156246,0.13308132
2020-12-18T12:00:00Z,0.0,-64.53126,-63.156246,0.14419477
2020-12-19T12:00:00Z,0.0,-64.53126,-63.156246,0.13759936
2020-12-20T12:00:00Z,0.0,-64.53126,-63.156246,0.1373235
2020-12-21T12:00:00Z,0.0,-64.53126,-63.156246,0.13443233
2020-12-22T12:00:00Z,0.0,-64.53126,-63.156246,0.13389997
2020-12-23T12:00:00Z,0.0,-64.53126,-63.156246,0.12833375
2020-12-24T12:00:00Z,0.0,-64.53126,-63.156246,0.12740707
2020-12-25T12:00:00Z,0.0,-64.53126,-63.156246,0.11786897
2020-12-26T12:00:00Z,0.0,-64.53126,-63.156246,0.120840386
2020-12-27T12:00:00Z,0.0,-64.53126,-63.156246,0.17449786
2020-12-28T12:00:00Z,0.0,-64.53126,-63.156246,0.18123206
2020-12-29T12:00:00Z,0.0,-64.53126,-63.156246,0.15508169
2020-12-30T12:00:00Z,0.0,-64.53126,-63.156246,0.14774278
2020-12-31T12:00:00Z,0.0,-64.53126,-63.156246,0.1427327
2021-01-01T12:00:00Z,0.0,-64.53126,-63.156246,0.15666634
2021-01-02T12:00:00Z,0.0,-64.53126,-63.156246,0.16412292
2021-01-03T12:00:00Z,0.0,-64.53126,-63.156246,0.18656671
2021-01-04T12:00:00Z,0.0,-64.53126,-63.156246,0.19117776
2021-01-05T12:00:00Z,0.0,-64.53126,-63.156246,0.19023503
2021-01-06T12:00:00Z,0.0,-64.53126,-63.156246,0.17290215
2021-01-07T12:00:00Z,0.0,-64.53126,-63.156246,0.18459411
2021-01-08T12:00:00Z,0.0,-64.53126,-63.156246,0.1844618
2021-01-09T12:00:00Z,0.0,-64.53126,-63.156246,0.19215673
2021-01-10T12:00:00Z,0.0,-64.53126,-63.156246,0.20725346
2021-01-11T12:00:00Z,0.0,-64.53126,-63.156246,0.21748774
2021-01-12T12:00:00Z,0.0,-64.53126,-63.156246,0.2157392
2021-01-13T12:00:00Z,0.0,-64.53126,-63.156246,0.22691676
2021-01-14T12:00:00Z,0.0,-64.53126,-63.156246,0.21523634
2021-01-15T12:00:00Z,0.0,-64.53126,-63.156246,0.21883611
2021-01-16T12:00:00Z,0.0,-64.53126,-63.156246,0.21937776
2021-01-17T12:00:00Z,0.0,-64.53126,-63.156246,0.22933984
2021-01-18T12:00:00Z,0.0,-64.53126,-63.156246,0.18601091
2021-01-19T12:00:00Z,0.0,-64.53126,-63.156246,0.18816374
2021-01-20T12:00:00Z,0.0,-64.53126,-63.156246,0.19103359
2021-01-21T12:00:00Z,0.0,-64.53126,-63.156246,0.19367582
2021-01-22T12:00:00Z,0.0,-64.53126,-63.156246,0.18874243
2021-01-23T12:00:00Z,0.0,-64.53126,-63.156246,0.20394641
2021-01-24T12:00:00Z,0.0,-64.53126,-63.156246,0.20012607
2021-01-25T12:00:00Z,0.0,-64.53126,-63.156246,0.19820149
2021-01-26T12:00:00Z,0.0,-64.53126,-63.156246,0.17256537
2021-01-27T12:00:00Z,0.0,-64.53126,-63.156246,0.17886323
2021-01-28T12:00:00Z,0.0,-64.53126,-63.156246,0.16558541
2021-01-29T12:00:00Z,0.0,-64.53126,-63.156246,0.13008466
2021-01-30T12:00:00Z,0.0,-64.53126,-63.156246,0.09790799
2021-01-31T12:00:00Z,0.0,-64.53126,-63.156246,0.12638368
2021-02-01T12:00:00Z,0.0,-64.53126,-63.156246,0.13514829
2021-02-02T12:00:00Z,0.0,-64.53126,-63.156246,0.15160629
2021-02-03T12:00:00Z,0.0,-64.53126,-63.156246,0.1599167
2021-02-04T12:00:00Z,0.0,-64.53126,-63.156246,0.15434678
2021-02-05T12:00:00Z,0.0,-64.53126,-63.156246,0.15188432
2021-02-06T12:00:00Z,0.0,-64.53126,-63.156246,0.15402424
2021-02-07T12:00:00Z,0.0,-64.53126,-63.156246,0.14698015
2021-02-08T12:00:00Z,0.0,-64.53126,-63.156246,0.14429522
2021-02-09T12:00:00Z,0.0,-64.53126,-63.156246,0.14684287
2021-02-10T12:00:00Z,0.0,-64.53126,-63.156246,0.1468385
2021-02-11T12:00:00Z,0.0,-64.53126,-63.156246,0.14822327
2021-02-12T12:00:00Z,0.0,-64.53126,-63.156246,0.15172859
2021-02-13T12:00:00Z,0.0,-64.53126,-63.156246,0.16446409
2021-02-14T12:00:00Z,0.0,-64.53126,-63.156246,0.18572019
2021-02-15T12:00:00Z,0.0,-64.53126,-63.156246,0.18739793
2021-02-16T12:00:00Z,0.0,-64.53126,-63.156246,0.19804837
2021-02-17T12:00:00Z,0.0,-64.53126,-63.156246,0.15425617
2021-02-18T12:00:00Z,0.0,-64.53126,-63.156246,0.15568525
2021-02-19T12:00:00Z,0.0,-64.53126,-63.156246,0.16513817
2021-02-20T12:00:00Z,0.0,-64.53126,-63.156246,0.16196704
2021-02-21T12:00:00Z,0.0,-64.53126,-63.156246,0.17726982
2021-02-22T12:00:00Z,0.0,-64.53126,-63.156246,0.16787896
2021-02-23T12:00:00Z,0.0,-64.53126,-63.156246,0.16323116
2021-02-24T12:00:00Z,0.0,-64.53126,-63.156246,0.15646198
2021-02-25T12:00:00Z,0.0,-64.53126,-63.156246,0.09818612
2021-02-26T12:00:00Z,0.0,-64.53126,-63.156246,0.104095444
2021-02-27T12:00:00Z,0.0,-64.53126,-63.156246,0.08986896
2021-02-28T12:00:00Z,0.0,-64.53126,-63.156246,0.10387022
2021-03-01T12:00:00Z,0.0,-64.53126,-63.156246,0.083629034
2021-03-02T12:00:00Z,0.0,-64.53126,-63.156246,0.08569249
2021-03-03T12:00:00Z,0.0,-64.53126,-63.156246,0.11010088
2021-03-04T12:00:00Z,0.0,-64.53126,-63.156246,0.10997193
2021-03-05T12:00:00Z,0.0,-64.53126,-63.156246,0.12339996
2021-03-06T12:00:00Z,0.0,-64.53126,-63.156246,0.1283467
2021-03-07T12:00:00Z,0.0,-64.53126,-63.156246,0.12735179
2021-03-08T12:00:00Z,0.0,-64.53126,-63.156246,0.11925704
2021-03-09T12:00:00Z,0.0,-64.53126,-63.156246,0.12756205
2021-03-10T12:00:00Z,0.0,-64.53126,-63.156246,0.14245261
2021-03-11T12:00:00Z,0.0,-64.53126,-63.156246,0.13995138
2021-03-12T12:00:00Z,0.0,-64.53126,-63.156246,0.13317607
2021-03-13T12:00:00Z,0.0,-64.53126,-63.156246,0.13944808
2021-03-14T12:00:00Z,0.0,-64.53126,-63.156246,0.14262858
2021-03-15T12:00:00Z,0.0,-64.53126,-63.156246,NaN
2021-03-16T12:00:00Z,0.0,-64.53126,-63.156246,NaN
2021-03-17T12:00:00Z,0.0,-64.53126,-63.156246,NaN
2021-03-18T12:00:00Z,0.0,-64.53126,-63.156246,NaN
2021-03-19T12:00:00Z,0.0,-64.53126,-63.156246,NaN
2021-03-20T12:00:00Z,0.0,-64.53126,-63.156246,NaN
2021-03-21T12:00:00Z,0.0,-64.53126,-63.156246,NaN
2021-03-22T12:00:00Z,0.0,-64.53126,-63.156246,NaN
2021-03-23T12:00:00Z,0.0,-64.53126,-63.156246,NaN
2021-03-24T12:00:00Z,0.0,-64.53126,-63.156246,NaN
2021-03-25T12:00:00Z,0.0,-64.53126,-63.156246,NaN
2021-03-26T12:00:00Z,0.0,-64.53126,-63.156246,NaN
2021-03-27T12:00:00Z,0.0,-64.53126,-63.156246,NaN
2021-03-28T12:00:00Z,0.0,-64.53126,-63.156246,NaN
2021-03-29T12:00:00Z,0.0,-64.53126,-63.156246,NaN
2021-03-30T12:00:00Z,0.0,-64.53126,-63.156246,NaN
2021-03-31T12:00:00Z,0.0,-64.53126,-63.156246,NaN
2021-04-01T12:00:00Z,0.0,-64.53126,-63.156246,NaN
2021-04-02T12:00:00Z,0.0,-64.53126,-63.156246,NaN
2021-04-03T12:00:00Z,0.0,-64.53126,-63.156246,NaN
2021-04-04T12:00:00Z,0.0,-64.53126,-63.156246,NaN
2021-04-05T12:00:00Z,0.0,-64.53126,-63.156246,NaN
2021-04-06T12:00:00Z,0.0,-64.53126,-63.156246,NaN
2021-04-07T12:00:00Z,0.0,-64.53126,-63.156246,NaN
2021-04-08T12:00:00Z,0.0,-64.53126,-63.156246,NaN
2021-04-09T12:00:00Z,0.0,-64.53126,-63.156246,NaN
2021-04-10T12:00:00Z,0.0,-64.53126,-63.156246,NaN
2021-04-11T12:00:00Z,0.0,-64.53126,-63.156246,NaN
2021-04-12T12:00:00Z,0.0,-64.53126,-63.156246,NaN
2021-04-13T12:00:00Z,0.0,-64.53126,-63.156246,NaN
2021-04-14T12:00:00Z,0.0,-64.53126,-63.156246,NaN
2021-04-15T12:00:00Z,0.0,-64.53126,-63.156246,NaN
2021-04-16T12:00:00Z,0.0,-64.53126,-63.156246,NaN
2021-04-17T12:00:00Z,0.0,-64.53126,-63.156246,NaN
2021-04-18T12:00:00Z,0.0,-64.53126,-63.156246,NaN
2021-04-19T12:00:00Z,0.0,-64.53126,-63.156246,NaN
2021-04-20T12:00:00Z,0.0,-64.53126,-63.156246,NaN
2021-04-21T12:00:00Z,0.0,-64.53126,-63.156246,NaN
2021-04-22T12:00:00Z,0.0,-64.53126,-63.156246,NaN
2021-04-23T12:00:00Z,0.0,-64.53126,-63.156246,NaN
2021-04-24T12:00:00Z,0.0,-64.53126,-63.156246,NaN
2021-04-25T12:00:00Z,0.0,-64.53126,-63.156246,NaN
2021-04-26T12:00:00Z,0.0,-64.53126,-63.156246,NaN
2021-04-27T12:00:00Z,0.0,-64.53126,-63.156246,NaN
2021-04-28T12:00:00Z,0.0,-64.53126,-63.156246,NaN
2021-04-29T12:00:00Z,0.0,-64.53126,-63.156246,NaN
2021-04-30T12:00:00Z,0.0,-64.53126,-63.156246,NaN
2021-05-01T12:00:00Z,0.0,-64.53126,-63.156246,NaN
2021-05-02T12:00:00Z,0.0,-64.53126,-63.156246,NaN
2021-05-03T12:00:00Z,0.0,-64.53126,-63.156246,NaN
2021-05-04T12:00:00Z,0.0,-64.53126,-63.156246,NaN
2021-05-05T12:00:00Z,0.0,-64.53126,-63.156246,NaN
2021-05-06T12:00:00Z,0.0,-64.53126,-63.156246,NaN
2021-05-07T12:00:00Z,0.0,-64.53126,-63.156246,NaN
2021-05-08T12:00:00Z,0.0,-64.53126,-63.156246,NaN
2021-05-09T12:00:00Z,0.0,-64.53126,-63.156246,NaN
2021-05-10T12:00:00Z,0.0,-64.53126,-63.156246,NaN
2021-05-11T12:00:00Z,0.0,-64.53126,-63.156246,NaN
2021-05-12T12:00:00Z,0.0,-64.53126,-63.156246,NaN
2021-05-13T12:00:00Z,0.0,-64.53126,-63.156246,NaN
2021-05-14T12:00:00Z,0.0,-64.53126,-63.156246,NaN
2021-05-15T12:00:00Z,0.0,-64.53126,-63.156246,NaN
2021-05-16T12:00:00Z,0.0,-64.53126,-63.156246,NaN
2021-05-17T12:00:00Z,0.0,-64.53126,-63.156246,NaN
2021-05-18T12:00:00Z,0.0,-64.53126,-63.156246,NaN
2021-05-19T12:00:00Z,0.0,-64.53126,-63.156246,NaN
2021-05-20T12:00:00Z,0.0,-64.53126,-63.156246,NaN
2021-05-21T12:00:00Z,0.0,-64.53126,-63.156246,NaN
2021-05-22T12:00:00Z,0.0,-64.53126,-63.156246,NaN
2021-05-23T12:00:00Z,0.0,-64.53126,-63.156246,NaN
2021-05-24T12:00:00Z,0.0,-64.53126,-63.156246,NaN
2021-05-25T12:00:00Z,0.0,-64.53126,-63.156246,NaN
2021-05-26T12:00:00Z,0.0,-64.53126,-63.156246,NaN
2021-05-27T12:00:00Z,0.0,-64.53126,-63.156246,NaN
2021-05-28T12:00:00Z,0.0,-64.53126,-63.156246,NaN
2021-05-29T12:00:00Z,0.0,-64.53126,-63.156246,NaN
2021-05-30T12:00:00Z,0.0,-64.53126,-63.156246,NaN
2021-05-31T12:00:00Z,0.0,-64.53126,-63.156246,NaN
2021-06-01T12:00:00Z,0.0,-64.53126,-63.156246,NaN
2021-06-02T12:00:00Z,0.0,-64.53126,-63.156246,NaN
2021-06-03T12:00:00Z,0.0,-64.53126,-63.156246,NaN
2021-06-04T12:00:00Z,0.0,-64.53126,-63.156246,NaN
2021-06-05T12:00:00Z,0.0,-64.53126,-63.156246,NaN
2021-06-06T12:00:00Z,0.0,-64.53126,-63.156246,NaN
2021-06-07T12:00:00Z,0.0,-64.53126,-63.156246,NaN
2021-06-08T12:00:00Z,0.0,-64.53126,-63.156246,NaN
2021-06-09T12:00:00Z,0.0,-64.53126,-63.156246,NaN
2021-06-10T12:00:00Z,0.0,-64.53126,-63.156246,NaN
2021-06-11T12:00:00Z,0.0,-64.53126,-63.156246,NaN
2021-06-12T12:00:00Z,0.0,-64.53126,-63.156246,NaN
2021-06-13T12:00:00Z,0.0,-64.53126,-63.156246,NaN
2021-06-14T12:00:00Z,0.0,-64.53126,-63.156246,NaN
2021-06-15T12:00:00Z,0.0,-64.53126,-63.156246,NaN
2021-06-16T12:00:00Z,0.0,-64.53126,-63.156246,NaN
2021-06-17T12:00:00Z,0.0,-64.53126,-63.156246,NaN
2021-06-18T12:00:00Z,0.0,-64.53126,-63.156246,NaN
2021-06-19T12:00:00Z,0.0,-64.53126,-63.156246,NaN
2021-06-20T12:00:00Z,0.0,-64.53126,-63.156246,NaN
2021-06-21T12:00:00Z,0.0,-64.53126,-63.156246,NaN
2021-06-22T12:00:00Z,0.0,-64.53126,-63.156246,NaN
2021-06-23T12:00:00Z,0.0,-64.53126,-63.156246,NaN
2021-06-24T12:00:00Z,0.0,-64.53126,-63.156246,NaN
2021-06-25T12:00:00Z,0.0,-64.53126,-63.156246,NaN
2021-06-26T12:00:00Z,0.0,-64.53126,-63.156246,NaN
2021-06-27T12:00:00Z,0.0,-64.53126,-63.156246,NaN
2021-06-28T12:00:00Z,0.0,-64.53126,-63.156246,NaN
2021-06-29T12:00:00Z,0.0,-64.53126,-63.156246,NaN
2021-06-30T12:00:00Z,0.0,-64.53126,-63.156246,NaN
2021-07-01T12:00:00Z,0.0,-64.53126,-63.156246,NaN
2021-07-02T12:00:00Z,0.0,-64.53126,-63.156246,NaN
2021-07-03T12:00:00Z,0.0,-64.53126,-63.156246,NaN
2021-07-04T12:00:00Z,0.0,-64.53126,-63.156246,NaN
2021-07-05T12:00:00Z,0.0,-64.53126,-63.156246,NaN
2021-07-06T12:00:00Z,0.0,-64.53126,-63.156246,NaN
2021-07-07T12:00:00Z,0.0,-64.53126,-63.156246,NaN
2021-07-08T12:00:00Z,0.0,-64.53126,-63.156246,NaN
2021-07-09T12:00:00Z,0.0,-64.53126,-63.156246,NaN
2021-07-10T12:00:00Z,0.0,-64.53126,-63.156246,NaN
2021-07-11T12:00:00Z,0.0,-64.53126,-63.156246,NaN
2021-07-12T12:00:00Z,0.0,-64.53126,-63.156246,NaN
2021-07-13T12:00:00Z,0.0,-64.53126,-63.156246,NaN
2021-07-14T12:00:00Z,0.0,-64.53126,-63.156246,NaN
2021-07-15T12:00:00Z,0.0,-64.53126,-63.156246,NaN
2021-07-16T12:00:00Z,0.0,-64.53126,-63.156246,NaN
2021-07-17T12:00:00Z,0.0,-64.53126,-63.156246,NaN
2021-07-18T12:00:00Z,0.0,-64.53126,-63.156246,NaN
2021-07-19T12:00:00Z,0.0,-64.53126,-63.156246,NaN
2021-07-20T12:00:00Z,0.0,-64.53126,-63.156246,NaN
2021-07-21T12:00:00Z,0.0,-64.53126,-63.156246,NaN
2021-07-22T12:00:00Z,0.0,-64.53126,-63.156246,NaN
2021-07-23T12:00:00Z,0.0,-64.53126,-63.156246,NaN
2021-07-24T12:00:00Z,0.0,-64.53126,-63.156246,NaN
2021-07-25T12:00:00Z,0.0,-64.53126,-63.156246,NaN
2021-07-26T12:00:00Z,0.0,-64.53126,-63.156246,NaN
2021-07-27T12:00:00Z,0.0,-64.53126,-63.156246,NaN
2021-07-28T12:00:00Z,0.0,-64.53126,-63.156246,NaN
2021-07-29T12:00:00Z,0.0,-64.53126,-63.156246,NaN
2021-07-30T12:00:00Z,0.0,-64.53126,-63.156246,NaN
2021-07-31T12:00:00Z,0.0,-64.53126,-63.156246,NaN
2021-08-01T12:00:00Z,0.0,-64.53126,-63.156246,NaN
2021-08-02T12:00:00Z,0.0,-64.53126,-63.156246,NaN
2021-08-03T12:00:00Z,0.0,-64.53126,-63.156246,NaN
2021-08-04T12:00:00Z,0.0,-64.53126,-63.156246,NaN
2021-08-05T12:00:00Z,0.0,-64.53126,-63.156246,NaN
2021-08-06T12:00:00Z,0.0,-64.53126,-63.156246,NaN
2021-08-07T12:00:00Z,0.0,-64.53126,-63.156246,NaN
2021-08-08T12:00:00Z,0.0,-64.53126,-63.156246,NaN
2021-08-09T12:00:00Z,0.0,-64.53126,-63.156246,NaN
2021-08-10T12:00:00Z,0.0,-64.53126,-63.156246,NaN
2021-08-11T12:00:00Z,0.0,-64.53126,-63.156246,NaN
2021-08-12T12:00:00Z,0.0,-64.53126,-63.156246,NaN
2021-08-13T12:00:00Z,0.0,-64.53126,-63.156246,NaN
2021-08-14T12:00:00Z,0.0,-64.53126,-63.156246,NaN
2021-08-15T12:00:00Z,0.0,-64.53126,-63.156246,NaN
2021-08-16T12:00:00Z,0.0,-64.53126,-63.156246,NaN
2021-08-17T12:00:00Z,0.0,-64.53126,-63.156246,NaN
2021-08-18T12:00:00Z,0.0,-64.53126,-63.156246,NaN
2021-08-19T12:00:00Z,0.0,-64.53126,-63.156246,NaN
2021-08-20T12:00:00Z,0.0,-64.53126,-63.156246,NaN
2021-08-21T12:00:00Z,0.0,-64.53126,-63.156246,NaN
2021-08-22T12:00:00Z,0.0,-64.53126,-63.156246,NaN
2021-08-23T12:00:00Z,0.0,-64.53126,-63.156246,NaN
2021-08-24T12:00:00Z,0.0,-64.53126,-63.156246,NaN
2021-08-25T12:00:00Z,0.0,-64.53126,-63.156246,NaN
2021-08-26T12:00:00Z,0.0,-64.53126,-63.156246,NaN
2021-08-27T12:00:00Z,0.0,-64.53126,-63.156246,NaN
2021-08-28T12:00:00Z,0.0,-64.53126,-63.156246,NaN
2021-08-29T12:00:00Z,0.0,-64.53126,-63.156246,NaN
2021-08-30T12:00:00Z,0.0,-64.53126,-63.156246,NaN
2021-08-31T12:00:00Z,0.0,-64.53126,-63.156246,NaN
2021-09-01T12:00:00Z,0.0,-64.53126,-63.156246,NaN
2021-09-02T12:00:00Z,0.0,-64.53126,-63.156246,NaN
2021-09-03T12:00:00Z,0.0,-64.53126,-63.156246,NaN
2021-09-04T12:00:00Z,0.0,-64.53126,-63.156246,NaN
2021-09-05T12:00:00Z,0.0,-64.53126,-63.156246,NaN
2021-09-06T12:00:00Z,0.0,-64.53126,-63.156246,NaN
2021-09-07T12:00:00Z,0.0,-64.53126,-63.156246,NaN
2021-09-08T12:00:00Z,0.0,-64.53126,-63.156246,NaN
2021-09-09T12:00:00Z,0.0,-64.53126,-63.156246,NaN
2021-09-10T12:00:00Z,0.0,-64.53126,-63.156246,NaN
2021-09-11T12:00:00Z,0.0,-64.53126,-63.156246,NaN
2021-09-12T12:00:00Z,0.0,-64.53126,-63.156246,NaN
2021-09-13T12:00:00Z,0.0,-64.53126,-63.156246,NaN
2021-09-14T12:00:00Z,0.0,-64.53126,-63.156246,NaN
2021-09-15T12:00:00Z,0.0,-64.53126,-63.156246,NaN
2021-09-16T12:00:00Z,0.0,-64.53126,-63.156246,NaN
2021-09-17T12:00:00Z,0.0,-64.53126,-63.156246,NaN
2021-09-18T12:00:00Z,0.0,-64.53126,-63.156246,NaN
2021-09-19T12:00:00Z,0.0,-64.53126,-63.156246,NaN
2021-09-20T12:00:00Z,0.0,-64.53126,-63.156246,NaN
2021-09-21T12:00:00Z,0.0,-64.53126,-63.156246,NaN
2021-09-22T12:00:00Z,0.0,-64.53126,-63.156246,NaN
2021-09-23T12:00:00Z,0.0,-64.53126,-63.156246,NaN
2021-09-24T12:00:00Z,0.0,-64.53126,-63.156246,NaN
2021-09-25T12:00:00Z,0.0,-64.53126,-63.156246,NaN
2021-09-26T12:00:00Z,0.0,-64.53126,-63.156246,NaN
2021-09-27T12:00:00Z,0.0,-64.53126,-63.156246,NaN
2021-09-28T12:00:00Z,0.0,-64.53126,-63.156246,NaN
2021-09-29T12:00:00Z,0.0,-64.53126,-63.156246,NaN
2021-09-30T12:00:00Z,0.0,-64.53126,-63.156246,NaN
2021-10-01T12:00:00Z,0.0,-64.53126,-63.156246,NaN
2021-10-02T12:00:00Z,0.0,-64.53126,-63.156246,NaN
2021-10-03T12:00:00Z,0.0,-64.53126,-63.156246,NaN
2021-10-04T12:00:00Z,0.0,-64.53126,-63.156246,NaN
2021-10-05T12:00:00Z,0.0,-64.53126,-63.156246,NaN
2021-10-06T12:00:00Z,0.0,-64.53126,-63.156246,NaN
2021-10-07T12:00:00Z,0.0,-64.53126,-63.156246,NaN
2021-10-08T12:00:00Z,0.0,-64.53126,-63.156246,NaN
2021-10-09T12:00:00Z,0.0,-64.53126,-63.156246,NaN
2021-10-10T12:00:00Z,0.0,-64.53126,-63.156246,NaN
2021-10-11T12:00:00Z,0.0,-64.53126,-63.156246,NaN
2021-10-12T12:00:00Z,0.0,-64.53126,-63.156246,NaN
2021-10-13T12:00:00Z,0.0,-64.53126,-63.156246,NaN
2021-10-14T12:00:00Z,0.0,-64.53126,-63.156246,NaN
2021-10-15T12:00:00Z,0.0,-64.53126,-63.156246,NaN
2021-10-16T12:00:00Z,0.0,-64.53126,-63.156246,NaN
2021-10-17T12:00:00Z,0.0,-64.53126,-63.156246,NaN
2021-10-18T12:00:00Z,0.0,-64.53126,-63.156246,NaN
2021-10-19T12:00:00Z,0.0,-64.53126,-63.156246,NaN
2021-10-20T12:00:00Z,0.0,-64.53126,-63.156246,0.14861576
2021-10-21T12:00:00Z,0.0,-64.53126,-63.156246,0.16390091
2021-10-22T12:00:00Z,0.0,-64.53126,-63.156246,0.16653776
2021-10-23T12:00:00Z,0.0,-64.53126,-63.156246,0.1307123
2021-10-24T12:00:00Z,0.0,-64.53126,-63.156246,0.12266211
2021-10-25T12:00:00Z,0.0,-64.53126,-63.156246,0.12689619
2021-10-26T12:00:00Z,0.0,-64.53126,-63.156246,0.17926441
2021-10-27T12:00:00Z,0.0,-64.53126,-63.156246,0.17887259
2021-10-28T12:00:00Z,0.0,-64.53126,-63.156246,0.16799757
2021-10-29T12:00:00Z,0.0,-64.53126,-63.156246,0.12857132
2021-10-30T12:00:00Z,0.0,-64.53126,-63.156246,0.18551251
2021-10-31T12:00:00Z,0.0,-64.53126,-63.156246,0.1768255
2021-11-01T12:00:00Z,0.0,-64.53126,-63.156246,0.17160568
2021-11-02T12:00:00Z,0.0,-64.53126,-63.156246,0.13484342
2021-11-03T12:00:00Z,0.0,-64.53126,-63.156246,0.1716911
2021-11-04T12:00:00Z,0.0,-64.53126,-63.156246,0.13098194
2021-11-05T12:00:00Z,0.0,-64.53126,-63.156246,0.13229744
2021-11-06T12:00:00Z,0.0,-64.53126,-63.156246,0.1303613
2021-11-07T12:00:00Z,0.0,-64.53126,-63.156246,0.13342479
2021-11-08T12:00:00Z,0.0,-64.53126,-63.156246,0.13246293
2021-11-09T12:00:00Z,0.0,-64.53126,-63.156246,0.1363644
2021-11-10T12:00:00Z,0.0,-64.53126,-63.156246,0.12141957
2021-11-11T12:00:00Z,0.0,-64.53126,-63.156246,0.14739412
2021-11-12T12:00:00Z,0.0,-64.53126,-63.156246,0.1403824
2021-11-13T12:00:00Z,0.0,-64.53126,-63.156246,0.14483821
2021-11-14T12:00:00Z,0.0,-64.53126,-63.156246,0.14786284
2021-11-15T12:00:00Z,0.0,-64.53126,-63.156246,0.14667268
2021-11-16T12:00:00Z,0.0,-64.53126,-63.156246,0.14939551
2021-11-17T12:00:00Z,0.0,-64.53126,-63.156246,0.15226646
2021-11-18T12:00:00Z,0.0,-64.53126,-63.156246,0.33885658
2021-11-19T12:00:00Z,0.0,-64.53126,-63.156246,0.33109704
2021-11-20T12:00:00Z,0.0,-64.53126,-63.156246,0.33936012
2021-11-21T12:00:00Z,0.0,-64.53126,-63.156246,0.3133014
2021-11-22T12:00:00Z,0.0,-64.53126,-63.156246,0.31666395
2021-11-23T12:00:00Z,0.0,-64.53126,-63.156246,0.31155682
2021-11-24T12:00:00Z,0.0,-64.53126,-63.156246,0.30710256
2021-11-25T12:00:00Z,0.0,-64.53126,-63.156246,0.32122692
2021-11-26T12:00:00Z,0.0,-64.53126,-63.156246,0.31417942
2021-11-27T12:00:00Z,0.0,-64.53126,-63.156246,0.34148347
2021-11-28T12:00:00Z,0.0,-64.53126,-63.156246,0.2973667
2021-11-29T12:00:00Z,0.0,-64.53126,-63.156246,0.2141605
2021-11-30T12:00:00Z,0.0,-64.53126,-63.156246,0.22527727
2021-12-01T12:00:00Z,0.0,-64.53126,-63.156246,0.1941319
2021-12-02T12:00:00Z,0.0,-64.53126,-63.156246,0.20131092
2021-12-03T12:00:00Z,0.0,-64.53126,-63.156246,0.16577683
2021-12-04T12:00:00Z,0.0,-64.53126,-63.156246,0.17647253
2021-12-05T12:00:00Z,0.0,-64.53126,-63.156246,0.16236714
2021-12-06T12:00:00Z,0.0,-64.53126,-63.156246,0.14221907
2021-12-07T12:00:00Z,0.0,-64.53126,-63.156246,0.16061236
2021-12-08T12:00:00Z,0.0,-64.53126,-63.156246,0.15556371
2021-12-09T12:00:00Z,0.0,-64.53126,-63.156246,0.14606632
2021-12-10T12:00:00Z,0.0,-64.53126,-63.156246,0.14306287
2021-12-11T12:00:00Z,0.0,-64.53126,-63.156246,0.13415977
2021-12-12T12:00:00Z,0.0,-64.53126,-63.156246,0.13038905
2021-12-13T12:00:00Z,0.0,-64.53126,-63.156246,0.11404967
2021-12-14T12:00:00Z,0.0,-64.53126,-63.156246,0.1167741
2021-12-15T12:00:00Z,0.0,-64.53126,-63.156246,0.119384706
2021-12-16T12:00:00Z,0.0,-64.53126,-63.156246,0.16351008
2021-12-17T12:00:00Z,0.0,-64.53126,-63.156246,0.15402192
2021-12-18T12:00:00Z,0.0,-64.53126,-63.156246,0.17150798
2021-12-19T12:00:00Z,0.0,-64.53126,-63.156246,0.17153259
2021-12-20T12:00:00Z,0.0,-64.53126,-63.156246,0.20599812
2021-12-21T12:00:00Z,0.0,-64.53126,-63.156246,0.22341214
2021-12-22T12:00:00Z,0.0,-64.53126,-63.156246,0.26802433
2021-12-23T12:00:00Z,0.0,-64.53126,-63.156246,0.2820671
2021-12-24T12:00:00Z,0.0,-64.53126,-63.156246,0.27135497
2021-12-25T12:00:00Z,0.0,-64.53126,-63.156246,0.2866672
2021-12-26T12:00:00Z,0.0,-64.53126,-63.156246,0.29460967
2021-12-27T12:00:00Z,0.0,-64.53126,-63.156246,0.2204297
2021-12-28T12:00:00Z,0.0,-64.53126,-63.156246,0.19954184
2021-12-29T12:00:00Z,0.0,-64.53126,-63.156246,0.17671816
2021-12-30T12:00:00Z,0.0,-64.53126,-63.156246,0.17606513
2021-12-31T12:00:00Z,0.0,-64.53126,-63.156246,0.18109043
2022-01-01T12:00:00Z,0.0,-64.53126,-63.156246,0.17505701
2022-01-02T12:00:00Z,0.0,-64.53126,-63.156246,0.17372598
2022-01-03T12:00:00Z,0.0,-64.53126,-63.156246,0.1742489
2022-01-04T12:00:00Z,0.0,-64.53126,-63.156246,0.17739183
2022-01-05T12:00:00Z,0.0,-64.53126,-63.156246,0.1767684
2022-01-06T12:00:00Z,0.0,-64.53126,-63.156246,0.17350525
2022-01-07T12:00:00Z,0.0,-64.53126,-63.156246,0.1687199
2022-01-08T12:00:00Z,0.0,-64.53126,-63.156246,0.15536222
2022-01-09T12:00:00Z,0.0,-64.53126,-63.156246,0.15762149
2022-01-10T12:00:00Z,0.0,-64.53126,-63.156246,0.15650615
2022-01-11T12:00:00Z,0.0,-64.53126,-63.156246,0.12112096
2022-01-12T12:00:00Z,0.0,-64.53126,-63.156246,0.12214943
2022-01-13T12:00:00Z,0.0,-64.53126,-63.156246,0.11591268
2022-01-14T12:00:00Z,0.0,-64.53126,-63.156246,0.10443704
2022-01-15T12:00:00Z,0.0,-64.53126,-63.156246,0.09574321
2022-01-16T12:00:00Z,0.0,-64.53126,-63.156246,0.14764048
2022-01-17T12:00:00Z,0.0,-64.53126,-63.156246,0.18054721
2022-01-18T12:00:00Z,0.0,-64.53126,-63.156246,0.19969225
2022-01-19T12:00:00Z,0.0,-64.53126,-63.156246,0.20066985
2022-01-20T12:00:00Z,0.0,-64.53126,-63.156246,0.2104531
2022-01-21T12:00:00Z,0.0,-64.53126,-63.156246,0.2121156
2022-01-22T12:00:00Z,0.0,-64.53126,-63.156246,0.21908228
2022-01-23T12:00:00Z,0.0,-64.53126,-63.156246,0.23796836
2022-01-24T12:00:00Z,0.0,-64.53126,-63.156246,0.24796516
2022-01-25T12:00:00Z,0.0,-64.53126,-63.156246,0.23021543
2022-01-26T12:00:00Z,0.0,-64.53126,-63.156246,0.2268124
2022-01-27T12:00:00Z,0.0,-64.53126,-63.156246,0.22466636
2022-01-28T12:00:00Z,0.0,-64.53126,-63.156246,0.21009596
2022-01-29T12:00:00Z,0.0,-64.53126,-63.156246,0.21489686
2022-01-30T12:00:00Z,0.0,-64.53126,-63.156246,0.2047541
2022-01-31T12:00:00Z,0.0,-64.53126,-63.156246,0.20773898
2022-02-01T12:00:00Z,0.0,-64.53126,-63.156246,0.21573709
2022-02-02T12:00:00Z,0.0,-64.53126,-63.156246,0.21683827
2022-02-03T12:00:00Z,0.0,-64.53126,-63.156246,0.22317141
2022-02-04T12:00:00Z,0.0,-64.53126,-63.156246,0.22182103
2022-02-05T12:00:00Z,0.0,-64.53126,-63.156246,0.22798866
2022-02-06T12:00:00Z,0.0,-64.53126,-63.156246,0.22147541
2022-02-07T12:00:00Z,0.0,-64.53126,-63.156246,0.21030846
2022-02-08T12:00:00Z,0.0,-64.53126,-63.156246,0.21106242
2022-02-09T12:00:00Z,0.0,-64.53126,-63.156246,0.21244176
2022-02-10T12:00:00Z,0.0,-64.53126,-63.156246,0.24590306
2022-02-11T12:00:00Z,0.0,-64.53126,-63.156246,0.24752067
2022-02-12T12:00:00Z,0.0,-64.53126,-63.156246,0.24829979
2022-02-13T12:00:00Z,0.0,-64.53126,-63.156246,0.23424862
2022-02-14T12:00:00Z,0.0,-64.53126,-63.156246,0.2684326
2022-02-15T12:00:00Z,0.0,-64.53126,-63.156246,0.2859559
2022-02-16T12:00:00Z,0.0,-64.53126,-63.156246,0.29588842
2022-02-17T12:00:00Z,0.0,-64.53126,-63.156246,0.32133406
2022-02-18T12:00:00Z,0.0,-64.53126,-63.156246,0.3450869
2022-02-19T12:00:00Z,0.0,-64.53126,-63.156246,0.3248917
2022-02-20T12:00:00Z,0.0,-64.53126,-63.156246,0.35703987
2022-02-21T12:00:00Z,0.0,-64.53126,-63.156246,0.3703084
2022-02-22T12:00:00Z,0.0,-64.53126,-63.156246,0.37217146
2022-02-23T12:00:00Z,0.0,-64.53126,-63.156246,0.36201262
2022-02-24T12:00:00Z,0.0,-64.53126,-63.156246,0.330503
2022-02-25T12:00:00Z,0.0,-64.53126,-63.156246,0.3376847
2022-02-26T12:00:00Z,0.0,-64.53126,-63.156246,0.36491916
2022-02-27T12:00:00Z,0.0,-64.53126,-63.156246,0.33653107
2022-02-28T12:00:00Z,0.0,-64.53126,-63.156246,0.32884383
2022-03-01T12:00:00Z,0.0,-64.53126,-63.156246,0.2733417
2022-03-02T12:00:00Z,0.0,-64.53126,-63.156246,0.23383996
2022-03-03T12:00:00Z,0.0,-64.53126,-63.156246,0.2376568
2022-03-04T12:00:00Z,0.0,-64.53126,-63.156246,0.2400828
2022-03-05T12:00:00Z,0.0,-64.53126,-63.156246,0.24096362
2022-03-06T12:00:00Z,0.0,-64.53126,-63.156246,0.2429698
2022-03-07T12:00:00Z,0.0,-64.53126,-63.156246,0.23122953
2022-03-08T12:00:00Z,0.0,-64.53126,-63.156246,0.2004345
2022-03-09T12:00:00Z,0.0,-64.53126,-63.156246,0.19977169
2022-03-10T12:00:00Z,0.0,-64.53126,-63.156246,0.18377894
2022-03-11T12:00:00Z,0.0,-64.53126,-63.156246,0.17818844
2022-03-12T12:00:00Z,0.0,-64.53126,-63.156246,0.18308903
2022-03-13T12:00:00Z,0.0,-64.53126,-63.156246,0.18747656
2022-03-14T12:00:00Z,0.0,-64.53126,-63.156246,0.18924783
2022-03-15T12:00:00Z,0.0,-64.53126,-63.156246,NaN
2022-03-16T12:00:00Z,0.0,-64.53126,-63.156246,NaN
2022-03-17T12:00:00Z,0.0,-64.53126,-63.156246,NaN
2022-03-18T12:00:00Z,0.0,-64.53126,-63.156246,NaN
2022-03-19T12:00:00Z,0.0,-64.53126,-63.156246,NaN
2022-03-20T12:00:00Z,0.0,-64.53126,-63.156246,NaN
2022-03-21T12:00:00Z,0.0,-64.53126,-63.156246,NaN
2022-03-22T12:00:00Z,0.0,-64.53126,-63.156246,NaN
2022-03-23T12:00:00Z,0.0,-64.53126,-63.156246,NaN
2022-03-24T12:00:00Z,0.0,-64.53126,-63.156246,NaN
2022-03-25T12:00:00Z,0.0,-64.53126,-63.156246,NaN
2022-03-26T12:00:00Z,0.0,-64.53126,-63.156246,NaN
2022-03-27T12:00:00Z,0.0,-64.53126,-63.156246,NaN
2022-03-28T12:00:00Z,0.0,-64.53126,-63.156246,NaN
2022-03-29T12:00:00Z,0.0,-64.53126,-63.156246,NaN
2022-03-30T12:00:00Z,0.0,-64.53126,-63.156246,NaN
2022-03-31T12:00:00Z,0.0,-64.53126,-63.156246,NaN
2022-04-01T12:00:00Z,0.0,-64.53126,-63.156246,NaN
2022-04-02T12:00:00Z,0.0,-64.53126,-63.156246,NaN
2022-04-03T12:00:00Z,0.0,-64.53126,-63.156246,NaN
2022-04-04T12:00:00Z,0.0,-64.53126,-63.156246,NaN
2022-04-05T12:00:00Z,0.0,-64.53126,-63.156246,NaN
2022-04-06T12:00:00Z,0.0,-64.53126,-63.156246,NaN
2022-04-07T12:00:00Z,0.0,-64.53126,-63.156246,NaN
2022-04-08T12:00:00Z,0.0,-64.53126,-63.156246,NaN
2022-04-09T12:00:00Z,0.0,-64.53126,-63.156246,NaN
2022-04-10T12:00:00Z,0.0,-64.53126,-63.156246,NaN
2022-04-11T12:00:00Z,0.0,-64.53126,-63.156246,NaN
2022-04-12T12:00:00Z,0.0,-64.53126,-63.156246,NaN
2022-04-13T12:00:00Z,0.0,-64.53126,-63.156246,NaN
2022-04-14T12:00:00Z,0.0,-64.53126,-63.156246,NaN
2022-04-15T12:00:00Z,0.0,-64.53126,-63.156246,NaN
2022-04-16T12:00:00Z,0.0,-64.53126,-63.156246,NaN
2022-04-17T12:00:00Z,0.0,-64.53126,-63.156246,NaN
2022-04-18T12:00:00Z,0.0,-64.53126,-63.156246,NaN
2022-04-19T12:00:00Z,0.0,-64.53126,-63.156246,NaN
2022-04-20T12:00:00Z,0.0,-64.53126,-63.156246,NaN
2022-04-21T12:00:00Z,0.0,-64.53126,-63.156246,NaN
2022-04-22T12:00:00Z,0.0,-64.53126,-63.156246,NaN
2022-04-23T12:00:00Z,0.0,-64.53126,-63.156246,NaN
2022-04-24T12:00:00Z,0.0,-64.53126,-63.156246,NaN
2022-04-25T12:00:00Z,0.0,-64.53126,-63.156246,NaN
2022-04-26T12:00:00Z,0.0,-64.53126,-63.156246,NaN
2022-04-27T12:00:00Z,0.0,-64.53126,-63.156246,NaN
2022-04-28T12:00:00Z,0.0,-64.53126,-63.156246,NaN
2022-04-29T12:00:00Z,0.0,-64.53126,-63.156246,NaN
2022-04-30T12:00:00Z,0.0,-64.53126,-63.156246,NaN
2022-05-01T12:00:00Z,0.0,-64.53126,-63.156246,NaN
2022-05-02T12:00:00Z,0.0,-64.53126,-63.156246,NaN
2022-05-03T12:00:00Z,0.0,-64.53126,-63.156246,NaN
2022-05-04T12:00:00Z,0.0,-64.53126,-63.156246,NaN
2022-05-05T12:00:00Z,0.0,-64.53126,-63.156246,NaN
2022-05-06T12:00:00Z,0.0,-64.53126,-63.156246,NaN
2022-05-07T12:00:00Z,0.0,-64.53126,-63.156246,NaN
2022-05-08T12:00:00Z,0.0,-64.53126,-63.156246,NaN
2022-05-09T12:00:00Z,0.0,-64.53126,-63.156246,NaN
2022-05-10T12:00:00Z,0.0,-64.53126,-63.156246,NaN
2022-05-11T12:00:00Z,0.0,-64.53126,-63.156246,NaN
2022-05-12T12:00:00Z,0.0,-64.53126,-63.156246,NaN
2022-05-13T12:00:00Z,0.0,-64.53126,-63.156246,NaN
2022-05-14T12:00:00Z,0.0,-64.53126,-63.156246,NaN
2022-05-15T12:00:00Z,0.0,-64.53126,-63.156246,NaN
2022-05-16T12:00:00Z,0.0,-64.53126,-63.156246,NaN
2022-05-17T12:00:00Z,0.0,-64.53126,-63.156246,NaN
2022-05-18T12:00:00Z,0.0,-64.53126,-63.156246,NaN
2022-05-19T12:00:00Z,0.0,-64.53126,-63.156246,NaN
2022-05-20T12:00:00Z,0.0,-64.53126,-63.156246,NaN
2022-05-21T12:00:00Z,0.0,-64.53126,-63.156246,NaN
2022-05-22T12:00:00Z,0.0,-64.53126,-63.156246,NaN
2022-05-23T12:00:00Z,0.0,-64.53126,-63.156246,NaN
2022-05-24T12:00:00Z,0.0,-64.53126,-63.156246,NaN
2022-05-25T12:00:00Z,0.0,-64.53126,-63.156246,NaN
2022-05-26T12:00:00Z,0.0,-64.53126,-63.156246,NaN
2022-05-27T12:00:00Z,0.0,-64.53126,-63.156246,NaN
2022-05-28T12:00:00Z,0.0,-64.53126,-63.156246,NaN
2022-05-29T12:00:00Z,0.0,-64.53126,-63.156246,NaN
2022-05-30T12:00:00Z,0.0,-64.53126,-63.156246,NaN
2022-05-31T12:00:00Z,0.0,-64.53126,-63.156246,NaN
2022-06-01T12:00:00Z,0.0,-64.53126,-63.156246,NaN
2022-06-02T12:00:00Z,0.0,-64.53126,-63.156246,NaN
2022-06-03T12:00:00Z,0.0,-64.53126,-63.156246,NaN
2022-06-04T12:00:00Z,0.0,-64.53126,-63.156246,NaN
2022-06-05T12:00:00Z,0.0,-64.53126,-63.156246,NaN
2022-06-06T12:00:00Z,0.0,-64.53126,-63.156246,NaN
2022-06-07T12:00:00Z,0.0,-64.53126,-63.156246,NaN
2022-06-08T12:00:00Z,0.0,-64.53126,-63.156246,NaN
2022-06-09T12:00:00Z,0.0,-64.53126,-63.156246,NaN
2022-06-10T12:00:00Z,0.0,-64.53126,-63.156246,NaN
2022-06-11T12:00:00Z,0.0,-64.53126,-63.156246,NaN
2022-06-12T12:00:00Z,0.0,-64.53126,-63.156246,NaN
2022-06-13T12:00:00Z,0.0,-64.53126,-63.156246,NaN
2022-06-14T12:00:00Z,0.0,-64.53126,-63.156246,NaN
2022-06-15T12:00:00Z,0.0,-64.53126,-63.156246,NaN
2022-06-16T12:00:00Z,0.0,-64.53126,-63.156246,NaN
2022-06-17T12:00:00Z,0.0,-64.53126,-63.156246,NaN
2022-06-18T12:00:00Z,0.0,-64.53126,-63.156246,NaN
2022-06-19T12:00:00Z,0.0,-64.53126,-63.156246,NaN
2022-06-20T12:00:00Z,0.0,-64.53126,-63.156246,NaN
2022-06-21T12:00:00Z,0.0,-64.53126,-63.156246,NaN
2022-06-22T12:00:00Z,0.0,-64.53126,-63.156246,NaN
2022-06-23T12:00:00Z,0.0,-64.53126,-63.156246,NaN
2022-06-24T12:00:00Z,0.0,-64.53126,-63.156246,NaN
2022-06-25T12:00:00Z,0.0,-64.53126,-63.156246,NaN
2022-06-26T12:00:00Z,0.0,-64.53126,-63.156246,NaN
2022-06-27T12:00:00Z,0.0,-64.53126,-63.156246,NaN
2022-06-28T12:00:00Z,0.0,-64.53126,-63.156246,NaN
2022-06-29T12:00:00Z,0.0,-64.53126,-63.156246,NaN
2022-06-30T12:00:00Z,0.0,-64.53126,-63.156246,NaN
2022-07-01T12:00:00Z,0.0,-64.53126,-63.156246,NaN
2022-07-02T12:00:00Z,0.0,-64.53126,-63.156246,NaN
2022-07-03T12:00:00Z,0.0,-64.53126,-63.156246,NaN
2022-07-04T12:00:00Z,0.0,-64.53126,-63.156246,NaN
2022-07-05T12:00:00Z,0.0,-64.53126,-63.156246,NaN
2022-07-06T12:00:00Z,0.0,-64.53126,-63.156246,NaN
2022-07-07T12:00:00Z,0.0,-64.53126,-63.156246,NaN
2022-07-08T12:00:00Z,0.0,-64.53126,-63.156246,NaN
2022-07-09T12:00:00Z,0.0,-64.53126,-63.156246,NaN
2022-07-10T12:00:00Z,0.0,-64.53126,-63.156246,NaN
2022-07-11T12:00:00Z,0.0,-64.53126,-63.156246,NaN
2022-07-12T12:00:00Z,0.0,-64.53126,-63.156246,NaN
2022-07-13T12:00:00Z,0.0,-64.53126,-63.156246,NaN
2022-07-14T12:00:00Z,0.0,-64.53126,-63.156246,NaN
2022-07-15T12:00:00Z,0.0,-64.53126,-63.156246,NaN
2022-07-16T12:00:00Z,0.0,-64.53126,-63.156246,NaN
2022-07-17T12:00:00Z,0.0,-64.53126,-63.156246,NaN
2022-07-18T12:00:00Z,0.0,-64.53126,-63.156246,NaN
2022-07-19T12:00:00Z,0.0,-64.53126,-63.156246,NaN
2022-07-20T12:00:00Z,0.0,-64.53126,-63.156246,NaN
2022-07-21T12:00:00Z,0.0,-64.53126,-63.156246,NaN
2022-07-22T12:00:00Z,0.0,-64.53126,-63.156246,NaN
2022-07-23T12:00:00Z,0.0,-64.53126,-63.156246,NaN
2022-07-24T12:00:00Z,0.0,-64.53126,-63.156246,NaN
2022-07-25T12:00:00Z,0.0,-64.53126,-63.156246,NaN
2022-07-26T12:00:00Z,0.0,-64.53126,-63.156246,NaN
2022-07-27T12:00:00Z,0.0,-64.53126,-63.156246,NaN
2022-07-28T12:00:00Z,0.0,-64.53126,-63.156246,NaN
2022-07-29T12:00:00Z,0.0,-64.53126,-63.156246,NaN
2022-07-30T12:00:00Z,0.0,-64.53126,-63.156246,NaN
2022-07-31T12:00:00Z,0.0,-64.53126,-63.156246,NaN
2022-08-01T12:00:00Z,0.0,-64.53126,-63.156246,NaN
2022-08-02T12:00:00Z,0.0,-64.53126,-63.156246,NaN
2022-08-03T12:00:00Z,0.0,-64.53126,-63.156246,NaN
2022-08-04T12:00:00Z,0.0,-64.53126,-63.156246,NaN
2022-08-05T12:00:00Z,0.0,-64.53126,-63.156246,NaN
2022-08-06T12:00:00Z,0.0,-64.53126,-63.156246,NaN
2022-08-07T12:00:00Z,0.0,-64.53126,-63.156246,NaN
2022-08-08T12:00:00Z,0.0,-64.53126,-63.156246,NaN
2022-08-09T12:00:00Z,0.0,-64.53126,-63.156246,NaN
2022-08-10T12:00:00Z,0.0,-64.53126,-63.156246,NaN
2022-08-11T12:00:00Z,0.0,-64.53126,-63.156246,NaN
2022-08-12T12:00:00Z,0.0,-64.53126,-63.156246,NaN
2022-08-13T12:00:00Z,0.0,-64.53126,-63.156246,NaN
2022-08-14T12:00:00Z,0.0,-64.53126,-63.156246,NaN
2022-08-15T12:00:00Z,0.0,-64.53126,-63.156246,NaN
2022-08-16T12:00:00Z,0.0,-64.53126,-63.156246,NaN
2022-08-17T12:00:00Z,0.0,-64.53126,-63.156246,NaN
2022-08-18T12:00:00Z,0.0,-64.53126,-63.156246,NaN
2022-08-19T12:00:00Z,0.0,-64.53126,-63.156246,NaN
2022-08-20T12:00:00Z,0.0,-64.53126,-63.156246,NaN
2022-08-21T12:00:00Z,0.0,-64.53126,-63.156246,NaN
2022-08-22T12:00:00Z,0.0,-64.53126,-63.156246,NaN
2022-08-23T12:00:00Z,0.0,-64.53126,-63.156246,NaN
2022-08-24T12:00:00Z,0.0,-64.53126,-63.156246,NaN
2022-08-25T12:00:00Z,0.0,-64.53126,-63.156246,NaN
2022-08-26T12:00:00Z,0.0,-64.53126,-63.156246,NaN
2022-08-27T12:00:00Z,0.0,-64.53126,-63.156246,NaN
2022-08-28T12:00:00Z,0.0,-64.53126,-63.156246,NaN
2022-08-29T12:00:00Z,0.0,-64.53126,-63.156246,NaN
2022-08-30T12:00:00Z,0.0,-64.53126,-63.156246,NaN
2022-08-31T12:00:00Z,0.0,-64.53126,-63.156246,NaN
2022-09-01T12:00:00Z,0.0,-64.53126,-63.156246,NaN
2022-09-02T12:00:00Z,0.0,-64.53126,-63.156246,NaN
2022-09-03T12:00:00Z,0.0,-64.53126,-63.156246,NaN
2022-09-04T12:00:00Z,0.0,-64.53126,-63.156246,NaN
2022-09-05T12:00:00Z,0.0,-64.53126,-63.156246,NaN
2022-09-06T12:00:00Z,0.0,-64.53126,-63.156246,NaN
2022-09-07T12:00:00Z,0.0,-64.53126,-63.156246,NaN
2022-09-08T12:00:00Z,0.0,-64.53126,-63.156246,NaN
2022-09-09T12:00:00Z,0.0,-64.53126,-63.156246,NaN
2022-09-10T12:00:00Z,0.0,-64.53126,-63.156246,NaN
2022-09-11T12:00:00Z,0.0,-64.53126,-63.156246,NaN
2022-09-12T12:00:00Z,0.0,-64.53126,-63.156246,NaN
2022-09-13T12:00:00Z,0.0,-64.53126,-63.156246,NaN
2022-09-14T12:00:00Z,0.0,-64.53126,-63.156246,NaN
2022-09-15T12:00:00Z,0.0,-64.53126,-63.156246,NaN
2022-09-16T12:00:00Z,0.0,-64.53126,-63.156246,NaN
2022-09-17T12:00:00Z,0.0,-64.53126,-63.156246,NaN
2022-09-18T12:00:00Z,0.0,-64.53126,-63.156246,NaN
2022-09-19T12:00:00Z,0.0,-64.53126,-63.156246,NaN
2022-09-20T12:00:00Z,0.0,-64.53126,-63.156246,NaN
2022-09-21T12:00:00Z,0.0,-64.53126,-63.156246,NaN
2022-09-22T12:00:00Z,0.0,-64.53126,-63.156246,NaN
2022-09-23T12:00:00Z,0.0,-64.53126,-63.156246,NaN
2022-09-24T12:00:00Z,0.0,-64.53126,-63.156246,NaN
2022-09-25T12:00:00Z,0.0,-64.53126,-63.156246,NaN
2022-09-26T12:00:00Z,0.0,-64.53126,-63.156246,NaN
2022-09-27T12:00:00Z,0.0,-64.53126,-63.156246,NaN
2022-09-28T12:00:00Z,0.0,-64.53126,-63.156246,NaN
2022-09-29T12:00:00Z,0.0,-64.53126,-63.156246,NaN
2022-09-30T12:00:00Z,0.0,-64.53126,-63.156246,NaN
2022-10-01T12:00:00Z,0.0,-64.53126,-63.156246,NaN
2022-10-02T12:00:00Z,0.0,-64.53126,-63.156246,NaN
2022-10-03T12:00:00Z,0.0,-64.53126,-63.156246,NaN
2022-10-04T12:00:00Z,0.0,-64.53126,-63.156246,NaN
2022-10-05T12:00:00Z,0.0,-64.53126,-63.156246,NaN
2022-10-06T12:00:00Z,0.0,-64.53126,-63.156246,NaN
2022-10-07T12:00:00Z,0.0,-64.53126,-63.156246,NaN
2022-10-08T12:00:00Z,0.0,-64.53126,-63.156246,NaN
2022-10-09T12:00:00Z,0.0,-64.53126,-63.156246,NaN
2022-10-10T12:00:00Z,0.0,-64.53126,-63.156246,NaN
2022-10-11T12:00:00Z,0.0,-64.53126,-63.156246,NaN
2022-10-12T12:00:00Z,0.0,-64.53126,-63.156246,NaN
2022-10-13T12:00:00Z,0.0,-64.53126,-63.156246,NaN
2022-10-14T12:00:00Z,0.0,-64.53126,-63.156246,NaN
2022-10-15T12:00:00Z,0.0,-64.53126,-63.156246,NaN
2022-10-16T12:00:00Z,0.0,-64.53126,-63.156246,NaN
2022-10-17T12:00:00Z,0.0,-64.53126,-63.156246,NaN
2022-10-18T12:00:00Z,0.0,-64.53126,-63.156246,NaN
2022-10-19T12:00:00Z,0.0,-64.53126,-63.156246,NaN
2022-10-20T12:00:00Z,0.0,-64.53126,-63.156246,0.1064721
2022-10-21T12:00:00Z,0.0,-64.53126,-63.156246,0.10331597
2022-10-22T12:00:00Z,0.0,-64.53126,-63.156246,0.070043474
2022-10-23T12:00:00Z,0.0,-64.53126,-63.156246,0.06697477
2022-10-24T12:00:00Z,0.0,-64.53126,-63.156246,0.07265737
2022-10-25T12:00:00Z,0.0,-64.53126,-63.156246,0.056112066
2022-10-26T12:00:00Z,0.0,-64.53126,-63.156246,0.07179481
2022-10-27T12:00:00Z,0.0,-64.53126,-63.156246,0.07993928
2022-10-28T12:00:00Z,0.0,-64.53126,-63.156246,0.06867995
2022-10-29T12:00:00Z,0.0,-64.53126,-63.156246,0.05709563
2022-10-30T12:00:00Z,0.0,-64.53126,-63.156246,0.10425947
2022-10-31T12:00:00Z,0.0,-64.53126,-63.156246,0.073271185
2022-11-01T12:00:00Z,0.0,-64.53126,-63.156246,0.073992416
2022-11-02T12:00:00Z,0.0,-64.53126,-63.156246,0.06738674
2022-11-03T12:00:00Z,0.0,-64.53126,-63.156246,0.09199495
2022-11-04T12:00:00Z,0.0,-64.53126,-63.156246,0.096821256
2022-11-05T12:00:00Z,0.0,-64.53126,-63.156246,0.09811958
2022-11-06T12:00:00Z,0.0,-64.53126,-63.156246,0.09071611
2022-11-07T12:00:00Z,0.0,-64.53126,-63.156246,0.08860068
2022-11-08T12:00:00Z,0.0,-64.53126,-63.156246,0.093637496
2022-11-09T12:00:00Z,0.0,-64.53126,-63.156246,0.074874595
2022-11-10T12:00:00Z,0.0,-64.53126,-63.156246,0.08442564
2022-11-11T12:00:00Z,0.0,-64.53126,-63.156246,0.09507894
2022-11-12T12:00:00Z,0.0,-64.53126,-63.156246,0.09810043
2022-11-13T12:00:00Z,0.0,-64.53126,-63.156246,0.1481838
2022-11-14T12:00:00Z,0.0,-64.53126,-63.156246,0.080162436
2022-11-15T12:00:00Z,0.0,-64.53126,-63.156246,0.078639016
2022-11-16T12:00:00Z,0.0,-64.53126,-63.156246,0.07651666
2022-11-17T12:00:00Z,0.0,-64.53126,-63.156246,0.057359315
2022-11-18T12:00:00Z,0.0,-64.53126,-63.156246,0.46097946
2022-11-19T12:00:00Z,0.0,-64.53126,-63.156246,0.32854757
2022-11-20T12:00:00Z,0.0,-64.53126,-63.156246,0.22880515
2022-11-21T12:00:00Z,0.0,-64.53126,-63.156246,0.14873159
2022-11-22T12:00:00Z,0.0,-64.53126,-63.156246,0.15231128
2022-11-23T12:00:00Z,0.0,-64.53126,-63.156246,0.17968991
2022-11-24T12:00:00Z,0.0,-64.53126,-63.156246,0.17153972
2022-11-25T12:00:00Z,0.0,-64.53126,-63.156246,0.157171
2022-11-26T12:00:00Z,0.0,-64.53126,-63.156246,0.18128635
2022-11-27T12:00:00Z,0.0,-64.53126,-63.156246,0.17070895
2022-11-28T12:00:00Z,0.0,-64.53126,-63.156246,0.17302549
2022-11-29T12:00:00Z,0.0,-64.53126,-63.156246,0.20012245
2022-11-30T12:00:00Z,0.0,-64.53126,-63.156246,0.21938658
2022-12-01T12:00:00Z,0.0,-64.53126,-63.156246,0.2178354
2022-12-02T12:00:00Z,0.0,-64.53126,-63.156246,0.21660393
2022-12-03T12:00:00Z,0.0,-64.53126,-63.156246,0.21413952
2022-12-04T12:00:00Z,0.0,-64.53126,-63.156246,0.21621498
2022-12-05T12:00:00Z,0.0,-64.53126,-63.156246,0.21837026
2022-12-06T12:00:00Z,0.0,-64.53126,-63.156246,0.21633045
2022-12-07T12:00:00Z,0.0,-64.53126,-63.156246,0.22274327
2022-12-08T12:00:00Z,0.0,-64.53126,-63.156246,0.14809899
2022-12-09T12:00:00Z,0.0,-64.53126,-63.156246,0.16244999
2022-12-10T12:00:00Z,0.0,-64.53126,-63.156246,0.1411769
2022-12-11T12:00:00Z,0.0,-64.53126,-63.156246,0.14896746
2022-12-12T12:00:00Z,0.0,-64.53126,-63.156246,0.17283869
2022-12-13T12:00:00Z,0.0,-64.53126,-63.156246,0.157961
2022-12-14T12:00:00Z,0.0,-64.53126,-63.156246,0.16054691
2022-12-15T12:00:00Z,0.0,-64.53126,-63.156246,0.15377481
2022-12-16T12:00:00Z,0.0,-64.53126,-63.156246,0.15753044
2022-12-17T12:00:00Z,0.0,-64.53126,-63.156246,0.15507157
2022-12-18T12:00:00Z,0.0,-64.53126,-63.156246,0.16012745
2022-12-19T12:00:00Z,0.0,-64.53126,-63.156246,0.15450549
2022-12-20T12:00:00Z,0.0,-64.53126,-63.156246,0.14817192
2022-12-21T12:00:00Z,0.0,-64.53126,-63.156246,0.1541405
2022-12-22T12:00:00Z,0.0,-64.53126,-63.156246,0.13771258
2022-12-23T12:00:00Z,0.0,-64.53126,-63.156246,0.21336839
2022-12-24T12:00:00Z,0.0,-64.53126,-63.156246,0.22141168
2022-12-25T12:00:00Z,0.0,-64.53126,-63.156246,0.1566154
2022-12-26T12:00:00Z,0.0,-64.53126,-63.156246,0.16317295
2022-12-27T12:00:00Z,0.0,-64.53126,-63.156246,0.15538047
2022-12-28T12:00:00Z,0.0,-64.53126,-63.156246,0.15224735
2022-12-29T12:00:00Z,0.0,-64.53126,-63.156246,0.14532961
2022-12-30T12:00:00Z,0.0,-64.53126,-63.156246,0.13177297
2022-12-31T12:00:00Z,0.0,-64.53126,-63.156246,0.13287054
2023-01-01T12:00:00Z,0.0,-64.53126,-63.156246,0.13939933
2023-01-02T12:00:00Z,0.0,-64.53126,-63.156246,0.1526682
2023-01-03T12:00:00Z,0.0,-64.53126,-63.156246,0.16796516
2023-01-04T12:00:00Z,0.0,-64.53126,-63.156246,0.17085773
2023-01-05T12:00:00Z,0.0,-64.53126,-63.156246,0.17480625
2023-01-06T12:00:00Z,0.0,-64.53126,-63.156246,0.18975112
2023-01-07T12:00:00Z,0.0,-64.53126,-63.156246,0.17260137
2023-01-08T12:00:00Z,0.0,-64.53126,-63.156246,0.18363152
2023-01-09T12:00:00Z,0.0,-64.53126,-63.156246,0.16485183
2023-01-10T12:00:00Z,0.0,-64.53126,-63.156246,0.19557604
2023-01-11T12:00:00Z,0.0,-64.53126,-63.156246,0.23997045
2023-01-12T12:00:00Z,0.0,-64.53126,-63.156246,0.24873814
2023-01-13T12:00:00Z,0.0,-64.53126,-63.156246,0.26028132
2023-01-14T12:00:00Z,0.0,-64.53126,-63.156246,0.2725318
2023-01-15T12:00:00Z,0.0,-64.53126,-63.156246,0.2738217
2023-01-16T12:00:00Z,0.0,-64.53126,-63.156246,0.29416957
2023-01-17T12:00:00Z,0.0,-64.53126,-63.156246,0.1811096
2023-01-18T12:00:00Z,0.0,-64.53126,-63.156246,0.1777747
2023-01-19T12:00:00Z,0.0,-64.53126,-63.156246,0.18398559
2023-01-20T12:00:00Z,0.0,-64.53126,-63.156246,0.18337886
2023-01-21T12:00:00Z,0.0,-64.53126,-63.156246,0.1841328
2023-01-22T12:00:00Z,0.0,-64.53126,-63.156246,0.1366292
2023-01-23T12:00:00Z,0.0,-64.53126,-63.156246,0.13024548
2023-01-24T12:00:00Z,0.0,-64.53126,-63.156246,0.10810508
2023-01-25T12:00:00Z,0.0,-64.53126,-63.156246,0.112397246
2023-01-26T12:00:00Z,0.0,-64.53126,-63.156246,0.099835604
2023-01-27T12:00:00Z,0.0,-64.53126,-63.156246,0.0928213
2023-01-28T12:00:00Z,0.0,-64.53126,-63.156246,0.09530637
2023-01-29T12:00:00Z,0.0,-64.53126,-63.156246,0.075062744
2023-01-30T12:00:00Z,0.0,-64.53126,-63.156246,0.12701325
2023-01-31T12:00:00Z,0.0,-64.53126,-63.156246,0.12622216
2023-02-01T12:00:00Z,0.0,-64.53126,-63.156246,0.13388753
2023-02-02T12:00:00Z,0.0,-64.53126,-63.156246,0.13697396
2023-02-03T12:00:00Z,0.0,-64.53126,-63.156246,0.1341093
2023-02-04T12:00:00Z,0.0,-64.53126,-63.156246,0.14329422
2023-02-05T12:00:00Z,0.0,-64.53126,-63.156246,0.14687783
2023-02-06T12:00:00Z,0.0,-64.53126,-63.156246,0.15231916
2023-02-07T12:00:00Z,0.0,-64.53126,-63.156246,0.1941894
2023-02-08T12:00:00Z,0.0,-64.53126,-63.156246,0.20011061
2023-02-09T12:00:00Z,0.0,-64.53126,-63.156246,0.26659158
2023-02-10T12:00:00Z,0.0,-64.53126,-63.156246,0.27866417
2023-02-11T12:00:00Z,0.0,-64.53126,-63.156246,0.25848725
2023-02-12T12:00:00Z,0.0,-64.53126,-63.156246,0.28347695
2023-02-13T12:00:00Z,0.0,-64.53126,-63.156246,0.2908044
2023-02-14T12:00:00Z,0.0,-64.53126,-63.156246,0.2994015
2023-02-15T12:00:00Z,0.0,-64.53126,-63.156246,0.3158157
2023-02-16T12:00:00Z,0.0,-64.53126,-63.156246,0.35180414
2023-02-17T12:00:00Z,0.0,-64.53126,-63.156246,0.27341428
2023-02-18T12:00:00Z,0.0,-64.53126,-63.156246,0.29776418
2023-02-19T12:00:00Z,0.0,-64.53126,-63.156246,0.28609914
2023-02-20T12:00:00Z,0.0,-64.53126,-63.156246,0.26419738
2023-02-21T12:00:00Z,0.0,-64.53126,-63.156246,0.23067415
2023-02-22T12:00:00Z,0.0,-64.53126,-63.156246,0.22603115
2023-02-23T12:00:00Z,0.0,-64.53126,-63.156246,0.23267166
2023-02-24T12:00:00Z,0.0,-64.53126,-63.156246,0.21557997
2023-02-25T12:00:00Z,0.0,-64.53126,-63.156246,0.21886449
2023-02-26T12:00:00Z,0.0,-64.53126,-63.156246,0.21413484
2023-02-27T12:00:00Z,0.0,-64.53126,-63.156246,0.21265453
2023-02-28T12:00:00Z,0.0,-64.53126,-63.156246,0.21290131
2023-03-01T12:00:00Z,0.0,-64.53126,-63.156246,0.21337259
2023-03-02T12:00:00Z,0.0,-64.53126,-63.156246,0.19974026
2023-03-03T12:00:00Z,0.0,-64.53126,-63.156246,0.20310776
2023-03-04T12:00:00Z,0.0,-64.53126,-63.156246,0.19275407
2023-03-05T12:00:00Z,0.0,-64.53126,-63.156246,0.1962134
2023-03-06T12:00:00Z,0.0,-64.53126,-63.156246,0.17672291
2023-03-07T12:00:00Z,0.0,-64.53126,-63.156246,0.19299908
2023-03-08T12:00:00Z,0.0,-64.53126,-63.156246,0.18226652
2023-03-09T12:00:00Z,0.0,-64.53126,-63.156246,0.17555259
2023-03-10T12:00:00Z,0.0,-64.53126,-63.156246,0.17757152
2023-03-11T12:00:00Z,0.0,-64.53126,-63.156246,0.18743896
2023-03-12T12:00:00Z,0.0,-64.53126,-63.156246,0.22429122
2023-03-13T12:00:00Z,0.0,-64.53126,-63.156246,0.22539082
2023-03-14T12:00:00Z,0.0,-64.53126,-63.156246,0.22787195
2023-03-15T12:00:00Z,0.0,-64.53126,-63.156246,NaN
2023-03-16T12:00:00Z,0.0,-64.53126,-63.156246,NaN
2023-03-17T12:00:00Z,0.0,-64.53126,-63.156246,NaN
2023-03-18T12:00:00Z,0.0,-64.53126,-63.156246,NaN
2023-03-19T12:00:00Z,0.0,-64.53126,-63.156246,NaN
2023-03-20T12:00:00Z,0.0,-64.53126,-63.156246,NaN
2023-03-21T12:00:00Z,0.0,-64.53126,-63.156246,NaN
2023-03-22T12:00:00Z,0.0,-64.53126,-63.156246,NaN
2023-03-23T12:00:00Z,0.0,-64.53126,-63.156246,NaN
2023-03-24T12:00:00Z,0.0,-64.53126,-63.156246,NaN
2023-03-25T12:00:00Z,0.0,-64.53126,-63.156246,NaN
2023-03-26T12:00:00Z,0.0,-64.53126,-63.156246,NaN
2023-03-27T12:00:00Z,0.0,-64.53126,-63.156246,NaN
2023-03-28T12:00:00Z,0.0,-64.53126,-63.156246,NaN
2023-03-29T12:00:00Z,0.0,-64.53126,-63.156246,NaN
2023-03-30T12:00:00Z,0.0,-64.53126,-63.156246,NaN
2023-03-31T12:00:00Z,0.0,-64.53126,-63.156246,NaN
2023-04-01T12:00:00Z,0.0,-64.53126,-63.156246,NaN
2023-04-02T12:00:00Z,0.0,-64.53126,-63.156246,NaN
2023-04-03T12:00:00Z,0.0,-64.53126,-63.156246,NaN
2023-04-04T12:00:00Z,0.0,-64.53126,-63.156246,NaN
2023-04-05T12:00:00Z,0.0,-64.53126,-63.156246,NaN
2023-04-06T12:00:00Z,0.0,-64.53126,-63.156246,NaN
2023-04-07T12:00:00Z,0.0,-64.53126,-63.156246,NaN
2023-04-08T12:00:00Z,0.0,-64.53126,-63.156246,NaN
2023-04-09T12:00:00Z,0.0,-64.53126,-63.156246,NaN
2023-04-10T12:00:00Z,0.0,-64.53126,-63.156246,NaN
2023-04-11T12:00:00Z,0.0,-64.53126,-63.156246,NaN
2023-04-12T12:00:00Z,0.0,-64.53126,-63.156246,NaN
2023-04-13T12:00:00Z,0.0,-64.53126,-63.156246,NaN
2023-04-14T12:00:00Z,0.0,-64.53126,-63.156246,NaN
2023-04-15T12:00:00Z,0.0,-64.53126,-63.156246,NaN
2023-04-16T12:00:00Z,0.0,-64.53126,-63.156246,NaN
2023-04-17T12:00:00Z,0.0,-64.53126,-63.156246,NaN
2023-04-18T12:00:00Z,0.0,-64.53126,-63.156246,NaN
2023-04-19T12:00:00Z,0.0,-64.53126,-63.156246,NaN
2023-04-20T12:00:00Z,0.0,-64.53126,-63.156246,NaN
2023-04-21T12:00:00Z,0.0,-64.53126,-63.156246,NaN
2023-04-22T12:00:00Z,0.0,-64.53126,-63.156246,NaN
2023-04-23T12:00:00Z,0.0,-64.53126,-63.156246,NaN
2023-04-24T12:00:00Z,0.0,-64.53126,-63.156246,NaN
2023-04-25T12:00:00Z,0.0,-64.53126,-63.156246,NaN
2023-04-26T12:00:00Z,0.0,-64.53126,-63.156246,NaN
2023-04-27T12:00:00Z,0.0,-64.53126,-63.156246,NaN
2023-04-28T12:00:00Z,0.0,-64.53126,-63.156246,NaN
2023-04-29T12:00:00Z,0.0,-64.53126,-63.156246,NaN
2023-04-30T12:00:00Z,0.0,-64.53126,-63.156246,NaN
2023-05-01T12:00:00Z,0.0,-64.53126,-63.156246,NaN
2023-05-02T12:00:00Z,0.0,-64.53126,-63.156246,NaN
2023-05-03T12:00:00Z,0.0,-64.53126,-63.156246,NaN
2023-05-04T12:00:00Z,0.0,-64.53126,-63.156246,NaN
2023-05-05T12:00:00Z,0.0,-64.53126,-63.156246,NaN
2023-05-06T12:00:00Z,0.0,-64.53126,-63.156246,NaN
2023-05-07T12:00:00Z,0.0,-64.53126,-63.156246,NaN
2023-05-08T12:00:00Z,0.0,-64.53126,-63.156246,NaN
2023-05-09T12:00:00Z,0.0,-64.53126,-63.156246,NaN
2023-05-10T12:00:00Z,0.0,-64.53126,-63.156246,NaN
2023-05-11T12:00:00Z,0.0,-64.53126,-63.156246,NaN
2023-05-12T12:00:00Z,0.0,-64.53126,-63.156246,NaN
2023-05-13T12:00:00Z,0.0,-64.53126,-63.156246,NaN
2023-05-14T12:00:00Z,0.0,-64.53126,-63.156246,NaN
2023-05-15T12:00:00Z,0.0,-64.53126,-63.156246,NaN
2023-05-16T12:00:00Z,0.0,-64.53126,-63.156246,NaN
2023-05-17T12:00:00Z,0.0,-64.53126,-63.156246,NaN
2023-05-18T12:00:00Z,0.0,-64.53126,-63.156246,NaN
2023-05-19T12:00:00Z,0.0,-64.53126,-63.156246,NaN
2023-05-20T12:00:00Z,0.0,-64.53126,-63.156246,NaN
2023-05-21T12:00:00Z,0.0,-64.53126,-63.156246,NaN
2023-05-22T12:00:00Z,0.0,-64.53126,-63.156246,NaN
2023-05-23T12:00:00Z,0.0,-64.53126,-63.156246,NaN
2023-05-24T12:00:00Z,0.0,-64.53126,-63.156246,NaN
2023-05-25T12:00:00Z,0.0,-64.53126,-63.156246,NaN
2023-05-26T12:00:00Z,0.0,-64.53126,-63.156246,NaN
2023-05-27T12:00:00Z,0.0,-64.53126,-63.156246,NaN
2023-05-28T12:00:00Z,0.0,-64.53126,-63.156246,NaN
2023-05-29T12:00:00Z,0.0,-64.53126,-63.156246,NaN
2023-05-30T12:00:00Z,0.0,-64.53126,-63.156246,NaN
2023-05-31T12:00:00Z,0.0,-64.53126,-63.156246,NaN
2023-06-01T12:00:00Z,0.0,-64.53126,-63.156246,NaN
2023-06-02T12:00:00Z,0.0,-64.53126,-63.156246,NaN
2023-06-03T12:00:00Z,0.0,-64.53126,-63.156246,NaN
2023-06-04T12:00:00Z,0.0,-64.53126,-63.156246,NaN
2023-06-05T12:00:00Z,0.0,-64.53126,-63.156246,NaN
2023-06-06T12:00:00Z,0.0,-64.53126,-63.156246,NaN
2023-06-07T12:00:00Z,0.0,-64.53126,-63.156246,NaN
2023-06-08T12:00:00Z,0.0,-64.53126,-63.156246,NaN
2023-06-09T12:00:00Z,0.0,-64.53126,-63.156246,NaN
2023-06-10T12:00:00Z,0.0,-64.53126,-63.156246,NaN
2023-06-11T12:00:00Z,0.0,-64.53126,-63.156246,NaN
2023-06-12T12:00:00Z,0.0,-64.53126,-63.156246,NaN
2023-06-13T12:00:00Z,0.0,-64.53126,-63.156246,NaN
2023-06-14T12:00:00Z,0.0,-64.53126,-63.156246,NaN
2023-06-15T12:00:00Z,0.0,-64.53126,-63.156246,NaN
2023-06-16T12:00:00Z,0.0,-64.53126,-63.156246,NaN
2023-06-17T12:00:00Z,0.0,-64.53126,-63.156246,NaN
2023-06-18T12:00:00Z,0.0,-64.53126,-63.156246,NaN
2023-06-19T12:00:00Z,0.0,-64.53126,-63.156246,NaN
2023-06-20T12:00:00Z,0.0,-64.53126,-63.156246,NaN
2023-06-21T12:00:00Z,0.0,-64.53126,-63.156246,NaN
2023-06-22T12:00:00Z,0.0,-64.53126,-63.156246,NaN
2023-06-23T12:00:00Z,0.0,-64.53126,-63.156246,NaN
2023-06-24T12:00:00Z,0.0,-64.53126,-63.156246,NaN
2023-06-25T12:00:00Z,0.0,-64.53126,-63.156246,NaN
2023-06-26T12:00:00Z,0.0,-64.53126,-63.156246,NaN
2023-06-27T12:00:00Z,0.0,-64.53126,-63.156246,NaN
2023-06-28T12:00:00Z,0.0,-64.53126,-63.156246,NaN
2023-06-29T12:00:00Z,0.0,-64.53126,-63.156246,NaN
2023-06-30T12:00:00Z,0.0,-64.53126,-63.156246,NaN
2023-07-01T12:00:00Z,0.0,-64.53126,-63.156246,NaN
2023-07-02T12:00:00Z,0.0,-64.53126,-63.156246,NaN
2023-07-03T12:00:00Z,0.0,-64.53126,-63.156246,NaN
2023-07-04T12:00:00Z,0.0,-64.53126,-63.156246,NaN
2023-07-05T12:00:00Z,0.0,-64.53126,-63.156246,NaN
2023-07-06T12:00:00Z,0.0,-64.53126,-63.156246,NaN
2023-07-07T12:00:00Z,0.0,-64.53126,-63.156246,NaN
2023-07-08T12:00:00Z,0.0,-64.53126,-63.156246,NaN
2023-07-09T12:00:00Z,0.0,-64.53126,-63.156246,NaN
2023-07-10T12:00:00Z,0.0,-64.53126,-63.156246,NaN
2023-07-11T12:00:00Z,0.0,-64.53126,-63.156246,NaN
2023-07-12T12:00:00Z,0.0,-64.53126,-63.156246,NaN
2023-07-13T12:00:00Z,0.0,-64.53126,-63.156246,NaN
2023-07-14T12:00:00Z,0.0,-64.53126,-63.156246,NaN
2023-07-15T12:00:00Z,0.0,-64.53126,-63.156246,NaN
2023-07-16T12:00:00Z,0.0,-64.53126,-63.156246,NaN
2023-07-17T12:00:00Z,0.0,-64.53126,-63.156246,NaN
2023-07-18T12:00:00Z,0.0,-64.53126,-63.156246,NaN
2023-07-19T12:00:00Z,0.0,-64.53126,-63.156246,NaN
2023-07-20T12:00:00Z,0.0,-64.53126,-63.156246,NaN
2023-07-21T12:00:00Z,0.0,-64.53126,-63.156246,NaN
2023-07-22T12:00:00Z,0.0,-64.53126,-63.156246,NaN
2023-07-23T12:00:00Z,0.0,-64.53126,-63.156246,NaN
2023-07-24T12:00:00Z,0.0,-64.53126,-63.156246,NaN
2023-07-25T12:00:00Z,0.0,-64.53126,-63.156246,NaN
2023-07-26T12:00:00Z,0.0,-64.53126,-63.156246,NaN
2023-07-27T12:00:00Z,0.0,-64.53126,-63.156246,NaN
2023-07-28T12:00:00Z,0.0,-64.53126,-63.156246,NaN
2023-07-29T12:00:00Z,0.0,-64.53126,-63.156246,NaN
2023-07-30T12:00:00Z,0.0,-64.53126,-63.156246,NaN
2023-07-31T12:00:00Z,0.0,-64.53126,-63.156246,NaN
2023-08-01T12:00:00Z,0.0,-64.53126,-63.156246,NaN
2023-08-02T12:00:00Z,0.0,-64.53126,-63.156246,NaN
2023-08-03T12:00:00Z,0.0,-64.53126,-63.156246,NaN
2023-08-04T12:00:00Z,0.0,-64.53126,-63.156246,NaN
2023-08-05T12:00:00Z,0.0,-64.53126,-63.156246,NaN
2023-08-06T12:00:00Z,0.0,-64.53126,-63.156246,NaN
2023-08-07T12:00:00Z,0.0,-64.53126,-63.156246,NaN
2023-08-08T12:00:00Z,0.0,-64.53126,-63.156246,NaN
2023-08-09T12:00:00Z,0.0,-64.53126,-63.156246,NaN
2023-08-10T12:00:00Z,0.0,-64.53126,-63.156246,NaN
2023-08-11T12:00:00Z,0.0,-64.53126,-63.156246,NaN
2023-08-12T12:00:00Z,0.0,-64.53126,-63.156246,NaN
2023-08-13T12:00:00Z,0.0,-64.53126,-63.156246,NaN
2023-08-14T12:00:00Z,0.0,-64.53126,-63.156246,NaN
2023-08-15T12:00:00Z,0.0,-64.53126,-63.156246,NaN
2023-08-16T12:00:00Z,0.0,-64.53126,-63.156246,NaN
2023-08-17T12:00:00Z,0.0,-64.53126,-63.156246,NaN
2023-08-18T12:00:00Z,0.0,-64.53126,-63.156246,NaN
2023-08-19T12:00:00Z,0.0,-64.53126,-63.156246,NaN
2023-08-20T12:00:00Z,0.0,-64.53126,-63.156246,NaN
2023-08-21T12:00:00Z,0.0,-64.53126,-63.156246,NaN
2023-08-22T12:00:00Z,0.0,-64.53126,-63.156246,NaN
2023-08-23T12:00:00Z,0.0,-64.53126,-63.156246,NaN
2023-08-24T12:00:00Z,0.0,-64.53126,-63.156246,NaN
2023-08-25T12:00:00Z,0.0,-64.53126,-63.156246,NaN
2023-08-26T12:00:00Z,0.0,-64.53126,-63.156246,NaN
2023-08-27T12:00:00Z,0.0,-64.53126,-63.156246,NaN
2023-08-28T12:00:00Z,0.0,-64.53126,-63.156246,NaN
2023-08-29T12:00:00Z,0.0,-64.53126,-63.156246,NaN
2023-08-30T12:00:00Z,0.0,-64.53126,-63.156246,NaN
2023-08-31T12:00:00Z,0.0,-64.53126,-63.156246,NaN
2023-09-01T12:00:00Z,0.0,-64.53126,-63.156246,NaN
2023-09-02T12:00:00Z,0.0,-64.53126,-63.156246,NaN
2023-09-03T12:00:00Z,0.0,-64.53126,-63.156246,NaN
2023-09-04T12:00:00Z,0.0,-64.53126,-63.156246,NaN
2023-09-05T12:00:00Z,0.0,-64.53126,-63.156246,NaN
2023-09-06T12:00:00Z,0.0,-64.53126,-63.156246,NaN
2023-09-07T12:00:00Z,0.0,-64.53126,-63.156246,NaN
2023-09-08T12:00:00Z,0.0,-64.53126,-63.156246,NaN
2023-09-09T12:00:00Z,0.0,-64.53126,-63.156246,NaN
2023-09-10T12:00:00Z,0.0,-64.53126,-63.156246,NaN
2023-09-11T12:00:00Z,0.0,-64.53126,-63.156246,NaN
2023-09-12T12:00:00Z,0.0,-64.53126,-63.156246,NaN
2023-09-13T12:00:00Z,0.0,-64.53126,-63.156246,NaN
2023-09-14T12:00:00Z,0.0,-64.53126,-63.156246,NaN
2023-09-15T12:00:00Z,0.0,-64.53126,-63.156246,NaN
2023-09-16T12:00:00Z,0.0,-64.53126,-63.156246,NaN
2023-09-17T12:00:00Z,0.0,-64.53126,-63.156246,NaN
2023-09-18T12:00:00Z,0.0,-64.53126,-63.156246,NaN
2023-09-19T12:00:00Z,0.0,-64.53126,-63.156246,NaN
2023-09-20T12:00:00Z,0.0,-64.53126,-63.156246,NaN
2023-09-21T12:00:00Z,0.0,-64.53126,-63.156246,NaN
2023-09-22T12:00:00Z,0.0,-64.53126,-63.156246,NaN
2023-09-23T12:00:00Z,0.0,-64.53126,-63.156246,NaN
2023-09-24T12:00:00Z,0.0,-64.53126,-63.156246,NaN
2023-09-25T12:00:00Z,0.0,-64.53126,-63.156246,NaN
2023-09-26T12:00:00Z,0.0,-64.53126,-63.156246,NaN
2023-09-27T12:00:00Z,0.0,-64.53126,-63.156246,NaN
2023-09-28T12:00:00Z,0.0,-64.53126,-63.156246,NaN
2023-09-29T12:00:00Z,0.0,-64.53126,-63.156246,NaN
2023-09-30T12:00:00Z,0.0,-64.53126,-63.156246,NaN
2023-10-01T12:00:00Z,0.0,-64.53126,-63.156246,NaN
2023-10-02T12:00:00Z,0.0,-64.53126,-63.156246,NaN
2023-10-03T12:00:00Z,0.0,-64.53126,-63.156246,NaN
2023-10-04T12:00:00Z,0.0,-64.53126,-63.156246,NaN
2023-10-05T12:00:00Z,0.0,-64.53126,-63.156246,NaN
2023-10-06T12:00:00Z,0.0,-64.53126,-63.156246,NaN
2023-10-07T12:00:00Z,0.0,-64.53126,-63.156246,NaN
2023-10-08T12:00:00Z,0.0,-64.53126,-63.156246,NaN
2023-10-09T12:00:00Z,0.0,-64.53126,-63.156246,NaN
2023-10-10T12:00:00Z,0.0,-64.53126,-63.156246,NaN
2023-10-11T12:00:00Z,0.0,-64.53126,-63.156246,NaN
2023-10-12T12:00:00Z,0.0,-64.53126,-63.156246,NaN
2023-10-13T12:00:00Z,0.0,-64.53126,-63.156246,NaN
2023-10-14T12:00:00Z,0.0,-64.53126,-63.156246,NaN
2023-10-15T12:00:00Z,0.0,-64.53126,-63.156246,NaN
2023-10-16T12:00:00Z,0.0,-64.53126,-63.156246,NaN
2023-10-17T12:00:00Z,0.0,-64.53126,-63.156246,NaN
2023-10-18T12:00:00Z,0.0,-64.53126,-63.156246,NaN
2023-10-19T12:00:00Z,0.0,-64.53126,-63.156246,NaN
2023-10-20T12:00:00Z,0.0,-64.53126,-63.156246,0.15523003
2023-10-21T12:00:00Z,0.0,-64.53126,-63.156246,0.15517873
2023-10-22T12:00:00Z,0.0,-64.53126,-63.156246,0.15505329
2023-10-23T12:00:00Z,0.0,-64.53126,-63.156246,0.10679449
2023-10-24T12:00:00Z,0.0,-64.53126,-63.156246,0.10593549
2023-10-25T12:00:00Z,0.0,-64.53126,-63.156246,0.15562937
2023-10-26T12:00:00Z,0.0,-64.53126,-63.156246,0.15620965
2023-10-27T12:00:00Z,0.0,-64.53126,-63.156246,0.131473
2023-10-28T12:00:00Z,0.0,-64.53126,-63.156246,0.115107834
2023-10-29T12:00:00Z,0.0,-64.53126,-63.156246,0.0696766
2023-10-30T12:00:00Z,0.0,-64.53126,-63.156246,0.07181442
2023-10-31T12:00:00Z,0.0,-64.53126,-63.156246,0.036976516
2023-11-01T12:00:00Z,0.0,-64.53126,-63.156246,0.06393749
2023-11-02T12:00:00Z,0.0,-64.53126,-63.156246,0.04675205
2023-11-03T12:00:00Z,0.0,-64.53126,-63.156246,0.076972514
2023-11-04T12:00:00Z,0.0,-64.53126,-63.156246,0.040909413
2023-11-05T12:00:00Z,0.0,-64.53126,-63.156246,0.03361853
2023-11-06T12:00:00Z,0.0,-64.53126,-63.156246,0.06453305
2023-11-07T12:00:00Z,0.0,-64.53126,-63.156246,0.062276755
2023-11-08T12:00:00Z,0.0,-64.53126,-63.156246,0.04690771
2023-11-09T12:00:00Z,0.0,-64.53126,-63.156246,0.07038132
2023-11-10T12:00:00Z,0.0,-64.53126,-63.156246,0.062182173
2023-11-11T12:00:00Z,0.0,-64.53126,-63.156246,0.119223036
2023-11-12T12:00:00Z,0.0,-64.53126,-63.156246,0.09018632
2023-11-13T12:00:00Z,0.0,-64.53126,-63.156246,0.06025608
2023-11-14T12:00:00Z,0.0,-64.53126,-63.156246,0.055825163
2023-11-15T12:00:00Z,0.0,-64.53126,-63.156246,0.054633904
2023-11-16T12:00:00Z,0.0,-64.53126,-63.156246,0.052297484
2023-11-17T12:00:00Z,0.0,-64.53126,-63.156246,0.054698866
2023-11-18T12:00:00Z,0.0,-64.53126,-63.156246,0.044010784
2023-11-19T12:00:00Z,0.0,-64.53126,-63.156246,0.053780727
2023-11-20T12:00:00Z,0.0,-64.53126,-63.156246,0.078410305
2023-11-21T12:00:00Z,0.0,-64.53126,-63.156246,0.09644513
2023-11-22T12:00:00Z,0.0,-64.53126,-63.156246,0.10011339
2023-11-23T12:00:00Z,0.0,-64.53126,-63.156246,0.10820398
2023-11-24T12:00:00Z,0.0,-64.53126,-63.156246,0.12263797
2023-11-25T12:00:00Z,0.0,-64.53126,-63.156246,0.107728444
2023-11-26T12:00:00Z,0.0,-64.53126,-63.156246,0.13622735
2023-11-27T12:00:00Z,0.0,-64.53126,-63.156246,0.18916744
2023-11-28T12:00:00Z,0.0,-64.53126,-63.156246,0.1587995
2023-11-29T12:00:00Z,0.0,-64.53126,-63.156246,0.1810489
2023-11-30T12:00:00Z,0.0,-64.53126,-63.156246,0.2124357
2023-12-02T12:00:00Z,0.0,-64.53126,-63.156246,0.28076708
2023-12-03T12:00:00Z,0.0,-64.53126,-63.156246,0.28243482
2023-12-04T12:00:00Z,0.0,-64.53126,-63.156246,0.2208395
2023-12-05T12:00:00Z,0.0,-64.53126,-63.156246,0.38417804
2023-12-06T12:00:00Z,0.0,-64.53126,-63.156246,0.40123537
2023-12-07T12:00:00Z,0.0,-64.53126,-63.156246,0.40212125
2023-12-08T12:00:00Z,0.0,-64.53126,-63.156246,0.28092948
2023-12-09T12:00:00Z,0.0,-64.53126,-63.156246,0.3136646
2023-12-10T12:00:00Z,0.0,-64.53126,-63.156246,0.58073986
2023-12-11T12:00:00Z,0.0,-64.53126,-63.156246,0.7169003
2023-12-12T12:00:00Z,0.0,-64.53126,-63.156246,0.80165833
2023-12-13T12:00:00Z,0.0,-64.53126,-63.156246,0.87195396
2023-12-14T12:00:00Z,0.0,-64.53126,-63.156246,0.7380621
2023-12-15T12:00:00Z,0.0,-64.53126,-63.156246,0.6916376
2023-12-16T12:00:00Z,0.0,-64.53126,-63.156246,0.7350516
2023-12-17T12:00:00Z,0.0,-64.53126,-63.156246,1.0494021
2023-12-18T12:00:00Z,0.0,-64.53126,-63.156246,0.87040794
2023-12-19T12:00:00Z,0.0,-64.53126,-63.156246,0.94969064
2023-12-20T12:00:00Z,0.0,-64.53126,-63.156246,0.44244617
2023-12-21T12:00:00Z,0.0,-64.53126,-63.156246,0.4099294
2023-12-22T12:00:00Z,0.0,-64.53126,-63.156246,0.40721
2023-12-23T12:00:00Z,0.0,-64.53126,-63.156246,0.42180088
2023-12-25T12:00:00Z,0.0,-64.53126,-63.156246,0.2884244
2023-12-26T12:00:00Z,0.0,-64.53126,-63.156246,0.25800207
2023-12-27T12:00:00Z,0.0,-64.53126,-63.156246,0.2138477
2023-12-28T12:00:00Z,0.0,-64.53126,-63.156246,0.21425787
2023-12-29T12:00:00Z,0.0,-64.53126,-63.156246,0.20879652
2023-12-30T12:00:00Z,0.0,-64.53126,-63.156246,0.21866891
2023-12-31T12:00:00Z,0.0,-64.53126,-63.156246,0.21698157
