time,altitude,latitude,longitude,chlor_a
UTC,m,degrees_north,degrees_east,mg m^-3
2018-01-01T12:00:00Z,0.0,-64.84376,-63.489582,0.39697966
2018-01-02T12:00:00Z,0.0,-64.84376,-63.489582,0.46235132
2018-01-03T12:00:00Z,0.0,-64.84376,-63.489582,0.40035954
2018-01-04T12:00:00Z,0.0,-64.84376,-63.489582,0.437015
2018-01-05T12:00:00Z,0.0,-64.84376,-63.489582,0.8309408
2018-01-06T12:00:00Z,0.0,-64.84376,-63.489582,0.68464226
2018-01-07T12:00:00Z,0.0,-64.84376,-63.489582,0.68094194
2018-01-08T12:00:00Z,0.0,-64.84376,-63.489582,1.2089854
2018-01-09T12:00:00Z,0.0,-64.84376,-63.489582,1.2218367
2018-01-10T12:00:00Z,0.0,-64.84376,-63.489582,1.3780077
2018-01-11T12:00:00Z,0.0,-64.84376,-63.489582,1.1646994
2018-01-12T12:00:00Z,0.0,-64.84376,-63.489582,1.3878993
2018-01-13T12:00:00Z,0.0,-64.84376,-63.489582,1.1314607
2018-01-14T12:00:00Z,0.0,-64.84376,-63.489582,0.9906134
2018-01-15T12:00:00Z,0.0,-64.84376,-63.489582,0.9937893
2018-01-16T12:00:00Z,0.0,-64.84376,-63.489582,1.0413898
2018-01-17T12:00:00Z,0.0,-64.84376,-63.489582,0.8881766
2018-01-18T12:00:00Z,0.0,-64.84376,-63.489582,0.7707284
2018-01-19T12:00:00Z,0.0,-64.84376,-63.489582,0.70345205
2018-01-20T12:00:00Z,0.0,-64.84376,-63.489582,0.69316286
2018-01-21T12:00:00Z,0.0,-64.84376,-63.489582,0.72282004
2018-01-22T12:00:00Z,0.0,-64.84376,-63.489582,0.5960189
2018-01-23T12:00:00Z,0.0,-64.84376,-63.489582,0.4648474
2018-01-24T12:00:00Z,0.0,-64.84376,-63.489582,0.45104995
2018-01-25T12:00:00Z,0.0,-64.84376,-63.489582,0.42669624
2018-01-26T12:00:00Z,0.0,-64.84376,-63.489582,0.42945448
2018-01-27T12:00:00Z,0.0,-64.84376,-63.489582,0.46724662
2018-01-28T12:00:00Z,0.0,-64.84376,-63.489582,0.32731378
2018-01-29T12:00:00Z,0.0,-64.84376,-63.489582,0.3812784
2018-01-30T12:00:00Z,0.0,-64.84376,-63.489582,0.41822416
2018-01-31T12:00:00Z,0.0,-64.84376,-63.489582,0.51171875
2018-02-01T12:00:00Z,0.0,-64.84376,-63.489582,0.5151793
2018-02-02T12:00:00Z,0.0,-64.84376,-63.489582,0.48936623
2018-02-03T12:00:00Z,0.0,-64.84376,-63.489582,0.42038235
2018-02-04T12:00:00Z,0.0,-64.84376,-63.489582,0.47552088
2018-02-05T12:00:00Z,0.0,-64.84376,-63.489582,0.41360062
2018-02-06T12:00:00Z,0.0,-64.84376,-63.489582,0.3446283
2018-02-07T12:00:00Z,0.0,-64.84376,-63.489582,0.4887237
2018-02-08T12:00:00Z,0.0,-64.84376,-63.489582,0.49658632
2018-02-09T12:00:00Z,0.0,-64.84376,-63.489582,0.5458632
2018-02-10T12:00:00Z,0.0,-64.84376,-63.489582,0.5181134
2018-02-11T12:00:00Z,0.0,-64.84376,-63.489582,0.47126392
2018-02-12T12:00:00Z,0.0,-64.84376,-63.489582,0.45799226
2018-02-13T12:00:00Z,0.0,-64.84376,-63.489582,0.4990905
2018-02-14T12:00:00Z,0.0,-64.84376,-63.489582,0.5049049
2018-02-15T12:00:00Z,0.0,-64.84376,-63.489582,0.74600214
2018-02-16T12:00:00Z,0.0,-64.84376,-63.489582,0.71582973
2018-02-17T12:00:00Z,0.0,-64.84376,-63.489582,0.7150862
2018-02-18T12:00:00Z,0.0,-64.84376,-63.489582,0.70658016
2018-02-19T12:00:00Z,0.0,-64.84376,-63.489582,0.756041
2018-02-20T12:00:00Z,0.0,-64.84376,-63.489582,0.89315456
2018-02-21T12:00:00Z,0.0,-64.84376,-63.489582,0.84743166
2018-02-22T12:00:00Z,0.0,-64.84376,-63.489582,0.7067155
2018-02-23T12:00:00Z,0.0,-64.84376,-63.489582,0.7264548
2018-02-24T12:00:00Z,0.0,-64.84376,-63.489582,0.70587534
2018-02-25T12:00:00Z,0.0,-64.84376,-63.489582,0.870983
2018-02-26T12:00:00Z,0.0,-64.84376,-63.489582,0.95273817
2018-02-27T12:00:00Z,0.0,-64.84376,-63.489582,0.8060662
2018-02-28T12:00:00Z,0.0,-64.84376,-63.489582,0.7345412
2018-03-01T12:00:00Z,0.0,-64.84376,-63.489582,0.770241
2018-03-02T12:00:00Z,0.0,-64.84376,-63.489582,0.9577677
2018-03-03T12:00:00Z,0.0,-64.84376,-63.489582,0.9565208
2018-03-04T12:00:00Z,0.0,-64.84376,-63.489582,0.72253805
2018-03-05T12:00:00Z,0.0,-64.84376,-63.489582,0.9541154
2018-03-06T12:00:00Z,0.0,-64.84376,-63.489582,0.78571755
2018-03-07T12:00:00Z,0.0,-64.84376,-63.489582,0.8111015
2018-03-08T12:00:00Z,0.0,-64.84376,-63.489582,0.7903209
2018-03-09T12:00:00Z,0.0,-64.84376,-63.489582,0.7186591
2018-03-10T12:00:00Z,0.0,-64.84376,-63.489582,0.710113
2018-03-11T12:00:00Z,0.0,-64.84376,-63.489582,0.5204504
2018-03-12T12:00:00Z,0.0,-64.84376,-63.489582,0.43321586
2018-03-13T12:00:00Z,0.0,-64.84376,-63.489582,0.44150603
2018-03-14T12:00:00Z,0.0,-64.84376,-63.489582,NaN
2018-03-15T12:00:00Z,0.0,-64.84376,-63.489582,NaN
2018-03-16T12:00:00Z,0.0,-64.84376,-63.489582,NaN
2018-03-17T12:00:00Z,0.0,-64.84376,-63.489582,NaN
2018-03-18T12:00:00Z,0.0,-64.84376,-63.489582,NaN
2018-03-19T12:00:00Z,0.0,-64.84376,-63.489582,NaN
2018-03-20T12:00:00Z,0.0,-64.84376,-63.489582,NaN
2018-03-21T12:00:00Z,0.0,-64.84376,-63.489582,NaN
2018-03-22T12:00:00Z,0.0,-64.84376,-63.489582,NaN
2018-03-23T12:00:00Z,0.0,-64.84376,-63.489582,NaN
2018-03-24T12:00:00Z,0.0,-64.84376,-63.489582,NaN
2018-03-25T12:00:00Z,0.0,-64.84376,-63.489582,NaN
2018-03-26T12:00:00Z,0.0,-64.84376,-63.489582,NaN
2018-03-27T12:00:00Z,0.0,-64.84376,-63.489582,NaN
2018-03-28T12:00:00Z,0.0,-64.84376,-63.489582,NaN
2018-03-29T12:00:00Z,0.0,-64.84376,-63.489582,NaN
2018-03-30T12:00:00Z,0.0,-64.84376,-63.489582,NaN
2018-03-31T12:00:00Z,0.0,-64.84376,-63.489582,NaN
2018-04-01T12:00:00Z,0.0,-64.84376,-63.489582,NaN
2018-04-02T12:00:00Z,0.0,-64.84376,-63.489582,NaN
2018-04-03T12:00:00Z,0.0,-64.84376,-63.489582,NaN
2018-04-04T12:00:00Z,0.0,-64.84376,-63.489582,NaN
2018-04-05T12:00:00Z,0.0,-64.84376,-63.489582,NaN
2018-04-06T12:00:00Z,0.0,-64.84376,-63.489582,NaN
2018-04-07T12:00:00Z,0.0,-64.84376,-63.489582,NaN
2018-04-08T12:00:00Z,0.0,-64.84376,-63.489582,NaN
2018-04-09T12:00:00Z,0.0,-64.84376,-63.489582,NaN
2018-04-10T12:00:00Z,0.0,-64.84376,-63.489582,NaN
2018-04-11T12:00:00Z,0.0,-64.84376,-63.489582,NaN
2018-04-12T12:00:00Z,0.0,-64.84376,-63.489582,NaN
2018-04-13T12:00:00Z,0.0,-64.84376,-63.489582,NaN
2018-04-14T12:00:00Z,0.0,-64.84376,-63.489582,NaN
2018-04-15T12:00:00Z,0.0,-64.84376,-63.489582,NaN
2018-04-16T12:00:00Z,0.0,-64.84376,-63.489582,NaN
2018-04-17T12:00:00Z,0.0,-64.84376,-63.489582,NaN
2018-04-18T12:00:00Z,0.0,-64.84376,-63.489582,NaN
2018-04-19T12:00:00Z,0.0,-64.84376,-63.489582,NaN
2018-04-20T12:00:00Z,0.0,-64.84376,-63.489582,NaN
2018-04-21T12:00:00Z,0.0,-64.84376,-63.489582,NaN
2018-04-22T12:00:00Z,0.0,-64.84376,-63.489582,NaN
2018-04-23T12:00:00Z,0.0,-64.84376,-63.489582,NaN
2018-04-24T12:00:00Z,0.0,-64.84376,-63.489582,NaN
2018-04-25T12:00:00Z,0.0,-64.84376,-63.489582,NaN
2018-04-26T12:00:00Z,0.0,-64.84376,-63.489582,NaN
2018-04-27T12:00:00Z,0.0,-64.84376,-63.489582,NaN
2018-04-28T12:00:00Z,0.0,-64.84376,-63.489582,NaN
2018-04-29T12:00:00Z,0.0,-64.84376,-63.489582,NaN
2018-04-30T12:00:00Z,0.0,-64.84376,-63.489582,NaN
2018-05-01T12:00:00Z,0.0,-64.84376,-63.489582,NaN
2018-05-02T12:00:00Z,0.0,-64.84376,-63.489582,NaN
2018-05-03T12:00:00Z,0.0,-64.84376,-63.489582,NaN
2018-05-04T12:00:00Z,0.0,-64.84376,-63.489582,NaN
2018-05-05T12:00:00Z,0.0,-64.84376,-63.489582,NaN
2018-05-06T12:00:00Z,0.0,-64.84376,-63.489582,NaN
2018-05-07T12:00:00Z,0.0,-64.84376,-63.489582,NaN
2018-05-08T12:00:00Z,0.0,-64.84376,-63.489582,NaN
2018-05-09T12:00:00Z,0.0,-64.84376,-63.489582,NaN
2018-05-10T12:00:00Z,0.0,-64.84376,-63.489582,NaN
2018-05-11T12:00:00Z,0.0,-64.84376,-63.489582,NaN
2018-05-12T12:00:00Z,0.0,-64.84376,-63.489582,NaN
2018-05-13T12:00:00Z,0.0,-64.84376,-63.489582,NaN
2018-05-14T12:00:00Z,0.0,-64.84376,-63.489582,NaN
2018-05-15T12:00:00Z,0.0,-64.84376,-63.489582,NaN
2018-05-16T12:00:00Z,0.0,-64.84376,-63.489582,NaN
2018-05-17T12:00:00Z,0.0,-64.84376,-63.489582,NaN
2018-05-18T12:00:00Z,0.0,-64.84376,-63.489582,NaN
2018-05-19T12:00:00Z,0.0,-64.84376,-63.489582,NaN
2018-05-20T12:00:00Z,0.0,-64.84376,-63.489582,NaN
2018-05-21T12:00:00Z,0.0,-64.84376,-63.489582,NaN
2018-05-22T12:00:00Z,0.0,-64.84376,-63.489582,NaN
2018-05-23T12:00:00Z,0.0,-64.84376,-63.489582,NaN
2018-05-24T12:00:00Z,0.0,-64.84376,-63.489582,NaN
2018-05-25T12:00:00Z,0.0,-64.84376,-63.489582,NaN
2018-05-26T12:00:00Z,0.0,-64.84376,-63.489582,NaN
2018-05-27T12:00:00Z,0.0,-64.84376,-63.489582,NaN
2018-05-28T12:00:00Z,0.0,-64.84376,-63.489582,NaN
2018-05-29T12:00:00Z,0.0,-64.84376,-63.489582,NaN
2018-05-30T12:00:00Z,0.0,-64.84376,-63.489582,NaN
2018-05-31T12:00:00Z,0.0,-64.84376,-63.489582,NaN
2018-06-01T12:00:00Z,0.0,-64.84376,-63.489582,NaN
2018-06-02T12:00:00Z,0.0,-64.84376,-63.489582,NaN
2018-06-03T12:00:00Z,0.0,-64.84376,-63.489582,NaN
2018-06-04T12:00:00Z,0.0,-64.84376,-63.489582,NaN
2018-06-05T12:00:00Z,0.0,-64.84376,-63.489582,NaN
2018-06-06T12:00:00Z,0.0,-64.84376,-63.489582,NaN
2018-06-07T12:00:00Z,0.0,-64.84376,-63.489582,NaN
2018-06-08T12:00:00Z,0.0,-64.84376,-63.489582,NaN
2018-06-09T12:00:00Z,0.0,-64.84376,-63.489582,NaN
2018-06-10T12:00:00Z,0.0,-64.84376,-63.489582,NaN
2018-06-11T12:00:00Z,0.0,-64.84376,-63.489582,NaN
2018-06-12T12:00:00Z,0.0,-64.84376,-63.489582,NaN
2018-06-13T12:00:00Z,0.0,-64.84376,-63.489582,NaN
2018-06-14T12:00:00Z,0.0,-64.84376,-63.489582,NaN
2018-06-15T12:00:00Z,0.0,-64.84376,-63.489582,NaN
2018-06-16T12:00:00Z,0.0,-64.84376,-63.489582,NaN
2018-06-17T12:00:00Z,0.0,-64.84376,-63.489582,NaN
2018-06-18T12:00:00Z,0.0,-64.84376,-63.489582,NaN
2018-06-19T12:00:00Z,0.0,-64.84376,-63.489582,NaN
2018-06-20T12:00:00Z,0.0,-64.84376,-63.489582,NaN
2018-06-21T12:00:00Z,0.0,-64.84376,-63.489582,NaN
2018-06-22T12:00:00Z,0.0,-64.84376,-63.489582,NaN
2018-06-23T12:00:00Z,0.0,-64.84376,-63.489582,NaN
2018-06-24T12:00:00Z,0.0,-64.84376,-63.489582,NaN
2018-06-25T12:00:00Z,0.0,-64.84376,-63.489582,NaN
2018-06-26T12:00:00Z,0.0,-64.84376,-63.489582,NaN
2018-06-27T12:00:00Z,0.0,-64.84376,-63.489582,NaN
2018-06-28T12:00:00Z,0.0,-64.84376,-63.489582,NaN
2018-06-29T12:00:00Z,0.0,-64.84376,-63.489582,NaN
2018-06-30T12:00:00Z,0.0,-64.84376,-63.489582,NaN
2018-07-01T12:00:00Z,0.0,-64.84376,-63.489582,NaN
2018-07-02T12:00:00Z,0.0,-64.84376,-63.489582,NaN
2018-07-03T12:00:00Z,0.0,-64.84376,-63.489582,NaN
2018-07-04T12:00:00Z,0.0,-64.84376,-63.489582,NaN
2018-07-05T12:00:00Z,0.0,-64.84376,-63.489582,NaN
2018-07-06T12:00:00Z,0.0,-64.84376,-63.489582,NaN
2018-07-07T12:00:00Z,0.0,-64.84376,-63.489582,NaN
2018-07-08T12:00:00Z,0.0,-64.84376,-63.489582,NaN
2018-07-09T12:00:00Z,0.0,-64.84376,-63.489582,NaN
2018-07-10T12:00:00Z,0.0,-64.84376,-63.489582,NaN
2018-07-11T12:00:00Z,0.0,-64.84376,-63.489582,NaN
2018-07-12T12:00:00Z,0.0,-64.84376,-63.489582,NaN
2018-07-13T12:00:00Z,0.0,-64.84376,-63.489582,NaN
2018-07-14T12:00:00Z,0.0,-64.84376,-63.489582,NaN
2018-07-15T12:00:00Z,0.0,-64.84376,-63.489582,NaN
2018-07-16T12:00:00Z,0.0,-64.84376,-63.489582,NaN
2018-07-17T12:00:00Z,0.0,-64.84376,-63.489582,NaN
2018-07-18T12:00:00Z,0.0,-64.84376,-63.489582,NaN
2018-07-19T12:00:00Z,0.0,-64.84376,-63.489582,NaN
2018-07-20T12:00:00Z,0.0,-64.84376,-63.489582,NaN
2018-07-21T12:00:00Z,0.0,-64.84376,-63.489582,NaN
2018-07-22T12:00:00Z,0.0,-64.84376,-63.489582,NaN
2018-07-23T12:00:00Z,0.0,-64.84376,-63.489582,NaN
2018-07-24T12:00:00Z,0.0,-64.84376,-63.489582,NaN
2018-07-25T12:00:00Z,0.0,-64.84376,-63.489582,NaN
2018-07-26T12:00:00Z,0.0,-64.84376,-63.489582,NaN
2018-07-27T12:00:00Z,0.0,-64.84376,-63.489582,NaN
2018-07-28T12:00:00Z,0.0,-64.84376,-63.489582,NaN
2018-07-29T12:00:00Z,0.0,-64.84376,-63.489582,NaN
2018-07-30T12:00:00Z,0.0,-64.84376,-63.489582,NaN
2018-07-31T12:00:00Z,0.0,-64.84376,-63.489582,NaN
2018-08-01T12:00:00Z,0.0,-64.84376,-63.489582,NaN
2018-08-02T12:00:00Z,0.0,-64.84376,-63.489582,NaN
2018-08-03T12:00:00Z,0.0,-64.84376,-63.489582,NaN
2018-08-04T12:00:00Z,0.0,-64.84376,-63.489582,NaN
2018-08-05T12:00:00Z,0.0,-64.84376,-63.489582,NaN
2018-08-06T12:00:00Z,0.0,-64.84376,-63.489582,NaN
2018-08-07T12:00:00Z,0.0,-64.84376,-63.489582,NaN
2018-08-08T12:00:00Z,0.0,-64.84376,-63.489582,NaN
2018-08-09T12:00:00Z,0.0,-64.84376,-63.489582,NaN
2018-08-10T12:00:00Z,0.0,-64.84376,-63.489582,NaN
2018-08-11T12:00:00Z,0.0,-64.84376,-63.489582,NaN
2018-08-12T12:00:00Z,0.0,-64.84376,-63.489582,NaN
2018-08-13T12:00:00Z,0.0,-64.84376,-63.489582,NaN
2018-08-14T12:00:00Z,0.0,-64.84376,-63.489582,NaN
2018-08-15T12:00:00Z,0.0,-64.84376,-63.489582,NaN
2018-08-16T12:00:00Z,0.0,-64.84376,-63.489582,NaN
2018-08-17T12:00:00Z,0.0,-64.84376,-63.489582,NaN
2018-08-18T12:00:00Z,0.0,-64.84376,-63.489582,NaN
2018-08-19T12:00:00Z,0.0,-64.84376,-63.489582,NaN
2018-08-20T12:00:00Z,0.0,-64.84376,-63.489582,NaN
2018-08-21T12:00:00Z,0.0,-64.84376,-63.489582,NaN
2018-08-22T12:00:00Z,0.0,-64.84376,-63.489582,NaN
2018-08-23T12:00:00Z,0.0,-64.84376,-63.489582,NaN
2018-08-24T12:00:00Z,0.0,-64.84376,-63.489582,NaN
2018-08-25T12:00:00Z,0.0,-64.84376,-63.489582,NaN
2018-08-26T12:00:00Z,0.0,-64.84376,-63.489582,NaN
2018-08-27T12:00:00Z,0.0,-64.84376,-63.489582,NaN
2018-08-28T12:00:00Z,0.0,-64.84376,-63.489582,NaN
2018-08-29T12:00:00Z,0.0,-64.84376,-63.489582,NaN
2018-08-30T12:00:00Z,0.0,-64.84376,-63.489582,NaN
2018-08-31T12:00:00Z,0.0,-64.84376,-63.489582,NaN
2018-09-01T12:00:00Z,0.0,-64.84376,-63.489582,NaN
2018-09-02T12:00:00Z,0.0,-64.84376,-63.489582,NaN
2018-09-03T12:00:00Z,0.0,-64.84376,-63.489582,NaN
2018-09-04T12:00:00Z,0.0,-64.84376,-63.489582,NaN
2018-09-05T12:00:00Z,0.0,-64.84376,-63.489582,NaN
2018-09-06T12:00:00Z,0.0,-64.84376,-63.489582,NaN
2018-09-07T12:00:00Z,0.0,-64.84376,-63.489582,NaN
2018-09-08T12:00:00Z,0.0,-64.84376,-63.489582,NaN
2018-09-09T12:00:00Z,0.0,-64.84376,-63.489582,NaN
2018-09-10T12:00:00Z,0.0,-64.84376,-63.489582,NaN
2018-09-11T12:00:00Z,0.0,-64.84376,-63.489582,NaN
2018-09-12T12:00:00Z,0.0,-64.84376,-63.489582,NaN
2018-09-13T12:00:00Z,0.0,-64.84376,-63.489582,NaN
2018-09-14T12:00:00Z,0.0,-64.84376,-63.489582,NaN
2018-09-15T12:00:00Z,0.0,-64.84376,-63.489582,NaN
2018-09-16T12:00:00Z,0.0,-64.84376,-63.489582,NaN
2018-09-17T12:00:00Z,0.0,-64.84376,-63.489582,NaN
2018-09-18T12:00:00Z,0.0,-64.84376,-63.489582,NaN
2018-09-19T12:00:00Z,0.0,-64.84376,-63.489582,NaN
2018-09-20T12:00:00Z,0.0,-64.84376,-63.489582,NaN
2018-09-21T12:00:00Z,0.0,-64.84376,-63.489582,NaN
2018-09-22T12:00:00Z,0.0,-64.84376,-63.489582,NaN
2018-09-23T12:00:00Z,0.0,-64.84376,-63.489582,NaN
2018-09-24T12:00:00Z,0.0,-64.84376,-63.489582,NaN
2018-09-25T12:00:00Z,0.0,-64.84376,-63.489582,NaN
2018-09-26T12:00:00Z,0.0,-64.84376,-63.489582,NaN
2018-09-27T12:00:00Z,0.0,-64.84376,-63.489582,NaN
2018-09-28T12:00:00Z,0.0,-64.84376,-63.489582,NaN
2018-09-29T12:00:00Z,0.0,-64.84376,-63.489582,NaN
2018-09-30T12:00:00Z,0.0,-64.84376,-63.489582,NaN
2018-10-01T12:00:00Z,0.0,-64.84376,-63.489582,NaN
2018-10-02T12:00:00Z,0.0,-64.84376,-63.489582,NaN
2018-10-03T12:00:00Z,0.0,-64.84376,-63.489582,NaN
2018-10-04T12:00:00Z,0.0,-64.84376,-63.489582,NaN
2018-10-05T12:00:00Z,0.0,-64.84376,-63.489582,NaN
2018-10-06T12:00:00Z,0.0,-64.84376,-63.489582,NaN
2018-10-07T12:00:00Z,0.0,-64.84376,-63.489582,NaN
2018-10-08T12:00:00Z,0.0,-64.84376,-63.489582,NaN
2018-10-09T12:00:00Z,0.0,-64.84376,-63.489582,NaN
2018-10-10T12:00:00Z,0.0,-64.84376,-63.489582,NaN
2018-10-11T12:00:00Z,0.0,-64.84376,-63.489582,NaN
2018-10-12T12:00:00Z,0.0,-64.84376,-63.489582,NaN
2018-10-13T12:00:00Z,0.0,-64.84376,-63.489582,NaN
2018-10-14T12:00:00Z,0.0,-64.84376,-63.489582,NaN
2018-10-15T12:00:00Z,0.0,-64.84376,-63.489582,NaN
2018-10-16T12:00:00Z,0.0,-64.84376,-63.489582,NaN
2018-10-17T12:00:00Z,0.0,-64.84376,-63.489582,NaN
2018-10-18T12:00:00Z,0.0,-64.84376,-63.489582,NaN
2018-10-19T12:00:00Z,0.0,-64.84376,-63.489582,NaN
2018-10-20T12:00:00Z,0.0,-64.84376,-63.489582,NaN
2018-10-21T12:00:00Z,0.0,-64.84376,-63.489582,0.3605409
2018-10-22T12:00:00Z,0.0,-64.84376,-63.489582,0.34507883
2018-10-23T12:00:00Z,0.0,-64.84376,-63.489582,0.2909374
2018-10-24T12:00:00Z,0.0,-64.84376,-63.489582,0.25890937
2018-10-25T12:00:00Z,0.0,-64.84376,-63.489582,0.31737053
2018-10-26T12:00:00Z,0.0,-64.84376,-63.489582,0.27629584
2018-10-27T12:00:00Z,0.0,-64.84376,-63.489582,0.31349728
2018-10-28T12:00:00Z,0.0,-64.84376,-63.489582,0.22402985
2018-10-29T12:00:00Z,0.0,-64.84376,-63.489582,0.31412274
2018-10-30T12:00:00Z,0.0,-64.84376,-63.489582,0.26019624
2018-10-31T12:00:00Z,0.0,-64.84376,-63.489582,0.33908582
2018-11-01T12:00:00Z,0.0,-64.84376,-63.489582,0.37765136
2018-11-02T12:00:00Z,0.0,-64.84376,-63.489582,0.31239814
2018-11-03T12:00:00Z,0.0,-64.84376,-63.489582,0.3310986
2018-11-04T12:00:00Z,0.0,-64.84376,-63.489582,0.3051364
2018-11-05T12:00:00Z,0.0,-64.84376,-63.489582,0.33437213
2018-11-06T12:00:00Z,0.0,-64.84376,-63.489582,0.3429763
2018-11-07T12:00:00Z,0.0,-64.84376,-63.489582,0.28255817
2018-11-08T12:00:00Z,0.0,-64.84376,-63.489582,0.30101025
2018-11-09T12:00:00Z,0.0,-64.84376,-63.489582,0.32642633
2018-11-10T12:00:00Z,0.0,-64.84376,-63.489582,0.31901115
2018-11-11T12:00:00Z,0.0,-64.84376,-63.489582,0.3350292
2018-11-12T12:00:00Z,0.0,-64.84376,-63.489582,0.304472
2018-11-13T12:00:00Z,0.0,-64.84376,-63.489582,0.21335422
2018-11-14T12:00:00Z,0.0,-64.84376,-63.489582,0.21158592
2018-11-15T12:00:00Z,0.0,-64.84376,-63.489582,0.21546893
2018-11-16T12:00:00Z,0.0,-64.84376,-63.489582,0.40935653
2018-11-17T12:00:00Z,0.0,-64.84376,-63.489582,0.40410823
2018-11-18T12:00:00Z,0.0,-64.84376,-63.489582,0.40595198
2018-11-19T12:00:00Z,0.0,-64.84376,-63.489582,0.47562027
2018-11-20T12:00:00Z,0.0,-64.84376,-63.489582,0.48246607
2018-11-21T12:00:00Z,0.0,-64.84376,-63.489582,0.41261688
2018-11-22T12:00:00Z,0.0,-64.84376,-63.489582,0.43809184
2018-11-23T12:00:00Z,0.0,-64.84376,-63.489582,0.52887493
2018-11-24T12:00:00Z,0.0,-64.84376,-63.489582,0.58614755
2018-11-25T12:00:00Z,0.0,-64.84376,-63.489582,0.61746943
2018-11-26T12:00:00Z,0.0,-64.84376,-63.489582,0.6236282
2018-11-27T12:00:00Z,0.0,-64.84376,-63.489582,0.82209384
2018-11-28T12:00:00Z,0.0,-64.84376,-63.489582,0.56466234
2018-11-29T12:00:00Z,0.0,-64.84376,-63.489582,0.68934536
2018-11-30T12:00:00Z,0.0,-64.84376,-63.489582,0.5623788
2018-12-01T12:00:00Z,0.0,-64.84376,-63.489582,0.5940786
2018-12-02T12:00:00Z,0.0,-64.84376,-63.489582,0.754574
2018-12-03T12:00:00Z,0.0,-64.84376,-63.489582,0.80053174
2018-12-04T12:00:00Z,0.0,-64.84376,-63.489582,0.82371986
2018-12-05T12:00:00Z,0.0,-64.84376,-63.489582,0.42416492
2018-12-06T12:00:00Z,0.0,-64.84376,-63.489582,0.41053104
2018-12-07T12:00:00Z,0.0,-64.84376,-63.489582,0.36617625
2018-12-08T12:00:00Z,0.0,-64.84376,-63.489582,0.33134124
2018-12-09T12:00:00Z,0.0,-64.84376,-63.489582,0.32611912
2018-12-10T12:00:00Z,0.0,-64.84376,-63.489582,0.32831588
2018-12-11T12:00:00Z,0.0,-64.84376,-63.489582,0.34600687
2018-12-12T12:00:00Z,0.0,-64.84376,-63.489582,0.2899098
2018-12-13T12:00:00Z,0.0,-64.84376,-63.489582,0.31955814
2018-12-14T12:00:00Z,0.0,-64.84376,-63.489582,0.2903097
2018-12-15T12:00:00Z,0.0,-64.84376,-63.489582,0.35792127
2018-12-16T12:00:00Z,0.0,-64.84376,-63.489582,0.28672847
2018-12-17T12:00:00Z,0.0,-64.84376,-63.489582,0.59184176
2018-12-18T12:00:00Z,0.0,-64.84376,-63.489582,0.70830977
2018-12-19T12:00:00Z,0.0,-64.84376,-63.489582,0.7263895
2018-12-20T12:00:00Z,0.0,-64.84376,-63.489582,0.77114534
2018-12-21T12:00:00Z,0.0,-64.84376,-63.489582,0.7062372
2018-12-22T12:00:00Z,0.0,-64.84376,-63.489582,0.7438077
2018-12-23T12:00:00Z,0.0,-64.84376,-63.489582,0.9215476
2018-12-24T12:00:00Z,0.0,-64.84376,-63.489582,0.8902937
2018-12-25T12:00:00Z,0.0,-64.84376,-63.489582,0.6075888
2018-12-26T12:00:00Z,0.0,-64.84376,-63.489582,0.8426571
2018-12-27T12:00:00Z,0.0,-64.84376,-63.489582,0.75276554
2018-12-28T12:00:00Z,0.0,-64.84376,-63.489582,0.739771
2018-12-29T12:00:00Z,0.0,-64.84376,-63.489582,0.82250357
2018-12-30T12:00:00Z,0.0,-64.84376,-63.489582,0.7784085
2018-12-31T12:00:00Z,0.0,-64.84376,-63.489582,0.76115406
2019-01-01T12:00:00Z,0.0,-64.84376,-63.489582,0.81129354
2019-01-02T12:00:00Z,0.0,-64.84376,-63.489582,0.6882423
2019-01-03T12:00:00Z,0.0,-64.84376,-63.489582,0.6482197
2019-01-04T12:00:00Z,0.0,-64.84376,-63.489582,0.58432114
2019-01-05T12:00:00Z,0.0,-64.84376,-63.489582,0.6058417
2019-01-06T12:00:00Z,0.0,-64.84376,-63.489582,0.52606934
2019-01-07T12:00:00Z,0.0,-64.84376,-63.489582,0.46140388
2019-01-08T12:00:00Z,0.0,-64.84376,-63.489582,0.50384885
2019-01-09T12:00:00Z,0.0,-64.84376,-63.489582,0.4800349
2019-01-10T12:00:00Z,0.0,-64.84376,-63.489582,0.40918487
2019-01-11T12:00:00Z,0.0,-64.84376,-63.489582,0.40837583
2019-01-12T12:00:00Z,0.0,-64.84376,-63.489582,0.37298432
2019-01-13T12:00:00Z,0.0,-64.84376,-63.489582,0.38028514
2019-01-14T12:00:00Z,0.0,-64.84376,-63.489582,0.35613373
2019-01-15T12:00:00Z,0.0,-64.84376,-63.489582,0.33236036
2019-01-16T12:00:00Z,0.0,-64.84376,-63.489582,0.34233996
2019-01-17T12:00:00Z,0.0,-64.84376,-63.489582,0.32662275
2019-01-18T12:00:00Z,0.0,-64.84376,-63.489582,0.33542904
2019-01-19T12:00:00Z,0.0,-64.84376,-63.489582,0.29158497
2019-01-20T12:00:00Z,0.0,-64.84376,-63.489582,0.2779926
2019-01-21T12:00:00Z,0.0,-64.84376,-63.489582,0.30132228
2019-01-22T12:00:00Z,0.0,-64.84376,-63.489582,0.3205727
2019-01-23T12:00:00Z,0.0,-64.84376,-63.489582,0.23127082
2019-01-24T12:00:00Z,0.0,-64.84376,-63.489582,0.20080028
2019-01-25T12:00:00Z,0.0,-64.84376,-63.489582,0.19717199
2019-01-26T12:00:00Z,0.0,-64.84376,-63.489582,0.2395525
2019-01-27T12:00:00Z,0.0,-64.84376,-63.489582,0.23476535
2019-01-28T12:00:00Z,0.0,-64.84376,-63.489582,0.2616816
2019-01-29T12:00:00Z,0.0,-64.84376,-63.489582,0.2926204
2019-01-30T12:00:00Z,0.0,-64.84376,-63.489582,0.32402277
2019-01-31T12:00:00Z,0.0,-64.84376,-63.489582,0.3645054
2019-02-01T12:00:00Z,0.0,-64.84376,-63.489582,0.39490658
2019-02-02T12:00:00Z,0.0,-64.84376,-63.489582,0.38645193
2019-02-03T12:00:00Z,0.0,-64.84376,-63.489582,0.37723288
2019-02-04T12:00:00Z,0.0,-64.84376,-63.489582,0.3810295
2019-02-05T12:00:00Z,0.0,-64.84376,-63.489582,0.34136277
2019-02-06T12:00:00Z,0.0,-64.84376,-63.489582,0.33683574
2019-02-07T12:00:00Z,0.0,-64.84376,-63.489582,0.33178705
2019-02-08T12:00:00Z,0.0,-64.84376,-63.489582,0.35525337
2019-02-09T12:00:00Z,0.0,-64.84376,-63.489582,0.36440933
2019-02-10T12:00:00Z,0.0,-64.84376,-63.489582,0.87281245
2019-02-11T12:00:00Z,0.0,-64.84376,-63.489582,0.82852244
2019-02-12T12:00:00Z,0.0,-64.84376,-63.489582,0.7929166
2019-02-13T12:00:00Z,0.0,-64.84376,-63.489582,0.83412564
2019-02-14T12:00:00Z,0.0,-64.84376,-63.489582,0.7682447
2019-02-15T12:00:00Z,0.0,-64.84376,-63.489582,0.80884725
2019-02-16T12:00:00Z,0.0,-64.84376,-63.489582,0.81663406
2019-02-17T12:00:00Z,0.0,-64.84376,-63.489582,0.83382314
2019-02-18T12:00:00Z,0.0,-64.84376,-63.489582,0.58761066
2019-02-19T12:00:00Z,0.0,-64.84376,-63.489582,0.86936927
2019-02-20T12:00:00Z,0.0,-64.84376,-63.489582,0.43978563
2019-02-21T12:00:00Z,0.0,-64.84376,-63.489582,0.37430435
2019-02-22T12:00:00Z,0.0,-64.84376,-63.489582,0.45934752
2019-02-23T12:00:00Z,0.0,-64.84376,-63.489582,0.38358283
2019-02-24T12:00:00Z,0.0,-64.84376,-63.489582,0.33403227
2019-02-25T12:00:00Z,0.0,-64.84376,-63.489582,0.35719505
2019-02-26T12:00:00Z,0.0,-64.84376,-63.489582,0.30696565
2019-02-27T12:00:00Z,0.0,-64.84376,-63.489582,0.29186842
2019-02-28T12:00:00Z,0.0,-64.84376,-63.489582,0.3400413
2019-03-01T12:00:00Z,0.0,-64.84376,-63.489582,0.3003451
2019-03-02T12:00:00Z,0.0,-64.84376,-63.489582,0.30253428
2019-03-03T12:00:00Z,0.0,-64.84376,-63.489582,0.29874685
2019-03-04T12:00:00Z,0.0,-64.84376,-63.489582,0.29102114
2019-03-05T12:00:00Z,0.0,-64.84376,-63.489582,0.28781143
2019-03-06T12:00:00Z,0.0,-64.84376,-63.489582,0.2929218
2019-03-07T12:00:00Z,0.0,-64.84376,-63.489582,0.2522889
2019-03-08T12:00:00Z,0.0,-64.84376,-63.489582,0.25478864
2019-03-09T12:00:00Z,0.0,-64.84376,-63.489582,0.26931524
2019-03-10T12:00:00Z,0.0,-64.84376,-63.489582,0.24762292
2019-03-11T12:00:00Z,0.0,-64.84376,-63.489582,0.2617888
2019-03-12T12:00:00Z,0.0,-64.84376,-63.489582,0.3293884
2019-03-13T12:00:00Z,0.0,-64.84376,-63.489582,0.3071192
2019-03-14T12:00:00Z,0.0,-64.84376,-63.489582,NaN
2019-03-15T12:00:00Z,0.0,-64.84376,-63.489582,NaN
2019-03-16T12:00:00Z,0.0,-64.84376,-63.489582,NaN
2019-03-17T12:00:00Z,0.0,-64.84376,-63.489582,NaN
2019-03-18T12:00:00Z,0.0,-64.84376,-63.489582,NaN
2019-03-19T12:00:00Z,0.0,-64.84376,-63.489582,NaN
2019-03-20T12:00:00Z,0.0,-64.84376,-63.489582,NaN
2019-03-21T12:00:00Z,0.0,-64.84376,-63.489582,NaN
2019-03-22T12:00:00Z,0.0,-64.84376,-63.489582,NaN
2019-03-23T12:00:00Z,0.0,-64.84376,-63.489582,NaN
2019-03-24T12:00:00Z,0.0,-64.84376,-63.489582,NaN
2019-03-25T12:00:00Z,0.0,-64.84376,-63.489582,NaN
2019-03-26T12:00:00Z,0.0,-64.84376,-63.489582,NaN
2019-03-27T12:00:00Z,0.0,-64.84376,-63.489582,NaN
2019-03-28T12:00:00Z,0.0,-64.84376,-63.489582,NaN
2019-03-29T12:00:00Z,0.0,-64.84376,-63.489582,NaN
2019-03-30T12:00:00Z,0.0,-64.84376,-63.489582,NaN
2019-03-31T12:00:00Z,0.0,-64.84376,-63.489582,NaN
2019-04-01T12:00:00Z,0.0,-64.84376,-63.489582,NaN
2019-04-02T12:00:00Z,0.0,-64.84376,-63.489582,NaN
2019-04-03T12:00:00Z,0.0,-64.84376,-63.489582,NaN
2019-04-04T12:00:00Z,0.0,-64.84376,-63.489582,NaN
2019-04-05T12:00:00Z,0.0,-64.84376,-63.489582,NaN
2019-04-06T12:00:00Z,0.0,-64.84376,-63.489582,NaN
2019-04-07T12:00:00Z,0.0,-64.84376,-63.489582,NaN
2019-04-08T12:00:00Z,0.0,-64.84376,-63.489582,NaN
2019-04-09T12:00:00Z,0.0,-64.84376,-63.489582,NaN
2019-04-10T12:00:00Z,0.0,-64.84376,-63.489582,NaN
2019-04-11T12:00:00Z,0.0,-64.84376,-63.489582,NaN
2019-04-12T12:00:00Z,0.0,-64.84376,-63.489582,NaN
2019-04-13T12:00:00Z,0.0,-64.84376,-63.489582,NaN
2019-04-14T12:00:00Z,0.0,-64.84376,-63.489582,NaN
2019-04-15T12:00:00Z,0.0,-64.84376,-63.489582,NaN
2019-04-16T12:00:00Z,0.0,-64.84376,-63.489582,NaN
2019-04-17T12:00:00Z,0.0,-64.84376,-63.489582,NaN
2019-04-18T12:00:00Z,0.0,-64.84376,-63.489582,NaN
2019-04-19T12:00:00Z,0.0,-64.84376,-63.489582,NaN
2019-04-20T12:00:00Z,0.0,-64.84376,-63.489582,NaN
2019-04-21T12:00:00Z,0.0,-64.84376,-63.489582,NaN
2019-04-22T12:00:00Z,0.0,-64.84376,-63.489582,NaN
2019-04-23T12:00:00Z,0.0,-64.84376,-63.489582,NaN
2019-04-24T12:00:00Z,0.0,-64.84376,-63.489582,NaN
2019-04-25T12:00:00Z,0.0,-64.84376,-63.489582,NaN
2019-04-26T12:00:00Z,0.0,-64.84376,-63.489582,NaN
2019-04-27T12:00:00Z,0.0,-64.84376,-63.489582,NaN
2019-04-28T12:00:00Z,0.0,-64.84376,-63.489582,NaN
2019-04-29T12:00:00Z,0.0,-64.84376,-63.489582,NaN
2019-04-30T12:00:00Z,0.0,-64.84376,-63.489582,NaN
2019-05-01T12:00:00Z,0.0,-64.84376,-63.489582,NaN
2019-05-02T12:00:00Z,0.0,-64.84376,-63.489582,NaN
2019-05-03T12:00:00Z,0.0,-64.84376,-63.489582,NaN
2019-05-04T12:00:00Z,0.0,-64.84376,-63.489582,NaN
2019-05-05T12:00:00Z,0.0,-64.84376,-63.489582,NaN
2019-05-06T12:00:00Z,0.0,-64.84376,-63.489582,NaN
2019-05-07T12:00:00Z,0.0,-64.84376,-63.489582,NaN
2019-05-08T12:00:00Z,0.0,-64.84376,-63.489582,NaN
2019-05-09T12:00:00Z,0.0,-64.84376,-63.489582,NaN
2019-05-10T12:00:00Z,0.0,-64.84376,-63.489582,NaN
2019-05-11T12:00:00Z,0.0,-64.84376,-63.489582,NaN
2019-05-12T12:00:00Z,0.0,-64.84376,-63.489582,NaN
2019-05-13T12:00:00Z,0.0,-64.84376,-63.489582,NaN
2019-05-14T12:00:00Z,0.0,-64.84376,-63.489582,NaN
2019-05-15T12:00:00Z,0.0,-64.84376,-63.489582,NaN
2019-05-16T12:00:00Z,0.0,-64.84376,-63.489582,NaN
2019-05-17T12:00:00Z,0.0,-64.84376,-63.489582,NaN
2019-05-18T12:00:00Z,0.0,-64.84376,-63.489582,NaN
2019-05-19T12:00:00Z,0.0,-64.84376,-63.489582,NaN
2019-05-20T12:00:00Z,0.0,-64.84376,-63.489582,NaN
2019-05-21T12:00:00Z,0.0,-64.84376,-63.489582,NaN
2019-05-22T12:00:00Z,0.0,-64.84376,-63.489582,NaN
2019-05-23T12:00:00Z,0.0,-64.84376,-63.489582,NaN
2019-05-24T12:00:00Z,0.0,-64.84376,-63.489582,NaN
2019-05-25T12:00:00Z,0.0,-64.84376,-63.489582,NaN
2019-05-26T12:00:00Z,0.0,-64.84376,-63.489582,NaN
2019-05-27T12:00:00Z,0.0,-64.84376,-63.489582,NaN
2019-05-28T12:00:00Z,0.0,-64.84376,-63.489582,NaN
2019-05-29T12:00:00Z,0.0,-64.84376,-63.489582,NaN
2019-05-30T12:00:00Z,0.0,-64.84376,-63.489582,NaN
2019-05-31T12:00:00Z,0.0,-64.84376,-63.489582,NaN
2019-06-01T12:00:00Z,0.0,-64.84376,-63.489582,NaN
2019-06-02T12:00:00Z,0.0,-64.84376,-63.489582,NaN
2019-06-03T12:00:00Z,0.0,-64.84376,-63.489582,NaN
2019-06-04T12:00:00Z,0.0,-64.84376,-63.489582,NaN
2019-06-05T12:00:00Z,0.0,-64.84376,-63.489582,NaN
2019-06-06T12:00:00Z,0.0,-64.84376,-63.489582,NaN
2019-06-07T12:00:00Z,0.0,-64.84376,-63.489582,NaN
2019-06-08T12:00:00Z,0.0,-64.84376,-63.489582,NaN
2019-06-09T12:00:00Z,0.0,-64.84376,-63.489582,NaN
2019-06-10T12:00:00Z,0.0,-64.84376,-63.489582,NaN
2019-06-11T12:00:00Z,0.0,-64.84376,-63.489582,NaN
2019-06-12T12:00:00Z,0.0,-64.84376,-63.489582,NaN
2019-06-13T12:00:00Z,0.0,-64.84376,-63.489582,NaN
2019-06-14T12:00:00Z,0.0,-64.84376,-63.489582,NaN
2019-06-15T12:00:00Z,0.0,-64.84376,-63.489582,NaN
2019-06-16T12:00:00Z,0.0,-64.84376,-63.489582,NaN
2019-06-17T12:00:00Z,0.0,-64.84376,-63.489582,NaN
2019-06-18T12:00:00Z,0.0,-64.84376,-63.489582,NaN
2019-06-19T12:00:00Z,0.0,-64.84376,-63.489582,NaN
2019-06-20T12:00:00Z,0.0,-64.84376,-63.489582,NaN
2019-06-21T12:00:00Z,0.0,-64.84376,-63.489582,NaN
2019-06-22T12:00:00Z,0.0,-64.84376,-63.489582,NaN
2019-06-23T12:00:00Z,0.0,-64.84376,-63.489582,NaN
2019-06-24T12:00:00Z,0.0,-64.84376,-63.489582,NaN
2019-06-25T12:00:00Z,0.0,-64.84376,-63.489582,NaN
2019-06-26T12:00:00Z,0.0,-64.84376,-63.489582,NaN
2019-06-27T12:00:00Z,0.0,-64.84376,-63.489582,NaN
2019-06-28T12:00:00Z,0.0,-64.84376,-63.489582,NaN
2019-06-29T12:00:00Z,0.0,-64.84376,-63.489582,NaN
2019-06-30T12:00:00Z,0.0,-64.84376,-63.489582,NaN
2019-07-01T12:00:00Z,0.0,-64.84376,-63.489582,NaN
2019-07-02T12:00:00Z,0.0,-64.84376,-63.489582,NaN
2019-07-03T12:00:00Z,0.0,-64.84376,-63.489582,NaN
2019-07-04T12:00:00Z,0.0,-64.84376,-63.489582,NaN
2019-07-05T12:00:00Z,0.0,-64.84376,-63.489582,NaN
2019-07-06T12:00:00Z,0.0,-64.84376,-63.489582,NaN
2019-07-07T12:00:00Z,0.0,-64.84376,-63.489582,NaN
2019-07-08T12:00:00Z,0.0,-64.84376,-63.489582,NaN
2019-07-09T12:00:00Z,0.0,-64.84376,-63.489582,NaN
2019-07-10T12:00:00Z,0.0,-64.84376,-63.489582,NaN
2019-07-11T12:00:00Z,0.0,-64.84376,-63.489582,NaN
2019-07-12T12:00:00Z,0.0,-64.84376,-63.489582,NaN
2019-07-13T12:00:00Z,0.0,-64.84376,-63.489582,NaN
2019-07-14T12:00:00Z,0.0,-64.84376,-63.489582,NaN
2019-07-15T12:00:00Z,0.0,-64.84376,-63.489582,NaN
2019-07-16T12:00:00Z,0.0,-64.84376,-63.489582,NaN
2019-07-17T12:00:00Z,0.0,-64.84376,-63.489582,NaN
2019-07-18T12:00:00Z,0.0,-64.84376,-63.489582,NaN
2019-07-19T12:00:00Z,0.0,-64.84376,-63.489582,NaN
2019-07-20T12:00:00Z,0.0,-64.84376,-63.489582,NaN
2019-07-21T12:00:00Z,0.0,-64.84376,-63.489582,NaN
2019-07-22T12:00:00Z,0.0,-64.84376,-63.489582,NaN
2019-07-23T12:00:00Z,0.0,-64.84376,-63.489582,NaN
2019-07-24T12:00:00Z,0.0,-64.84376,-63.489582,NaN
2019-07-25T12:00:00Z,0.0,-64.84376,-63.489582,NaN
2019-07-26T12:00:00Z,0.0,-64.84376,-63.489582,NaN
2019-07-27T12:00:00Z,0.0,-64.84376,-63.489582,NaN
2019-07-28T12:00:00Z,0.0,-64.84376,-63.489582,NaN
2019-07-29T12:00:00Z,0.0,-64.84376,-63.489582,NaN
2019-07-30T12:00:00Z,0.0,-64.84376,-63.489582,NaN
2019-07-31T12:00:00Z,0.0,-64.84376,-63.489582,NaN
2019-08-01T12:00:00Z,0.0,-64.84376,-63.489582,NaN
2019-08-02T12:00:00Z,0.0,-64.84376,-63.489582,NaN
2019-08-03T12:00:00Z,0.0,-64.84376,-63.489582,NaN
2019-08-04T12:00:00Z,0.0,-64.84376,-63.489582,NaN
2019-08-05T12:00:00Z,0.0,-64.84376,-63.489582,NaN
2019-08-06T12:00:00Z,0.0,-64.84376,-63.489582,NaN
2019-08-07T12:00:00Z,0.0,-64.84376,-63.489582,NaN
2019-08-08T12:00:00Z,0.0,-64.84376,-63.489582,NaN
2019-08-09T12:00:00Z,0.0,-64.84376,-63.489582,NaN
2019-08-10T12:00:00Z,0.0,-64.84376,-63.489582,NaN
2019-08-11T12:00:00Z,0.0,-64.84376,-63.489582,NaN
2019-08-12T12:00:00Z,0.0,-64.84376,-63.489582,NaN
2019-08-13T12:00:00Z,0.0,-64.84376,-63.489582,NaN
2019-08-14T12:00:00Z,0.0,-64.84376,-63.489582,NaN
2019-08-15T12:00:00Z,0.0,-64.84376,-63.489582,NaN
2019-08-16T12:00:00Z,0.0,-64.84376,-63.489582,NaN
2019-08-17T12:00:00Z,0.0,-64.84376,-63.489582,NaN
2019-08-18T12:00:00Z,0.0,-64.84376,-63.489582,NaN
2019-08-19T12:00:00Z,0.0,-64.84376,-63.489582,NaN
2019-08-20T12:00:00Z,0.0,-64.84376,-63.489582,NaN
2019-08-21T12:00:00Z,0.0,-64.84376,-63.489582,NaN
2019-08-22T12:00:00Z,0.0,-64.84376,-63.489582,NaN
2019-08-23T12:00:00Z,0.0,-64.84376,-63.489582,NaN
2019-08-24T12:00:00Z,0.0,-64.84376,-63.489582,NaN
2019-08-25T12:00:00Z,0.0,-64.84376,-63.489582,NaN
2019-08-26T12:00:00Z,0.0,-64.84376,-63.489582,NaN
2019-08-27T12:00:00Z,0.0,-64.84376,-63.489582,NaN
2019-08-28T12:00:00Z,0.0,-64.84376,-63.489582,NaN
2019-08-29T12:00:00Z,0.0,-64.84376,-63.489582,NaN
2019-08-30T12:00:00Z,0.0,-64.84376,-63.489582,NaN
2019-08-31T12:00:00Z,0.0,-64.84376,-63.489582,NaN
2019-09-01T12:00:00Z,0.0,-64.84376,-63.489582,NaN
2019-09-02T12:00:00Z,0.0,-64.84376,-63.489582,NaN
2019-09-03T12:00:00Z,0.0,-64.84376,-63.489582,NaN
2019-09-04T12:00:00Z,0.0,-64.84376,-63.489582,NaN
2019-09-05T12:00:00Z,0.0,-64.84376,-63.489582,NaN
2019-09-06T12:00:00Z,0.0,-64.84376,-63.489582,NaN
2019-09-07T12:00:00Z,0.0,-64.84376,-63.489582,NaN
2019-09-08T12:00:00Z,0.0,-64.84376,-63.489582,NaN
2019-09-09T12:00:00Z,0.0,-64.84376,-63.489582,NaN
2019-09-10T12:00:00Z,0.0,-64.84376,-63.489582,NaN
2019-09-11T12:00:00Z,0.0,-64.84376,-63.489582,NaN
2019-09-12T12:00:00Z,0.0,-64.84376,-63.489582,NaN
2019-09-13T12:00:00Z,0.0,-64.84376,-63.489582,NaN
2019-09-14T12:00:00Z,0.0,-64.84376,-63.489582,NaN
2019-09-15T12:00:00Z,0.0,-64.84376,-63.489582,NaN
2019-09-16T12:00:00Z,0.0,-64.84376,-63.489582,NaN
2019-09-17T12:00:00Z,0.0,-64.84376,-63.489582,NaN
2019-09-18T12:00:00Z,0.0,-64.84376,-63.489582,NaN
2019-09-19T12:00:00Z,0.0,-64.84376,-63.489582,NaN
2019-09-20T12:00:00Z,0.0,-64.84376,-63.489582,NaN
2019-09-21T12:00:00Z,0.0,-64.84376,-63.489582,NaN
2019-09-22T12:00:00Z,0.0,-64.84376,-63.489582,NaN
2019-09-23T12:00:00Z,0.0,-64.84376,-63.489582,NaN
2019-09-24T12:00:00Z,0.0,-64.84376,-63.489582,NaN
2019-09-25T12:00:00Z,0.0,-64.84376,-63.489582,NaN
2019-09-26T12:00:00Z,0.0,-64.84376,-63.489582,NaN
2019-09-27T12:00:00Z,0.0,-64.84376,-63.489582,NaN
2019-09-28T12:00:00Z,0.0,-64.84376,-63.489582,NaN
2019-09-29T12:00:00Z,0.0,-64.84376,-63.489582,NaN
2019-09-30T12:00:00Z,0.0,-64.84376,-63.489582,NaN
2019-10-01T12:00:00Z,0.0,-64.84376,-63.489582,NaN
2019-10-02T12:00:00Z,0.0,-64.84376,-63.489582,NaN
2019-10-03T12:00:00Z,0.0,-64.84376,-63.489582,NaN
2019-10-04T12:00:00Z,0.0,-64.84376,-63.489582,NaN
2019-10-05T12:00:00Z,0.0,-64.84376,-63.489582,NaN
2019-10-06T12:00:00Z,0.0,-64.84376,-63.489582,NaN
2019-10-07T12:00:00Z,0.0,-64.84376,-63.489582,NaN
2019-10-08T12:00:00Z,0.0,-64.84376,-63.489582,NaN
2019-10-09T12:00:00Z,0.0,-64.84376,-63.489582,NaN
2019-10-10T12:00:00Z,0.0,-64.84376,-63.489582,NaN
2019-10-11T12:00:00Z,0.0,-64.84376,-63.489582,NaN
2019-10-12T12:00:00Z,0.0,-64.84376,-63.489582,NaN
2019-10-13T12:00:00Z,0.0,-64.84376,-63.489582,NaN
2019-10-14T12:00:00Z,0.0,-64.84376,-63.489582,NaN
2019-10-15T12:00:00Z,0.0,-64.84376,-63.489582,NaN
2019-10-16T12:00:00Z,0.0,-64.84376,-63.489582,NaN
2019-10-17T12:00:00Z,0.0,-64.84376,-63.489582,NaN
2019-10-18T12:00:00Z,0.0,-64.84376,-63.489582,NaN
2019-10-19T12:00:00Z,0.0,-64.84376,-63.489582,NaN
2019-10-20T12:00:00Z,0.0,-64.84376,-63.489582,NaN
2019-10-21T12:00:00Z,0.0,-64.84376,-63.489582,NaN
2019-10-22T12:00:00Z,0.0,-64.84376,-63.489582,NaN
2019-10-23T12:00:00Z,0.0,-64.84376,-63.489582,0.28462234
2019-10-24T12:00:00Z,0.0,-64.84376,-63.489582,0.28563243
2019-10-25T12:00:00Z,0.0,-64.84376,-63.489582,0.2895773
2019-10-26T12:00:00Z,0.0,-64.84376,-63.489582,0.2820026
2019-10-27T12:00:00Z,0.0,-64.84376,-63.489582,0.27019867
2019-10-28T12:00:00Z,0.0,-64.84376,-63.489582,0.36316106
2019-10-29T12:00:00Z,0.0,-64.84376,-63.489582,0.25717708
2019-10-30T12:00:00Z,0.0,-64.84376,-63.489582,0.4525171
2019-10-31T12:00:00Z,0.0,-64.84376,-63.489582,0.23146357
2019-11-01T12:00:00Z,0.0,-64.84376,-63.489582,0.3195395
2019-11-02T12:00:00Z,0.0,-64.84376,-63.489582,0.32973108
2019-11-03T12:00:00Z,0.0,-64.84376,-63.489582,0.28750136
2019-11-04T12:00:00Z,0.0,-64.84376,-63.489582,0.1920404
2019-11-05T12:00:00Z,0.0,-64.84376,-63.489582,0.18295862
2019-11-06T12:00:00Z,0.0,-64.84376,-63.489582,0.19482467
2019-11-07T12:00:00Z,0.0,-64.84376,-63.489582,0.2759304
2019-11-08T12:00:00Z,0.0,-64.84376,-63.489582,0.26646736
2019-11-09T12:00:00Z,0.0,-64.84376,-63.489582,0.30530027
2019-11-10T12:00:00Z,0.0,-64.84376,-63.489582,0.5127395
2019-11-11T12:00:00Z,0.0,-64.84376,-63.489582,0.3000715
2019-11-12T12:00:00Z,0.0,-64.84376,-63.489582,0.39197192
2019-11-13T12:00:00Z,0.0,-64.84376,-63.489582,0.43402517
2019-11-14T12:00:00Z,0.0,-64.84376,-63.489582,0.36090386
2019-11-15T12:00:00Z,0.0,-64.84376,-63.489582,0.5380591
2019-11-16T12:00:00Z,0.0,-64.84376,-63.489582,0.62504464
2019-11-17T12:00:00Z,0.0,-64.84376,-63.489582,0.822814
2019-11-18T12:00:00Z,0.0,-64.84376,-63.489582,0.6485399
2019-11-19T12:00:00Z,0.0,-64.84376,-63.489582,0.7573991
2019-11-20T12:00:00Z,0.0,-64.84376,-63.489582,0.6706596
2019-11-21T12:00:00Z,0.0,-64.84376,-63.489582,0.72128993
2019-11-22T12:00:00Z,0.0,-64.84376,-63.489582,0.962173
2019-11-23T12:00:00Z,0.0,-64.84376,-63.489582,0.95134944
2019-11-24T12:00:00Z,0.0,-64.84376,-63.489582,1.0609915
2019-11-25T12:00:00Z,0.0,-64.84376,-63.489582,1.1184326
2019-11-26T12:00:00Z,0.0,-64.84376,-63.489582,1.0548618
2019-11-27T12:00:00Z,0.0,-64.84376,-63.489582,0.6416765
2019-11-28T12:00:00Z,0.0,-64.84376,-63.489582,0.6146785
2019-11-29T12:00:00Z,0.0,-64.84376,-63.489582,0.76697
2019-11-30T12:00:00Z,0.0,-64.84376,-63.489582,0.83541137
2019-12-01T12:00:00Z,0.0,-64.84376,-63.489582,0.7790912
2019-12-02T12:00:00Z,0.0,-64.84376,-63.489582,1.069357
2019-12-03T12:00:00Z,0.0,-64.84376,-63.489582,1.1163548
2019-12-04T12:00:00Z,0.0,-64.84376,-63.489582,0.6989387
2019-12-05T12:00:00Z,0.0,-64.84376,-63.489582,0.6605537
2019-12-06T12:00:00Z,0.0,-64.84376,-63.489582,0.7057228
2019-12-07T12:00:00Z,0.0,-64.84376,-63.489582,0.7792652
2019-12-08T12:00:00Z,0.0,-64.84376,-63.489582,0.8872145
2019-12-09T12:00:00Z,0.0,-64.84376,-63.489582,0.7643033
2019-12-10T12:00:00Z,0.0,-64.84376,-63.489582,0.6551592
2019-12-11T12:00:00Z,0.0,-64.84376,-63.489582,0.61116374
2019-12-12T12:00:00Z,0.0,-64.84376,-63.489582,0.5435942
2019-12-13T12:00:00Z,0.0,-64.84376,-63.489582,0.5825702
2019-12-14T12:00:00Z,0.0,-64.84376,-63.489582,0.5495149
2019-12-15T12:00:00Z,0.0,-64.84376,-63.489582,0.55593735
2019-12-16T12:00:00Z,0.0,-64.84376,-63.489582,0.5543439
2019-12-17T12:00:00Z,0.0,-64.84376,-63.489582,0.50077224
2019-12-18T12:00:00Z,0.0,-64.84376,-63.489582,0.5133178
2019-12-19T12:00:00Z,0.0,-64.84376,-63.489582,0.62901556
2019-12-20T12:00:00Z,0.0,-64.84376,-63.489582,0.60029775
2019-12-21T12:00:00Z,0.0,-64.84376,-63.489582,0.653965
2019-12-22T12:00:00Z,0.0,-64.84376,-63.489582,0.56706536
2019-12-23T12:00:00Z,0.0,-64.84376,-63.489582,0.6574712
2019-12-24T12:00:00Z,0.0,-64.84376,-63.489582,0.65398276
2019-12-25T12:00:00Z,0.0,-64.84376,-63.489582,0.5888135
2019-12-26T12:00:00Z,0.0,-64.84376,-63.489582,0.6747199
2019-12-27T12:00:00Z,0.0,-64.84376,-63.489582,0.61718166
2019-12-28T12:00:00Z,0.0,-64.84376,-63.489582,0.67987543
2019-12-29T12:00:00Z,0.0,-64.84376,-63.489582,0.6404712
2019-12-30T12:00:00Z,0.0,-64.84376,-63.489582,0.55000573
2019-12-31T12:00:00Z,0.0,-64.84376,-63.489582,0.5906857
2020-01-01T12:00:00Z,0.0,-64.84376,-63.489582,0.40948316
2020-01-02T12:00:00Z,0.0,-64.84376,-63.489582,0.3696419
2020-01-03T12:00:00Z,0.0,-64.84376,-63.489582,0.33719036
2020-01-04T12:00:00Z,0.0,-64.84376,-63.489582,0.56889015
2020-01-05T12:00:00Z,0.0,-64.84376,-63.489582,0.54783565
2020-01-06T12:00:00Z,0.0,-64.84376,-63.489582,0.6480315
2020-01-07T12:00:00Z,0.0,-64.84376,-63.489582,0.6132237
2020-01-08T12:00:00Z,0.0,-64.84376,-63.489582,0.6577278
2020-01-09T12:00:00Z,0.0,-64.84376,-63.489582,0.58348703
2020-01-10T12:00:00Z,0.0,-64.84376,-63.489582,0.5411167
2020-01-11T12:00:00Z,0.0,-64.84376,-63.489582,0.5511497
2020-01-12T12:00:00Z,0.0,-64.84376,-63.489582,0.610087
2020-01-13T12:00:00Z,0.0,-64.84376,-63.489582,0.5564863
2020-01-14T12:00:00Z,0.0,-64.84376,-63.489582,0.4744618
2020-01-15T12:00:00Z,0.0,-64.84376,-63.489582,0.45250502
2020-01-16T12:00:00Z,0.0,-64.84376,-63.489582,0.49352992
2020-01-17T12:00:00Z,0.0,-64.84376,-63.489582,0.5572289
2020-01-18T12:00:00Z,0.0,-64.84376,-63.489582,0.58702826
2020-01-19T12:00:00Z,0.0,-64.84376,-63.489582,0.69096875
2020-01-20T12:00:00Z,0.0,-64.84376,-63.489582,0.6746369
2020-01-21T12:00:00Z,0.0,-64.84376,-63.489582,0.6931187
2020-01-22T12:00:00Z,0.0,-64.84376,-63.489582,0.7115038
2020-01-23T12:00:00Z,0.0,-64.84376,-63.489582,0.5410819
2020-01-24T12:00:00Z,0.0,-64.84376,-63.489582,0.61249924
2020-01-25T12:00:00Z,0.0,-64.84376,-63.489582,0.57480097
2020-01-26T12:00:00Z,0.0,-64.84376,-63.489582,0.6250005
2020-01-27T12:00:00Z,0.0,-64.84376,-63.489582,0.55891055
2020-01-28T12:00:00Z,0.0,-64.84376,-63.489582,0.53784704
2020-01-29T12:00:00Z,0.0,-64.84376,-63.489582,0.46986422
2020-01-30T12:00:00Z,0.0,-64.84376,-63.489582,0.40778106
2020-01-31T12:00:00Z,0.0,-64.84376,-63.489582,0.42080918
2020-02-01T12:00:00Z,0.0,-64.84376,-63.489582,0.43189204
2020-02-02T12:00:00Z,0.0,-64.84376,-63.489582,0.4276685
2020-02-03T12:00:00Z,0.0,-64.84376,-63.489582,0.39262825
2020-02-04T12:00:00Z,0.0,-64.84376,-63.489582,0.43560243
2020-02-05T12:00:00Z,0.0,-64.84376,-63.489582,0.38068077
2020-02-06T12:00:00Z,0.0,-64.84376,-63.489582,0.34399986
2020-02-07T12:00:00Z,0.0,-64.84376,-63.489582,0.5351175
2020-02-08T12:00:00Z,0.0,-64.84376,-63.489582,0.51331395
2020-02-09T12:00:00Z,0.0,-64.84376,-63.489582,0.683945
2020-02-10T12:00:00Z,0.0,-64.84376,-63.489582,0.7338401
2020-02-11T12:00:00Z,0.0,-64.84376,-63.489582,0.7096929
2020-02-12T12:00:00Z,0.0,-64.84376,-63.489582,0.66559106
2020-02-13T12:00:00Z,0.0,-64.84376,-63.489582,0.66534424
2020-02-14T12:00:00Z,0.0,-64.84376,-63.489582,0.72238725
2020-02-15T12:00:00Z,0.0,-64.84376,-63.489582,0.75493157
2020-02-16T12:00:00Z,0.0,-64.84376,-63.489582,0.7974111
2020-02-17T12:00:00Z,0.0,-64.84376,-63.489582,0.7728402
2020-02-18T12:00:00Z,0.0,-64.84376,-63.489582,0.6959443
2020-02-19T12:00:00Z,0.0,-64.84376,-63.489582,0.71211845
2020-02-20T12:00:00Z,0.0,-64.84376,-63.489582,0.71378
2020-02-21T12:00:00Z,0.0,-64.84376,-63.489582,0.69354737
2020-02-22T12:00:00Z,0.0,-64.84376,-63.489582,0.63455844
2020-02-23T12:00:00Z,0.0,-64.84376,-63.489582,0.64518785
2020-02-24T12:00:00Z,0.0,-64.84376,-63.489582,0.72634757
2020-02-25T12:00:00Z,0.0,-64.84376,-63.489582,0.8057005
2020-02-26T12:00:00Z,0.0,-64.84376,-63.489582,0.77718616
2020-02-27T12:00:00Z,0.0,-64.84376,-63.489582,0.6844629
2020-02-28T12:00:00Z,0.0,-64.84376,-63.489582,0.7525799
2020-02-29T12:00:00Z,0.0,-64.84376,-63.489582,0.7254442
2020-03-01T12:00:00Z,0.0,-64.84376,-63.489582,0.5980859
2020-03-02T12:00:00Z,0.0,-64.84376,-63.489582,0.67599386
2020-03-03T12:00:00Z,0.0,-64.84376,-63.489582,0.6659617
2020-03-04T12:00:00Z,0.0,-64.84376,-63.489582,0.63747126
2020-03-05T12:00:00Z,0.0,-64.84376,-63.489582,0.73060703
2020-03-06T12:00:00Z,0.0,-64.84376,-63.489582,0.7544097
2020-03-07T12:00:00Z,0.0,-64.84376,-63.489582,0.7563564
2020-03-08T12:00:00Z,0.0,-64.84376,-63.489582,0.6270473
2020-03-09T12:00:00Z,0.0,-64.84376,-63.489582,0.5972717
2020-03-10T12:00:00Z,0.0,-64.84376,-63.489582,0.75502515
2020-03-11T12:00:00Z,0.0,-64.84376,-63.489582,0.83342874
2020-03-12T12:00:00Z,0.0,-64.84376,-63.489582,0.8273201
2020-03-13T12:00:00Z,0.0,-64.84376,-63.489582,NaN
2020-03-14T12:00:00Z,0.0,-64.84376,-63.489582,NaN
2020-03-15T12:00:00Z,0.0,-64.84376,-63.489582,NaN
2020-03-16T12:00:00Z,0.0,-64.84376,-63.489582,NaN
2020-03-17T12:00:00Z,0.0,-64.84376,-63.489582,NaN
2020-03-18T12:00:00Z,0.0,-64.84376,-63.489582,NaN
2020-03-19T12:00:00Z,0.0,-64.84376,-63.489582,NaN
2020-03-20T12:00:00Z,0.0,-64.84376,-63.489582,NaN
2020-03-21T12:00:00Z,0.0,-64.84376,-63.489582,NaN
2020-03-22T12:00:00Z,0.0,-64.84376,-63.489582,NaN
2020-03-23T12:00:00Z,0.0,-64.84376,-63.489582,NaN
2020-03-24T12:00:00Z,0.0,-64.84376,-63.489582,NaN
2020-03-25T12:00:00Z,0.0,-64.84376,-63.489582,NaN
2020-03-26T12:00:00Z,0.0,-64.84376,-63.489582,NaN
2020-03-27T12:00:00Z,0.0,-64.84376,-63.489582,NaN
2020-03-28T12:00:00Z,0.0,-64.84376,-63.489582,NaN
2020-03-29T12:00:00Z,0.0,-64.84376,-63.489582,NaN
2020-03-30T12:00:00Z,0.0,-64.84376,-63.489582,NaN
2020-03-31T12:00:00Z,0.0,-64.84376,-63.489582,NaN
2020-04-01T12:00:00Z,0.0,-64.84376,-63.489582,NaN
2020-04-02T12:00:00Z,0.0,-64.84376,-63.489582,NaN
2020-04-03T12:00:00Z,0.0,-64.84376,-63.489582,NaN
2020-04-04T12:00:00Z,0.0,-64.84376,-63.489582,NaN
2020-04-05T12:00:00Z,0.0,-64.84376,-63.489582,NaN
2020-04-06T12:00:00Z,0.0,-64.84376,-63.489582,NaN
2020-04-07T12:00:00Z,0.0,-64.84376,-63.489582,NaN
2020-04-08T12:00:00Z,0.0,-64.84376,-63.489582,NaN
2020-04-09T12:00:00Z,0.0,-64.84376,-63.489582,NaN
2020-04-10T12:00:00Z,0.0,-64.84376,-63.489582,NaN
2020-04-11T12:00:00Z,0.0,-64.84376,-63.489582,NaN
2020-04-12T12:00:00Z,0.0,-64.84376,-63.489582,NaN
2020-04-13T12:00:00Z,0.0,-64.84376,-63.489582,NaN
2020-04-14T12:00:00Z,0.0,-64.84376,-63.489582,NaN
2020-04-15T12:00:00Z,0.0,-64.84376,-63.489582,NaN
2020-04-16T12:00:00Z,0.0,-64.84376,-63.489582,NaN
2020-04-17T12:00:00Z,0.0,-64.84376,-63.489582,NaN
2020-04-18T12:00:00Z,0.0,-64.84376,-63.489582,NaN
2020-04-19T12:00:00Z,0.0,-64.84376,-63.489582,NaN
2020-04-20T12:00:00Z,0.0,-64.84376,-63.489582,NaN
2020-04-21T12:00:00Z,0.0,-64.84376,-63.489582,NaN
2020-04-22T12:00:00Z,0.0,-64.84376,-63.489582,NaN
2020-04-23T12:00:00Z,0.0,-64.84376,-63.489582,NaN
2020-04-24T12:00:00Z,0.0,-64.84376,-63.489582,NaN
2020-04-25T12:00:00Z,0.0,-64.84376,-63.489582,NaN
2020-04-26T12:00:00Z,0.0,-64.84376,-63.489582,NaN
2020-04-27T12:00:00Z,0.0,-64.84376,-63.489582,NaN
2020-04-28T12:00:00Z,0.0,-64.84376,-63.489582,NaN
2020-04-29T12:00:00Z,0.0,-64.84376,-63.489582,NaN
2020-04-30T12:00:00Z,0.0,-64.84376,-63.489582,NaN
2020-05-01T12:00:00Z,0.0,-64.84376,-63.489582,NaN
2020-05-02T12:00:00Z,0.0,-64.84376,-63.489582,NaN
2020-05-03T12:00:00Z,0.0,-64.84376,-63.489582,NaN
2020-05-04T12:00:00Z,0.0,-64.84376,-63.489582,NaN
2020-05-05T12:00:00Z,0.0,-64.84376,-63.489582,NaN
2020-05-06T12:00:00Z,0.0,-64.84376,-63.489582,NaN
2020-05-07T12:00:00Z,0.0,-64.84376,-63.489582,NaN
2020-05-08T12:00:00Z,0.0,-64.84376,-63.489582,NaN
2020-05-09T12:00:00Z,0.0,-64.84376,-63.489582,NaN
2020-05-10T12:00:00Z,0.0,-64.84376,-63.489582,NaN
2020-05-11T12:00:00Z,0.0,-64.84376,-63.489582,NaN
2020-05-12T12:00:00Z,0.0,-64.84376,-63.489582,NaN
2020-05-13T12:00:00Z,0.0,-64.84376,-63.489582,NaN
2020-05-14T12:00:00Z,0.0,-64.84376,-63.489582,NaN
2020-05-15T12:00:00Z,0.0,-64.84376,-63.489582,NaN
2020-05-16T12:00:00Z,0.0,-64.84376,-63.489582,NaN
2020-05-17T12:00:00Z,0.0,-64.84376,-63.489582,NaN
2020-05-18T12:00:00Z,0.0,-64.84376,-63.489582,NaN
2020-05-19T12:00:00Z,0.0,-64.84376,-63.489582,NaN
2020-05-20T12:00:00Z,0.0,-64.84376,-63.489582,NaN
2020-05-21T12:00:00Z,0.0,-64.84376,-63.489582,NaN
2020-05-22T12:00:00Z,0.0,-64.84376,-63.489582,NaN
2020-05-23T12:00:00Z,0.0,-64.84376,-63.489582,NaN
2020-05-24T12:00:00Z,0.0,-64.84376,-63.489582,NaN
2020-05-25T12:00:00Z,0.0,-64.84376,-63.489582,NaN
2020-05-26T12:00:00Z,0.0,-64.84376,-63.489582,NaN
2020-05-27T12:00:00Z,0.0,-64.84376,-63.489582,NaN
2020-05-28T12:00:00Z,0.0,-64.84376,-63.489582,NaN
2020-05-29T12:00:00Z,0.0,-64.84376,-63.489582,NaN
2020-05-30T12:00:00Z,0.0,-64.84376,-63.489582,NaN
2020-05-31T12:00:00Z,0.0,-64.84376,-63.489582,NaN
2020-06-01T12:00:00Z,0.0,-64.84376,-63.489582,NaN
2020-06-02T12:00:00Z,0.0,-64.84376,-63.489582,NaN
2020-06-03T12:00:00Z,0.0,-64.84376,-63.489582,NaN
2020-06-04T12:00:00Z,0.0,-64.84376,-63.489582,NaN
2020-06-05T12:00:00Z,0.0,-64.84376,-63.489582,NaN
2020-06-06T12:00:00Z,0.0,-64.84376,-63.489582,NaN
2020-06-07T12:00:00Z,0.0,-64.84376,-63.489582,NaN
2020-06-08T12:00:00Z,0.0,-64.84376,-63.489582,NaN
2020-06-09T12:00:00Z,0.0,-64.84376,-63.489582,NaN
2020-06-10T12:00:00Z,0.0,-64.84376,-63.489582,NaN
2020-06-11T12:00:00Z,0.0,-64.84376,-63.489582,NaN
2020-06-12T12:00:00Z,0.0,-64.84376,-63.489582,NaN
2020-06-13T12:00:00Z,0.0,-64.84376,-63.489582,NaN
2020-06-14T12:00:00Z,0.0,-64.84376,-63.489582,NaN
2020-06-15T12:00:00Z,0.0,-64.84376,-63.489582,NaN
2020-06-16T12:00:00Z,0.0,-64.84376,-63.489582,NaN
2020-06-17T12:00:00Z,0.0,-64.84376,-63.489582,NaN
2020-06-18T12:00:00Z,0.0,-64.84376,-63.489582,NaN
2020-06-19T12:00:00Z,0.0,-64.84376,-63.489582,NaN
2020-06-20T12:00:00Z,0.0,-64.84376,-63.489582,NaN
2020-06-21T12:00:00Z,0.0,-64.84376,-63.489582,NaN
2020-06-22T12:00:00Z,0.0,-64.84376,-63.489582,NaN
2020-06-23T12:00:00Z,0.0,-64.84376,-63.489582,NaN
2020-06-24T12:00:00Z,0.0,-64.84376,-63.489582,NaN
2020-06-25T12:00:00Z,0.0,-64.84376,-63.489582,NaN
2020-06-26T12:00:00Z,0.0,-64.84376,-63.489582,NaN
2020-06-27T12:00:00Z,0.0,-64.84376,-63.489582,NaN
2020-06-28T12:00:00Z,0.0,-64.84376,-63.489582,NaN
2020-06-29T12:00:00Z,0.0,-64.84376,-63.489582,NaN
2020-06-30T12:00:00Z,0.0,-64.84376,-63.489582,NaN
2020-07-01T12:00:00Z,0.0,-64.84376,-63.489582,NaN
2020-07-02T12:00:00Z,0.0,-64.84376,-63.489582,NaN
2020-07-03T12:00:00Z,0.0,-64.84376,-63.489582,NaN
2020-07-04T12:00:00Z,0.0,-64.84376,-63.489582,NaN
2020-07-05T12:00:00Z,0.0,-64.84376,-63.489582,NaN
2020-07-06T12:00:00Z,0.0,-64.84376,-63.489582,NaN
2020-07-07T12:00:00Z,0.0,-64.84376,-63.489582,NaN
2020-07-08T12:00:00Z,0.0,-64.84376,-63.489582,NaN
2020-07-09T12:00:00Z,0.0,-64.84376,-63.489582,NaN
2020-07-10T12:00:00Z,0.0,-64.84376,-63.489582,NaN
2020-07-11T12:00:00Z,0.0,-64.84376,-63.489582,NaN
2020-07-12T12:00:00Z,0.0,-64.84376,-63.489582,NaN
2020-07-13T12:00:00Z,0.0,-64.84376,-63.489582,NaN
2020-07-14T12:00:00Z,0.0,-64.84376,-63.489582,NaN
2020-07-15T12:00:00Z,0.0,-64.84376,-63.489582,NaN
2020-07-16T12:00:00Z,0.0,-64.84376,-63.489582,NaN
2020-07-17T12:00:00Z,0.0,-64.84376,-63.489582,NaN
2020-07-18T12:00:00Z,0.0,-64.84376,-63.489582,NaN
2020-07-19T12:00:00Z,0.0,-64.84376,-63.489582,NaN
2020-07-20T12:00:00Z,0.0,-64.84376,-63.489582,NaN
2020-07-21T12:00:00Z,0.0,-64.84376,-63.489582,NaN
2020-07-22T12:00:00Z,0.0,-64.84376,-63.489582,NaN
2020-07-23T12:00:00Z,0.0,-64.84376,-63.489582,NaN
2020-07-24T12:00:00Z,0.0,-64.84376,-63.489582,NaN
2020-07-25T12:00:00Z,0.0,-64.84376,-63.489582,NaN
2020-07-26T12:00:00Z,0.0,-64.84376,-63.489582,NaN
2020-07-27T12:00:00Z,0.0,-64.84376,-63.489582,NaN
2020-07-28T12:00:00Z,0.0,-64.84376,-63.489582,NaN
2020-07-29T12:00:00Z,0.0,-64.84376,-63.489582,NaN
2020-07-30T12:00:00Z,0.0,-64.84376,-63.489582,NaN
2020-07-31T12:00:00Z,0.0,-64.84376,-63.489582,NaN
2020-08-01T12:00:00Z,0.0,-64.84376,-63.489582,NaN
2020-08-02T12:00:00Z,0.0,-64.84376,-63.489582,NaN
2020-08-03T12:00:00Z,0.0,-64.84376,-63.489582,NaN
2020-08-04T12:00:00Z,0.0,-64.84376,-63.489582,NaN
2020-08-05T12:00:00Z,0.0,-64.84376,-63.489582,NaN
2020-08-06T12:00:00Z,0.0,-64.84376,-63.489582,NaN
2020-08-07T12:00:00Z,0.0,-64.84376,-63.489582,NaN
2020-08-08T12:00:00Z,0.0,-64.84376,-63.489582,NaN
2020-08-09T12:00:00Z,0.0,-64.84376,-63.489582,NaN
2020-08-10T12:00:00Z,0.0,-64.84376,-63.489582,NaN
2020-08-11T12:00:00Z,0.0,-64.84376,-63.489582,NaN
2020-08-12T12:00:00Z,0.0,-64.84376,-63.489582,NaN
2020-08-13T12:00:00Z,0.0,-64.84376,-63.489582,NaN
2020-08-14T12:00:00Z,0.0,-64.84376,-63.489582,NaN
2020-08-15T12:00:00Z,0.0,-64.84376,-63.489582,NaN
2020-08-16T12:00:00Z,0.0,-64.84376,-63.489582,NaN
2020-08-17T12:00:00Z,0.0,-64.84376,-63.489582,NaN
2020-08-18T12:00:00Z,0.0,-64.84376,-63.489582,NaN
2020-08-19T12:00:00Z,0.0,-64.84376,-63.489582,NaN
2020-08-20T12:00:00Z,0.0,-64.84376,-63.489582,NaN
2020-08-21T12:00:00Z,0.0,-64.84376,-63.489582,NaN
2020-08-22T12:00:00Z,0.0,-64.84376,-63.489582,NaN
2020-08-23T12:00:00Z,0.0,-64.84376,-63.489582,NaN
2020-08-24T12:00:00Z,0.0,-64.84376,-63.489582,NaN
2020-08-25T12:00:00Z,0.0,-64.84376,-63.489582,NaN
2020-08-26T12:00:00Z,0.0,-64.84376,-63.489582,NaN
2020-08-27T12:00:00Z,0.0,-64.84376,-63.489582,NaN
2020-08-28T12:00:00Z,0.0,-64.84376,-63.489582,NaN
2020-08-29T12:00:00Z,0.0,-64.84376,-63.489582,NaN
2020-08-30T12:00:00Z,0.0,-64.84376,-63.489582,NaN
2020-08-31T12:00:00Z,0.0,-64.84376,-63.489582,NaN
2020-09-01T12:00:00Z,0.0,-64.84376,-63.489582,NaN
2020-09-02T12:00:00Z,0.0,-64.84376,-63.489582,NaN
2020-09-03T12:00:00Z,0.0,-64.84376,-63.489582,NaN
2020-09-04T12:00:00Z,0.0,-64.84376,-63.489582,NaN
2020-09-05T12:00:00Z,0.0,-64.84376,-63.489582,NaN
2020-09-06T12:00:00Z,0.0,-64.84376,-63.489582,NaN
2020-09-07T12:00:00Z,0.0,-64.84376,-63.489582,NaN
2020-09-08T12:00:00Z,0.0,-64.84376,-63.489582,NaN
2020-09-09T12:00:00Z,0.0,-64.84376,-63.489582,NaN
2020-09-10T12:00:00Z,0.0,-64.84376,-63.489582,NaN
2020-09-11T12:00:00Z,0.0,-64.84376,-63.489582,NaN
2020-09-12T12:00:00Z,0.0,-64.84376,-63.489582,NaN
2020-09-13T12:00:00Z,0.0,-64.84376,-63.489582,NaN
2020-09-14T12:00:00Z,0.0,-64.84376,-63.489582,NaN
2020-09-15T12:00:00Z,0.0,-64.84376,-63.489582,NaN
2020-09-16T12:00:00Z,0.0,-64.84376,-63.489582,NaN
2020-09-17T12:00:00Z,0.0,-64.84376,-63.489582,NaN
2020-09-18T12:00:00Z,0.0,-64.84376,-63.489582,NaN
2020-09-19T12:00:00Z,0.0,-64.84376,-63.489582,NaN
2020-09-20T12:00:00Z,0.0,-64.84376,-63.489582,NaN
2020-09-21T12:00:00Z,0.0,-64.84376,-63.489582,NaN
2020-09-22T12:00:00Z,0.0,-64.84376,-63.489582,NaN
2020-09-23T12:00:00Z,0.0,-64.84376,-63.489582,NaN
2020-09-24T12:00:00Z,0.0,-64.84376,-63.489582,NaN
2020-09-25T12:00:00Z,0.0,-64.84376,-63.489582,NaN
2020-09-26T12:00:00Z,0.0,-64.84376,-63.489582,NaN
2020-09-27T12:00:00Z,0.0,-64.84376,-63.489582,NaN
2020-09-28T12:00:00Z,0.0,-64.84376,-63.489582,NaN
2020-09-29T12:00:00Z,0.0,-64.84376,-63.489582,NaN
2020-09-30T12:00:00Z,0.0,-64.84376,-63.489582,NaN
2020-10-01T12:00:00Z,0.0,-64.84376,-63.489582,NaN
2020-10-02T12:00:00Z,0.0,-64.84376,-63.489582,NaN
2020-10-03T12:00:00Z,0.0,-64.84376,-63.489582,NaN
2020-10-04T12:00:00Z,0.0,-64.84376,-63.489582,NaN
2020-10-05T12:00:00Z,0.0,-64.84376,-63.489582,NaN
2020-10-06T12:00:00Z,0.0,-64.84376,-63.489582,NaN
2020-10-07T12:00:00Z,0.0,-64.84376,-63.489582,NaN
2020-10-08T12:00:00Z,0.0,-64.84376,-63.489582,NaN
2020-10-09T12:00:00Z,0.0,-64.84376,-63.489582,NaN
2020-10-10T12:00:00Z,0.0,-64.84376,-63.489582,NaN
2020-10-11T12:00:00Z,0.0,-64.84376,-63.489582,NaN
2020-10-12T12:00:00Z,0.0,-64.84376,-63.489582,NaN
2020-10-13T12:00:00Z,0.0,-64.84376,-63.489582,NaN
2020-10-14T12:00:00Z,0.0,-64.84376,-63.489582,NaN
2020-10-15T12:00:00Z,0.0,-64.84376,-63.489582,NaN
2020-10-16T12:00:00Z,0.0,-64.84376,-63.489582,NaN
2020-10-17T12:00:00Z,0.0,-64.84376,-63.489582,NaN
2020-10-18T12:00:00Z,0.0,-64.84376,-63.489582,NaN
2020-10-19T12:00:00Z,0.0,-64.84376,-63.489582,NaN
2020-10-20T12:00:00Z,0.0,-64.84376,-63.489582,0.16388606
2020-10-21T12:00:00Z,0.0,-64.84376,-63.489582,0.16416721
2020-10-22T12:00:00Z,0.0,-64.84376,-63.489582,0.16485049
2020-10-23T12:00:00Z,0.0,-64.84376,-63.489582,0.16527447
2020-10-24T12:00:00Z,0.0,-64.84376,-63.489582,0.16629073
2020-10-25T12:00:00Z,0.0,-64.84376,-63.489582,0.16626771
2020-10-26T12:00:00Z,0.0,-64.84376,-63.489582,0.16682279
2020-10-27T12:00:00Z,0.0,-64.84376,-63.489582,0.16659003
2020-10-28T12:00:00Z,0.0,-64.84376,-63.489582,0.4788095
2020-10-29T12:00:00Z,0.0,-64.84376,-63.489582,0.16771097
2020-10-30T12:00:00Z,0.0,-64.84376,-63.489582,0.16763084
2020-10-31T12:00:00Z,0.0,-64.84376,-63.489582,0.3063046
2020-11-01T12:00:00Z,0.0,-64.84376,-63.489582,0.1676077
2020-11-02T12:00:00Z,0.0,-64.84376,-63.489582,0.16799553
2020-11-03T12:00:00Z,0.0,-64.84376,-63.489582,0.4737072
2020-11-04T12:00:00Z,0.0,-64.84376,-63.489582,0.5356381
2020-11-05T12:00:00Z,0.0,-64.84376,-63.489582,0.49662367
2020-11-06T12:00:00Z,0.0,-64.84376,-63.489582,0.31053635
2020-11-07T12:00:00Z,0.0,-64.84376,-63.489582,0.56161934
2020-11-08T12:00:00Z,0.0,-64.84376,-63.489582,0.5177591
2020-11-09T12:00:00Z,0.0,-64.84376,-63.489582,0.39232695
2020-11-10T12:00:00Z,0.0,-64.84376,-63.489582,0.5503734
2020-11-11T12:00:00Z,0.0,-64.84376,-63.489582,0.4056667
2020-11-12T12:00:00Z,0.0,-64.84376,-63.489582,0.35819843
2020-11-13T12:00:00Z,0.0,-64.84376,-63.489582,0.53458387
2020-11-14T12:00:00Z,0.0,-64.84376,-63.489582,0.25167128
2020-11-15T12:00:00Z,0.0,-64.84376,-63.489582,0.4152197
2020-11-16T12:00:00Z,0.0,-64.84376,-63.489582,0.40156886
2020-11-17T12:00:00Z,0.0,-64.84376,-63.489582,0.37573335
2020-11-18T12:00:00Z,0.0,-64.84376,-63.489582,0.43569663
2020-11-19T12:00:00Z,0.0,-64.84376,-63.489582,0.4471492
2020-11-20T12:00:00Z,0.0,-64.84376,-63.489582,0.42891312
2020-11-21T12:00:00Z,0.0,-64.84376,-63.489582,0.48263836
2020-11-22T12:00:00Z,0.0,-64.84376,-63.489582,0.30888724
2020-11-23T12:00:00Z,0.0,-64.84376,-63.489582,0.34804058
2020-11-24T12:00:00Z,0.0,-64.84376,-63.489582,0.25730842
2020-11-25T12:00:00Z,0.0,-64.84376,-63.489582,0.24629925
2020-11-26T12:00:00Z,0.0,-64.84376,-63.489582,0.13147081
2020-11-27T12:00:00Z,0.0,-64.84376,-63.489582,0.12275267
2020-11-28T12:00:00Z,0.0,-64.84376,-63.489582,0.30504978
2020-11-29T12:00:00Z,0.0,-64.84376,-63.489582,0.29034483
2020-11-30T12:00:00Z,0.0,-64.84376,-63.489582,0.3043941
2020-12-01T12:00:00Z,0.0,-64.84376,-63.489582,0.31168085
2020-12-02T12:00:00Z,0.0,-64.84376,-63.489582,0.37347394
2020-12-03T12:00:00Z,0.0,-64.84376,-63.489582,0.27328876
2020-12-04T12:00:00Z,0.0,-64.84376,-63.489582,0.2720916
2020-12-05T12:00:00Z,0.0,-64.84376,-63.489582,0.26796308
2020-12-06T12:00:00Z,0.0,-64.84376,-63.489582,0.24824484
2020-12-07T12:00:00Z,0.0,-64.84376,-63.489582,0.24226338
2020-12-08T12:00:00Z,0.0,-64.84376,-63.489582,0.22998169
2020-12-09T12:00:00Z,0.0,-64.84376,-63.489582,0.24549656
2020-12-10T12:00:00Z,0.0,-64.84376,-63.489582,0.23886979
2020-12-11T12:00:00Z,0.0,-64.84376,-63.489582,0.23763588
2020-12-12T12:00:00Z,0.0,-64.84376,-63.489582,0.25118896
2020-12-13T12:00:00Z,0.0,-64.84376,-63.489582,0.24312718
2020-12-14T12:00:00Z,0.0,-64.84376,-63.489582,0.15624078
2020-12-15T12:00:00Z,0.0,-64.84376,-63.489582,0.25807652
2020-12-16T12:00:00Z,0.0,-64.84376,-63.489582,0.24549699
2020-12-17T12:00:00Z,0.0,-64.84376,-63.489582,0.3124306
2020-12-18T12:00:00Z,0.0,-64.84376,-63.489582,0.31969678
2020-12-19T12:00:00Z,0.0,-64.84376,-63.489582,0.31891865
2020-12-20T12:00:00Z,0.0,-64.84376,-63.489582,0.31527224
2020-12-21T12:00:00Z,0.0,-64.84376,-63.489582,0.3231545
2020-12-22T12:00:00Z,0.0,-64.84376,-63.489582,0.32869786
2020-12-23T12:00:00Z,0.0,-64.84376,-63.489582,0.33460432
2020-12-24T12:00:00Z,0.0,-64.84376,-63.489582,0.33108047
2020-12-25T12:00:00Z,0.0,-64.84376,-63.489582,0.3563332
2020-12-26T12:00:00Z,0.0,-64.84376,-63.489582,0.2675636
2020-12-27T12:00:00Z,0.0,-64.84376,-63.489582,0.2659494
2020-12-28T12:00:00Z,0.0,-64.84376,-63.489582,0.37452006
2020-12-29T12:00:00Z,0.0,-64.84376,-63.489582,0.43270126
2020-12-30T12:00:00Z,0.0,-64.84376,-63.489582,0.4998474
2020-12-31T12:00:00Z,0.0,-64.84376,-63.489582,0.37791923
2021-01-01T12:00:00Z,0.0,-64.84376,-63.489582,0.38334104
2021-01-02T12:00:00Z,0.0,-64.84376,-63.489582,0.36075866
2021-01-03T12:00:00Z,0.0,-64.84376,-63.489582,0.36818606
2021-01-04T12:00:00Z,0.0,-64.84376,-63.489582,0.3713373
2021-01-05T12:00:00Z,0.0,-64.84376,-63.489582,0.38035312
2021-01-06T12:00:00Z,0.0,-64.84376,-63.489582,0.37812996
2021-01-07T12:00:00Z,0.0,-64.84376,-63.489582,0.35946
2021-01-08T12:00:00Z,0.0,-64.84376,-63.489582,0.37560502
2021-01-09T12:00:00Z,0.0,-64.84376,-63.489582,0.37189737
2021-01-10T12:00:00Z,0.0,-64.84376,-63.489582,0.31841803
2021-01-11T12:00:00Z,0.0,-64.84376,-63.489582,0.4802345
2021-01-12T12:00:00Z,0.0,-64.84376,-63.489582,0.47883844
2021-01-13T12:00:00Z,0.0,-64.84376,-63.489582,0.3982339
2021-01-14T12:00:00Z,0.0,-64.84376,-63.489582,0.45368573
2021-01-15T12:00:00Z,0.0,-64.84376,-63.489582,0.4411626
2021-01-16T12:00:00Z,0.0,-64.84376,-63.489582,0.5808641
2021-01-17T12:00:00Z,0.0,-64.84376,-63.489582,0.57894444
2021-01-18T12:00:00Z,0.0,-64.84376,-63.489582,0.34718353
2021-01-19T12:00:00Z,0.0,-64.84376,-63.489582,0.34386924
2021-01-20T12:00:00Z,0.0,-64.84376,-63.489582,0.3502854
2021-01-21T12:00:00Z,0.0,-64.84376,-63.489582,0.3328515
2021-01-22T12:00:00Z,0.0,-64.84376,-63.489582,0.35054746
2021-01-23T12:00:00Z,0.0,-64.84376,-63.489582,0.32976595
2021-01-24T12:00:00Z,0.0,-64.84376,-63.489582,0.33471343
2021-01-25T12:00:00Z,0.0,-64.84376,-63.489582,0.33793068
2021-01-26T12:00:00Z,0.0,-64.84376,-63.489582,0.3464764
2021-01-27T12:00:00Z,0.0,-64.84376,-63.489582,0.33081365
2021-01-28T12:00:00Z,0.0,-64.84376,-63.489582,0.32020786
2021-01-29T12:00:00Z,0.0,-64.84376,-63.489582,0.34523046
2021-01-30T12:00:00Z,0.0,-64.84376,-63.489582,0.23607853
2021-01-31T12:00:00Z,0.0,-64.84376,-63.489582,0.23853333
2021-02-01T12:00:00Z,0.0,-64.84376,-63.489582,0.23932394
2021-02-02T12:00:00Z,0.0,-64.84376,-63.489582,0.4420176
2021-02-03T12:00:00Z,0.0,-64.84376,-63.489582,0.45242172
2021-02-04T12:00:00Z,0.0,-64.84376,-63.489582,0.44903314
2021-02-05T12:00:00Z,0.0,-64.84376,-63.489582,0.45177165
2021-02-06T12:00:00Z,0.0,-64.84376,-63.489582,0.46508616
2021-02-07T12:00:00Z,0.0,-64.84376,-63.489582,0.5201851
2021-02-08T12:00:00Z,0.0,-64.84376,-63.489582,0.5610996
2021-02-09T12:00:00Z,0.0,-64.84376,-63.489582,0.5649111
2021-02-10T12:00:00Z,0.0,-64.84376,-63.489582,0.77250797
2021-02-11T12:00:00Z,0.0,-64.84376,-63.489582,0.7787622
2021-02-12T12:00:00Z,0.0,-64.84376,-63.489582,0.8084543
2021-02-13T12:00:00Z,0.0,-64.84376,-63.489582,0.78631365
2021-02-14T12:00:00Z,0.0,-64.84376,-63.489582,0.71276546
2021-02-15T12:00:00Z,0.0,-64.84376,-63.489582,0.7506386
2021-02-16T12:00:00Z,0.0,-64.84376,-63.489582,0.7145295
2021-02-17T12:00:00Z,0.0,-64.84376,-63.489582,0.7692045
2021-02-18T12:00:00Z,0.0,-64.84376,-63.489582,0.75767493
2021-02-19T12:00:00Z,0.0,-64.84376,-63.489582,0.6939235
2021-02-20T12:00:00Z,0.0,-64.84376,-63.489582,0.74314713
2021-02-21T12:00:00Z,0.0,-64.84376,-63.489582,0.44368872
2021-02-22T12:00:00Z,0.0,-64.84376,-63.489582,0.4464018
2021-02-23T12:00:00Z,0.0,-64.84376,-63.489582,0.08816773
2021-02-24T12:00:00Z,0.0,-64.84376,-63.489582,0.08706384
2021-02-25T12:00:00Z,0.0,-64.84376,-63.489582,0.08087272
2021-02-26T12:00:00Z,0.0,-64.84376,-63.489582,0.083711945
2021-02-27T12:00:00Z,0.0,-64.84376,-63.489582,0.07293648
2021-02-28T12:00:00Z,0.0,-64.84376,-63.489582,0.10719748
2021-03-01T12:00:00Z,0.0,-64.84376,-63.489582,0.07142104
2021-03-02T12:00:00Z,0.0,-64.84376,-63.489582,0.07111372
2021-03-03T12:00:00Z,0.0,-64.84376,-63.489582,0.12988642
2021-03-04T12:00:00Z,0.0,-64.84376,-63.489582,0.091778874
2021-03-05T12:00:00Z,0.0,-64.84376,-63.489582,0.12493727
2021-03-06T12:00:00Z,0.0,-64.84376,-63.489582,0.10704376
2021-03-07T12:00:00Z,0.0,-64.84376,-63.489582,0.10503538
2021-03-08T12:00:00Z,0.0,-64.84376,-63.489582,0.09879319
2021-03-09T12:00:00Z,0.0,-64.84376,-63.489582,0.11060598
2021-03-10T12:00:00Z,0.0,-64.84376,-63.489582,0.109716564
2021-03-11T12:00:00Z,0.0,-64.84376,-63.489582,0.10390085
2021-03-12T12:00:00Z,0.0,-64.84376,-63.489582,0.15021408
2021-03-13T12:00:00Z,0.0,-64.84376,-63.489582,0.11028693
2021-03-14T12:00:00Z,0.0,-64.84376,-63.489582,NaN
2021-03-15T12:00:00Z,0.0,-64.84376,-63.489582,NaN
2021-03-16T12:00:00Z,0.0,-64.84376,-63.489582,NaN
2021-03-17T12:00:00Z,0.0,-64.84376,-63.489582,NaN
2021-03-18T12:00:00Z,0.0,-64.84376,-63.489582,NaN
2021-03-19T12:00:00Z,0.0,-64.84376,-63.489582,NaN
2021-03-20T12:00:00Z,0.0,-64.84376,-63.489582,NaN
2021-03-21T12:00:00Z,0.0,-64.84376,-63.489582,NaN
2021-03-22T12:00:00Z,0.0,-64.84376,-63.489582,NaN
2021-03-23T12:00:00Z,0.0,-64.84376,-63.489582,NaN
2021-03-24T12:00:00Z,0.0,-64.84376,-63.489582,NaN
2021-03-25T12:00:00Z,0.0,-64.84376,-63.489582,NaN
2021-03-26T12:00:00Z,0.0,-64.84376,-63.489582,NaN
2021-03-27T12:00:00Z,0.0,-64.84376,-63.489582,NaN
2021-03-28T12:00:00Z,0.0,-64.84376,-63.489582,NaN
2021-03-29T12:00:00Z,0.0,-64.84376,-63.489582,NaN
2021-03-30T12:00:00Z,0.0,-64.84376,-63.489582,NaN
2021-03-31T12:00:00Z,0.0,-64.84376,-63.489582,NaN
2021-04-01T12:00:00Z,0.0,-64.84376,-63.489582,NaN
2021-04-02T12:00:00Z,0.0,-64.84376,-63.489582,NaN
2021-04-03T12:00:00Z,0.0,-64.84376,-63.489582,NaN
2021-04-04T12:00:00Z,0.0,-64.84376,-63.489582,NaN
2021-04-05T12:00:00Z,0.0,-64.84376,-63.489582,NaN
2021-04-06T12:00:00Z,0.0,-64.84376,-63.489582,NaN
2021-04-07T12:00:00Z,0.0,-64.84376,-63.489582,NaN
2021-04-08T12:00:00Z,0.0,-64.84376,-63.489582,NaN
2021-04-09T12:00:00Z,0.0,-64.84376,-63.489582,NaN
2021-04-10T12:00:00Z,0.0,-64.84376,-63.489582,NaN
2021-04-11T12:00:00Z,0.0,-64.84376,-63.489582,NaN
2021-04-12T12:00:00Z,0.0,-64.84376,-63.489582,NaN
2021-04-13T12:00:00Z,0.0,-64.84376,-63.489582,NaN
2021-04-14T12:00:00Z,0.0,-64.84376,-63.489582,NaN
2021-04-15T12:00:00Z,0.0,-64.84376,-63.489582,NaN
2021-04-16T12:00:00Z,0.0,-64.84376,-63.489582,NaN
2021-04-17T12:00:00Z,0.0,-64.84376,-63.489582,NaN
2021-04-18T12:00:00Z,0.0,-64.84376,-63.489582,NaN
2021-04-19T12:00:00Z,0.0,-64.84376,-63.489582,NaN
2021-04-20T12:00:00Z,0.0,-64.84376,-63.489582,NaN
2021-04-21T12:00:00Z,0.0,-64.84376,-63.489582,NaN
2021-04-22T12:00:00Z,0.0,-64.84376,-63.489582,NaN
2021-04-23T12:00:00Z,0.0,-64.84376,-63.489582,NaN
2021-04-24T12:00:00Z,0.0,-64.84376,-63.489582,NaN
2021-04-25T12:00:00Z,0.0,-64.84376,-63.489582,NaN
2021-04-26T12:00:00Z,0.0,-64.84376,-63.489582,NaN
2021-04-27T12:00:00Z,0.0,-64.84376,-63.489582,NaN
2021-04-28T12:00:00Z,0.0,-64.84376,-63.489582,NaN
2021-04-29T12:00:00Z,0.0,-64.84376,-63.489582,NaN
2021-04-30T12:00:00Z,0.0,-64.84376,-63.489582,NaN
2021-05-01T12:00:00Z,0.0,-64.84376,-63.489582,NaN
2021-05-02T12:00:00Z,0.0,-64.84376,-63.489582,NaN
2021-05-03T12:00:00Z,0.0,-64.84376,-63.489582,NaN
2021-05-04T12:00:00Z,0.0,-64.84376,-63.489582,NaN
2021-05-05T12:00:00Z,0.0,-64.84376,-63.489582,NaN
2021-05-06T12:00:00Z,0.0,-64.84376,-63.489582,NaN
2021-05-07T12:00:00Z,0.0,-64.84376,-63.489582,NaN
2021-05-08T12:00:00Z,0.0,-64.84376,-63.489582,NaN
2021-05-09T12:00:00Z,0.0,-64.84376,-63.489582,NaN
2021-05-10T12:00:00Z,0.0,-64.84376,-63.489582,NaN
2021-05-11T12:00:00Z,0.0,-64.84376,-63.489582,NaN
2021-05-12T12:00:00Z,0.0,-64.84376,-63.489582,NaN
2021-05-13T12:00:00Z,0.0,-64.84376,-63.489582,NaN
2021-05-14T12:00:00Z,0.0,-64.84376,-63.489582,NaN
2021-05-15T12:00:00Z,0.0,-64.84376,-63.489582,NaN
2021-05-16T12:00:00Z,0.0,-64.84376,-63.489582,NaN
2021-05-17T12:00:00Z,0.0,-64.84376,-63.489582,NaN
2021-05-18T12:00:00Z,0.0,-64.84376,-63.489582,NaN
2021-05-19T12:00:00Z,0.0,-64.84376,-63.489582,NaN
2021-05-20T12:00:00Z,0.0,-64.84376,-63.489582,NaN
2021-05-21T12:00:00Z,0.0,-64.84376,-63.489582,NaN
2021-05-22T12:00:00Z,0.0,-64.84376,-63.489582,NaN
2021-05-23T12:00:00Z,0.0,-64.84376,-63.489582,NaN
2021-05-24T12:00:00Z,0.0,-64.84376,-63.489582,NaN
2021-05-25T12:00:00Z,0.0,-64.84376,-63.489582,NaN
2021-05-26T12:00:00Z,0.0,-64.84376,-63.489582,NaN
2021-05-27T12:00:00Z,0.0,-64.84376,-63.489582,NaN
2021-05-28T12:00:00Z,0.0,-64.84376,-63.489582,NaN
2021-05-29T12:00:00Z,0.0,-64.84376,-63.489582,NaN
2021-05-30T12:00:00Z,0.0,-64.84376,-63.489582,NaN
2021-05-31T12:00:00Z,0.0,-64.84376,-63.489582,NaN
2021-06-01T12:00:00Z,0.0,-64.84376,-63.489582,NaN
2021-06-02T12:00:00Z,0.0,-64.84376,-63.489582,NaN
2021-06-03T12:00:00Z,0.0,-64.84376,-63.489582,NaN
2021-06-04T12:00:00Z,0.0,-64.84376,-63.489582,NaN
2021-06-05T12:00:00Z,0.0,-64.84376,-63.489582,NaN
2021-06-06T12:00:00Z,0.0,-64.84376,-63.489582,NaN
2021-06-07T12:00:00Z,0.0,-64.84376,-63.489582,NaN
2021-06-08T12:00:00Z,0.0,-64.84376,-63.489582,NaN
2021-06-09T12:00:00Z,0.0,-64.84376,-63.489582,NaN
2021-06-10T12:00:00Z,0.0,-64.84376,-63.489582,NaN
2021-06-11T12:00:00Z,0.0,-64.84376,-63.489582,NaN
2021-06-12T12:00:00Z,0.0,-64.84376,-63.489582,NaN
2021-06-13T12:00:00Z,0.0,-64.84376,-63.489582,NaN
2021-06-14T12:00:00Z,0.0,-64.84376,-63.489582,NaN
2021-06-15T12:00:00Z,0.0,-64.84376,-63.489582,NaN
2021-06-16T12:00:00Z,0.0,-64.84376,-63.489582,NaN
2021-06-17T12:00:00Z,0.0,-64.84376,-63.489582,NaN
2021-06-18T12:00:00Z,0.0,-64.84376,-63.489582,NaN
2021-06-19T12:00:00Z,0.0,-64.84376,-63.489582,NaN
2021-06-20T12:00:00Z,0.0,-64.84376,-63.489582,NaN
2021-06-21T12:00:00Z,0.0,-64.84376,-63.489582,NaN
2021-06-22T12:00:00Z,0.0,-64.84376,-63.489582,NaN
2021-06-23T12:00:00Z,0.0,-64.84376,-63.489582,NaN
2021-06-24T12:00:00Z,0.0,-64.84376,-63.489582,NaN
2021-06-25T12:00:00Z,0.0,-64.84376,-63.489582,NaN
2021-06-26T12:00:00Z,0.0,-64.84376,-63.489582,NaN
2021-06-27T12:00:00Z,0.0,-64.84376,-63.489582,NaN
2021-06-28T12:00:00Z,0.0,-64.84376,-63.489582,NaN
2021-06-29T12:00:00Z,0.0,-64.84376,-63.489582,NaN
2021-06-30T12:00:00Z,0.0,-64.84376,-63.489582,NaN
2021-07-01T12:00:00Z,0.0,-64.84376,-63.489582,NaN
2021-07-02T12:00:00Z,0.0,-64.84376,-63.489582,NaN
2021-07-03T12:00:00Z,0.0,-64.84376,-63.489582,NaN
2021-07-04T12:00:00Z,0.0,-64.84376,-63.489582,NaN
2021-07-05T12:00:00Z,0.0,-64.84376,-63.489582,NaN
2021-07-06T12:00:00Z,0.0,-64.84376,-63.489582,NaN
2021-07-07T12:00:00Z,0.0,-64.84376,-63.489582,NaN
2021-07-08T12:00:00Z,0.0,-64.84376,-63.489582,NaN
2021-07-09T12:00:00Z,0.0,-64.84376,-63.489582,NaN
2021-07-10T12:00:00Z,0.0,-64.84376,-63.489582,NaN
2021-07-11T12:00:00Z,0.0,-64.84376,-63.489582,NaN
2021-07-12T12:00:00Z,0.0,-64.84376,-63.489582,NaN
2021-07-13T12:00:00Z,0.0,-64.84376,-63.489582,NaN
2021-07-14T12:00:00Z,0.0,-64.84376,-63.489582,NaN
2021-07-15T12:00:00Z,0.0,-64.84376,-63.489582,NaN
2021-07-16T12:00:00Z,0.0,-64.84376,-63.489582,NaN
2021-07-17T12:00:00Z,0.0,-64.84376,-63.489582,NaN
2021-07-18T12:00:00Z,0.0,-64.84376,-63.489582,NaN
2021-07-19T12:00:00Z,0.0,-64.84376,-63.489582,NaN
2021-07-20T12:00:00Z,0.0,-64.84376,-63.489582,NaN
2021-07-21T12:00:00Z,0.0,-64.84376,-63.489582,NaN
2021-07-22T12:00:00Z,0.0,-64.84376,-63.489582,NaN
2021-07-23T12:00:00Z,0.0,-64.84376,-63.489582,NaN
2021-07-24T12:00:00Z,0.0,-64.84376,-63.489582,NaN
2021-07-25T12:00:00Z,0.0,-64.84376,-63.489582,NaN
2021-07-26T12:00:00Z,0.0,-64.84376,-63.489582,NaN
2021-07-27T12:00:00Z,0.0,-64.84376,-63.489582,NaN
2021-07-28T12:00:00Z,0.0,-64.84376,-63.489582,NaN
2021-07-29T12:00:00Z,0.0,-64.84376,-63.489582,NaN
2021-07-30T12:00:00Z,0.0,-64.84376,-63.489582,NaN
2021-07-31T12:00:00Z,0.0,-64.84376,-63.489582,NaN
2021-08-01T12:00:00Z,0.0,-64.84376,-63.489582,NaN
2021-08-02T12:00:00Z,0.0,-64.84376,-63.489582,NaN
2021-08-03T12:00:00Z,0.0,-64.84376,-63.489582,NaN
2021-08-04T12:00:00Z,0.0,-64.84376,-63.489582,NaN
2021-08-05T12:00:00Z,0.0,-64.84376,-63.489582,NaN
2021-08-06T12:00:00Z,0.0,-64.84376,-63.489582,NaN
2021-08-07T12:00:00Z,0.0,-64.84376,-63.489582,NaN
2021-08-08T12:00:00Z,0.0,-64.84376,-63.489582,NaN
2021-08-09T12:00:00Z,0.0,-64.84376,-63.489582,NaN
2021-08-10T12:00:00Z,0.0,-64.84376,-63.489582,NaN
2021-08-11T12:00:00Z,0.0,-64.84376,-63.489582,NaN
2021-08-12T12:00:00Z,0.0,-64.84376,-63.489582,NaN
2021-08-13T12:00:00Z,0.0,-64.84376,-63.489582,NaN
2021-08-14T12:00:00Z,0.0,-64.84376,-63.489582,NaN
2021-08-15T12:00:00Z,0.0,-64.84376,-63.489582,NaN
2021-08-16T12:00:00Z,0.0,-64.84376,-63.489582,NaN
2021-08-17T12:00:00Z,0.0,-64.84376,-63.489582,NaN
2021-08-18T12:00:00Z,0.0,-64.84376,-63.489582,NaN
2021-08-19T12:00:00Z,0.0,-64.84376,-63.489582,NaN
2021-08-20T12:00:00Z,0.0,-64.84376,-63.489582,NaN
2021-08-21T12:00:00Z,0.0,-64.84376,-63.489582,NaN
2021-08-22T12:00:00Z,0.0,-64.84376,-63.489582,NaN
2021-08-23T12:00:00Z,0.0,-64.84376,-63.489582,NaN
2021-08-24T12:00:00Z,0.0,-64.84376,-63.489582,NaN
2021-08-25T12:00:00Z,0.0,-64.84376,-63.489582,NaN
2021-08-26T12:00:00Z,0.0,-64.84376,-63.489582,NaN
2021-08-27T12:00:00Z,0.0,-64.84376,-63.489582,NaN
2021-08-28T12:00:00Z,0.0,-64.84376,-63.489582,NaN
2021-08-29T12:00:00Z,0.0,-64.84376,-63.489582,NaN
2021-08-30T12:00:00Z,0.0,-64.84376,-63.489582,NaN
2021-08-31T12:00:00Z,0.0,-64.84376,-63.489582,NaN
2021-09-01T12:00:00Z,0.0,-64.84376,-63.489582,NaN
2021-09-02T12:00:00Z,0.0,-64.84376,-63.489582,NaN
2021-09-03T12:00:00Z,0.0,-64.84376,-63.489582,NaN
2021-09-04T12:00:00Z,0.0,-64.84376,-63.489582,NaN
2021-09-05T12:00:00Z,0.0,-64.84376,-63.489582,NaN
2021-09-06T12:00:00Z,0.0,-64.84376,-63.489582,NaN
2021-09-07T12:00:00Z,0.0,-64.84376,-63.489582,NaN
2021-09-08T12:00:00Z,0.0,-64.84376,-63.489582,NaN
2021-09-09T12:00:00Z,0.0,-64.84376,-63.489582,NaN
2021-09-10T12:00:00Z,0.0,-64.84376,-63.489582,NaN
2021-09-11T12:00:00Z,0.0,-64.84376,-63.489582,NaN
2021-09-12T12:00:00Z,0.0,-64.84376,-63.489582,NaN
2021-09-13T12:00:00Z,0.0,-64.84376,-63.489582,NaN
2021-09-14T12:00:00Z,0.0,-64.84376,-63.489582,NaN
2021-09-15T12:00:00Z,0.0,-64.84376,-63.489582,NaN
2021-09-16T12:00:00Z,0.0,-64.84376,-63.489582,NaN
2021-09-17T12:00:00Z,0.0,-64.84376,-63.489582,NaN
2021-09-18T12:00:00Z,0.0,-64.84376,-63.489582,NaN
2021-09-19T12:00:00Z,0.0,-64.84376,-63.489582,NaN
2021-09-20T12:00:00Z,0.0,-64.84376,-63.489582,NaN
2021-09-21T12:00:00Z,0.0,-64.84376,-63.489582,NaN
2021-09-22T12:00:00Z,0.0,-64.84376,-63.489582,NaN
2021-09-23T12:00:00Z,0.0,-64.84376,-63.489582,NaN
2021-09-24T12:00:00Z,0.0,-64.84376,-63.489582,NaN
2021-09-25T12:00:00Z,0.0,-64.84376,-63.489582,NaN
2021-09-26T12:00:00Z,0.0,-64.84376,-63.489582,NaN
2021-09-27T12:00:00Z,0.0,-64.84376,-63.489582,NaN
2021-09-28T12:00:00Z,0.0,-64.84376,-63.489582,NaN
2021-09-29T12:00:00Z,0.0,-64.84376,-63.489582,NaN
2021-09-30T12:00:00Z,0.0,-64.84376,-63.489582,NaN
2021-10-01T12:00:00Z,0.0,-64.84376,-63.489582,NaN
2021-10-02T12:00:00Z,0.0,-64.84376,-63.489582,NaN
2021-10-03T12:00:00Z,0.0,-64.84376,-63.489582,NaN
2021-10-04T12:00:00Z,0.0,-64.84376,-63.489582,NaN
2021-10-05T12:00:00Z,0.0,-64.84376,-63.489582,NaN
2021-10-06T12:00:00Z,0.0,-64.84376,-63.489582,NaN
2021-10-07T12:00:00Z,0.0,-64.84376,-63.489582,NaN
2021-10-08T12:00:00Z,0.0,-64.84376,-63.489582,NaN
2021-10-09T12:00:00Z,0.0,-64.84376,-63.489582,NaN
2021-10-10T12:00:00Z,0.0,-64.84376,-63.489582,NaN
2021-10-11T12:00:00Z,0.0,-64.84376,-63.489582,NaN
2021-10-12T12:00:00Z,0.0,-64.84376,-63.489582,NaN
2021-10-13T12:00:00Z,0.0,-64.84376,-63.489582,NaN
2021-10-14T12:00:00Z,0.0,-64.84376,-63.489582,NaN
2021-10-15T12:00:00Z,0.0,-64.84376,-63.489582,NaN
2021-10-16T12:00:00Z,0.0,-64.84376,-63.489582,NaN
2021-10-17T12:00:00Z,0.0,-64.84376,-63.489582,NaN
2021-10-18T12:00:00Z,0.0,-64.84376,-63.489582,NaN
2021-10-19T12:00:00Z,0.0,-64.84376,-63.489582,NaN
2021-10-20T12:00:00Z,0.0,-64.84376,-63.489582,NaN
2021-10-21T12:00:00Z,0.0,-64.84376,-63.489582,0.13610438
2021-10-22T12:00:00Z,0.0,-64.84376,-63.489582,0.13073394
2021-10-23T12:00:00Z,0.0,-64.84376,-63.489582,0.20406467
2021-10-24T12:00:00Z,0.0,-64.84376,-63.489582,0.22935347
2021-10-25T12:00:00Z,0.0,-64.84376,-63.489582,0.21783106
2021-10-26T12:00:00Z,0.0,-64.84376,-63.489582,0.12018043
2021-10-27T12:00:00Z,0.0,-64.84376,-63.489582,0.12500829
2021-10-28T12:00:00Z,0.0,-64.84376,-63.489582,0.13990662
2021-10-29T12:00:00Z,0.0,-64.84376,-63.489582,0.22107215
2021-10-30T12:00:00Z,0.0,-64.84376,-63.489582,0.12720647
2021-10-31T12:00:00Z,0.0,-64.84376,-63.489582,0.14022242
2021-11-01T12:00:00Z,0.0,-64.84376,-63.489582,0.14820293
2021-11-02T12:00:00Z,0.0,-64.84376,-63.489582,0.21356711
2021-11-03T12:00:00Z,0.0,-64.84376,-63.489582,0.15080495
2021-11-04T12:00:00Z,0.0,-64.84376,-63.489582,0.22459476
2021-11-05T12:00:00Z,0.0,-64.84376,-63.489582,0.2237715
2021-11-06T12:00:00Z,0.0,-64.84376,-63.489582,0.23269384
2021-11-07T12:00:00Z,0.0,-64.84376,-63.489582,0.22721218
2021-11-08T12:00:00Z,0.0,-64.84376,-63.489582,0.22985087
2021-11-09T12:00:00Z,0.0,-64.84376,-63.489582,0.220761
2021-11-10T12:00:00Z,0.0,-64.84376,-63.489582,0.25633162
2021-11-11T12:00:00Z,0.0,-64.84376,-63.489582,0.25981304
2021-11-12T12:00:00Z,0.0,-64.84376,-63.489582,0.3126134
2021-11-13T12:00:00Z,0.0,-64.84376,-63.489582,0.2870004
2021-11-14T12:00:00Z,0.0,-64.84376,-63.489582,0.2746378
2021-11-15T12:00:00Z,0.0,-64.84376,-63.489582,0.38504505
2021-11-16T12:00:00Z,0.0,-64.84376,-63.489582,0.36672485
2021-11-17T12:00:00Z,0.0,-64.84376,-63.489582,0.34909758
2021-11-18T12:00:00Z,0.0,-64.84376,-63.489582,0.43489566
2021-11-19T12:00:00Z,0.0,-64.84376,-63.489582,0.4250945
2021-11-20T12:00:00Z,0.0,-64.84376,-63.489582,0.44372296
2021-11-21T12:00:00Z,0.0,-64.84376,-63.489582,0.3952789
2021-11-22T12:00:00Z,0.0,-64.84376,-63.489582,0.44116095
2021-11-23T12:00:00Z,0.0,-64.84376,-63.489582,0.43127316
2021-11-24T12:00:00Z,0.0,-64.84376,-63.489582,0.4264645
2021-11-25T12:00:00Z,0.0,-64.84376,-63.489582,0.45551732
2021-11-26T12:00:00Z,0.0,-64.84376,-63.489582,0.45759183
2021-11-27T12:00:00Z,0.0,-64.84376,-63.489582,0.4273606
2021-11-28T12:00:00Z,0.0,-64.84376,-63.489582,0.42406124
2021-11-29T12:00:00Z,0.0,-64.84376,-63.489582,0.53847176
2021-11-30T12:00:00Z,0.0,-64.84376,-63.489582,0.60527366
2021-12-01T12:00:00Z,0.0,-64.84376,-63.489582,0.64828646
2021-12-02T12:00:00Z,0.0,-64.84376,-63.489582,0.7429924
2021-12-03T12:00:00Z,0.0,-64.84376,-63.489582,0.7151149
2021-12-04T12:00:00Z,0.0,-64.84376,-63.489582,0.64829206
2021-12-05T12:00:00Z,0.0,-64.84376,-63.489582,0.6043955
2021-12-06T12:00:00Z,0.0,-64.84376,-63.489582,0.61103463
2021-12-07T12:00:00Z,0.0,-64.84376,-63.489582,0.66471726
2021-12-08T12:00:00Z,0.0,-64.84376,-63.489582,0.62465024
2021-12-09T12:00:00Z,0.0,-64.84376,-63.489582,0.6310147
2021-12-10T12:00:00Z,0.0,-64.84376,-63.489582,0.62074393
2021-12-11T12:00:00Z,0.0,-64.84376,-63.489582,0.663879
2021-12-12T12:00:00Z,0.0,-64.84376,-63.489582,0.61238575
2021-12-13T12:00:00Z,0.0,-64.84376,-63.489582,0.3354753
2021-12-14T12:00:00Z,0.0,-64.84376,-63.489582,0.6096757
2021-12-15T12:00:00Z,0.0,-64.84376,-63.489582,0.42505288
2021-12-16T12:00:00Z,0.0,-64.84376,-63.489582,0.4927254
2021-12-17T12:00:00Z,0.0,-64.84376,-63.489582,0.54341733
2021-12-18T12:00:00Z,0.0,-64.84376,-63.489582,0.52948254
2021-12-19T12:00:00Z,0.0,-64.84376,-63.489582,0.52777445
2021-12-20T12:00:00Z,0.0,-64.84376,-63.489582,0.09792873
2021-12-21T12:00:00Z,0.0,-64.84376,-63.489582,0.0780402
2021-12-22T12:00:00Z,0.0,-64.84376,-63.489582,0.09022378
2021-12-23T12:00:00Z,0.0,-64.84376,-63.489582,0.057279862
2021-12-24T12:00:00Z,0.0,-64.84376,-63.489582,0.06552212
2021-12-25T12:00:00Z,0.0,-64.84376,-63.489582,0.06194049
2021-12-26T12:00:00Z,0.0,-64.84376,-63.489582,0.058158144
2021-12-27T12:00:00Z,0.0,-64.84376,-63.489582,0.04948246
2021-12-28T12:00:00Z,0.0,-64.84376,-63.489582,0.049184084
2021-12-29T12:00:00Z,0.0,-64.84376,-63.489582,0.43167493
2021-12-30T12:00:00Z,0.0,-64.84376,-63.489582,0.5494832
2021-12-31T12:00:00Z,0.0,-64.84376,-63.489582,0.36363184
2022-01-01T12:00:00Z,0.0,-64.84376,-63.489582,0.36389756
2022-01-02T12:00:00Z,0.0,-64.84376,-63.489582,0.40939572
2022-01-03T12:00:00Z,0.0,-64.84376,-63.489582,0.5117673
2022-01-04T12:00:00Z,0.0,-64.84376,-63.489582,0.45860997
2022-01-05T12:00:00Z,0.0,-64.84376,-63.489582,0.5343151
2022-01-06T12:00:00Z,0.0,-64.84376,-63.489582,0.64817226
2022-01-07T12:00:00Z,0.0,-64.84376,-63.489582,0.64622027
2022-01-08T12:00:00Z,0.0,-64.84376,-63.489582,0.5904014
2022-01-09T12:00:00Z,0.0,-64.84376,-63.489582,0.64100957
2022-01-10T12:00:00Z,0.0,-64.84376,-63.489582,0.77642274
2022-01-11T12:00:00Z,0.0,-64.84376,-63.489582,0.8277834
2022-01-12T12:00:00Z,0.0,-64.84376,-63.489582,0.4364568
2022-01-13T12:00:00Z,0.0,-64.84376,-63.489582,0.45331705
2022-01-14T12:00:00Z,0.0,-64.84376,-63.489582,0.591788
2022-01-15T12:00:00Z,0.0,-64.84376,-63.489582,0.41162157
2022-01-16T12:00:00Z,0.0,-64.84376,-63.489582,0.57103693
2022-01-17T12:00:00Z,0.0,-64.84376,-63.489582,0.511048
2022-01-18T12:00:00Z,0.0,-64.84376,-63.489582,0.6783536
2022-01-19T12:00:00Z,0.0,-64.84376,-63.489582,0.6236307
2022-01-20T12:00:00Z,0.0,-64.84376,-63.489582,0.62371004
2022-01-21T12:00:00Z,0.0,-64.84376,-63.489582,0.6586883
2022-01-22T12:00:00Z,0.0,-64.84376,-63.489582,0.6320024
2022-01-23T12:00:00Z,0.0,-64.84376,-63.489582,0.68205005
2022-01-24T12:00:00Z,0.0,-64.84376,-63.489582,0.63819814
2022-01-25T12:00:00Z,0.0,-64.84376,-63.489582,0.6138493
2022-01-26T12:00:00Z,0.0,-64.84376,-63.489582,0.63491565
2022-01-27T12:00:00Z,0.0,-64.84376,-63.489582,0.6381165
2022-01-28T12:00:00Z,0.0,-64.84376,-63.489582,0.8159208
2022-01-29T12:00:00Z,0.0,-64.84376,-63.489582,0.8893629
2022-01-30T12:00:00Z,0.0,-64.84376,-63.489582,0.8308417
2022-01-31T12:00:00Z,0.0,-64.84376,-63.489582,0.9075821
2022-02-01T12:00:00Z,0.0,-64.84376,-63.489582,0.9036278
2022-02-02T12:00:00Z,0.0,-64.84376,-63.489582,0.9218537
2022-02-03T12:00:00Z,0.0,-64.84376,-63.489582,0.92992675
2022-02-04T12:00:00Z,0.0,-64.84376,-63.489582,0.5878379
2022-02-05T12:00:00Z,0.0,-64.84376,-63.489582,0.55294603
2022-02-06T12:00:00Z,0.0,-64.84376,-63.489582,0.5139348
2022-02-07T12:00:00Z,0.0,-64.84376,-63.489582,0.4558209
2022-02-08T12:00:00Z,0.0,-64.84376,-63.489582,0.46264756
2022-02-09T12:00:00Z,0.0,-64.84376,-63.489582,0.6532841
2022-02-10T12:00:00Z,0.0,-64.84376,-63.489582,0.666156
2022-02-11T12:00:00Z,0.0,-64.84376,-63.489582,0.65180767
2022-02-12T12:00:00Z,0.0,-64.84376,-63.489582,0.5552644
2022-02-13T12:00:00Z,0.0,-64.84376,-63.489582,0.5972584
2022-02-14T12:00:00Z,0.0,-64.84376,-63.489582,0.6137996
2022-02-15T12:00:00Z,0.0,-64.84376,-63.489582,0.55012
2022-02-16T12:00:00Z,0.0,-64.84376,-63.489582,0.5992257
2022-02-17T12:00:00Z,0.0,-64.84376,-63.489582,0.67468536
2022-02-18T12:00:00Z,0.0,-64.84376,-63.489582,0.6504894
2022-02-19T12:00:00Z,0.0,-64.84376,-63.489582,0.60878885
2022-02-20T12:00:00Z,0.0,-64.84376,-63.489582,0.57343686
2022-02-21T12:00:00Z,0.0,-64.84376,-63.489582,0.5173837
2022-02-22T12:00:00Z,0.0,-64.84376,-63.489582,0.54377186
2022-02-23T12:00:00Z,0.0,-64.84376,-63.489582,0.46179712
2022-02-24T12:00:00Z,0.0,-64.84376,-63.489582,0.43458763
2022-02-25T12:00:00Z,0.0,-64.84376,-63.489582,0.4422718
2022-02-26T12:00:00Z,0.0,-64.84376,-63.489582,0.41375536
2022-02-27T12:00:00Z,0.0,-64.84376,-63.489582,0.50104344
2022-02-28T12:00:00Z,0.0,-64.84376,-63.489582,0.46098775
2022-03-01T12:00:00Z,0.0,-64.84376,-63.489582,0.46893555
2022-03-02T12:00:00Z,0.0,-64.84376,-63.489582,0.44701087
2022-03-03T12:00:00Z,0.0,-64.84376,-63.489582,0.4557845
2022-03-04T12:00:00Z,0.0,-64.84376,-63.489582,0.45754442
2022-03-05T12:00:00Z,0.0,-64.84376,-63.489582,0.45037082
2022-03-06T12:00:00Z,0.0,-64.84376,-63.489582,0.45496142
2022-03-07T12:00:00Z,0.0,-64.84376,-63.489582,0.40458736
2022-03-08T12:00:00Z,0.0,-64.84376,-63.489582,0.38826022
2022-03-09T12:00:00Z,0.0,-64.84376,-63.489582,0.26442
2022-03-10T12:00:00Z,0.0,-64.84376,-63.489582,0.4325509
2022-03-11T12:00:00Z,0.0,-64.84376,-63.489582,0.3143449
2022-03-12T12:00:00Z,0.0,-64.84376,-63.489582,0.30171138
2022-03-13T12:00:00Z,0.0,-64.84376,-63.489582,0.095238216
2022-03-14T12:00:00Z,0.0,-64.84376,-63.489582,NaN
2022-03-15T12:00:00Z,0.0,-64.84376,-63.489582,NaN
2022-03-16T12:00:00Z,0.0,-64.84376,-63.489582,NaN
2022-03-17T12:00:00Z,0.0,-64.84376,-63.489582,NaN
2022-03-18T12:00:00Z,0.0,-64.84376,-63.489582,NaN
2022-03-19T12:00:00Z,0.0,-64.84376,-63.489582,NaN
2022-03-20T12:00:00Z,0.0,-64.84376,-63.489582,NaN
2022-03-21T12:00:00Z,0.0,-64.84376,-63.489582,NaN
2022-03-22T12:00:00Z,0.0,-64.84376,-63.489582,NaN
2022-03-23T12:00:00Z,0.0,-64.84376,-63.489582,NaN
2022-03-24T12:00:00Z,0.0,-64.84376,-63.489582,NaN
2022-03-25T12:00:00Z,0.0,-64.84376,-63.489582,NaN
2022-03-26T12:00:00Z,0.0,-64.84376,-63.489582,NaN
2022-03-27T12:00:00Z,0.0,-64.84376,-63.489582,NaN
2022-03-28T12:00:00Z,0.0,-64.84376,-63.489582,NaN
2022-03-29T12:00:00Z,0.0,-64.84376,-63.489582,NaN
2022-03-30T12:00:00Z,0.0,-64.84376,-63.489582,NaN
2022-03-31T12:00:00Z,0.0,-64.84376,-63.489582,NaN
2022-04-01T12:00:00Z,0.0,-64.84376,-63.489582,NaN
2022-04-02T12:00:00Z,0.0,-64.84376,-63.489582,NaN
2022-04-03T12:00:00Z,0.0,-64.84376,-63.489582,NaN
2022-04-04T12:00:00Z,0.0,-64.84376,-63.489582,NaN
2022-04-05T12:00:00Z,0.0,-64.84376,-63.489582,NaN
2022-04-06T12:00:00Z,0.0,-64.84376,-63.489582,NaN
2022-04-07T12:00:00Z,0.0,-64.84376,-63.489582,NaN
2022-04-08T12:00:00Z,0.0,-64.84376,-63.489582,NaN
2022-04-09T12:00:00Z,0.0,-64.84376,-63.489582,NaN
2022-04-10T12:00:00Z,0.0,-64.84376,-63.489582,NaN
2022-04-11T12:00:00Z,0.0,-64.84376,-63.489582,NaN
2022-04-12T12:00:00Z,0.0,-64.84376,-63.489582,NaN
2022-04-13T12:00:00Z,0.0,-64.84376,-63.489582,NaN
2022-04-14T12:00:00Z,0.0,-64.84376,-63.489582,NaN
2022-04-15T12:00:00Z,0.0,-64.84376,-63.489582,NaN
2022-04-16T12:00:00Z,0.0,-64.84376,-63.489582,NaN
2022-04-17T12:00:00Z,0.0,-64.84376,-63.489582,NaN
2022-04-18T12:00:00Z,0.0,-64.84376,-63.489582,NaN
2022-04-19T12:00:00Z,0.0,-64.84376,-63.489582,NaN
2022-04-20T12:00:00Z,0.0,-64.84376,-63.489582,NaN
2022-04-21T12:00:00Z,0.0,-64.84376,-63.489582,NaN
2022-04-22T12:00:00Z,0.0,-64.84376,-63.489582,NaN
2022-04-23T12:00:00Z,0.0,-64.84376,-63.489582,NaN
2022-04-24T12:00:00Z,0.0,-64.84376,-63.489582,NaN
2022-04-25T12:00:00Z,0.0,-64.84376,-63.489582,NaN
2022-04-26T12:00:00Z,0.0,-64.84376,-63.489582,NaN
2022-04-27T12:00:00Z,0.0,-64.84376,-63.489582,NaN
2022-04-28T12:00:00Z,0.0,-64.84376,-63.489582,NaN
2022-04-29T12:00:00Z,0.0,-64.84376,-63.489582,NaN
2022-04-30T12:00:00Z,0.0,-64.84376,-63.489582,NaN
2022-05-01T12:00:00Z,0.0,-64.84376,-63.489582,NaN
2022-05-02T12:00:00Z,0.0,-64.84376,-63.489582,NaN
2022-05-03T12:00:00Z,0.0,-64.84376,-63.489582,NaN
2022-05-04T12:00:00Z,0.0,-64.84376,-63.489582,NaN
2022-05-05T12:00:00Z,0.0,-64.84376,-63.489582,NaN
2022-05-06T12:00:00Z,0.0,-64.84376,-63.489582,NaN
2022-05-07T12:00:00Z,0.0,-64.84376,-63.489582,NaN
2022-05-08T12:00:00Z,0.0,-64.84376,-63.489582,NaN
2022-05-09T12:00:00Z,0.0,-64.84376,-63.489582,NaN
2022-05-10T12:00:00Z,0.0,-64.84376,-63.489582,NaN
2022-05-11T12:00:00Z,0.0,-64.84376,-63.489582,NaN
2022-05-12T12:00:00Z,0.0,-64.84376,-63.489582,NaN
2022-05-13T12:00:00Z,0.0,-64.84376,-63.489582,NaN
2022-05-14T12:00:00Z,0.0,-64.84376,-63.489582,NaN
2022-05-15T12:00:00Z,0.0,-64.84376,-63.489582,NaN
2022-05-16T12:00:00Z,0.0,-64.84376,-63.489582,NaN
2022-05-17T12:00:00Z,0.0,-64.84376,-63.489582,NaN
2022-05-18T12:00:00Z,0.0,-64.84376,-63.489582,NaN
2022-05-19T12:00:00Z,0.0,-64.84376,-63.489582,NaN
2022-05-20T12:00:00Z,0.0,-64.84376,-63.489582,NaN
2022-05-21T12:00:00Z,0.0,-64.84376,-63.489582,NaN
2022-05-22T12:00:00Z,0.0,-64.84376,-63.489582,NaN
2022-05-23T12:00:00Z,0.0,-64.84376,-63.489582,NaN
2022-05-24T12:00:00Z,0.0,-64.84376,-63.489582,NaN
2022-05-25T12:00:00Z,0.0,-64.84376,-63.489582,NaN
2022-05-26T12:00:00Z,0.0,-64.84376,-63.489582,NaN
2022-05-27T12:00:00Z,0.0,-64.84376,-63.489582,NaN
2022-05-28T12:00:00Z,0.0,-64.84376,-63.489582,NaN
2022-05-29T12:00:00Z,0.0,-64.84376,-63.489582,NaN
2022-05-30T12:00:00Z,0.0,-64.84376,-63.489582,NaN
2022-05-31T12:00:00Z,0.0,-64.84376,-63.489582,NaN
2022-06-01T12:00:00Z,0.0,-64.84376,-63.489582,NaN
2022-06-02T12:00:00Z,0.0,-64.84376,-63.489582,NaN
2022-06-03T12:00:00Z,0.0,-64.84376,-63.489582,NaN
2022-06-04T12:00:00Z,0.0,-64.84376,-63.489582,NaN
2022-06-05T12:00:00Z,0.0,-64.84376,-63.489582,NaN
2022-06-06T12:00:00Z,0.0,-64.84376,-63.489582,NaN
2022-06-07T12:00:00Z,0.0,-64.84376,-63.489582,NaN
2022-06-08T12:00:00Z,0.0,-64.84376,-63.489582,NaN
2022-06-09T12:00:00Z,0.0,-64.84376,-63.489582,NaN
2022-06-10T12:00:00Z,0.0,-64.84376,-63.489582,NaN
2022-06-11T12:00:00Z,0.0,-64.84376,-63.489582,NaN
2022-06-12T12:00:00Z,0.0,-64.84376,-63.489582,NaN
2022-06-13T12:00:00Z,0.0,-64.84376,-63.489582,NaN
2022-06-14T12:00:00Z,0.0,-64.84376,-63.489582,NaN
2022-06-15T12:00:00Z,0.0,-64.84376,-63.489582,NaN
2022-06-16T12:00:00Z,0.0,-64.84376,-63.489582,NaN
2022-06-17T12:00:00Z,0.0,-64.84376,-63.489582,NaN
2022-06-18T12:00:00Z,0.0,-64.84376,-63.489582,NaN
2022-06-19T12:00:00Z,0.0,-64.84376,-63.489582,NaN
2022-06-20T12:00:00Z,0.0,-64.84376,-63.489582,NaN
2022-06-21T12:00:00Z,0.0,-64.84376,-63.489582,NaN
2022-06-22T12:00:00Z,0.0,-64.84376,-63.489582,NaN
2022-06-23T12:00:00Z,0.0,-64.84376,-63.489582,NaN
2022-06-24T12:00:00Z,0.0,-64.84376,-63.489582,NaN
2022-06-25T12:00:00Z,0.0,-64.84376,-63.489582,NaN
2022-06-26T12:00:00Z,0.0,-64.84376,-63.489582,NaN
2022-06-27T12:00:00Z,0.0,-64.84376,-63.489582,NaN
2022-06-28T12:00:00Z,0.0,-64.84376,-63.489582,NaN
2022-06-29T12:00:00Z,0.0,-64.84376,-63.489582,NaN
2022-06-30T12:00:00Z,0.0,-64.84376,-63.489582,NaN
2022-07-01T12:00:00Z,0.0,-64.84376,-63.489582,NaN
2022-07-02T12:00:00Z,0.0,-64.84376,-63.489582,NaN
2022-07-03T12:00:00Z,0.0,-64.84376,-63.489582,NaN
2022-07-04T12:00:00Z,0.0,-64.84376,-63.489582,NaN
2022-07-05T12:00:00Z,0.0,-64.84376,-63.489582,NaN
2022-07-06T12:00:00Z,0.0,-64.84376,-63.489582,NaN
2022-07-07T12:00:00Z,0.0,-64.84376,-63.489582,NaN
2022-07-08T12:00:00Z,0.0,-64.84376,-63.489582,NaN
2022-07-09T12:00:00Z,0.0,-64.84376,-63.489582,NaN
2022-07-10T12:00:00Z,0.0,-64.84376,-63.489582,NaN
2022-07-11T12:00:00Z,0.0,-64.84376,-63.489582,NaN
2022-07-12T12:00:00Z,0.0,-64.84376,-63.489582,NaN
2022-07-13T12:00:00Z,0.0,-64.84376,-63.489582,NaN
2022-07-14T12:00:00Z,0.0,-64.84376,-63.489582,NaN
2022-07-15T12:00:00Z,0.0,-64.84376,-63.489582,NaN
2022-07-16T12:00:00Z,0.0,-64.84376,-63.489582,NaN
2022-07-17T12:00:00Z,0.0,-64.84376,-63.489582,NaN
2022-07-18T12:00:00Z,0.0,-64.84376,-63.489582,NaN
2022-07-19T12:00:00Z,0.0,-64.84376,-63.489582,NaN
2022-07-20T12:00:00Z,0.0,-64.84376,-63.489582,NaN
2022-07-21T12:00:00Z,0.0,-64.84376,-63.489582,NaN
2022-07-22T12:00:00Z,0.0,-64.84376,-63.489582,NaN
2022-07-23T12:00:00Z,0.0,-64.84376,-63.489582,NaN
2022-07-24T12:00:00Z,0.0,-64.84376,-63.489582,NaN
2022-07-25T12:00:00Z,0.0,-64.84376,-63.489582,NaN
2022-07-26T12:00:00Z,0.0,-64.84376,-63.489582,NaN
2022-07-27T12:00:00Z,0.0,-64.84376,-63.489582,NaN
2022-07-28T12:00:00Z,0.0,-64.84376,-63.489582,NaN
2022-07-29T12:00:00Z,0.0,-64.84376,-63.489582,NaN
2022-07-30T12:00:00Z,0.0,-64.84376,-63.489582,NaN
2022-07-31T12:00:00Z,0.0,-64.84376,-63.489582,NaN
2022-08-01T12:00:00Z,0.0,-64.84376,-63.489582,NaN
2022-08-02T12:00:00Z,0.0,-64.84376,-63.489582,NaN
2022-08-03T12:00:00Z,0.0,-64.84376,-63.489582,NaN
2022-08-04T12:00:00Z,0.0,-64.84376,-63.489582,NaN
2022-08-05T12:00:00Z,0.0,-64.84376,-63.489582,NaN
2022-08-06T12:00:00Z,0.0,-64.84376,-63.489582,NaN
2022-08-07T12:00:00Z,0.0,-64.84376,-63.489582,NaN
2022-08-08T12:00:00Z,0.0,-64.84376,-63.489582,NaN
2022-08-09T12:00:00Z,0.0,-64.84376,-63.489582,NaN
2022-08-10T12:00:00Z,0.0,-64.84376,-63.489582,NaN
2022-08-11T12:00:00Z,0.0,-64.84376,-63.489582,NaN
2022-08-12T12:00:00Z,0.0,-64.84376,-63.489582,NaN
2022-08-13T12:00:00Z,0.0,-64.84376,-63.489582,NaN
2022-08-14T12:00:00Z,0.0,-64.84376,-63.489582,NaN
2022-08-15T12:00:00Z,0.0,-64.84376,-63.489582,NaN
2022-08-16T12:00:00Z,0.0,-64.84376,-63.489582,NaN
2022-08-17T12:00:00Z,0.0,-64.84376,-63.489582,NaN
2022-08-18T12:00:00Z,0.0,-64.84376,-63.489582,NaN
2022-08-19T12:00:00Z,0.0,-64.84376,-63.489582,NaN
2022-08-20T12:00:00Z,0.0,-64.84376,-63.489582,NaN
2022-08-21T12:00:00Z,0.0,-64.84376,-63.489582,NaN
2022-08-22T12:00:00Z,0.0,-64.84376,-63.489582,NaN
2022-08-23T12:00:00Z,0.0,-64.84376,-63.489582,NaN
2022-08-24T12:00:00Z,0.0,-64.84376,-63.489582,NaN
2022-08-25T12:00:00Z,0.0,-64.84376,-63.489582,NaN
2022-08-26T12:00:00Z,0.0,-64.84376,-63.489582,NaN
2022-08-27T12:00:00Z,0.0,-64.84376,-63.489582,NaN
2022-08-28T12:00:00Z,0.0,-64.84376,-63.489582,NaN
2022-08-29T12:00:00Z,0.0,-64.84376,-63.489582,NaN
2022-08-30T12:00:00Z,0.0,-64.84376,-63.489582,NaN
2022-08-31T12:00:00Z,0.0,-64.84376,-63.489582,NaN
2022-09-01T12:00:00Z,0.0,-64.84376,-63.489582,NaN
2022-09-02T12:00:00Z,0.0,-64.84376,-63.489582,NaN
2022-09-03T12:00:00Z,0.0,-64.84376,-63.489582,NaN
2022-09-04T12:00:00Z,0.0,-64.84376,-63.489582,NaN
2022-09-05T12:00:00Z,0.0,-64.84376,-63.489582,NaN
2022-09-06T12:00:00Z,0.0,-64.84376,-63.489582,NaN
2022-09-07T12:00:00Z,0.0,-64.84376,-63.489582,NaN
2022-09-08T12:00:00Z,0.0,-64.84376,-63.489582,NaN
2022-09-09T12:00:00Z,0.0,-64.84376,-63.489582,NaN
2022-09-10T12:00:00Z,0.0,-64.84376,-63.489582,NaN
2022-09-11T12:00:00Z,0.0,-64.84376,-63.489582,NaN
2022-09-12T12:00:00Z,0.0,-64.84376,-63.489582,NaN
2022-09-13T12:00:00Z,0.0,-64.84376,-63.489582,NaN
2022-09-14T12:00:00Z,0.0,-64.84376,-63.489582,NaN
2022-09-15T12:00:00Z,0.0,-64.84376,-63.489582,NaN
2022-09-16T12:00:00Z,0.0,-64.84376,-63.489582,NaN
2022-09-17T12:00:00Z,0.0,-64.84376,-63.489582,NaN
2022-09-18T12:00:00Z,0.0,-64.84376,-63.489582,NaN
2022-09-19T12:00:00Z,0.0,-64.84376,-63.489582,NaN
2022-09-20T12:00:00Z,0.0,-64.84376,-63.489582,NaN
2022-09-21T12:00:00Z,0.0,-64.84376,-63.489582,NaN
2022-09-22T12:00:00Z,0.0,-64.84376,-63.489582,NaN
2022-09-23T12:00:00Z,0.0,-64.84376,-63.489582,NaN
2022-09-24T12:00:00Z,0.0,-64.84376,-63.489582,NaN
2022-09-25T12:00:00Z,0.0,-64.84376,-63.489582,NaN
2022-09-26T12:00:00Z,0.0,-64.84376,-63.489582,NaN
2022-09-27T12:00:00Z,0.0,-64.84376,-63.489582,NaN
2022-09-28T12:00:00Z,0.0,-64.84376,-63.489582,NaN
2022-09-29T12:00:00Z,0.0,-64.84376,-63.489582,NaN
2022-09-30T12:00:00Z,0.0,-64.84376,-63.489582,NaN
2022-10-01T12:00:00Z,0.0,-64.84376,-63.489582,NaN
2022-10-02T12:00:00Z,0.0,-64.84376,-63.489582,NaN
2022-10-03T12:00:00Z,0.0,-64.84376,-63.489582,NaN
2022-10-04T12:00:00Z,0.0,-64.84376,-63.489582,NaN
2022-10-05T12:00:00Z,0.0,-64.84376,-63.489582,NaN
2022-10-06T12:00:00Z,0.0,-64.84376,-63.489582,NaN
2022-10-07T12:00:00Z,0.0,-64.84376,-63.489582,NaN
2022-10-08T12:00:00Z,0.0,-64.84376,-63.489582,NaN
2022-10-09T12:00:00Z,0.0,-64.84376,-63.489582,NaN
2022-10-10T12:00:00Z,0.0,-64.84376,-63.489582,NaN
2022-10-11T12:00:00Z,0.0,-64.84376,-63.489582,NaN
2022-10-12T12:00:00Z,0.0,-64.84376,-63.489582,NaN
2022-10-13T12:00:00Z,0.0,-64.84376,-63.489582,NaN
2022-10-14T12:00:00Z,0.0,-64.84376,-63.489582,NaN
2022-10-15T12:00:00Z,0.0,-64.84376,-63.489582,NaN
2022-10-16T12:00:00Z,0.0,-64.84376,-63.489582,NaN
2022-10-17T12:00:00Z,0.0,-64.84376,-63.489582,NaN
2022-10-18T12:00:00Z,0.0,-64.84376,-63.489582,NaN
2022-10-19T12:00:00Z,0.0,-64.84376,-63.489582,NaN
2022-10-20T12:00:00Z,0.0,-64.84376,-63.489582,NaN
2022-10-21T12:00:00Z,0.0,-64.84376,-63.489582,0.11589113
2022-10-22T12:00:00Z,0.0,-64.84376,-63.489582,0.11985461
2022-10-23T12:00:00Z,0.0,-64.84376,-63.489582,0.11894932
2022-10-24T12:00:00Z,0.0,-64.84376,-63.489582,0.122098975
2022-10-25T12:00:00Z,0.0,-64.84376,-63.489582,0.18175426
2022-10-26T12:00:00Z,0.0,-64.84376,-63.489582,0.17841549
2022-10-27T12:00:00Z,0.0,-64.84376,-63.489582,0.17343667
2022-10-28T12:00:00Z,0.0,-64.84376,-63.489582,0.20511325
2022-10-29T12:00:00Z,0.0,-64.84376,-63.489582,0.18009198
2022-10-30T12:00:00Z,0.0,-64.84376,-63.489582,0.20607029
2022-10-31T12:00:00Z,0.0,-64.84376,-63.489582,0.21315531
2022-11-01T12:00:00Z,0.0,-64.84376,-63.489582,0.21800634
2022-11-02T12:00:00Z,0.0,-64.84376,-63.489582,0.22084785
2022-11-03T12:00:00Z,0.0,-64.84376,-63.489582,0.19941467
2022-11-04T12:00:00Z,0.0,-64.84376,-63.489582,0.17674533
2022-11-05T12:00:00Z,0.0,-64.84376,-63.489582,0.20363851
2022-11-06T12:00:00Z,0.0,-64.84376,-63.489582,0.20604979
2022-11-07T12:00:00Z,0.0,-64.84376,-63.489582,0.20769179
2022-11-08T12:00:00Z,0.0,-64.84376,-63.489582,0.21169384
2022-11-09T12:00:00Z,0.0,-64.84376,-63.489582,0.29281437
2022-11-10T12:00:00Z,0.0,-64.84376,-63.489582,0.2182974
2022-11-11T12:00:00Z,0.0,-64.84376,-63.489582,0.21895656
2022-11-12T12:00:00Z,0.0,-64.84376,-63.489582,0.21893778
2022-11-13T12:00:00Z,0.0,-64.84376,-63.489582,0.6762626
2022-11-14T12:00:00Z,0.0,-64.84376,-63.489582,0.26921105
2022-11-15T12:00:00Z,0.0,-64.84376,-63.489582,0.25792584
2022-11-16T12:00:00Z,0.0,-64.84376,-63.489582,0.27573618
2022-11-17T12:00:00Z,0.0,-64.84376,-63.489582,0.3360093
2022-11-18T12:00:00Z,0.0,-64.84376,-63.489582,0.3766088
2022-11-19T12:00:00Z,0.0,-64.84376,-63.489582,0.44226417
2022-11-20T12:00:00Z,0.0,-64.84376,-63.489582,0.35580665
2022-11-21T12:00:00Z,0.0,-64.84376,-63.489582,0.37615183
2022-11-22T12:00:00Z,0.0,-64.84376,-63.489582,0.31035838
2022-11-23T12:00:00Z,0.0,-64.84376,-63.489582,0.29932466
2022-11-24T12:00:00Z,0.0,-64.84376,-63.489582,0.27283686
2022-11-25T12:00:00Z,0.0,-64.84376,-63.489582,0.2620431
2022-11-26T12:00:00Z,0.0,-64.84376,-63.489582,0.24421363
2022-11-27T12:00:00Z,0.0,-64.84376,-63.489582,0.32418895
2022-11-28T12:00:00Z,0.0,-64.84376,-63.489582,0.33552372
2022-11-29T12:00:00Z,0.0,-64.84376,-63.489582,0.29349938
2022-11-30T12:00:00Z,0.0,-64.84376,-63.489582,0.3258189
2022-12-01T12:00:00Z,0.0,-64.84376,-63.489582,0.27625093
2022-12-02T12:00:00Z,0.0,-64.84376,-63.489582,0.17911273
2022-12-03T12:00:00Z,0.0,-64.84376,-63.489582,0.32192186
2022-12-04T12:00:00Z,0.0,-64.84376,-63.489582,0.3211448
2022-12-05T12:00:00Z,0.0,-64.84376,-63.489582,0.32849985
2022-12-06T12:00:00Z,0.0,-64.84376,-63.489582,0.31325334
2022-12-07T12:00:00Z,0.0,-64.84376,-63.489582,0.5660924
2022-12-08T12:00:00Z,0.0,-64.84376,-63.489582,0.5300118
2022-12-09T12:00:00Z,0.0,-64.84376,-63.489582,0.5492917
2022-12-10T12:00:00Z,0.0,-64.84376,-63.489582,0.49546772
2022-12-11T12:00:00Z,0.0,-64.84376,-63.489582,0.4579996
2022-12-12T12:00:00Z,0.0,-64.84376,-63.489582,0.41046602
2022-12-13T12:00:00Z,0.0,-64.84376,-63.489582,0.4922841
2022-12-14T12:00:00Z,0.0,-64.84376,-63.489582,0.50739706
2022-12-15T12:00:00Z,0.0,-64.84376,-63.489582,0.5002031
2022-12-16T12:00:00Z,0.0,-64.84376,-63.489582,0.47629565
2022-12-17T12:00:00Z,0.0,-64.84376,-63.489582,0.47840184
2022-12-18T12:00:00Z,0.0,-64.84376,-63.489582,0.50626594
2022-12-19T12:00:00Z,0.0,-64.84376,-63.489582,0.45062286
2022-12-20T12:00:00Z,0.0,-64.84376,-63.489582,0.52321386
2022-12-21T12:00:00Z,0.0,-64.84376,-63.489582,0.520198
2022-12-22T12:00:00Z,0.0,-64.84376,-63.489582,0.59728134
2022-12-23T12:00:00Z,0.0,-64.84376,-63.489582,0.4962044
2022-12-24T12:00:00Z,0.0,-64.84376,-63.489582,0.5184153
2022-12-25T12:00:00Z,0.0,-64.84376,-63.489582,0.47999468
2022-12-26T12:00:00Z,0.0,-64.84376,-63.489582,0.4252524
2022-12-27T12:00:00Z,0.0,-64.84376,-63.489582,0.37126765
2022-12-28T12:00:00Z,0.0,-64.84376,-63.489582,0.47608006
2022-12-29T12:00:00Z,0.0,-64.84376,-63.489582,0.5065545
2022-12-30T12:00:00Z,0.0,-64.84376,-63.489582,0.385311
2022-12-31T12:00:00Z,0.0,-64.84376,-63.489582,0.6125076
2023-01-01T12:00:00Z,0.0,-64.84376,-63.489582,0.5313261
2023-01-02T12:00:00Z,0.0,-64.84376,-63.489582,0.90958565
2023-01-03T12:00:00Z,0.0,-64.84376,-63.489582,0.7950736
2023-01-04T12:00:00Z,0.0,-64.84376,-63.489582,0.7938278
2023-01-05T12:00:00Z,0.0,-64.84376,-63.489582,0.6874672
2023-01-06T12:00:00Z,0.0,-64.84376,-63.489582,0.69631594
2023-01-07T12:00:00Z,0.0,-64.84376,-63.489582,0.7202897
2023-01-08T12:00:00Z,0.0,-64.84376,-63.489582,0.7162537
2023-01-09T12:00:00Z,0.0,-64.84376,-63.489582,0.7562098
2023-01-10T12:00:00Z,0.0,-64.84376,-63.489582,0.6038245
2023-01-11T12:00:00Z,0.0,-64.84376,-63.489582,0.50385123
2023-01-12T12:00:00Z,0.0,-64.84376,-63.489582,0.46466085
2023-01-13T12:00:00Z,0.0,-64.84376,-63.489582,0.42812544
2023-01-14T12:00:00Z,0.0,-64.84376,-63.489582,0.38355258
2023-01-15T12:00:00Z,0.0,-64.84376,-63.489582,0.42999974
2023-01-16T12:00:00Z,0.0,-64.84376,-63.489582,0.40152267
2023-01-17T12:00:00Z,0.0,-64.84376,-63.489582,0.4080745
2023-01-18T12:00:00Z,0.0,-64.84376,-63.489582,0.39114043
2023-01-19T12:00:00Z,0.0,-64.84376,-63.489582,0.45269984
2023-01-20T12:00:00Z,0.0,-64.84376,-63.489582,0.35767454
2023-01-21T12:00:00Z,0.0,-64.84376,-63.489582,0.5331798
2023-01-22T12:00:00Z,0.0,-64.84376,-63.489582,0.35356298
2023-01-23T12:00:00Z,0.0,-64.84376,-63.489582,0.35082772
2023-01-24T12:00:00Z,0.0,-64.84376,-63.489582,0.3459236
2023-01-25T12:00:00Z,0.0,-64.84376,-63.489582,0.39797878
2023-01-26T12:00:00Z,0.0,-64.84376,-63.489582,0.39424387
2023-01-27T12:00:00Z,0.0,-64.84376,-63.489582,0.36035374
2023-01-28T12:00:00Z,0.0,-64.84376,-63.489582,0.45950544
2023-01-29T12:00:00Z,0.0,-64.84376,-63.489582,0.48622134
2023-01-30T12:00:00Z,0.0,-64.84376,-63.489582,0.5047472
2023-01-31T12:00:00Z,0.0,-64.84376,-63.489582,0.5067209
2023-02-01T12:00:00Z,0.0,-64.84376,-63.489582,0.41136265
2023-02-02T12:00:00Z,0.0,-64.84376,-63.489582,0.41002843
2023-02-03T12:00:00Z,0.0,-64.84376,-63.489582,0.4576322
2023-02-04T12:00:00Z,0.0,-64.84376,-63.489582,0.30847454
2023-02-05T12:00:00Z,0.0,-64.84376,-63.489582,0.29563364
2023-02-06T12:00:00Z,0.0,-64.84376,-63.489582,0.2928118
2023-02-07T12:00:00Z,0.0,-64.84376,-63.489582,0.28701672
2023-02-08T12:00:00Z,0.0,-64.84376,-63.489582,0.27601236
2023-02-09T12:00:00Z,0.0,-64.84376,-63.489582,0.46000165
2023-02-10T12:00:00Z,0.0,-64.84376,-63.489582,0.46605393
2023-02-11T12:00:00Z,0.0,-64.84376,-63.489582,0.47056118
2023-02-12T12:00:00Z,0.0,-64.84376,-63.489582,0.4932127
2023-02-13T12:00:00Z,0.0,-64.84376,-63.489582,0.5939075
2023-02-14T12:00:00Z,0.0,-64.84376,-63.489582,0.33059663
2023-02-15T12:00:00Z,0.0,-64.84376,-63.489582,0.58564585
2023-02-16T12:00:00Z,0.0,-64.84376,-63.489582,0.5011859
2023-02-17T12:00:00Z,0.0,-64.84376,-63.489582,0.472401
2023-02-18T12:00:00Z,0.0,-64.84376,-63.489582,0.48057103
2023-02-19T12:00:00Z,0.0,-64.84376,-63.489582,0.2959211
2023-02-20T12:00:00Z,0.0,-64.84376,-63.489582,0.35636342
2023-02-21T12:00:00Z,0.0,-64.84376,-63.489582,0.3770441
2023-02-22T12:00:00Z,0.0,-64.84376,-63.489582,0.36661205
2023-02-23T12:00:00Z,0.0,-64.84376,-63.489582,0.3641003
2023-02-24T12:00:00Z,0.0,-64.84376,-63.489582,0.30585217
2023-02-25T12:00:00Z,0.0,-64.84376,-63.489582,0.317618
2023-02-26T12:00:00Z,0.0,-64.84376,-63.489582,0.30149138
2023-02-27T12:00:00Z,0.0,-64.84376,-63.489582,0.30757987
2023-02-28T12:00:00Z,0.0,-64.84376,-63.489582,0.30284655
2023-03-01T12:00:00Z,0.0,-64.84376,-63.489582,0.33255306
2023-03-02T12:00:00Z,0.0,-64.84376,-63.489582,0.32172942
2023-03-03T12:00:00Z,0.0,-64.84376,-63.489582,0.30708468
2023-03-04T12:00:00Z,0.0,-64.84376,-63.489582,0.2942012
2023-03-05T12:00:00Z,0.0,-64.84376,-63.489582,0.29149428
2023-03-06T12:00:00Z,0.0,-64.84376,-63.489582,0.28680655
2023-03-07T12:00:00Z,0.0,-64.84376,-63.489582,0.27397388
2023-03-08T12:00:00Z,0.0,-64.84376,-63.489582,0.27601472
2023-03-09T12:00:00Z,0.0,-64.84376,-63.489582,0.25184155
2023-03-10T12:00:00Z,0.0,-64.84376,-63.489582,0.27001423
2023-03-11T12:00:00Z,0.0,-64.84376,-63.489582,0.259741
2023-03-12T12:00:00Z,0.0,-64.84376,-63.489582,0.25704214
2023-03-13T12:00:00Z,0.0,-64.84376,-63.489582,0.24633835
2023-03-14T12:00:00Z,0.0,-64.84376,-63.489582,NaN
2023-03-15T12:00:00Z,0.0,-64.84376,-63.489582,NaN
2023-03-16T12:00:00Z,0.0,-64.84376,-63.489582,NaN
2023-03-17T12:00:00Z,0.0,-64.84376,-63.489582,NaN
2023-03-18T12:00:00Z,0.0,-64.84376,-63.489582,NaN
2023-03-19T12:00:00Z,0.0,-64.84376,-63.489582,NaN
2023-03-20T12:00:00Z,0.0,-64.84376,-63.489582,NaN
2023-03-21T12:00:00Z,0.0,-64.84376,-63.489582,NaN
2023-03-22T12:00:00Z,0.0,-64.84376,-63.489582,NaN
2023-03-23T12:00:00Z,0.0,-64.84376,-63.489582,NaN
2023-03-24T12:00:00Z,0.0,-64.84376,-63.489582,NaN
2023-03-25T12:00:00Z,0.0,-64.84376,-63.489582,NaN
2023-03-26T12:00:00Z,0.0,-64.84376,-63.489582,NaN
2023-03-27T12:00:00Z,0.0,-64.84376,-63.489582,NaN
2023-03-28T12:00:00Z,0.0,-64.84376,-63.489582,NaN
2023-03-29T12:00:00Z,0.0,-64.84376,-63.489582,NaN
2023-03-30T12:00:00Z,0.0,-64.84376,-63.489582,NaN
2023-03-31T12:00:00Z,0.0,-64.84376,-63.489582,NaN
2023-04-01T12:00:00Z,0.0,-64.84376,-63.489582,NaN
2023-04-02T12:00:00Z,0.0,-64.84376,-63.489582,NaN
2023-04-03T12:00:00Z,0.0,-64.84376,-63.489582,NaN
2023-04-04T12:00:00Z,0.0,-64.84376,-63.489582,NaN
2023-04-05T12:00:00Z,0.0,-64.84376,-63.489582,NaN
2023-04-06T12:00:00Z,0.0,-64.84376,-63.489582,NaN
2023-04-07T12:00:00Z,0.0,-64.84376,-63.489582,NaN
2023-04-08T12:00:00Z,0.0,-64.84376,-63.489582,NaN
2023-04-09T12:00:00Z,0.0,-64.84376,-63.489582,NaN
2023-04-10T12:00:00Z,0.0,-64.84376,-63.489582,NaN
2023-04-11T12:00:00Z,0.0,-64.84376,-63.489582,NaN
2023-04-12T12:00:00Z,0.0,-64.84376,-63.489582,NaN
2023-04-13T12:00:00Z,0.0,-64.84376,-63.489582,NaN
2023-04-14T12:00:00Z,0.0,-64.84376,-63.489582,NaN
2023-04-15T12:00:00Z,0.0,-64.84376,-63.489582,NaN
2023-04-16T12:00:00Z,0.0,-64.84376,-63.489582,NaN
2023-04-17T12:00:00Z,0.0,-64.84376,-63.489582,NaN
2023-04-18T12:00:00Z,0.0,-64.84376,-63.489582,NaN
2023-04-19T12:00:00Z,0.0,-64.84376,-63.489582,NaN
2023-04-20T12:00:00Z,0.0,-64.84376,-63.489582,NaN
2023-04-21T12:00:00Z,0.0,-64.84376,-63.489582,NaN
2023-04-22T12:00:00Z,0.0,-64.84376,-63.489582,NaN
2023-04-23T12:00:00Z,0.0,-64.84376,-63.489582,NaN
2023-04-24T12:00:00Z,0.0,-64.84376,-63.489582,NaN
2023-04-25T12:00:00Z,0.0,-64.84376,-63.489582,NaN
2023-04-26T12:00:00Z,0.0,-64.84376,-63.489582,NaN
2023-04-27T12:00:00Z,0.0,-64.84376,-63.489582,NaN
2023-04-28T12:00:00Z,0.0,-64.84376,-63.489582,NaN
2023-04-29T12:00:00Z,0.0,-64.84376,-63.489582,NaN
2023-04-30T12:00:00Z,0.0,-64.84376,-63.489582,NaN
2023-05-01T12:00:00Z,0.0,-64.84376,-63.489582,NaN
2023-05-02T12:00:00Z,0.0,-64.84376,-63.489582,NaN
2023-05-03T12:00:00Z,0.0,-64.84376,-63.489582,NaN
2023-05-04T12:00:00Z,0.0,-64.84376,-63.489582,NaN
2023-05-05T12:00:00Z,0.0,-64.84376,-63.489582,NaN
2023-05-06T12:00:00Z,0.0,-64.84376,-63.489582,NaN
2023-05-07T12:00:00Z,0.0,-64.84376,-63.489582,NaN
2023-05-08T12:00:00Z,0.0,-64.84376,-63.489582,NaN
2023-05-09T12:00:00Z,0.0,-64.84376,-63.489582,NaN
2023-05-10T12:00:00Z,0.0,-64.84376,-63.489582,NaN
2023-05-11T12:00:00Z,0.0,-64.84376,-63.489582,NaN
2023-05-12T12:00:00Z,0.0,-64.84376,-63.489582,NaN
2023-05-13T12:00:00Z,0.0,-64.84376,-63.489582,NaN
2023-05-14T12:00:00Z,0.0,-64.84376,-63.489582,NaN
2023-05-15T12:00:00Z,0.0,-64.84376,-63.489582,NaN
2023-05-16T12:00:00Z,0.0,-64.84376,-63.489582,NaN
2023-05-17T12:00:00Z,0.0,-64.84376,-63.489582,NaN
2023-05-18T12:00:00Z,0.0,-64.84376,-63.489582,NaN
2023-05-19T12:00:00Z,0.0,-64.84376,-63.489582,NaN
2023-05-20T12:00:00Z,0.0,-64.84376,-63.489582,NaN
2023-05-21T12:00:00Z,0.0,-64.84376,-63.489582,NaN
2023-05-22T12:00:00Z,0.0,-64.84376,-63.489582,NaN
2023-05-23T12:00:00Z,0.0,-64.84376,-63.489582,NaN
2023-05-24T12:00:00Z,0.0,-64.84376,-63.489582,NaN
2023-05-25T12:00:00Z,0.0,-64.84376,-63.489582,NaN
2023-05-26T12:00:00Z,0.0,-64.84376,-63.489582,NaN
2023-05-27T12:00:00Z,0.0,-64.84376,-63.489582,NaN
2023-05-28T12:00:00Z,0.0,-64.84376,-63.489582,NaN
2023-05-29T12:00:00Z,0.0,-64.84376,-63.489582,NaN
2023-05-30T12:00:00Z,0.0,-64.84376,-63.489582,NaN
2023-05-31T12:00:00Z,0.0,-64.84376,-63.489582,NaN
2023-06-01T12:00:00Z,0.0,-64.84376,-63.489582,NaN
2023-06-02T12:00:00Z,0.0,-64.84376,-63.489582,NaN
2023-06-03T12:00:00Z,0.0,-64.84376,-63.489582,NaN
2023-06-04T12:00:00Z,0.0,-64.84376,-63.489582,NaN
2023-06-05T12:00:00Z,0.0,-64.84376,-63.489582,NaN
2023-06-06T12:00:00Z,0.0,-64.84376,-63.489582,NaN
2023-06-07T12:00:00Z,0.0,-64.84376,-63.489582,NaN
2023-06-08T12:00:00Z,0.0,-64.84376,-63.489582,NaN
2023-06-09T12:00:00Z,0.0,-64.84376,-63.489582,NaN
2023-06-10T12:00:00Z,0.0,-64.84376,-63.489582,NaN
2023-06-11T12:00:00Z,0.0,-64.84376,-63.489582,NaN
2023-06-12T12:00:00Z,0.0,-64.84376,-63.489582,NaN
2023-06-13T12:00:00Z,0.0,-64.84376,-63.489582,NaN
2023-06-14T12:00:00Z,0.0,-64.84376,-63.489582,NaN
2023-06-15T12:00:00Z,0.0,-64.84376,-63.489582,NaN
2023-06-16T12:00:00Z,0.0,-64.84376,-63.489582,NaN
2023-06-17T12:00:00Z,0.0,-64.84376,-63.489582,NaN
2023-06-18T12:00:00Z,0.0,-64.84376,-63.489582,NaN
2023-06-19T12:00:00Z,0.0,-64.84376,-63.489582,NaN
2023-06-20T12:00:00Z,0.0,-64.84376,-63.489582,NaN
2023-06-21T12:00:00Z,0.0,-64.84376,-63.489582,NaN
2023-06-22T12:00:00Z,0.0,-64.84376,-63.489582,NaN
2023-06-23T12:00:00Z,0.0,-64.84376,-63.489582,NaN
2023-06-24T12:00:00Z,0.0,-64.84376,-63.489582,NaN
2023-06-25T12:00:00Z,0.0,-64.84376,-63.489582,NaN
2023-06-26T12:00:00Z,0.0,-64.84376,-63.489582,NaN
2023-06-27T12:00:00Z,0.0,-64.84376,-63.489582,NaN
2023-06-28T12:00:00Z,0.0,-64.84376,-63.489582,NaN
2023-06-29T12:00:00Z,0.0,-64.84376,-63.489582,NaN
2023-06-30T12:00:00Z,0.0,-64.84376,-63.489582,NaN
2023-07-01T12:00:00Z,0.0,-64.84376,-63.489582,NaN
2023-07-02T12:00:00Z,0.0,-64.84376,-63.489582,NaN
2023-07-03T12:00:00Z,0.0,-64.84376,-63.489582,NaN
2023-07-04T12:00:00Z,0.0,-64.84376,-63.489582,NaN
2023-07-05T12:00:00Z,0.0,-64.84376,-63.489582,NaN
2023-07-06T12:00:00Z,0.0,-64.84376,-63.489582,NaN
2023-07-07T12:00:00Z,0.0,-64.84376,-63.489582,NaN
2023-07-08T12:00:00Z,0.0,-64.84376,-63.489582,NaN
2023-07-09T12:00:00Z,0.0,-64.84376,-63.489582,NaN
2023-07-10T12:00:00Z,0.0,-64.84376,-63.489582,NaN
2023-07-11T12:00:00Z,0.0,-64.84376,-63.489582,NaN
2023-07-12T12:00:00Z,0.0,-64.84376,-63.489582,NaN
2023-07-13T12:00:00Z,0.0,-64.84376,-63.489582,NaN
2023-07-14T12:00:00Z,0.0,-64.84376,-63.489582,NaN
2023-07-15T12:00:00Z,0.0,-64.84376,-63.489582,NaN
2023-07-16T12:00:00Z,0.0,-64.84376,-63.489582,NaN
2023-07-17T12:00:00Z,0.0,-64.84376,-63.489582,NaN
2023-07-18T12:00:00Z,0.0,-64.84376,-63.489582,NaN
2023-07-19T12:00:00Z,0.0,-64.84376,-63.489582,NaN
2023-07-20T12:00:00Z,0.0,-64.84376,-63.489582,NaN
2023-07-21T12:00:00Z,0.0,-64.84376,-63.489582,NaN
2023-07-22T12:00:00Z,0.0,-64.84376,-63.489582,NaN
2023-07-23T12:00:00Z,0.0,-64.84376,-63.489582,NaN
2023-07-24T12:00:00Z,0.0,-64.84376,-63.489582,NaN
2023-07-25T12:00:00Z,0.0,-64.84376,-63.489582,NaN
2023-07-26T12:00:00Z,0.0,-64.84376,-63.489582,NaN
2023-07-27T12:00:00Z,0.0,-64.84376,-63.489582,NaN
2023-07-28T12:00:00Z,0.0,-64.84376,-63.489582,NaN
2023-07-29T12:00:00Z,0.0,-64.84376,-63.489582,NaN
2023-07-30T12:00:00Z,0.0,-64.84376,-63.489582,NaN
2023-07-31T12:00:00Z,0.0,-64.84376,-63.489582,NaN
2023-08-01T12:00:00Z,0.0,-64.84376,-63.489582,NaN
2023-08-02T12:00:00Z,0.0,-64.84376,-63.489582,NaN
2023-08-03T12:00:00Z,0.0,-64.84376,-63.489582,NaN
2023-08-04T12:00:00Z,0.0,-64.84376,-63.489582,NaN
2023-08-05T12:00:00Z,0.0,-64.84376,-63.489582,NaN
2023-08-06T12:00:00Z,0.0,-64.84376,-63.489582,NaN
2023-08-07T12:00:00Z,0.0,-64.84376,-63.489582,NaN
2023-08-08T12:00:00Z,0.0,-64.84376,-63.489582,NaN
2023-08-09T12:00:00Z,0.0,-64.84376,-63.489582,NaN
2023-08-10T12:00:00Z,0.0,-64.84376,-63.489582,NaN
2023-08-11T12:00:00Z,0.0,-64.84376,-63.489582,NaN
2023-08-12T12:00:00Z,0.0,-64.84376,-63.489582,NaN
2023-08-13T12:00:00Z,0.0,-64.84376,-63.489582,NaN
2023-08-14T12:00:00Z,0.0,-64.84376,-63.489582,NaN
2023-08-15T12:00:00Z,0.0,-64.84376,-63.489582,NaN
2023-08-16T12:00:00Z,0.0,-64.84376,-63.489582,NaN
2023-08-17T12:00:00Z,0.0,-64.84376,-63.489582,NaN
2023-08-18T12:00:00Z,0.0,-64.84376,-63.489582,NaN
2023-08-19T12:00:00Z,0.0,-64.84376,-63.489582,NaN
2023-08-20T12:00:00Z,0.0,-64.84376,-63.489582,NaN
2023-08-21T12:00:00Z,0.0,-64.84376,-63.489582,NaN
2023-08-22T12:00:00Z,0.0,-64.84376,-63.489582,NaN
2023-08-23T12:00:00Z,0.0,-64.84376,-63.489582,NaN
2023-08-24T12:00:00Z,0.0,-64.84376,-63.489582,NaN
2023-08-25T12:00:00Z,0.0,-64.84376,-63.489582,NaN
2023-08-26T12:00:00Z,0.0,-64.84376,-63.489582,NaN
2023-08-27T12:00:00Z,0.0,-64.84376,-63.489582,NaN
2023-08-28T12:00:00Z,0.0,-64.84376,-63.489582,NaN
2023-08-29T12:00:00Z,0.0,-64.84376,-63.489582,NaN
2023-08-30T12:00:00Z,0.0,-64.84376,-63.489582,NaN
2023-08-31T12:00:00Z,0.0,-64.84376,-63.489582,NaN
2023-09-01T12:00:00Z,0.0,-64.84376,-63.489582,NaN
2023-09-02T12:00:00Z,0.0,-64.84376,-63.489582,NaN
2023-09-03T12:00:00Z,0.0,-64.84376,-63.489582,NaN
2023-09-04T12:00:00Z,0.0,-64.84376,-63.489582,NaN
2023-09-05T12:00:00Z,0.0,-64.84376,-63.489582,NaN
2023-09-06T12:00:00Z,0.0,-64.84376,-63.489582,NaN
2023-09-07T12:00:00Z,0.0,-64.84376,-63.489582,NaN
2023-09-08T12:00:00Z,0.0,-64.84376,-63.489582,NaN
2023-09-09T12:00:00Z,0.0,-64.84376,-63.489582,NaN
2023-09-10T12:00:00Z,0.0,-64.84376,-63.489582,NaN
2023-09-11T12:00:00Z,0.0,-64.84376,-63.489582,NaN
2023-09-12T12:00:00Z,0.0,-64.84376,-63.489582,NaN
2023-09-13T12:00:00Z,0.0,-64.84376,-63.489582,NaN
2023-09-14T12:00:00Z,0.0,-64.84376,-63.489582,NaN
2023-09-15T12:00:00Z,0.0,-64.84376,-63.489582,NaN
2023-09-16T12:00:00Z,0.0,-64.84376,-63.489582,NaN
2023-09-17T12:00:00Z,0.0,-64.84376,-63.489582,NaN
2023-09-18T12:00:00Z,0.0,-64.84376,-63.489582,NaN
2023-09-19T12:00:00Z,0.0,-64.84376,-63.489582,NaN
2023-09-20T12:00:00Z,0.0,-64.84376,-63.489582,NaN
2023-09-21T12:00:00Z,0.0,-64.84376,-63.489582,NaN
2023-09-22T12:00:00Z,0.0,-64.84376,-63.489582,NaN
2023-09-23T12:00:00Z,0.0,-64.84376,-63.489582,NaN
2023-09-24T12:00:00Z,0.0,-64.84376,-63.489582,NaN
2023-09-25T12:00:00Z,0.0,-64.84376,-63.489582,NaN
2023-09-26T12:00:00Z,0.0,-64.84376,-63.489582,NaN
2023-09-27T12:00:00Z,0.0,-64.84376,-63.489582,NaN
2023-09-28T12:00:00Z,0.0,-64.84376,-63.489582,NaN
2023-09-29T12:00:00Z,0.0,-64.84376,-63.489582,NaN
2023-09-30T12:00:00Z,0.0,-64.84376,-63.489582,NaN
2023-10-01T12:00:00Z,0.0,-64.84376,-63.489582,NaN
2023-10-02T12:00:00Z,0.0,-64.84376,-63.489582,NaN
2023-10-03T12:00:00Z,0.0,-64.84376,-63.489582,NaN
2023-10-04T12:00:00Z,0.0,-64.84376,-63.489582,NaN
2023-10-05T12:00:00Z,0.0,-64.84376,-63.489582,NaN
2023-10-06T12:00:00Z,0.0,-64.84376,-63.489582,NaN
2023-10-07T12:00:00Z,0.0,-64.84376,-63.489582,NaN
2023-10-08T12:00:00Z,0.0,-64.84376,-63.489582,NaN
2023-10-09T12:00:00Z,0.0,-64.84376,-63.489582,NaN
2023-10-10T12:00:00Z,0.0,-64.84376,-63.489582,NaN
2023-10-11T12:00:00Z,0.0,-64.84376,-63.489582,NaN
2023-10-12T12:00:00Z,0.0,-64.84376,-63.489582,NaN
2023-10-13T12:00:00Z,0.0,-64.84376,-63.489582,NaN
2023-10-14T12:00:00Z,0.0,-64.84376,-63.489582,NaN
2023-10-15T12:00:00Z,0.0,-64.84376,-63.489582,NaN
2023-10-16T12:00:00Z,0.0,-64.84376,-63.489582,NaN
2023-10-17T12:00:00Z,0.0,-64.84376,-63.489582,NaN
2023-10-18T12:00:00Z,0.0,-64.84376,-63.489582,NaN
2023-10-19T12:00:00Z,0.0,-64.84376,-63.489582,NaN
2023-10-20T12:00:00Z,0.0,-64.84376,-63.489582,NaN
2023-10-21T12:00:00Z,0.0,-64.84376,-63.489582,0.15524821
2023-10-22T12:00:00Z,0.0,-64.84376,-63.489582,0.15522675
2023-10-23T12:00:00Z,0.0,-64.84376,-63.489582,0.13640718
2023-10-24T12:00:00Z,0.0,-64.84376,-63.489582,0.17408365
2023-10-25T12:00:00Z,0.0,-64.84376,-63.489582,0.15634188
2023-10-26T12:00:00Z,0.0,-64.84376,-63.489582,0.1566748
2023-10-27T12:00:00Z,0.0,-64.84376,-63.489582,0.13635394
2023-10-28T12:00:00Z,0.0,-64.84376,-63.489582,0.33292958
2023-10-29T12:00:00Z,0.0,-64.84376,-63.489582,0.36409026
2023-10-30T12:00:00Z,0.0,-64.84376,-63.489582,0.3946322
2023-10-31T12:00:00Z,0.0,-64.84376,-63.489582,0.23818792
2023-11-01T12:00:00Z,0.0,-64.84376,-63.489582,0.2943533
2023-11-02T12:00:00Z,0.0,-64.84376,-63.489582,0.43727916
2023-11-03T12:00:00Z,0.0,-64.84376,-63.489582,0.33638537
2023-11-04T12:00:00Z,0.0,-64.84376,-63.489582,0.3015125
2023-11-05T12:00:00Z,0.0,-64.84376,-63.489582,0.3042091
2023-11-06T12:00:00Z,0.0,-64.84376,-63.489582,0.29733306
2023-11-07T12:00:00Z,0.0,-64.84376,-63.489582,0.35670254
2023-11-08T12:00:00Z,0.0,-64.84376,-63.489582,0.4097017
2023-11-09T12:00:00Z,0.0,-64.84376,-63.489582,0.3261425
2023-11-10T12:00:00Z,0.0,-64.84376,-63.489582,0.34229928
2023-11-11T12:00:00Z,0.0,-64.84376,-63.489582,0.21937002
2023-11-12T12:00:00Z,0.0,-64.84376,-63.489582,0.35716718
2023-11-13T12:00:00Z,0.0,-64.84376,-63.489582,0.22069147
2023-11-14T12:00:00Z,0.0,-64.84376,-63.489582,0.3355941
2023-11-15T12:00:00Z,0.0,-64.84376,-63.489582,0.34221792
2023-11-16T12:00:00Z,0.0,-64.84376,-63.489582,0.36107773
2023-11-17T12:00:00Z,0.0,-64.84376,-63.489582,0.33696327
2023-11-18T12:00:00Z,0.0,-64.84376,-63.489582,0.32962897
2023-11-19T12:00:00Z,0.0,-64.84376,-63.489582,0.3155421
2023-11-20T12:00:00Z,0.0,-64.84376,-63.489582,0.35009474
2023-11-21T12:00:00Z,0.0,-64.84376,-63.489582,0.28978473
2023-11-22T12:00:00Z,0.0,-64.84376,-63.489582,0.28296673
2023-11-23T12:00:00Z,0.0,-64.84376,-63.489582,0.27175516
2023-11-24T12:00:00Z,0.0,-64.84376,-63.489582,0.24293569
2023-11-25T12:00:00Z,0.0,-64.84376,-63.489582,0.27429128
2023-11-26T12:00:00Z,0.0,-64.84376,-63.489582,0.24403958
2023-11-27T12:00:00Z,0.0,-64.84376,-63.489582,0.2823343
2023-11-28T12:00:00Z,0.0,-64.84376,-63.489582,0.29414538
2023-11-29T12:00:00Z,0.0,-64.84376,-63.489582,0.31394982
2023-11-30T12:00:00Z,0.0,-64.84376,-63.489582,0.32400542
2023-12-02T12:00:00Z,0.0,-64.84376,-63.489582,0.29035476
2023-12-03T12:00:00Z,0.0,-64.84376,-63.489582,0.24660586
2023-12-04T12:00:00Z,0.0,-64.84376,-63.489582,0.28483072
2023-12-05T12:00:00Z,0.0,-64.84376,-63.489582,0.6332361
2023-12-06T12:00:00Z,0.0,-64.84376,-63.489582,0.66580814
2023-12-07T12:00:00Z,0.0,-64.84376,-63.489582,0.7481306
2023-12-08T12:00:00Z,0.0,-64.84376,-63.489582,0.5593416
2023-12-09T12:00:00Z,0.0,-64.84376,-63.489582,0.5336228
2023-12-10T12:00:00Z,0.0,-64.84376,-63.489582,0.7744767
2023-12-11T12:00:00Z,0.0,-64.84376,-63.489582,0.8914969
2023-12-12T12:00:00Z,0.0,-64.84376,-63.489582,0.9797146
2023-12-13T12:00:00Z,0.0,-64.84376,-63.489582,1.0489299
2023-12-14T12:00:00Z,0.0,-64.84376,-63.489582,0.8741671
2023-12-15T12:00:00Z,0.0,-64.84376,-63.489582,0.8121694
2023-12-16T12:00:00Z,0.0,-64.84376,-63.489582,0.7978678
2023-12-17T12:00:00Z,0.0,-64.84376,-63.489582,0.85011274
2023-12-18T12:00:00Z,0.0,-64.84376,-63.489582,0.83988804
2023-12-19T12:00:00Z,0.0,-64.84376,-63.489582,0.53227925
2023-12-20T12:00:00Z,0.0,-64.84376,-63.489582,0.853431
2023-12-21T12:00:00Z,0.0,-64.84376,-63.489582,0.549213
2023-12-22T12:00:00Z,0.0,-64.84376,-63.489582,0.5129135
2023-12-23T12:00:00Z,0.0,-64.84376,-63.489582,0.52931553
2023-12-25T12:00:00Z,0.0,-64.84376,-63.489582,0.49634817
2023-12-26T12:00:00Z,0.0,-64.84376,-63.489582,0.48037088
2023-12-27T12:00:00Z,0.0,-64.84376,-63.489582,0.43650645
2023-12-28T12:00:00Z,0.0,-64.84376,-63.489582,0.41759095
2023-12-29T12:00:00Z,0.0,-64.84376,-63.489582,0.32286894
2023-12-30T12:00:00Z,0.0,-64.84376,-63.489582,0.3480455
2023-12-31T12:00:00Z,0.0,-64.84376,-63.489582,0.31119072
