time,altitude,latitude,longitude,chlor_a
UTC,m,degrees_north,degrees_east,mg m^-3
2018-01-01T12:00:00Z,0.0,-64.635414,-62.156246,0.21021701
2018-01-02T12:00:00Z,0.0,-64.635414,-62.156246,0.18561193
2018-01-03T12:00:00Z,0.0,-64.635414,-62.156246,0.16701166
2018-01-04T12:00:00Z,0.0,-64.635414,-62.156246,0.15151004
2018-01-05T12:00:00Z,0.0,-64.635414,-62.156246,0.24434
2018-01-06T12:00:00Z,0.0,-64.635414,-62.156246,0.2772657
2018-01-07T12:00:00Z,0.0,-64.635414,-62.156246,0.27054933
2018-01-08T12:00:00Z,0.0,-64.635414,-62.156246,0.28981876
2018-01-09T12:00:00Z,0.0,-64.635414,-62.156246,0.2827046
2018-01-10T12:00:00Z,0.0,-64.635414,-62.156246,0.28666887
2018-01-11T12:00:00Z,0.0,-64.635414,-62.156246,0.28038463
2018-01-12T12:00:00Z,0.0,-64.635414,-62.156246,0.2907281
2018-01-13T12:00:00Z,0.0,-64.635414,-62.156246,0.27037403
2018-01-14T12:00:00Z,0.0,-64.635414,-62.156246,0.2682403
2018-01-15T12:00:00Z,0.0,-64.635414,-62.156246,0.25818336
2018-01-16T12:00:00Z,0.0,-64.635414,-62.156246,0.2610146
2018-01-17T12:00:00Z,0.0,-64.635414,-62.156246,0.2645939
2018-01-18T12:00:00Z,0.0,-64.635414,-62.156246,0.26185104
2018-01-19T12:00:00Z,0.0,-64.635414,-62.156246,0.25112855
2018-01-20T12:00:00Z,0.0,-64.635414,-62.156246,0.24649793
2018-01-21T12:00:00Z,0.0,-64.635414,-62.156246,0.259783
2018-01-22T12:00:00Z,0.0,-64.635414,-62.156246,0.21257405
2018-01-23T12:00:00Z,0.0,-64.635414,-62.156246,0.21109311
2018-01-24T12:00:00Z,0.0,-64.635414,-62.156246,0.20251185
2018-01-25T12:00:00Z,0.0,-64.635414,-62.156246,0.19339019
2018-01-26T12:00:00Z,0.0,-64.635414,-62.156246,0.18769799
2018-01-27T12:00:00Z,0.0,-64.635414,-62.156246,0.18474226
2018-01-28T12:00:00Z,0.0,-64.635414,-62.156246,0.17712575
2018-01-29T12:00:00Z,0.0,-64.635414,-62.156246,0.1704698
2018-01-30T12:00:00Z,0.0,-64.635414,-62.156246,0.17630325
2018-01-31T12:00:00Z,0.0,-64.635414,-62.156246,0.18797751
2018-02-01T12:00:00Z,0.0,-64.635414,-62.156246,0.19043727
2018-02-02T12:00:00Z,0.0,-64.635414,-62.156246,0.18904506
2018-02-03T12:00:00Z,0.0,-64.635414,-62.156246,0.1797063
2018-02-04T12:00:00Z,0.0,-64.635414,-62.156246,0.18933024
2018-02-05T12:00:00Z,0.0,-64.635414,-62.156246,0.18904783
2018-02-06T12:00:00Z,0.0,-64.635414,-62.156246,0.18224952
2018-02-07T12:00:00Z,0.0,-64.635414,-62.156246,0.19392717
2018-02-08T12:00:00Z,0.0,-64.635414,-62.156246,0.19368531
2018-02-09T12:00:00Z,0.0,-64.635414,-62.156246,0.24188954
2018-02-10T12:00:00Z,0.0,-64.635414,-62.156246,0.23111309
2018-02-11T12:00:00Z,0.0,-64.635414,-62.156246,0.22760136
2018-02-12T12:00:00Z,0.0,-64.635414,-62.156246,0.22866058
2018-02-13T12:00:00Z,0.0,-64.635414,-62.156246,0.22370556
2018-02-14T12:00:00Z,0.0,-64.635414,-62.156246,0.23828794
2018-02-15T12:00:00Z,0.0,-64.635414,-62.156246,0.24802335
2018-02-16T12:00:00Z,0.0,-64.635414,-62.156246,0.2377358
2018-02-17T12:00:00Z,0.0,-64.635414,-62.156246,0.21772328
2018-02-18T12:00:00Z,0.0,-64.635414,-62.156246,0.22338533
2018-02-19T12:00:00Z,0.0,-64.635414,-62.156246,0.22493939
2018-02-20T12:00:00Z,0.0,-64.635414,-62.156246,0.22952108
2018-02-21T12:00:00Z,0.0,-64.635414,-62.156246,0.22466978
2018-02-22T12:00:00Z,0.0,-64.635414,-62.156246,0.18729067
2018-02-23T12:00:00Z,0.0,-64.635414,-62.156246,0.18422125
2018-02-24T12:00:00Z,0.0,-64.635414,-62.156246,0.17216584
2018-02-25T12:00:00Z,0.0,-64.635414,-62.156246,0.17187332
2018-02-26T12:00:00Z,0.0,-64.635414,-62.156246,0.17028981
2018-02-27T12:00:00Z,0.0,-64.635414,-62.156246,0.1689261
2018-02-28T12:00:00Z,0.0,-64.635414,-62.156246,0.16877201
2018-03-01T12:00:00Z,0.0,-64.635414,-62.156246,0.16591248
2018-03-02T12:00:00Z,0.0,-64.635414,-62.156246,0.1618432
2018-03-03T12:00:00Z,0.0,-64.635414,-62.156246,0.16210844
2018-03-04T12:00:00Z,0.0,-64.635414,-62.156246,0.15110253
2018-03-05T12:00:00Z,0.0,-64.635414,-62.156246,0.16276212
2018-03-06T12:00:00Z,0.0,-64.635414,-62.156246,0.16209981
2018-03-07T12:00:00Z,0.0,-64.635414,-62.156246,0.15726271
2018-03-08T12:00:00Z,0.0,-64.635414,-62.156246,0.1508039
2018-03-09T12:00:00Z,0.0,-64.635414,-62.156246,0.15271588
2018-03-10T12:00:00Z,0.0,-64.635414,-62.156246,0.15260017
2018-03-11T12:00:00Z,0.0,-64.635414,-62.156246,0.14519393
2018-03-12T12:00:00Z,0.0,-64.635414,-62.156246,0.14364024
2018-03-13T12:00:00Z,0.0,-64.635414,-62.156246,0.1482313
2018-03-14T12:00:00Z,0.0,-64.635414,-62.156246,0.14779076
2018-03-15T12:00:00Z,0.0,-64.635414,-62.156246,NaN
2018-03-16T12:00:00Z,0.0,-64.635414,-62.156246,NaN
2018-03-17T12:00:00Z,0.0,-64.635414,-62.156246,NaN
2018-03-18T12:00:00Z,0.0,-64.635414,-62.156246,NaN
2018-03-19T12:00:00Z,0.0,-64.635414,-62.156246,NaN
2018-03-20T12:00:00Z,0.0,-64.635414,-62.156246,NaN
2018-03-21T12:00:00Z,0.0,-64.635414,-62.156246,NaN
2018-03-22T12:00:00Z,0.0,-64.635414,-62.156246,NaN
2018-03-23T12:00:00Z,0.0,-64.635414,-62.156246,NaN
2018-03-24T12:00:00Z,0.0,-64.635414,-62.156246,NaN
2018-03-25T12:00:00Z,0.0,-64.635414,-62.156246,NaN
2018-03-26T12:00:00Z,0.0,-64.635414,-62.156246,NaN
2018-03-27T12:00:00Z,0.0,-64.635414,-62.156246,NaN
2018-03-28T12:00:00Z,0.0,-64.635414,-62.156246,NaN
2018-03-29T12:00:00Z,0.0,-64.635414,-62.156246,NaN
2018-03-30T12:00:00Z,0.0,-64.635414,-62.156246,NaN
2018-03-31T12:00:00Z,0.0,-64.635414,-62.156246,NaN
2018-04-01T12:00:00Z,0.0,-64.635414,-62.156246,NaN
2018-04-02T12:00:00Z,0.0,-64.635414,-62.156246,NaN
2018-04-03T12:00:00Z,0.0,-64.635414,-62.156246,NaN
2018-04-04T12:00:00Z,0.0,-64.635414,-62.156246,NaN
2018-04-05T12:00:00Z,0.0,-64.635414,-62.156246,NaN
2018-04-06T12:00:00Z,0.0,-64.635414,-62.156246,NaN
2018-04-07T12:00:00Z,0.0,-64.635414,-62.156246,NaN
2018-04-08T12:00:00Z,0.0,-64.635414,-62.156246,NaN
2018-04-09T12:00:00Z,0.0,-64.635414,-62.156246,NaN
2018-04-10T12:00:00Z,0.0,-64.635414,-62.156246,NaN
2018-04-11T12:00:00Z,0.0,-64.635414,-62.156246,NaN
2018-04-12T12:00:00Z,0.0,-64.635414,-62.156246,NaN
2018-04-13T12:00:00Z,0.0,-64.635414,-62.156246,NaN
2018-04-14T12:00:00Z,0.0,-64.635414,-62.156246,NaN
2018-04-15T12:00:00Z,0.0,-64.635414,-62.156246,NaN
2018-04-16T12:00:00Z,0.0,-64.635414,-62.156246,NaN
2018-04-17T12:00:00Z,0.0,-64.635414,-62.156246,NaN
2018-04-18T12:00:00Z,0.0,-64.635414,-62.156246,NaN
2018-04-19T12:00:00Z,0.0,-64.635414,-62.156246,NaN
2018-04-20T12:00:00Z,0.0,-64.635414,-62.156246,NaN
2018-04-21T12:00:00Z,0.0,-64.635414,-62.156246,NaN
2018-04-22T12:00:00Z,0.0,-64.635414,-62.156246,NaN
2018-04-23T12:00:00Z,0.0,-64.635414,-62.156246,NaN
2018-04-24T12:00:00Z,0.0,-64.635414,-62.156246,NaN
2018-04-25T12:00:00Z,0.0,-64.635414,-62.156246,NaN
2018-04-26T12:00:00Z,0.0,-64.635414,-62.156246,NaN
2018-04-27T12:00:00Z,0.0,-64.635414,-62.156246,NaN
2018-04-28T12:00:00Z,0.0,-64.635414,-62.156246,NaN
2018-04-29T12:00:00Z,0.0,-64.635414,-62.156246,NaN
2018-04-30T12:00:00Z,0.0,-64.635414,-62.156246,NaN
2018-05-01T12:00:00Z,0.0,-64.635414,-62.156246,NaN
2018-05-02T12:00:00Z,0.0,-64.635414,-62.156246,NaN
2018-05-03T12:00:00Z,0.0,-64.635414,-62.156246,NaN
2018-05-04T12:00:00Z,0.0,-64.635414,-62.156246,NaN
2018-05-05T12:00:00Z,0.0,-64.635414,-62.156246,NaN
2018-05-06T12:00:00Z,0.0,-64.635414,-62.156246,NaN
2018-05-07T12:00:00Z,0.0,-64.635414,-62.156246,NaN
2018-05-08T12:00:00Z,0.0,-64.635414,-62.156246,NaN
2018-05-09T12:00:00Z,0.0,-64.635414,-62.156246,NaN
2018-05-10T12:00:00Z,0.0,-64.635414,-62.156246,NaN
2018-05-11T12:00:00Z,0.0,-64.635414,-62.156246,NaN
2018-05-12T12:00:00Z,0.0,-64.635414,-62.156246,NaN
2018-05-13T12:00:00Z,0.0,-64.635414,-62.156246,NaN
2018-05-14T12:00:00Z,0.0,-64.635414,-62.156246,NaN
2018-05-15T12:00:00Z,0.0,-64.635414,-62.156246,NaN
2018-05-16T12:00:00Z,0.0,-64.635414,-62.156246,NaN
2018-05-17T12:00:00Z,0.0,-64.635414,-62.156246,NaN
2018-05-18T12:00:00Z,0.0,-64.635414,-62.156246,NaN
2018-05-19T12:00:00Z,0.0,-64.635414,-62.156246,NaN
2018-05-20T12:00:00Z,0.0,-64.635414,-62.156246,NaN
2018-05-21T12:00:00Z,0.0,-64.635414,-62.156246,NaN
2018-05-22T12:00:00Z,0.0,-64.635414,-62.156246,NaN
2018-05-23T12:00:00Z,0.0,-64.635414,-62.156246,NaN
2018-05-24T12:00:00Z,0.0,-64.635414,-62.156246,NaN
2018-05-25T12:00:00Z,0.0,-64.635414,-62.156246,NaN
2018-05-26T12:00:00Z,0.0,-64.635414,-62.156246,NaN
2018-05-27T12:00:00Z,0.0,-64.635414,-62.156246,NaN
2018-05-28T12:00:00Z,0.0,-64.635414,-62.156246,NaN
2018-05-29T12:00:00Z,0.0,-64.635414,-62.156246,NaN
2018-05-30T12:00:00Z,0.0,-64.635414,-62.156246,NaN
2018-05-31T12:00:00Z,0.0,-64.635414,-62.156246,NaN
2018-06-01T12:00:00Z,0.0,-64.635414,-62.156246,NaN
2018-06-02T12:00:00Z,0.0,-64.635414,-62.156246,NaN
2018-06-03T12:00:00Z,0.0,-64.635414,-62.156246,NaN
2018-06-04T12:00:00Z,0.0,-64.635414,-62.156246,NaN
2018-06-05T12:00:00Z,0.0,-64.635414,-62.156246,NaN
2018-06-06T12:00:00Z,0.0,-64.635414,-62.156246,NaN
2018-06-07T12:00:00Z,0.0,-64.635414,-62.156246,NaN
2018-06-08T12:00:00Z,0.0,-64.635414,-62.156246,NaN
2018-06-09T12:00:00Z,0.0,-64.635414,-62.156246,NaN
2018-06-10T12:00:00Z,0.0,-64.635414,-62.156246,NaN
2018-06-11T12:00:00Z,0.0,-64.635414,-62.156246,NaN
2018-06-12T12:00:00Z,0.0,-64.635414,-62.156246,NaN
2018-06-13T12:00:00Z,0.0,-64.635414,-62.156246,NaN
2018-06-14T12:00:00Z,0.0,-64.635414,-62.156246,NaN
2018-06-15T12:00:00Z,0.0,-64.635414,-62.156246,NaN
2018-06-16T12:00:00Z,0.0,-64.635414,-62.156246,NaN
2018-06-17T12:00:00Z,0.0,-64.635414,-62.156246,NaN
2018-06-18T12:00:00Z,0.0,-64.635414,-62.156246,NaN
2018-06-19T12:00:00Z,0.0,-64.635414,-62.156246,NaN
2018-06-20T12:00:00Z,0.0,-64.635414,-62.156246,NaN
2018-06-21T12:00:00Z,0.0,-64.635414,-62.156246,NaN
2018-06-22T12:00:00Z,0.0,-64.635414,-62.156246,NaN
2018-06-23T12:00:00Z,0.0,-64.635414,-62.156246,NaN
2018-06-24T12:00:00Z,0.0,-64.635414,-62.156246,NaN
2018-06-25T12:00:00Z,0.0,-64.635414,-62.156246,NaN
2018-06-26T12:00:00Z,0.0,-64.635414,-62.156246,NaN
2018-06-27T12:00:00Z,0.0,-64.635414,-62.156246,NaN
2018-06-28T12:00:00Z,0.0,-64.635414,-62.156246,NaN
2018-06-29T12:00:00Z,0.0,-64.635414,-62.156246,NaN
2018-06-30T12:00:00Z,0.0,-64.635414,-62.156246,NaN
2018-07-01T12:00:00Z,0.0,-64.635414,-62.156246,NaN
2018-07-02T12:00:00Z,0.0,-64.635414,-62.156246,NaN
2018-07-03T12:00:00Z,0.0,-64.635414,-62.156246,NaN
2018-07-04T12:00:00Z,0.0,-64.635414,-62.156246,NaN
2018-07-05T12:00:00Z,0.0,-64.635414,-62.156246,NaN
2018-07-06T12:00:00Z,0.0,-64.635414,-62.156246,NaN
2018-07-07T12:00:00Z,0.0,-64.635414,-62.156246,NaN
2018-07-08T12:00:00Z,0.0,-64.635414,-62.156246,NaN
2018-07-09T12:00:00Z,0.0,-64.635414,-62.156246,NaN
2018-07-10T12:00:00Z,0.0,-64.635414,-62.156246,NaN
2018-07-11T12:00:00Z,0.0,-64.635414,-62.156246,NaN
2018-07-12T12:00:00Z,0.0,-64.635414,-62.156246,NaN
2018-07-13T12:00:00Z,0.0,-64.635414,-62.156246,NaN
2018-07-14T12:00:00Z,0.0,-64.635414,-62.156246,NaN
2018-07-15T12:00:00Z,0.0,-64.635414,-62.156246,NaN
2018-07-16T12:00:00Z,0.0,-64.635414,-62.156246,NaN
2018-07-17T12:00:00Z,0.0,-64.635414,-62.156246,NaN
2018-07-18T12:00:00Z,0.0,-64.635414,-62.156246,NaN
2018-07-19T12:00:00Z,0.0,-64.635414,-62.156246,NaN
2018-07-20T12:00:00Z,0.0,-64.635414,-62.156246,NaN
2018-07-21T12:00:00Z,0.0,-64.635414,-62.156246,NaN
2018-07-22T12:00:00Z,0.0,-64.635414,-62.156246,NaN
2018-07-23T12:00:00Z,0.0,-64.635414,-62.156246,NaN
2018-07-24T12:00:00Z,0.0,-64.635414,-62.156246,NaN
2018-07-25T12:00:00Z,0.0,-64.635414,-62.156246,NaN
2018-07-26T12:00:00Z,0.0,-64.635414,-62.156246,NaN
2018-07-27T12:00:00Z,0.0,-64.635414,-62.156246,NaN
2018-07-28T12:00:00Z,0.0,-64.635414,-62.156246,NaN
2018-07-29T12:00:00Z,0.0,-64.635414,-62.156246,NaN
2018-07-30T12:00:00Z,0.0,-64.635414,-62.156246,NaN
2018-07-31T12:00:00Z,0.0,-64.635414,-62.156246,NaN
2018-08-01T12:00:00Z,0.0,-64.635414,-62.156246,NaN
2018-08-02T12:00:00Z,0.0,-64.635414,-62.156246,NaN
2018-08-03T12:00:00Z,0.0,-64.635414,-62.156246,NaN
2018-08-04T12:00:00Z,0.0,-64.635414,-62.156246,NaN
2018-08-05T12:00:00Z,0.0,-64.635414,-62.156246,NaN
2018-08-06T12:00:00Z,0.0,-64.635414,-62.156246,NaN
2018-08-07T12:00:00Z,0.0,-64.635414,-62.156246,NaN
2018-08-08T12:00:00Z,0.0,-64.635414,-62.156246,NaN
2018-08-09T12:00:00Z,0.0,-64.635414,-62.156246,NaN
2018-08-10T12:00:00Z,0.0,-64.635414,-62.156246,NaN
2018-08-11T12:00:00Z,0.0,-64.635414,-62.156246,NaN
2018-08-12T12:00:00Z,0.0,-64.635414,-62.156246,NaN
2018-08-13T12:00:00Z,0.0,-64.635414,-62.156246,NaN
2018-08-14T12:00:00Z,0.0,-64.635414,-62.156246,NaN
2018-08-15T12:00:00Z,0.0,-64.635414,-62.156246,NaN
2018-08-16T12:00:00Z,0.0,-64.635414,-62.156246,NaN
2018-08-17T12:00:00Z,0.0,-64.635414,-62.156246,NaN
2018-08-18T12:00:00Z,0.0,-64.635414,-62.156246,NaN
2018-08-19T12:00:00Z,0.0,-64.635414,-62.156246,NaN
2018-08-20T12:00:00Z,0.0,-64.635414,-62.156246,NaN
2018-08-21T12:00:00Z,0.0,-64.635414,-62.156246,NaN
2018-08-22T12:00:00Z,0.0,-64.635414,-62.156246,NaN
2018-08-23T12:00:00Z,0.0,-64.635414,-62.156246,NaN
2018-08-24T12:00:00Z,0.0,-64.635414,-62.156246,NaN
2018-08-25T12:00:00Z,0.0,-64.635414,-62.156246,NaN
2018-08-26T12:00:00Z,0.0,-64.635414,-62.156246,NaN
2018-08-27T12:00:00Z,0.0,-64.635414,-62.156246,NaN
2018-08-28T12:00:00Z,0.0,-64.635414,-62.156246,NaN
2018-08-29T12:00:00Z,0.0,-64.635414,-62.156246,NaN
2018-08-30T12:00:00Z,0.0,-64.635414,-62.156246,NaN
2018-08-31T12:00:00Z,0.0,-64.635414,-62.156246,NaN
2018-09-01T12:00:00Z,0.0,-64.635414,-62.156246,NaN
2018-09-02T12:00:00Z,0.0,-64.635414,-62.156246,NaN
2018-09-03T12:00:00Z,0.0,-64.635414,-62.156246,NaN
2018-09-04T12:00:00Z,0.0,-64.635414,-62.156246,NaN
2018-09-05T12:00:00Z,0.0,-64.635414,-62.156246,NaN
2018-09-06T12:00:00Z,0.0,-64.635414,-62.156246,NaN
2018-09-07T12:00:00Z,0.0,-64.635414,-62.156246,NaN
2018-09-08T12:00:00Z,0.0,-64.635414,-62.156246,NaN
2018-09-09T12:00:00Z,0.0,-64.635414,-62.156246,NaN
2018-09-10T12:00:00Z,0.0,-64.635414,-62.156246,NaN
2018-09-11T12:00:00Z,0.0,-64.635414,-62.156246,NaN
2018-09-12T12:00:00Z,0.0,-64.635414,-62.156246,NaN
2018-09-13T12:00:00Z,0.0,-64.635414,-62.156246,NaN
2018-09-14T12:00:00Z,0.0,-64.635414,-62.156246,NaN
2018-09-15T12:00:00Z,0.0,-64.635414,-62.156246,NaN
2018-09-16T12:00:00Z,0.0,-64.635414,-62.156246,NaN
2018-09-17T12:00:00Z,0.0,-64.635414,-62.156246,NaN
2018-09-18T12:00:00Z,0.0,-64.635414,-62.156246,NaN
2018-09-19T12:00:00Z,0.0,-64.635414,-62.156246,NaN
2018-09-20T12:00:00Z,0.0,-64.635414,-62.156246,NaN
2018-09-21T12:00:00Z,0.0,-64.635414,-62.156246,NaN
2018-09-22T12:00:00Z,0.0,-64.635414,-62.156246,NaN
2018-09-23T12:00:00Z,0.0,-64.635414,-62.156246,NaN
2018-09-24T12:00:00Z,0.0,-64.635414,-62.156246,NaN
2018-09-25T12:00:00Z,0.0,-64.635414,-62.156246,NaN
2018-09-26T12:00:00Z,0.0,-64.635414,-62.156246,NaN
2018-09-27T12:00:00Z,0.0,-64.635414,-62.156246,NaN
2018-09-28T12:00:00Z,0.0,-64.635414,-62.156246,NaN
2018-09-29T12:00:00Z,0.0,-64.635414,-62.156246,NaN
2018-09-30T12:00:00Z,0.0,-64.635414,-62.156246,NaN
2018-10-01T12:00:00Z,0.0,-64.635414,-62.156246,NaN
2018-10-02T12:00:00Z,0.0,-64.635414,-62.156246,NaN
2018-10-03T12:00:00Z,0.0,-64.635414,-62.156246,NaN
2018-10-04T12:00:00Z,0.0,-64.635414,-62.156246,NaN
2018-10-05T12:00:00Z,0.0,-64.635414,-62.156246,NaN
2018-10-06T12:00:00Z,0.0,-64.635414,-62.156246,NaN
2018-10-07T12:00:00Z,0.0,-64.635414,-62.156246,NaN
2018-10-08T12:00:00Z,0.0,-64.635414,-62.156246,NaN
2018-10-09T12:00:00Z,0.0,-64.635414,-62.156246,NaN
2018-10-10T12:00:00Z,0.0,-64.635414,-62.156246,NaN
2018-10-11T12:00:00Z,0.0,-64.635414,-62.156246,NaN
2018-10-12T12:00:00Z,0.0,-64.635414,-62.156246,NaN
2018-10-13T12:00:00Z,0.0,-64.635414,-62.156246,NaN
2018-10-14T12:00:00Z,0.0,-64.635414,-62.156246,NaN
2018-10-15T12:00:00Z,0.0,-64.635414,-62.156246,NaN
2018-10-16T12:00:00Z,0.0,-64.635414,-62.156246,NaN
2018-10-17T12:00:00Z,0.0,-64.635414,-62.156246,NaN
2018-10-18T12:00:00Z,0.0,-64.635414,-62.156246,NaN
2018-10-19T12:00:00Z,0.0,-64.635414,-62.156246,NaN
2018-10-20T12:00:00Z,0.0,-64.635414,-62.156246,NaN
2018-10-21T12:00:00Z,0.0,-64.635414,-62.156246,0.12742594
2018-10-22T12:00:00Z,0.0,-64.635414,-62.156246,0.10286156
2018-10-23T12:00:00Z,0.0,-64.635414,-62.156246,0.10089188
2018-10-24T12:00:00Z,0.0,-64.635414,-62.156246,0.08398429
2018-10-25T12:00:00Z,0.0,-64.635414,-62.156246,0.08430387
2018-10-26T12:00:00Z,0.0,-64.635414,-62.156246,0.056826364
2018-10-27T12:00:00Z,0.0,-64.635414,-62.156246,0.07802681
2018-10-28T12:00:00Z,0.0,-64.635414,-62.156246,0.10450122
2018-10-29T12:00:00Z,0.0,-64.635414,-62.156246,0.08094018
2018-10-30T12:00:00Z,0.0,-64.635414,-62.156246,0.064945765
2018-10-31T12:00:00Z,0.0,-64.635414,-62.156246,0.08184601
2018-11-01T12:00:00Z,0.0,-64.635414,-62.156246,0.06774282
2018-11-02T12:00:00Z,0.0,-64.635414,-62.156246,0.0755511
2018-11-03T12:00:00Z,0.0,-64.635414,-62.156246,0.079853036
2018-11-04T12:00:00Z,0.0,-64.635414,-62.156246,0.10242452
2018-11-05T12:00:00Z,0.0,-64.635414,-62.156246,0.07780415
2018-11-06T12:00:00Z,0.0,-64.635414,-62.156246,0.07567203
2018-11-07T12:00:00Z,0.0,-64.635414,-62.156246,0.08179961
2018-11-08T12:00:00Z,0.0,-64.635414,-62.156246,0.08219704
2018-11-09T12:00:00Z,0.0,-64.635414,-62.156246,0.06567149
2018-11-10T12:00:00Z,0.0,-64.635414,-62.156246,0.0662968
2018-11-11T12:00:00Z,0.0,-64.635414,-62.156246,0.061909575
2018-11-12T12:00:00Z,0.0,-64.635414,-62.156246,0.087594695
2018-11-13T12:00:00Z,0.0,-64.635414,-62.156246,0.08200287
2018-11-14T12:00:00Z,0.0,-64.635414,-62.156246,0.08255259
2018-11-15T12:00:00Z,0.0,-64.635414,-62.156246,0.102596365
2018-11-16T12:00:00Z,0.0,-64.635414,-62.156246,0.10896302
2018-11-17T12:00:00Z,0.0,-64.635414,-62.156246,0.123055086
2018-11-18T12:00:00Z,0.0,-64.635414,-62.156246,0.12813117
2018-11-19T12:00:00Z,0.0,-64.635414,-62.156246,0.11275254
2018-11-20T12:00:00Z,0.0,-64.635414,-62.156246,0.094273046
2018-11-21T12:00:00Z,0.0,-64.635414,-62.156246,0.115111485
2018-11-22T12:00:00Z,0.0,-64.635414,-62.156246,0.12625837
2018-11-23T12:00:00Z,0.0,-64.635414,-62.156246,0.12431271
2018-11-24T12:00:00Z,0.0,-64.635414,-62.156246,0.10730045
2018-11-25T12:00:00Z,0.0,-64.635414,-62.156246,0.086461164
2018-11-26T12:00:00Z,0.0,-64.635414,-62.156246,0.08742055
2018-11-27T12:00:00Z,0.0,-64.635414,-62.156246,0.09029153
2018-11-28T12:00:00Z,0.0,-64.635414,-62.156246,0.11819312
2018-11-29T12:00:00Z,0.0,-64.635414,-62.156246,0.11295731
2018-11-30T12:00:00Z,0.0,-64.635414,-62.156246,0.11369271
2018-12-01T12:00:00Z,0.0,-64.635414,-62.156246,0.12724619
2018-12-02T12:00:00Z,0.0,-64.635414,-62.156246,0.11748769
2018-12-03T12:00:00Z,0.0,-64.635414,-62.156246,0.1240584
2018-12-04T12:00:00Z,0.0,-64.635414,-62.156246,0.12297205
2018-12-05T12:00:00Z,0.0,-64.635414,-62.156246,0.15813974
2018-12-06T12:00:00Z,0.0,-64.635414,-62.156246,0.16966172
2018-12-07T12:00:00Z,0.0,-64.635414,-62.156246,0.13276368
2018-12-08T12:00:00Z,0.0,-64.635414,-62.156246,0.1405415
2018-12-09T12:00:00Z,0.0,-64.635414,-62.156246,0.1422161
2018-12-10T12:00:00Z,0.0,-64.635414,-62.156246,0.119479015
2018-12-11T12:00:00Z,0.0,-64.635414,-62.156246,0.12764478
2018-12-12T12:00:00Z,0.0,-64.635414,-62.156246,0.14125995
2018-12-13T12:00:00Z,0.0,-64.635414,-62.156246,0.1398471
2018-12-14T12:00:00Z,0.0,-64.635414,-62.156246,0.13664147
2018-12-15T12:00:00Z,0.0,-64.635414,-62.156246,0.13298278
2018-12-16T12:00:00Z,0.0,-64.635414,-62.156246,0.1507422
2018-12-17T12:00:00Z,0.0,-64.635414,-62.156246,0.17220387
2018-12-18T12:00:00Z,0.0,-64.635414,-62.156246,0.17031308
2018-12-19T12:00:00Z,0.0,-64.635414,-62.156246,0.17184138
2018-12-20T12:00:00Z,0.0,-64.635414,-62.156246,0.18111101
2018-12-21T12:00:00Z,0.0,-64.635414,-62.156246,0.19575278
2018-12-22T12:00:00Z,0.0,-64.635414,-62.156246,0.20330887
2018-12-23T12:00:00Z,0.0,-64.635414,-62.156246,0.18946818
2018-12-24T12:00:00Z,0.0,-64.635414,-62.156246,0.18571045
2018-12-25T12:00:00Z,0.0,-64.635414,-62.156246,0.19517069
2018-12-26T12:00:00Z,0.0,-64.635414,-62.156246,0.20302975
2018-12-27T12:00:00Z,0.0,-64.635414,-62.156246,0.19788875
2018-12-28T12:00:00Z,0.0,-64.635414,-62.156246,0.20228899
2018-12-29T12:00:00Z,0.0,-64.635414,-62.156246,0.19816507
2018-12-30T12:00:00Z,0.0,-64.635414,-62.156246,0.21615072
2018-12-31T12:00:00Z,0.0,-64.635414,-62.156246,0.22062685
2019-01-01T12:00:00Z,0.0,-64.635414,-62.156246,0.24162216
2019-01-02T12:00:00Z,0.0,-64.635414,-62.156246,0.24482235
2019-01-03T12:00:00Z,0.0,-64.635414,-62.156246,0.22944419
2019-01-04T12:00:00Z,0.0,-64.635414,-62.156246,0.2715904
2019-01-05T12:00:00Z,0.0,-64.635414,-62.156246,0.26991156
2019-01-06T12:00:00Z,0.0,-64.635414,-62.156246,0.26780248
2019-01-07T12:00:00Z,0.0,-64.635414,-62.156246,0.2923142
2019-01-08T12:00:00Z,0.0,-64.635414,-62.156246,0.29613063
2019-01-09T12:00:00Z,0.0,-64.635414,-62.156246,0.2682631
2019-01-10T12:00:00Z,0.0,-64.635414,-62.156246,0.2157217
2019-01-11T12:00:00Z,0.0,-64.635414,-62.156246,0.21762384
2019-01-12T12:00:00Z,0.0,-64.635414,-62.156246,0.23442481
2019-01-13T12:00:00Z,0.0,-64.635414,-62.156246,0.22323228
2019-01-14T12:00:00Z,0.0,-64.635414,-62.156246,0.22547613
2019-01-15T12:00:00Z,0.0,-64.635414,-62.156246,0.23312797
2019-01-16T12:00:00Z,0.0,-64.635414,-62.156246,0.21809182
2019-01-17T12:00:00Z,0.0,-64.635414,-62.156246,0.22347216
2019-01-18T12:00:00Z,0.0,-64.635414,-62.156246,0.21599543
2019-01-19T12:00:00Z,0.0,-64.635414,-62.156246,0.21699704
2019-01-20T12:00:00Z,0.0,-64.635414,-62.156246,0.22212161
2019-01-21T12:00:00Z,0.0,-64.635414,-62.156246,0.21055454
2019-01-22T12:00:00Z,0.0,-64.635414,-62.156246,0.20795773
2019-01-23T12:00:00Z,0.0,-64.635414,-62.156246,0.22301613
2019-01-24T12:00:00Z,0.0,-64.635414,-62.156246,0.22956158
2019-01-25T12:00:00Z,0.0,-64.635414,-62.156246,0.22203167
2019-01-26T12:00:00Z,0.0,-64.635414,-62.156246,0.21406499
2019-01-27T12:00:00Z,0.0,-64.635414,-62.156246,0.21624842
2019-01-28T12:00:00Z,0.0,-64.635414,-62.156246,0.21664375
2019-01-29T12:00:00Z,0.0,-64.635414,-62.156246,0.21789771
2019-01-30T12:00:00Z,0.0,-64.635414,-62.156246,0.21883209
2019-01-31T12:00:00Z,0.0,-64.635414,-62.156246,0.22502182
2019-02-01T12:00:00Z,0.0,-64.635414,-62.156246,0.2233634
2019-02-02T12:00:00Z,0.0,-64.635414,-62.156246,0.23117098
2019-02-03T12:00:00Z,0.0,-64.635414,-62.156246,0.2587255
2019-02-04T12:00:00Z,0.0,-64.635414,-62.156246,0.26702422
2019-02-05T12:00:00Z,0.0,-64.635414,-62.156246,0.2963703
2019-02-06T12:00:00Z,0.0,-64.635414,-62.156246,0.302211
2019-02-07T12:00:00Z,0.0,-64.635414,-62.156246,0.2917334
2019-02-08T12:00:00Z,0.0,-64.635414,-62.156246,0.28227645
2019-02-09T12:00:00Z,0.0,-64.635414,-62.156246,0.27603668
2019-02-10T12:00:00Z,0.0,-64.635414,-62.156246,0.24123853
2019-02-11T12:00:00Z,0.0,-64.635414,-62.156246,0.25993952
2019-02-12T12:00:00Z,0.0,-64.635414,-62.156246,0.2565691
2019-02-13T12:00:00Z,0.0,-64.635414,-62.156246,0.2579103
2019-02-14T12:00:00Z,0.0,-64.635414,-62.156246,0.25399733
2019-02-15T12:00:00Z,0.0,-64.635414,-62.156246,0.25152
2019-02-16T12:00:00Z,0.0,-64.635414,-62.156246,0.25286958
2019-02-17T12:00:00Z,0.0,-64.635414,-62.156246,0.25420204
2019-02-18T12:00:00Z,0.0,-64.635414,-62.156246,0.23020379
2019-02-19T12:00:00Z,0.0,-64.635414,-62.156246,0.23755805
2019-02-20T12:00:00Z,0.0,-64.635414,-62.156246,0.23383111
2019-02-21T12:00:00Z,0.0,-64.635414,-62.156246,0.20631306
2019-02-22T12:00:00Z,0.0,-64.635414,-62.156246,0.22486329
2019-02-23T12:00:00Z,0.0,-64.635414,-62.156246,0.23068455
2019-02-24T12:00:00Z,0.0,-64.635414,-62.156246,0.21805316
2019-02-25T12:00:00Z,0.0,-64.635414,-62.156246,0.223183
2019-02-26T12:00:00Z,0.0,-64.635414,-62.156246,0.21942858
2019-02-27T12:00:00Z,0.0,-64.635414,-62.156246,0.22184333
2019-02-28T12:00:00Z,0.0,-64.635414,-62.156246,0.22540538
2019-03-01T12:00:00Z,0.0,-64.635414,-62.156246,0.21912263
2019-03-02T12:00:00Z,0.0,-64.635414,-62.156246,0.20571347
2019-03-03T12:00:00Z,0.0,-64.635414,-62.156246,0.203918
2019-03-04T12:00:00Z,0.0,-64.635414,-62.156246,0.2028063
2019-03-05T12:00:00Z,0.0,-64.635414,-62.156246,0.20815563
2019-03-06T12:00:00Z,0.0,-64.635414,-62.156246,0.20870978
2019-03-07T12:00:00Z,0.0,-64.635414,-62.156246,0.20225851
2019-03-08T12:00:00Z,0.0,-64.635414,-62.156246,0.20598486
2019-03-09T12:00:00Z,0.0,-64.635414,-62.156246,0.19933715
2019-03-10T12:00:00Z,0.0,-64.635414,-62.156246,0.20244695
2019-03-11T12:00:00Z,0.0,-64.635414,-62.156246,0.1795327
2019-03-12T12:00:00Z,0.0,-64.635414,-62.156246,0.16908255
2019-03-13T12:00:00Z,0.0,-64.635414,-62.156246,0.17069203
2019-03-14T12:00:00Z,0.0,-64.635414,-62.156246,0.17941503
2019-03-15T12:00:00Z,0.0,-64.635414,-62.156246,NaN
2019-03-16T12:00:00Z,0.0,-64.635414,-62.156246,NaN
2019-03-17T12:00:00Z,0.0,-64.635414,-62.156246,NaN
2019-03-18T12:00:00Z,0.0,-64.635414,-62.156246,NaN
2019-03-19T12:00:00Z,0.0,-64.635414,-62.156246,NaN
2019-03-20T12:00:00Z,0.0,-64.635414,-62.156246,NaN
2019-03-21T12:00:00Z,0.0,-64.635414,-62.156246,NaN
2019-03-22T12:00:00Z,0.0,-64.635414,-62.156246,NaN
2019-03-23T12:00:00Z,0.0,-64.635414,-62.156246,NaN
2019-03-24T12:00:00Z,0.0,-64.635414,-62.156246,NaN
2019-03-25T12:00:00Z,0.0,-64.635414,-62.156246,NaN
2019-03-26T12:00:00Z,0.0,-64.635414,-62.156246,NaN
2019-03-27T12:00:00Z,0.0,-64.635414,-62.156246,NaN
2019-03-28T12:00:00Z,0.0,-64.635414,-62.156246,NaN
2019-03-29T12:00:00Z,0.0,-64.635414,-62.156246,NaN
2019-03-30T12:00:00Z,0.0,-64.635414,-62.156246,NaN
2019-03-31T12:00:00Z,0.0,-64.635414,-62.156246,NaN
2019-04-01T12:00:00Z,0.0,-64.635414,-62.156246,NaN
2019-04-02T12:00:00Z,0.0,-64.635414,-62.156246,NaN
2019-04-03T12:00:00Z,0.0,-64.635414,-62.156246,NaN
2019-04-04T12:00:00Z,0.0,-64.635414,-62.156246,NaN
2019-04-05T12:00:00Z,0.0,-64.635414,-62.156246,NaN
2019-04-06T12:00:00Z,0.0,-64.635414,-62.156246,NaN
2019-04-07T12:00:00Z,0.0,-64.635414,-62.156246,NaN
2019-04-08T12:00:00Z,0.0,-64.635414,-62.156246,NaN
2019-04-09T12:00:00Z,0.0,-64.635414,-62.156246,NaN
2019-04-10T12:00:00Z,0.0,-64.635414,-62.156246,NaN
2019-04-11T12:00:00Z,0.0,-64.635414,-62.156246,NaN
2019-04-12T12:00:00Z,0.0,-64.635414,-62.156246,NaN
2019-04-13T12:00:00Z,0.0,-64.635414,-62.156246,NaN
2019-04-14T12:00:00Z,0.0,-64.635414,-62.156246,NaN
2019-04-15T12:00:00Z,0.0,-64.635414,-62.156246,NaN
2019-04-16T12:00:00Z,0.0,-64.635414,-62.156246,NaN
2019-04-17T12:00:00Z,0.0,-64.635414,-62.156246,NaN
2019-04-18T12:00:00Z,0.0,-64.635414,-62.156246,NaN
2019-04-19T12:00:00Z,0.0,-64.635414,-62.156246,NaN
2019-04-20T12:00:00Z,0.0,-64.635414,-62.156246,NaN
2019-04-21T12:00:00Z,0.0,-64.635414,-62.156246,NaN
2019-04-22T12:00:00Z,0.0,-64.635414,-62.156246,NaN
2019-04-23T12:00:00Z,0.0,-64.635414,-62.156246,NaN
2019-04-24T12:00:00Z,0.0,-64.635414,-62.156246,NaN
2019-04-25T12:00:00Z,0.0,-64.635414,-62.156246,NaN
2019-04-26T12:00:00Z,0.0,-64.635414,-62.156246,NaN
2019-04-27T12:00:00Z,0.0,-64.635414,-62.156246,NaN
2019-04-28T12:00:00Z,0.0,-64.635414,-62.156246,NaN
2019-04-29T12:00:00Z,0.0,-64.635414,-62.156246,NaN
2019-04-30T12:00:00Z,0.0,-64.635414,-62.156246,NaN
2019-05-01T12:00:00Z,0.0,-64.635414,-62.156246,NaN
2019-05-02T12:00:00Z,0.0,-64.635414,-62.156246,NaN
2019-05-03T12:00:00Z,0.0,-64.635414,-62.156246,NaN
2019-05-04T12:00:00Z,0.0,-64.635414,-62.156246,NaN
2019-05-05T12:00:00Z,0.0,-64.635414,-62.156246,NaN
2019-05-06T12:00:00Z,0.0,-64.635414,-62.156246,NaN
2019-05-07T12:00:00Z,0.0,-64.635414,-62.156246,NaN
2019-05-08T12:00:00Z,0.0,-64.635414,-62.156246,NaN
2019-05-09T12:00:00Z,0.0,-64.635414,-62.156246,NaN
2019-05-10T12:00:00Z,0.0,-64.635414,-62.156246,NaN
2019-05-11T12:00:00Z,0.0,-64.635414,-62.156246,NaN
2019-05-12T12:00:00Z,0.0,-64.635414,-62.156246,NaN
2019-05-13T12:00:00Z,0.0,-64.635414,-62.156246,NaN
2019-05-14T12:00:00Z,0.0,-64.635414,-62.156246,NaN
2019-05-15T12:00:00Z,0.0,-64.635414,-62.156246,NaN
2019-05-16T12:00:00Z,0.0,-64.635414,-62.156246,NaN
2019-05-17T12:00:00Z,0.0,-64.635414,-62.156246,NaN
2019-05-18T12:00:00Z,0.0,-64.635414,-62.156246,NaN
2019-05-19T12:00:00Z,0.0,-64.635414,-62.156246,NaN
2019-05-20T12:00:00Z,0.0,-64.635414,-62.156246,NaN
2019-05-21T12:00:00Z,0.0,-64.635414,-62.156246,NaN
2019-05-22T12:00:00Z,0.0,-64.635414,-62.156246,NaN
2019-05-23T12:00:00Z,0.0,-64.635414,-62.156246,NaN
2019-05-24T12:00:00Z,0.0,-64.635414,-62.156246,NaN
2019-05-25T12:00:00Z,0.0,-64.635414,-62.156246,NaN
2019-05-26T12:00:00Z,0.0,-64.635414,-62.156246,NaN
2019-05-27T12:00:00Z,0.0,-64.635414,-62.156246,NaN
2019-05-28T12:00:00Z,0.0,-64.635414,-62.156246,NaN
2019-05-29T12:00:00Z,0.0,-64.635414,-62.156246,NaN
2019-05-30T12:00:00Z,0.0,-64.635414,-62.156246,NaN
2019-05-31T12:00:00Z,0.0,-64.635414,-62.156246,NaN
2019-06-01T12:00:00Z,0.0,-64.635414,-62.156246,NaN
2019-06-02T12:00:00Z,0.0,-64.635414,-62.156246,NaN
2019-06-03T12:00:00Z,0.0,-64.635414,-62.156246,NaN
2019-06-04T12:00:00Z,0.0,-64.635414,-62.156246,NaN
2019-06-05T12:00:00Z,0.0,-64.635414,-62.156246,NaN
2019-06-06T12:00:00Z,0.0,-64.635414,-62.156246,NaN
2019-06-07T12:00:00Z,0.0,-64.635414,-62.156246,NaN
2019-06-08T12:00:00Z,0.0,-64.635414,-62.156246,NaN
2019-06-09T12:00:00Z,0.0,-64.635414,-62.156246,NaN
2019-06-10T12:00:00Z,0.0,-64.635414,-62.156246,NaN
2019-06-11T12:00:00Z,0.0,-64.635414,-62.156246,NaN
2019-06-12T12:00:00Z,0.0,-64.635414,-62.156246,NaN
2019-06-13T12:00:00Z,0.0,-64.635414,-62.156246,NaN
2019-06-14T12:00:00Z,0.0,-64.635414,-62.156246,NaN
2019-06-15T12:00:00Z,0.0,-64.635414,-62.156246,NaN
2019-06-16T12:00:00Z,0.0,-64.635414,-62.156246,NaN
2019-06-17T12:00:00Z,0.0,-64.635414,-62.156246,NaN
2019-06-18T12:00:00Z,0.0,-64.635414,-62.156246,NaN
2019-06-19T12:00:00Z,0.0,-64.635414,-62.156246,NaN
2019-06-20T12:00:00Z,0.0,-64.635414,-62.156246,NaN
2019-06-21T12:00:00Z,0.0,-64.635414,-62.156246,NaN
2019-06-22T12:00:00Z,0.0,-64.635414,-62.156246,NaN
2019-06-23T12:00:00Z,0.0,-64.635414,-62.156246,NaN
2019-06-24T12:00:00Z,0.0,-64.635414,-62.156246,NaN
2019-06-25T12:00:00Z,0.0,-64.635414,-62.156246,NaN
2019-06-26T12:00:00Z,0.0,-64.635414,-62.156246,NaN
2019-06-27T12:00:00Z,0.0,-64.635414,-62.156246,NaN
2019-06-28T12:00:00Z,0.0,-64.635414,-62.156246,NaN
2019-06-29T12:00:00Z,0.0,-64.635414,-62.156246,NaN
2019-06-30T12:00:00Z,0.0,-64.635414,-62.156246,NaN
2019-07-01T12:00:00Z,0.0,-64.635414,-62.156246,NaN
2019-07-02T12:00:00Z,0.0,-64.635414,-62.156246,NaN
2019-07-03T12:00:00Z,0.0,-64.635414,-62.156246,NaN
2019-07-04T12:00:00Z,0.0,-64.635414,-62.156246,NaN
2019-07-05T12:00:00Z,0.0,-64.635414,-62.156246,NaN
2019-07-06T12:00:00Z,0.0,-64.635414,-62.156246,NaN
2019-07-07T12:00:00Z,0.0,-64.635414,-62.156246,NaN
2019-07-08T12:00:00Z,0.0,-64.635414,-62.156246,NaN
2019-07-09T12:00:00Z,0.0,-64.635414,-62.156246,NaN
2019-07-10T12:00:00Z,0.0,-64.635414,-62.156246,NaN
2019-07-11T12:00:00Z,0.0,-64.635414,-62.156246,NaN
2019-07-12T12:00:00Z,0.0,-64.635414,-62.156246,NaN
2019-07-13T12:00:00Z,0.0,-64.635414,-62.156246,NaN
2019-07-14T12:00:00Z,0.0,-64.635414,-62.156246,NaN
2019-07-15T12:00:00Z,0.0,-64.635414,-62.156246,NaN
2019-07-16T12:00:00Z,0.0,-64.635414,-62.156246,NaN
2019-07-17T12:00:00Z,0.0,-64.635414,-62.156246,NaN
2019-07-18T12:00:00Z,0.0,-64.635414,-62.156246,NaN
2019-07-19T12:00:00Z,0.0,-64.635414,-62.156246,NaN
2019-07-20T12:00:00Z,0.0,-64.635414,-62.156246,NaN
2019-07-21T12:00:00Z,0.0,-64.635414,-62.156246,NaN
2019-07-22T12:00:00Z,0.0,-64.635414,-62.156246,NaN
2019-07-23T12:00:00Z,0.0,-64.635414,-62.156246,NaN
2019-07-24T12:00:00Z,0.0,-64.635414,-62.156246,NaN
2019-07-25T12:00:00Z,0.0,-64.635414,-62.156246,NaN
2019-07-26T12:00:00Z,0.0,-64.635414,-62.156246,NaN
2019-07-27T12:00:00Z,0.0,-64.635414,-62.156246,NaN
2019-07-28T12:00:00Z,0.0,-64.635414,-62.156246,NaN
2019-07-29T12:00:00Z,0.0,-64.635414,-62.156246,NaN
2019-07-30T12:00:00Z,0.0,-64.635414,-62.156246,NaN
2019-07-31T12:00:00Z,0.0,-64.635414,-62.156246,NaN
2019-08-01T12:00:00Z,0.0,-64.635414,-62.156246,NaN
2019-08-02T12:00:00Z,0.0,-64.635414,-62.156246,NaN
2019-08-03T12:00:00Z,0.0,-64.635414,-62.156246,NaN
2019-08-04T12:00:00Z,0.0,-64.635414,-62.156246,NaN
2019-08-05T12:00:00Z,0.0,-64.635414,-62.156246,NaN
2019-08-06T12:00:00Z,0.0,-64.635414,-62.156246,NaN
2019-08-07T12:00:00Z,0.0,-64.635414,-62.156246,NaN
2019-08-08T12:00:00Z,0.0,-64.635414,-62.156246,NaN
2019-08-09T12:00:00Z,0.0,-64.635414,-62.156246,NaN
2019-08-10T12:00:00Z,0.0,-64.635414,-62.156246,NaN
2019-08-11T12:00:00Z,0.0,-64.635414,-62.156246,NaN
2019-08-12T12:00:00Z,0.0,-64.635414,-62.156246,NaN
2019-08-13T12:00:00Z,0.0,-64.635414,-62.156246,NaN
2019-08-14T12:00:00Z,0.0,-64.635414,-62.156246,NaN
2019-08-15T12:00:00Z,0.0,-64.635414,-62.156246,NaN
2019-08-16T12:00:00Z,0.0,-64.635414,-62.156246,NaN
2019-08-17T12:00:00Z,0.0,-64.635414,-62.156246,NaN
2019-08-18T12:00:00Z,0.0,-64.635414,-62.156246,NaN
2019-08-19T12:00:00Z,0.0,-64.635414,-62.156246,NaN
2019-08-20T12:00:00Z,0.0,-64.635414,-62.156246,NaN
2019-08-21T12:00:00Z,0.0,-64.635414,-62.156246,NaN
2019-08-22T12:00:00Z,0.0,-64.635414,-62.156246,NaN
2019-08-23T12:00:00Z,0.0,-64.635414,-62.156246,NaN
2019-08-24T12:00:00Z,0.0,-64.635414,-62.156246,NaN
2019-08-25T12:00:00Z,0.0,-64.635414,-62.156246,NaN
2019-08-26T12:00:00Z,0.0,-64.635414,-62.156246,NaN
2019-08-27T12:00:00Z,0.0,-64.635414,-62.156246,NaN
2019-08-28T12:00:00Z,0.0,-64.635414,-62.156246,NaN
2019-08-29T12:00:00Z,0.0,-64.635414,-62.156246,NaN
2019-08-30T12:00:00Z,0.0,-64.635414,-62.156246,NaN
2019-08-31T12:00:00Z,0.0,-64.635414,-62.156246,NaN
2019-09-01T12:00:00Z,0.0,-64.635414,-62.156246,NaN
2019-09-02T12:00:00Z,0.0,-64.635414,-62.156246,NaN
2019-09-03T12:00:00Z,0.0,-64.635414,-62.156246,NaN
2019-09-04T12:00:00Z,0.0,-64.635414,-62.156246,NaN
2019-09-05T12:00:00Z,0.0,-64.635414,-62.156246,NaN
2019-09-06T12:00:00Z,0.0,-64.635414,-62.156246,NaN
2019-09-07T12:00:00Z,0.0,-64.635414,-62.156246,NaN
2019-09-08T12:00:00Z,0.0,-64.635414,-62.156246,NaN
2019-09-09T12:00:00Z,0.0,-64.635414,-62.156246,NaN
2019-09-10T12:00:00Z,0.0,-64.635414,-62.156246,NaN
2019-09-11T12:00:00Z,0.0,-64.635414,-62.156246,NaN
2019-09-12T12:00:00Z,0.0,-64.635414,-62.156246,NaN
2019-09-13T12:00:00Z,0.0,-64.635414,-62.156246,NaN
2019-09-14T12:00:00Z,0.0,-64.635414,-62.156246,NaN
2019-09-15T12:00:00Z,0.0,-64.635414,-62.156246,NaN
2019-09-16T12:00:00Z,0.0,-64.635414,-62.156246,NaN
2019-09-17T12:00:00Z,0.0,-64.635414,-62.156246,NaN
2019-09-18T12:00:00Z,0.0,-64.635414,-62.156246,NaN
2019-09-19T12:00:00Z,0.0,-64.635414,-62.156246,NaN
2019-09-20T12:00:00Z,0.0,-64.635414,-62.156246,NaN
2019-09-21T12:00:00Z,0.0,-64.635414,-62.156246,NaN
2019-09-22T12:00:00Z,0.0,-64.635414,-62.156246,NaN
2019-09-23T12:00:00Z,0.0,-64.635414,-62.156246,NaN
2019-09-24T12:00:00Z,0.0,-64.635414,-62.156246,NaN
2019-09-25T12:00:00Z,0.0,-64.635414,-62.156246,NaN
2019-09-26T12:00:00Z,0.0,-64.635414,-62.156246,NaN
2019-09-27T12:00:00Z,0.0,-64.635414,-62.156246,NaN
2019-09-28T12:00:00Z,0.0,-64.635414,-62.156246,NaN
2019-09-29T12:00:00Z,0.0,-64.635414,-62.156246,NaN
2019-09-30T12:00:00Z,0.0,-64.635414,-62.156246,NaN
2019-10-01T12:00:00Z,0.0,-64.635414,-62.156246,NaN
2019-10-02T12:00:00Z,0.0,-64.635414,-62.156246,NaN
2019-10-03T12:00:00Z,0.0,-64.635414,-62.156246,NaN
2019-10-04T12:00:00Z,0.0,-64.635414,-62.156246,NaN
2019-10-05T12:00:00Z,0.0,-64.635414,-62.156246,NaN
2019-10-06T12:00:00Z,0.0,-64.635414,-62.156246,NaN
2019-10-07T12:00:00Z,0.0,-64.635414,-62.156246,NaN
2019-10-08T12:00:00Z,0.0,-64.635414,-62.156246,NaN
2019-10-09T12:00:00Z,0.0,-64.635414,-62.156246,NaN
2019-10-10T12:00:00Z,0.0,-64.635414,-62.156246,NaN
2019-10-11T12:00:00Z,0.0,-64.635414,-62.156246,NaN
2019-10-12T12:00:00Z,0.0,-64.635414,-62.156246,NaN
2019-10-13T12:00:00Z,0.0,-64.635414,-62.156246,NaN
2019-10-14T12:00:00Z,0.0,-64.635414,-62.156246,NaN
2019-10-15T12:00:00Z,0.0,-64.635414,-62.156246,NaN
2019-10-16T12:00:00Z,0.0,-64.635414,-62.156246,NaN
2019-10-17T12:00:00Z,0.0,-64.635414,-62.156246,NaN
2019-10-18T12:00:00Z,0.0,-64.635414,-62.156246,NaN
2019-10-19T12:00:00Z,0.0,-64.635414,-62.156246,NaN
2019-10-20T12:00:00Z,0.0,-64.635414,-62.156246,NaN
2019-10-21T12:00:00Z,0.0,-64.635414,-62.156246,0.09445857
2019-10-22T12:00:00Z,0.0,-64.635414,-62.156246,0.094863884
2019-10-23T12:00:00Z,0.0,-64.635414,-62.156246,0.0869317
2019-10-24T12:00:00Z,0.0,-64.635414,-62.156246,0.08534931
2019-10-25T12:00:00Z,0.0,-64.635414,-62.156246,0.08427268
2019-10-26T12:00:00Z,0.0,-64.635414,-62.156246,0.08443528
2019-10-27T12:00:00Z,0.0,-64.635414,-62.156246,0.087148935
2019-10-28T12:00:00Z,0.0,-64.635414,-62.156246,0.06889662
2019-10-29T12:00:00Z,0.0,-64.635414,-62.156246,0.06150402
2019-10-30T12:00:00Z,0.0,-64.635414,-62.156246,0.048360277
2019-10-31T12:00:00Z,0.0,-64.635414,-62.156246,0.06771208
2019-11-01T12:00:00Z,0.0,-64.635414,-62.156246,0.06590827
2019-11-02T12:00:00Z,0.0,-64.635414,-62.156246,0.059806235
2019-11-03T12:00:00Z,0.0,-64.635414,-62.156246,0.06822743
2019-11-04T12:00:00Z,0.0,-64.635414,-62.156246,0.044195175
2019-11-05T12:00:00Z,0.0,-64.635414,-62.156246,0.0728146
2019-11-06T12:00:00Z,0.0,-64.635414,-62.156246,0.035702225
2019-11-07T12:00:00Z,0.0,-64.635414,-62.156246,0.07536892
2019-11-08T12:00:00Z,0.0,-64.635414,-62.156246,0.08812326
2019-11-09T12:00:00Z,0.0,-64.635414,-62.156246,0.0761103
2019-11-10T12:00:00Z,0.0,-64.635414,-62.156246,0.042560373
2019-11-11T12:00:00Z,0.0,-64.635414,-62.156246,0.07888048
2019-11-12T12:00:00Z,0.0,-64.635414,-62.156246,0.05566547
2019-11-13T12:00:00Z,0.0,-64.635414,-62.156246,0.110359326
2019-11-14T12:00:00Z,0.0,-64.635414,-62.156246,0.14819531
2019-11-15T12:00:00Z,0.0,-64.635414,-62.156246,0.11527137
2019-11-16T12:00:00Z,0.0,-64.635414,-62.156246,0.10060922
2019-11-17T12:00:00Z,0.0,-64.635414,-62.156246,0.09696071
2019-11-18T12:00:00Z,0.0,-64.635414,-62.156246,0.16386415
2019-11-19T12:00:00Z,0.0,-64.635414,-62.156246,0.18352634
2019-11-20T12:00:00Z,0.0,-64.635414,-62.156246,0.16300622
2019-11-21T12:00:00Z,0.0,-64.635414,-62.156246,0.17651545
2019-11-22T12:00:00Z,0.0,-64.635414,-62.156246,0.17771074
2019-11-23T12:00:00Z,0.0,-64.635414,-62.156246,0.18135074
2019-11-24T12:00:00Z,0.0,-64.635414,-62.156246,0.20529073
2019-11-25T12:00:00Z,0.0,-64.635414,-62.156246,0.22043629
2019-11-26T12:00:00Z,0.0,-64.635414,-62.156246,0.22317544
2019-11-27T12:00:00Z,0.0,-64.635414,-62.156246,0.1828433
2019-11-28T12:00:00Z,0.0,-64.635414,-62.156246,0.16659084
2019-11-29T12:00:00Z,0.0,-64.635414,-62.156246,0.2107865
2019-11-30T12:00:00Z,0.0,-64.635414,-62.156246,0.24042144
2019-12-01T12:00:00Z,0.0,-64.635414,-62.156246,0.25074604
2019-12-02T12:00:00Z,0.0,-64.635414,-62.156246,0.31614596
2019-12-03T12:00:00Z,0.0,-64.635414,-62.156246,0.34741107
2019-12-04T12:00:00Z,0.0,-64.635414,-62.156246,0.28246647
2019-12-05T12:00:00Z,0.0,-64.635414,-62.156246,0.290376
2019-12-06T12:00:00Z,0.0,-64.635414,-62.156246,0.2722296
2019-12-07T12:00:00Z,0.0,-64.635414,-62.156246,0.21690759
2019-12-08T12:00:00Z,0.0,-64.635414,-62.156246,0.21012905
2019-12-09T12:00:00Z,0.0,-64.635414,-62.156246,0.28404462
2019-12-10T12:00:00Z,0.0,-64.635414,-62.156246,0.29891407
2019-12-11T12:00:00Z,0.0,-64.635414,-62.156246,0.29064643
2019-12-12T12:00:00Z,0.0,-64.635414,-62.156246,0.30231777
2019-12-13T12:00:00Z,0.0,-64.635414,-62.156246,0.30099404
2019-12-14T12:00:00Z,0.0,-64.635414,-62.156246,0.29061025
2019-12-15T12:00:00Z,0.0,-64.635414,-62.156246,0.2918525
2019-12-16T12:00:00Z,0.0,-64.635414,-62.156246,0.2923267
2019-12-17T12:00:00Z,0.0,-64.635414,-62.156246,0.2648245
2019-12-18T12:00:00Z,0.0,-64.635414,-62.156246,0.2719711
2019-12-19T12:00:00Z,0.0,-64.635414,-62.156246,0.28538403
2019-12-20T12:00:00Z,0.0,-64.635414,-62.156246,0.28868976
2019-12-21T12:00:00Z,0.0,-64.635414,-62.156246,0.27848673
2019-12-22T12:00:00Z,0.0,-64.635414,-62.156246,0.29733166
2019-12-23T12:00:00Z,0.0,-64.635414,-62.156246,0.2868577
2019-12-24T12:00:00Z,0.0,-64.635414,-62.156246,0.2996401
2019-12-25T12:00:00Z,0.0,-64.635414,-62.156246,0.32461986
2019-12-26T12:00:00Z,0.0,-64.635414,-62.156246,0.32294515
2019-12-27T12:00:00Z,0.0,-64.635414,-62.156246,0.29152402
2019-12-28T12:00:00Z,0.0,-64.635414,-62.156246,0.24038778
2019-12-29T12:00:00Z,0.0,-64.635414,-62.156246,0.24363926
2019-12-30T12:00:00Z,0.0,-64.635414,-62.156246,0.24922386
2019-12-31T12:00:00Z,0.0,-64.635414,-62.156246,0.24377443
2020-01-01T12:00:00Z,0.0,-64.635414,-62.156246,0.24716705
2020-01-02T12:00:00Z,0.0,-64.635414,-62.156246,0.26731655
2020-01-03T12:00:00Z,0.0,-64.635414,-62.156246,0.24596995
2020-01-04T12:00:00Z,0.0,-64.635414,-62.156246,0.22171639
2020-01-05T12:00:00Z,0.0,-64.635414,-62.156246,0.20759328
2020-01-06T12:00:00Z,0.0,-64.635414,-62.156246,0.20765814
2020-01-07T12:00:00Z,0.0,-64.635414,-62.156246,0.20888858
2020-01-08T12:00:00Z,0.0,-64.635414,-62.156246,0.20535415
2020-01-09T12:00:00Z,0.0,-64.635414,-62.156246,0.2237657
2020-01-10T12:00:00Z,0.0,-64.635414,-62.156246,0.22777788
2020-01-11T12:00:00Z,0.0,-64.635414,-62.156246,0.20892732
2020-01-12T12:00:00Z,0.0,-64.635414,-62.156246,0.20367324
2020-01-13T12:00:00Z,0.0,-64.635414,-62.156246,0.1719427
2020-01-14T12:00:00Z,0.0,-64.635414,-62.156246,0.20026976
2020-01-15T12:00:00Z,0.0,-64.635414,-62.156246,0.18804495
2020-01-16T12:00:00Z,0.0,-64.635414,-62.156246,0.21170083
2020-01-17T12:00:00Z,0.0,-64.635414,-62.156246,0.23920907
2020-01-18T12:00:00Z,0.0,-64.635414,-62.156246,0.23599155
2020-01-19T12:00:00Z,0.0,-64.635414,-62.156246,0.23433138
2020-01-20T12:00:00Z,0.0,-64.635414,-62.156246,0.2704034
2020-01-21T12:00:00Z,0.0,-64.635414,-62.156246,0.26901767
2020-01-22T12:00:00Z,0.0,-64.635414,-62.156246,0.26154792
2020-01-23T12:00:00Z,0.0,-64.635414,-62.156246,0.2850892
2020-01-24T12:00:00Z,0.0,-64.635414,-62.156246,0.31798592
2020-01-25T12:00:00Z,0.0,-64.635414,-62.156246,0.33440197
2020-01-26T12:00:00Z,0.0,-64.635414,-62.156246,0.33551762
2020-01-27T12:00:00Z,0.0,-64.635414,-62.156246,0.36407262
2020-01-28T12:00:00Z,0.0,-64.635414,-62.156246,0.3824117
2020-01-29T12:00:00Z,0.0,-64.635414,-62.156246,0.30221638
2020-01-30T12:00:00Z,0.0,-64.635414,-62.156246,0.2792559
2020-01-31T12:00:00Z,0.0,-64.635414,-62.156246,0.28498492
2020-02-01T12:00:00Z,0.0,-64.635414,-62.156246,0.29234603
2020-02-02T12:00:00Z,0.0,-64.635414,-62.156246,0.27727553
2020-02-03T12:00:00Z,0.0,-64.635414,-62.156246,0.27646998
2020-02-04T12:00:00Z,0.0,-64.635414,-62.156246,0.2523325
2020-02-05T12:00:00Z,0.0,-64.635414,-62.156246,0.23791401
2020-02-06T12:00:00Z,0.0,-64.635414,-62.156246,0.23856694
2020-02-07T12:00:00Z,0.0,-64.635414,-62.156246,0.28031048
2020-02-08T12:00:00Z,0.0,-64.635414,-62.156246,0.2689494
2020-02-09T12:00:00Z,0.0,-64.635414,-62.156246,0.2797008
2020-02-10T12:00:00Z,0.0,-64.635414,-62.156246,0.28121156
2020-02-11T12:00:00Z,0.0,-64.635414,-62.156246,0.27741867
2020-02-12T12:00:00Z,0.0,-64.635414,-62.156246,0.27373224
2020-02-13T12:00:00Z,0.0,-64.635414,-62.156246,0.274031
2020-02-14T12:00:00Z,0.0,-64.635414,-62.156246,0.27285707
2020-02-15T12:00:00Z,0.0,-64.635414,-62.156246,0.27276254
2020-02-16T12:00:00Z,0.0,-64.635414,-62.156246,0.27059013
2020-02-17T12:00:00Z,0.0,-64.635414,-62.156246,0.26935738
2020-02-18T12:00:00Z,0.0,-64.635414,-62.156246,0.2487205
2020-02-19T12:00:00Z,0.0,-64.635414,-62.156246,0.2938809
2020-02-20T12:00:00Z,0.0,-64.635414,-62.156246,0.28225714
2020-02-21T12:00:00Z,0.0,-64.635414,-62.156246,0.2968528
2020-02-22T12:00:00Z,0.0,-64.635414,-62.156246,0.28100795
2020-02-23T12:00:00Z,0.0,-64.635414,-62.156246,0.27911374
2020-02-24T12:00:00Z,0.0,-64.635414,-62.156246,0.28105187
2020-02-25T12:00:00Z,0.0,-64.635414,-62.156246,0.24732056
2020-02-26T12:00:00Z,0.0,-64.635414,-62.156246,0.24469957
2020-02-27T12:00:00Z,0.0,-64.635414,-62.156246,0.21735932
2020-02-28T12:00:00Z,0.0,-64.635414,-62.156246,0.21408968
2020-02-29T12:00:00Z,0.0,-64.635414,-62.156246,0.20596075
2020-03-01T12:00:00Z,0.0,-64.635414,-62.156246,0.1882159
2020-03-02T12:00:00Z,0.0,-64.635414,-62.156246,0.20004727
2020-03-03T12:00:00Z,0.0,-64.635414,-62.156246,0.17913006
2020-03-04T12:00:00Z,0.0,-64.635414,-62.156246,0.16939548
2020-03-05T12:00:00Z,0.0,-64.635414,-62.156246,0.16975665
2020-03-06T12:00:00Z,0.0,-64.635414,-62.156246,0.1607848
2020-03-07T12:00:00Z,0.0,-64.635414,-62.156246,0.17426684
2020-03-08T12:00:00Z,0.0,-64.635414,-62.156246,0.17419219
2020-03-09T12:00:00Z,0.0,-64.635414,-62.156246,0.17612633
2020-03-10T12:00:00Z,0.0,-64.635414,-62.156246,0.1811284
2020-03-11T12:00:00Z,0.0,-64.635414,-62.156246,0.18755975
2020-03-12T12:00:00Z,0.0,-64.635414,-62.156246,0.1763547
2020-03-13T12:00:00Z,0.0,-64.635414,-62.156246,0.17408
2020-03-14T12:00:00Z,0.0,-64.635414,-62.156246,NaN
2020-03-15T12:00:00Z,0.0,-64.635414,-62.156246,NaN
2020-03-16T12:00:00Z,0.0,-64.635414,-62.156246,NaN
2020-03-17T12:00:00Z,0.0,-64.635414,-62.156246,NaN
2020-03-18T12:00:00Z,0.0,-64.635414,-62.156246,NaN
2020-03-19T12:00:00Z,0.0,-64.635414,-62.156246,NaN
2020-03-20T12:00:00Z,0.0,-64.635414,-62.156246,NaN
2020-03-21T12:00:00Z,0.0,-64.635414,-62.156246,NaN
2020-03-22T12:00:00Z,0.0,-64.635414,-62.156246,NaN
2020-03-23T12:00:00Z,0.0,-64.635414,-62.156246,NaN
2020-03-24T12:00:00Z,0.0,-64.635414,-62.156246,NaN
2020-03-25T12:00:00Z,0.0,-64.635414,-62.156246,NaN
2020-03-26T12:00:00Z,0.0,-64.635414,-62.156246,NaN
2020-03-27T12:00:00Z,0.0,-64.635414,-62.156246,NaN
2020-03-28T12:00:00Z,0.0,-64.635414,-62.156246,NaN
2020-03-29T12:00:00Z,0.0,-64.635414,-62.156246,NaN
2020-03-30T12:00:00Z,0.0,-64.635414,-62.156246,NaN
2020-03-31T12:00:00Z,0.0,-64.635414,-62.156246,NaN
2020-04-01T12:00:00Z,0.0,-64.635414,-62.156246,NaN
2020-04-02T12:00:00Z,0.0,-64.635414,-62.156246,NaN
2020-04-03T12:00:00Z,0.0,-64.635414,-62.156246,NaN
2020-04-04T12:00:00Z,0.0,-64.635414,-62.156246,NaN
2020-04-05T12:00:00Z,0.0,-64.635414,-62.156246,NaN
2020-04-06T12:00:00Z,0.0,-64.635414,-62.156246,NaN
2020-04-07T12:00:00Z,0.0,-64.635414,-62.156246,NaN
2020-04-08T12:00:00Z,0.0,-64.635414,-62.156246,NaN
2020-04-09T12:00:00Z,0.0,-64.635414,-62.156246,NaN
2020-04-10T12:00:00Z,0.0,-64.635414,-62.156246,NaN
2020-04-11T12:00:00Z,0.0,-64.635414,-62.156246,NaN
2020-04-12T12:00:00Z,0.0,-64.635414,-62.156246,NaN
2020-04-13T12:00:00Z,0.0,-64.635414,-62.156246,NaN
2020-04-14T12:00:00Z,0.0,-64.635414,-62.156246,NaN
2020-04-15T12:00:00Z,0.0,-64.635414,-62.156246,NaN
2020-04-16T12:00:00Z,0.0,-64.635414,-62.156246,NaN
2020-04-17T12:00:00Z,0.0,-64.635414,-62.156246,NaN
2020-04-18T12:00:00Z,0.0,-64.635414,-62.156246,NaN
2020-04-19T12:00:00Z,0.0,-64.635414,-62.156246,NaN
2020-04-20T12:00:00Z,0.0,-64.635414,-62.156246,NaN
2020-04-21T12:00:00Z,0.0,-64.635414,-62.156246,NaN
2020-04-22T12:00:00Z,0.0,-64.635414,-62.156246,NaN
2020-04-23T12:00:00Z,0.0,-64.635414,-62.156246,NaN
2020-04-24T12:00:00Z,0.0,-64.635414,-62.156246,NaN
2020-04-25T12:00:00Z,0.0,-64.635414,-62.156246,NaN
2020-04-26T12:00:00Z,0.0,-64.635414,-62.156246,NaN
2020-04-27T12:00:00Z,0.0,-64.635414,-62.156246,NaN
2020-04-28T12:00:00Z,0.0,-64.635414,-62.156246,NaN
2020-04-29T12:00:00Z,0.0,-64.635414,-62.156246,NaN
2020-04-30T12:00:00Z,0.0,-64.635414,-62.156246,NaN
2020-05-01T12:00:00Z,0.0,-64.635414,-62.156246,NaN
2020-05-02T12:00:00Z,0.0,-64.635414,-62.156246,NaN
2020-05-03T12:00:00Z,0.0,-64.635414,-62.156246,NaN
2020-05-04T12:00:00Z,0.0,-64.635414,-62.156246,NaN
2020-05-05T12:00:00Z,0.0,-64.635414,-62.156246,NaN
2020-05-06T12:00:00Z,0.0,-64.635414,-62.156246,NaN
2020-05-07T12:00:00Z,0.0,-64.635414,-62.156246,NaN
2020-05-08T12:00:00Z,0.0,-64.635414,-62.156246,NaN
2020-05-09T12:00:00Z,0.0,-64.635414,-62.156246,NaN
2020-05-10T12:00:00Z,0.0,-64.635414,-62.156246,NaN
2020-05-11T12:00:00Z,0.0,-64.635414,-62.156246,NaN
2020-05-12T12:00:00Z,0.0,-64.635414,-62.156246,NaN
2020-05-13T12:00:00Z,0.0,-64.635414,-62.156246,NaN
2020-05-14T12:00:00Z,0.0,-64.635414,-62.156246,NaN
2020-05-15T12:00:00Z,0.0,-64.635414,-62.156246,NaN
2020-05-16T12:00:00Z,0.0,-64.635414,-62.156246,NaN
2020-05-17T12:00:00Z,0.0,-64.635414,-62.156246,NaN
2020-05-18T12:00:00Z,0.0,-64.635414,-62.156246,NaN
2020-05-19T12:00:00Z,0.0,-64.635414,-62.156246,NaN
2020-05-20T12:00:00Z,0.0,-64.635414,-62.156246,NaN
2020-05-21T12:00:00Z,0.0,-64.635414,-62.156246,NaN
2020-05-22T12:00:00Z,0.0,-64.635414,-62.156246,NaN
2020-05-23T12:00:00Z,0.0,-64.635414,-62.156246,NaN
2020-05-24T12:00:00Z,0.0,-64.635414,-62.156246,NaN
2020-05-25T12:00:00Z,0.0,-64.635414,-62.156246,NaN
2020-05-26T12:00:00Z,0.0,-64.635414,-62.156246,NaN
2020-05-27T12:00:00Z,0.0,-64.635414,-62.156246,NaN
2020-05-28T12:00:00Z,0.0,-64.635414,-62.156246,NaN
2020-05-29T12:00:00Z,0.0,-64.635414,-62.156246,NaN
2020-05-30T12:00:00Z,0.0,-64.635414,-62.156246,NaN
2020-05-31T12:00:00Z,0.0,-64.635414,-62.156246,NaN
2020-06-01T12:00:00Z,0.0,-64.635414,-62.156246,NaN
2020-06-02T12:00:00Z,0.0,-64.635414,-62.156246,NaN
2020-06-03T12:00:00Z,0.0,-64.635414,-62.156246,NaN
2020-06-04T12:00:00Z,0.0,-64.635414,-62.156246,NaN
2020-06-05T12:00:00Z,0.0,-64.635414,-62.156246,NaN
2020-06-06T12:00:00Z,0.0,-64.635414,-62.156246,NaN
2020-06-07T12:00:00Z,0.0,-64.635414,-62.156246,NaN
2020-06-08T12:00:00Z,0.0,-64.635414,-62.156246,NaN
2020-06-09T12:00:00Z,0.0,-64.635414,-62.156246,NaN
2020-06-10T12:00:00Z,0.0,-64.635414,-62.156246,NaN
2020-06-11T12:00:00Z,0.0,-64.635414,-62.156246,NaN
2020-06-12T12:00:00Z,0.0,-64.635414,-62.156246,NaN
2020-06-13T12:00:00Z,0.0,-64.635414,-62.156246,NaN
2020-06-14T12:00:00Z,0.0,-64.635414,-62.156246,NaN
2020-06-15T12:00:00Z,0.0,-64.635414,-62.156246,NaN
2020-06-16T12:00:00Z,0.0,-64.635414,-62.156246,NaN
2020-06-17T12:00:00Z,0.0,-64.635414,-62.156246,NaN
2020-06-18T12:00:00Z,0.0,-64.635414,-62.156246,NaN
2020-06-19T12:00:00Z,0.0,-64.635414,-62.156246,NaN
2020-06-20T12:00:00Z,0.0,-64.635414,-62.156246,NaN
2020-06-21T12:00:00Z,0.0,-64.635414,-62.156246,NaN
2020-06-22T12:00:00Z,0.0,-64.635414,-62.156246,NaN
2020-06-23T12:00:00Z,0.0,-64.635414,-62.156246,NaN
2020-06-24T12:00:00Z,0.0,-64.635414,-62.156246,NaN
2020-06-25T12:00:00Z,0.0,-64.635414,-62.156246,NaN
2020-06-26T12:00:00Z,0.0,-64.635414,-62.156246,NaN
2020-06-27T12:00:00Z,0.0,-64.635414,-62.156246,NaN
2020-06-28T12:00:00Z,0.0,-64.635414,-62.156246,NaN
2020-06-29T12:00:00Z,0.0,-64.635414,-62.156246,NaN
2020-06-30T12:00:00Z,0.0,-64.635414,-62.156246,NaN
2020-07-01T12:00:00Z,0.0,-64.635414,-62.156246,NaN
2020-07-02T12:00:00Z,0.0,-64.635414,-62.156246,NaN
2020-07-03T12:00:00Z,0.0,-64.635414,-62.156246,NaN
2020-07-04T12:00:00Z,0.0,-64.635414,-62.156246,NaN
2020-07-05T12:00:00Z,0.0,-64.635414,-62.156246,NaN
2020-07-06T12:00:00Z,0.0,-64.635414,-62.156246,NaN
2020-07-07T12:00:00Z,0.0,-64.635414,-62.156246,NaN
2020-07-08T12:00:00Z,0.0,-64.635414,-62.156246,NaN
2020-07-09T12:00:00Z,0.0,-64.635414,-62.156246,NaN
2020-07-10T12:00:00Z,0.0,-64.635414,-62.156246,NaN
2020-07-11T12:00:00Z,0.0,-64.635414,-62.156246,NaN
2020-07-12T12:00:00Z,0.0,-64.635414,-62.156246,NaN
2020-07-13T12:00:00Z,0.0,-64.635414,-62.156246,NaN
2020-07-14T12:00:00Z,0.0,-64.635414,-62.156246,NaN
2020-07-15T12:00:00Z,0.0,-64.635414,-62.156246,NaN
2020-07-16T12:00:00Z,0.0,-64.635414,-62.156246,NaN
2020-07-17T12:00:00Z,0.0,-64.635414,-62.156246,NaN
2020-07-18T12:00:00Z,0.0,-64.635414,-62.156246,NaN
2020-07-19T12:00:00Z,0.0,-64.635414,-62.156246,NaN
2020-07-20T12:00:00Z,0.0,-64.635414,-62.156246,NaN
2020-07-21T12:00:00Z,0.0,-64.635414,-62.156246,NaN
2020-07-22T12:00:00Z,0.0,-64.635414,-62.156246,NaN
2020-07-23T12:00:00Z,0.0,-64.635414,-62.156246,NaN
2020-07-24T12:00:00Z,0.0,-64.635414,-62.156246,NaN
2020-07-25T12:00:00Z,0.0,-64.635414,-62.156246,NaN
2020-07-26T12:00:00Z,0.0,-64.635414,-62.156246,NaN
2020-07-27T12:00:00Z,0.0,-64.635414,-62.156246,NaN
2020-07-28T12:00:00Z,0.0,-64.635414,-62.156246,NaN
2020-07-29T12:00:00Z,0.0,-64.635414,-62.156246,NaN
2020-07-30T12:00:00Z,0.0,-64.635414,-62.156246,NaN
2020-07-31T12:00:00Z,0.0,-64.635414,-62.156246,NaN
2020-08-01T12:00:00Z,0.0,-64.635414,-62.156246,NaN
2020-08-02T12:00:00Z,0.0,-64.635414,-62.156246,NaN
2020-08-03T12:00:00Z,0.0,-64.635414,-62.156246,NaN
2020-08-04T12:00:00Z,0.0,-64.635414,-62.156246,NaN
2020-08-05T12:00:00Z,0.0,-64.635414,-62.156246,NaN
2020-08-06T12:00:00Z,0.0,-64.635414,-62.156246,NaN
2020-08-07T12:00:00Z,0.0,-64.635414,-62.156246,NaN
2020-08-08T12:00:00Z,0.0,-64.635414,-62.156246,NaN
2020-08-09T12:00:00Z,0.0,-64.635414,-62.156246,NaN
2020-08-10T12:00:00Z,0.0,-64.635414,-62.156246,NaN
2020-08-11T12:00:00Z,0.0,-64.635414,-62.156246,NaN
2020-08-12T12:00:00Z,0.0,-64.635414,-62.156246,NaN
2020-08-13T12:00:00Z,0.0,-64.635414,-62.156246,NaN
2020-08-14T12:00:00Z,0.0,-64.635414,-62.156246,NaN
2020-08-15T12:00:00Z,0.0,-64.635414,-62.156246,NaN
2020-08-16T12:00:00Z,0.0,-64.635414,-62.156246,NaN
2020-08-17T12:00:00Z,0.0,-64.635414,-62.156246,NaN
2020-08-18T12:00:00Z,0.0,-64.635414,-62.156246,NaN
2020-08-19T12:00:00Z,0.0,-64.635414,-62.156246,NaN
2020-08-20T12:00:00Z,0.0,-64.635414,-62.156246,NaN
2020-08-21T12:00:00Z,0.0,-64.635414,-62.156246,NaN
2020-08-22T12:00:00Z,0.0,-64.635414,-62.156246,NaN
2020-08-23T12:00:00Z,0.0,-64.635414,-62.156246,NaN
2020-08-24T12:00:00Z,0.0,-64.635414,-62.156246,NaN
2020-08-25T12:00:00Z,0.0,-64.635414,-62.156246,NaN
2020-08-26T12:00:00Z,0.0,-64.635414,-62.156246,NaN
2020-08-27T12:00:00Z,0.0,-64.635414,-62.156246,NaN
2020-08-28T12:00:00Z,0.0,-64.635414,-62.156246,NaN
2020-08-29T12:00:00Z,0.0,-64.635414,-62.156246,NaN
2020-08-30T12:00:00Z,0.0,-64.635414,-62.156246,NaN
2020-08-31T12:00:00Z,0.0,-64.635414,-62.156246,NaN
2020-09-01T12:00:00Z,0.0,-64.635414,-62.156246,NaN
2020-09-02T12:00:00Z,0.0,-64.635414,-62.156246,NaN
2020-09-03T12:00:00Z,0.0,-64.635414,-62.156246,NaN
2020-09-04T12:00:00Z,0.0,-64.635414,-62.156246,NaN
2020-09-05T12:00:00Z,0.0,-64.635414,-62.156246,NaN
2020-09-06T12:00:00Z,0.0,-64.635414,-62.156246,NaN
2020-09-07T12:00:00Z,0.0,-64.635414,-62.156246,NaN
2020-09-08T12:00:00Z,0.0,-64.635414,-62.156246,NaN
2020-09-09T12:00:00Z,0.0,-64.635414,-62.156246,NaN
2020-09-10T12:00:00Z,0.0,-64.635414,-62.156246,NaN
2020-09-11T12:00:00Z,0.0,-64.635414,-62.156246,NaN
2020-09-12T12:00:00Z,0.0,-64.635414,-62.156246,NaN
2020-09-13T12:00:00Z,0.0,-64.635414,-62.156246,NaN
2020-09-14T12:00:00Z,0.0,-64.635414,-62.156246,NaN
2020-09-15T12:00:00Z,0.0,-64.635414,-62.156246,NaN
2020-09-16T12:00:00Z,0.0,-64.635414,-62.156246,NaN
2020-09-17T12:00:00Z,0.0,-64.635414,-62.156246,NaN
2020-09-18T12:00:00Z,0.0,-64.635414,-62.156246,NaN
2020-09-19T12:00:00Z,0.0,-64.635414,-62.156246,NaN
2020-09-20T12:00:00Z,0.0,-64.635414,-62.156246,NaN
2020-09-21T12:00:00Z,0.0,-64.635414,-62.156246,NaN
2020-09-22T12:00:00Z,0.0,-64.635414,-62.156246,NaN
2020-09-23T12:00:00Z,0.0,-64.635414,-62.156246,NaN
2020-09-24T12:00:00Z,0.0,-64.635414,-62.156246,NaN
2020-09-25T12:00:00Z,0.0,-64.635414,-62.156246,NaN
2020-09-26T12:00:00Z,0.0,-64.635414,-62.156246,NaN
2020-09-27T12:00:00Z,0.0,-64.635414,-62.156246,NaN
2020-09-28T12:00:00Z,0.0,-64.635414,-62.156246,NaN
2020-09-29T12:00:00Z,0.0,-64.635414,-62.156246,NaN
2020-09-30T12:00:00Z,0.0,-64.635414,-62.156246,NaN
2020-10-01T12:00:00Z,0.0,-64.635414,-62.156246,NaN
2020-10-02T12:00:00Z,0.0,-64.635414,-62.156246,NaN
2020-10-03T12:00:00Z,0.0,-64.635414,-62.156246,NaN
2020-10-04T12:00:00Z,0.0,-64.635414,-62.156246,NaN
2020-10-05T12:00:00Z,0.0,-64.635414,-62.156246,NaN
2020-10-06T12:00:00Z,0.0,-64.635414,-62.156246,NaN
2020-10-07T12:00:00Z,0.0,-64.635414,-62.156246,NaN
2020-10-08T12:00:00Z,0.0,-64.635414,-62.156246,NaN
2020-10-09T12:00:00Z,0.0,-64.635414,-62.156246,NaN
2020-10-10T12:00:00Z,0.0,-64.635414,-62.156246,NaN
2020-10-11T12:00:00Z,0.0,-64.635414,-62.156246,NaN
2020-10-12T12:00:00Z,0.0,-64.635414,-62.156246,NaN
2020-10-13T12:00:00Z,0.0,-64.635414,-62.156246,NaN
2020-10-14T12:00:00Z,0.0,-64.635414,-62.156246,NaN
2020-10-15T12:00:00Z,0.0,-64.635414,-62.156246,NaN
2020-10-16T12:00:00Z,0.0,-64.635414,-62.156246,NaN
2020-10-17T12:00:00Z,0.0,-64.635414,-62.156246,NaN
2020-10-18T12:00:00Z,0.0,-64.635414,-62.156246,NaN
2020-10-19T12:00:00Z,0.0,-64.635414,-62.156246,NaN
2020-10-20T12:00:00Z,0.0,-64.635414,-62.156246,0.16388598
2020-10-21T12:00:00Z,0.0,-64.635414,-62.156246,0.16416675
2020-10-22T12:00:00Z,0.0,-64.635414,-62.156246,0.16485028
2020-10-23T12:00:00Z,0.0,-64.635414,-62.156246,0.16525403
2020-10-24T12:00:00Z,0.0,-64.635414,-62.156246,0.16627814
2020-10-25T12:00:00Z,0.0,-64.635414,-62.156246,0.1662505
2020-10-26T12:00:00Z,0.0,-64.635414,-62.156246,0.16681369
2020-10-27T12:00:00Z,0.0,-64.635414,-62.156246,0.16658527
2020-10-28T12:00:00Z,0.0,-64.635414,-62.156246,0.0758173
2020-10-29T12:00:00Z,0.0,-64.635414,-62.156246,0.16770138
2020-10-30T12:00:00Z,0.0,-64.635414,-62.156246,0.16760951
2020-10-31T12:00:00Z,0.0,-64.635414,-62.156246,0.09654271
2020-11-01T12:00:00Z,0.0,-64.635414,-62.156246,0.16759056
2020-11-02T12:00:00Z,0.0,-64.635414,-62.156246,0.1679675
2020-11-03T12:00:00Z,0.0,-64.635414,-62.156246,0.11004026
2020-11-04T12:00:00Z,0.0,-64.635414,-62.156246,0.06954107
2020-11-05T12:00:00Z,0.0,-64.635414,-62.156246,0.075926244
2020-11-06T12:00:00Z,0.0,-64.635414,-62.156246,0.09778287
2020-11-07T12:00:00Z,0.0,-64.635414,-62.156246,0.0655642
2020-11-08T12:00:00Z,0.0,-64.635414,-62.156246,0.07029033
2020-11-09T12:00:00Z,0.0,-64.635414,-62.156246,0.082624756
2020-11-10T12:00:00Z,0.0,-64.635414,-62.156246,0.06880828
2020-11-11T12:00:00Z,0.0,-64.635414,-62.156246,0.073063694
2020-11-12T12:00:00Z,0.0,-64.635414,-62.156246,0.107509926
2020-11-13T12:00:00Z,0.0,-64.635414,-62.156246,0.10840304
2020-11-14T12:00:00Z,0.0,-64.635414,-62.156246,0.11897474
2020-11-15T12:00:00Z,0.0,-64.635414,-62.156246,0.08580397
2020-11-16T12:00:00Z,0.0,-64.635414,-62.156246,0.08568475
2020-11-17T12:00:00Z,0.0,-64.635414,-62.156246,0.08918534
2020-11-18T12:00:00Z,0.0,-64.635414,-62.156246,0.08236671
2020-11-19T12:00:00Z,0.0,-64.635414,-62.156246,0.080537654
2020-11-20T12:00:00Z,0.0,-64.635414,-62.156246,0.08751
2020-11-21T12:00:00Z,0.0,-64.635414,-62.156246,0.08467931
2020-11-22T12:00:00Z,0.0,-64.635414,-62.156246,0.10099089
2020-11-23T12:00:00Z,0.0,-64.635414,-62.156246,0.09196241
2020-11-24T12:00:00Z,0.0,-64.635414,-62.156246,0.10756827
2020-11-25T12:00:00Z,0.0,-64.635414,-62.156246,0.09318908
2020-11-26T12:00:00Z,0.0,-64.635414,-62.156246,0.104385115
2020-11-27T12:00:00Z,0.0,-64.635414,-62.156246,0.08373568
2020-11-28T12:00:00Z,0.0,-64.635414,-62.156246,0.10122382
2020-11-29T12:00:00Z,0.0,-64.635414,-62.156246,0.09811697
2020-11-30T12:00:00Z,0.0,-64.635414,-62.156246,0.097806
2020-12-01T12:00:00Z,0.0,-64.635414,-62.156246,0.10343098
2020-12-02T12:00:00Z,0.0,-64.635414,-62.156246,0.11053173
2020-12-03T12:00:00Z,0.0,-64.635414,-62.156246,0.12208027
2020-12-04T12:00:00Z,0.0,-64.635414,-62.156246,0.13498345
2020-12-05T12:00:00Z,0.0,-64.635414,-62.156246,0.12231569
2020-12-06T12:00:00Z,0.0,-64.635414,-62.156246,0.14665939
2020-12-07T12:00:00Z,0.0,-64.635414,-62.156246,0.14277728
2020-12-08T12:00:00Z,0.0,-64.635414,-62.156246,0.16175519
2020-12-09T12:00:00Z,0.0,-64.635414,-62.156246,0.12315592
2020-12-10T12:00:00Z,0.0,-64.635414,-62.156246,0.123457596
2020-12-11T12:00:00Z,0.0,-64.635414,-62.156246,0.1174337
2020-12-12T12:00:00Z,0.0,-64.635414,-62.156246,0.12648353
2020-12-13T12:00:00Z,0.0,-64.635414,-62.156246,0.121245936
2020-12-14T12:00:00Z,0.0,-64.635414,-62.156246,0.11400589
2020-12-15T12:00:00Z,0.0,-64.635414,-62.156246,0.13286695
2020-12-16T12:00:00Z,0.0,-64.635414,-62.156246,0.15843992
2020-12-17T12:00:00Z,0.0,-64.635414,-62.156246,0.15167707
2020-12-18T12:00:00Z,0.0,-64.635414,-62.156246,0.14289379
2020-12-19T12:00:00Z,0.0,-64.635414,-62.156246,0.15671146
2020-12-20T12:00:00Z,0.0,-64.635414,-62.156246,0.18006644
2020-12-21T12:00:00Z,0.0,-64.635414,-62.156246,0.18615158
2020-12-22T12:00:00Z,0.0,-64.635414,-62.156246,0.17348987
2020-12-23T12:00:00Z,0.0,-64.635414,-62.156246,0.16493817
2020-12-24T12:00:00Z,0.0,-64.635414,-62.156246,0.19565354
2020-12-25T12:00:00Z,0.0,-64.635414,-62.156246,0.16627988
2020-12-26T12:00:00Z,0.0,-64.635414,-62.156246,0.15824802
2020-12-27T12:00:00Z,0.0,-64.635414,-62.156246,0.15341109
2020-12-28T12:00:00Z,0.0,-64.635414,-62.156246,0.17616178
2020-12-29T12:00:00Z,0.0,-64.635414,-62.156246,0.15940249
2020-12-30T12:00:00Z,0.0,-64.635414,-62.156246,0.15281256
2020-12-31T12:00:00Z,0.0,-64.635414,-62.156246,0.1457569
2021-01-01T12:00:00Z,0.0,-64.635414,-62.156246,0.14463209
2021-01-02T12:00:00Z,0.0,-64.635414,-62.156246,0.14980231
2021-01-03T12:00:00Z,0.0,-64.635414,-62.156246,0.15438615
2021-01-04T12:00:00Z,0.0,-64.635414,-62.156246,0.16013551
2021-01-05T12:00:00Z,0.0,-64.635414,-62.156246,0.15929745
2021-01-06T12:00:00Z,0.0,-64.635414,-62.156246,0.15214124
2021-01-07T12:00:00Z,0.0,-64.635414,-62.156246,0.16562612
2021-01-08T12:00:00Z,0.0,-64.635414,-62.156246,0.15457457
2021-01-09T12:00:00Z,0.0,-64.635414,-62.156246,0.1610589
2021-01-10T12:00:00Z,0.0,-64.635414,-62.156246,0.16037443
2021-01-11T12:00:00Z,0.0,-64.635414,-62.156246,0.16993205
2021-01-12T12:00:00Z,0.0,-64.635414,-62.156246,0.1613245
2021-01-13T12:00:00Z,0.0,-64.635414,-62.156246,0.1709118
2021-01-14T12:00:00Z,0.0,-64.635414,-62.156246,0.16756885
2021-01-15T12:00:00Z,0.0,-64.635414,-62.156246,0.19898106
2021-01-16T12:00:00Z,0.0,-64.635414,-62.156246,0.20023231
2021-01-17T12:00:00Z,0.0,-64.635414,-62.156246,0.2227044
2021-01-18T12:00:00Z,0.0,-64.635414,-62.156246,0.21571836
2021-01-19T12:00:00Z,0.0,-64.635414,-62.156246,0.21206217
2021-01-20T12:00:00Z,0.0,-64.635414,-62.156246,0.22592795
2021-01-21T12:00:00Z,0.0,-64.635414,-62.156246,0.23544614
2021-01-22T12:00:00Z,0.0,-64.635414,-62.156246,0.19959672
2021-01-23T12:00:00Z,0.0,-64.635414,-62.156246,0.20219897
2021-01-24T12:00:00Z,0.0,-64.635414,-62.156246,0.19861285
2021-01-25T12:00:00Z,0.0,-64.635414,-62.156246,0.19387275
2021-01-26T12:00:00Z,0.0,-64.635414,-62.156246,0.17007053
2021-01-27T12:00:00Z,0.0,-64.635414,-62.156246,0.18053003
2021-01-28T12:00:00Z,0.0,-64.635414,-62.156246,0.18140765
2021-01-29T12:00:00Z,0.0,-64.635414,-62.156246,0.17810892
2021-01-30T12:00:00Z,0.0,-64.635414,-62.156246,0.17476797
2021-01-31T12:00:00Z,0.0,-64.635414,-62.156246,0.17957433
2021-02-01T12:00:00Z,0.0,-64.635414,-62.156246,0.18587774
2021-02-02T12:00:00Z,0.0,-64.635414,-62.156246,0.19062279
2021-02-03T12:00:00Z,0.0,-64.635414,-62.156246,0.17551714
2021-02-04T12:00:00Z,0.0,-64.635414,-62.156246,0.17183647
2021-02-05T12:00:00Z,0.0,-64.635414,-62.156246,0.16829842
2021-02-06T12:00:00Z,0.0,-64.635414,-62.156246,0.17006685
2021-02-07T12:00:00Z,0.0,-64.635414,-62.156246,0.1668763
2021-02-08T12:00:00Z,0.0,-64.635414,-62.156246,0.16713198
2021-02-09T12:00:00Z,0.0,-64.635414,-62.156246,0.1718434
2021-02-10T12:00:00Z,0.0,-64.635414,-62.156246,0.17015515
2021-02-11T12:00:00Z,0.0,-64.635414,-62.156246,0.16349325
2021-02-12T12:00:00Z,0.0,-64.635414,-62.156246,0.16439486
2021-02-13T12:00:00Z,0.0,-64.635414,-62.156246,0.16343336
2021-02-14T12:00:00Z,0.0,-64.635414,-62.156246,0.18327658
2021-02-15T12:00:00Z,0.0,-64.635414,-62.156246,0.18202497
2021-02-16T12:00:00Z,0.0,-64.635414,-62.156246,0.18554932
2021-02-17T12:00:00Z,0.0,-64.635414,-62.156246,0.18039058
2021-02-18T12:00:00Z,0.0,-64.635414,-62.156246,0.19027098
2021-02-19T12:00:00Z,0.0,-64.635414,-62.156246,0.19260179
2021-02-20T12:00:00Z,0.0,-64.635414,-62.156246,0.18348639
2021-02-21T12:00:00Z,0.0,-64.635414,-62.156246,0.20010239
2021-02-22T12:00:00Z,0.0,-64.635414,-62.156246,0.17772548
2021-02-23T12:00:00Z,0.0,-64.635414,-62.156246,0.18055466
2021-02-24T12:00:00Z,0.0,-64.635414,-62.156246,0.17748784
2021-02-25T12:00:00Z,0.0,-64.635414,-62.156246,0.17028737
2021-02-26T12:00:00Z,0.0,-64.635414,-62.156246,0.17018516
2021-02-27T12:00:00Z,0.0,-64.635414,-62.156246,0.16223758
2021-02-28T12:00:00Z,0.0,-64.635414,-62.156246,0.17550121
2021-03-01T12:00:00Z,0.0,-64.635414,-62.156246,0.16876924
2021-03-02T12:00:00Z,0.0,-64.635414,-62.156246,0.17584719
2021-03-03T12:00:00Z,0.0,-64.635414,-62.156246,0.19454977
2021-03-04T12:00:00Z,0.0,-64.635414,-62.156246,0.19513887
2021-03-05T12:00:00Z,0.0,-64.635414,-62.156246,0.20481655
2021-03-06T12:00:00Z,0.0,-64.635414,-62.156246,0.20595244
2021-03-07T12:00:00Z,0.0,-64.635414,-62.156246,0.20924234
2021-03-08T12:00:00Z,0.0,-64.635414,-62.156246,0.20845038
2021-03-09T12:00:00Z,0.0,-64.635414,-62.156246,0.20842281
2021-03-10T12:00:00Z,0.0,-64.635414,-62.156246,0.20714988
2021-03-11T12:00:00Z,0.0,-64.635414,-62.156246,0.21169147
2021-03-12T12:00:00Z,0.0,-64.635414,-62.156246,0.21080308
2021-03-13T12:00:00Z,0.0,-64.635414,-62.156246,0.20355943
2021-03-14T12:00:00Z,0.0,-64.635414,-62.156246,0.13770713
2021-03-15T12:00:00Z,0.0,-64.635414,-62.156246,NaN
2021-03-16T12:00:00Z,0.0,-64.635414,-62.156246,NaN
2021-03-17T12:00:00Z,0.0,-64.635414,-62.156246,NaN
2021-03-18T12:00:00Z,0.0,-64.635414,-62.156246,NaN
2021-03-19T12:00:00Z,0.0,-64.635414,-62.156246,NaN
2021-03-20T12:00:00Z,0.0,-64.635414,-62.156246,NaN
2021-03-21T12:00:00Z,0.0,-64.635414,-62.156246,NaN
2021-03-22T12:00:00Z,0.0,-64.635414,-62.156246,NaN
2021-03-23T12:00:00Z,0.0,-64.635414,-62.156246,NaN
2021-03-24T12:00:00Z,0.0,-64.635414,-62.156246,NaN
2021-03-25T12:00:00Z,0.0,-64.635414,-62.156246,NaN
2021-03-26T12:00:00Z,0.0,-64.635414,-62.156246,NaN
2021-03-27T12:00:00Z,0.0,-64.635414,-62.156246,NaN
2021-03-28T12:00:00Z,0.0,-64.635414,-62.156246,NaN
2021-03-29T12:00:00Z,0.0,-64.635414,-62.156246,NaN
2021-03-30T12:00:00Z,0.0,-64.635414,-62.156246,NaN
2021-03-31T12:00:00Z,0.0,-64.635414,-62.156246,NaN
2021-04-01T12:00:00Z,0.0,-64.635414,-62.156246,NaN
2021-04-02T12:00:00Z,0.0,-64.635414,-62.156246,NaN
2021-04-03T12:00:00Z,0.0,-64.635414,-62.156246,NaN
2021-04-04T12:00:00Z,0.0,-64.635414,-62.156246,NaN
2021-04-05T12:00:00Z,0.0,-64.635414,-62.156246,NaN
2021-04-06T12:00:00Z,0.0,-64.635414,-62.156246,NaN
2021-04-07T12:00:00Z,0.0,-64.635414,-62.156246,NaN
2021-04-08T12:00:00Z,0.0,-64.635414,-62.156246,NaN
2021-04-09T12:00:00Z,0.0,-64.635414,-62.156246,NaN
2021-04-10T12:00:00Z,0.0,-64.635414,-62.156246,NaN
2021-04-11T12:00:00Z,0.0,-64.635414,-62.156246,NaN
2021-04-12T12:00:00Z,0.0,-64.635414,-62.156246,NaN
2021-04-13T12:00:00Z,0.0,-64.635414,-62.156246,NaN
2021-04-14T12:00:00Z,0.0,-64.635414,-62.156246,NaN
2021-04-15T12:00:00Z,0.0,-64.635414,-62.156246,NaN
2021-04-16T12:00:00Z,0.0,-64.635414,-62.156246,NaN
2021-04-17T12:00:00Z,0.0,-64.635414,-62.156246,NaN
2021-04-18T12:00:00Z,0.0,-64.635414,-62.156246,NaN
2021-04-19T12:00:00Z,0.0,-64.635414,-62.156246,NaN
2021-04-20T12:00:00Z,0.0,-64.635414,-62.156246,NaN
2021-04-21T12:00:00Z,0.0,-64.635414,-62.156246,NaN
2021-04-22T12:00:00Z,0.0,-64.635414,-62.156246,NaN
2021-04-23T12:00:00Z,0.0,-64.635414,-62.156246,NaN
2021-04-24T12:00:00Z,0.0,-64.635414,-62.156246,NaN
2021-04-25T12:00:00Z,0.0,-64.635414,-62.156246,NaN
2021-04-26T12:00:00Z,0.0,-64.635414,-62.156246,NaN
2021-04-27T12:00:00Z,0.0,-64.635414,-62.156246,NaN
2021-04-28T12:00:00Z,0.0,-64.635414,-62.156246,NaN
2021-04-29T12:00:00Z,0.0,-64.635414,-62.156246,NaN
2021-04-30T12:00:00Z,0.0,-64.635414,-62.156246,NaN
2021-05-01T12:00:00Z,0.0,-64.635414,-62.156246,NaN
2021-05-02T12:00:00Z,0.0,-64.635414,-62.156246,NaN
2021-05-03T12:00:00Z,0.0,-64.635414,-62.156246,NaN
2021-05-04T12:00:00Z,0.0,-64.635414,-62.156246,NaN
2021-05-05T12:00:00Z,0.0,-64.635414,-62.156246,NaN
2021-05-06T12:00:00Z,0.0,-64.635414,-62.156246,NaN
2021-05-07T12:00:00Z,0.0,-64.635414,-62.156246,NaN
2021-05-08T12:00:00Z,0.0,-64.635414,-62.156246,NaN
2021-05-09T12:00:00Z,0.0,-64.635414,-62.156246,NaN
2021-05-10T12:00:00Z,0.0,-64.635414,-62.156246,NaN
2021-05-11T12:00:00Z,0.0,-64.635414,-62.156246,NaN
2021-05-12T12:00:00Z,0.0,-64.635414,-62.156246,NaN
2021-05-13T12:00:00Z,0.0,-64.635414,-62.156246,NaN
2021-05-14T12:00:00Z,0.0,-64.635414,-62.156246,NaN
2021-05-15T12:00:00Z,0.0,-64.635414,-62.156246,NaN
2021-05-16T12:00:00Z,0.0,-64.635414,-62.156246,NaN
2021-05-17T12:00:00Z,0.0,-64.635414,-62.156246,NaN
2021-05-18T12:00:00Z,0.0,-64.635414,-62.156246,NaN
2021-05-19T12:00:00Z,0.0,-64.635414,-62.156246,NaN
2021-05-20T12:00:00Z,0.0,-64.635414,-62.156246,NaN
2021-05-21T12:00:00Z,0.0,-64.635414,-62.156246,NaN
2021-05-22T12:00:00Z,0.0,-64.635414,-62.156246,NaN
2021-05-23T12:00:00Z,0.0,-64.635414,-62.156246,NaN
2021-05-24T12:00:00Z,0.0,-64.635414,-62.156246,NaN
2021-05-25T12:00:00Z,0.0,-64.635414,-62.156246,NaN
2021-05-26T12:00:00Z,0.0,-64.635414,-62.156246,NaN
2021-05-27T12:00:00Z,0.0,-64.635414,-62.156246,NaN
2021-05-28T12:00:00Z,0.0,-64.635414,-62.156246,NaN
2021-05-29T12:00:00Z,0.0,-64.635414,-62.156246,NaN
2021-05-30T12:00:00Z,0.0,-64.635414,-62.156246,NaN
2021-05-31T12:00:00Z,0.0,-64.635414,-62.156246,NaN
2021-06-01T12:00:00Z,0.0,-64.635414,-62.156246,NaN
2021-06-02T12:00:00Z,0.0,-64.635414,-62.156246,NaN
2021-06-03T12:00:00Z,0.0,-64.635414,-62.156246,NaN
2021-06-04T12:00:00Z,0.0,-64.635414,-62.156246,NaN
2021-06-05T12:00:00Z,0.0,-64.635414,-62.156246,NaN
2021-06-06T12:00:00Z,0.0,-64.635414,-62.156246,NaN
2021-06-07T12:00:00Z,0.0,-64.635414,-62.156246,NaN
2021-06-08T12:00:00Z,0.0,-64.635414,-62.156246,NaN
2021-06-09T12:00:00Z,0.0,-64.635414,-62.156246,NaN
2021-06-10T12:00:00Z,0.0,-64.635414,-62.156246,NaN
2021-06-11T12:00:00Z,0.0,-64.635414,-62.156246,NaN
2021-06-12T12:00:00Z,0.0,-64.635414,-62.156246,NaN
2021-06-13T12:00:00Z,0.0,-64.635414,-62.156246,NaN
2021-06-14T12:00:00Z,0.0,-64.635414,-62.156246,NaN
2021-06-15T12:00:00Z,0.0,-64.635414,-62.156246,NaN
2021-06-16T12:00:00Z,0.0,-64.635414,-62.156246,NaN
2021-06-17T12:00:00Z,0.0,-64.635414,-62.156246,NaN
2021-06-18T12:00:00Z,0.0,-64.635414,-62.156246,NaN
2021-06-19T12:00:00Z,0.0,-64.635414,-62.156246,NaN
2021-06-20T12:00:00Z,0.0,-64.635414,-62.156246,NaN
2021-06-21T12:00:00Z,0.0,-64.635414,-62.156246,NaN
2021-06-22T12:00:00Z,0.0,-64.635414,-62.156246,NaN
2021-06-23T12:00:00Z,0.0,-64.635414,-62.156246,NaN
2021-06-24T12:00:00Z,0.0,-64.635414,-62.156246,NaN
2021-06-25T12:00:00Z,0.0,-64.635414,-62.156246,NaN
2021-06-26T12:00:00Z,0.0,-64.635414,-62.156246,NaN
2021-06-27T12:00:00Z,0.0,-64.635414,-62.156246,NaN
2021-06-28T12:00:00Z,0.0,-64.635414,-62.156246,NaN
2021-06-29T12:00:00Z,0.0,-64.635414,-62.156246,NaN
2021-06-30T12:00:00Z,0.0,-64.635414,-62.156246,NaN
2021-07-01T12:00:00Z,0.0,-64.635414,-62.156246,NaN
2021-07-02T12:00:00Z,0.0,-64.635414,-62.156246,NaN
2021-07-03T12:00:00Z,0.0,-64.635414,-62.156246,NaN
2021-07-04T12:00:00Z,0.0,-64.635414,-62.156246,NaN
2021-07-05T12:00:00Z,0.0,-64.635414,-62.156246,NaN
2021-07-06T12:00:00Z,0.0,-64.635414,-62.156246,NaN
2021-07-07T12:00:00Z,0.0,-64.635414,-62.156246,NaN
2021-07-08T12:00:00Z,0.0,-64.635414,-62.156246,NaN
2021-07-09T12:00:00Z,0.0,-64.635414,-62.156246,NaN
2021-07-10T12:00:00Z,0.0,-64.635414,-62.156246,NaN
2021-07-11T12:00:00Z,0.0,-64.635414,-62.156246,NaN
2021-07-12T12:00:00Z,0.0,-64.635414,-62.156246,NaN
2021-07-13T12:00:00Z,0.0,-64.635414,-62.156246,NaN
2021-07-14T12:00:00Z,0.0,-64.635414,-62.156246,NaN
2021-07-15T12:00:00Z,0.0,-64.635414,-62.156246,NaN
2021-07-16T12:00:00Z,0.0,-64.635414,-62.156246,NaN
2021-07-17T12:00:00Z,0.0,-64.635414,-62.156246,NaN
2021-07-18T12:00:00Z,0.0,-64.635414,-62.156246,NaN
2021-07-19T12:00:00Z,0.0,-64.635414,-62.156246,NaN
2021-07-20T12:00:00Z,0.0,-64.635414,-62.156246,NaN
2021-07-21T12:00:00Z,0.0,-64.635414,-62.156246,NaN
2021-07-22T12:00:00Z,0.0,-64.635414,-62.156246,NaN
2021-07-23T12:00:00Z,0.0,-64.635414,-62.156246,NaN
2021-07-24T12:00:00Z,0.0,-64.635414,-62.156246,NaN
2021-07-25T12:00:00Z,0.0,-64.635414,-62.156246,NaN
2021-07-26T12:00:00Z,0.0,-64.635414,-62.156246,NaN
2021-07-27T12:00:00Z,0.0,-64.635414,-62.156246,NaN
2021-07-28T12:00:00Z,0.0,-64.635414,-62.156246,NaN
2021-07-29T12:00:00Z,0.0,-64.635414,-62.156246,NaN
2021-07-30T12:00:00Z,0.0,-64.635414,-62.156246,NaN
2021-07-31T12:00:00Z,0.0,-64.635414,-62.156246,NaN
2021-08-01T12:00:00Z,0.0,-64.635414,-62.156246,NaN
2021-08-02T12:00:00Z,0.0,-64.635414,-62.156246,NaN
2021-08-03T12:00:00Z,0.0,-64.635414,-62.156246,NaN
2021-08-04T12:00:00Z,0.0,-64.635414,-62.156246,NaN
2021-08-05T12:00:00Z,0.0,-64.635414,-62.156246,NaN
2021-08-06T12:00:00Z,0.0,-64.635414,-62.156246,NaN
2021-08-07T12:00:00Z,0.0,-64.635414,-62.156246,NaN
2021-08-08T12:00:00Z,0.0,-64.635414,-62.156246,NaN
2021-08-09T12:00:00Z,0.0,-64.635414,-62.156246,NaN
2021-08-10T12:00:00Z,0.0,-64.635414,-62.156246,NaN
2021-08-11T12:00:00Z,0.0,-64.635414,-62.156246,NaN
2021-08-12T12:00:00Z,0.0,-64.635414,-62.156246,NaN
2021-08-13T12:00:00Z,0.0,-64.635414,-62.156246,NaN
2021-08-14T12:00:00Z,0.0,-64.635414,-62.156246,NaN
2021-08-15T12:00:00Z,0.0,-64.635414,-62.156246,NaN
2021-08-16T12:00:00Z,0.0,-64.635414,-62.156246,NaN
2021-08-17T12:00:00Z,0.0,-64.635414,-62.156246,NaN
2021-08-18T12:00:00Z,0.0,-64.635414,-62.156246,NaN
2021-08-19T12:00:00Z,0.0,-64.635414,-62.156246,NaN
2021-08-20T12:00:00Z,0.0,-64.635414,-62.156246,NaN
2021-08-21T12:00:00Z,0.0,-64.635414,-62.156246,NaN
2021-08-22T12:00:00Z,0.0,-64.635414,-62.156246,NaN
2021-08-23T12:00:00Z,0.0,-64.635414,-62.156246,NaN
2021-08-24T12:00:00Z,0.0,-64.635414,-62.156246,NaN
2021-08-25T12:00:00Z,0.0,-64.635414,-62.156246,NaN
2021-08-26T12:00:00Z,0.0,-64.635414,-62.156246,NaN
2021-08-27T12:00:00Z,0.0,-64.635414,-62.156246,NaN
2021-08-28T12:00:00Z,0.0,-64.635414,-62.156246,NaN
2021-08-29T12:00:00Z,0.0,-64.635414,-62.156246,NaN
2021-08-30T12:00:00Z,0.0,-64.635414,-62.156246,NaN
2021-08-31T12:00:00Z,0.0,-64.635414,-62.156246,NaN
2021-09-01T12:00:00Z,0.0,-64.635414,-62.156246,NaN
2021-09-02T12:00:00Z,0.0,-64.635414,-62.156246,NaN
2021-09-03T12:00:00Z,0.0,-64.635414,-62.156246,NaN
2021-09-04T12:00:00Z,0.0,-64.635414,-62.156246,NaN
2021-09-05T12:00:00Z,0.0,-64.635414,-62.156246,NaN
2021-09-06T12:00:00Z,0.0,-64.635414,-62.156246,NaN
2021-09-07T12:00:00Z,0.0,-64.635414,-62.156246,NaN
2021-09-08T12:00:00Z,0.0,-64.635414,-62.156246,NaN
2021-09-09T12:00:00Z,0.0,-64.635414,-62.156246,NaN
2021-09-10T12:00:00Z,0.0,-64.635414,-62.156246,NaN
2021-09-11T12:00:00Z,0.0,-64.635414,-62.156246,NaN
2021-09-12T12:00:00Z,0.0,-64.635414,-62.156246,NaN
2021-09-13T12:00:00Z,0.0,-64.635414,-62.156246,NaN
2021-09-14T12:00:00Z,0.0,-64.635414,-62.156246,NaN
2021-09-15T12:00:00Z,0.0,-64.635414,-62.156246,NaN
2021-09-16T12:00:00Z,0.0,-64.635414,-62.156246,NaN
2021-09-17T12:00:00Z,0.0,-64.635414,-62.156246,NaN
2021-09-18T12:00:00Z,0.0,-64.635414,-62.156246,NaN
2021-09-19T12:00:00Z,0.0,-64.635414,-62.156246,NaN
2021-09-20T12:00:00Z,0.0,-64.635414,-62.156246,NaN
2021-09-21T12:00:00Z,0.0,-64.635414,-62.156246,NaN
2021-09-22T12:00:00Z,0.0,-64.635414,-62.156246,NaN
2021-09-23T12:00:00Z,0.0,-64.635414,-62.156246,NaN
2021-09-24T12:00:00Z,0.0,-64.635414,-62.156246,NaN
2021-09-25T12:00:00Z,0.0,-64.635414,-62.156246,NaN
2021-09-26T12:00:00Z,0.0,-64.635414,-62.156246,NaN
2021-09-27T12:00:00Z,0.0,-64.635414,-62.156246,NaN
2021-09-28T12:00:00Z,0.0,-64.635414,-62.156246,NaN
2021-09-29T12:00:00Z,0.0,-64.635414,-62.156246,NaN
2021-09-30T12:00:00Z,0.0,-64.635414,-62.156246,NaN
2021-10-01T12:00:00Z,0.0,-64.635414,-62.156246,NaN
2021-10-02T12:00:00Z,0.0,-64.635414,-62.156246,NaN
2021-10-03T12:00:00Z,0.0,-64.635414,-62.156246,NaN
2021-10-04T12:00:00Z,0.0,-64.635414,-62.156246,NaN
2021-10-05T12:00:00Z,0.0,-64.635414,-62.156246,NaN
2021-10-06T12:00:00Z,0.0,-64.635414,-62.156246,NaN
2021-10-07T12:00:00Z,0.0,-64.635414,-62.156246,NaN
2021-10-08T12:00:00Z,0.0,-64.635414,-62.156246,NaN
2021-10-09T12:00:00Z,0.0,-64.635414,-62.156246,NaN
2021-10-10T12:00:00Z,0.0,-64.635414,-62.156246,NaN
2021-10-11T12:00:00Z,0.0,-64.635414,-62.156246,NaN
2021-10-12T12:00:00Z,0.0,-64.635414,-62.156246,NaN
2021-10-13T12:00:00Z,0.0,-64.635414,-62.156246,NaN
2021-10-14T12:00:00Z,0.0,-64.635414,-62.156246,NaN
2021-10-15T12:00:00Z,0.0,-64.635414,-62.156246,NaN
2021-10-16T12:00:00Z,0.0,-64.635414,-62.156246,NaN
2021-10-17T12:00:00Z,0.0,-64.635414,-62.156246,NaN
2021-10-18T12:00:00Z,0.0,-64.635414,-62.156246,NaN
2021-10-19T12:00:00Z,0.0,-64.635414,-62.156246,NaN
2021-10-20T12:00:00Z,0.0,-64.635414,-62.156246,NaN
2021-10-21T12:00:00Z,0.0,-64.635414,-62.156246,0.16278389
2021-10-22T12:00:00Z,0.0,-64.635414,-62.156246,0.16513734
2021-10-23T12:00:00Z,0.0,-64.635414,-62.156246,0.13275942
2021-10-24T12:00:00Z,0.0,-64.635414,-62.156246,0.10648228
2021-10-25T12:00:00Z,0.0,-64.635414,-62.156246,0.11190911
2021-10-26T12:00:00Z,0.0,-64.635414,-62.156246,0.14906593
2021-10-27T12:00:00Z,0.0,-64.635414,-62.156246,0.15149008
2021-10-28T12:00:00Z,0.0,-64.635414,-62.156246,0.15460436
2021-10-29T12:00:00Z,0.0,-64.635414,-62.156246,0.10798134
2021-10-30T12:00:00Z,0.0,-64.635414,-62.156246,0.15630403
2021-10-31T12:00:00Z,0.0,-64.635414,-62.156246,0.072377816
2021-11-01T12:00:00Z,0.0,-64.635414,-62.156246,0.08740355
2021-11-02T12:00:00Z,0.0,-64.635414,-62.156246,0.08569693
2021-11-03T12:00:00Z,0.0,-64.635414,-62.156246,0.082712576
2021-11-04T12:00:00Z,0.0,-64.635414,-62.156246,0.10809089
2021-11-05T12:00:00Z,0.0,-64.635414,-62.156246,0.073882505
2021-11-06T12:00:00Z,0.0,-64.635414,-62.156246,0.10222943
2021-11-07T12:00:00Z,0.0,-64.635414,-62.156246,0.112686165
2021-11-08T12:00:00Z,0.0,-64.635414,-62.156246,0.11129023
2021-11-09T12:00:00Z,0.0,-64.635414,-62.156246,0.12065101
2021-11-10T12:00:00Z,0.0,-64.635414,-62.156246,0.10241457
2021-11-11T12:00:00Z,0.0,-64.635414,-62.156246,0.1139451
2021-11-12T12:00:00Z,0.0,-64.635414,-62.156246,0.09015427
2021-11-13T12:00:00Z,0.0,-64.635414,-62.156246,0.09578859
2021-11-14T12:00:00Z,0.0,-64.635414,-62.156246,0.09617711
2021-11-15T12:00:00Z,0.0,-64.635414,-62.156246,0.08108337
2021-11-16T12:00:00Z,0.0,-64.635414,-62.156246,0.085287265
2021-11-17T12:00:00Z,0.0,-64.635414,-62.156246,0.08758392
2021-11-18T12:00:00Z,0.0,-64.635414,-62.156246,0.10561571
2021-11-19T12:00:00Z,0.0,-64.635414,-62.156246,0.106200054
2021-11-20T12:00:00Z,0.0,-64.635414,-62.156246,0.10376159
2021-11-21T12:00:00Z,0.0,-64.635414,-62.156246,0.09257105
2021-11-22T12:00:00Z,0.0,-64.635414,-62.156246,0.09824485
2021-11-23T12:00:00Z,0.0,-64.635414,-62.156246,0.11008921
2021-11-24T12:00:00Z,0.0,-64.635414,-62.156246,0.112041585
2021-11-25T12:00:00Z,0.0,-64.635414,-62.156246,0.09600954
2021-11-26T12:00:00Z,0.0,-64.635414,-62.156246,0.11574548
2021-11-27T12:00:00Z,0.0,-64.635414,-62.156246,0.13532928
2021-11-28T12:00:00Z,0.0,-64.635414,-62.156246,0.14002362
2021-11-29T12:00:00Z,0.0,-64.635414,-62.156246,0.12547
2021-11-30T12:00:00Z,0.0,-64.635414,-62.156246,0.10218543
2021-12-01T12:00:00Z,0.0,-64.635414,-62.156246,0.1186192
2021-12-02T12:00:00Z,0.0,-64.635414,-62.156246,0.11515657
2021-12-03T12:00:00Z,0.0,-64.635414,-62.156246,0.11278222
2021-12-04T12:00:00Z,0.0,-64.635414,-62.156246,0.118390985
2021-12-05T12:00:00Z,0.0,-64.635414,-62.156246,0.09825523
2021-12-06T12:00:00Z,0.0,-64.635414,-62.156246,0.11631849
2021-12-07T12:00:00Z,0.0,-64.635414,-62.156246,0.09870565
2021-12-08T12:00:00Z,0.0,-64.635414,-62.156246,0.10197981
2021-12-09T12:00:00Z,0.0,-64.635414,-62.156246,0.10529564
2021-12-10T12:00:00Z,0.0,-64.635414,-62.156246,0.1030039
2021-12-11T12:00:00Z,0.0,-64.635414,-62.156246,0.099001296
2021-12-12T12:00:00Z,0.0,-64.635414,-62.156246,0.10199793
2021-12-13T12:00:00Z,0.0,-64.635414,-62.156246,0.1466023
2021-12-14T12:00:00Z,0.0,-64.635414,-62.156246,0.104370505
2021-12-15T12:00:00Z,0.0,-64.635414,-62.156246,0.11850576
2021-12-16T12:00:00Z,0.0,-64.635414,-62.156246,0.1254294
2021-12-17T12:00:00Z,0.0,-64.635414,-62.156246,0.118669435
2021-12-18T12:00:00Z,0.0,-64.635414,-62.156246,0.13508275
2021-12-19T12:00:00Z,0.0,-64.635414,-62.156246,0.13850549
2021-12-20T12:00:00Z,0.0,-64.635414,-62.156246,0.10052009
2021-12-21T12:00:00Z,0.0,-64.635414,-62.156246,0.09195863
2021-12-22T12:00:00Z,0.0,-64.635414,-62.156246,0.097495526
2021-12-23T12:00:00Z,0.0,-64.635414,-62.156246,0.0977856
2021-12-24T12:00:00Z,0.0,-64.635414,-62.156246,0.093604304
2021-12-25T12:00:00Z,0.0,-64.635414,-62.156246,0.107383296
2021-12-26T12:00:00Z,0.0,-64.635414,-62.156246,0.12183215
2021-12-27T12:00:00Z,0.0,-64.635414,-62.156246,0.107207954
2021-12-28T12:00:00Z,0.0,-64.635414,-62.156246,0.12284369
2021-12-29T12:00:00Z,0.0,-64.635414,-62.156246,0.1216947
2021-12-30T12:00:00Z,0.0,-64.635414,-62.156246,0.1419269
2021-12-31T12:00:00Z,0.0,-64.635414,-62.156246,0.1338843
2022-01-01T12:00:00Z,0.0,-64.635414,-62.156246,0.12144972
2022-01-02T12:00:00Z,0.0,-64.635414,-62.156246,0.15358347
2022-01-03T12:00:00Z,0.0,-64.635414,-62.156246,0.14535476
2022-01-04T12:00:00Z,0.0,-64.635414,-62.156246,0.15981105
2022-01-05T12:00:00Z,0.0,-64.635414,-62.156246,0.16293293
2022-01-06T12:00:00Z,0.0,-64.635414,-62.156246,0.17113492
2022-01-07T12:00:00Z,0.0,-64.635414,-62.156246,0.15710898
2022-01-08T12:00:00Z,0.0,-64.635414,-62.156246,0.14784479
2022-01-09T12:00:00Z,0.0,-64.635414,-62.156246,0.15656929
2022-01-10T12:00:00Z,0.0,-64.635414,-62.156246,0.17030458
2022-01-11T12:00:00Z,0.0,-64.635414,-62.156246,0.16716485
2022-01-12T12:00:00Z,0.0,-64.635414,-62.156246,0.17196302
2022-01-13T12:00:00Z,0.0,-64.635414,-62.156246,0.1829785
2022-01-14T12:00:00Z,0.0,-64.635414,-62.156246,0.21192904
2022-01-15T12:00:00Z,0.0,-64.635414,-62.156246,0.19991054
2022-01-16T12:00:00Z,0.0,-64.635414,-62.156246,0.1518724
2022-01-17T12:00:00Z,0.0,-64.635414,-62.156246,0.16962466
2022-01-18T12:00:00Z,0.0,-64.635414,-62.156246,0.15093543
2022-01-19T12:00:00Z,0.0,-64.635414,-62.156246,0.13984932
2022-01-20T12:00:00Z,0.0,-64.635414,-62.156246,0.13183545
2022-01-21T12:00:00Z,0.0,-64.635414,-62.156246,0.121787995
2022-01-22T12:00:00Z,0.0,-64.635414,-62.156246,0.12667604
2022-01-23T12:00:00Z,0.0,-64.635414,-62.156246,0.12697983
2022-01-24T12:00:00Z,0.0,-64.635414,-62.156246,0.13359617
2022-01-25T12:00:00Z,0.0,-64.635414,-62.156246,0.15308267
2022-01-26T12:00:00Z,0.0,-64.635414,-62.156246,0.16218351
2022-01-27T12:00:00Z,0.0,-64.635414,-62.156246,0.17092201
2022-01-28T12:00:00Z,0.0,-64.635414,-62.156246,0.1667917
2022-01-29T12:00:00Z,0.0,-64.635414,-62.156246,0.17474931
2022-01-30T12:00:00Z,0.0,-64.635414,-62.156246,0.16027524
2022-01-31T12:00:00Z,0.0,-64.635414,-62.156246,0.16398427
2022-02-01T12:00:00Z,0.0,-64.635414,-62.156246,0.17151423
2022-02-02T12:00:00Z,0.0,-64.635414,-62.156246,0.17760229
2022-02-03T12:00:00Z,0.0,-64.635414,-62.156246,0.19496612
2022-02-04T12:00:00Z,0.0,-64.635414,-62.156246,0.19205686
2022-02-05T12:00:00Z,0.0,-64.635414,-62.156246,0.20791386
2022-02-06T12:00:00Z,0.0,-64.635414,-62.156246,0.21007025
2022-02-07T12:00:00Z,0.0,-64.635414,-62.156246,0.21117124
2022-02-08T12:00:00Z,0.0,-64.635414,-62.156246,0.22302288
2022-02-09T12:00:00Z,0.0,-64.635414,-62.156246,0.23683992
2022-02-10T12:00:00Z,0.0,-64.635414,-62.156246,0.21223849
2022-02-11T12:00:00Z,0.0,-64.635414,-62.156246,0.21526633
2022-02-12T12:00:00Z,0.0,-64.635414,-62.156246,0.20346048
2022-02-13T12:00:00Z,0.0,-64.635414,-62.156246,0.19924256
2022-02-14T12:00:00Z,0.0,-64.635414,-62.156246,0.18671827
2022-02-15T12:00:00Z,0.0,-64.635414,-62.156246,0.19290033
2022-02-16T12:00:00Z,0.0,-64.635414,-62.156246,0.18222837
2022-02-17T12:00:00Z,0.0,-64.635414,-62.156246,0.17428368
2022-02-18T12:00:00Z,0.0,-64.635414,-62.156246,0.1772703
2022-02-19T12:00:00Z,0.0,-64.635414,-62.156246,0.1479285
2022-02-20T12:00:00Z,0.0,-64.635414,-62.156246,0.121669665
2022-02-21T12:00:00Z,0.0,-64.635414,-62.156246,0.11645806
2022-02-22T12:00:00Z,0.0,-64.635414,-62.156246,0.108997196
2022-02-23T12:00:00Z,0.0,-64.635414,-62.156246,0.10552296
2022-02-24T12:00:00Z,0.0,-64.635414,-62.156246,0.10958627
2022-02-25T12:00:00Z,0.0,-64.635414,-62.156246,0.0950971
2022-02-26T12:00:00Z,0.0,-64.635414,-62.156246,0.08430297
2022-02-27T12:00:00Z,0.0,-64.635414,-62.156246,0.07649414
2022-02-28T12:00:00Z,0.0,-64.635414,-62.156246,0.074875236
2022-03-01T12:00:00Z,0.0,-64.635414,-62.156246,0.07227535
2022-03-02T12:00:00Z,0.0,-64.635414,-62.156246,0.07676975
2022-03-03T12:00:00Z,0.0,-64.635414,-62.156246,0.06934825
2022-03-04T12:00:00Z,0.0,-64.635414,-62.156246,0.068003275
2022-03-05T12:00:00Z,0.0,-64.635414,-62.156246,0.092733875
2022-03-06T12:00:00Z,0.0,-64.635414,-62.156246,0.11006667
2022-03-07T12:00:00Z,0.0,-64.635414,-62.156246,0.113086045
2022-03-08T12:00:00Z,0.0,-64.635414,-62.156246,0.117791355
2022-03-09T12:00:00Z,0.0,-64.635414,-62.156246,0.12029488
2022-03-10T12:00:00Z,0.0,-64.635414,-62.156246,0.116472065
2022-03-11T12:00:00Z,0.0,-64.635414,-62.156246,0.12727132
2022-03-12T12:00:00Z,0.0,-64.635414,-62.156246,0.10505342
2022-03-13T12:00:00Z,0.0,-64.635414,-62.156246,0.10790018
2022-03-14T12:00:00Z,0.0,-64.635414,-62.156246,0.111377575
2022-03-15T12:00:00Z,0.0,-64.635414,-62.156246,NaN
2022-03-16T12:00:00Z,0.0,-64.635414,-62.156246,NaN
2022-03-17T12:00:00Z,0.0,-64.635414,-62.156246,NaN
2022-03-18T12:00:00Z,0.0,-64.635414,-62.156246,NaN
2022-03-19T12:00:00Z,0.0,-64.635414,-62.156246,NaN
2022-03-20T12:00:00Z,0.0,-64.635414,-62.156246,NaN
2022-03-21T12:00:00Z,0.0,-64.635414,-62.156246,NaN
2022-03-22T12:00:00Z,0.0,-64.635414,-62.156246,NaN
2022-03-23T12:00:00Z,0.0,-64.635414,-62.156246,NaN
2022-03-24T12:00:00Z,0.0,-64.635414,-62.156246,NaN
2022-03-25T12:00:00Z,0.0,-64.635414,-62.156246,NaN
2022-03-26T12:00:00Z,0.0,-64.635414,-62.156246,NaN
2022-03-27T12:00:00Z,0.0,-64.635414,-62.156246,NaN
2022-03-28T12:00:00Z,0.0,-64.635414,-62.156246,NaN
2022-03-29T12:00:00Z,0.0,-64.635414,-62.156246,NaN
2022-03-30T12:00:00Z,0.0,-64.635414,-62.156246,NaN
2022-03-31T12:00:00Z,0.0,-64.635414,-62.156246,NaN
2022-04-01T12:00:00Z,0.0,-64.635414,-62.156246,NaN
2022-04-02T12:00:00Z,0.0,-64.635414,-62.156246,NaN
2022-04-03T12:00:00Z,0.0,-64.635414,-62.156246,NaN
2022-04-04T12:00:00Z,0.0,-64.635414,-62.156246,NaN
2022-04-05T12:00:00Z,0.0,-64.635414,-62.156246,NaN
2022-04-06T12:00:00Z,0.0,-64.635414,-62.156246,NaN
2022-04-07T12:00:00Z,0.0,-64.635414,-62.156246,NaN
2022-04-08T12:00:00Z,0.0,-64.635414,-62.156246,NaN
2022-04-09T12:00:00Z,0.0,-64.635414,-62.156246,NaN
2022-04-10T12:00:00Z,0.0,-64.635414,-62.156246,NaN
2022-04-11T12:00:00Z,0.0,-64.635414,-62.156246,NaN
2022-04-12T12:00:00Z,0.0,-64.635414,-62.156246,NaN
2022-04-13T12:00:00Z,0.0,-64.635414,-62.156246,NaN
2022-04-14T12:00:00Z,0.0,-64.635414,-62.156246,NaN
2022-04-15T12:00:00Z,0.0,-64.635414,-62.156246,NaN
2022-04-16T12:00:00Z,0.0,-64.635414,-62.156246,NaN
2022-04-17T12:00:00Z,0.0,-64.635414,-62.156246,NaN
2022-04-18T12:00:00Z,0.0,-64.635414,-62.156246,NaN
2022-04-19T12:00:00Z,0.0,-64.635414,-62.156246,NaN
2022-04-20T12:00:00Z,0.0,-64.635414,-62.156246,NaN
2022-04-21T12:00:00Z,0.0,-64.635414,-62.156246,NaN
2022-04-22T12:00:00Z,0.0,-64.635414,-62.156246,NaN
2022-04-23T12:00:00Z,0.0,-64.635414,-62.156246,NaN
2022-04-24T12:00:00Z,0.0,-64.635414,-62.156246,NaN
2022-04-25T12:00:00Z,0.0,-64.635414,-62.156246,NaN
2022-04-26T12:00:00Z,0.0,-64.635414,-62.156246,NaN
2022-04-27T12:00:00Z,0.0,-64.635414,-62.156246,NaN
2022-04-28T12:00:00Z,0.0,-64.635414,-62.156246,NaN
2022-04-29T12:00:00Z,0.0,-64.635414,-62.156246,NaN
2022-04-30T12:00:00Z,0.0,-64.635414,-62.156246,NaN
2022-05-01T12:00:00Z,0.0,-64.635414,-62.156246,NaN
2022-05-02T12:00:00Z,0.0,-64.635414,-62.156246,NaN
2022-05-03T12:00:00Z,0.0,-64.635414,-62.156246,NaN
2022-05-04T12:00:00Z,0.0,-64.635414,-62.156246,NaN
2022-05-05T12:00:00Z,0.0,-64.635414,-62.156246,NaN
2022-05-06T12:00:00Z,0.0,-64.635414,-62.156246,NaN
2022-05-07T12:00:00Z,0.0,-64.635414,-62.156246,NaN
2022-05-08T12:00:00Z,0.0,-64.635414,-62.156246,NaN
2022-05-09T12:00:00Z,0.0,-64.635414,-62.156246,NaN
2022-05-10T12:00:00Z,0.0,-64.635414,-62.156246,NaN
2022-05-11T12:00:00Z,0.0,-64.635414,-62.156246,NaN
2022-05-12T12:00:00Z,0.0,-64.635414,-62.156246,NaN
2022-05-13T12:00:00Z,0.0,-64.635414,-62.156246,NaN
2022-05-14T12:00:00Z,0.0,-64.635414,-62.156246,NaN
2022-05-15T12:00:00Z,0.0,-64.635414,-62.156246,NaN
2022-05-16T12:00:00Z,0.0,-64.635414,-62.156246,NaN
2022-05-17T12:00:00Z,0.0,-64.635414,-62.156246,NaN
2022-05-18T12:00:00Z,0.0,-64.635414,-62.156246,NaN
2022-05-19T12:00:00Z,0.0,-64.635414,-62.156246,NaN
2022-05-20T12:00:00Z,0.0,-64.635414,-62.156246,NaN
2022-05-21T12:00:00Z,0.0,-64.635414,-62.156246,NaN
2022-05-22T12:00:00Z,0.0,-64.635414,-62.156246,NaN
2022-05-23T12:00:00Z,0.0,-64.635414,-62.156246,NaN
2022-05-24T12:00:00Z,0.0,-64.635414,-62.156246,NaN
2022-05-25T12:00:00Z,0.0,-64.635414,-62.156246,NaN
2022-05-26T12:00:00Z,0.0,-64.635414,-62.156246,NaN
2022-05-27T12:00:00Z,0.0,-64.635414,-62.156246,NaN
2022-05-28T12:00:00Z,0.0,-64.635414,-62.156246,NaN
2022-05-29T12:00:00Z,0.0,-64.635414,-62.156246,NaN
2022-05-30T12:00:00Z,0.0,-64.635414,-62.156246,NaN
2022-05-31T12:00:00Z,0.0,-64.635414,-62.156246,NaN
2022-06-01T12:00:00Z,0.0,-64.635414,-62.156246,NaN
2022-06-02T12:00:00Z,0.0,-64.635414,-62.156246,NaN
2022-06-03T12:00:00Z,0.0,-64.635414,-62.156246,NaN
2022-06-04T12:00:00Z,0.0,-64.635414,-62.156246,NaN
2022-06-05T12:00:00Z,0.0,-64.635414,-62.156246,NaN
2022-06-06T12:00:00Z,0.0,-64.635414,-62.156246,NaN
2022-06-07T12:00:00Z,0.0,-64.635414,-62.156246,NaN
2022-06-08T12:00:00Z,0.0,-64.635414,-62.156246,NaN
2022-06-09T12:00:00Z,0.0,-64.635414,-62.156246,NaN
2022-06-10T12:00:00Z,0.0,-64.635414,-62.156246,NaN
2022-06-11T12:00:00Z,0.0,-64.635414,-62.156246,NaN
2022-06-12T12:00:00Z,0.0,-64.635414,-62.156246,NaN
2022-06-13T12:00:00Z,0.0,-64.635414,-62.156246,NaN
2022-06-14T12:00:00Z,0.0,-64.635414,-62.156246,NaN
2022-06-15T12:00:00Z,0.0,-64.635414,-62.156246,NaN
2022-06-16T12:00:00Z,0.0,-64.635414,-62.156246,NaN
2022-06-17T12:00:00Z,0.0,-64.635414,-62.156246,NaN
2022-06-18T12:00:00Z,0.0,-64.635414,-62.156246,NaN
2022-06-19T12:00:00Z,0.0,-64.635414,-62.156246,NaN
2022-06-20T12:00:00Z,0.0,-64.635414,-62.156246,NaN
2022-06-21T12:00:00Z,0.0,-64.635414,-62.156246,NaN
2022-06-22T12:00:00Z,0.0,-64.635414,-62.156246,NaN
2022-06-23T12:00:00Z,0.0,-64.635414,-62.156246,NaN
2022-06-24T12:00:00Z,0.0,-64.635414,-62.156246,NaN
2022-06-25T12:00:00Z,0.0,-64.635414,-62.156246,NaN
2022-06-26T12:00:00Z,0.0,-64.635414,-62.156246,NaN
2022-06-27T12:00:00Z,0.0,-64.635414,-62.156246,NaN
2022-06-28T12:00:00Z,0.0,-64.635414,-62.156246,NaN
2022-06-29T12:00:00Z,0.0,-64.635414,-62.156246,NaN
2022-06-30T12:00:00Z,0.0,-64.635414,-62.156246,NaN
2022-07-01T12:00:00Z,0.0,-64.635414,-62.156246,NaN
2022-07-02T12:00:00Z,0.0,-64.635414,-62.156246,NaN
2022-07-03T12:00:00Z,0.0,-64.635414,-62.156246,NaN
2022-07-04T12:00:00Z,0.0,-64.635414,-62.156246,NaN
2022-07-05T12:00:00Z,0.0,-64.635414,-62.156246,NaN
2022-07-06T12:00:00Z,0.0,-64.635414,-62.156246,NaN
2022-07-07T12:00:00Z,0.0,-64.635414,-62.156246,NaN
2022-07-08T12:00:00Z,0.0,-64.635414,-62.156246,NaN
2022-07-09T12:00:00Z,0.0,-64.635414,-62.156246,NaN
2022-07-10T12:00:00Z,0.0,-64.635414,-62.156246,NaN
2022-07-11T12:00:00Z,0.0,-64.635414,-62.156246,NaN
2022-07-12T12:00:00Z,0.0,-64.635414,-62.156246,NaN
2022-07-13T12:00:00Z,0.0,-64.635414,-62.156246,NaN
2022-07-14T12:00:00Z,0.0,-64.635414,-62.156246,NaN
2022-07-15T12:00:00Z,0.0,-64.635414,-62.156246,NaN
2022-07-16T12:00:00Z,0.0,-64.635414,-62.156246,NaN
2022-07-17T12:00:00Z,0.0,-64.635414,-62.156246,NaN
2022-07-18T12:00:00Z,0.0,-64.635414,-62.156246,NaN
2022-07-19T12:00:00Z,0.0,-64.635414,-62.156246,NaN
2022-07-20T12:00:00Z,0.0,-64.635414,-62.156246,NaN
2022-07-21T12:00:00Z,0.0,-64.635414,-62.156246,NaN
2022-07-22T12:00:00Z,0.0,-64.635414,-62.156246,NaN
2022-07-23T12:00:00Z,0.0,-64.635414,-62.156246,NaN
2022-07-24T12:00:00Z,0.0,-64.635414,-62.156246,NaN
2022-07-25T12:00:00Z,0.0,-64.635414,-62.156246,NaN
2022-07-26T12:00:00Z,0.0,-64.635414,-62.156246,NaN
2022-07-27T12:00:00Z,0.0,-64.635414,-62.156246,NaN
2022-07-28T12:00:00Z,0.0,-64.635414,-62.156246,NaN
2022-07-29T12:00:00Z,0.0,-64.635414,-62.156246,NaN
2022-07-30T12:00:00Z,0.0,-64.635414,-62.156246,NaN
2022-07-31T12:00:00Z,0.0,-64.635414,-62.156246,NaN
2022-08-01T12:00:00Z,0.0,-64.635414,-62.156246,NaN
2022-08-02T12:00:00Z,0.0,-64.635414,-62.156246,NaN
2022-08-03T12:00:00Z,0.0,-64.635414,-62.156246,NaN
2022-08-04T12:00:00Z,0.0,-64.635414,-62.156246,NaN
2022-08-05T12:00:00Z,0.0,-64.635414,-62.156246,NaN
2022-08-06T12:00:00Z,0.0,-64.635414,-62.156246,NaN
2022-08-07T12:00:00Z,0.0,-64.635414,-62.156246,NaN
2022-08-08T12:00:00Z,0.0,-64.635414,-62.156246,NaN
2022-08-09T12:00:00Z,0.0,-64.635414,-62.156246,NaN
2022-08-10T12:00:00Z,0.0,-64.635414,-62.156246,NaN
2022-08-11T12:00:00Z,0.0,-64.635414,-62.156246,NaN
2022-08-12T12:00:00Z,0.0,-64.635414,-62.156246,NaN
2022-08-13T12:00:00Z,0.0,-64.635414,-62.156246,NaN
2022-08-14T12:00:00Z,0.0,-64.635414,-62.156246,NaN
2022-08-15T12:00:00Z,0.0,-64.635414,-62.156246,NaN
2022-08-16T12:00:00Z,0.0,-64.635414,-62.156246,NaN
2022-08-17T12:00:00Z,0.0,-64.635414,-62.156246,NaN
2022-08-18T12:00:00Z,0.0,-64.635414,-62.156246,NaN
2022-08-19T12:00:00Z,0.0,-64.635414,-62.156246,NaN
2022-08-20T12:00:00Z,0.0,-64.635414,-62.156246,NaN
2022-08-21T12:00:00Z,0.0,-64.635414,-62.156246,NaN
2022-08-22T12:00:00Z,0.0,-64.635414,-62.156246,NaN
2022-08-23T12:00:00Z,0.0,-64.635414,-62.156246,NaN
2022-08-24T12:00:00Z,0.0,-64.635414,-62.156246,NaN
2022-08-25T12:00:00Z,0.0,-64.635414,-62.156246,NaN
2022-08-26T12:00:00Z,0.0,-64.635414,-62.156246,NaN
2022-08-27T12:00:00Z,0.0,-64.635414,-62.156246,NaN
2022-08-28T12:00:00Z,0.0,-64.635414,-62.156246,NaN
2022-08-29T12:00:00Z,0.0,-64.635414,-62.156246,NaN
2022-08-30T12:00:00Z,0.0,-64.635414,-62.156246,NaN
2022-08-31T12:00:00Z,0.0,-64.635414,-62.156246,NaN
2022-09-01T12:00:00Z,0.0,-64.635414,-62.156246,NaN
2022-09-02T12:00:00Z,0.0,-64.635414,-62.156246,NaN
2022-09-03T12:00:00Z,0.0,-64.635414,-62.156246,NaN
2022-09-04T12:00:00Z,0.0,-64.635414,-62.156246,NaN
2022-09-05T12:00:00Z,0.0,-64.635414,-62.156246,NaN
2022-09-06T12:00:00Z,0.0,-64.635414,-62.156246,NaN
2022-09-07T12:00:00Z,0.0,-64.635414,-62.156246,NaN
2022-09-08T12:00:00Z,0.0,-64.635414,-62.156246,NaN
2022-09-09T12:00:00Z,0.0,-64.635414,-62.156246,NaN
2022-09-10T12:00:00Z,0.0,-64.635414,-62.156246,NaN
2022-09-11T12:00:00Z,0.0,-64.635414,-62.156246,NaN
2022-09-12T12:00:00Z,0.0,-64.635414,-62.156246,NaN
2022-09-13T12:00:00Z,0.0,-64.635414,-62.156246,NaN
2022-09-14T12:00:00Z,0.0,-64.635414,-62.156246,NaN
2022-09-15T12:00:00Z,0.0,-64.635414,-62.156246,NaN
2022-09-16T12:00:00Z,0.0,-64.635414,-62.156246,NaN
2022-09-17T12:00:00Z,0.0,-64.635414,-62.156246,NaN
2022-09-18T12:00:00Z,0.0,-64.635414,-62.156246,NaN
2022-09-19T12:00:00Z,0.0,-64.635414,-62.156246,NaN
2022-09-20T12:00:00Z,0.0,-64.635414,-62.156246,NaN
2022-09-21T12:00:00Z,0.0,-64.635414,-62.156246,NaN
2022-09-22T12:00:00Z,0.0,-64.635414,-62.156246,NaN
2022-09-23T12:00:00Z,0.0,-64.635414,-62.156246,NaN
2022-09-24T12:00:00Z,0.0,-64.635414,-62.156246,NaN
2022-09-25T12:00:00Z,0.0,-64.635414,-62.156246,NaN
2022-09-26T12:00:00Z,0.0,-64.635414,-62.156246,NaN
2022-09-27T12:00:00Z,0.0,-64.635414,-62.156246,NaN
2022-09-28T12:00:00Z,0.0,-64.635414,-62.156246,NaN
2022-09-29T12:00:00Z,0.0,-64.635414,-62.156246,NaN
2022-09-30T12:00:00Z,0.0,-64.635414,-62.156246,NaN
2022-10-01T12:00:00Z,0.0,-64.635414,-62.156246,NaN
2022-10-02T12:00:00Z,0.0,-64.635414,-62.156246,NaN
2022-10-03T12:00:00Z,0.0,-64.635414,-62.156246,NaN
2022-10-04T12:00:00Z,0.0,-64.635414,-62.156246,NaN
2022-10-05T12:00:00Z,0.0,-64.635414,-62.156246,NaN
2022-10-06T12:00:00Z,0.0,-64.635414,-62.156246,NaN
2022-10-07T12:00:00Z,0.0,-64.635414,-62.156246,NaN
2022-10-08T12:00:00Z,0.0,-64.635414,-62.156246,NaN
2022-10-09T12:00:00Z,0.0,-64.635414,-62.156246,NaN
2022-10-10T12:00:00Z,0.0,-64.635414,-62.156246,NaN
2022-10-11T12:00:00Z,0.0,-64.635414,-62.156246,NaN
2022-10-12T12:00:00Z,0.0,-64.635414,-62.156246,NaN
2022-10-13T12:00:00Z,0.0,-64.635414,-62.156246,NaN
2022-10-14T12:00:00Z,0.0,-64.635414,-62.156246,NaN
2022-10-15T12:00:00Z,0.0,-64.635414,-62.156246,NaN
2022-10-16T12:00:00Z,0.0,-64.635414,-62.156246,NaN
2022-10-17T12:00:00Z,0.0,-64.635414,-62.156246,NaN
2022-10-18T12:00:00Z,0.0,-64.635414,-62.156246,NaN
2022-10-19T12:00:00Z,0.0,-64.635414,-62.156246,NaN
2022-10-20T12:00:00Z,0.0,-64.635414,-62.156246,NaN
2022-10-21T12:00:00Z,0.0,-64.635414,-62.156246,0.07366326
2022-10-22T12:00:00Z,0.0,-64.635414,-62.156246,0.09384666
2022-10-23T12:00:00Z,0.0,-64.635414,-62.156246,0.07543605
2022-10-24T12:00:00Z,0.0,-64.635414,-62.156246,0.09707437
2022-10-25T12:00:00Z,0.0,-64.635414,-62.156246,0.095294565
2022-10-26T12:00:00Z,0.0,-64.635414,-62.156246,0.08819161
2022-10-27T12:00:00Z,0.0,-64.635414,-62.156246,0.11679565
2022-10-28T12:00:00Z,0.0,-64.635414,-62.156246,0.09183536
2022-10-29T12:00:00Z,0.0,-64.635414,-62.156246,0.08700166
2022-10-30T12:00:00Z,0.0,-64.635414,-62.156246,0.099981874
2022-10-31T12:00:00Z,0.0,-64.635414,-62.156246,0.08028037
2022-11-01T12:00:00Z,0.0,-64.635414,-62.156246,0.084597774
2022-11-02T12:00:00Z,0.0,-64.635414,-62.156246,0.093517534
2022-11-03T12:00:00Z,0.0,-64.635414,-62.156246,0.104229525
2022-11-04T12:00:00Z,0.0,-64.635414,-62.156246,0.09694754
2022-11-05T12:00:00Z,0.0,-64.635414,-62.156246,0.09148034
2022-11-06T12:00:00Z,0.0,-64.635414,-62.156246,0.088441506
2022-11-07T12:00:00Z,0.0,-64.635414,-62.156246,0.08780325
2022-11-08T12:00:00Z,0.0,-64.635414,-62.156246,0.08042658
2022-11-09T12:00:00Z,0.0,-64.635414,-62.156246,0.08164653
2022-11-10T12:00:00Z,0.0,-64.635414,-62.156246,0.087022446
2022-11-11T12:00:00Z,0.0,-64.635414,-62.156246,0.116490446
2022-11-12T12:00:00Z,0.0,-64.635414,-62.156246,0.086705126
2022-11-13T12:00:00Z,0.0,-64.635414,-62.156246,0.11887613
2022-11-14T12:00:00Z,0.0,-64.635414,-62.156246,0.0817382
2022-11-15T12:00:00Z,0.0,-64.635414,-62.156246,0.088859774
2022-11-16T12:00:00Z,0.0,-64.635414,-62.156246,0.08553678
2022-11-17T12:00:00Z,0.0,-64.635414,-62.156246,0.083572954
2022-11-18T12:00:00Z,0.0,-64.635414,-62.156246,0.1266415
2022-11-19T12:00:00Z,0.0,-64.635414,-62.156246,0.107173815
2022-11-20T12:00:00Z,0.0,-64.635414,-62.156246,0.101308994
2022-11-21T12:00:00Z,0.0,-64.635414,-62.156246,0.10671072
2022-11-22T12:00:00Z,0.0,-64.635414,-62.156246,0.11941542
2022-11-23T12:00:00Z,0.0,-64.635414,-62.156246,0.11947405
2022-11-24T12:00:00Z,0.0,-64.635414,-62.156246,0.119310886
2022-11-25T12:00:00Z,0.0,-64.635414,-62.156246,0.1296734
2022-11-26T12:00:00Z,0.0,-64.635414,-62.156246,0.09941194
2022-11-27T12:00:00Z,0.0,-64.635414,-62.156246,0.11411773
2022-11-28T12:00:00Z,0.0,-64.635414,-62.156246,0.10566859
2022-11-29T12:00:00Z,0.0,-64.635414,-62.156246,0.14582928
2022-11-30T12:00:00Z,0.0,-64.635414,-62.156246,0.13692687
2022-12-01T12:00:00Z,0.0,-64.635414,-62.156246,0.13999374
2022-12-02T12:00:00Z,0.0,-64.635414,-62.156246,0.12750068
2022-12-03T12:00:00Z,0.0,-64.635414,-62.156246,0.13097589
2022-12-04T12:00:00Z,0.0,-64.635414,-62.156246,0.13610716
2022-12-05T12:00:00Z,0.0,-64.635414,-62.156246,0.12819904
2022-12-06T12:00:00Z,0.0,-64.635414,-62.156246,0.13076955
2022-12-07T12:00:00Z,0.0,-64.635414,-62.156246,0.118191354
2022-12-08T12:00:00Z,0.0,-64.635414,-62.156246,0.12471775
2022-12-09T12:00:00Z,0.0,-64.635414,-62.156246,0.12553015
2022-12-10T12:00:00Z,0.0,-64.635414,-62.156246,0.12384932
2022-12-11T12:00:00Z,0.0,-64.635414,-62.156246,0.13181593
2022-12-12T12:00:00Z,0.0,-64.635414,-62.156246,0.1363837
2022-12-13T12:00:00Z,0.0,-64.635414,-62.156246,0.13031185
2022-12-14T12:00:00Z,0.0,-64.635414,-62.156246,0.1326131
2022-12-15T12:00:00Z,0.0,-64.635414,-62.156246,0.12904595
2022-12-16T12:00:00Z,0.0,-64.635414,-62.156246,0.12826613
2022-12-17T12:00:00Z,0.0,-64.635414,-62.156246,0.1305102
2022-12-18T12:00:00Z,0.0,-64.635414,-62.156246,0.12819608
2022-12-19T12:00:00Z,0.0,-64.635414,-62.156246,0.14451763
2022-12-20T12:00:00Z,0.0,-64.635414,-62.156246,0.13118431
2022-12-21T12:00:00Z,0.0,-64.635414,-62.156246,0.128678
2022-12-22T12:00:00Z,0.0,-64.635414,-62.156246,0.10892041
2022-12-23T12:00:00Z,0.0,-64.635414,-62.156246,0.15877055
2022-12-24T12:00:00Z,0.0,-64.635414,-62.156246,0.16602117
2022-12-25T12:00:00Z,0.0,-64.635414,-62.156246,0.16027446
2022-12-26T12:00:00Z,0.0,-64.635414,-62.156246,0.15818465
2022-12-27T12:00:00Z,0.0,-64.635414,-62.156246,0.16254814
2022-12-28T12:00:00Z,0.0,-64.635414,-62.156246,0.15477623
2022-12-29T12:00:00Z,0.0,-64.635414,-62.156246,0.14231557
2022-12-30T12:00:00Z,0.0,-64.635414,-62.156246,0.14732666
2022-12-31T12:00:00Z,0.0,-64.635414,-62.156246,0.1373104
2023-01-01T12:00:00Z,0.0,-64.635414,-62.156246,0.13008441
2023-01-02T12:00:00Z,0.0,-64.635414,-62.156246,0.13902521
2023-01-03T12:00:00Z,0.0,-64.635414,-62.156246,0.16383033
2023-01-04T12:00:00Z,0.0,-64.635414,-62.156246,0.17681353
2023-01-05T12:00:00Z,0.0,-64.635414,-62.156246,0.15363926
2023-01-06T12:00:00Z,0.0,-64.635414,-62.156246,0.16272314
2023-01-07T12:00:00Z,0.0,-64.635414,-62.156246,0.15639198
2023-01-08T12:00:00Z,0.0,-64.635414,-62.156246,0.16167004
2023-01-09T12:00:00Z,0.0,-64.635414,-62.156246,0.15408279
2023-01-10T12:00:00Z,0.0,-64.635414,-62.156246,0.15001653
2023-01-11T12:00:00Z,0.0,-64.635414,-62.156246,0.13306421
2023-01-12T12:00:00Z,0.0,-64.635414,-62.156246,0.13779373
2023-01-13T12:00:00Z,0.0,-64.635414,-62.156246,0.13853951
2023-01-14T12:00:00Z,0.0,-64.635414,-62.156246,0.13629813
2023-01-15T12:00:00Z,0.0,-64.635414,-62.156246,0.12633614
2023-01-16T12:00:00Z,0.0,-64.635414,-62.156246,0.13389026
2023-01-17T12:00:00Z,0.0,-64.635414,-62.156246,0.12794428
2023-01-18T12:00:00Z,0.0,-64.635414,-62.156246,0.12705833
2023-01-19T12:00:00Z,0.0,-64.635414,-62.156246,0.13599224
2023-01-20T12:00:00Z,0.0,-64.635414,-62.156246,0.13905473
2023-01-21T12:00:00Z,0.0,-64.635414,-62.156246,0.1394479
2023-01-22T12:00:00Z,0.0,-64.635414,-62.156246,0.15242805
2023-01-23T12:00:00Z,0.0,-64.635414,-62.156246,0.15289485
2023-01-24T12:00:00Z,0.0,-64.635414,-62.156246,0.14041774
2023-01-25T12:00:00Z,0.0,-64.635414,-62.156246,0.1455507
2023-01-26T12:00:00Z,0.0,-64.635414,-62.156246,0.14736672
2023-01-27T12:00:00Z,0.0,-64.635414,-62.156246,0.15347318
2023-01-28T12:00:00Z,0.0,-64.635414,-62.156246,0.14631112
2023-01-29T12:00:00Z,0.0,-64.635414,-62.156246,0.14567094
2023-01-30T12:00:00Z,0.0,-64.635414,-62.156246,0.14305927
2023-01-31T12:00:00Z,0.0,-64.635414,-62.156246,0.14584284
2023-02-01T12:00:00Z,0.0,-64.635414,-62.156246,0.16034555
2023-02-02T12:00:00Z,0.0,-64.635414,-62.156246,0.16182296
2023-02-03T12:00:00Z,0.0,-64.635414,-62.156246,0.15639599
2023-02-04T12:00:00Z,0.0,-64.635414,-62.156246,0.19111757
2023-02-05T12:00:00Z,0.0,-64.635414,-62.156246,0.1944544
2023-02-06T12:00:00Z,0.0,-64.635414,-62.156246,0.19448793
2023-02-07T12:00:00Z,0.0,-64.635414,-62.156246,0.19581693
2023-02-08T12:00:00Z,0.0,-64.635414,-62.156246,0.19718912
2023-02-09T12:00:00Z,0.0,-64.635414,-62.156246,0.19707966
2023-02-10T12:00:00Z,0.0,-64.635414,-62.156246,0.19708756
2023-02-11T12:00:00Z,0.0,-64.635414,-62.156246,0.19338311
2023-02-12T12:00:00Z,0.0,-64.635414,-62.156246,0.20315377
2023-02-13T12:00:00Z,0.0,-64.635414,-62.156246,0.1852217
2023-02-14T12:00:00Z,0.0,-64.635414,-62.156246,0.1856328
2023-02-15T12:00:00Z,0.0,-64.635414,-62.156246,0.19900526
2023-02-16T12:00:00Z,0.0,-64.635414,-62.156246,0.18798006
2023-02-17T12:00:00Z,0.0,-64.635414,-62.156246,0.18545143
2023-02-18T12:00:00Z,0.0,-64.635414,-62.156246,0.1817051
2023-02-19T12:00:00Z,0.0,-64.635414,-62.156246,0.16746543
2023-02-20T12:00:00Z,0.0,-64.635414,-62.156246,0.17836693
2023-02-21T12:00:00Z,0.0,-64.635414,-62.156246,0.1796087
2023-02-22T12:00:00Z,0.0,-64.635414,-62.156246,0.17494619
2023-02-23T12:00:00Z,0.0,-64.635414,-62.156246,0.18102735
2023-02-24T12:00:00Z,0.0,-64.635414,-62.156246,0.17586148
2023-02-25T12:00:00Z,0.0,-64.635414,-62.156246,0.17652875
2023-02-26T12:00:00Z,0.0,-64.635414,-62.156246,0.17174686
2023-02-27T12:00:00Z,0.0,-64.635414,-62.156246,0.17172708
2023-02-28T12:00:00Z,0.0,-64.635414,-62.156246,0.16936646
2023-03-01T12:00:00Z,0.0,-64.635414,-62.156246,0.17596444
2023-03-02T12:00:00Z,0.0,-64.635414,-62.156246,0.17476362
2023-03-03T12:00:00Z,0.0,-64.635414,-62.156246,0.17631099
2023-03-04T12:00:00Z,0.0,-64.635414,-62.156246,0.1760745
2023-03-05T12:00:00Z,0.0,-64.635414,-62.156246,0.17671831
2023-03-06T12:00:00Z,0.0,-64.635414,-62.156246,0.17914091
2023-03-07T12:00:00Z,0.0,-64.635414,-62.156246,0.18121928
2023-03-08T12:00:00Z,0.0,-64.635414,-62.156246,0.17805384
2023-03-09T12:00:00Z,0.0,-64.635414,-62.156246,0.17864078
2023-03-10T12:00:00Z,0.0,-64.635414,-62.156246,0.18130356
2023-03-11T12:00:00Z,0.0,-64.635414,-62.156246,0.17456295
2023-03-12T12:00:00Z,0.0,-64.635414,-62.156246,0.16999236
2023-03-13T12:00:00Z,0.0,-64.635414,-62.156246,0.16706839
2023-03-14T12:00:00Z,0.0,-64.635414,-62.156246,0.15868898
2023-03-15T12:00:00Z,0.0,-64.635414,-62.156246,NaN
2023-03-16T12:00:00Z,0.0,-64.635414,-62.156246,NaN
2023-03-17T12:00:00Z,0.0,-64.635414,-62.156246,NaN
2023-03-18T12:00:00Z,0.0,-64.635414,-62.156246,NaN
2023-03-19T12:00:00Z,0.0,-64.635414,-62.156246,NaN
2023-03-20T12:00:00Z,0.0,-64.635414,-62.156246,NaN
2023-03-21T12:00:00Z,0.0,-64.635414,-62.156246,NaN
2023-03-22T12:00:00Z,0.0,-64.635414,-62.156246,NaN
2023-03-23T12:00:00Z,0.0,-64.635414,-62.156246,NaN
2023-03-24T12:00:00Z,0.0,-64.635414,-62.156246,NaN
2023-03-25T12:00:00Z,0.0,-64.635414,-62.156246,NaN
2023-03-26T12:00:00Z,0.0,-64.635414,-62.156246,NaN
2023-03-27T12:00:00Z,0.0,-64.635414,-62.156246,NaN
2023-03-28T12:00:00Z,0.0,-64.635414,-62.156246,NaN
2023-03-29T12:00:00Z,0.0,-64.635414,-62.156246,NaN
2023-03-30T12:00:00Z,0.0,-64.635414,-62.156246,NaN
2023-03-31T12:00:00Z,0.0,-64.635414,-62.156246,NaN
2023-04-01T12:00:00Z,0.0,-64.635414,-62.156246,NaN
2023-04-02T12:00:00Z,0.0,-64.635414,-62.156246,NaN
2023-04-03T12:00:00Z,0.0,-64.635414,-62.156246,NaN
2023-04-04T12:00:00Z,0.0,-64.635414,-62.156246,NaN
2023-04-05T12:00:00Z,0.0,-64.635414,-62.156246,NaN
2023-04-06T12:00:00Z,0.0,-64.635414,-62.156246,NaN
2023-04-07T12:00:00Z,0.0,-64.635414,-62.156246,NaN
2023-04-08T12:00:00Z,0.0,-64.635414,-62.156246,NaN
2023-04-09T12:00:00Z,0.0,-64.635414,-62.156246,NaN
2023-04-10T12:00:00Z,0.0,-64.635414,-62.156246,NaN
2023-04-11T12:00:00Z,0.0,-64.635414,-62.156246,NaN
2023-04-12T12:00:00Z,0.0,-64.635414,-62.156246,NaN
2023-04-13T12:00:00Z,0.0,-64.635414,-62.156246,NaN
2023-04-14T12:00:00Z,0.0,-64.635414,-62.156246,NaN
2023-04-15T12:00:00Z,0.0,-64.635414,-62.156246,NaN
2023-04-16T12:00:00Z,0.0,-64.635414,-62.156246,NaN
2023-04-17T12:00:00Z,0.0,-64.635414,-62.156246,NaN
2023-04-18T12:00:00Z,0.0,-64.635414,-62.156246,NaN
2023-04-19T12:00:00Z,0.0,-64.635414,-62.156246,NaN
2023-04-20T12:00:00Z,0.0,-64.635414,-62.156246,NaN
2023-04-21T12:00:00Z,0.0,-64.635414,-62.156246,NaN
2023-04-22T12:00:00Z,0.0,-64.635414,-62.156246,NaN
2023-04-23T12:00:00Z,0.0,-64.635414,-62.156246,NaN
2023-04-24T12:00:00Z,0.0,-64.635414,-62.156246,NaN
2023-04-25T12:00:00Z,0.0,-64.635414,-62.156246,NaN
2023-04-26T12:00:00Z,0.0,-64.635414,-62.156246,NaN
2023-04-27T12:00:00Z,0.0,-64.635414,-62.156246,NaN
2023-04-28T12:00:00Z,0.0,-64.635414,-62.156246,NaN
2023-04-29T12:00:00Z,0.0,-64.635414,-62.156246,NaN
2023-04-30T12:00:00Z,0.0,-64.635414,-62.156246,NaN
2023-05-01T12:00:00Z,0.0,-64.635414,-62.156246,NaN
2023-05-02T12:00:00Z,0.0,-64.635414,-62.156246,NaN
2023-05-03T12:00:00Z,0.0,-64.635414,-62.156246,NaN
2023-05-04T12:00:00Z,0.0,-64.635414,-62.156246,NaN
2023-05-05T12:00:00Z,0.0,-64.635414,-62.156246,NaN
2023-05-06T12:00:00Z,0.0,-64.635414,-62.156246,NaN
2023-05-07T12:00:00Z,0.0,-64.635414,-62.156246,NaN
2023-05-08T12:00:00Z,0.0,-64.635414,-62.156246,NaN
2023-05-09T12:00:00Z,0.0,-64.635414,-62.156246,NaN
2023-05-10T12:00:00Z,0.0,-64.635414,-62.156246,NaN
2023-05-11T12:00:00Z,0.0,-64.635414,-62.156246,NaN
2023-05-12T12:00:00Z,0.0,-64.635414,-62.156246,NaN
2023-05-13T12:00:00Z,0.0,-64.635414,-62.156246,NaN
2023-05-14T12:00:00Z,0.0,-64.635414,-62.156246,NaN
2023-05-15T12:00:00Z,0.0,-64.635414,-62.156246,NaN
2023-05-16T12:00:00Z,0.0,-64.635414,-62.156246,NaN
2023-05-17T12:00:00Z,0.0,-64.635414,-62.156246,NaN
2023-05-18T12:00:00Z,0.0,-64.635414,-62.156246,NaN
2023-05-19T12:00:00Z,0.0,-64.635414,-62.156246,NaN
2023-05-20T12:00:00Z,0.0,-64.635414,-62.156246,NaN
2023-05-21T12:00:00Z,0.0,-64.635414,-62.156246,NaN
2023-05-22T12:00:00Z,0.0,-64.635414,-62.156246,NaN
2023-05-23T12:00:00Z,0.0,-64.635414,-62.156246,NaN
2023-05-24T12:00:00Z,0.0,-64.635414,-62.156246,NaN
2023-05-25T12:00:00Z,0.0,-64.635414,-62.156246,NaN
2023-05-26T12:00:00Z,0.0,-64.635414,-62.156246,NaN
2023-05-27T12:00:00Z,0.0,-64.635414,-62.156246,NaN
2023-05-28T12:00:00Z,0.0,-64.635414,-62.156246,NaN
2023-05-29T12:00:00Z,0.0,-64.635414,-62.156246,NaN
2023-05-30T12:00:00Z,0.0,-64.635414,-62.156246,NaN
2023-05-31T12:00:00Z,0.0,-64.635414,-62.156246,NaN
2023-06-01T12:00:00Z,0.0,-64.635414,-62.156246,NaN
2023-06-02T12:00:00Z,0.0,-64.635414,-62.156246,NaN
2023-06-03T12:00:00Z,0.0,-64.635414,-62.156246,NaN
2023-06-04T12:00:00Z,0.0,-64.635414,-62.156246,NaN
2023-06-05T12:00:00Z,0.0,-64.635414,-62.156246,NaN
2023-06-06T12:00:00Z,0.0,-64.635414,-62.156246,NaN
2023-06-07T12:00:00Z,0.0,-64.635414,-62.156246,NaN
2023-06-08T12:00:00Z,0.0,-64.635414,-62.156246,NaN
2023-06-09T12:00:00Z,0.0,-64.635414,-62.156246,NaN
2023-06-10T12:00:00Z,0.0,-64.635414,-62.156246,NaN
2023-06-11T12:00:00Z,0.0,-64.635414,-62.156246,NaN
2023-06-12T12:00:00Z,0.0,-64.635414,-62.156246,NaN
2023-06-13T12:00:00Z,0.0,-64.635414,-62.156246,NaN
2023-06-14T12:00:00Z,0.0,-64.635414,-62.156246,NaN
2023-06-15T12:00:00Z,0.0,-64.635414,-62.156246,NaN
2023-06-16T12:00:00Z,0.0,-64.635414,-62.156246,NaN
2023-06-17T12:00:00Z,0.0,-64.635414,-62.156246,NaN
2023-06-18T12:00:00Z,0.0,-64.635414,-62.156246,NaN
2023-06-19T12:00:00Z,0.0,-64.635414,-62.156246,NaN
2023-06-20T12:00:00Z,0.0,-64.635414,-62.156246,NaN
2023-06-21T12:00:00Z,0.0,-64.635414,-62.156246,NaN
2023-06-22T12:00:00Z,0.0,-64.635414,-62.156246,NaN
2023-06-23T12:00:00Z,0.0,-64.635414,-62.156246,NaN
2023-06-24T12:00:00Z,0.0,-64.635414,-62.156246,NaN
2023-06-25T12:00:00Z,0.0,-64.635414,-62.156246,NaN
2023-06-26T12:00:00Z,0.0,-64.635414,-62.156246,NaN
2023-06-27T12:00:00Z,0.0,-64.635414,-62.156246,NaN
2023-06-28T12:00:00Z,0.0,-64.635414,-62.156246,NaN
2023-06-29T12:00:00Z,0.0,-64.635414,-62.156246,NaN
2023-06-30T12:00:00Z,0.0,-64.635414,-62.156246,NaN
2023-07-01T12:00:00Z,0.0,-64.635414,-62.156246,NaN
2023-07-02T12:00:00Z,0.0,-64.635414,-62.156246,NaN
2023-07-03T12:00:00Z,0.0,-64.635414,-62.156246,NaN
2023-07-04T12:00:00Z,0.0,-64.635414,-62.156246,NaN
2023-07-05T12:00:00Z,0.0,-64.635414,-62.156246,NaN
2023-07-06T12:00:00Z,0.0,-64.635414,-62.156246,NaN
2023-07-07T12:00:00Z,0.0,-64.635414,-62.156246,NaN
2023-07-08T12:00:00Z,0.0,-64.635414,-62.156246,NaN
2023-07-09T12:00:00Z,0.0,-64.635414,-62.156246,NaN
2023-07-10T12:00:00Z,0.0,-64.635414,-62.156246,NaN
2023-07-11T12:00:00Z,0.0,-64.635414,-62.156246,NaN
2023-07-12T12:00:00Z,0.0,-64.635414,-62.156246,NaN
2023-07-13T12:00:00Z,0.0,-64.635414,-62.156246,NaN
2023-07-14T12:00:00Z,0.0,-64.635414,-62.156246,NaN
2023-07-15T12:00:00Z,0.0,-64.635414,-62.156246,NaN
2023-07-16T12:00:00Z,0.0,-64.635414,-62.156246,NaN
2023-07-17T12:00:00Z,0.0,-64.635414,-62.156246,NaN
2023-07-18T12:00:00Z,0.0,-64.635414,-62.156246,NaN
2023-07-19T12:00:00Z,0.0,-64.635414,-62.156246,NaN
2023-07-20T12:00:00Z,0.0,-64.635414,-62.156246,NaN
2023-07-21T12:00:00Z,0.0,-64.635414,-62.156246,NaN
2023-07-22T12:00:00Z,0.0,-64.635414,-62.156246,NaN
2023-07-23T12:00:00Z,0.0,-64.635414,-62.156246,NaN
2023-07-24T12:00:00Z,0.0,-64.635414,-62.156246,NaN
2023-07-25T12:00:00Z,0.0,-64.635414,-62.156246,NaN
2023-07-26T12:00:00Z,0.0,-64.635414,-62.156246,NaN
2023-07-27T12:00:00Z,0.0,-64.635414,-62.156246,NaN
2023-07-28T12:00:00Z,0.0,-64.635414,-62.156246,NaN
2023-07-29T12:00:00Z,0.0,-64.635414,-62.156246,NaN
2023-07-30T12:00:00Z,0.0,-64.635414,-62.156246,NaN
2023-07-31T12:00:00Z,0.0,-64.635414,-62.156246,NaN
2023-08-01T12:00:00Z,0.0,-64.635414,-62.156246,NaN
2023-08-02T12:00:00Z,0.0,-64.635414,-62.156246,NaN
2023-08-03T12:00:00Z,0.0,-64.635414,-62.156246,NaN
2023-08-04T12:00:00Z,0.0,-64.635414,-62.156246,NaN
2023-08-05T12:00:00Z,0.0,-64.635414,-62.156246,NaN
2023-08-06T12:00:00Z,0.0,-64.635414,-62.156246,NaN
2023-08-07T12:00:00Z,0.0,-64.635414,-62.156246,NaN
2023-08-08T12:00:00Z,0.0,-64.635414,-62.156246,NaN
2023-08-09T12:00:00Z,0.0,-64.635414,-62.156246,NaN
2023-08-10T12:00:00Z,0.0,-64.635414,-62.156246,NaN
2023-08-11T12:00:00Z,0.0,-64.635414,-62.156246,NaN
2023-08-12T12:00:00Z,0.0,-64.635414,-62.156246,NaN
2023-08-13T12:00:00Z,0.0,-64.635414,-62.156246,NaN
2023-08-14T12:00:00Z,0.0,-64.635414,-62.156246,NaN
2023-08-15T12:00:00Z,0.0,-64.635414,-62.156246,NaN
2023-08-16T12:00:00Z,0.0,-64.635414,-62.156246,NaN
2023-08-17T12:00:00Z,0.0,-64.635414,-62.156246,NaN
2023-08-18T12:00:00Z,0.0,-64.635414,-62.156246,NaN
2023-08-19T12:00:00Z,0.0,-64.635414,-62.156246,NaN
2023-08-20T12:00:00Z,0.0,-64.635414,-62.156246,NaN
2023-08-21T12:00:00Z,0.0,-64.635414,-62.156246,NaN
2023-08-22T12:00:00Z,0.0,-64.635414,-62.156246,NaN
2023-08-23T12:00:00Z,0.0,-64.635414,-62.156246,NaN
2023-08-24T12:00:00Z,0.0,-64.635414,-62.156246,NaN
2023-08-25T12:00:00Z,0.0,-64.635414,-62.156246,NaN
2023-08-26T12:00:00Z,0.0,-64.635414,-62.156246,NaN
2023-08-27T12:00:00Z,0.0,-64.635414,-62.156246,NaN
2023-08-28T12:00:00Z,0.0,-64.635414,-62.156246,NaN
2023-08-29T12:00:00Z,0.0,-64.635414,-62.156246,NaN
2023-08-30T12:00:00Z,0.0,-64.635414,-62.156246,NaN
2023-08-31T12:00:00Z,0.0,-64.635414,-62.156246,NaN
2023-09-01T12:00:00Z,0.0,-64.635414,-62.156246,NaN
2023-09-02T12:00:00Z,0.0,-64.635414,-62.156246,NaN
2023-09-03T12:00:00Z,0.0,-64.635414,-62.156246,NaN
2023-09-04T12:00:00Z,0.0,-64.635414,-62.156246,NaN
2023-09-05T12:00:00Z,0.0,-64.635414,-62.156246,NaN
2023-09-06T12:00:00Z,0.0,-64.635414,-62.156246,NaN
2023-09-07T12:00:00Z,0.0,-64.635414,-62.156246,NaN
2023-09-08T12:00:00Z,0.0,-64.635414,-62.156246,NaN
2023-09-09T12:00:00Z,0.0,-64.635414,-62.156246,NaN
2023-09-10T12:00:00Z,0.0,-64.635414,-62.156246,NaN
2023-09-11T12:00:00Z,0.0,-64.635414,-62.156246,NaN
2023-09-12T12:00:00Z,0.0,-64.635414,-62.156246,NaN
2023-09-13T12:00:00Z,0.0,-64.635414,-62.156246,NaN
2023-09-14T12:00:00Z,0.0,-64.635414,-62.156246,NaN
2023-09-15T12:00:00Z,0.0,-64.635414,-62.156246,NaN
2023-09-16T12:00:00Z,0.0,-64.635414,-62.156246,NaN
2023-09-17T12:00:00Z,0.0,-64.635414,-62.156246,NaN
2023-09-18T12:00:00Z,0.0,-64.635414,-62.156246,NaN
2023-09-19T12:00:00Z,0.0,-64.635414,-62.156246,NaN
2023-09-20T12:00:00Z,0.0,-64.635414,-62.156246,NaN
2023-09-21T12:00:00Z,0.0,-64.635414,-62.156246,NaN
2023-09-22T12:00:00Z,0.0,-64.635414,-62.156246,NaN
2023-09-23T12:00:00Z,0.0,-64.635414,-62.156246,NaN
2023-09-24T12:00:00Z,0.0,-64.635414,-62.156246,NaN
2023-09-25T12:00:00Z,0.0,-64.635414,-62.156246,NaN
2023-09-26T12:00:00Z,0.0,-64.635414,-62.156246,NaN
2023-09-27T12:00:00Z,0.0,-64.635414,-62.156246,NaN
2023-09-28T12:00:00Z,0.0,-64.635414,-62.156246,NaN
2023-09-29T12:00:00Z,0.0,-64.635414,-62.156246,NaN
2023-09-30T12:00:00Z,0.0,-64.635414,-62.156246,NaN
2023-10-01T12:00:00Z,0.0,-64.635414,-62.156246,NaN
2023-10-02T12:00:00Z,0.0,-64.635414,-62.156246,NaN
2023-10-03T12:00:00Z,0.0,-64.635414,-62.156246,NaN
2023-10-04T12:00:00Z,0.0,-64.635414,-62.156246,NaN
2023-10-05T12:00:00Z,0.0,-64.635414,-62.156246,NaN
2023-10-06T12:00:00Z,0.0,-64.635414,-62.156246,NaN
2023-10-07T12:00:00Z,0.0,-64.635414,-62.156246,NaN
2023-10-08T12:00:00Z,0.0,-64.635414,-62.156246,NaN
2023-10-09T12:00:00Z,0.0,-64.635414,-62.156246,NaN
2023-10-10T12:00:00Z,0.0,-64.635414,-62.156246,NaN
2023-10-11T12:00:00Z,0.0,-64.635414,-62.156246,NaN
2023-10-12T12:00:00Z,0.0,-64.635414,-62.156246,NaN
2023-10-13T12:00:00Z,0.0,-64.635414,-62.156246,NaN
2023-10-14T12:00:00Z,0.0,-64.635414,-62.156246,NaN
2023-10-15T12:00:00Z,0.0,-64.635414,-62.156246,NaN
2023-10-16T12:00:00Z,0.0,-64.635414,-62.156246,NaN
2023-10-17T12:00:00Z,0.0,-64.635414,-62.156246,NaN
2023-10-18T12:00:00Z,0.0,-64.635414,-62.156246,NaN
2023-10-19T12:00:00Z,0.0,-64.635414,-62.156246,NaN
2023-10-20T12:00:00Z,0.0,-64.635414,-62.156246,NaN
2023-10-21T12:00:00Z,0.0,-64.635414,-62.156246,0.15517859
2023-10-22T12:00:00Z,0.0,-64.635414,-62.156246,0.1550528
2023-10-23T12:00:00Z,0.0,-64.635414,-62.156246,0.09931996
2023-10-24T12:00:00Z,0.0,-64.635414,-62.156246,0.0707412
2023-10-25T12:00:00Z,0.0,-64.635414,-62.156246,0.15572412
2023-10-26T12:00:00Z,0.0,-64.635414,-62.156246,0.15620662
2023-10-27T12:00:00Z,0.0,-64.635414,-62.156246,0.095491625
2023-10-28T12:00:00Z,0.0,-64.635414,-62.156246,0.0870792
2023-10-29T12:00:00Z,0.0,-64.635414,-62.156246,0.07868335
2023-10-30T12:00:00Z,0.0,-64.635414,-62.156246,0.08102934
2023-10-31T12:00:00Z,0.0,-64.635414,-62.156246,0.08197849
2023-11-01T12:00:00Z,0.0,-64.635414,-62.156246,0.08306556
2023-11-02T12:00:00Z,0.0,-64.635414,-62.156246,0.10351352
2023-11-03T12:00:00Z,0.0,-64.635414,-62.156246,0.11045249
2023-11-04T12:00:00Z,0.0,-64.635414,-62.156246,0.08863263
2023-11-05T12:00:00Z,0.0,-64.635414,-62.156246,0.0982596
2023-11-06T12:00:00Z,0.0,-64.635414,-62.156246,0.092068575
2023-11-07T12:00:00Z,0.0,-64.635414,-62.156246,0.0877228
2023-11-08T12:00:00Z,0.0,-64.635414,-62.156246,0.07880154
2023-11-09T12:00:00Z,0.0,-64.635414,-62.156246,0.0792448
2023-11-10T12:00:00Z,0.0,-64.635414,-62.156246,0.077462435
2023-11-11T12:00:00Z,0.0,-64.635414,-62.156246,0.11622442
2023-11-12T12:00:00Z,0.0,-64.635414,-62.156246,0.10520009
2023-11-13T12:00:00Z,0.0,-64.635414,-62.156246,0.06755541
2023-11-14T12:00:00Z,0.0,-64.635414,-62.156246,0.06386809
2023-11-15T12:00:00Z,0.0,-64.635414,-62.156246,0.059891157
2023-11-16T12:00:00Z,0.0,-64.635414,-62.156246,0.075940154
2023-11-17T12:00:00Z,0.0,-64.635414,-62.156246,0.07835033
2023-11-18T12:00:00Z,0.0,-64.635414,-62.156246,0.09005149
2023-11-19T12:00:00Z,0.0,-64.635414,-62.156246,0.08710841
2023-11-20T12:00:00Z,0.0,-64.635414,-62.156246,0.120783694
2023-11-21T12:00:00Z,0.0,-64.635414,-62.156246,0.14182512
2023-11-22T12:00:00Z,0.0,-64.635414,-62.156246,0.14241965
2023-11-23T12:00:00Z,0.0,-64.635414,-62.156246,0.1471038
2023-11-24T12:00:00Z,0.0,-64.635414,-62.156246,0.16688998
2023-11-25T12:00:00Z,0.0,-64.635414,-62.156246,0.15329944
2023-11-26T12:00:00Z,0.0,-64.635414,-62.156246,0.17495747
2023-11-27T12:00:00Z,0.0,-64.635414,-62.156246,0.19370107
2023-11-28T12:00:00Z,0.0,-64.635414,-62.156246,0.1866051
2023-11-29T12:00:00Z,0.0,-64.635414,-62.156246,0.2118165
2023-11-30T12:00:00Z,0.0,-64.635414,-62.156246,0.22822036
2023-12-02T12:00:00Z,0.0,-64.635414,-62.156246,0.2246495
2023-12-03T12:00:00Z,0.0,-64.635414,-62.156246,0.21836743
2023-12-04T12:00:00Z,0.0,-64.635414,-62.156246,0.19265191
2023-12-05T12:00:00Z,0.0,-64.635414,-62.156246,0.24846745
2023-12-06T12:00:00Z,0.0,-64.635414,-62.156246,0.24658328
2023-12-07T12:00:00Z,0.0,-64.635414,-62.156246,0.2555462
2023-12-08T12:00:00Z,0.0,-64.635414,-62.156246,0.22296174
2023-12-09T12:00:00Z,0.0,-64.635414,-62.156246,0.23220168
2023-12-10T12:00:00Z,0.0,-64.635414,-62.156246,0.3034426
2023-12-11T12:00:00Z,0.0,-64.635414,-62.156246,0.334511
2023-12-12T12:00:00Z,0.0,-64.635414,-62.156246,0.34888536
2023-12-13T12:00:00Z,0.0,-64.635414,-62.156246,0.36315817
2023-12-14T12:00:00Z,0.0,-64.635414,-62.156246,0.33838797
2023-12-15T12:00:00Z,0.0,-64.635414,-62.156246,0.33237952
2023-12-16T12:00:00Z,0.0,-64.635414,-62.156246,0.3026309
2023-12-17T12:00:00Z,0.0,-64.635414,-62.156246,0.32680607
2023-12-18T12:00:00Z,0.0,-64.635414,-62.156246,0.32115498
2023-12-19T12:00:00Z,0.0,-64.635414,-62.156246,0.31773466
2023-12-20T12:00:00Z,0.0,-64.635414,-62.156246,0.25713623
2023-12-21T12:00:00Z,0.0,-64.635414,-62.156246,0.25238693
2023-12-22T12:00:00Z,0.0,-64.635414,-62.156246,0.21810898
2023-12-23T12:00:00Z,0.0,-64.635414,-62.156246,0.21663643
2023-12-25T12:00:00Z,0.0,-64.635414,-62.156246,0.21340173
2023-12-26T12:00:00Z,0.0,-64.635414,-62.156246,0.20800863
2023-12-27T12:00:00Z,0.0,-64.635414,-62.156246,0.21236959
2023-12-28T12:00:00Z,0.0,-64.635414,-62.156246,0.21249516
2023-12-29T12:00:00Z,0.0,-64.635414,-62.156246,0.21067637
2023-12-30T12:00:00Z,0.0,-64.635414,-62.156246,0.21166512
2023-12-31T12:00:00Z,0.0,-64.635414,-62.156246,0.21203348
