time,altitude,latitude,longitude,chlor_a
UTC,m,degrees_north,degrees_east,mg m^-3
2018-01-01T12:00:00Z,0.0,-66.864586,-66.78125,0.21633421
2018-01-02T12:00:00Z,0.0,-66.864586,-66.78125,0.22202758
2018-01-03T12:00:00Z,0.0,-66.864586,-66.78125,0.24990988
2018-01-04T12:00:00Z,0.0,-66.864586,-66.78125,0.25944954
2018-01-05T12:00:00Z,0.0,-66.864586,-66.78125,0.2544706
2018-01-06T12:00:00Z,0.0,-66.864586,-66.78125,0.2703274
2018-01-07T12:00:00Z,0.0,-66.864586,-66.78125,0.28032184
2018-01-08T12:00:00Z,0.0,-66.864586,-66.78125,0.25405106
2018-01-09T12:00:00Z,0.0,-66.864586,-66.78125,0.27632618
2018-01-10T12:00:00Z,0.0,-66.864586,-66.78125,0.29426423
2018-01-11T12:00:00Z,0.0,-66.864586,-66.78125,0.2892452
2018-01-12T12:00:00Z,0.0,-66.864586,-66.78125,0.23232105
2018-01-13T12:00:00Z,0.0,-66.864586,-66.78125,0.46638158
2018-01-14T12:00:00Z,0.0,-66.864586,-66.78125,0.5538343
2018-01-15T12:00:00Z,0.0,-66.864586,-66.78125,0.5244015
2018-01-16T12:00:00Z,0.0,-66.864586,-66.78125,0.51364
2018-01-17T12:00:00Z,0.0,-66.864586,-66.78125,0.5731316
2018-01-18T12:00:00Z,0.0,-66.864586,-66.78125,0.55620885
2018-01-19T12:00:00Z,0.0,-66.864586,-66.78125,0.55233496
2018-01-20T12:00:00Z,0.0,-66.864586,-66.78125,0.58761656
2018-01-21T12:00:00Z,0.0,-66.864586,-66.78125,0.8080467
2018-01-22T12:00:00Z,0.0,-66.864586,-66.78125,0.8276365
2018-01-23T12:00:00Z,0.0,-66.864586,-66.78125,0.80957884
2018-01-24T12:00:00Z,0.0,-66.864586,-66.78125,0.89563847
2018-01-25T12:00:00Z,0.0,-66.864586,-66.78125,0.954146
2018-01-26T12:00:00Z,0.0,-66.864586,-66.78125,1.0625271
2018-01-27T12:00:00Z,0.0,-66.864586,-66.78125,1.0040921
2018-01-28T12:00:00Z,0.0,-66.864586,-66.78125,1.2185827
2018-01-29T12:00:00Z,0.0,-66.864586,-66.78125,1.2280959
2018-01-30T12:00:00Z,0.0,-66.864586,-66.78125,1.1846237
2018-01-31T12:00:00Z,0.0,-66.864586,-66.78125,1.1724696
2018-02-01T12:00:00Z,0.0,-66.864586,-66.78125,1.1315273
2018-02-02T12:00:00Z,0.0,-66.864586,-66.78125,1.1647732
2018-02-03T12:00:00Z,0.0,-66.864586,-66.78125,1.0826577
2018-02-04T12:00:00Z,0.0,-66.864586,-66.78125,1.1726913
2018-02-05T12:00:00Z,0.0,-66.864586,-66.78125,1.0845838
2018-02-06T12:00:00Z,0.0,-66.864586,-66.78125,1.1766902
2018-02-07T12:00:00Z,0.0,-66.864586,-66.78125,1.0934635
2018-02-08T12:00:00Z,0.0,-66.864586,-66.78125,1.0379276
2018-02-09T12:00:00Z,0.0,-66.864586,-66.78125,1.1858932
2018-02-10T12:00:00Z,0.0,-66.864586,-66.78125,1.035582
2018-02-11T12:00:00Z,0.0,-66.864586,-66.78125,0.90636194
2018-02-12T12:00:00Z,0.0,-66.864586,-66.78125,0.83739275
2018-02-13T12:00:00Z,0.0,-66.864586,-66.78125,0.81485933
2018-02-14T12:00:00Z,0.0,-66.864586,-66.78125,0.8029553
2018-02-15T12:00:00Z,0.0,-66.864586,-66.78125,0.8446395
2018-02-16T12:00:00Z,0.0,-66.864586,-66.78125,0.7194971
2018-02-17T12:00:00Z,0.0,-66.864586,-66.78125,0.88458747
2018-02-18T12:00:00Z,0.0,-66.864586,-66.78125,1.0294138
2018-02-19T12:00:00Z,0.0,-66.864586,-66.78125,1.1148654
2018-02-20T12:00:00Z,0.0,-66.864586,-66.78125,1.2646896
2018-02-21T12:00:00Z,0.0,-66.864586,-66.78125,1.2074293
2018-02-22T12:00:00Z,0.0,-66.864586,-66.78125,0.933436
2018-02-23T12:00:00Z,0.0,-66.864586,-66.78125,0.96588343
2018-02-24T12:00:00Z,0.0,-66.864586,-66.78125,0.80178446
2018-02-25T12:00:00Z,0.0,-66.864586,-66.78125,1.1045485
2018-02-26T12:00:00Z,0.0,-66.864586,-66.78125,1.2740211
2018-02-27T12:00:00Z,0.0,-66.864586,-66.78125,0.98576176
2018-02-28T12:00:00Z,0.0,-66.864586,-66.78125,0.8808291
2018-03-01T12:00:00Z,0.0,-66.864586,-66.78125,1.0422173
2018-03-02T12:00:00Z,0.0,-66.864586,-66.78125,1.074468
2018-03-03T12:00:00Z,0.0,-66.864586,-66.78125,0.90738326
2018-03-04T12:00:00Z,0.0,-66.864586,-66.78125,0.76120853
2018-03-05T12:00:00Z,0.0,-66.864586,-66.78125,NaN
2018-03-06T12:00:00Z,0.0,-66.864586,-66.78125,NaN
2018-03-07T12:00:00Z,0.0,-66.864586,-66.78125,NaN
2018-03-08T12:00:00Z,0.0,-66.864586,-66.78125,NaN
2018-03-09T12:00:00Z,0.0,-66.864586,-66.78125,NaN
2018-03-10T12:00:00Z,0.0,-66.864586,-66.78125,NaN
2018-03-11T12:00:00Z,0.0,-66.864586,-66.78125,NaN
2018-03-12T12:00:00Z,0.0,-66.864586,-66.78125,NaN
2018-03-13T12:00:00Z,0.0,-66.864586,-66.78125,NaN
2018-03-14T12:00:00Z,0.0,-66.864586,-66.78125,NaN
2018-03-15T12:00:00Z,0.0,-66.864586,-66.78125,NaN
2018-03-16T12:00:00Z,0.0,-66.864586,-66.78125,NaN
2018-03-17T12:00:00Z,0.0,-66.864586,-66.78125,NaN
2018-03-18T12:00:00Z,0.0,-66.864586,-66.78125,NaN
2018-03-19T12:00:00Z,0.0,-66.864586,-66.78125,NaN
2018-03-20T12:00:00Z,0.0,-66.864586,-66.78125,NaN
2018-03-21T12:00:00Z,0.0,-66.864586,-66.78125,NaN
2018-03-22T12:00:00Z,0.0,-66.864586,-66.78125,NaN
2018-03-23T12:00:00Z,0.0,-66.864586,-66.78125,NaN
2018-03-24T12:00:00Z,0.0,-66.864586,-66.78125,NaN
2018-03-25T12:00:00Z,0.0,-66.864586,-66.78125,NaN
2018-03-26T12:00:00Z,0.0,-66.864586,-66.78125,NaN
2018-03-27T12:00:00Z,0.0,-66.864586,-66.78125,NaN
2018-03-28T12:00:00Z,0.0,-66.864586,-66.78125,NaN
2018-03-29T12:00:00Z,0.0,-66.864586,-66.78125,NaN
2018-03-30T12:00:00Z,0.0,-66.864586,-66.78125,NaN
2018-03-31T12:00:00Z,0.0,-66.864586,-66.78125,NaN
2018-04-01T12:00:00Z,0.0,-66.864586,-66.78125,NaN
2018-04-02T12:00:00Z,0.0,-66.864586,-66.78125,NaN
2018-04-03T12:00:00Z,0.0,-66.864586,-66.78125,NaN
2018-04-04T12:00:00Z,0.0,-66.864586,-66.78125,NaN
2018-04-05T12:00:00Z,0.0,-66.864586,-66.78125,NaN
2018-04-06T12:00:00Z,0.0,-66.864586,-66.78125,NaN
2018-04-07T12:00:00Z,0.0,-66.864586,-66.78125,NaN
2018-04-08T12:00:00Z,0.0,-66.864586,-66.78125,NaN
2018-04-09T12:00:00Z,0.0,-66.864586,-66.78125,NaN
2018-04-10T12:00:00Z,0.0,-66.864586,-66.78125,NaN
2018-04-11T12:00:00Z,0.0,-66.864586,-66.78125,NaN
2018-04-12T12:00:00Z,0.0,-66.864586,-66.78125,NaN
2018-04-13T12:00:00Z,0.0,-66.864586,-66.78125,NaN
2018-04-14T12:00:00Z,0.0,-66.864586,-66.78125,NaN
2018-04-15T12:00:00Z,0.0,-66.864586,-66.78125,NaN
2018-04-16T12:00:00Z,0.0,-66.864586,-66.78125,NaN
2018-04-17T12:00:00Z,0.0,-66.864586,-66.78125,NaN
2018-04-18T12:00:00Z,0.0,-66.864586,-66.78125,NaN
2018-04-19T12:00:00Z,0.0,-66.864586,-66.78125,NaN
2018-04-20T12:00:00Z,0.0,-66.864586,-66.78125,NaN
2018-04-21T12:00:00Z,0.0,-66.864586,-66.78125,NaN
2018-04-22T12:00:00Z,0.0,-66.864586,-66.78125,NaN
2018-04-23T12:00:00Z,0.0,-66.864586,-66.78125,NaN
2018-04-24T12:00:00Z,0.0,-66.864586,-66.78125,NaN
2018-04-25T12:00:00Z,0.0,-66.864586,-66.78125,NaN
2018-04-26T12:00:00Z,0.0,-66.864586,-66.78125,NaN
2018-04-27T12:00:00Z,0.0,-66.864586,-66.78125,NaN
2018-04-28T12:00:00Z,0.0,-66.864586,-66.78125,NaN
2018-04-29T12:00:00Z,0.0,-66.864586,-66.78125,NaN
2018-04-30T12:00:00Z,0.0,-66.864586,-66.78125,NaN
2018-05-01T12:00:00Z,0.0,-66.864586,-66.78125,NaN
2018-05-02T12:00:00Z,0.0,-66.864586,-66.78125,NaN
2018-05-03T12:00:00Z,0.0,-66.864586,-66.78125,NaN
2018-05-04T12:00:00Z,0.0,-66.864586,-66.78125,NaN
2018-05-05T12:00:00Z,0.0,-66.864586,-66.78125,NaN
2018-05-06T12:00:00Z,0.0,-66.864586,-66.78125,NaN
2018-05-07T12:00:00Z,0.0,-66.864586,-66.78125,NaN
2018-05-08T12:00:00Z,0.0,-66.864586,-66.78125,NaN
2018-05-09T12:00:00Z,0.0,-66.864586,-66.78125,NaN
2018-05-10T12:00:00Z,0.0,-66.864586,-66.78125,NaN
2018-05-11T12:00:00Z,0.0,-66.864586,-66.78125,NaN
2018-05-12T12:00:00Z,0.0,-66.864586,-66.78125,NaN
2018-05-13T12:00:00Z,0.0,-66.864586,-66.78125,NaN
2018-05-14T12:00:00Z,0.0,-66.864586,-66.78125,NaN
2018-05-15T12:00:00Z,0.0,-66.864586,-66.78125,NaN
2018-05-16T12:00:00Z,0.0,-66.864586,-66.78125,NaN
2018-05-17T12:00:00Z,0.0,-66.864586,-66.78125,NaN
2018-05-18T12:00:00Z,0.0,-66.864586,-66.78125,NaN
2018-05-19T12:00:00Z,0.0,-66.864586,-66.78125,NaN
2018-05-20T12:00:00Z,0.0,-66.864586,-66.78125,NaN
2018-05-21T12:00:00Z,0.0,-66.864586,-66.78125,NaN
2018-05-22T12:00:00Z,0.0,-66.864586,-66.78125,NaN
2018-05-23T12:00:00Z,0.0,-66.864586,-66.78125,NaN
2018-05-24T12:00:00Z,0.0,-66.864586,-66.78125,NaN
2018-05-25T12:00:00Z,0.0,-66.864586,-66.78125,NaN
2018-05-26T12:00:00Z,0.0,-66.864586,-66.78125,NaN
2018-05-27T12:00:00Z,0.0,-66.864586,-66.78125,NaN
2018-05-28T12:00:00Z,0.0,-66.864586,-66.78125,NaN
2018-05-29T12:00:00Z,0.0,-66.864586,-66.78125,NaN
2018-05-30T12:00:00Z,0.0,-66.864586,-66.78125,NaN
2018-05-31T12:00:00Z,0.0,-66.864586,-66.78125,NaN
2018-06-01T12:00:00Z,0.0,-66.864586,-66.78125,NaN
2018-06-02T12:00:00Z,0.0,-66.864586,-66.78125,NaN
2018-06-03T12:00:00Z,0.0,-66.864586,-66.78125,NaN
2018-06-04T12:00:00Z,0.0,-66.864586,-66.78125,NaN
2018-06-05T12:00:00Z,0.0,-66.864586,-66.78125,NaN
2018-06-06T12:00:00Z,0.0,-66.864586,-66.78125,NaN
2018-06-07T12:00:00Z,0.0,-66.864586,-66.78125,NaN
2018-06-08T12:00:00Z,0.0,-66.864586,-66.78125,NaN
2018-06-09T12:00:00Z,0.0,-66.864586,-66.78125,NaN
2018-06-10T12:00:00Z,0.0,-66.864586,-66.78125,NaN
2018-06-11T12:00:00Z,0.0,-66.864586,-66.78125,NaN
2018-06-12T12:00:00Z,0.0,-66.864586,-66.78125,NaN
2018-06-13T12:00:00Z,0.0,-66.864586,-66.78125,NaN
2018-06-14T12:00:00Z,0.0,-66.864586,-66.78125,NaN
2018-06-15T12:00:00Z,0.0,-66.864586,-66.78125,NaN
2018-06-16T12:00:00Z,0.0,-66.864586,-66.78125,NaN
2018-06-17T12:00:00Z,0.0,-66.864586,-66.78125,NaN
2018-06-18T12:00:00Z,0.0,-66.864586,-66.78125,NaN
2018-06-19T12:00:00Z,0.0,-66.864586,-66.78125,NaN
2018-06-20T12:00:00Z,0.0,-66.864586,-66.78125,NaN
2018-06-21T12:00:00Z,0.0,-66.864586,-66.78125,NaN
2018-06-22T12:00:00Z,0.0,-66.864586,-66.78125,NaN
2018-06-23T12:00:00Z,0.0,-66.864586,-66.78125,NaN
2018-06-24T12:00:00Z,0.0,-66.864586,-66.78125,NaN
2018-06-25T12:00:00Z,0.0,-66.864586,-66.78125,NaN
2018-06-26T12:00:00Z,0.0,-66.864586,-66.78125,NaN
2018-06-27T12:00:00Z,0.0,-66.864586,-66.78125,NaN
2018-06-28T12:00:00Z,0.0,-66.864586,-66.78125,NaN
2018-06-29T12:00:00Z,0.0,-66.864586,-66.78125,NaN
2018-06-30T12:00:00Z,0.0,-66.864586,-66.78125,NaN
2018-07-01T12:00:00Z,0.0,-66.864586,-66.78125,NaN
2018-07-02T12:00:00Z,0.0,-66.864586,-66.78125,NaN
2018-07-03T12:00:00Z,0.0,-66.864586,-66.78125,NaN
2018-07-04T12:00:00Z,0.0,-66.864586,-66.78125,NaN
2018-07-05T12:00:00Z,0.0,-66.864586,-66.78125,NaN
2018-07-06T12:00:00Z,0.0,-66.864586,-66.78125,NaN
2018-07-07T12:00:00Z,0.0,-66.864586,-66.78125,NaN
2018-07-08T12:00:00Z,0.0,-66.864586,-66.78125,NaN
2018-07-09T12:00:00Z,0.0,-66.864586,-66.78125,NaN
2018-07-10T12:00:00Z,0.0,-66.864586,-66.78125,NaN
2018-07-11T12:00:00Z,0.0,-66.864586,-66.78125,NaN
2018-07-12T12:00:00Z,0.0,-66.864586,-66.78125,NaN
2018-07-13T12:00:00Z,0.0,-66.864586,-66.78125,NaN
2018-07-14T12:00:00Z,0.0,-66.864586,-66.78125,NaN
2018-07-15T12:00:00Z,0.0,-66.864586,-66.78125,NaN
2018-07-16T12:00:00Z,0.0,-66.864586,-66.78125,NaN
2018-07-17T12:00:00Z,0.0,-66.864586,-66.78125,NaN
2018-07-18T12:00:00Z,0.0,-66.864586,-66.78125,NaN
2018-07-19T12:00:00Z,0.0,-66.864586,-66.78125,NaN
2018-07-20T12:00:00Z,0.0,-66.864586,-66.78125,NaN
2018-07-21T12:00:00Z,0.0,-66.864586,-66.78125,NaN
2018-07-22T12:00:00Z,0.0,-66.864586,-66.78125,NaN
2018-07-23T12:00:00Z,0.0,-66.864586,-66.78125,NaN
2018-07-24T12:00:00Z,0.0,-66.864586,-66.78125,NaN
2018-07-25T12:00:00Z,0.0,-66.864586,-66.78125,NaN
2018-07-26T12:00:00Z,0.0,-66.864586,-66.78125,NaN
2018-07-27T12:00:00Z,0.0,-66.864586,-66.78125,NaN
2018-07-28T12:00:00Z,0.0,-66.864586,-66.78125,NaN
2018-07-29T12:00:00Z,0.0,-66.864586,-66.78125,NaN
2018-07-30T12:00:00Z,0.0,-66.864586,-66.78125,NaN
2018-07-31T12:00:00Z,0.0,-66.864586,-66.78125,NaN
2018-08-01T12:00:00Z,0.0,-66.864586,-66.78125,NaN
2018-08-02T12:00:00Z,0.0,-66.864586,-66.78125,NaN
2018-08-03T12:00:00Z,0.0,-66.864586,-66.78125,NaN
2018-08-04T12:00:00Z,0.0,-66.864586,-66.78125,NaN
2018-08-05T12:00:00Z,0.0,-66.864586,-66.78125,NaN
2018-08-06T12:00:00Z,0.0,-66.864586,-66.78125,NaN
2018-08-07T12:00:00Z,0.0,-66.864586,-66.78125,NaN
2018-08-08T12:00:00Z,0.0,-66.864586,-66.78125,NaN
2018-08-09T12:00:00Z,0.0,-66.864586,-66.78125,NaN
2018-08-10T12:00:00Z,0.0,-66.864586,-66.78125,NaN
2018-08-11T12:00:00Z,0.0,-66.864586,-66.78125,NaN
2018-08-12T12:00:00Z,0.0,-66.864586,-66.78125,NaN
2018-08-13T12:00:00Z,0.0,-66.864586,-66.78125,NaN
2018-08-14T12:00:00Z,0.0,-66.864586,-66.78125,NaN
2018-08-15T12:00:00Z,0.0,-66.864586,-66.78125,NaN
2018-08-16T12:00:00Z,0.0,-66.864586,-66.78125,NaN
2018-08-17T12:00:00Z,0.0,-66.864586,-66.78125,NaN
2018-08-18T12:00:00Z,0.0,-66.864586,-66.78125,NaN
2018-08-19T12:00:00Z,0.0,-66.864586,-66.78125,NaN
2018-08-20T12:00:00Z,0.0,-66.864586,-66.78125,NaN
2018-08-21T12:00:00Z,0.0,-66.864586,-66.78125,NaN
2018-08-22T12:00:00Z,0.0,-66.864586,-66.78125,NaN
2018-08-23T12:00:00Z,0.0,-66.864586,-66.78125,NaN
2018-08-24T12:00:00Z,0.0,-66.864586,-66.78125,NaN
2018-08-25T12:00:00Z,0.0,-66.864586,-66.78125,NaN
2018-08-26T12:00:00Z,0.0,-66.864586,-66.78125,NaN
2018-08-27T12:00:00Z,0.0,-66.864586,-66.78125,NaN
2018-08-28T12:00:00Z,0.0,-66.864586,-66.78125,NaN
2018-08-29T12:00:00Z,0.0,-66.864586,-66.78125,NaN
2018-08-30T12:00:00Z,0.0,-66.864586,-66.78125,NaN
2018-08-31T12:00:00Z,0.0,-66.864586,-66.78125,NaN
2018-09-01T12:00:00Z,0.0,-66.864586,-66.78125,NaN
2018-09-02T12:00:00Z,0.0,-66.864586,-66.78125,NaN
2018-09-03T12:00:00Z,0.0,-66.864586,-66.78125,NaN
2018-09-04T12:00:00Z,0.0,-66.864586,-66.78125,NaN
2018-09-05T12:00:00Z,0.0,-66.864586,-66.78125,NaN
2018-09-06T12:00:00Z,0.0,-66.864586,-66.78125,NaN
2018-09-07T12:00:00Z,0.0,-66.864586,-66.78125,NaN
2018-09-08T12:00:00Z,0.0,-66.864586,-66.78125,NaN
2018-09-09T12:00:00Z,0.0,-66.864586,-66.78125,NaN
2018-09-10T12:00:00Z,0.0,-66.864586,-66.78125,NaN
2018-09-11T12:00:00Z,0.0,-66.864586,-66.78125,NaN
2018-09-12T12:00:00Z,0.0,-66.864586,-66.78125,NaN
2018-09-13T12:00:00Z,0.0,-66.864586,-66.78125,NaN
2018-09-14T12:00:00Z,0.0,-66.864586,-66.78125,NaN
2018-09-15T12:00:00Z,0.0,-66.864586,-66.78125,NaN
2018-09-16T12:00:00Z,0.0,-66.864586,-66.78125,NaN
2018-09-17T12:00:00Z,0.0,-66.864586,-66.78125,NaN
2018-09-18T12:00:00Z,0.0,-66.864586,-66.78125,NaN
2018-09-19T12:00:00Z,0.0,-66.864586,-66.78125,NaN
2018-09-20T12:00:00Z,0.0,-66.864586,-66.78125,NaN
2018-09-21T12:00:00Z,0.0,-66.864586,-66.78125,NaN
2018-09-22T12:00:00Z,0.0,-66.864586,-66.78125,NaN
2018-09-23T12:00:00Z,0.0,-66.864586,-66.78125,NaN
2018-09-24T12:00:00Z,0.0,-66.864586,-66.78125,NaN
2018-09-25T12:00:00Z,0.0,-66.864586,-66.78125,NaN
2018-09-26T12:00:00Z,0.0,-66.864586,-66.78125,NaN
2018-09-27T12:00:00Z,0.0,-66.864586,-66.78125,NaN
2018-09-28T12:00:00Z,0.0,-66.864586,-66.78125,NaN
2018-09-29T12:00:00Z,0.0,-66.864586,-66.78125,NaN
2018-09-30T12:00:00Z,0.0,-66.864586,-66.78125,NaN
2018-10-01T12:00:00Z,0.0,-66.864586,-66.78125,NaN
2018-10-02T12:00:00Z,0.0,-66.864586,-66.78125,NaN
2018-10-03T12:00:00Z,0.0,-66.864586,-66.78125,NaN
2018-10-04T12:00:00Z,0.0,-66.864586,-66.78125,NaN
2018-10-05T12:00:00Z,0.0,-66.864586,-66.78125,NaN
2018-10-06T12:00:00Z,0.0,-66.864586,-66.78125,NaN
2018-10-07T12:00:00Z,0.0,-66.864586,-66.78125,NaN
2018-10-08T12:00:00Z,0.0,-66.864586,-66.78125,NaN
2018-10-09T12:00:00Z,0.0,-66.864586,-66.78125,NaN
2018-10-10T12:00:00Z,0.0,-66.864586,-66.78125,NaN
2018-10-11T12:00:00Z,0.0,-66.864586,-66.78125,NaN
2018-10-12T12:00:00Z,0.0,-66.864586,-66.78125,NaN
2018-10-13T12:00:00Z,0.0,-66.864586,-66.78125,NaN
2018-10-14T12:00:00Z,0.0,-66.864586,-66.78125,NaN
2018-10-15T12:00:00Z,0.0,-66.864586,-66.78125,NaN
2018-10-16T12:00:00Z,0.0,-66.864586,-66.78125,NaN
2018-10-17T12:00:00Z,0.0,-66.864586,-66.78125,NaN
2018-10-18T12:00:00Z,0.0,-66.864586,-66.78125,NaN
2018-10-19T12:00:00Z,0.0,-66.864586,-66.78125,NaN
2018-10-20T12:00:00Z,0.0,-66.864586,-66.78125,NaN
2018-10-21T12:00:00Z,0.0,-66.864586,-66.78125,NaN
2018-10-22T12:00:00Z,0.0,-66.864586,-66.78125,NaN
2018-10-23T12:00:00Z,0.0,-66.864586,-66.78125,NaN
2018-10-24T12:00:00Z,0.0,-66.864586,-66.78125,NaN
2018-10-25T12:00:00Z,0.0,-66.864586,-66.78125,NaN
2018-10-26T12:00:00Z,0.0,-66.864586,-66.78125,NaN
2018-10-27T12:00:00Z,0.0,-66.864586,-66.78125,NaN
2018-10-28T12:00:00Z,0.0,-66.864586,-66.78125,NaN
2018-10-29T12:00:00Z,0.0,-66.864586,-66.78125,NaN
2018-10-30T12:00:00Z,0.0,-66.864586,-66.78125,0.17689404
2018-10-31T12:00:00Z,0.0,-66.864586,-66.78125,0.10592582
2018-11-01T12:00:00Z,0.0,-66.864586,-66.78125,0.10607427
2018-11-02T12:00:00Z,0.0,-66.864586,-66.78125,0.10353717
2018-11-03T12:00:00Z,0.0,-66.864586,-66.78125,0.11359955
2018-11-04T12:00:00Z,0.0,-66.864586,-66.78125,0.111129425
2018-11-05T12:00:00Z,0.0,-66.864586,-66.78125,0.107103184
2018-11-06T12:00:00Z,0.0,-66.864586,-66.78125,0.107178934
2018-11-07T12:00:00Z,0.0,-66.864586,-66.78125,0.11246791
2018-11-08T12:00:00Z,0.0,-66.864586,-66.78125,0.10573283
2018-11-09T12:00:00Z,0.0,-66.864586,-66.78125,0.10546509
2018-11-10T12:00:00Z,0.0,-66.864586,-66.78125,0.10580054
2018-11-11T12:00:00Z,0.0,-66.864586,-66.78125,0.09406453
2018-11-12T12:00:00Z,0.0,-66.864586,-66.78125,0.105963714
2018-11-13T12:00:00Z,0.0,-66.864586,-66.78125,0.10505284
2018-11-14T12:00:00Z,0.0,-66.864586,-66.78125,0.107402295
2018-11-15T12:00:00Z,0.0,-66.864586,-66.78125,0.10503187
2018-11-16T12:00:00Z,0.0,-66.864586,-66.78125,0.106740005
2018-11-17T12:00:00Z,0.0,-66.864586,-66.78125,0.10936577
2018-11-18T12:00:00Z,0.0,-66.864586,-66.78125,0.108391166
2018-11-19T12:00:00Z,0.0,-66.864586,-66.78125,0.099220976
2018-11-20T12:00:00Z,0.0,-66.864586,-66.78125,0.08435182
2018-11-21T12:00:00Z,0.0,-66.864586,-66.78125,0.094507895
2018-11-22T12:00:00Z,0.0,-66.864586,-66.78125,0.10870739
2018-11-23T12:00:00Z,0.0,-66.864586,-66.78125,0.10599096
2018-11-24T12:00:00Z,0.0,-66.864586,-66.78125,0.100191206
2018-11-25T12:00:00Z,0.0,-66.864586,-66.78125,0.106223084
2018-11-26T12:00:00Z,0.0,-66.864586,-66.78125,0.10848652
2018-11-27T12:00:00Z,0.0,-66.864586,-66.78125,0.10287669
2018-11-28T12:00:00Z,0.0,-66.864586,-66.78125,0.10809726
2018-11-29T12:00:00Z,0.0,-66.864586,-66.78125,0.106867865
2018-11-30T12:00:00Z,0.0,-66.864586,-66.78125,0.09983686
2018-12-01T12:00:00Z,0.0,-66.864586,-66.78125,0.09876363
2018-12-02T12:00:00Z,0.0,-66.864586,-66.78125,0.10613023
2018-12-03T12:00:00Z,0.0,-66.864586,-66.78125,0.1071027
2018-12-04T12:00:00Z,0.0,-66.864586,-66.78125,0.105543695
2018-12-05T12:00:00Z,0.0,-66.864586,-66.78125,0.10718045
2018-12-06T12:00:00Z,0.0,-66.864586,-66.78125,0.10466669
2018-12-07T12:00:00Z,0.0,-66.864586,-66.78125,0.09585812
2018-12-08T12:00:00Z,0.0,-66.864586,-66.78125,0.110033594
2018-12-09T12:00:00Z,0.0,-66.864586,-66.78125,0.10647198
2018-12-10T12:00:00Z,0.0,-66.864586,-66.78125,0.10277349
2018-12-11T12:00:00Z,0.0,-66.864586,-66.78125,0.19762026
2018-12-12T12:00:00Z,0.0,-66.864586,-66.78125,0.19849317
2018-12-13T12:00:00Z,0.0,-66.864586,-66.78125,0.19869785
2018-12-14T12:00:00Z,0.0,-66.864586,-66.78125,0.19863866
2018-12-15T12:00:00Z,0.0,-66.864586,-66.78125,0.19855139
2018-12-16T12:00:00Z,0.0,-66.864586,-66.78125,0.19897284
2018-12-17T12:00:00Z,0.0,-66.864586,-66.78125,0.19789623
2018-12-18T12:00:00Z,0.0,-66.864586,-66.78125,0.19747747
2018-12-19T12:00:00Z,0.0,-66.864586,-66.78125,0.19819897
2018-12-20T12:00:00Z,0.0,-66.864586,-66.78125,0.19993848
2018-12-21T12:00:00Z,0.0,-66.864586,-66.78125,0.20054466
2018-12-22T12:00:00Z,0.0,-66.864586,-66.78125,0.19939156
2018-12-23T12:00:00Z,0.0,-66.864586,-66.78125,0.19508134
2018-12-24T12:00:00Z,0.0,-66.864586,-66.78125,0.1953906
2018-12-25T12:00:00Z,0.0,-66.864586,-66.78125,0.19964643
2018-12-26T12:00:00Z,0.0,-66.864586,-66.78125,0.19932619
2018-12-27T12:00:00Z,0.0,-66.864586,-66.78125,0.1808846
2018-12-28T12:00:00Z,0.0,-66.864586,-66.78125,0.18209988
2018-12-29T12:00:00Z,0.0,-66.864586,-66.78125,0.1800007
2018-12-30T12:00:00Z,0.0,-66.864586,-66.78125,0.17881647
2018-12-31T12:00:00Z,0.0,-66.864586,-66.78125,0.17848524
2019-01-01T12:00:00Z,0.0,-66.864586,-66.78125,0.12458681
2019-01-02T12:00:00Z,0.0,-66.864586,-66.78125,0.13789026
2019-01-03T12:00:00Z,0.0,-66.864586,-66.78125,0.13004565
2019-01-04T12:00:00Z,0.0,-66.864586,-66.78125,0.1353976
2019-01-05T12:00:00Z,0.0,-66.864586,-66.78125,0.1323238
2019-01-06T12:00:00Z,0.0,-66.864586,-66.78125,0.14399333
2019-01-07T12:00:00Z,0.0,-66.864586,-66.78125,0.1555855
2019-01-08T12:00:00Z,0.0,-66.864586,-66.78125,0.14773935
2019-01-09T12:00:00Z,0.0,-66.864586,-66.78125,0.1495818
2019-01-10T12:00:00Z,0.0,-66.864586,-66.78125,0.1370744
2019-01-11T12:00:00Z,0.0,-66.864586,-66.78125,0.15393607
2019-01-12T12:00:00Z,0.0,-66.864586,-66.78125,0.16268657
2019-01-13T12:00:00Z,0.0,-66.864586,-66.78125,0.17979679
2019-01-14T12:00:00Z,0.0,-66.864586,-66.78125,0.1943714
2019-01-15T12:00:00Z,0.0,-66.864586,-66.78125,0.20588733
2019-01-16T12:00:00Z,0.0,-66.864586,-66.78125,0.21005054
2019-01-17T12:00:00Z,0.0,-66.864586,-66.78125,0.22005528
2019-01-18T12:00:00Z,0.0,-66.864586,-66.78125,0.2307408
2019-01-19T12:00:00Z,0.0,-66.864586,-66.78125,0.23712376
2019-01-20T12:00:00Z,0.0,-66.864586,-66.78125,0.25334042
2019-01-21T12:00:00Z,0.0,-66.864586,-66.78125,0.23398279
2019-01-22T12:00:00Z,0.0,-66.864586,-66.78125,0.24962378
2019-01-23T12:00:00Z,0.0,-66.864586,-66.78125,0.28594092
2019-01-24T12:00:00Z,0.0,-66.864586,-66.78125,0.31101483
2019-01-25T12:00:00Z,0.0,-66.864586,-66.78125,0.35011798
2019-01-26T12:00:00Z,0.0,-66.864586,-66.78125,0.3120136
2019-01-27T12:00:00Z,0.0,-66.864586,-66.78125,0.3511946
2019-01-28T12:00:00Z,0.0,-66.864586,-66.78125,0.33346912
2019-01-29T12:00:00Z,0.0,-66.864586,-66.78125,0.35716686
2019-01-30T12:00:00Z,0.0,-66.864586,-66.78125,0.3766586
2019-01-31T12:00:00Z,0.0,-66.864586,-66.78125,0.43778127
2019-02-01T12:00:00Z,0.0,-66.864586,-66.78125,0.42635
2019-02-02T12:00:00Z,0.0,-66.864586,-66.78125,0.39051473
2019-02-03T12:00:00Z,0.0,-66.864586,-66.78125,0.3913459
2019-02-04T12:00:00Z,0.0,-66.864586,-66.78125,0.44594964
2019-02-05T12:00:00Z,0.0,-66.864586,-66.78125,0.4330867
2019-02-06T12:00:00Z,0.0,-66.864586,-66.78125,0.4505639
2019-02-07T12:00:00Z,0.0,-66.864586,-66.78125,0.38308313
2019-02-08T12:00:00Z,0.0,-66.864586,-66.78125,0.34500992
2019-02-09T12:00:00Z,0.0,-66.864586,-66.78125,0.33530784
2019-02-10T12:00:00Z,0.0,-66.864586,-66.78125,0.28820854
2019-02-11T12:00:00Z,0.0,-66.864586,-66.78125,0.29366377
2019-02-12T12:00:00Z,0.0,-66.864586,-66.78125,0.28783202
2019-02-13T12:00:00Z,0.0,-66.864586,-66.78125,0.29259393
2019-02-14T12:00:00Z,0.0,-66.864586,-66.78125,0.2762556
2019-02-15T12:00:00Z,0.0,-66.864586,-66.78125,0.25399998
2019-02-16T12:00:00Z,0.0,-66.864586,-66.78125,0.24287271
2019-02-17T12:00:00Z,0.0,-66.864586,-66.78125,0.24053833
2019-02-18T12:00:00Z,0.0,-66.864586,-66.78125,0.22224277
2019-02-19T12:00:00Z,0.0,-66.864586,-66.78125,0.21441318
2019-02-20T12:00:00Z,0.0,-66.864586,-66.78125,0.21491714
2019-02-21T12:00:00Z,0.0,-66.864586,-66.78125,0.20837876
2019-02-22T12:00:00Z,0.0,-66.864586,-66.78125,0.20916486
2019-02-23T12:00:00Z,0.0,-66.864586,-66.78125,0.2257863
2019-02-24T12:00:00Z,0.0,-66.864586,-66.78125,0.22852764
2019-02-25T12:00:00Z,0.0,-66.864586,-66.78125,0.23823325
2019-02-26T12:00:00Z,0.0,-66.864586,-66.78125,0.23141202
2019-02-27T12:00:00Z,0.0,-66.864586,-66.78125,0.2553947
2019-02-28T12:00:00Z,0.0,-66.864586,-66.78125,0.2622772
2019-03-01T12:00:00Z,0.0,-66.864586,-66.78125,0.25050583
2019-03-02T12:00:00Z,0.0,-66.864586,-66.78125,0.24733154
2019-03-03T12:00:00Z,0.0,-66.864586,-66.78125,0.24225573
2019-03-04T12:00:00Z,0.0,-66.864586,-66.78125,0.23947424
2019-03-05T12:00:00Z,0.0,-66.864586,-66.78125,NaN
2019-03-06T12:00:00Z,0.0,-66.864586,-66.78125,NaN
2019-03-07T12:00:00Z,0.0,-66.864586,-66.78125,NaN
2019-03-08T12:00:00Z,0.0,-66.864586,-66.78125,NaN
2019-03-09T12:00:00Z,0.0,-66.864586,-66.78125,NaN
2019-03-10T12:00:00Z,0.0,-66.864586,-66.78125,NaN
2019-03-11T12:00:00Z,0.0,-66.864586,-66.78125,NaN
2019-03-12T12:00:00Z,0.0,-66.864586,-66.78125,NaN
2019-03-13T12:00:00Z,0.0,-66.864586,-66.78125,NaN
2019-03-14T12:00:00Z,0.0,-66.864586,-66.78125,NaN
2019-03-15T12:00:00Z,0.0,-66.864586,-66.78125,NaN
2019-03-16T12:00:00Z,0.0,-66.864586,-66.78125,NaN
2019-03-17T12:00:00Z,0.0,-66.864586,-66.78125,NaN
2019-03-18T12:00:00Z,0.0,-66.864586,-66.78125,NaN
2019-03-19T12:00:00Z,0.0,-66.864586,-66.78125,NaN
2019-03-20T12:00:00Z,0.0,-66.864586,-66.78125,NaN
2019-03-21T12:00:00Z,0.0,-66.864586,-66.78125,NaN
2019-03-22T12:00:00Z,0.0,-66.864586,-66.78125,NaN
2019-03-23T12:00:00Z,0.0,-66.864586,-66.78125,NaN
2019-03-24T12:00:00Z,0.0,-66.864586,-66.78125,NaN
2019-03-25T12:00:00Z,0.0,-66.864586,-66.78125,NaN
2019-03-26T12:00:00Z,0.0,-66.864586,-66.78125,NaN
2019-03-27T12:00:00Z,0.0,-66.864586,-66.78125,NaN
2019-03-28T12:00:00Z,0.0,-66.864586,-66.78125,NaN
2019-03-29T12:00:00Z,0.0,-66.864586,-66.78125,NaN
2019-03-30T12:00:00Z,0.0,-66.864586,-66.78125,NaN
2019-03-31T12:00:00Z,0.0,-66.864586,-66.78125,NaN
2019-04-01T12:00:00Z,0.0,-66.864586,-66.78125,NaN
2019-04-02T12:00:00Z,0.0,-66.864586,-66.78125,NaN
2019-04-03T12:00:00Z,0.0,-66.864586,-66.78125,NaN
2019-04-04T12:00:00Z,0.0,-66.864586,-66.78125,NaN
2019-04-05T12:00:00Z,0.0,-66.864586,-66.78125,NaN
2019-04-06T12:00:00Z,0.0,-66.864586,-66.78125,NaN
2019-04-07T12:00:00Z,0.0,-66.864586,-66.78125,NaN
2019-04-08T12:00:00Z,0.0,-66.864586,-66.78125,NaN
2019-04-09T12:00:00Z,0.0,-66.864586,-66.78125,NaN
2019-04-10T12:00:00Z,0.0,-66.864586,-66.78125,NaN
2019-04-11T12:00:00Z,0.0,-66.864586,-66.78125,NaN
2019-04-12T12:00:00Z,0.0,-66.864586,-66.78125,NaN
2019-04-13T12:00:00Z,0.0,-66.864586,-66.78125,NaN
2019-04-14T12:00:00Z,0.0,-66.864586,-66.78125,NaN
2019-04-15T12:00:00Z,0.0,-66.864586,-66.78125,NaN
2019-04-16T12:00:00Z,0.0,-66.864586,-66.78125,NaN
2019-04-17T12:00:00Z,0.0,-66.864586,-66.78125,NaN
2019-04-18T12:00:00Z,0.0,-66.864586,-66.78125,NaN
2019-04-19T12:00:00Z,0.0,-66.864586,-66.78125,NaN
2019-04-20T12:00:00Z,0.0,-66.864586,-66.78125,NaN
2019-04-21T12:00:00Z,0.0,-66.864586,-66.78125,NaN
2019-04-22T12:00:00Z,0.0,-66.864586,-66.78125,NaN
2019-04-23T12:00:00Z,0.0,-66.864586,-66.78125,NaN
2019-04-24T12:00:00Z,0.0,-66.864586,-66.78125,NaN
2019-04-25T12:00:00Z,0.0,-66.864586,-66.78125,NaN
2019-04-26T12:00:00Z,0.0,-66.864586,-66.78125,NaN
2019-04-27T12:00:00Z,0.0,-66.864586,-66.78125,NaN
2019-04-28T12:00:00Z,0.0,-66.864586,-66.78125,NaN
2019-04-29T12:00:00Z,0.0,-66.864586,-66.78125,NaN
2019-04-30T12:00:00Z,0.0,-66.864586,-66.78125,NaN
2019-05-01T12:00:00Z,0.0,-66.864586,-66.78125,NaN
2019-05-02T12:00:00Z,0.0,-66.864586,-66.78125,NaN
2019-05-03T12:00:00Z,0.0,-66.864586,-66.78125,NaN
2019-05-04T12:00:00Z,0.0,-66.864586,-66.78125,NaN
2019-05-05T12:00:00Z,0.0,-66.864586,-66.78125,NaN
2019-05-06T12:00:00Z,0.0,-66.864586,-66.78125,NaN
2019-05-07T12:00:00Z,0.0,-66.864586,-66.78125,NaN
2019-05-08T12:00:00Z,0.0,-66.864586,-66.78125,NaN
2019-05-09T12:00:00Z,0.0,-66.864586,-66.78125,NaN
2019-05-10T12:00:00Z,0.0,-66.864586,-66.78125,NaN
2019-05-11T12:00:00Z,0.0,-66.864586,-66.78125,NaN
2019-05-12T12:00:00Z,0.0,-66.864586,-66.78125,NaN
2019-05-13T12:00:00Z,0.0,-66.864586,-66.78125,NaN
2019-05-14T12:00:00Z,0.0,-66.864586,-66.78125,NaN
2019-05-15T12:00:00Z,0.0,-66.864586,-66.78125,NaN
2019-05-16T12:00:00Z,0.0,-66.864586,-66.78125,NaN
2019-05-17T12:00:00Z,0.0,-66.864586,-66.78125,NaN
2019-05-18T12:00:00Z,0.0,-66.864586,-66.78125,NaN
2019-05-19T12:00:00Z,0.0,-66.864586,-66.78125,NaN
2019-05-20T12:00:00Z,0.0,-66.864586,-66.78125,NaN
2019-05-21T12:00:00Z,0.0,-66.864586,-66.78125,NaN
2019-05-22T12:00:00Z,0.0,-66.864586,-66.78125,NaN
2019-05-23T12:00:00Z,0.0,-66.864586,-66.78125,NaN
2019-05-24T12:00:00Z,0.0,-66.864586,-66.78125,NaN
2019-05-25T12:00:00Z,0.0,-66.864586,-66.78125,NaN
2019-05-26T12:00:00Z,0.0,-66.864586,-66.78125,NaN
2019-05-27T12:00:00Z,0.0,-66.864586,-66.78125,NaN
2019-05-28T12:00:00Z,0.0,-66.864586,-66.78125,NaN
2019-05-29T12:00:00Z,0.0,-66.864586,-66.78125,NaN
2019-05-30T12:00:00Z,0.0,-66.864586,-66.78125,NaN
2019-05-31T12:00:00Z,0.0,-66.864586,-66.78125,NaN
2019-06-01T12:00:00Z,0.0,-66.864586,-66.78125,NaN
2019-06-02T12:00:00Z,0.0,-66.864586,-66.78125,NaN
2019-06-03T12:00:00Z,0.0,-66.864586,-66.78125,NaN
2019-06-04T12:00:00Z,0.0,-66.864586,-66.78125,NaN
2019-06-05T12:00:00Z,0.0,-66.864586,-66.78125,NaN
2019-06-06T12:00:00Z,0.0,-66.864586,-66.78125,NaN
2019-06-07T12:00:00Z,0.0,-66.864586,-66.78125,NaN
2019-06-08T12:00:00Z,0.0,-66.864586,-66.78125,NaN
2019-06-09T12:00:00Z,0.0,-66.864586,-66.78125,NaN
2019-06-10T12:00:00Z,0.0,-66.864586,-66.78125,NaN
2019-06-11T12:00:00Z,0.0,-66.864586,-66.78125,NaN
2019-06-12T12:00:00Z,0.0,-66.864586,-66.78125,NaN
2019-06-13T12:00:00Z,0.0,-66.864586,-66.78125,NaN
2019-06-14T12:00:00Z,0.0,-66.864586,-66.78125,NaN
2019-06-15T12:00:00Z,0.0,-66.864586,-66.78125,NaN
2019-06-16T12:00:00Z,0.0,-66.864586,-66.78125,NaN
2019-06-17T12:00:00Z,0.0,-66.864586,-66.78125,NaN
2019-06-18T12:00:00Z,0.0,-66.864586,-66.78125,NaN
2019-06-19T12:00:00Z,0.0,-66.864586,-66.78125,NaN
2019-06-20T12:00:00Z,0.0,-66.864586,-66.78125,NaN
2019-06-21T12:00:00Z,0.0,-66.864586,-66.78125,NaN
2019-06-22T12:00:00Z,0.0,-66.864586,-66.78125,NaN
2019-06-23T12:00:00Z,0.0,-66.864586,-66.78125,NaN
2019-06-24T12:00:00Z,0.0,-66.864586,-66.78125,NaN
2019-06-25T12:00:00Z,0.0,-66.864586,-66.78125,NaN
2019-06-26T12:00:00Z,0.0,-66.864586,-66.78125,NaN
2019-06-27T12:00:00Z,0.0,-66.864586,-66.78125,NaN
2019-06-28T12:00:00Z,0.0,-66.864586,-66.78125,NaN
2019-06-29T12:00:00Z,0.0,-66.864586,-66.78125,NaN
2019-06-30T12:00:00Z,0.0,-66.864586,-66.78125,NaN
2019-07-01T12:00:00Z,0.0,-66.864586,-66.78125,NaN
2019-07-02T12:00:00Z,0.0,-66.864586,-66.78125,NaN
2019-07-03T12:00:00Z,0.0,-66.864586,-66.78125,NaN
2019-07-04T12:00:00Z,0.0,-66.864586,-66.78125,NaN
2019-07-05T12:00:00Z,0.0,-66.864586,-66.78125,NaN
2019-07-06T12:00:00Z,0.0,-66.864586,-66.78125,NaN
2019-07-07T12:00:00Z,0.0,-66.864586,-66.78125,NaN
2019-07-08T12:00:00Z,0.0,-66.864586,-66.78125,NaN
2019-07-09T12:00:00Z,0.0,-66.864586,-66.78125,NaN
2019-07-10T12:00:00Z,0.0,-66.864586,-66.78125,NaN
2019-07-11T12:00:00Z,0.0,-66.864586,-66.78125,NaN
2019-07-12T12:00:00Z,0.0,-66.864586,-66.78125,NaN
2019-07-13T12:00:00Z,0.0,-66.864586,-66.78125,NaN
2019-07-14T12:00:00Z,0.0,-66.864586,-66.78125,NaN
2019-07-15T12:00:00Z,0.0,-66.864586,-66.78125,NaN
2019-07-16T12:00:00Z,0.0,-66.864586,-66.78125,NaN
2019-07-17T12:00:00Z,0.0,-66.864586,-66.78125,NaN
2019-07-18T12:00:00Z,0.0,-66.864586,-66.78125,NaN
2019-07-19T12:00:00Z,0.0,-66.864586,-66.78125,NaN
2019-07-20T12:00:00Z,0.0,-66.864586,-66.78125,NaN
2019-07-21T12:00:00Z,0.0,-66.864586,-66.78125,NaN
2019-07-22T12:00:00Z,0.0,-66.864586,-66.78125,NaN
2019-07-23T12:00:00Z,0.0,-66.864586,-66.78125,NaN
2019-07-24T12:00:00Z,0.0,-66.864586,-66.78125,NaN
2019-07-25T12:00:00Z,0.0,-66.864586,-66.78125,NaN
2019-07-26T12:00:00Z,0.0,-66.864586,-66.78125,NaN
2019-07-27T12:00:00Z,0.0,-66.864586,-66.78125,NaN
2019-07-28T12:00:00Z,0.0,-66.864586,-66.78125,NaN
2019-07-29T12:00:00Z,0.0,-66.864586,-66.78125,NaN
2019-07-30T12:00:00Z,0.0,-66.864586,-66.78125,NaN
2019-07-31T12:00:00Z,0.0,-66.864586,-66.78125,NaN
2019-08-01T12:00:00Z,0.0,-66.864586,-66.78125,NaN
2019-08-02T12:00:00Z,0.0,-66.864586,-66.78125,NaN
2019-08-03T12:00:00Z,0.0,-66.864586,-66.78125,NaN
2019-08-04T12:00:00Z,0.0,-66.864586,-66.78125,NaN
2019-08-05T12:00:00Z,0.0,-66.864586,-66.78125,NaN
2019-08-06T12:00:00Z,0.0,-66.864586,-66.78125,NaN
2019-08-07T12:00:00Z,0.0,-66.864586,-66.78125,NaN
2019-08-08T12:00:00Z,0.0,-66.864586,-66.78125,NaN
2019-08-09T12:00:00Z,0.0,-66.864586,-66.78125,NaN
2019-08-10T12:00:00Z,0.0,-66.864586,-66.78125,NaN
2019-08-11T12:00:00Z,0.0,-66.864586,-66.78125,NaN
2019-08-12T12:00:00Z,0.0,-66.864586,-66.78125,NaN
2019-08-13T12:00:00Z,0.0,-66.864586,-66.78125,NaN
2019-08-14T12:00:00Z,0.0,-66.864586,-66.78125,NaN
2019-08-15T12:00:00Z,0.0,-66.864586,-66.78125,NaN
2019-08-16T12:00:00Z,0.0,-66.864586,-66.78125,NaN
2019-08-17T12:00:00Z,0.0,-66.864586,-66.78125,NaN
2019-08-18T12:00:00Z,0.0,-66.864586,-66.78125,NaN
2019-08-19T12:00:00Z,0.0,-66.864586,-66.78125,NaN
2019-08-20T12:00:00Z,0.0,-66.864586,-66.78125,NaN
2019-08-21T12:00:00Z,0.0,-66.864586,-66.78125,NaN
2019-08-22T12:00:00Z,0.0,-66.864586,-66.78125,NaN
2019-08-23T12:00:00Z,0.0,-66.864586,-66.78125,NaN
2019-08-24T12:00:00Z,0.0,-66.864586,-66.78125,NaN
2019-08-25T12:00:00Z,0.0,-66.864586,-66.78125,NaN
2019-08-26T12:00:00Z,0.0,-66.864586,-66.78125,NaN
2019-08-27T12:00:00Z,0.0,-66.864586,-66.78125,NaN
2019-08-28T12:00:00Z,0.0,-66.864586,-66.78125,NaN
2019-08-29T12:00:00Z,0.0,-66.864586,-66.78125,NaN
2019-08-30T12:00:00Z,0.0,-66.864586,-66.78125,NaN
2019-08-31T12:00:00Z,0.0,-66.864586,-66.78125,NaN
2019-09-01T12:00:00Z,0.0,-66.864586,-66.78125,NaN
2019-09-02T12:00:00Z,0.0,-66.864586,-66.78125,NaN
2019-09-03T12:00:00Z,0.0,-66.864586,-66.78125,NaN
2019-09-04T12:00:00Z,0.0,-66.864586,-66.78125,NaN
2019-09-05T12:00:00Z,0.0,-66.864586,-66.78125,NaN
2019-09-06T12:00:00Z,0.0,-66.864586,-66.78125,NaN
2019-09-07T12:00:00Z,0.0,-66.864586,-66.78125,NaN
2019-09-08T12:00:00Z,0.0,-66.864586,-66.78125,NaN
2019-09-09T12:00:00Z,0.0,-66.864586,-66.78125,NaN
2019-09-10T12:00:00Z,0.0,-66.864586,-66.78125,NaN
2019-09-11T12:00:00Z,0.0,-66.864586,-66.78125,NaN
2019-09-12T12:00:00Z,0.0,-66.864586,-66.78125,NaN
2019-09-13T12:00:00Z,0.0,-66.864586,-66.78125,NaN
2019-09-14T12:00:00Z,0.0,-66.864586,-66.78125,NaN
2019-09-15T12:00:00Z,0.0,-66.864586,-66.78125,NaN
2019-09-16T12:00:00Z,0.0,-66.864586,-66.78125,NaN
2019-09-17T12:00:00Z,0.0,-66.864586,-66.78125,NaN
2019-09-18T12:00:00Z,0.0,-66.864586,-66.78125,NaN
2019-09-19T12:00:00Z,0.0,-66.864586,-66.78125,NaN
2019-09-20T12:00:00Z,0.0,-66.864586,-66.78125,NaN
2019-09-21T12:00:00Z,0.0,-66.864586,-66.78125,NaN
2019-09-22T12:00:00Z,0.0,-66.864586,-66.78125,NaN
2019-09-23T12:00:00Z,0.0,-66.864586,-66.78125,NaN
2019-09-24T12:00:00Z,0.0,-66.864586,-66.78125,NaN
2019-09-25T12:00:00Z,0.0,-66.864586,-66.78125,NaN
2019-09-26T12:00:00Z,0.0,-66.864586,-66.78125,NaN
2019-09-27T12:00:00Z,0.0,-66.864586,-66.78125,NaN
2019-09-28T12:00:00Z,0.0,-66.864586,-66.78125,NaN
2019-09-29T12:00:00Z,0.0,-66.864586,-66.78125,NaN
2019-09-30T12:00:00Z,0.0,-66.864586,-66.78125,NaN
2019-10-01T12:00:00Z,0.0,-66.864586,-66.78125,NaN
2019-10-02T12:00:00Z,0.0,-66.864586,-66.78125,NaN
2019-10-03T12:00:00Z,0.0,-66.864586,-66.78125,NaN
2019-10-04T12:00:00Z,0.0,-66.864586,-66.78125,NaN
2019-10-05T12:00:00Z,0.0,-66.864586,-66.78125,NaN
2019-10-06T12:00:00Z,0.0,-66.864586,-66.78125,NaN
2019-10-07T12:00:00Z,0.0,-66.864586,-66.78125,NaN
2019-10-08T12:00:00Z,0.0,-66.864586,-66.78125,NaN
2019-10-09T12:00:00Z,0.0,-66.864586,-66.78125,NaN
2019-10-10T12:00:00Z,0.0,-66.864586,-66.78125,NaN
2019-10-11T12:00:00Z,0.0,-66.864586,-66.78125,NaN
2019-10-12T12:00:00Z,0.0,-66.864586,-66.78125,NaN
2019-10-13T12:00:00Z,0.0,-66.864586,-66.78125,NaN
2019-10-14T12:00:00Z,0.0,-66.864586,-66.78125,NaN
2019-10-15T12:00:00Z,0.0,-66.864586,-66.78125,NaN
2019-10-16T12:00:00Z,0.0,-66.864586,-66.78125,NaN
2019-10-17T12:00:00Z,0.0,-66.864586,-66.78125,NaN
2019-10-18T12:00:00Z,0.0,-66.864586,-66.78125,NaN
2019-10-19T12:00:00Z,0.0,-66.864586,-66.78125,NaN
2019-10-20T12:00:00Z,0.0,-66.864586,-66.78125,NaN
2019-10-21T12:00:00Z,0.0,-66.864586,-66.78125,NaN
2019-10-22T12:00:00Z,0.0,-66.864586,-66.78125,NaN
2019-10-23T12:00:00Z,0.0,-66.864586,-66.78125,NaN
2019-10-24T12:00:00Z,0.0,-66.864586,-66.78125,NaN
2019-10-25T12:00:00Z,0.0,-66.864586,-66.78125,NaN
2019-10-26T12:00:00Z,0.0,-66.864586,-66.78125,NaN
2019-10-27T12:00:00Z,0.0,-66.864586,-66.78125,NaN
2019-10-28T12:00:00Z,0.0,-66.864586,-66.78125,NaN
2019-10-29T12:00:00Z,0.0,-66.864586,-66.78125,NaN
2019-10-30T12:00:00Z,0.0,-66.864586,-66.78125,NaN
2019-10-31T12:00:00Z,0.0,-66.864586,-66.78125,NaN
2019-11-01T12:00:00Z,0.0,-66.864586,-66.78125,NaN
2019-11-02T12:00:00Z,0.0,-66.864586,-66.78125,NaN
2019-11-03T12:00:00Z,0.0,-66.864586,-66.78125,0.06022293
2019-11-04T12:00:00Z,0.0,-66.864586,-66.78125,0.0589956
2019-11-05T12:00:00Z,0.0,-66.864586,-66.78125,0.08794595
2019-11-06T12:00:00Z,0.0,-66.864586,-66.78125,0.113631785
2019-11-07T12:00:00Z,0.0,-66.864586,-66.78125,0.06797045
2019-11-08T12:00:00Z,0.0,-66.864586,-66.78125,0.08469531
2019-11-09T12:00:00Z,0.0,-66.864586,-66.78125,0.07240085
2019-11-10T12:00:00Z,0.0,-66.864586,-66.78125,0.039588723
2019-11-11T12:00:00Z,0.0,-66.864586,-66.78125,0.07980389
2019-11-12T12:00:00Z,0.0,-66.864586,-66.78125,0.05561388
2019-11-13T12:00:00Z,0.0,-66.864586,-66.78125,0.07865718
2019-11-14T12:00:00Z,0.0,-66.864586,-66.78125,0.09799818
2019-11-15T12:00:00Z,0.0,-66.864586,-66.78125,0.066797204
2019-11-16T12:00:00Z,0.0,-66.864586,-66.78125,0.061444983
2019-11-17T12:00:00Z,0.0,-66.864586,-66.78125,0.054028798
2019-11-18T12:00:00Z,0.0,-66.864586,-66.78125,0.07615508
2019-11-19T12:00:00Z,0.0,-66.864586,-66.78125,0.06650084
2019-11-20T12:00:00Z,0.0,-66.864586,-66.78125,0.060997386
2019-11-21T12:00:00Z,0.0,-66.864586,-66.78125,0.053510286
2019-11-22T12:00:00Z,0.0,-66.864586,-66.78125,0.059135646
2019-11-23T12:00:00Z,0.0,-66.864586,-66.78125,0.05618091
2019-11-24T12:00:00Z,0.0,-66.864586,-66.78125,0.054431885
2019-11-25T12:00:00Z,0.0,-66.864586,-66.78125,0.057128616
2019-11-26T12:00:00Z,0.0,-66.864586,-66.78125,0.058529254
2019-11-27T12:00:00Z,0.0,-66.864586,-66.78125,0.07848141
2019-11-28T12:00:00Z,0.0,-66.864586,-66.78125,0.05762745
2019-11-29T12:00:00Z,0.0,-66.864586,-66.78125,0.06399321
2019-11-30T12:00:00Z,0.0,-66.864586,-66.78125,0.07007302
2019-12-01T12:00:00Z,0.0,-66.864586,-66.78125,0.07644291
2019-12-02T12:00:00Z,0.0,-66.864586,-66.78125,0.06710875
2019-12-03T12:00:00Z,0.0,-66.864586,-66.78125,0.07828445
2019-12-04T12:00:00Z,0.0,-66.864586,-66.78125,0.07577479
2019-12-05T12:00:00Z,0.0,-66.864586,-66.78125,0.11093581
2019-12-06T12:00:00Z,0.0,-66.864586,-66.78125,0.11517329
2019-12-07T12:00:00Z,0.0,-66.864586,-66.78125,0.15235086
2019-12-08T12:00:00Z,0.0,-66.864586,-66.78125,0.089789756
2019-12-09T12:00:00Z,0.0,-66.864586,-66.78125,0.1596348
2019-12-10T12:00:00Z,0.0,-66.864586,-66.78125,0.17350599
2019-12-11T12:00:00Z,0.0,-66.864586,-66.78125,0.17242867
2019-12-12T12:00:00Z,0.0,-66.864586,-66.78125,0.19506
2019-12-13T12:00:00Z,0.0,-66.864586,-66.78125,0.16287753
2019-12-14T12:00:00Z,0.0,-66.864586,-66.78125,0.1845302
2019-12-15T12:00:00Z,0.0,-66.864586,-66.78125,0.19881503
2019-12-16T12:00:00Z,0.0,-66.864586,-66.78125,0.23080902
2019-12-17T12:00:00Z,0.0,-66.864586,-66.78125,0.2373207
2019-12-18T12:00:00Z,0.0,-66.864586,-66.78125,0.24560666
2019-12-19T12:00:00Z,0.0,-66.864586,-66.78125,0.2507843
2019-12-20T12:00:00Z,0.0,-66.864586,-66.78125,0.2884997
2019-12-21T12:00:00Z,0.0,-66.864586,-66.78125,0.26245615
2019-12-22T12:00:00Z,0.0,-66.864586,-66.78125,0.31362963
2019-12-23T12:00:00Z,0.0,-66.864586,-66.78125,0.32661164
2019-12-24T12:00:00Z,0.0,-66.864586,-66.78125,0.44994
2019-12-25T12:00:00Z,0.0,-66.864586,-66.78125,0.5634053
2019-12-26T12:00:00Z,0.0,-66.864586,-66.78125,0.5814655
2019-12-27T12:00:00Z,0.0,-66.864586,-66.78125,0.59626526
2019-12-28T12:00:00Z,0.0,-66.864586,-66.78125,0.5380726
2019-12-29T12:00:00Z,0.0,-66.864586,-66.78125,0.6290571
2019-12-30T12:00:00Z,0.0,-66.864586,-66.78125,0.764369
2019-12-31T12:00:00Z,0.0,-66.864586,-66.78125,0.66273636
2020-01-01T12:00:00Z,0.0,-66.864586,-66.78125,0.6644659
2020-01-02T12:00:00Z,0.0,-66.864586,-66.78125,0.77612543
2020-01-03T12:00:00Z,0.0,-66.864586,-66.78125,0.8319042
2020-01-04T12:00:00Z,0.0,-66.864586,-66.78125,0.92592543
2020-01-05T12:00:00Z,0.0,-66.864586,-66.78125,0.73018783
2020-01-06T12:00:00Z,0.0,-66.864586,-66.78125,0.7282674
2020-01-07T12:00:00Z,0.0,-66.864586,-66.78125,0.6948468
2020-01-08T12:00:00Z,0.0,-66.864586,-66.78125,0.6310385
2020-01-09T12:00:00Z,0.0,-66.864586,-66.78125,0.688047
2020-01-10T12:00:00Z,0.0,-66.864586,-66.78125,0.7217781
2020-01-11T12:00:00Z,0.0,-66.864586,-66.78125,0.6985398
2020-01-12T12:00:00Z,0.0,-66.864586,-66.78125,0.5825202
2020-01-13T12:00:00Z,0.0,-66.864586,-66.78125,0.560205
2020-01-14T12:00:00Z,0.0,-66.864586,-66.78125,0.40572575
2020-01-15T12:00:00Z,0.0,-66.864586,-66.78125,0.36892208
2020-01-16T12:00:00Z,0.0,-66.864586,-66.78125,0.53113407
2020-01-17T12:00:00Z,0.0,-66.864586,-66.78125,0.80250406
2020-01-18T12:00:00Z,0.0,-66.864586,-66.78125,0.9942957
2020-01-19T12:00:00Z,0.0,-66.864586,-66.78125,1.0361925
2020-01-20T12:00:00Z,0.0,-66.864586,-66.78125,1.1345835
2020-01-21T12:00:00Z,0.0,-66.864586,-66.78125,1.1902509
2020-01-22T12:00:00Z,0.0,-66.864586,-66.78125,1.2157714
2020-01-23T12:00:00Z,0.0,-66.864586,-66.78125,1.2549727
2020-01-24T12:00:00Z,0.0,-66.864586,-66.78125,1.3208061
2020-01-25T12:00:00Z,0.0,-66.864586,-66.78125,1.5103108
2020-01-26T12:00:00Z,0.0,-66.864586,-66.78125,1.612494
2020-01-27T12:00:00Z,0.0,-66.864586,-66.78125,1.894955
2020-01-28T12:00:00Z,0.0,-66.864586,-66.78125,2.0646074
2020-01-29T12:00:00Z,0.0,-66.864586,-66.78125,1.2101785
2020-01-30T12:00:00Z,0.0,-66.864586,-66.78125,1.1238327
2020-01-31T12:00:00Z,0.0,-66.864586,-66.78125,1.4126675
2020-02-01T12:00:00Z,0.0,-66.864586,-66.78125,1.38112
2020-02-02T12:00:00Z,0.0,-66.864586,-66.78125,1.4968884
2020-02-03T12:00:00Z,0.0,-66.864586,-66.78125,0.7547641
2020-02-04T12:00:00Z,0.0,-66.864586,-66.78125,0.51393354
2020-02-05T12:00:00Z,0.0,-66.864586,-66.78125,0.39102125
2020-02-06T12:00:00Z,0.0,-66.864586,-66.78125,0.42013955
2020-02-07T12:00:00Z,0.0,-66.864586,-66.78125,0.46418223
2020-02-08T12:00:00Z,0.0,-66.864586,-66.78125,0.43872947
2020-02-09T12:00:00Z,0.0,-66.864586,-66.78125,0.40630233
2020-02-10T12:00:00Z,0.0,-66.864586,-66.78125,0.44178465
2020-02-11T12:00:00Z,0.0,-66.864586,-66.78125,0.43495604
2020-02-12T12:00:00Z,0.0,-66.864586,-66.78125,0.39857766
2020-02-13T12:00:00Z,0.0,-66.864586,-66.78125,0.40507194
2020-02-14T12:00:00Z,0.0,-66.864586,-66.78125,0.40019304
2020-02-15T12:00:00Z,0.0,-66.864586,-66.78125,0.3778423
2020-02-16T12:00:00Z,0.0,-66.864586,-66.78125,0.36338276
2020-02-17T12:00:00Z,0.0,-66.864586,-66.78125,0.36235282
2020-02-18T12:00:00Z,0.0,-66.864586,-66.78125,0.33778656
2020-02-19T12:00:00Z,0.0,-66.864586,-66.78125,0.6334253
2020-02-20T12:00:00Z,0.0,-66.864586,-66.78125,0.59199893
2020-02-21T12:00:00Z,0.0,-66.864586,-66.78125,0.55207425
2020-02-22T12:00:00Z,0.0,-66.864586,-66.78125,0.41951528
2020-02-23T12:00:00Z,0.0,-66.864586,-66.78125,0.35053205
2020-02-24T12:00:00Z,0.0,-66.864586,-66.78125,0.346918
2020-02-25T12:00:00Z,0.0,-66.864586,-66.78125,0.3144249
2020-02-26T12:00:00Z,0.0,-66.864586,-66.78125,0.32410592
2020-02-27T12:00:00Z,0.0,-66.864586,-66.78125,0.30858788
2020-02-28T12:00:00Z,0.0,-66.864586,-66.78125,0.30945933
2020-02-29T12:00:00Z,0.0,-66.864586,-66.78125,0.29400018
2020-03-01T12:00:00Z,0.0,-66.864586,-66.78125,0.23028196
2020-03-02T12:00:00Z,0.0,-66.864586,-66.78125,0.27604237
2020-03-03T12:00:00Z,0.0,-66.864586,-66.78125,0.24823499
2020-03-04T12:00:00Z,0.0,-66.864586,-66.78125,NaN
2020-03-05T12:00:00Z,0.0,-66.864586,-66.78125,NaN
2020-03-06T12:00:00Z,0.0,-66.864586,-66.78125,NaN
2020-03-07T12:00:00Z,0.0,-66.864586,-66.78125,NaN
2020-03-08T12:00:00Z,0.0,-66.864586,-66.78125,NaN
2020-03-09T12:00:00Z,0.0,-66.864586,-66.78125,NaN
2020-03-10T12:00:00Z,0.0,-66.864586,-66.78125,NaN
2020-03-11T12:00:00Z,0.0,-66.864586,-66.78125,NaN
2020-03-12T12:00:00Z,0.0,-66.864586,-66.78125,NaN
2020-03-13T12:00:00Z,0.0,-66.864586,-66.78125,NaN
2020-03-14T12:00:00Z,0.0,-66.864586,-66.78125,NaN
2020-03-15T12:00:00Z,0.0,-66.864586,-66.78125,NaN
2020-03-16T12:00:00Z,0.0,-66.864586,-66.78125,NaN
2020-03-17T12:00:00Z,0.0,-66.864586,-66.78125,NaN
2020-03-18T12:00:00Z,0.0,-66.864586,-66.78125,NaN
2020-03-19T12:00:00Z,0.0,-66.864586,-66.78125,NaN
2020-03-20T12:00:00Z,0.0,-66.864586,-66.78125,NaN
2020-03-21T12:00:00Z,0.0,-66.864586,-66.78125,NaN
2020-03-22T12:00:00Z,0.0,-66.864586,-66.78125,NaN
2020-03-23T12:00:00Z,0.0,-66.864586,-66.78125,NaN
2020-03-24T12:00:00Z,0.0,-66.864586,-66.78125,NaN
2020-03-25T12:00:00Z,0.0,-66.864586,-66.78125,NaN
2020-03-26T12:00:00Z,0.0,-66.864586,-66.78125,NaN
2020-03-27T12:00:00Z,0.0,-66.864586,-66.78125,NaN
2020-03-28T12:00:00Z,0.0,-66.864586,-66.78125,NaN
2020-03-29T12:00:00Z,0.0,-66.864586,-66.78125,NaN
2020-03-30T12:00:00Z,0.0,-66.864586,-66.78125,NaN
2020-03-31T12:00:00Z,0.0,-66.864586,-66.78125,NaN
2020-04-01T12:00:00Z,0.0,-66.864586,-66.78125,NaN
2020-04-02T12:00:00Z,0.0,-66.864586,-66.78125,NaN
2020-04-03T12:00:00Z,0.0,-66.864586,-66.78125,NaN
2020-04-04T12:00:00Z,0.0,-66.864586,-66.78125,NaN
2020-04-05T12:00:00Z,0.0,-66.864586,-66.78125,NaN
2020-04-06T12:00:00Z,0.0,-66.864586,-66.78125,NaN
2020-04-07T12:00:00Z,0.0,-66.864586,-66.78125,NaN
2020-04-08T12:00:00Z,0.0,-66.864586,-66.78125,NaN
2020-04-09T12:00:00Z,0.0,-66.864586,-66.78125,NaN
2020-04-10T12:00:00Z,0.0,-66.864586,-66.78125,NaN
2020-04-11T12:00:00Z,0.0,-66.864586,-66.78125,NaN
2020-04-12T12:00:00Z,0.0,-66.864586,-66.78125,NaN
2020-04-13T12:00:00Z,0.0,-66.864586,-66.78125,NaN
2020-04-14T12:00:00Z,0.0,-66.864586,-66.78125,NaN
2020-04-15T12:00:00Z,0.0,-66.864586,-66.78125,NaN
2020-04-16T12:00:00Z,0.0,-66.864586,-66.78125,NaN
2020-04-17T12:00:00Z,0.0,-66.864586,-66.78125,NaN
2020-04-18T12:00:00Z,0.0,-66.864586,-66.78125,NaN
2020-04-19T12:00:00Z,0.0,-66.864586,-66.78125,NaN
2020-04-20T12:00:00Z,0.0,-66.864586,-66.78125,NaN
2020-04-21T12:00:00Z,0.0,-66.864586,-66.78125,NaN
2020-04-22T12:00:00Z,0.0,-66.864586,-66.78125,NaN
2020-04-23T12:00:00Z,0.0,-66.864586,-66.78125,NaN
2020-04-24T12:00:00Z,0.0,-66.864586,-66.78125,NaN
2020-04-25T12:00:00Z,0.0,-66.864586,-66.78125,NaN
2020-04-26T12:00:00Z,0.0,-66.864586,-66.78125,NaN
2020-04-27T12:00:00Z,0.0,-66.864586,-66.78125,NaN
2020-04-28T12:00:00Z,0.0,-66.864586,-66.78125,NaN
2020-04-29T12:00:00Z,0.0,-66.864586,-66.78125,NaN
2020-04-30T12:00:00Z,0.0,-66.864586,-66.78125,NaN
2020-05-01T12:00:00Z,0.0,-66.864586,-66.78125,NaN
2020-05-02T12:00:00Z,0.0,-66.864586,-66.78125,NaN
2020-05-03T12:00:00Z,0.0,-66.864586,-66.78125,NaN
2020-05-04T12:00:00Z,0.0,-66.864586,-66.78125,NaN
2020-05-05T12:00:00Z,0.0,-66.864586,-66.78125,NaN
2020-05-06T12:00:00Z,0.0,-66.864586,-66.78125,NaN
2020-05-07T12:00:00Z,0.0,-66.864586,-66.78125,NaN
2020-05-08T12:00:00Z,0.0,-66.864586,-66.78125,NaN
2020-05-09T12:00:00Z,0.0,-66.864586,-66.78125,NaN
2020-05-10T12:00:00Z,0.0,-66.864586,-66.78125,NaN
2020-05-11T12:00:00Z,0.0,-66.864586,-66.78125,NaN
2020-05-12T12:00:00Z,0.0,-66.864586,-66.78125,NaN
2020-05-13T12:00:00Z,0.0,-66.864586,-66.78125,NaN
2020-05-14T12:00:00Z,0.0,-66.864586,-66.78125,NaN
2020-05-15T12:00:00Z,0.0,-66.864586,-66.78125,NaN
2020-05-16T12:00:00Z,0.0,-66.864586,-66.78125,NaN
2020-05-17T12:00:00Z,0.0,-66.864586,-66.78125,NaN
2020-05-18T12:00:00Z,0.0,-66.864586,-66.78125,NaN
2020-05-19T12:00:00Z,0.0,-66.864586,-66.78125,NaN
2020-05-20T12:00:00Z,0.0,-66.864586,-66.78125,NaN
2020-05-21T12:00:00Z,0.0,-66.864586,-66.78125,NaN
2020-05-22T12:00:00Z,0.0,-66.864586,-66.78125,NaN
2020-05-23T12:00:00Z,0.0,-66.864586,-66.78125,NaN
2020-05-24T12:00:00Z,0.0,-66.864586,-66.78125,NaN
2020-05-25T12:00:00Z,0.0,-66.864586,-66.78125,NaN
2020-05-26T12:00:00Z,0.0,-66.864586,-66.78125,NaN
2020-05-27T12:00:00Z,0.0,-66.864586,-66.78125,NaN
2020-05-28T12:00:00Z,0.0,-66.864586,-66.78125,NaN
2020-05-29T12:00:00Z,0.0,-66.864586,-66.78125,NaN
2020-05-30T12:00:00Z,0.0,-66.864586,-66.78125,NaN
2020-05-31T12:00:00Z,0.0,-66.864586,-66.78125,NaN
2020-06-01T12:00:00Z,0.0,-66.864586,-66.78125,NaN
2020-06-02T12:00:00Z,0.0,-66.864586,-66.78125,NaN
2020-06-03T12:00:00Z,0.0,-66.864586,-66.78125,NaN
2020-06-04T12:00:00Z,0.0,-66.864586,-66.78125,NaN
2020-06-05T12:00:00Z,0.0,-66.864586,-66.78125,NaN
2020-06-06T12:00:00Z,0.0,-66.864586,-66.78125,NaN
2020-06-07T12:00:00Z,0.0,-66.864586,-66.78125,NaN
2020-06-08T12:00:00Z,0.0,-66.864586,-66.78125,NaN
2020-06-09T12:00:00Z,0.0,-66.864586,-66.78125,NaN
2020-06-10T12:00:00Z,0.0,-66.864586,-66.78125,NaN
2020-06-11T12:00:00Z,0.0,-66.864586,-66.78125,NaN
2020-06-12T12:00:00Z,0.0,-66.864586,-66.78125,NaN
2020-06-13T12:00:00Z,0.0,-66.864586,-66.78125,NaN
2020-06-14T12:00:00Z,0.0,-66.864586,-66.78125,NaN
2020-06-15T12:00:00Z,0.0,-66.864586,-66.78125,NaN
2020-06-16T12:00:00Z,0.0,-66.864586,-66.78125,NaN
2020-06-17T12:00:00Z,0.0,-66.864586,-66.78125,NaN
2020-06-18T12:00:00Z,0.0,-66.864586,-66.78125,NaN
2020-06-19T12:00:00Z,0.0,-66.864586,-66.78125,NaN
2020-06-20T12:00:00Z,0.0,-66.864586,-66.78125,NaN
2020-06-21T12:00:00Z,0.0,-66.864586,-66.78125,NaN
2020-06-22T12:00:00Z,0.0,-66.864586,-66.78125,NaN
2020-06-23T12:00:00Z,0.0,-66.864586,-66.78125,NaN
2020-06-24T12:00:00Z,0.0,-66.864586,-66.78125,NaN
2020-06-25T12:00:00Z,0.0,-66.864586,-66.78125,NaN
2020-06-26T12:00:00Z,0.0,-66.864586,-66.78125,NaN
2020-06-27T12:00:00Z,0.0,-66.864586,-66.78125,NaN
2020-06-28T12:00:00Z,0.0,-66.864586,-66.78125,NaN
2020-06-29T12:00:00Z,0.0,-66.864586,-66.78125,NaN
2020-06-30T12:00:00Z,0.0,-66.864586,-66.78125,NaN
2020-07-01T12:00:00Z,0.0,-66.864586,-66.78125,NaN
2020-07-02T12:00:00Z,0.0,-66.864586,-66.78125,NaN
2020-07-03T12:00:00Z,0.0,-66.864586,-66.78125,NaN
2020-07-04T12:00:00Z,0.0,-66.864586,-66.78125,NaN
2020-07-05T12:00:00Z,0.0,-66.864586,-66.78125,NaN
2020-07-06T12:00:00Z,0.0,-66.864586,-66.78125,NaN
2020-07-07T12:00:00Z,0.0,-66.864586,-66.78125,NaN
2020-07-08T12:00:00Z,0.0,-66.864586,-66.78125,NaN
2020-07-09T12:00:00Z,0.0,-66.864586,-66.78125,NaN
2020-07-10T12:00:00Z,0.0,-66.864586,-66.78125,NaN
2020-07-11T12:00:00Z,0.0,-66.864586,-66.78125,NaN
2020-07-12T12:00:00Z,0.0,-66.864586,-66.78125,NaN
2020-07-13T12:00:00Z,0.0,-66.864586,-66.78125,NaN
2020-07-14T12:00:00Z,0.0,-66.864586,-66.78125,NaN
2020-07-15T12:00:00Z,0.0,-66.864586,-66.78125,NaN
2020-07-16T12:00:00Z,0.0,-66.864586,-66.78125,NaN
2020-07-17T12:00:00Z,0.0,-66.864586,-66.78125,NaN
2020-07-18T12:00:00Z,0.0,-66.864586,-66.78125,NaN
2020-07-19T12:00:00Z,0.0,-66.864586,-66.78125,NaN
2020-07-20T12:00:00Z,0.0,-66.864586,-66.78125,NaN
2020-07-21T12:00:00Z,0.0,-66.864586,-66.78125,NaN
2020-07-22T12:00:00Z,0.0,-66.864586,-66.78125,NaN
2020-07-23T12:00:00Z,0.0,-66.864586,-66.78125,NaN
2020-07-24T12:00:00Z,0.0,-66.864586,-66.78125,NaN
2020-07-25T12:00:00Z,0.0,-66.864586,-66.78125,NaN
2020-07-26T12:00:00Z,0.0,-66.864586,-66.78125,NaN
2020-07-27T12:00:00Z,0.0,-66.864586,-66.78125,NaN
2020-07-28T12:00:00Z,0.0,-66.864586,-66.78125,NaN
2020-07-29T12:00:00Z,0.0,-66.864586,-66.78125,NaN
2020-07-30T12:00:00Z,0.0,-66.864586,-66.78125,NaN
2020-07-31T12:00:00Z,0.0,-66.864586,-66.78125,NaN
2020-08-01T12:00:00Z,0.0,-66.864586,-66.78125,NaN
2020-08-02T12:00:00Z,0.0,-66.864586,-66.78125,NaN
2020-08-03T12:00:00Z,0.0,-66.864586,-66.78125,NaN
2020-08-04T12:00:00Z,0.0,-66.864586,-66.78125,NaN
2020-08-05T12:00:00Z,0.0,-66.864586,-66.78125,NaN
2020-08-06T12:00:00Z,0.0,-66.864586,-66.78125,NaN
2020-08-07T12:00:00Z,0.0,-66.864586,-66.78125,NaN
2020-08-08T12:00:00Z,0.0,-66.864586,-66.78125,NaN
2020-08-09T12:00:00Z,0.0,-66.864586,-66.78125,NaN
2020-08-10T12:00:00Z,0.0,-66.864586,-66.78125,NaN
2020-08-11T12:00:00Z,0.0,-66.864586,-66.78125,NaN
2020-08-12T12:00:00Z,0.0,-66.864586,-66.78125,NaN
2020-08-13T12:00:00Z,0.0,-66.864586,-66.78125,NaN
2020-08-14T12:00:00Z,0.0,-66.864586,-66.78125,NaN
2020-08-15T12:00:00Z,0.0,-66.864586,-66.78125,NaN
2020-08-16T12:00:00Z,0.0,-66.864586,-66.78125,NaN
2020-08-17T12:00:00Z,0.0,-66.864586,-66.78125,NaN
2020-08-18T12:00:00Z,0.0,-66.864586,-66.78125,NaN
2020-08-19T12:00:00Z,0.0,-66.864586,-66.78125,NaN
2020-08-20T12:00:00Z,0.0,-66.864586,-66.78125,NaN
2020-08-21T12:00:00Z,0.0,-66.864586,-66.78125,NaN
2020-08-22T12:00:00Z,0.0,-66.864586,-66.78125,NaN
2020-08-23T12:00:00Z,0.0,-66.864586,-66.78125,NaN
2020-08-24T12:00:00Z,0.0,-66.864586,-66.78125,NaN
2020-08-25T12:00:00Z,0.0,-66.864586,-66.78125,NaN
2020-08-26T12:00:00Z,0.0,-66.864586,-66.78125,NaN
2020-08-27T12:00:00Z,0.0,-66.864586,-66.78125,NaN
2020-08-28T12:00:00Z,0.0,-66.864586,-66.78125,NaN
2020-08-29T12:00:00Z,0.0,-66.864586,-66.78125,NaN
2020-08-30T12:00:00Z,0.0,-66.864586,-66.78125,NaN
2020-08-31T12:00:00Z,0.0,-66.864586,-66.78125,NaN
2020-09-01T12:00:00Z,0.0,-66.864586,-66.78125,NaN
2020-09-02T12:00:00Z,0.0,-66.864586,-66.78125,NaN
2020-09-03T12:00:00Z,0.0,-66.864586,-66.78125,NaN
2020-09-04T12:00:00Z,0.0,-66.864586,-66.78125,NaN
2020-09-05T12:00:00Z,0.0,-66.864586,-66.78125,NaN
2020-09-06T12:00:00Z,0.0,-66.864586,-66.78125,NaN
2020-09-07T12:00:00Z,0.0,-66.864586,-66.78125,NaN
2020-09-08T12:00:00Z,0.0,-66.864586,-66.78125,NaN
2020-09-09T12:00:00Z,0.0,-66.864586,-66.78125,NaN
2020-09-10T12:00:00Z,0.0,-66.864586,-66.78125,NaN
2020-09-11T12:00:00Z,0.0,-66.864586,-66.78125,NaN
2020-09-12T12:00:00Z,0.0,-66.864586,-66.78125,NaN
2020-09-13T12:00:00Z,0.0,-66.864586,-66.78125,NaN
2020-09-14T12:00:00Z,0.0,-66.864586,-66.78125,NaN
2020-09-15T12:00:00Z,0.0,-66.864586,-66.78125,NaN
2020-09-16T12:00:00Z,0.0,-66.864586,-66.78125,NaN
2020-09-17T12:00:00Z,0.0,-66.864586,-66.78125,NaN
2020-09-18T12:00:00Z,0.0,-66.864586,-66.78125,NaN
2020-09-19T12:00:00Z,0.0,-66.864586,-66.78125,NaN
2020-09-20T12:00:00Z,0.0,-66.864586,-66.78125,NaN
2020-09-21T12:00:00Z,0.0,-66.864586,-66.78125,NaN
2020-09-22T12:00:00Z,0.0,-66.864586,-66.78125,NaN
2020-09-23T12:00:00Z,0.0,-66.864586,-66.78125,NaN
2020-09-24T12:00:00Z,0.0,-66.864586,-66.78125,NaN
2020-09-25T12:00:00Z,0.0,-66.864586,-66.78125,NaN
2020-09-26T12:00:00Z,0.0,-66.864586,-66.78125,NaN
2020-09-27T12:00:00Z,0.0,-66.864586,-66.78125,NaN
2020-09-28T12:00:00Z,0.0,-66.864586,-66.78125,NaN
2020-09-29T12:00:00Z,0.0,-66.864586,-66.78125,NaN
2020-09-30T12:00:00Z,0.0,-66.864586,-66.78125,NaN
2020-10-01T12:00:00Z,0.0,-66.864586,-66.78125,NaN
2020-10-02T12:00:00Z,0.0,-66.864586,-66.78125,NaN
2020-10-03T12:00:00Z,0.0,-66.864586,-66.78125,NaN
2020-10-04T12:00:00Z,0.0,-66.864586,-66.78125,NaN
2020-10-05T12:00:00Z,0.0,-66.864586,-66.78125,NaN
2020-10-06T12:00:00Z,0.0,-66.864586,-66.78125,NaN
2020-10-07T12:00:00Z,0.0,-66.864586,-66.78125,NaN
2020-10-08T12:00:00Z,0.0,-66.864586,-66.78125,NaN
2020-10-09T12:00:00Z,0.0,-66.864586,-66.78125,NaN
2020-10-10T12:00:00Z,0.0,-66.864586,-66.78125,NaN
2020-10-11T12:00:00Z,0.0,-66.864586,-66.78125,NaN
2020-10-12T12:00:00Z,0.0,-66.864586,-66.78125,NaN
2020-10-13T12:00:00Z,0.0,-66.864586,-66.78125,NaN
2020-10-14T12:00:00Z,0.0,-66.864586,-66.78125,NaN
2020-10-15T12:00:00Z,0.0,-66.864586,-66.78125,NaN
2020-10-16T12:00:00Z,0.0,-66.864586,-66.78125,NaN
2020-10-17T12:00:00Z,0.0,-66.864586,-66.78125,NaN
2020-10-18T12:00:00Z,0.0,-66.864586,-66.78125,NaN
2020-10-19T12:00:00Z,0.0,-66.864586,-66.78125,NaN
2020-10-20T12:00:00Z,0.0,-66.864586,-66.78125,NaN
2020-10-21T12:00:00Z,0.0,-66.864586,-66.78125,NaN
2020-10-22T12:00:00Z,0.0,-66.864586,-66.78125,NaN
2020-10-23T12:00:00Z,0.0,-66.864586,-66.78125,NaN
2020-10-24T12:00:00Z,0.0,-66.864586,-66.78125,NaN
2020-10-25T12:00:00Z,0.0,-66.864586,-66.78125,NaN
2020-10-26T12:00:00Z,0.0,-66.864586,-66.78125,NaN
2020-10-27T12:00:00Z,0.0,-66.864586,-66.78125,NaN
2020-10-28T12:00:00Z,0.0,-66.864586,-66.78125,NaN
2020-10-29T12:00:00Z,0.0,-66.864586,-66.78125,0.16770378
2020-10-30T12:00:00Z,0.0,-66.864586,-66.78125,0.16761756
2020-10-31T12:00:00Z,0.0,-66.864586,-66.78125,0.09278363
2020-11-01T12:00:00Z,0.0,-66.864586,-66.78125,0.16759242
2020-11-02T12:00:00Z,0.0,-66.864586,-66.78125,0.16797003
2020-11-03T12:00:00Z,0.0,-66.864586,-66.78125,0.083720036
2020-11-04T12:00:00Z,0.0,-66.864586,-66.78125,0.07198628
2020-11-05T12:00:00Z,0.0,-66.864586,-66.78125,0.07200721
2020-11-06T12:00:00Z,0.0,-66.864586,-66.78125,0.07099673
2020-11-07T12:00:00Z,0.0,-66.864586,-66.78125,0.07109831
2020-11-08T12:00:00Z,0.0,-66.864586,-66.78125,0.07872342
2020-11-09T12:00:00Z,0.0,-66.864586,-66.78125,0.09022487
2020-11-10T12:00:00Z,0.0,-66.864586,-66.78125,0.0763318
2020-11-11T12:00:00Z,0.0,-66.864586,-66.78125,0.08093153
2020-11-12T12:00:00Z,0.0,-66.864586,-66.78125,0.114455126
2020-11-13T12:00:00Z,0.0,-66.864586,-66.78125,0.078044266
2020-11-14T12:00:00Z,0.0,-66.864586,-66.78125,0.08731276
2020-11-15T12:00:00Z,0.0,-66.864586,-66.78125,0.11535662
2020-11-16T12:00:00Z,0.0,-66.864586,-66.78125,0.11125291
2020-11-17T12:00:00Z,0.0,-66.864586,-66.78125,0.11388066
2020-11-18T12:00:00Z,0.0,-66.864586,-66.78125,0.10874392
2020-11-19T12:00:00Z,0.0,-66.864586,-66.78125,0.10753646
2020-11-20T12:00:00Z,0.0,-66.864586,-66.78125,0.11082409
2020-11-21T12:00:00Z,0.0,-66.864586,-66.78125,0.105823904
2020-11-22T12:00:00Z,0.0,-66.864586,-66.78125,0.11706063
2020-11-23T12:00:00Z,0.0,-66.864586,-66.78125,0.1103309
2020-11-24T12:00:00Z,0.0,-66.864586,-66.78125,0.10897194
2020-11-25T12:00:00Z,0.0,-66.864586,-66.78125,0.101769745
2020-11-26T12:00:00Z,0.0,-66.864586,-66.78125,0.12245975
2020-11-27T12:00:00Z,0.0,-66.864586,-66.78125,0.09986912
2020-11-28T12:00:00Z,0.0,-66.864586,-66.78125,0.07955665
2020-11-29T12:00:00Z,0.0,-66.864586,-66.78125,0.07532506
2020-11-30T12:00:00Z,0.0,-66.864586,-66.78125,0.09043874
2020-12-01T12:00:00Z,0.0,-66.864586,-66.78125,0.09177348
2020-12-02T12:00:00Z,0.0,-66.864586,-66.78125,0.088376515
2020-12-03T12:00:00Z,0.0,-66.864586,-66.78125,0.088012785
2020-12-04T12:00:00Z,0.0,-66.864586,-66.78125,0.08679177
2020-12-05T12:00:00Z,0.0,-66.864586,-66.78125,0.08733589
2020-12-06T12:00:00Z,0.0,-66.864586,-66.78125,0.10552439
2020-12-07T12:00:00Z,0.0,-66.864586,-66.78125,0.09537817
2020-12-08T12:00:00Z,0.0,-66.864586,-66.78125,0.09706982
2020-12-09T12:00:00Z,0.0,-66.864586,-66.78125,0.097670585
2020-12-10T12:00:00Z,0.0,-66.864586,-66.78125,0.15708384
2020-12-11T12:00:00Z,0.0,-66.864586,-66.78125,0.16210763
2020-12-12T12:00:00Z,0.0,-66.864586,-66.78125,0.1554982
2020-12-13T12:00:00Z,0.0,-66.864586,-66.78125,0.15434377
2020-12-14T12:00:00Z,0.0,-66.864586,-66.78125,0.15048063
2020-12-15T12:00:00Z,0.0,-66.864586,-66.78125,0.17304236
2020-12-16T12:00:00Z,0.0,-66.864586,-66.78125,0.19138448
2020-12-17T12:00:00Z,0.0,-66.864586,-66.78125,0.15833537
2020-12-18T12:00:00Z,0.0,-66.864586,-66.78125,0.15884076
2020-12-19T12:00:00Z,0.0,-66.864586,-66.78125,0.16518138
2020-12-20T12:00:00Z,0.0,-66.864586,-66.78125,0.16476417
2020-12-21T12:00:00Z,0.0,-66.864586,-66.78125,0.18848312
2020-12-22T12:00:00Z,0.0,-66.864586,-66.78125,0.16365333
2020-12-23T12:00:00Z,0.0,-66.864586,-66.78125,0.14966108
2020-12-24T12:00:00Z,0.0,-66.864586,-66.78125,0.1600736
2020-12-25T12:00:00Z,0.0,-66.864586,-66.78125,0.17517619
2020-12-26T12:00:00Z,0.0,-66.864586,-66.78125,0.1546191
2020-12-27T12:00:00Z,0.0,-66.864586,-66.78125,0.16222723
2020-12-28T12:00:00Z,0.0,-66.864586,-66.78125,0.17771828
2020-12-29T12:00:00Z,0.0,-66.864586,-66.78125,0.111431226
2020-12-30T12:00:00Z,0.0,-66.864586,-66.78125,0.12411645
2020-12-31T12:00:00Z,0.0,-66.864586,-66.78125,0.15588303
2021-01-01T12:00:00Z,0.0,-66.864586,-66.78125,0.211714
2021-01-02T12:00:00Z,0.0,-66.864586,-66.78125,0.21122283
2021-01-03T12:00:00Z,0.0,-66.864586,-66.78125,0.22189
2021-01-04T12:00:00Z,0.0,-66.864586,-66.78125,0.17024362
2021-01-05T12:00:00Z,0.0,-66.864586,-66.78125,0.18332164
2021-01-06T12:00:00Z,0.0,-66.864586,-66.78125,0.19986798
2021-01-07T12:00:00Z,0.0,-66.864586,-66.78125,0.1960262
2021-01-08T12:00:00Z,0.0,-66.864586,-66.78125,0.2008679
2021-01-09T12:00:00Z,0.0,-66.864586,-66.78125,0.20542373
2021-01-10T12:00:00Z,0.0,-66.864586,-66.78125,0.12393579
2021-01-11T12:00:00Z,0.0,-66.864586,-66.78125,0.1072171
2021-01-12T12:00:00Z,0.0,-66.864586,-66.78125,0.10371019
2021-01-13T12:00:00Z,0.0,-66.864586,-66.78125,0.108323514
2021-01-14T12:00:00Z,0.0,-66.864586,-66.78125,0.11049104
2021-01-15T12:00:00Z,0.0,-66.864586,-66.78125,0.1257701
2021-01-16T12:00:00Z,0.0,-66.864586,-66.78125,0.12056474
2021-01-17T12:00:00Z,0.0,-66.864586,-66.78125,0.11896784
2021-01-18T12:00:00Z,0.0,-66.864586,-66.78125,0.12938115
2021-01-19T12:00:00Z,0.0,-66.864586,-66.78125,0.13501462
2021-01-20T12:00:00Z,0.0,-66.864586,-66.78125,0.12782815
2021-01-21T12:00:00Z,0.0,-66.864586,-66.78125,0.13154854
2021-01-22T12:00:00Z,0.0,-66.864586,-66.78125,0.105987
2021-01-23T12:00:00Z,0.0,-66.864586,-66.78125,0.11698867
2021-01-24T12:00:00Z,0.0,-66.864586,-66.78125,0.09325319
2021-01-25T12:00:00Z,0.0,-66.864586,-66.78125,0.09572856
2021-01-26T12:00:00Z,0.0,-66.864586,-66.78125,0.08086536
2021-01-27T12:00:00Z,0.0,-66.864586,-66.78125,0.082173586
2021-01-28T12:00:00Z,0.0,-66.864586,-66.78125,0.09126584
2021-01-29T12:00:00Z,0.0,-66.864586,-66.78125,0.09002129
2021-01-30T12:00:00Z,0.0,-66.864586,-66.78125,0.09234713
2021-01-31T12:00:00Z,0.0,-66.864586,-66.78125,0.080188185
2021-02-01T12:00:00Z,0.0,-66.864586,-66.78125,0.090653755
2021-02-02T12:00:00Z,0.0,-66.864586,-66.78125,0.097643055
2021-02-03T12:00:00Z,0.0,-66.864586,-66.78125,0.084376216
2021-02-04T12:00:00Z,0.0,-66.864586,-66.78125,0.09163691
2021-02-05T12:00:00Z,0.0,-66.864586,-66.78125,0.09370399
2021-02-06T12:00:00Z,0.0,-66.864586,-66.78125,0.09501264
2021-02-07T12:00:00Z,0.0,-66.864586,-66.78125,0.0799449
2021-02-08T12:00:00Z,0.0,-66.864586,-66.78125,0.076591454
2021-02-09T12:00:00Z,0.0,-66.864586,-66.78125,0.08585789
2021-02-10T12:00:00Z,0.0,-66.864586,-66.78125,0.0766442
2021-02-11T12:00:00Z,0.0,-66.864586,-66.78125,0.06566582
2021-02-12T12:00:00Z,0.0,-66.864586,-66.78125,0.07386153
2021-02-13T12:00:00Z,0.0,-66.864586,-66.78125,0.07253648
2021-02-14T12:00:00Z,0.0,-66.864586,-66.78125,0.08537485
2021-02-15T12:00:00Z,0.0,-66.864586,-66.78125,0.0896849
2021-02-16T12:00:00Z,0.0,-66.864586,-66.78125,0.091877066
2021-02-17T12:00:00Z,0.0,-66.864586,-66.78125,0.08817667
2021-02-18T12:00:00Z,0.0,-66.864586,-66.78125,0.086924076
2021-02-19T12:00:00Z,0.0,-66.864586,-66.78125,0.105844036
2021-02-20T12:00:00Z,0.0,-66.864586,-66.78125,0.10575125
2021-02-21T12:00:00Z,0.0,-66.864586,-66.78125,0.12210714
2021-02-22T12:00:00Z,0.0,-66.864586,-66.78125,0.11832812
2021-02-23T12:00:00Z,0.0,-66.864586,-66.78125,0.11231808
2021-02-24T12:00:00Z,0.0,-66.864586,-66.78125,0.11464664
2021-02-25T12:00:00Z,0.0,-66.864586,-66.78125,0.07056148
2021-02-26T12:00:00Z,0.0,-66.864586,-66.78125,0.08760795
2021-02-27T12:00:00Z,0.0,-66.864586,-66.78125,0.06472994
2021-02-28T12:00:00Z,0.0,-66.864586,-66.78125,0.08076892
2021-03-01T12:00:00Z,0.0,-66.864586,-66.78125,0.08331571
2021-03-02T12:00:00Z,0.0,-66.864586,-66.78125,0.0754123
2021-03-03T12:00:00Z,0.0,-66.864586,-66.78125,0.072682284
2021-03-04T12:00:00Z,0.0,-66.864586,-66.78125,0.07188272
2021-03-05T12:00:00Z,0.0,-66.864586,-66.78125,NaN
2021-03-06T12:00:00Z,0.0,-66.864586,-66.78125,NaN
2021-03-07T12:00:00Z,0.0,-66.864586,-66.78125,NaN
2021-03-08T12:00:00Z,0.0,-66.864586,-66.78125,NaN
2021-03-09T12:00:00Z,0.0,-66.864586,-66.78125,NaN
2021-03-10T12:00:00Z,0.0,-66.864586,-66.78125,NaN
2021-03-11T12:00:00Z,0.0,-66.864586,-66.78125,NaN
2021-03-12T12:00:00Z,0.0,-66.864586,-66.78125,NaN
2021-03-13T12:00:00Z,0.0,-66.864586,-66.78125,NaN
2021-03-14T12:00:00Z,0.0,-66.864586,-66.78125,NaN
2021-03-15T12:00:00Z,0.0,-66.864586,-66.78125,NaN
2021-03-16T12:00:00Z,0.0,-66.864586,-66.78125,NaN
2021-03-17T12:00:00Z,0.0,-66.864586,-66.78125,NaN
2021-03-18T12:00:00Z,0.0,-66.864586,-66.78125,NaN
2021-03-19T12:00:00Z,0.0,-66.864586,-66.78125,NaN
2021-03-20T12:00:00Z,0.0,-66.864586,-66.78125,NaN
2021-03-21T12:00:00Z,0.0,-66.864586,-66.78125,NaN
2021-03-22T12:00:00Z,0.0,-66.864586,-66.78125,NaN
2021-03-23T12:00:00Z,0.0,-66.864586,-66.78125,NaN
2021-03-24T12:00:00Z,0.0,-66.864586,-66.78125,NaN
2021-03-25T12:00:00Z,0.0,-66.864586,-66.78125,NaN
2021-03-26T12:00:00Z,0.0,-66.864586,-66.78125,NaN
2021-03-27T12:00:00Z,0.0,-66.864586,-66.78125,NaN
2021-03-28T12:00:00Z,0.0,-66.864586,-66.78125,NaN
2021-03-29T12:00:00Z,0.0,-66.864586,-66.78125,NaN
2021-03-30T12:00:00Z,0.0,-66.864586,-66.78125,NaN
2021-03-31T12:00:00Z,0.0,-66.864586,-66.78125,NaN
2021-04-01T12:00:00Z,0.0,-66.864586,-66.78125,NaN
2021-04-02T12:00:00Z,0.0,-66.864586,-66.78125,NaN
2021-04-03T12:00:00Z,0.0,-66.864586,-66.78125,NaN
2021-04-04T12:00:00Z,0.0,-66.864586,-66.78125,NaN
2021-04-05T12:00:00Z,0.0,-66.864586,-66.78125,NaN
2021-04-06T12:00:00Z,0.0,-66.864586,-66.78125,NaN
2021-04-07T12:00:00Z,0.0,-66.864586,-66.78125,NaN
2021-04-08T12:00:00Z,0.0,-66.864586,-66.78125,NaN
2021-04-09T12:00:00Z,0.0,-66.864586,-66.78125,NaN
2021-04-10T12:00:00Z,0.0,-66.864586,-66.78125,NaN
2021-04-11T12:00:00Z,0.0,-66.864586,-66.78125,NaN
2021-04-12T12:00:00Z,0.0,-66.864586,-66.78125,NaN
2021-04-13T12:00:00Z,0.0,-66.864586,-66.78125,NaN
2021-04-14T12:00:00Z,0.0,-66.864586,-66.78125,NaN
2021-04-15T12:00:00Z,0.0,-66.864586,-66.78125,NaN
2021-04-16T12:00:00Z,0.0,-66.864586,-66.78125,NaN
2021-04-17T12:00:00Z,0.0,-66.864586,-66.78125,NaN
2021-04-18T12:00:00Z,0.0,-66.864586,-66.78125,NaN
2021-04-19T12:00:00Z,0.0,-66.864586,-66.78125,NaN
2021-04-20T12:00:00Z,0.0,-66.864586,-66.78125,NaN
2021-04-21T12:00:00Z,0.0,-66.864586,-66.78125,NaN
2021-04-22T12:00:00Z,0.0,-66.864586,-66.78125,NaN
2021-04-23T12:00:00Z,0.0,-66.864586,-66.78125,NaN
2021-04-24T12:00:00Z,0.0,-66.864586,-66.78125,NaN
2021-04-25T12:00:00Z,0.0,-66.864586,-66.78125,NaN
2021-04-26T12:00:00Z,0.0,-66.864586,-66.78125,NaN
2021-04-27T12:00:00Z,0.0,-66.864586,-66.78125,NaN
2021-04-28T12:00:00Z,0.0,-66.864586,-66.78125,NaN
2021-04-29T12:00:00Z,0.0,-66.864586,-66.78125,NaN
2021-04-30T12:00:00Z,0.0,-66.864586,-66.78125,NaN
2021-05-01T12:00:00Z,0.0,-66.864586,-66.78125,NaN
2021-05-02T12:00:00Z,0.0,-66.864586,-66.78125,NaN
2021-05-03T12:00:00Z,0.0,-66.864586,-66.78125,NaN
2021-05-04T12:00:00Z,0.0,-66.864586,-66.78125,NaN
2021-05-05T12:00:00Z,0.0,-66.864586,-66.78125,NaN
2021-05-06T12:00:00Z,0.0,-66.864586,-66.78125,NaN
2021-05-07T12:00:00Z,0.0,-66.864586,-66.78125,NaN
2021-05-08T12:00:00Z,0.0,-66.864586,-66.78125,NaN
2021-05-09T12:00:00Z,0.0,-66.864586,-66.78125,NaN
2021-05-10T12:00:00Z,0.0,-66.864586,-66.78125,NaN
2021-05-11T12:00:00Z,0.0,-66.864586,-66.78125,NaN
2021-05-12T12:00:00Z,0.0,-66.864586,-66.78125,NaN
2021-05-13T12:00:00Z,0.0,-66.864586,-66.78125,NaN
2021-05-14T12:00:00Z,0.0,-66.864586,-66.78125,NaN
2021-05-15T12:00:00Z,0.0,-66.864586,-66.78125,NaN
2021-05-16T12:00:00Z,0.0,-66.864586,-66.78125,NaN
2021-05-17T12:00:00Z,0.0,-66.864586,-66.78125,NaN
2021-05-18T12:00:00Z,0.0,-66.864586,-66.78125,NaN
2021-05-19T12:00:00Z,0.0,-66.864586,-66.78125,NaN
2021-05-20T12:00:00Z,0.0,-66.864586,-66.78125,NaN
2021-05-21T12:00:00Z,0.0,-66.864586,-66.78125,NaN
2021-05-22T12:00:00Z,0.0,-66.864586,-66.78125,NaN
2021-05-23T12:00:00Z,0.0,-66.864586,-66.78125,NaN
2021-05-24T12:00:00Z,0.0,-66.864586,-66.78125,NaN
2021-05-25T12:00:00Z,0.0,-66.864586,-66.78125,NaN
2021-05-26T12:00:00Z,0.0,-66.864586,-66.78125,NaN
2021-05-27T12:00:00Z,0.0,-66.864586,-66.78125,NaN
2021-05-28T12:00:00Z,0.0,-66.864586,-66.78125,NaN
2021-05-29T12:00:00Z,0.0,-66.864586,-66.78125,NaN
2021-05-30T12:00:00Z,0.0,-66.864586,-66.78125,NaN
2021-05-31T12:00:00Z,0.0,-66.864586,-66.78125,NaN
2021-06-01T12:00:00Z,0.0,-66.864586,-66.78125,NaN
2021-06-02T12:00:00Z,0.0,-66.864586,-66.78125,NaN
2021-06-03T12:00:00Z,0.0,-66.864586,-66.78125,NaN
2021-06-04T12:00:00Z,0.0,-66.864586,-66.78125,NaN
2021-06-05T12:00:00Z,0.0,-66.864586,-66.78125,NaN
2021-06-06T12:00:00Z,0.0,-66.864586,-66.78125,NaN
2021-06-07T12:00:00Z,0.0,-66.864586,-66.78125,NaN
2021-06-08T12:00:00Z,0.0,-66.864586,-66.78125,NaN
2021-06-09T12:00:00Z,0.0,-66.864586,-66.78125,NaN
2021-06-10T12:00:00Z,0.0,-66.864586,-66.78125,NaN
2021-06-11T12:00:00Z,0.0,-66.864586,-66.78125,NaN
2021-06-12T12:00:00Z,0.0,-66.864586,-66.78125,NaN
2021-06-13T12:00:00Z,0.0,-66.864586,-66.78125,NaN
2021-06-14T12:00:00Z,0.0,-66.864586,-66.78125,NaN
2021-06-15T12:00:00Z,0.0,-66.864586,-66.78125,NaN
2021-06-16T12:00:00Z,0.0,-66.864586,-66.78125,NaN
2021-06-17T12:00:00Z,0.0,-66.864586,-66.78125,NaN
2021-06-18T12:00:00Z,0.0,-66.864586,-66.78125,NaN
2021-06-19T12:00:00Z,0.0,-66.864586,-66.78125,NaN
2021-06-20T12:00:00Z,0.0,-66.864586,-66.78125,NaN
2021-06-21T12:00:00Z,0.0,-66.864586,-66.78125,NaN
2021-06-22T12:00:00Z,0.0,-66.864586,-66.78125,NaN
2021-06-23T12:00:00Z,0.0,-66.864586,-66.78125,NaN
2021-06-24T12:00:00Z,0.0,-66.864586,-66.78125,NaN
2021-06-25T12:00:00Z,0.0,-66.864586,-66.78125,NaN
2021-06-26T12:00:00Z,0.0,-66.864586,-66.78125,NaN
2021-06-27T12:00:00Z,0.0,-66.864586,-66.78125,NaN
2021-06-28T12:00:00Z,0.0,-66.864586,-66.78125,NaN
2021-06-29T12:00:00Z,0.0,-66.864586,-66.78125,NaN
2021-06-30T12:00:00Z,0.0,-66.864586,-66.78125,NaN
2021-07-01T12:00:00Z,0.0,-66.864586,-66.78125,NaN
2021-07-02T12:00:00Z,0.0,-66.864586,-66.78125,NaN
2021-07-03T12:00:00Z,0.0,-66.864586,-66.78125,NaN
2021-07-04T12:00:00Z,0.0,-66.864586,-66.78125,NaN
2021-07-05T12:00:00Z,0.0,-66.864586,-66.78125,NaN
2021-07-06T12:00:00Z,0.0,-66.864586,-66.78125,NaN
2021-07-07T12:00:00Z,0.0,-66.864586,-66.78125,NaN
2021-07-08T12:00:00Z,0.0,-66.864586,-66.78125,NaN
2021-07-09T12:00:00Z,0.0,-66.864586,-66.78125,NaN
2021-07-10T12:00:00Z,0.0,-66.864586,-66.78125,NaN
2021-07-11T12:00:00Z,0.0,-66.864586,-66.78125,NaN
2021-07-12T12:00:00Z,0.0,-66.864586,-66.78125,NaN
2021-07-13T12:00:00Z,0.0,-66.864586,-66.78125,NaN
2021-07-14T12:00:00Z,0.0,-66.864586,-66.78125,NaN
2021-07-15T12:00:00Z,0.0,-66.864586,-66.78125,NaN
2021-07-16T12:00:00Z,0.0,-66.864586,-66.78125,NaN
2021-07-17T12:00:00Z,0.0,-66.864586,-66.78125,NaN
2021-07-18T12:00:00Z,0.0,-66.864586,-66.78125,NaN
2021-07-19T12:00:00Z,0.0,-66.864586,-66.78125,NaN
2021-07-20T12:00:00Z,0.0,-66.864586,-66.78125,NaN
2021-07-21T12:00:00Z,0.0,-66.864586,-66.78125,NaN
2021-07-22T12:00:00Z,0.0,-66.864586,-66.78125,NaN
2021-07-23T12:00:00Z,0.0,-66.864586,-66.78125,NaN
2021-07-24T12:00:00Z,0.0,-66.864586,-66.78125,NaN
2021-07-25T12:00:00Z,0.0,-66.864586,-66.78125,NaN
2021-07-26T12:00:00Z,0.0,-66.864586,-66.78125,NaN
2021-07-27T12:00:00Z,0.0,-66.864586,-66.78125,NaN
2021-07-28T12:00:00Z,0.0,-66.864586,-66.78125,NaN
2021-07-29T12:00:00Z,0.0,-66.864586,-66.78125,NaN
2021-07-30T12:00:00Z,0.0,-66.864586,-66.78125,NaN
2021-07-31T12:00:00Z,0.0,-66.864586,-66.78125,NaN
2021-08-01T12:00:00Z,0.0,-66.864586,-66.78125,NaN
2021-08-02T12:00:00Z,0.0,-66.864586,-66.78125,NaN
2021-08-03T12:00:00Z,0.0,-66.864586,-66.78125,NaN
2021-08-04T12:00:00Z,0.0,-66.864586,-66.78125,NaN
2021-08-05T12:00:00Z,0.0,-66.864586,-66.78125,NaN
2021-08-06T12:00:00Z,0.0,-66.864586,-66.78125,NaN
2021-08-07T12:00:00Z,0.0,-66.864586,-66.78125,NaN
2021-08-08T12:00:00Z,0.0,-66.864586,-66.78125,NaN
2021-08-09T12:00:00Z,0.0,-66.864586,-66.78125,NaN
2021-08-10T12:00:00Z,0.0,-66.864586,-66.78125,NaN
2021-08-11T12:00:00Z,0.0,-66.864586,-66.78125,NaN
2021-08-12T12:00:00Z,0.0,-66.864586,-66.78125,NaN
2021-08-13T12:00:00Z,0.0,-66.864586,-66.78125,NaN
2021-08-14T12:00:00Z,0.0,-66.864586,-66.78125,NaN
2021-08-15T12:00:00Z,0.0,-66.864586,-66.78125,NaN
2021-08-16T12:00:00Z,0.0,-66.864586,-66.78125,NaN
2021-08-17T12:00:00Z,0.0,-66.864586,-66.78125,NaN
2021-08-18T12:00:00Z,0.0,-66.864586,-66.78125,NaN
2021-08-19T12:00:00Z,0.0,-66.864586,-66.78125,NaN
2021-08-20T12:00:00Z,0.0,-66.864586,-66.78125,NaN
2021-08-21T12:00:00Z,0.0,-66.864586,-66.78125,NaN
2021-08-22T12:00:00Z,0.0,-66.864586,-66.78125,NaN
2021-08-23T12:00:00Z,0.0,-66.864586,-66.78125,NaN
2021-08-24T12:00:00Z,0.0,-66.864586,-66.78125,NaN
2021-08-25T12:00:00Z,0.0,-66.864586,-66.78125,NaN
2021-08-26T12:00:00Z,0.0,-66.864586,-66.78125,NaN
2021-08-27T12:00:00Z,0.0,-66.864586,-66.78125,NaN
2021-08-28T12:00:00Z,0.0,-66.864586,-66.78125,NaN
2021-08-29T12:00:00Z,0.0,-66.864586,-66.78125,NaN
2021-08-30T12:00:00Z,0.0,-66.864586,-66.78125,NaN
2021-08-31T12:00:00Z,0.0,-66.864586,-66.78125,NaN
2021-09-01T12:00:00Z,0.0,-66.864586,-66.78125,NaN
2021-09-02T12:00:00Z,0.0,-66.864586,-66.78125,NaN
2021-09-03T12:00:00Z,0.0,-66.864586,-66.78125,NaN
2021-09-04T12:00:00Z,0.0,-66.864586,-66.78125,NaN
2021-09-05T12:00:00Z,0.0,-66.864586,-66.78125,NaN
2021-09-06T12:00:00Z,0.0,-66.864586,-66.78125,NaN
2021-09-07T12:00:00Z,0.0,-66.864586,-66.78125,NaN
2021-09-08T12:00:00Z,0.0,-66.864586,-66.78125,NaN
2021-09-09T12:00:00Z,0.0,-66.864586,-66.78125,NaN
2021-09-10T12:00:00Z,0.0,-66.864586,-66.78125,NaN
2021-09-11T12:00:00Z,0.0,-66.864586,-66.78125,NaN
2021-09-12T12:00:00Z,0.0,-66.864586,-66.78125,NaN
2021-09-13T12:00:00Z,0.0,-66.864586,-66.78125,NaN
2021-09-14T12:00:00Z,0.0,-66.864586,-66.78125,NaN
2021-09-15T12:00:00Z,0.0,-66.864586,-66.78125,NaN
2021-09-16T12:00:00Z,0.0,-66.864586,-66.78125,NaN
2021-09-17T12:00:00Z,0.0,-66.864586,-66.78125,NaN
2021-09-18T12:00:00Z,0.0,-66.864586,-66.78125,NaN
2021-09-19T12:00:00Z,0.0,-66.864586,-66.78125,NaN
2021-09-20T12:00:00Z,0.0,-66.864586,-66.78125,NaN
2021-09-21T12:00:00Z,0.0,-66.864586,-66.78125,NaN
2021-09-22T12:00:00Z,0.0,-66.864586,-66.78125,NaN
2021-09-23T12:00:00Z,0.0,-66.864586,-66.78125,NaN
2021-09-24T12:00:00Z,0.0,-66.864586,-66.78125,NaN
2021-09-25T12:00:00Z,0.0,-66.864586,-66.78125,NaN
2021-09-26T12:00:00Z,0.0,-66.864586,-66.78125,NaN
2021-09-27T12:00:00Z,0.0,-66.864586,-66.78125,NaN
2021-09-28T12:00:00Z,0.0,-66.864586,-66.78125,NaN
2021-09-29T12:00:00Z,0.0,-66.864586,-66.78125,NaN
2021-09-30T12:00:00Z,0.0,-66.864586,-66.78125,NaN
2021-10-01T12:00:00Z,0.0,-66.864586,-66.78125,NaN
2021-10-02T12:00:00Z,0.0,-66.864586,-66.78125,NaN
2021-10-03T12:00:00Z,0.0,-66.864586,-66.78125,NaN
2021-10-04T12:00:00Z,0.0,-66.864586,-66.78125,NaN
2021-10-05T12:00:00Z,0.0,-66.864586,-66.78125,NaN
2021-10-06T12:00:00Z,0.0,-66.864586,-66.78125,NaN
2021-10-07T12:00:00Z,0.0,-66.864586,-66.78125,NaN
2021-10-08T12:00:00Z,0.0,-66.864586,-66.78125,NaN
2021-10-09T12:00:00Z,0.0,-66.864586,-66.78125,NaN
2021-10-10T12:00:00Z,0.0,-66.864586,-66.78125,NaN
2021-10-11T12:00:00Z,0.0,-66.864586,-66.78125,NaN
2021-10-12T12:00:00Z,0.0,-66.864586,-66.78125,NaN
2021-10-13T12:00:00Z,0.0,-66.864586,-66.78125,NaN
2021-10-14T12:00:00Z,0.0,-66.864586,-66.78125,NaN
2021-10-15T12:00:00Z,0.0,-66.864586,-66.78125,NaN
2021-10-16T12:00:00Z,0.0,-66.864586,-66.78125,NaN
2021-10-17T12:00:00Z,0.0,-66.864586,-66.78125,NaN
2021-10-18T12:00:00Z,0.0,-66.864586,-66.78125,NaN
2021-10-19T12:00:00Z,0.0,-66.864586,-66.78125,NaN
2021-10-20T12:00:00Z,0.0,-66.864586,-66.78125,NaN
2021-10-21T12:00:00Z,0.0,-66.864586,-66.78125,NaN
2021-10-22T12:00:00Z,0.0,-66.864586,-66.78125,NaN
2021-10-23T12:00:00Z,0.0,-66.864586,-66.78125,NaN
2021-10-24T12:00:00Z,0.0,-66.864586,-66.78125,NaN
2021-10-25T12:00:00Z,0.0,-66.864586,-66.78125,NaN
2021-10-26T12:00:00Z,0.0,-66.864586,-66.78125,NaN
2021-10-27T12:00:00Z,0.0,-66.864586,-66.78125,NaN
2021-10-28T12:00:00Z,0.0,-66.864586,-66.78125,NaN
2021-10-29T12:00:00Z,0.0,-66.864586,-66.78125,NaN
2021-10-30T12:00:00Z,0.0,-66.864586,-66.78125,0.20658578
2021-10-31T12:00:00Z,0.0,-66.864586,-66.78125,0.15842515
2021-11-01T12:00:00Z,0.0,-66.864586,-66.78125,0.16009028
2021-11-02T12:00:00Z,0.0,-66.864586,-66.78125,0.117037006
2021-11-03T12:00:00Z,0.0,-66.864586,-66.78125,0.16145808
2021-11-04T12:00:00Z,0.0,-66.864586,-66.78125,0.10645469
2021-11-05T12:00:00Z,0.0,-66.864586,-66.78125,0.10809034
2021-11-06T12:00:00Z,0.0,-66.864586,-66.78125,0.099364884
2021-11-07T12:00:00Z,0.0,-66.864586,-66.78125,0.10684364
2021-11-08T12:00:00Z,0.0,-66.864586,-66.78125,0.10298527
2021-11-09T12:00:00Z,0.0,-66.864586,-66.78125,0.109431736
2021-11-10T12:00:00Z,0.0,-66.864586,-66.78125,0.086312465
2021-11-11T12:00:00Z,0.0,-66.864586,-66.78125,0.10823736
2021-11-12T12:00:00Z,0.0,-66.864586,-66.78125,0.0887591
2021-11-13T12:00:00Z,0.0,-66.864586,-66.78125,0.09773579
2021-11-14T12:00:00Z,0.0,-66.864586,-66.78125,0.10355978
2021-11-15T12:00:00Z,0.0,-66.864586,-66.78125,0.10904575
2021-11-16T12:00:00Z,0.0,-66.864586,-66.78125,0.113782704
2021-11-17T12:00:00Z,0.0,-66.864586,-66.78125,0.11884756
2021-11-18T12:00:00Z,0.0,-66.864586,-66.78125,0.1104107
2021-11-19T12:00:00Z,0.0,-66.864586,-66.78125,0.10924682
2021-11-20T12:00:00Z,0.0,-66.864586,-66.78125,0.05571973
2021-11-21T12:00:00Z,0.0,-66.864586,-66.78125,0.064630926
2021-11-22T12:00:00Z,0.0,-66.864586,-66.78125,0.0519309
2021-11-23T12:00:00Z,0.0,-66.864586,-66.78125,0.05399804
2021-11-24T12:00:00Z,0.0,-66.864586,-66.78125,0.054708496
2021-11-25T12:00:00Z,0.0,-66.864586,-66.78125,0.050919436
2021-11-26T12:00:00Z,0.0,-66.864586,-66.78125,0.052952316
2021-11-27T12:00:00Z,0.0,-66.864586,-66.78125,0.060312495
2021-11-28T12:00:00Z,0.0,-66.864586,-66.78125,0.061106835
2021-11-29T12:00:00Z,0.0,-66.864586,-66.78125,0.055892993
2021-11-30T12:00:00Z,0.0,-66.864586,-66.78125,0.042645905
2021-12-01T12:00:00Z,0.0,-66.864586,-66.78125,0.042866122
2021-12-02T12:00:00Z,0.0,-66.864586,-66.78125,0.03439583
2021-12-03T12:00:00Z,0.0,-66.864586,-66.78125,0.039299317
2021-12-04T12:00:00Z,0.0,-66.864586,-66.78125,0.038835466
2021-12-05T12:00:00Z,0.0,-66.864586,-66.78125,0.051641807
2021-12-06T12:00:00Z,0.0,-66.864586,-66.78125,0.08346407
2021-12-07T12:00:00Z,0.0,-66.864586,-66.78125,0.067880526
2021-12-08T12:00:00Z,0.0,-66.864586,-66.78125,0.070347555
2021-12-09T12:00:00Z,0.0,-66.864586,-66.78125,0.07091824
2021-12-10T12:00:00Z,0.0,-66.864586,-66.78125,0.08056741
2021-12-11T12:00:00Z,0.0,-66.864586,-66.78125,0.075936094
2021-12-12T12:00:00Z,0.0,-66.864586,-66.78125,0.07007046
2021-12-13T12:00:00Z,0.0,-66.864586,-66.78125,0.123391226
2021-12-14T12:00:00Z,0.0,-66.864586,-66.78125,0.07344634
2021-12-15T12:00:00Z,0.0,-66.864586,-66.78125,0.06154762
2021-12-16T12:00:00Z,0.0,-66.864586,-66.78125,0.08950733
2021-12-17T12:00:00Z,0.0,-66.864586,-66.78125,0.07710657
2021-12-18T12:00:00Z,0.0,-66.864586,-66.78125,0.07941279
2021-12-19T12:00:00Z,0.0,-66.864586,-66.78125,0.062034678
2021-12-20T12:00:00Z,0.0,-66.864586,-66.78125,0.080891915
2021-12-21T12:00:00Z,0.0,-66.864586,-66.78125,0.07941046
2021-12-22T12:00:00Z,0.0,-66.864586,-66.78125,0.16869587
2021-12-23T12:00:00Z,0.0,-66.864586,-66.78125,0.13290289
2021-12-24T12:00:00Z,0.0,-66.864586,-66.78125,0.12549523
2021-12-25T12:00:00Z,0.0,-66.864586,-66.78125,0.14828569
2021-12-26T12:00:00Z,0.0,-66.864586,-66.78125,0.16317073
2021-12-27T12:00:00Z,0.0,-66.864586,-66.78125,0.14893408
2021-12-28T12:00:00Z,0.0,-66.864586,-66.78125,0.122531414
2021-12-29T12:00:00Z,0.0,-66.864586,-66.78125,0.22232471
2021-12-30T12:00:00Z,0.0,-66.864586,-66.78125,0.08203421
2021-12-31T12:00:00Z,0.0,-66.864586,-66.78125,0.07935768
2022-01-01T12:00:00Z,0.0,-66.864586,-66.78125,0.07093731
2022-01-02T12:00:00Z,0.0,-66.864586,-66.78125,0.0723009
2022-01-03T12:00:00Z,0.0,-66.864586,-66.78125,0.06403112
2022-01-04T12:00:00Z,0.0,-66.864586,-66.78125,0.069152765
2022-01-05T12:00:00Z,0.0,-66.864586,-66.78125,0.07126164
2022-01-06T12:00:00Z,0.0,-66.864586,-66.78125,0.08111858
2022-01-07T12:00:00Z,0.0,-66.864586,-66.78125,0.07251672
2022-01-08T12:00:00Z,0.0,-66.864586,-66.78125,0.073304385
2022-01-09T12:00:00Z,0.0,-66.864586,-66.78125,0.08224895
2022-01-10T12:00:00Z,0.0,-66.864586,-66.78125,0.08758327
2022-01-11T12:00:00Z,0.0,-66.864586,-66.78125,0.10445957
2022-01-12T12:00:00Z,0.0,-66.864586,-66.78125,0.1149981
2022-01-13T12:00:00Z,0.0,-66.864586,-66.78125,0.13216515
2022-01-14T12:00:00Z,0.0,-66.864586,-66.78125,0.13586046
2022-01-15T12:00:00Z,0.0,-66.864586,-66.78125,0.14107683
2022-01-16T12:00:00Z,0.0,-66.864586,-66.78125,0.1681972
2022-01-17T12:00:00Z,0.0,-66.864586,-66.78125,0.16952358
2022-01-18T12:00:00Z,0.0,-66.864586,-66.78125,0.16797268
2022-01-19T12:00:00Z,0.0,-66.864586,-66.78125,0.15238535
2022-01-20T12:00:00Z,0.0,-66.864586,-66.78125,0.1589101
2022-01-21T12:00:00Z,0.0,-66.864586,-66.78125,0.15965523
2022-01-22T12:00:00Z,0.0,-66.864586,-66.78125,0.1699264
2022-01-23T12:00:00Z,0.0,-66.864586,-66.78125,0.19862154
2022-01-24T12:00:00Z,0.0,-66.864586,-66.78125,0.22192127
2022-01-25T12:00:00Z,0.0,-66.864586,-66.78125,0.24704511
2022-01-26T12:00:00Z,0.0,-66.864586,-66.78125,0.23661646
2022-01-27T12:00:00Z,0.0,-66.864586,-66.78125,0.25169888
2022-01-28T12:00:00Z,0.0,-66.864586,-66.78125,0.2614129
2022-01-29T12:00:00Z,0.0,-66.864586,-66.78125,0.27024564
2022-01-30T12:00:00Z,0.0,-66.864586,-66.78125,0.1777321
2022-01-31T12:00:00Z,0.0,-66.864586,-66.78125,0.1823193
2022-02-01T12:00:00Z,0.0,-66.864586,-66.78125,0.19318141
2022-02-02T12:00:00Z,0.0,-66.864586,-66.78125,0.18514793
2022-02-03T12:00:00Z,0.0,-66.864586,-66.78125,0.17092615
2022-02-04T12:00:00Z,0.0,-66.864586,-66.78125,0.15899867
2022-02-05T12:00:00Z,0.0,-66.864586,-66.78125,0.1711221
2022-02-06T12:00:00Z,0.0,-66.864586,-66.78125,0.17282128
2022-02-07T12:00:00Z,0.0,-66.864586,-66.78125,0.17205235
2022-02-08T12:00:00Z,0.0,-66.864586,-66.78125,0.17306313
2022-02-09T12:00:00Z,0.0,-66.864586,-66.78125,0.16640197
2022-02-10T12:00:00Z,0.0,-66.864586,-66.78125,0.16602133
2022-02-11T12:00:00Z,0.0,-66.864586,-66.78125,0.15784521
2022-02-12T12:00:00Z,0.0,-66.864586,-66.78125,0.17447174
2022-02-13T12:00:00Z,0.0,-66.864586,-66.78125,0.16576955
2022-02-14T12:00:00Z,0.0,-66.864586,-66.78125,0.17805305
2022-02-15T12:00:00Z,0.0,-66.864586,-66.78125,0.18510959
2022-02-16T12:00:00Z,0.0,-66.864586,-66.78125,0.17987895
2022-02-17T12:00:00Z,0.0,-66.864586,-66.78125,0.18548578
2022-02-18T12:00:00Z,0.0,-66.864586,-66.78125,0.24000925
2022-02-19T12:00:00Z,0.0,-66.864586,-66.78125,0.24104927
2022-02-20T12:00:00Z,0.0,-66.864586,-66.78125,0.25263494
2022-02-21T12:00:00Z,0.0,-66.864586,-66.78125,0.24197824
2022-02-22T12:00:00Z,0.0,-66.864586,-66.78125,0.24968168
2022-02-23T12:00:00Z,0.0,-66.864586,-66.78125,0.24033944
2022-02-24T12:00:00Z,0.0,-66.864586,-66.78125,0.2445172
2022-02-25T12:00:00Z,0.0,-66.864586,-66.78125,0.24982171
2022-02-26T12:00:00Z,0.0,-66.864586,-66.78125,0.2512668
2022-02-27T12:00:00Z,0.0,-66.864586,-66.78125,0.25032762
2022-02-28T12:00:00Z,0.0,-66.864586,-66.78125,0.24752513
2022-03-01T12:00:00Z,0.0,-66.864586,-66.78125,0.24728584
2022-03-02T12:00:00Z,0.0,-66.864586,-66.78125,0.22785462
2022-03-03T12:00:00Z,0.0,-66.864586,-66.78125,0.22900513
2022-03-04T12:00:00Z,0.0,-66.864586,-66.78125,0.23404016
2022-03-05T12:00:00Z,0.0,-66.864586,-66.78125,NaN
2022-03-06T12:00:00Z,0.0,-66.864586,-66.78125,NaN
2022-03-07T12:00:00Z,0.0,-66.864586,-66.78125,NaN
2022-03-08T12:00:00Z,0.0,-66.864586,-66.78125,NaN
2022-03-09T12:00:00Z,0.0,-66.864586,-66.78125,NaN
2022-03-10T12:00:00Z,0.0,-66.864586,-66.78125,NaN
2022-03-11T12:00:00Z,0.0,-66.864586,-66.78125,NaN
2022-03-12T12:00:00Z,0.0,-66.864586,-66.78125,NaN
2022-03-13T12:00:00Z,0.0,-66.864586,-66.78125,NaN
2022-03-14T12:00:00Z,0.0,-66.864586,-66.78125,NaN
2022-03-15T12:00:00Z,0.0,-66.864586,-66.78125,NaN
2022-03-16T12:00:00Z,0.0,-66.864586,-66.78125,NaN
2022-03-17T12:00:00Z,0.0,-66.864586,-66.78125,NaN
2022-03-18T12:00:00Z,0.0,-66.864586,-66.78125,NaN
2022-03-19T12:00:00Z,0.0,-66.864586,-66.78125,NaN
2022-03-20T12:00:00Z,0.0,-66.864586,-66.78125,NaN
2022-03-21T12:00:00Z,0.0,-66.864586,-66.78125,NaN
2022-03-22T12:00:00Z,0.0,-66.864586,-66.78125,NaN
2022-03-23T12:00:00Z,0.0,-66.864586,-66.78125,NaN
2022-03-24T12:00:00Z,0.0,-66.864586,-66.78125,NaN
2022-03-25T12:00:00Z,0.0,-66.864586,-66.78125,NaN
2022-03-26T12:00:00Z,0.0,-66.864586,-66.78125,NaN
2022-03-27T12:00:00Z,0.0,-66.864586,-66.78125,NaN
2022-03-28T12:00:00Z,0.0,-66.864586,-66.78125,NaN
2022-03-29T12:00:00Z,0.0,-66.864586,-66.78125,NaN
2022-03-30T12:00:00Z,0.0,-66.864586,-66.78125,NaN
2022-03-31T12:00:00Z,0.0,-66.864586,-66.78125,NaN
2022-04-01T12:00:00Z,0.0,-66.864586,-66.78125,NaN
2022-04-02T12:00:00Z,0.0,-66.864586,-66.78125,NaN
2022-04-03T12:00:00Z,0.0,-66.864586,-66.78125,NaN
2022-04-04T12:00:00Z,0.0,-66.864586,-66.78125,NaN
2022-04-05T12:00:00Z,0.0,-66.864586,-66.78125,NaN
2022-04-06T12:00:00Z,0.0,-66.864586,-66.78125,NaN
2022-04-07T12:00:00Z,0.0,-66.864586,-66.78125,NaN
2022-04-08T12:00:00Z,0.0,-66.864586,-66.78125,NaN
2022-04-09T12:00:00Z,0.0,-66.864586,-66.78125,NaN
2022-04-10T12:00:00Z,0.0,-66.864586,-66.78125,NaN
2022-04-11T12:00:00Z,0.0,-66.864586,-66.78125,NaN
2022-04-12T12:00:00Z,0.0,-66.864586,-66.78125,NaN
2022-04-13T12:00:00Z,0.0,-66.864586,-66.78125,NaN
2022-04-14T12:00:00Z,0.0,-66.864586,-66.78125,NaN
2022-04-15T12:00:00Z,0.0,-66.864586,-66.78125,NaN
2022-04-16T12:00:00Z,0.0,-66.864586,-66.78125,NaN
2022-04-17T12:00:00Z,0.0,-66.864586,-66.78125,NaN
2022-04-18T12:00:00Z,0.0,-66.864586,-66.78125,NaN
2022-04-19T12:00:00Z,0.0,-66.864586,-66.78125,NaN
2022-04-20T12:00:00Z,0.0,-66.864586,-66.78125,NaN
2022-04-21T12:00:00Z,0.0,-66.864586,-66.78125,NaN
2022-04-22T12:00:00Z,0.0,-66.864586,-66.78125,NaN
2022-04-23T12:00:00Z,0.0,-66.864586,-66.78125,NaN
2022-04-24T12:00:00Z,0.0,-66.864586,-66.78125,NaN
2022-04-25T12:00:00Z,0.0,-66.864586,-66.78125,NaN
2022-04-26T12:00:00Z,0.0,-66.864586,-66.78125,NaN
2022-04-27T12:00:00Z,0.0,-66.864586,-66.78125,NaN
2022-04-28T12:00:00Z,0.0,-66.864586,-66.78125,NaN
2022-04-29T12:00:00Z,0.0,-66.864586,-66.78125,NaN
2022-04-30T12:00:00Z,0.0,-66.864586,-66.78125,NaN
2022-05-01T12:00:00Z,0.0,-66.864586,-66.78125,NaN
2022-05-02T12:00:00Z,0.0,-66.864586,-66.78125,NaN
2022-05-03T12:00:00Z,0.0,-66.864586,-66.78125,NaN
2022-05-04T12:00:00Z,0.0,-66.864586,-66.78125,NaN
2022-05-05T12:00:00Z,0.0,-66.864586,-66.78125,NaN
2022-05-06T12:00:00Z,0.0,-66.864586,-66.78125,NaN
2022-05-07T12:00:00Z,0.0,-66.864586,-66.78125,NaN
2022-05-08T12:00:00Z,0.0,-66.864586,-66.78125,NaN
2022-05-09T12:00:00Z,0.0,-66.864586,-66.78125,NaN
2022-05-10T12:00:00Z,0.0,-66.864586,-66.78125,NaN
2022-05-11T12:00:00Z,0.0,-66.864586,-66.78125,NaN
2022-05-12T12:00:00Z,0.0,-66.864586,-66.78125,NaN
2022-05-13T12:00:00Z,0.0,-66.864586,-66.78125,NaN
2022-05-14T12:00:00Z,0.0,-66.864586,-66.78125,NaN
2022-05-15T12:00:00Z,0.0,-66.864586,-66.78125,NaN
2022-05-16T12:00:00Z,0.0,-66.864586,-66.78125,NaN
2022-05-17T12:00:00Z,0.0,-66.864586,-66.78125,NaN
2022-05-18T12:00:00Z,0.0,-66.864586,-66.78125,NaN
2022-05-19T12:00:00Z,0.0,-66.864586,-66.78125,NaN
2022-05-20T12:00:00Z,0.0,-66.864586,-66.78125,NaN
2022-05-21T12:00:00Z,0.0,-66.864586,-66.78125,NaN
2022-05-22T12:00:00Z,0.0,-66.864586,-66.78125,NaN
2022-05-23T12:00:00Z,0.0,-66.864586,-66.78125,NaN
2022-05-24T12:00:00Z,0.0,-66.864586,-66.78125,NaN
2022-05-25T12:00:00Z,0.0,-66.864586,-66.78125,NaN
2022-05-26T12:00:00Z,0.0,-66.864586,-66.78125,NaN
2022-05-27T12:00:00Z,0.0,-66.864586,-66.78125,NaN
2022-05-28T12:00:00Z,0.0,-66.864586,-66.78125,NaN
2022-05-29T12:00:00Z,0.0,-66.864586,-66.78125,NaN
2022-05-30T12:00:00Z,0.0,-66.864586,-66.78125,NaN
2022-05-31T12:00:00Z,0.0,-66.864586,-66.78125,NaN
2022-06-01T12:00:00Z,0.0,-66.864586,-66.78125,NaN
2022-06-02T12:00:00Z,0.0,-66.864586,-66.78125,NaN
2022-06-03T12:00:00Z,0.0,-66.864586,-66.78125,NaN
2022-06-04T12:00:00Z,0.0,-66.864586,-66.78125,NaN
2022-06-05T12:00:00Z,0.0,-66.864586,-66.78125,NaN
2022-06-06T12:00:00Z,0.0,-66.864586,-66.78125,NaN
2022-06-07T12:00:00Z,0.0,-66.864586,-66.78125,NaN
2022-06-08T12:00:00Z,0.0,-66.864586,-66.78125,NaN
2022-06-09T12:00:00Z,0.0,-66.864586,-66.78125,NaN
2022-06-10T12:00:00Z,0.0,-66.864586,-66.78125,NaN
2022-06-11T12:00:00Z,0.0,-66.864586,-66.78125,NaN
2022-06-12T12:00:00Z,0.0,-66.864586,-66.78125,NaN
2022-06-13T12:00:00Z,0.0,-66.864586,-66.78125,NaN
2022-06-14T12:00:00Z,0.0,-66.864586,-66.78125,NaN
2022-06-15T12:00:00Z,0.0,-66.864586,-66.78125,NaN
2022-06-16T12:00:00Z,0.0,-66.864586,-66.78125,NaN
2022-06-17T12:00:00Z,0.0,-66.864586,-66.78125,NaN
2022-06-18T12:00:00Z,0.0,-66.864586,-66.78125,NaN
2022-06-19T12:00:00Z,0.0,-66.864586,-66.78125,NaN
2022-06-20T12:00:00Z,0.0,-66.864586,-66.78125,NaN
2022-06-21T12:00:00Z,0.0,-66.864586,-66.78125,NaN
2022-06-22T12:00:00Z,0.0,-66.864586,-66.78125,NaN
2022-06-23T12:00:00Z,0.0,-66.864586,-66.78125,NaN
2022-06-24T12:00:00Z,0.0,-66.864586,-66.78125,NaN
2022-06-25T12:00:00Z,0.0,-66.864586,-66.78125,NaN
2022-06-26T12:00:00Z,0.0,-66.864586,-66.78125,NaN
2022-06-27T12:00:00Z,0.0,-66.864586,-66.78125,NaN
2022-06-28T12:00:00Z,0.0,-66.864586,-66.78125,NaN
2022-06-29T12:00:00Z,0.0,-66.864586,-66.78125,NaN
2022-06-30T12:00:00Z,0.0,-66.864586,-66.78125,NaN
2022-07-01T12:00:00Z,0.0,-66.864586,-66.78125,NaN
2022-07-02T12:00:00Z,0.0,-66.864586,-66.78125,NaN
2022-07-03T12:00:00Z,0.0,-66.864586,-66.78125,NaN
2022-07-04T12:00:00Z,0.0,-66.864586,-66.78125,NaN
2022-07-05T12:00:00Z,0.0,-66.864586,-66.78125,NaN
2022-07-06T12:00:00Z,0.0,-66.864586,-66.78125,NaN
2022-07-07T12:00:00Z,0.0,-66.864586,-66.78125,NaN
2022-07-08T12:00:00Z,0.0,-66.864586,-66.78125,NaN
2022-07-09T12:00:00Z,0.0,-66.864586,-66.78125,NaN
2022-07-10T12:00:00Z,0.0,-66.864586,-66.78125,NaN
2022-07-11T12:00:00Z,0.0,-66.864586,-66.78125,NaN
2022-07-12T12:00:00Z,0.0,-66.864586,-66.78125,NaN
2022-07-13T12:00:00Z,0.0,-66.864586,-66.78125,NaN
2022-07-14T12:00:00Z,0.0,-66.864586,-66.78125,NaN
2022-07-15T12:00:00Z,0.0,-66.864586,-66.78125,NaN
2022-07-16T12:00:00Z,0.0,-66.864586,-66.78125,NaN
2022-07-17T12:00:00Z,0.0,-66.864586,-66.78125,NaN
2022-07-18T12:00:00Z,0.0,-66.864586,-66.78125,NaN
2022-07-19T12:00:00Z,0.0,-66.864586,-66.78125,NaN
2022-07-20T12:00:00Z,0.0,-66.864586,-66.78125,NaN
2022-07-21T12:00:00Z,0.0,-66.864586,-66.78125,NaN
2022-07-22T12:00:00Z,0.0,-66.864586,-66.78125,NaN
2022-07-23T12:00:00Z,0.0,-66.864586,-66.78125,NaN
2022-07-24T12:00:00Z,0.0,-66.864586,-66.78125,NaN
2022-07-25T12:00:00Z,0.0,-66.864586,-66.78125,NaN
2022-07-26T12:00:00Z,0.0,-66.864586,-66.78125,NaN
2022-07-27T12:00:00Z,0.0,-66.864586,-66.78125,NaN
2022-07-28T12:00:00Z,0.0,-66.864586,-66.78125,NaN
2022-07-29T12:00:00Z,0.0,-66.864586,-66.78125,NaN
2022-07-30T12:00:00Z,0.0,-66.864586,-66.78125,NaN
2022-07-31T12:00:00Z,0.0,-66.864586,-66.78125,NaN
2022-08-01T12:00:00Z,0.0,-66.864586,-66.78125,NaN
2022-08-02T12:00:00Z,0.0,-66.864586,-66.78125,NaN
2022-08-03T12:00:00Z,0.0,-66.864586,-66.78125,NaN
2022-08-04T12:00:00Z,0.0,-66.864586,-66.78125,NaN
2022-08-05T12:00:00Z,0.0,-66.864586,-66.78125,NaN
2022-08-06T12:00:00Z,0.0,-66.864586,-66.78125,NaN
2022-08-07T12:00:00Z,0.0,-66.864586,-66.78125,NaN
2022-08-08T12:00:00Z,0.0,-66.864586,-66.78125,NaN
2022-08-09T12:00:00Z,0.0,-66.864586,-66.78125,NaN
2022-08-10T12:00:00Z,0.0,-66.864586,-66.78125,NaN
2022-08-11T12:00:00Z,0.0,-66.864586,-66.78125,NaN
2022-08-12T12:00:00Z,0.0,-66.864586,-66.78125,NaN
2022-08-13T12:00:00Z,0.0,-66.864586,-66.78125,NaN
2022-08-14T12:00:00Z,0.0,-66.864586,-66.78125,NaN
2022-08-15T12:00:00Z,0.0,-66.864586,-66.78125,NaN
2022-08-16T12:00:00Z,0.0,-66.864586,-66.78125,NaN
2022-08-17T12:00:00Z,0.0,-66.864586,-66.78125,NaN
2022-08-18T12:00:00Z,0.0,-66.864586,-66.78125,NaN
2022-08-19T12:00:00Z,0.0,-66.864586,-66.78125,NaN
2022-08-20T12:00:00Z,0.0,-66.864586,-66.78125,NaN
2022-08-21T12:00:00Z,0.0,-66.864586,-66.78125,NaN
2022-08-22T12:00:00Z,0.0,-66.864586,-66.78125,NaN
2022-08-23T12:00:00Z,0.0,-66.864586,-66.78125,NaN
2022-08-24T12:00:00Z,0.0,-66.864586,-66.78125,NaN
2022-08-25T12:00:00Z,0.0,-66.864586,-66.78125,NaN
2022-08-26T12:00:00Z,0.0,-66.864586,-66.78125,NaN
2022-08-27T12:00:00Z,0.0,-66.864586,-66.78125,NaN
2022-08-28T12:00:00Z,0.0,-66.864586,-66.78125,NaN
2022-08-29T12:00:00Z,0.0,-66.864586,-66.78125,NaN
2022-08-30T12:00:00Z,0.0,-66.864586,-66.78125,NaN
2022-08-31T12:00:00Z,0.0,-66.864586,-66.78125,NaN
2022-09-01T12:00:00Z,0.0,-66.864586,-66.78125,NaN
2022-09-02T12:00:00Z,0.0,-66.864586,-66.78125,NaN
2022-09-03T12:00:00Z,0.0,-66.864586,-66.78125,NaN
2022-09-04T12:00:00Z,0.0,-66.864586,-66.78125,NaN
2022-09-05T12:00:00Z,0.0,-66.864586,-66.78125,NaN
2022-09-06T12:00:00Z,0.0,-66.864586,-66.78125,NaN
2022-09-07T12:00:00Z,0.0,-66.864586,-66.78125,NaN
2022-09-08T12:00:00Z,0.0,-66.864586,-66.78125,NaN
2022-09-09T12:00:00Z,0.0,-66.864586,-66.78125,NaN
2022-09-10T12:00:00Z,0.0,-66.864586,-66.78125,NaN
2022-09-11T12:00:00Z,0.0,-66.864586,-66.78125,NaN
2022-09-12T12:00:00Z,0.0,-66.864586,-66.78125,NaN
2022-09-13T12:00:00Z,0.0,-66.864586,-66.78125,NaN
2022-09-14T12:00:00Z,0.0,-66.864586,-66.78125,NaN
2022-09-15T12:00:00Z,0.0,-66.864586,-66.78125,NaN
2022-09-16T12:00:00Z,0.0,-66.864586,-66.78125,NaN
2022-09-17T12:00:00Z,0.0,-66.864586,-66.78125,NaN
2022-09-18T12:00:00Z,0.0,-66.864586,-66.78125,NaN
2022-09-19T12:00:00Z,0.0,-66.864586,-66.78125,NaN
2022-09-20T12:00:00Z,0.0,-66.864586,-66.78125,NaN
2022-09-21T12:00:00Z,0.0,-66.864586,-66.78125,NaN
2022-09-22T12:00:00Z,0.0,-66.864586,-66.78125,NaN
2022-09-23T12:00:00Z,0.0,-66.864586,-66.78125,NaN
2022-09-24T12:00:00Z,0.0,-66.864586,-66.78125,NaN
2022-09-25T12:00:00Z,0.0,-66.864586,-66.78125,NaN
2022-09-26T12:00:00Z,0.0,-66.864586,-66.78125,NaN
2022-09-27T12:00:00Z,0.0,-66.864586,-66.78125,NaN
2022-09-28T12:00:00Z,0.0,-66.864586,-66.78125,NaN
2022-09-29T12:00:00Z,0.0,-66.864586,-66.78125,NaN
2022-09-30T12:00:00Z,0.0,-66.864586,-66.78125,NaN
2022-10-01T12:00:00Z,0.0,-66.864586,-66.78125,NaN
2022-10-02T12:00:00Z,0.0,-66.864586,-66.78125,NaN
2022-10-03T12:00:00Z,0.0,-66.864586,-66.78125,NaN
2022-10-04T12:00:00Z,0.0,-66.864586,-66.78125,NaN
2022-10-05T12:00:00Z,0.0,-66.864586,-66.78125,NaN
2022-10-06T12:00:00Z,0.0,-66.864586,-66.78125,NaN
2022-10-07T12:00:00Z,0.0,-66.864586,-66.78125,NaN
2022-10-08T12:00:00Z,0.0,-66.864586,-66.78125,NaN
2022-10-09T12:00:00Z,0.0,-66.864586,-66.78125,NaN
2022-10-10T12:00:00Z,0.0,-66.864586,-66.78125,NaN
2022-10-11T12:00:00Z,0.0,-66.864586,-66.78125,NaN
2022-10-12T12:00:00Z,0.0,-66.864586,-66.78125,NaN
2022-10-13T12:00:00Z,0.0,-66.864586,-66.78125,NaN
2022-10-14T12:00:00Z,0.0,-66.864586,-66.78125,NaN
2022-10-15T12:00:00Z,0.0,-66.864586,-66.78125,NaN
2022-10-16T12:00:00Z,0.0,-66.864586,-66.78125,NaN
2022-10-17T12:00:00Z,0.0,-66.864586,-66.78125,NaN
2022-10-18T12:00:00Z,0.0,-66.864586,-66.78125,NaN
2022-10-19T12:00:00Z,0.0,-66.864586,-66.78125,NaN
2022-10-20T12:00:00Z,0.0,-66.864586,-66.78125,NaN
2022-10-21T12:00:00Z,0.0,-66.864586,-66.78125,NaN
2022-10-22T12:00:00Z,0.0,-66.864586,-66.78125,NaN
2022-10-23T12:00:00Z,0.0,-66.864586,-66.78125,NaN
2022-10-24T12:00:00Z,0.0,-66.864586,-66.78125,NaN
2022-10-25T12:00:00Z,0.0,-66.864586,-66.78125,NaN
2022-10-26T12:00:00Z,0.0,-66.864586,-66.78125,NaN
2022-10-27T12:00:00Z,0.0,-66.864586,-66.78125,NaN
2022-10-28T12:00:00Z,0.0,-66.864586,-66.78125,NaN
2022-10-29T12:00:00Z,0.0,-66.864586,-66.78125,NaN
2022-10-30T12:00:00Z,0.0,-66.864586,-66.78125,0.11190307
2022-10-31T12:00:00Z,0.0,-66.864586,-66.78125,0.10845398
2022-11-01T12:00:00Z,0.0,-66.864586,-66.78125,0.1057436
2022-11-02T12:00:00Z,0.0,-66.864586,-66.78125,0.10638344
2022-11-03T12:00:00Z,0.0,-66.864586,-66.78125,0.12562458
2022-11-04T12:00:00Z,0.0,-66.864586,-66.78125,0.11973768
2022-11-05T12:00:00Z,0.0,-66.864586,-66.78125,0.11583715
2022-11-06T12:00:00Z,0.0,-66.864586,-66.78125,0.11387881
2022-11-07T12:00:00Z,0.0,-66.864586,-66.78125,0.11248685
2022-11-08T12:00:00Z,0.0,-66.864586,-66.78125,0.10799256
2022-11-09T12:00:00Z,0.0,-66.864586,-66.78125,0.09985409
2022-11-10T12:00:00Z,0.0,-66.864586,-66.78125,0.115000874
2022-11-11T12:00:00Z,0.0,-66.864586,-66.78125,0.11210916
2022-11-12T12:00:00Z,0.0,-66.864586,-66.78125,0.1166928
2022-11-13T12:00:00Z,0.0,-66.864586,-66.78125,0.14796856
2022-11-14T12:00:00Z,0.0,-66.864586,-66.78125,0.10737213
2022-11-15T12:00:00Z,0.0,-66.864586,-66.78125,0.11110392
2022-11-16T12:00:00Z,0.0,-66.864586,-66.78125,0.1204523
2022-11-17T12:00:00Z,0.0,-66.864586,-66.78125,0.10429776
2022-11-18T12:00:00Z,0.0,-66.864586,-66.78125,0.13160425
2022-11-19T12:00:00Z,0.0,-66.864586,-66.78125,0.12508224
2022-11-20T12:00:00Z,0.0,-66.864586,-66.78125,0.12818216
2022-11-21T12:00:00Z,0.0,-66.864586,-66.78125,0.11613089
2022-11-22T12:00:00Z,0.0,-66.864586,-66.78125,0.11938967
2022-11-23T12:00:00Z,0.0,-66.864586,-66.78125,0.1632289
2022-11-24T12:00:00Z,0.0,-66.864586,-66.78125,0.16117644
2022-11-25T12:00:00Z,0.0,-66.864586,-66.78125,0.160142
2022-11-26T12:00:00Z,0.0,-66.864586,-66.78125,0.1693924
2022-11-27T12:00:00Z,0.0,-66.864586,-66.78125,0.17670672
2022-11-28T12:00:00Z,0.0,-66.864586,-66.78125,0.16335325
2022-11-29T12:00:00Z,0.0,-66.864586,-66.78125,0.18403244
2022-11-30T12:00:00Z,0.0,-66.864586,-66.78125,0.16390634
2022-12-01T12:00:00Z,0.0,-66.864586,-66.78125,0.17659082
2022-12-02T12:00:00Z,0.0,-66.864586,-66.78125,0.18730974
2022-12-03T12:00:00Z,0.0,-66.864586,-66.78125,0.18493225
2022-12-04T12:00:00Z,0.0,-66.864586,-66.78125,0.1590793
2022-12-05T12:00:00Z,0.0,-66.864586,-66.78125,0.15516089
2022-12-06T12:00:00Z,0.0,-66.864586,-66.78125,0.1560644
2022-12-07T12:00:00Z,0.0,-66.864586,-66.78125,0.17203349
2022-12-08T12:00:00Z,0.0,-66.864586,-66.78125,0.14260538
2022-12-09T12:00:00Z,0.0,-66.864586,-66.78125,0.14343268
2022-12-10T12:00:00Z,0.0,-66.864586,-66.78125,0.14116798
2022-12-11T12:00:00Z,0.0,-66.864586,-66.78125,0.1396351
2022-12-12T12:00:00Z,0.0,-66.864586,-66.78125,0.14091222
2022-12-13T12:00:00Z,0.0,-66.864586,-66.78125,0.12999578
2022-12-14T12:00:00Z,0.0,-66.864586,-66.78125,0.12923928
2022-12-15T12:00:00Z,0.0,-66.864586,-66.78125,0.11997587
2022-12-16T12:00:00Z,0.0,-66.864586,-66.78125,0.12715861
2022-12-17T12:00:00Z,0.0,-66.864586,-66.78125,0.1149527
2022-12-18T12:00:00Z,0.0,-66.864586,-66.78125,0.10367125
2022-12-19T12:00:00Z,0.0,-66.864586,-66.78125,0.10681122
2022-12-20T12:00:00Z,0.0,-66.864586,-66.78125,0.09626138
2022-12-21T12:00:00Z,0.0,-66.864586,-66.78125,0.110897645
2022-12-22T12:00:00Z,0.0,-66.864586,-66.78125,0.08709135
2022-12-23T12:00:00Z,0.0,-66.864586,-66.78125,0.111480005
2022-12-24T12:00:00Z,0.0,-66.864586,-66.78125,0.10822432
2022-12-25T12:00:00Z,0.0,-66.864586,-66.78125,0.11177932
2022-12-26T12:00:00Z,0.0,-66.864586,-66.78125,0.12855299
2022-12-27T12:00:00Z,0.0,-66.864586,-66.78125,0.15829729
2022-12-28T12:00:00Z,0.0,-66.864586,-66.78125,0.1497943
2022-12-29T12:00:00Z,0.0,-66.864586,-66.78125,0.14160566
2022-12-30T12:00:00Z,0.0,-66.864586,-66.78125,0.14046623
2022-12-31T12:00:00Z,0.0,-66.864586,-66.78125,0.1365092
2023-01-01T12:00:00Z,0.0,-66.864586,-66.78125,0.13278769
2023-01-02T12:00:00Z,0.0,-66.864586,-66.78125,0.18645692
2023-01-03T12:00:00Z,0.0,-66.864586,-66.78125,0.22145285
2023-01-04T12:00:00Z,0.0,-66.864586,-66.78125,0.2378315
2023-01-05T12:00:00Z,0.0,-66.864586,-66.78125,0.22355741
2023-01-06T12:00:00Z,0.0,-66.864586,-66.78125,0.24284503
2023-01-07T12:00:00Z,0.0,-66.864586,-66.78125,0.24654832
2023-01-08T12:00:00Z,0.0,-66.864586,-66.78125,0.25570115
2023-01-09T12:00:00Z,0.0,-66.864586,-66.78125,0.2709378
2023-01-10T12:00:00Z,0.0,-66.864586,-66.78125,0.25969017
2023-01-11T12:00:00Z,0.0,-66.864586,-66.78125,0.2945812
2023-01-12T12:00:00Z,0.0,-66.864586,-66.78125,0.30515745
2023-01-13T12:00:00Z,0.0,-66.864586,-66.78125,0.29654288
2023-01-14T12:00:00Z,0.0,-66.864586,-66.78125,0.29876292
2023-01-15T12:00:00Z,0.0,-66.864586,-66.78125,0.31063485
2023-01-16T12:00:00Z,0.0,-66.864586,-66.78125,0.20780978
2023-01-17T12:00:00Z,0.0,-66.864586,-66.78125,0.2051837
2023-01-18T12:00:00Z,0.0,-66.864586,-66.78125,0.20392175
2023-01-19T12:00:00Z,0.0,-66.864586,-66.78125,0.20504461
2023-01-20T12:00:00Z,0.0,-66.864586,-66.78125,0.20879453
2023-01-21T12:00:00Z,0.0,-66.864586,-66.78125,0.20718488
2023-01-22T12:00:00Z,0.0,-66.864586,-66.78125,0.20602939
2023-01-23T12:00:00Z,0.0,-66.864586,-66.78125,0.24283744
2023-01-24T12:00:00Z,0.0,-66.864586,-66.78125,0.24445862
2023-01-25T12:00:00Z,0.0,-66.864586,-66.78125,0.24564321
2023-01-26T12:00:00Z,0.0,-66.864586,-66.78125,0.23153155
2023-01-27T12:00:00Z,0.0,-66.864586,-66.78125,0.23338504
2023-01-28T12:00:00Z,0.0,-66.864586,-66.78125,0.22020929
2023-01-29T12:00:00Z,0.0,-66.864586,-66.78125,0.21666177
2023-01-30T12:00:00Z,0.0,-66.864586,-66.78125,0.2146981
2023-01-31T12:00:00Z,0.0,-66.864586,-66.78125,0.21658184
2023-02-01T12:00:00Z,0.0,-66.864586,-66.78125,0.21619351
2023-02-02T12:00:00Z,0.0,-66.864586,-66.78125,0.2149761
2023-02-03T12:00:00Z,0.0,-66.864586,-66.78125,0.21543115
2023-02-04T12:00:00Z,0.0,-66.864586,-66.78125,0.21418342
2023-02-05T12:00:00Z,0.0,-66.864586,-66.78125,0.21605083
2023-02-06T12:00:00Z,0.0,-66.864586,-66.78125,0.21546979
2023-02-07T12:00:00Z,0.0,-66.864586,-66.78125,0.21643944
2023-02-08T12:00:00Z,0.0,-66.864586,-66.78125,0.21598193
2023-02-09T12:00:00Z,0.0,-66.864586,-66.78125,0.23488005
2023-02-10T12:00:00Z,0.0,-66.864586,-66.78125,0.21608034
2023-02-11T12:00:00Z,0.0,-66.864586,-66.78125,0.21691309
2023-02-12T12:00:00Z,0.0,-66.864586,-66.78125,0.21895456
2023-02-13T12:00:00Z,0.0,-66.864586,-66.78125,0.2182069
2023-02-14T12:00:00Z,0.0,-66.864586,-66.78125,0.21832779
2023-02-15T12:00:00Z,0.0,-66.864586,-66.78125,0.20506471
2023-02-16T12:00:00Z,0.0,-66.864586,-66.78125,0.1929111
2023-02-17T12:00:00Z,0.0,-66.864586,-66.78125,0.2077058
2023-02-18T12:00:00Z,0.0,-66.864586,-66.78125,0.20330915
2023-02-19T12:00:00Z,0.0,-66.864586,-66.78125,0.19484693
2023-02-20T12:00:00Z,0.0,-66.864586,-66.78125,0.18896583
2023-02-21T12:00:00Z,0.0,-66.864586,-66.78125,0.2014016
2023-02-22T12:00:00Z,0.0,-66.864586,-66.78125,0.20368816
2023-02-23T12:00:00Z,0.0,-66.864586,-66.78125,0.21064633
2023-02-24T12:00:00Z,0.0,-66.864586,-66.78125,0.19947287
2023-02-25T12:00:00Z,0.0,-66.864586,-66.78125,0.20165011
2023-02-26T12:00:00Z,0.0,-66.864586,-66.78125,0.1941619
2023-02-27T12:00:00Z,0.0,-66.864586,-66.78125,0.19551694
2023-02-28T12:00:00Z,0.0,-66.864586,-66.78125,0.19640315
2023-03-01T12:00:00Z,0.0,-66.864586,-66.78125,0.20022081
2023-03-02T12:00:00Z,0.0,-66.864586,-66.78125,0.19736247
2023-03-03T12:00:00Z,0.0,-66.864586,-66.78125,0.18996075
2023-03-04T12:00:00Z,0.0,-66.864586,-66.78125,0.18580341
2023-03-05T12:00:00Z,0.0,-66.864586,-66.78125,NaN
2023-03-06T12:00:00Z,0.0,-66.864586,-66.78125,NaN
2023-03-07T12:00:00Z,0.0,-66.864586,-66.78125,NaN
2023-03-08T12:00:00Z,0.0,-66.864586,-66.78125,NaN
2023-03-09T12:00:00Z,0.0,-66.864586,-66.78125,NaN
2023-03-10T12:00:00Z,0.0,-66.864586,-66.78125,NaN
2023-03-11T12:00:00Z,0.0,-66.864586,-66.78125,NaN
2023-03-12T12:00:00Z,0.0,-66.864586,-66.78125,NaN
2023-03-13T12:00:00Z,0.0,-66.864586,-66.78125,NaN
2023-03-14T12:00:00Z,0.0,-66.864586,-66.78125,NaN
2023-03-15T12:00:00Z,0.0,-66.864586,-66.78125,NaN
2023-03-16T12:00:00Z,0.0,-66.864586,-66.78125,NaN
2023-03-17T12:00:00Z,0.0,-66.864586,-66.78125,NaN
2023-03-18T12:00:00Z,0.0,-66.864586,-66.78125,NaN
2023-03-19T12:00:00Z,0.0,-66.864586,-66.78125,NaN
2023-03-20T12:00:00Z,0.0,-66.864586,-66.78125,NaN
2023-03-21T12:00:00Z,0.0,-66.864586,-66.78125,NaN
2023-03-22T12:00:00Z,0.0,-66.864586,-66.78125,NaN
2023-03-23T12:00:00Z,0.0,-66.864586,-66.78125,NaN
2023-03-24T12:00:00Z,0.0,-66.864586,-66.78125,NaN
2023-03-25T12:00:00Z,0.0,-66.864586,-66.78125,NaN
2023-03-26T12:00:00Z,0.0,-66.864586,-66.78125,NaN
2023-03-27T12:00:00Z,0.0,-66.864586,-66.78125,NaN
2023-03-28T12:00:00Z,0.0,-66.864586,-66.78125,NaN
2023-03-29T12:00:00Z,0.0,-66.864586,-66.78125,NaN
2023-03-30T12:00:00Z,0.0,-66.864586,-66.78125,NaN
2023-03-31T12:00:00Z,0.0,-66.864586,-66.78125,NaN
2023-04-01T12:00:00Z,0.0,-66.864586,-66.78125,NaN
2023-04-02T12:00:00Z,0.0,-66.864586,-66.78125,NaN
2023-04-03T12:00:00Z,0.0,-66.864586,-66.78125,NaN
2023-04-04T12:00:00Z,0.0,-66.864586,-66.78125,NaN
2023-04-05T12:00:00Z,0.0,-66.864586,-66.78125,NaN
2023-04-06T12:00:00Z,0.0,-66.864586,-66.78125,NaN
2023-04-07T12:00:00Z,0.0,-66.864586,-66.78125,NaN
2023-04-08T12:00:00Z,0.0,-66.864586,-66.78125,NaN
2023-04-09T12:00:00Z,0.0,-66.864586,-66.78125,NaN
2023-04-10T12:00:00Z,0.0,-66.864586,-66.78125,NaN
2023-04-11T12:00:00Z,0.0,-66.864586,-66.78125,NaN
2023-04-12T12:00:00Z,0.0,-66.864586,-66.78125,NaN
2023-04-13T12:00:00Z,0.0,-66.864586,-66.78125,NaN
2023-04-14T12:00:00Z,0.0,-66.864586,-66.78125,NaN
2023-04-15T12:00:00Z,0.0,-66.864586,-66.78125,NaN
2023-04-16T12:00:00Z,0.0,-66.864586,-66.78125,NaN
2023-04-17T12:00:00Z,0.0,-66.864586,-66.78125,NaN
2023-04-18T12:00:00Z,0.0,-66.864586,-66.78125,NaN
2023-04-19T12:00:00Z,0.0,-66.864586,-66.78125,NaN
2023-04-20T12:00:00Z,0.0,-66.864586,-66.78125,NaN
2023-04-21T12:00:00Z,0.0,-66.864586,-66.78125,NaN
2023-04-22T12:00:00Z,0.0,-66.864586,-66.78125,NaN
2023-04-23T12:00:00Z,0.0,-66.864586,-66.78125,NaN
2023-04-24T12:00:00Z,0.0,-66.864586,-66.78125,NaN
2023-04-25T12:00:00Z,0.0,-66.864586,-66.78125,NaN
2023-04-26T12:00:00Z,0.0,-66.864586,-66.78125,NaN
2023-04-27T12:00:00Z,0.0,-66.864586,-66.78125,NaN
2023-04-28T12:00:00Z,0.0,-66.864586,-66.78125,NaN
2023-04-29T12:00:00Z,0.0,-66.864586,-66.78125,NaN
2023-04-30T12:00:00Z,0.0,-66.864586,-66.78125,NaN
2023-05-01T12:00:00Z,0.0,-66.864586,-66.78125,NaN
2023-05-02T12:00:00Z,0.0,-66.864586,-66.78125,NaN
2023-05-03T12:00:00Z,0.0,-66.864586,-66.78125,NaN
2023-05-04T12:00:00Z,0.0,-66.864586,-66.78125,NaN
2023-05-05T12:00:00Z,0.0,-66.864586,-66.78125,NaN
2023-05-06T12:00:00Z,0.0,-66.864586,-66.78125,NaN
2023-05-07T12:00:00Z,0.0,-66.864586,-66.78125,NaN
2023-05-08T12:00:00Z,0.0,-66.864586,-66.78125,NaN
2023-05-09T12:00:00Z,0.0,-66.864586,-66.78125,NaN
2023-05-10T12:00:00Z,0.0,-66.864586,-66.78125,NaN
2023-05-11T12:00:00Z,0.0,-66.864586,-66.78125,NaN
2023-05-12T12:00:00Z,0.0,-66.864586,-66.78125,NaN
2023-05-13T12:00:00Z,0.0,-66.864586,-66.78125,NaN
2023-05-14T12:00:00Z,0.0,-66.864586,-66.78125,NaN
2023-05-15T12:00:00Z,0.0,-66.864586,-66.78125,NaN
2023-05-16T12:00:00Z,0.0,-66.864586,-66.78125,NaN
2023-05-17T12:00:00Z,0.0,-66.864586,-66.78125,NaN
2023-05-18T12:00:00Z,0.0,-66.864586,-66.78125,NaN
2023-05-19T12:00:00Z,0.0,-66.864586,-66.78125,NaN
2023-05-20T12:00:00Z,0.0,-66.864586,-66.78125,NaN
2023-05-21T12:00:00Z,0.0,-66.864586,-66.78125,NaN
2023-05-22T12:00:00Z,0.0,-66.864586,-66.78125,NaN
2023-05-23T12:00:00Z,0.0,-66.864586,-66.78125,NaN
2023-05-24T12:00:00Z,0.0,-66.864586,-66.78125,NaN
2023-05-25T12:00:00Z,0.0,-66.864586,-66.78125,NaN
2023-05-26T12:00:00Z,0.0,-66.864586,-66.78125,NaN
2023-05-27T12:00:00Z,0.0,-66.864586,-66.78125,NaN
2023-05-28T12:00:00Z,0.0,-66.864586,-66.78125,NaN
2023-05-29T12:00:00Z,0.0,-66.864586,-66.78125,NaN
2023-05-30T12:00:00Z,0.0,-66.864586,-66.78125,NaN
2023-05-31T12:00:00Z,0.0,-66.864586,-66.78125,NaN
2023-06-01T12:00:00Z,0.0,-66.864586,-66.78125,NaN
2023-06-02T12:00:00Z,0.0,-66.864586,-66.78125,NaN
2023-06-03T12:00:00Z,0.0,-66.864586,-66.78125,NaN
2023-06-04T12:00:00Z,0.0,-66.864586,-66.78125,NaN
2023-06-05T12:00:00Z,0.0,-66.864586,-66.78125,NaN
2023-06-06T12:00:00Z,0.0,-66.864586,-66.78125,NaN
2023-06-07T12:00:00Z,0.0,-66.864586,-66.78125,NaN
2023-06-08T12:00:00Z,0.0,-66.864586,-66.78125,NaN
2023-06-09T12:00:00Z,0.0,-66.864586,-66.78125,NaN
2023-06-10T12:00:00Z,0.0,-66.864586,-66.78125,NaN
2023-06-11T12:00:00Z,0.0,-66.864586,-66.78125,NaN
2023-06-12T12:00:00Z,0.0,-66.864586,-66.78125,NaN
2023-06-13T12:00:00Z,0.0,-66.864586,-66.78125,NaN
2023-06-14T12:00:00Z,0.0,-66.864586,-66.78125,NaN
2023-06-15T12:00:00Z,0.0,-66.864586,-66.78125,NaN
2023-06-16T12:00:00Z,0.0,-66.864586,-66.78125,NaN
2023-06-17T12:00:00Z,0.0,-66.864586,-66.78125,NaN
2023-06-18T12:00:00Z,0.0,-66.864586,-66.78125,NaN
2023-06-19T12:00:00Z,0.0,-66.864586,-66.78125,NaN
2023-06-20T12:00:00Z,0.0,-66.864586,-66.78125,NaN
2023-06-21T12:00:00Z,0.0,-66.864586,-66.78125,NaN
2023-06-22T12:00:00Z,0.0,-66.864586,-66.78125,NaN
2023-06-23T12:00:00Z,0.0,-66.864586,-66.78125,NaN
2023-06-24T12:00:00Z,0.0,-66.864586,-66.78125,NaN
2023-06-25T12:00:00Z,0.0,-66.864586,-66.78125,NaN
2023-06-26T12:00:00Z,0.0,-66.864586,-66.78125,NaN
2023-06-27T12:00:00Z,0.0,-66.864586,-66.78125,NaN
2023-06-28T12:00:00Z,0.0,-66.864586,-66.78125,NaN
2023-06-29T12:00:00Z,0.0,-66.864586,-66.78125,NaN
2023-06-30T12:00:00Z,0.0,-66.864586,-66.78125,NaN
2023-07-01T12:00:00Z,0.0,-66.864586,-66.78125,NaN
2023-07-02T12:00:00Z,0.0,-66.864586,-66.78125,NaN
2023-07-03T12:00:00Z,0.0,-66.864586,-66.78125,NaN
2023-07-04T12:00:00Z,0.0,-66.864586,-66.78125,NaN
2023-07-05T12:00:00Z,0.0,-66.864586,-66.78125,NaN
2023-07-06T12:00:00Z,0.0,-66.864586,-66.78125,NaN
2023-07-07T12:00:00Z,0.0,-66.864586,-66.78125,NaN
2023-07-08T12:00:00Z,0.0,-66.864586,-66.78125,NaN
2023-07-09T12:00:00Z,0.0,-66.864586,-66.78125,NaN
2023-07-10T12:00:00Z,0.0,-66.864586,-66.78125,NaN
2023-07-11T12:00:00Z,0.0,-66.864586,-66.78125,NaN
2023-07-12T12:00:00Z,0.0,-66.864586,-66.78125,NaN
2023-07-13T12:00:00Z,0.0,-66.864586,-66.78125,NaN
2023-07-14T12:00:00Z,0.0,-66.864586,-66.78125,NaN
2023-07-15T12:00:00Z,0.0,-66.864586,-66.78125,NaN
2023-07-16T12:00:00Z,0.0,-66.864586,-66.78125,NaN
2023-07-17T12:00:00Z,0.0,-66.864586,-66.78125,NaN
2023-07-18T12:00:00Z,0.0,-66.864586,-66.78125,NaN
2023-07-19T12:00:00Z,0.0,-66.864586,-66.78125,NaN
2023-07-20T12:00:00Z,0.0,-66.864586,-66.78125,NaN
2023-07-21T12:00:00Z,0.0,-66.864586,-66.78125,NaN
2023-07-22T12:00:00Z,0.0,-66.864586,-66.78125,NaN
2023-07-23T12:00:00Z,0.0,-66.864586,-66.78125,NaN
2023-07-24T12:00:00Z,0.0,-66.864586,-66.78125,NaN
2023-07-25T12:00:00Z,0.0,-66.864586,-66.78125,NaN
2023-07-26T12:00:00Z,0.0,-66.864586,-66.78125,NaN
2023-07-27T12:00:00Z,0.0,-66.864586,-66.78125,NaN
2023-07-28T12:00:00Z,0.0,-66.864586,-66.78125,NaN
2023-07-29T12:00:00Z,0.0,-66.864586,-66.78125,NaN
2023-07-30T12:00:00Z,0.0,-66.864586,-66.78125,NaN
2023-07-31T12:00:00Z,0.0,-66.864586,-66.78125,NaN
2023-08-01T12:00:00Z,0.0,-66.864586,-66.78125,NaN
2023-08-02T12:00:00Z,0.0,-66.864586,-66.78125,NaN
2023-08-03T12:00:00Z,0.0,-66.864586,-66.78125,NaN
2023-08-04T12:00:00Z,0.0,-66.864586,-66.78125,NaN
2023-08-05T12:00:00Z,0.0,-66.864586,-66.78125,NaN
2023-08-06T12:00:00Z,0.0,-66.864586,-66.78125,NaN
2023-08-07T12:00:00Z,0.0,-66.864586,-66.78125,NaN
2023-08-08T12:00:00Z,0.0,-66.864586,-66.78125,NaN
2023-08-09T12:00:00Z,0.0,-66.864586,-66.78125,NaN
2023-08-10T12:00:00Z,0.0,-66.864586,-66.78125,NaN
2023-08-11T12:00:00Z,0.0,-66.864586,-66.78125,NaN
2023-08-12T12:00:00Z,0.0,-66.864586,-66.78125,NaN
2023-08-13T12:00:00Z,0.0,-66.864586,-66.78125,NaN
2023-08-14T12:00:00Z,0.0,-66.864586,-66.78125,NaN
2023-08-15T12:00:00Z,0.0,-66.864586,-66.78125,NaN
2023-08-16T12:00:00Z,0.0,-66.864586,-66.78125,NaN
2023-08-17T12:00:00Z,0.0,-66.864586,-66.78125,NaN
2023-08-18T12:00:00Z,0.0,-66.864586,-66.78125,NaN
2023-08-19T12:00:00Z,0.0,-66.864586,-66.78125,NaN
2023-08-20T12:00:00Z,0.0,-66.864586,-66.78125,NaN
2023-08-21T12:00:00Z,0.0,-66.864586,-66.78125,NaN
2023-08-22T12:00:00Z,0.0,-66.864586,-66.78125,NaN
2023-08-23T12:00:00Z,0.0,-66.864586,-66.78125,NaN
2023-08-24T12:00:00Z,0.0,-66.864586,-66.78125,NaN
2023-08-25T12:00:00Z,0.0,-66.864586,-66.78125,NaN
2023-08-26T12:00:00Z,0.0,-66.864586,-66.78125,NaN
2023-08-27T12:00:00Z,0.0,-66.864586,-66.78125,NaN
2023-08-28T12:00:00Z,0.0,-66.864586,-66.78125,NaN
2023-08-29T12:00:00Z,0.0,-66.864586,-66.78125,NaN
2023-08-30T12:00:00Z,0.0,-66.864586,-66.78125,NaN
2023-08-31T12:00:00Z,0.0,-66.864586,-66.78125,NaN
2023-09-01T12:00:00Z,0.0,-66.864586,-66.78125,NaN
2023-09-02T12:00:00Z,0.0,-66.864586,-66.78125,NaN
2023-09-03T12:00:00Z,0.0,-66.864586,-66.78125,NaN
2023-09-04T12:00:00Z,0.0,-66.864586,-66.78125,NaN
2023-09-05T12:00:00Z,0.0,-66.864586,-66.78125,NaN
2023-09-06T12:00:00Z,0.0,-66.864586,-66.78125,NaN
2023-09-07T12:00:00Z,0.0,-66.864586,-66.78125,NaN
2023-09-08T12:00:00Z,0.0,-66.864586,-66.78125,NaN
2023-09-09T12:00:00Z,0.0,-66.864586,-66.78125,NaN
2023-09-10T12:00:00Z,0.0,-66.864586,-66.78125,NaN
2023-09-11T12:00:00Z,0.0,-66.864586,-66.78125,NaN
2023-09-12T12:00:00Z,0.0,-66.864586,-66.78125,NaN
2023-09-13T12:00:00Z,0.0,-66.864586,-66.78125,NaN
2023-09-14T12:00:00Z,0.0,-66.864586,-66.78125,NaN
2023-09-15T12:00:00Z,0.0,-66.864586,-66.78125,NaN
2023-09-16T12:00:00Z,0.0,-66.864586,-66.78125,NaN
2023-09-17T12:00:00Z,0.0,-66.864586,-66.78125,NaN
2023-09-18T12:00:00Z,0.0,-66.864586,-66.78125,NaN
2023-09-19T12:00:00Z,0.0,-66.864586,-66.78125,NaN
2023-09-20T12:00:00Z,0.0,-66.864586,-66.78125,NaN
2023-09-21T12:00:00Z,0.0,-66.864586,-66.78125,NaN
2023-09-22T12:00:00Z,0.0,-66.864586,-66.78125,NaN
2023-09-23T12:00:00Z,0.0,-66.864586,-66.78125,NaN
2023-09-24T12:00:00Z,0.0,-66.864586,-66.78125,NaN
2023-09-25T12:00:00Z,0.0,-66.864586,-66.78125,NaN
2023-09-26T12:00:00Z,0.0,-66.864586,-66.78125,NaN
2023-09-27T12:00:00Z,0.0,-66.864586,-66.78125,NaN
2023-09-28T12:00:00Z,0.0,-66.864586,-66.78125,NaN
2023-09-29T12:00:00Z,0.0,-66.864586,-66.78125,NaN
2023-09-30T12:00:00Z,0.0,-66.864586,-66.78125,NaN
2023-10-01T12:00:00Z,0.0,-66.864586,-66.78125,NaN
2023-10-02T12:00:00Z,0.0,-66.864586,-66.78125,NaN
2023-10-03T12:00:00Z,0.0,-66.864586,-66.78125,NaN
2023-10-04T12:00:00Z,0.0,-66.864586,-66.78125,NaN
2023-10-05T12:00:00Z,0.0,-66.864586,-66.78125,NaN
2023-10-06T12:00:00Z,0.0,-66.864586,-66.78125,NaN
2023-10-07T12:00:00Z,0.0,-66.864586,-66.78125,NaN
2023-10-08T12:00:00Z,0.0,-66.864586,-66.78125,NaN
2023-10-09T12:00:00Z,0.0,-66.864586,-66.78125,NaN
2023-10-10T12:00:00Z,0.0,-66.864586,-66.78125,NaN
2023-10-11T12:00:00Z,0.0,-66.864586,-66.78125,NaN
2023-10-12T12:00:00Z,0.0,-66.864586,-66.78125,NaN
2023-10-13T12:00:00Z,0.0,-66.864586,-66.78125,NaN
2023-10-14T12:00:00Z,0.0,-66.864586,-66.78125,NaN
2023-10-15T12:00:00Z,0.0,-66.864586,-66.78125,NaN
2023-10-16T12:00:00Z,0.0,-66.864586,-66.78125,NaN
2023-10-17T12:00:00Z,0.0,-66.864586,-66.78125,NaN
2023-10-18T12:00:00Z,0.0,-66.864586,-66.78125,NaN
2023-10-19T12:00:00Z,0.0,-66.864586,-66.78125,NaN
2023-10-20T12:00:00Z,0.0,-66.864586,-66.78125,NaN
2023-10-21T12:00:00Z,0.0,-66.864586,-66.78125,NaN
2023-10-22T12:00:00Z,0.0,-66.864586,-66.78125,NaN
2023-10-23T12:00:00Z,0.0,-66.864586,-66.78125,NaN
2023-10-24T12:00:00Z,0.0,-66.864586,-66.78125,NaN
2023-10-25T12:00:00Z,0.0,-66.864586,-66.78125,NaN
2023-10-26T12:00:00Z,0.0,-66.864586,-66.78125,NaN
2023-10-27T12:00:00Z,0.0,-66.864586,-66.78125,NaN
2023-10-28T12:00:00Z,0.0,-66.864586,-66.78125,NaN
2023-10-29T12:00:00Z,0.0,-66.864586,-66.78125,NaN
2023-10-30T12:00:00Z,0.0,-66.864586,-66.78125,0.08752476
2023-10-31T12:00:00Z,0.0,-66.864586,-66.78125,0.10842755
2023-11-01T12:00:00Z,0.0,-66.864586,-66.78125,0.078709766
2023-11-02T12:00:00Z,0.0,-66.864586,-66.78125,0.041656405
2023-11-03T12:00:00Z,0.0,-66.864586,-66.78125,0.050585974
2023-11-04T12:00:00Z,0.0,-66.864586,-66.78125,0.105996035
2023-11-05T12:00:00Z,0.0,-66.864586,-66.78125,0.057755228
2023-11-06T12:00:00Z,0.0,-66.864586,-66.78125,0.084483325
2023-11-07T12:00:00Z,0.0,-66.864586,-66.78125,0.06890147
2023-11-08T12:00:00Z,0.0,-66.864586,-66.78125,0.049716525
2023-11-09T12:00:00Z,0.0,-66.864586,-66.78125,0.0773219
2023-11-10T12:00:00Z,0.0,-66.864586,-66.78125,0.06906612
2023-11-11T12:00:00Z,0.0,-66.864586,-66.78125,0.10750993
2023-11-12T12:00:00Z,0.0,-66.864586,-66.78125,0.10332269
2023-11-13T12:00:00Z,0.0,-66.864586,-66.78125,0.06884941
2023-11-14T12:00:00Z,0.0,-66.864586,-66.78125,0.059319578
2023-11-15T12:00:00Z,0.0,-66.864586,-66.78125,0.06949695
2023-11-16T12:00:00Z,0.0,-66.864586,-66.78125,0.05933396
2023-11-17T12:00:00Z,0.0,-66.864586,-66.78125,0.06132179
2023-11-18T12:00:00Z,0.0,-66.864586,-66.78125,0.060294274
2023-11-19T12:00:00Z,0.0,-66.864586,-66.78125,0.055723593
2023-11-20T12:00:00Z,0.0,-66.864586,-66.78125,0.06535291
2023-11-21T12:00:00Z,0.0,-66.864586,-66.78125,0.07939284
2023-11-22T12:00:00Z,0.0,-66.864586,-66.78125,0.089501515
2023-11-23T12:00:00Z,0.0,-66.864586,-66.78125,0.09333211
2023-11-24T12:00:00Z,0.0,-66.864586,-66.78125,0.10605495
2023-11-25T12:00:00Z,0.0,-66.864586,-66.78125,0.09192426
2023-11-26T12:00:00Z,0.0,-66.864586,-66.78125,0.10375604
2023-11-27T12:00:00Z,0.0,-66.864586,-66.78125,0.13416047
2023-11-28T12:00:00Z,0.0,-66.864586,-66.78125,0.12558748
2023-11-29T12:00:00Z,0.0,-66.864586,-66.78125,0.1169732
2023-11-30T12:00:00Z,0.0,-66.864586,-66.78125,0.15605852
2023-12-02T12:00:00Z,0.0,-66.864586,-66.78125,0.11051433
2023-12-03T12:00:00Z,0.0,-66.864586,-66.78125,0.12901784
2023-12-04T12:00:00Z,0.0,-66.864586,-66.78125,0.1112686
2023-12-05T12:00:00Z,0.0,-66.864586,-66.78125,0.13394654
2023-12-06T12:00:00Z,0.0,-66.864586,-66.78125,0.19560489
2023-12-07T12:00:00Z,0.0,-66.864586,-66.78125,0.15146995
2023-12-08T12:00:00Z,0.0,-66.864586,-66.78125,0.14005767
2023-12-09T12:00:00Z,0.0,-66.864586,-66.78125,0.15639327
2023-12-10T12:00:00Z,0.0,-66.864586,-66.78125,0.19766892
2023-12-11T12:00:00Z,0.0,-66.864586,-66.78125,0.2077034
2023-12-12T12:00:00Z,0.0,-66.864586,-66.78125,0.21203157
2023-12-13T12:00:00Z,0.0,-66.864586,-66.78125,0.2382736
2023-12-14T12:00:00Z,0.0,-66.864586,-66.78125,0.22622776
2023-12-15T12:00:00Z,0.0,-66.864586,-66.78125,0.22280908
2023-12-16T12:00:00Z,0.0,-66.864586,-66.78125,0.29039675
2023-12-17T12:00:00Z,0.0,-66.864586,-66.78125,0.25020397
2023-12-18T12:00:00Z,0.0,-66.864586,-66.78125,0.2496428
2023-12-19T12:00:00Z,0.0,-66.864586,-66.78125,0.2145797
2023-12-20T12:00:00Z,0.0,-66.864586,-66.78125,0.21386415
2023-12-21T12:00:00Z,0.0,-66.864586,-66.78125,0.20202425
2023-12-22T12:00:00Z,0.0,-66.864586,-66.78125,0.19605511
2023-12-23T12:00:00Z,0.0,-66.864586,-66.78125,0.17762452
2023-12-25T12:00:00Z,0.0,-66.864586,-66.78125,0.18320215
2023-12-26T12:00:00Z,0.0,-66.864586,-66.78125,0.1722239
2023-12-27T12:00:00Z,0.0,-66.864586,-66.78125,0.20761947
2023-12-28T12:00:00Z,0.0,-66.864586,-66.78125,0.22905898
2023-12-29T12:00:00Z,0.0,-66.864586,-66.78125,0.23801142
2023-12-30T12:00:00Z,0.0,-66.864586,-66.78125,0.22029404
2023-12-31T12:00:00Z,0.0,-66.864586,-66.78125,0.22291744
