time,altitude,latitude,longitude,chlor_a
UTC,m,degrees_north,degrees_east,mg m^-3
2018-01-01T12:00:00Z,0.0,-64.677086,-62.614582,0.68460095
2018-01-02T12:00:00Z,0.0,-64.677086,-62.614582,0.7279929
2018-01-03T12:00:00Z,0.0,-64.677086,-62.614582,0.7254968
2018-01-04T12:00:00Z,0.0,-64.677086,-62.614582,0.77065164
2018-01-05T12:00:00Z,0.0,-64.677086,-62.614582,0.5539591
2018-01-06T12:00:00Z,0.0,-64.677086,-62.614582,0.48559755
2018-01-07T12:00:00Z,0.0,-64.677086,-62.614582,0.47698912
2018-01-08T12:00:00Z,0.0,-64.677086,-62.614582,0.43092105
2018-01-09T12:00:00Z,0.0,-64.677086,-62.614582,0.40611666
2018-01-10T12:00:00Z,0.0,-64.677086,-62.614582,0.38560572
2018-01-11T12:00:00Z,0.0,-64.677086,-62.614582,0.39067125
2018-01-12T12:00:00Z,0.0,-64.677086,-62.614582,0.47298595
2018-01-13T12:00:00Z,0.0,-64.677086,-62.614582,0.29491428
2018-01-14T12:00:00Z,0.0,-64.677086,-62.614582,0.25873438
2018-01-15T12:00:00Z,0.0,-64.677086,-62.614582,0.23393954
2018-01-16T12:00:00Z,0.0,-64.677086,-62.614582,0.22014408
2018-01-17T12:00:00Z,0.0,-64.677086,-62.614582,0.19286345
2018-01-18T12:00:00Z,0.0,-64.677086,-62.614582,0.1886585
2018-01-19T12:00:00Z,0.0,-64.677086,-62.614582,0.19395193
2018-01-20T12:00:00Z,0.0,-64.677086,-62.614582,0.19529694
2018-01-21T12:00:00Z,0.0,-64.677086,-62.614582,0.1616944
2018-01-22T12:00:00Z,0.0,-64.677086,-62.614582,0.2829631
2018-01-23T12:00:00Z,0.0,-64.677086,-62.614582,0.28872216
2018-01-24T12:00:00Z,0.0,-64.677086,-62.614582,0.27309263
2018-01-25T12:00:00Z,0.0,-64.677086,-62.614582,0.2850433
2018-01-26T12:00:00Z,0.0,-64.677086,-62.614582,0.30191532
2018-01-27T12:00:00Z,0.0,-64.677086,-62.614582,0.29684794
2018-01-28T12:00:00Z,0.0,-64.677086,-62.614582,0.31574145
2018-01-29T12:00:00Z,0.0,-64.677086,-62.614582,0.26193655
2018-01-30T12:00:00Z,0.0,-64.677086,-62.614582,0.29791042
2018-01-31T12:00:00Z,0.0,-64.677086,-62.614582,0.3243858
2018-02-01T12:00:00Z,0.0,-64.677086,-62.614582,0.32506225
2018-02-02T12:00:00Z,0.0,-64.677086,-62.614582,0.31680176
2018-02-03T12:00:00Z,0.0,-64.677086,-62.614582,0.30110875
2018-02-04T12:00:00Z,0.0,-64.677086,-62.614582,0.32942286
2018-02-05T12:00:00Z,0.0,-64.677086,-62.614582,0.3387234
2018-02-06T12:00:00Z,0.0,-64.677086,-62.614582,0.33784518
2018-02-07T12:00:00Z,0.0,-64.677086,-62.614582,0.37129351
2018-02-08T12:00:00Z,0.0,-64.677086,-62.614582,0.37811768
2018-02-09T12:00:00Z,0.0,-64.677086,-62.614582,0.34485474
2018-02-10T12:00:00Z,0.0,-64.677086,-62.614582,0.22187875
2018-02-11T12:00:00Z,0.0,-64.677086,-62.614582,0.21515478
2018-02-12T12:00:00Z,0.0,-64.677086,-62.614582,0.21211194
2018-02-13T12:00:00Z,0.0,-64.677086,-62.614582,0.20003247
2018-02-14T12:00:00Z,0.0,-64.677086,-62.614582,0.17542818
2018-02-15T12:00:00Z,0.0,-64.677086,-62.614582,0.2753027
2018-02-16T12:00:00Z,0.0,-64.677086,-62.614582,0.28298715
2018-02-17T12:00:00Z,0.0,-64.677086,-62.614582,0.29005432
2018-02-18T12:00:00Z,0.0,-64.677086,-62.614582,0.29875085
2018-02-19T12:00:00Z,0.0,-64.677086,-62.614582,0.30429
2018-02-20T12:00:00Z,0.0,-64.677086,-62.614582,0.31711432
2018-02-21T12:00:00Z,0.0,-64.677086,-62.614582,0.35276902
2018-02-22T12:00:00Z,0.0,-64.677086,-62.614582,0.31825975
2018-02-23T12:00:00Z,0.0,-64.677086,-62.614582,0.32598656
2018-02-24T12:00:00Z,0.0,-64.677086,-62.614582,0.3157681
2018-02-25T12:00:00Z,0.0,-64.677086,-62.614582,0.37271243
2018-02-26T12:00:00Z,0.0,-64.677086,-62.614582,0.3845536
2018-02-27T12:00:00Z,0.0,-64.677086,-62.614582,0.37101078
2018-02-28T12:00:00Z,0.0,-64.677086,-62.614582,0.3589747
2018-03-01T12:00:00Z,0.0,-64.677086,-62.614582,0.3842369
2018-03-02T12:00:00Z,0.0,-64.677086,-62.614582,0.5168651
2018-03-03T12:00:00Z,0.0,-64.677086,-62.614582,0.4723128
2018-03-04T12:00:00Z,0.0,-64.677086,-62.614582,0.43867362
2018-03-05T12:00:00Z,0.0,-64.677086,-62.614582,0.45359728
2018-03-06T12:00:00Z,0.0,-64.677086,-62.614582,0.52565956
2018-03-07T12:00:00Z,0.0,-64.677086,-62.614582,0.4487722
2018-03-08T12:00:00Z,0.0,-64.677086,-62.614582,0.40678096
2018-03-09T12:00:00Z,0.0,-64.677086,-62.614582,0.38320407
2018-03-10T12:00:00Z,0.0,-64.677086,-62.614582,0.3344225
2018-03-11T12:00:00Z,0.0,-64.677086,-62.614582,0.25865516
2018-03-12T12:00:00Z,0.0,-64.677086,-62.614582,0.19861042
2018-03-13T12:00:00Z,0.0,-64.677086,-62.614582,0.21386272
2018-03-14T12:00:00Z,0.0,-64.677086,-62.614582,0.25711292
2018-03-15T12:00:00Z,0.0,-64.677086,-62.614582,NaN
2018-03-16T12:00:00Z,0.0,-64.677086,-62.614582,NaN
2018-03-17T12:00:00Z,0.0,-64.677086,-62.614582,NaN
2018-03-18T12:00:00Z,0.0,-64.677086,-62.614582,NaN
2018-03-19T12:00:00Z,0.0,-64.677086,-62.614582,NaN
2018-03-20T12:00:00Z,0.0,-64.677086,-62.614582,NaN
2018-03-21T12:00:00Z,0.0,-64.677086,-62.614582,NaN
2018-03-22T12:00:00Z,0.0,-64.677086,-62.614582,NaN
2018-03-23T12:00:00Z,0.0,-64.677086,-62.614582,NaN
2018-03-24T12:00:00Z,0.0,-64.677086,-62.614582,NaN
2018-03-25T12:00:00Z,0.0,-64.677086,-62.614582,NaN
2018-03-26T12:00:00Z,0.0,-64.677086,-62.614582,NaN
2018-03-27T12:00:00Z,0.0,-64.677086,-62.614582,NaN
2018-03-28T12:00:00Z,0.0,-64.677086,-62.614582,NaN
2018-03-29T12:00:00Z,0.0,-64.677086,-62.614582,NaN
2018-03-30T12:00:00Z,0.0,-64.677086,-62.614582,NaN
2018-03-31T12:00:00Z,0.0,-64.677086,-62.614582,NaN
2018-04-01T12:00:00Z,0.0,-64.677086,-62.614582,NaN
2018-04-02T12:00:00Z,0.0,-64.677086,-62.614582,NaN
2018-04-03T12:00:00Z,0.0,-64.677086,-62.614582,NaN
2018-04-04T12:00:00Z,0.0,-64.677086,-62.614582,NaN
2018-04-05T12:00:00Z,0.0,-64.677086,-62.614582,NaN
2018-04-06T12:00:00Z,0.0,-64.677086,-62.614582,NaN
2018-04-07T12:00:00Z,0.0,-64.677086,-62.614582,NaN
2018-04-08T12:00:00Z,0.0,-64.677086,-62.614582,NaN
2018-04-09T12:00:00Z,0.0,-64.677086,-62.614582,NaN
2018-04-10T12:00:00Z,0.0,-64.677086,-62.614582,NaN
2018-04-11T12:00:00Z,0.0,-64.677086,-62.614582,NaN
2018-04-12T12:00:00Z,0.0,-64.677086,-62.614582,NaN
2018-04-13T12:00:00Z,0.0,-64.677086,-62.614582,NaN
2018-04-14T12:00:00Z,0.0,-64.677086,-62.614582,NaN
2018-04-15T12:00:00Z,0.0,-64.677086,-62.614582,NaN
2018-04-16T12:00:00Z,0.0,-64.677086,-62.614582,NaN
2018-04-17T12:00:00Z,0.0,-64.677086,-62.614582,NaN
2018-04-18T12:00:00Z,0.0,-64.677086,-62.614582,NaN
2018-04-19T12:00:00Z,0.0,-64.677086,-62.614582,NaN
2018-04-20T12:00:00Z,0.0,-64.677086,-62.614582,NaN
2018-04-21T12:00:00Z,0.0,-64.677086,-62.614582,NaN
2018-04-22T12:00:00Z,0.0,-64.677086,-62.614582,NaN
2018-04-23T12:00:00Z,0.0,-64.677086,-62.614582,NaN
2018-04-24T12:00:00Z,0.0,-64.677086,-62.614582,NaN
2018-04-25T12:00:00Z,0.0,-64.677086,-62.614582,NaN
2018-04-26T12:00:00Z,0.0,-64.677086,-62.614582,NaN
2018-04-27T12:00:00Z,0.0,-64.677086,-62.614582,NaN
2018-04-28T12:00:00Z,0.0,-64.677086,-62.614582,NaN
2018-04-29T12:00:00Z,0.0,-64.677086,-62.614582,NaN
2018-04-30T12:00:00Z,0.0,-64.677086,-62.614582,NaN
2018-05-01T12:00:00Z,0.0,-64.677086,-62.614582,NaN
2018-05-02T12:00:00Z,0.0,-64.677086,-62.614582,NaN
2018-05-03T12:00:00Z,0.0,-64.677086,-62.614582,NaN
2018-05-04T12:00:00Z,0.0,-64.677086,-62.614582,NaN
2018-05-05T12:00:00Z,0.0,-64.677086,-62.614582,NaN
2018-05-06T12:00:00Z,0.0,-64.677086,-62.614582,NaN
2018-05-07T12:00:00Z,0.0,-64.677086,-62.614582,NaN
2018-05-08T12:00:00Z,0.0,-64.677086,-62.614582,NaN
2018-05-09T12:00:00Z,0.0,-64.677086,-62.614582,NaN
2018-05-10T12:00:00Z,0.0,-64.677086,-62.614582,NaN
2018-05-11T12:00:00Z,0.0,-64.677086,-62.614582,NaN
2018-05-12T12:00:00Z,0.0,-64.677086,-62.614582,NaN
2018-05-13T12:00:00Z,0.0,-64.677086,-62.614582,NaN
2018-05-14T12:00:00Z,0.0,-64.677086,-62.614582,NaN
2018-05-15T12:00:00Z,0.0,-64.677086,-62.614582,NaN
2018-05-16T12:00:00Z,0.0,-64.677086,-62.614582,NaN
2018-05-17T12:00:00Z,0.0,-64.677086,-62.614582,NaN
2018-05-18T12:00:00Z,0.0,-64.677086,-62.614582,NaN
2018-05-19T12:00:00Z,0.0,-64.677086,-62.614582,NaN
2018-05-20T12:00:00Z,0.0,-64.677086,-62.614582,NaN
2018-05-21T12:00:00Z,0.0,-64.677086,-62.614582,NaN
2018-05-22T12:00:00Z,0.0,-64.677086,-62.614582,NaN
2018-05-23T12:00:00Z,0.0,-64.677086,-62.614582,NaN
2018-05-24T12:00:00Z,0.0,-64.677086,-62.614582,NaN
2018-05-25T12:00:00Z,0.0,-64.677086,-62.614582,NaN
2018-05-26T12:00:00Z,0.0,-64.677086,-62.614582,NaN
2018-05-27T12:00:00Z,0.0,-64.677086,-62.614582,NaN
2018-05-28T12:00:00Z,0.0,-64.677086,-62.614582,NaN
2018-05-29T12:00:00Z,0.0,-64.677086,-62.614582,NaN
2018-05-30T12:00:00Z,0.0,-64.677086,-62.614582,NaN
2018-05-31T12:00:00Z,0.0,-64.677086,-62.614582,NaN
2018-06-01T12:00:00Z,0.0,-64.677086,-62.614582,NaN
2018-06-02T12:00:00Z,0.0,-64.677086,-62.614582,NaN
2018-06-03T12:00:00Z,0.0,-64.677086,-62.614582,NaN
2018-06-04T12:00:00Z,0.0,-64.677086,-62.614582,NaN
2018-06-05T12:00:00Z,0.0,-64.677086,-62.614582,NaN
2018-06-06T12:00:00Z,0.0,-64.677086,-62.614582,NaN
2018-06-07T12:00:00Z,0.0,-64.677086,-62.614582,NaN
2018-06-08T12:00:00Z,0.0,-64.677086,-62.614582,NaN
2018-06-09T12:00:00Z,0.0,-64.677086,-62.614582,NaN
2018-06-10T12:00:00Z,0.0,-64.677086,-62.614582,NaN
2018-06-11T12:00:00Z,0.0,-64.677086,-62.614582,NaN
2018-06-12T12:00:00Z,0.0,-64.677086,-62.614582,NaN
2018-06-13T12:00:00Z,0.0,-64.677086,-62.614582,NaN
2018-06-14T12:00:00Z,0.0,-64.677086,-62.614582,NaN
2018-06-15T12:00:00Z,0.0,-64.677086,-62.614582,NaN
2018-06-16T12:00:00Z,0.0,-64.677086,-62.614582,NaN
2018-06-17T12:00:00Z,0.0,-64.677086,-62.614582,NaN
2018-06-18T12:00:00Z,0.0,-64.677086,-62.614582,NaN
2018-06-19T12:00:00Z,0.0,-64.677086,-62.614582,NaN
2018-06-20T12:00:00Z,0.0,-64.677086,-62.614582,NaN
2018-06-21T12:00:00Z,0.0,-64.677086,-62.614582,NaN
2018-06-22T12:00:00Z,0.0,-64.677086,-62.614582,NaN
2018-06-23T12:00:00Z,0.0,-64.677086,-62.614582,NaN
2018-06-24T12:00:00Z,0.0,-64.677086,-62.614582,NaN
2018-06-25T12:00:00Z,0.0,-64.677086,-62.614582,NaN
2018-06-26T12:00:00Z,0.0,-64.677086,-62.614582,NaN
2018-06-27T12:00:00Z,0.0,-64.677086,-62.614582,NaN
2018-06-28T12:00:00Z,0.0,-64.677086,-62.614582,NaN
2018-06-29T12:00:00Z,0.0,-64.677086,-62.614582,NaN
2018-06-30T12:00:00Z,0.0,-64.677086,-62.614582,NaN
2018-07-01T12:00:00Z,0.0,-64.677086,-62.614582,NaN
2018-07-02T12:00:00Z,0.0,-64.677086,-62.614582,NaN
2018-07-03T12:00:00Z,0.0,-64.677086,-62.614582,NaN
2018-07-04T12:00:00Z,0.0,-64.677086,-62.614582,NaN
2018-07-05T12:00:00Z,0.0,-64.677086,-62.614582,NaN
2018-07-06T12:00:00Z,0.0,-64.677086,-62.614582,NaN
2018-07-07T12:00:00Z,0.0,-64.677086,-62.614582,NaN
2018-07-08T12:00:00Z,0.0,-64.677086,-62.614582,NaN
2018-07-09T12:00:00Z,0.0,-64.677086,-62.614582,NaN
2018-07-10T12:00:00Z,0.0,-64.677086,-62.614582,NaN
2018-07-11T12:00:00Z,0.0,-64.677086,-62.614582,NaN
2018-07-12T12:00:00Z,0.0,-64.677086,-62.614582,NaN
2018-07-13T12:00:00Z,0.0,-64.677086,-62.614582,NaN
2018-07-14T12:00:00Z,0.0,-64.677086,-62.614582,NaN
2018-07-15T12:00:00Z,0.0,-64.677086,-62.614582,NaN
2018-07-16T12:00:00Z,0.0,-64.677086,-62.614582,NaN
2018-07-17T12:00:00Z,0.0,-64.677086,-62.614582,NaN
2018-07-18T12:00:00Z,0.0,-64.677086,-62.614582,NaN
2018-07-19T12:00:00Z,0.0,-64.677086,-62.614582,NaN
2018-07-20T12:00:00Z,0.0,-64.677086,-62.614582,NaN
2018-07-21T12:00:00Z,0.0,-64.677086,-62.614582,NaN
2018-07-22T12:00:00Z,0.0,-64.677086,-62.614582,NaN
2018-07-23T12:00:00Z,0.0,-64.677086,-62.614582,NaN
2018-07-24T12:00:00Z,0.0,-64.677086,-62.614582,NaN
2018-07-25T12:00:00Z,0.0,-64.677086,-62.614582,NaN
2018-07-26T12:00:00Z,0.0,-64.677086,-62.614582,NaN
2018-07-27T12:00:00Z,0.0,-64.677086,-62.614582,NaN
2018-07-28T12:00:00Z,0.0,-64.677086,-62.614582,NaN
2018-07-29T12:00:00Z,0.0,-64.677086,-62.614582,NaN
2018-07-30T12:00:00Z,0.0,-64.677086,-62.614582,NaN
2018-07-31T12:00:00Z,0.0,-64.677086,-62.614582,NaN
2018-08-01T12:00:00Z,0.0,-64.677086,-62.614582,NaN
2018-08-02T12:00:00Z,0.0,-64.677086,-62.614582,NaN
2018-08-03T12:00:00Z,0.0,-64.677086,-62.614582,NaN
2018-08-04T12:00:00Z,0.0,-64.677086,-62.614582,NaN
2018-08-05T12:00:00Z,0.0,-64.677086,-62.614582,NaN
2018-08-06T12:00:00Z,0.0,-64.677086,-62.614582,NaN
2018-08-07T12:00:00Z,0.0,-64.677086,-62.614582,NaN
2018-08-08T12:00:00Z,0.0,-64.677086,-62.614582,NaN
2018-08-09T12:00:00Z,0.0,-64.677086,-62.614582,NaN
2018-08-10T12:00:00Z,0.0,-64.677086,-62.614582,NaN
2018-08-11T12:00:00Z,0.0,-64.677086,-62.614582,NaN
2018-08-12T12:00:00Z,0.0,-64.677086,-62.614582,NaN
2018-08-13T12:00:00Z,0.0,-64.677086,-62.614582,NaN
2018-08-14T12:00:00Z,0.0,-64.677086,-62.614582,NaN
2018-08-15T12:00:00Z,0.0,-64.677086,-62.614582,NaN
2018-08-16T12:00:00Z,0.0,-64.677086,-62.614582,NaN
2018-08-17T12:00:00Z,0.0,-64.677086,-62.614582,NaN
2018-08-18T12:00:00Z,0.0,-64.677086,-62.614582,NaN
2018-08-19T12:00:00Z,0.0,-64.677086,-62.614582,NaN
2018-08-20T12:00:00Z,0.0,-64.677086,-62.614582,NaN
2018-08-21T12:00:00Z,0.0,-64.677086,-62.614582,NaN
2018-08-22T12:00:00Z,0.0,-64.677086,-62.614582,NaN
2018-08-23T12:00:00Z,0.0,-64.677086,-62.614582,NaN
2018-08-24T12:00:00Z,0.0,-64.677086,-62.614582,NaN
2018-08-25T12:00:00Z,0.0,-64.677086,-62.614582,NaN
2018-08-26T12:00:00Z,0.0,-64.677086,-62.614582,NaN
2018-08-27T12:00:00Z,0.0,-64.677086,-62.614582,NaN
2018-08-28T12:00:00Z,0.0,-64.677086,-62.614582,NaN
2018-08-29T12:00:00Z,0.0,-64.677086,-62.614582,NaN
2018-08-30T12:00:00Z,0.0,-64.677086,-62.614582,NaN
2018-08-31T12:00:00Z,0.0,-64.677086,-62.614582,NaN
2018-09-01T12:00:00Z,0.0,-64.677086,-62.614582,NaN
2018-09-02T12:00:00Z,0.0,-64.677086,-62.614582,NaN
2018-09-03T12:00:00Z,0.0,-64.677086,-62.614582,NaN
2018-09-04T12:00:00Z,0.0,-64.677086,-62.614582,NaN
2018-09-05T12:00:00Z,0.0,-64.677086,-62.614582,NaN
2018-09-06T12:00:00Z,0.0,-64.677086,-62.614582,NaN
2018-09-07T12:00:00Z,0.0,-64.677086,-62.614582,NaN
2018-09-08T12:00:00Z,0.0,-64.677086,-62.614582,NaN
2018-09-09T12:00:00Z,0.0,-64.677086,-62.614582,NaN
2018-09-10T12:00:00Z,0.0,-64.677086,-62.614582,NaN
2018-09-11T12:00:00Z,0.0,-64.677086,-62.614582,NaN
2018-09-12T12:00:00Z,0.0,-64.677086,-62.614582,NaN
2018-09-13T12:00:00Z,0.0,-64.677086,-62.614582,NaN
2018-09-14T12:00:00Z,0.0,-64.677086,-62.614582,NaN
2018-09-15T12:00:00Z,0.0,-64.677086,-62.614582,NaN
2018-09-16T12:00:00Z,0.0,-64.677086,-62.614582,NaN
2018-09-17T12:00:00Z,0.0,-64.677086,-62.614582,NaN
2018-09-18T12:00:00Z,0.0,-64.677086,-62.614582,NaN
2018-09-19T12:00:00Z,0.0,-64.677086,-62.614582,NaN
2018-09-20T12:00:00Z,0.0,-64.677086,-62.614582,NaN
2018-09-21T12:00:00Z,0.0,-64.677086,-62.614582,NaN
2018-09-22T12:00:00Z,0.0,-64.677086,-62.614582,NaN
2018-09-23T12:00:00Z,0.0,-64.677086,-62.614582,NaN
2018-09-24T12:00:00Z,0.0,-64.677086,-62.614582,NaN
2018-09-25T12:00:00Z,0.0,-64.677086,-62.614582,NaN
2018-09-26T12:00:00Z,0.0,-64.677086,-62.614582,NaN
2018-09-27T12:00:00Z,0.0,-64.677086,-62.614582,NaN
2018-09-28T12:00:00Z,0.0,-64.677086,-62.614582,NaN
2018-09-29T12:00:00Z,0.0,-64.677086,-62.614582,NaN
2018-09-30T12:00:00Z,0.0,-64.677086,-62.614582,NaN
2018-10-01T12:00:00Z,0.0,-64.677086,-62.614582,NaN
2018-10-02T12:00:00Z,0.0,-64.677086,-62.614582,NaN
2018-10-03T12:00:00Z,0.0,-64.677086,-62.614582,NaN
2018-10-04T12:00:00Z,0.0,-64.677086,-62.614582,NaN
2018-10-05T12:00:00Z,0.0,-64.677086,-62.614582,NaN
2018-10-06T12:00:00Z,0.0,-64.677086,-62.614582,NaN
2018-10-07T12:00:00Z,0.0,-64.677086,-62.614582,NaN
2018-10-08T12:00:00Z,0.0,-64.677086,-62.614582,NaN
2018-10-09T12:00:00Z,0.0,-64.677086,-62.614582,NaN
2018-10-10T12:00:00Z,0.0,-64.677086,-62.614582,NaN
2018-10-11T12:00:00Z,0.0,-64.677086,-62.614582,NaN
2018-10-12T12:00:00Z,0.0,-64.677086,-62.614582,NaN
2018-10-13T12:00:00Z,0.0,-64.677086,-62.614582,NaN
2018-10-14T12:00:00Z,0.0,-64.677086,-62.614582,NaN
2018-10-15T12:00:00Z,0.0,-64.677086,-62.614582,NaN
2018-10-16T12:00:00Z,0.0,-64.677086,-62.614582,NaN
2018-10-17T12:00:00Z,0.0,-64.677086,-62.614582,NaN
2018-10-18T12:00:00Z,0.0,-64.677086,-62.614582,NaN
2018-10-19T12:00:00Z,0.0,-64.677086,-62.614582,NaN
2018-10-20T12:00:00Z,0.0,-64.677086,-62.614582,NaN
2018-10-21T12:00:00Z,0.0,-64.677086,-62.614582,0.08167791
2018-10-22T12:00:00Z,0.0,-64.677086,-62.614582,0.09169915
2018-10-23T12:00:00Z,0.0,-64.677086,-62.614582,0.08585575
2018-10-24T12:00:00Z,0.0,-64.677086,-62.614582,0.07622458
2018-10-25T12:00:00Z,0.0,-64.677086,-62.614582,0.101087674
2018-10-26T12:00:00Z,0.0,-64.677086,-62.614582,0.10302949
2018-10-27T12:00:00Z,0.0,-64.677086,-62.614582,0.095943026
2018-10-28T12:00:00Z,0.0,-64.677086,-62.614582,0.107153654
2018-10-29T12:00:00Z,0.0,-64.677086,-62.614582,0.09578342
2018-10-30T12:00:00Z,0.0,-64.677086,-62.614582,0.08743941
2018-10-31T12:00:00Z,0.0,-64.677086,-62.614582,0.09353394
2018-11-01T12:00:00Z,0.0,-64.677086,-62.614582,0.10542638
2018-11-02T12:00:00Z,0.0,-64.677086,-62.614582,0.09407392
2018-11-03T12:00:00Z,0.0,-64.677086,-62.614582,0.096191354
2018-11-04T12:00:00Z,0.0,-64.677086,-62.614582,0.09985706
2018-11-05T12:00:00Z,0.0,-64.677086,-62.614582,0.0959346
2018-11-06T12:00:00Z,0.0,-64.677086,-62.614582,0.094517715
2018-11-07T12:00:00Z,0.0,-64.677086,-62.614582,0.095423
2018-11-08T12:00:00Z,0.0,-64.677086,-62.614582,0.104506895
2018-11-09T12:00:00Z,0.0,-64.677086,-62.614582,0.082136326
2018-11-10T12:00:00Z,0.0,-64.677086,-62.614582,0.08813163
2018-11-11T12:00:00Z,0.0,-64.677086,-62.614582,0.08323687
2018-11-12T12:00:00Z,0.0,-64.677086,-62.614582,0.11004875
2018-11-13T12:00:00Z,0.0,-64.677086,-62.614582,0.076592125
2018-11-14T12:00:00Z,0.0,-64.677086,-62.614582,0.07803882
2018-11-15T12:00:00Z,0.0,-64.677086,-62.614582,0.08459156
2018-11-16T12:00:00Z,0.0,-64.677086,-62.614582,0.08124372
2018-11-17T12:00:00Z,0.0,-64.677086,-62.614582,0.10166094
2018-11-18T12:00:00Z,0.0,-64.677086,-62.614582,0.10126381
2018-11-19T12:00:00Z,0.0,-64.677086,-62.614582,0.09200568
2018-11-20T12:00:00Z,0.0,-64.677086,-62.614582,0.09469969
2018-11-21T12:00:00Z,0.0,-64.677086,-62.614582,0.0978814
2018-11-22T12:00:00Z,0.0,-64.677086,-62.614582,0.10368688
2018-11-23T12:00:00Z,0.0,-64.677086,-62.614582,0.10317542
2018-11-24T12:00:00Z,0.0,-64.677086,-62.614582,0.10253432
2018-11-25T12:00:00Z,0.0,-64.677086,-62.614582,0.11390252
2018-11-26T12:00:00Z,0.0,-64.677086,-62.614582,0.120330505
2018-11-27T12:00:00Z,0.0,-64.677086,-62.614582,0.19030064
2018-11-28T12:00:00Z,0.0,-64.677086,-62.614582,0.21132638
2018-11-29T12:00:00Z,0.0,-64.677086,-62.614582,0.24391875
2018-11-30T12:00:00Z,0.0,-64.677086,-62.614582,0.2541099
2018-12-01T12:00:00Z,0.0,-64.677086,-62.614582,0.2959056
2018-12-02T12:00:00Z,0.0,-64.677086,-62.614582,0.30256504
2018-12-03T12:00:00Z,0.0,-64.677086,-62.614582,0.22399433
2018-12-04T12:00:00Z,0.0,-64.677086,-62.614582,0.21789597
2018-12-05T12:00:00Z,0.0,-64.677086,-62.614582,0.11291443
2018-12-06T12:00:00Z,0.0,-64.677086,-62.614582,0.11652426
2018-12-07T12:00:00Z,0.0,-64.677086,-62.614582,0.09569602
2018-12-08T12:00:00Z,0.0,-64.677086,-62.614582,0.10729851
2018-12-09T12:00:00Z,0.0,-64.677086,-62.614582,0.10099643
2018-12-10T12:00:00Z,0.0,-64.677086,-62.614582,0.14679906
2018-12-11T12:00:00Z,0.0,-64.677086,-62.614582,0.1517945
2018-12-12T12:00:00Z,0.0,-64.677086,-62.614582,0.15722564
2018-12-13T12:00:00Z,0.0,-64.677086,-62.614582,0.1575846
2018-12-14T12:00:00Z,0.0,-64.677086,-62.614582,0.15789753
2018-12-15T12:00:00Z,0.0,-64.677086,-62.614582,0.14351307
2018-12-16T12:00:00Z,0.0,-64.677086,-62.614582,0.18658084
2018-12-17T12:00:00Z,0.0,-64.677086,-62.614582,0.22397701
2018-12-18T12:00:00Z,0.0,-64.677086,-62.614582,0.25423002
2018-12-19T12:00:00Z,0.0,-64.677086,-62.614582,0.22892421
2018-12-20T12:00:00Z,0.0,-64.677086,-62.614582,0.25523797
2018-12-21T12:00:00Z,0.0,-64.677086,-62.614582,0.25405937
2018-12-22T12:00:00Z,0.0,-64.677086,-62.614582,0.28045467
2018-12-23T12:00:00Z,0.0,-64.677086,-62.614582,0.27873382
2018-12-24T12:00:00Z,0.0,-64.677086,-62.614582,0.29652658
2018-12-25T12:00:00Z,0.0,-64.677086,-62.614582,0.28575
2018-12-26T12:00:00Z,0.0,-64.677086,-62.614582,0.34744057
2018-12-27T12:00:00Z,0.0,-64.677086,-62.614582,0.4540477
2018-12-28T12:00:00Z,0.0,-64.677086,-62.614582,0.46108252
2018-12-29T12:00:00Z,0.0,-64.677086,-62.614582,0.4848789
2018-12-30T12:00:00Z,0.0,-64.677086,-62.614582,0.52591336
2018-12-31T12:00:00Z,0.0,-64.677086,-62.614582,0.52664655
2019-01-01T12:00:00Z,0.0,-64.677086,-62.614582,0.59645677
2019-01-02T12:00:00Z,0.0,-64.677086,-62.614582,0.47030973
2019-01-03T12:00:00Z,0.0,-64.677086,-62.614582,0.35768026
2019-01-04T12:00:00Z,0.0,-64.677086,-62.614582,0.2969442
2019-01-05T12:00:00Z,0.0,-64.677086,-62.614582,0.29991317
2019-01-06T12:00:00Z,0.0,-64.677086,-62.614582,0.3207506
2019-01-07T12:00:00Z,0.0,-64.677086,-62.614582,0.31039807
2019-01-08T12:00:00Z,0.0,-64.677086,-62.614582,0.32147786
2019-01-09T12:00:00Z,0.0,-64.677086,-62.614582,0.34620225
2019-01-10T12:00:00Z,0.0,-64.677086,-62.614582,0.34501058
2019-01-11T12:00:00Z,0.0,-64.677086,-62.614582,0.350101
2019-01-12T12:00:00Z,0.0,-64.677086,-62.614582,0.3695206
2019-01-13T12:00:00Z,0.0,-64.677086,-62.614582,0.36032993
2019-01-14T12:00:00Z,0.0,-64.677086,-62.614582,0.3484942
2019-01-15T12:00:00Z,0.0,-64.677086,-62.614582,0.3530519
2019-01-16T12:00:00Z,0.0,-64.677086,-62.614582,0.33589756
2019-01-17T12:00:00Z,0.0,-64.677086,-62.614582,0.33270416
2019-01-18T12:00:00Z,0.0,-64.677086,-62.614582,0.33325434
2019-01-19T12:00:00Z,0.0,-64.677086,-62.614582,0.3228354
2019-01-20T12:00:00Z,0.0,-64.677086,-62.614582,0.31554717
2019-01-21T12:00:00Z,0.0,-64.677086,-62.614582,0.33212274
2019-01-22T12:00:00Z,0.0,-64.677086,-62.614582,0.34644872
2019-01-23T12:00:00Z,0.0,-64.677086,-62.614582,0.33820912
2019-01-24T12:00:00Z,0.0,-64.677086,-62.614582,0.32480648
2019-01-25T12:00:00Z,0.0,-64.677086,-62.614582,0.33192128
2019-01-26T12:00:00Z,0.0,-64.677086,-62.614582,0.3223151
2019-01-27T12:00:00Z,0.0,-64.677086,-62.614582,0.31454965
2019-01-28T12:00:00Z,0.0,-64.677086,-62.614582,0.31772268
2019-01-29T12:00:00Z,0.0,-64.677086,-62.614582,0.32034484
2019-01-30T12:00:00Z,0.0,-64.677086,-62.614582,0.31962264
2019-01-31T12:00:00Z,0.0,-64.677086,-62.614582,0.3199635
2019-02-01T12:00:00Z,0.0,-64.677086,-62.614582,0.31504726
2019-02-02T12:00:00Z,0.0,-64.677086,-62.614582,0.29470435
2019-02-03T12:00:00Z,0.0,-64.677086,-62.614582,0.286879
2019-02-04T12:00:00Z,0.0,-64.677086,-62.614582,0.28177664
2019-02-05T12:00:00Z,0.0,-64.677086,-62.614582,0.27137223
2019-02-06T12:00:00Z,0.0,-64.677086,-62.614582,0.2753798
2019-02-07T12:00:00Z,0.0,-64.677086,-62.614582,0.26379713
2019-02-08T12:00:00Z,0.0,-64.677086,-62.614582,0.308131
2019-02-09T12:00:00Z,0.0,-64.677086,-62.614582,0.3084325
2019-02-10T12:00:00Z,0.0,-64.677086,-62.614582,0.24967761
2019-02-11T12:00:00Z,0.0,-64.677086,-62.614582,0.2316062
2019-02-12T12:00:00Z,0.0,-64.677086,-62.614582,0.229582
2019-02-13T12:00:00Z,0.0,-64.677086,-62.614582,0.2275255
2019-02-14T12:00:00Z,0.0,-64.677086,-62.614582,0.21845095
2019-02-15T12:00:00Z,0.0,-64.677086,-62.614582,0.20867603
2019-02-16T12:00:00Z,0.0,-64.677086,-62.614582,0.18870051
2019-02-17T12:00:00Z,0.0,-64.677086,-62.614582,0.18744972
2019-02-18T12:00:00Z,0.0,-64.677086,-62.614582,0.22011681
2019-02-19T12:00:00Z,0.0,-64.677086,-62.614582,0.21905415
2019-02-20T12:00:00Z,0.0,-64.677086,-62.614582,0.21752167
2019-02-21T12:00:00Z,0.0,-64.677086,-62.614582,0.22778323
2019-02-22T12:00:00Z,0.0,-64.677086,-62.614582,0.24100624
2019-02-23T12:00:00Z,0.0,-64.677086,-62.614582,0.25213027
2019-02-24T12:00:00Z,0.0,-64.677086,-62.614582,0.2444089
2019-02-25T12:00:00Z,0.0,-64.677086,-62.614582,0.23860167
2019-02-26T12:00:00Z,0.0,-64.677086,-62.614582,0.23270312
2019-02-27T12:00:00Z,0.0,-64.677086,-62.614582,0.23411578
2019-02-28T12:00:00Z,0.0,-64.677086,-62.614582,0.23684962
2019-03-01T12:00:00Z,0.0,-64.677086,-62.614582,0.229837
2019-03-02T12:00:00Z,0.0,-64.677086,-62.614582,0.21621688
2019-03-03T12:00:00Z,0.0,-64.677086,-62.614582,0.21626964
2019-03-04T12:00:00Z,0.0,-64.677086,-62.614582,0.21477892
2019-03-05T12:00:00Z,0.0,-64.677086,-62.614582,0.20110945
2019-03-06T12:00:00Z,0.0,-64.677086,-62.614582,0.20135808
2019-03-07T12:00:00Z,0.0,-64.677086,-62.614582,0.19450922
2019-03-08T12:00:00Z,0.0,-64.677086,-62.614582,0.1951833
2019-03-09T12:00:00Z,0.0,-64.677086,-62.614582,0.19522887
2019-03-10T12:00:00Z,0.0,-64.677086,-62.614582,0.20121604
2019-03-11T12:00:00Z,0.0,-64.677086,-62.614582,0.19854015
2019-03-12T12:00:00Z,0.0,-64.677086,-62.614582,0.17493254
2019-03-13T12:00:00Z,0.0,-64.677086,-62.614582,0.15438415
2019-03-14T12:00:00Z,0.0,-64.677086,-62.614582,0.16693822
2019-03-15T12:00:00Z,0.0,-64.677086,-62.614582,NaN
2019-03-16T12:00:00Z,0.0,-64.677086,-62.614582,NaN
2019-03-17T12:00:00Z,0.0,-64.677086,-62.614582,NaN
2019-03-18T12:00:00Z,0.0,-64.677086,-62.614582,NaN
2019-03-19T12:00:00Z,0.0,-64.677086,-62.614582,NaN
2019-03-20T12:00:00Z,0.0,-64.677086,-62.614582,NaN
2019-03-21T12:00:00Z,0.0,-64.677086,-62.614582,NaN
2019-03-22T12:00:00Z,0.0,-64.677086,-62.614582,NaN
2019-03-23T12:00:00Z,0.0,-64.677086,-62.614582,NaN
2019-03-24T12:00:00Z,0.0,-64.677086,-62.614582,NaN
2019-03-25T12:00:00Z,0.0,-64.677086,-62.614582,NaN
2019-03-26T12:00:00Z,0.0,-64.677086,-62.614582,NaN
2019-03-27T12:00:00Z,0.0,-64.677086,-62.614582,NaN
2019-03-28T12:00:00Z,0.0,-64.677086,-62.614582,NaN
2019-03-29T12:00:00Z,0.0,-64.677086,-62.614582,NaN
2019-03-30T12:00:00Z,0.0,-64.677086,-62.614582,NaN
2019-03-31T12:00:00Z,0.0,-64.677086,-62.614582,NaN
2019-04-01T12:00:00Z,0.0,-64.677086,-62.614582,NaN
2019-04-02T12:00:00Z,0.0,-64.677086,-62.614582,NaN
2019-04-03T12:00:00Z,0.0,-64.677086,-62.614582,NaN
2019-04-04T12:00:00Z,0.0,-64.677086,-62.614582,NaN
2019-04-05T12:00:00Z,0.0,-64.677086,-62.614582,NaN
2019-04-06T12:00:00Z,0.0,-64.677086,-62.614582,NaN
2019-04-07T12:00:00Z,0.0,-64.677086,-62.614582,NaN
2019-04-08T12:00:00Z,0.0,-64.677086,-62.614582,NaN
2019-04-09T12:00:00Z,0.0,-64.677086,-62.614582,NaN
2019-04-10T12:00:00Z,0.0,-64.677086,-62.614582,NaN
2019-04-11T12:00:00Z,0.0,-64.677086,-62.614582,NaN
2019-04-12T12:00:00Z,0.0,-64.677086,-62.614582,NaN
2019-04-13T12:00:00Z,0.0,-64.677086,-62.614582,NaN
2019-04-14T12:00:00Z,0.0,-64.677086,-62.614582,NaN
2019-04-15T12:00:00Z,0.0,-64.677086,-62.614582,NaN
2019-04-16T12:00:00Z,0.0,-64.677086,-62.614582,NaN
2019-04-17T12:00:00Z,0.0,-64.677086,-62.614582,NaN
2019-04-18T12:00:00Z,0.0,-64.677086,-62.614582,NaN
2019-04-19T12:00:00Z,0.0,-64.677086,-62.614582,NaN
2019-04-20T12:00:00Z,0.0,-64.677086,-62.614582,NaN
2019-04-21T12:00:00Z,0.0,-64.677086,-62.614582,NaN
2019-04-22T12:00:00Z,0.0,-64.677086,-62.614582,NaN
2019-04-23T12:00:00Z,0.0,-64.677086,-62.614582,NaN
2019-04-24T12:00:00Z,0.0,-64.677086,-62.614582,NaN
2019-04-25T12:00:00Z,0.0,-64.677086,-62.614582,NaN
2019-04-26T12:00:00Z,0.0,-64.677086,-62.614582,NaN
2019-04-27T12:00:00Z,0.0,-64.677086,-62.614582,NaN
2019-04-28T12:00:00Z,0.0,-64.677086,-62.614582,NaN
2019-04-29T12:00:00Z,0.0,-64.677086,-62.614582,NaN
2019-04-30T12:00:00Z,0.0,-64.677086,-62.614582,NaN
2019-05-01T12:00:00Z,0.0,-64.677086,-62.614582,NaN
2019-05-02T12:00:00Z,0.0,-64.677086,-62.614582,NaN
2019-05-03T12:00:00Z,0.0,-64.677086,-62.614582,NaN
2019-05-04T12:00:00Z,0.0,-64.677086,-62.614582,NaN
2019-05-05T12:00:00Z,0.0,-64.677086,-62.614582,NaN
2019-05-06T12:00:00Z,0.0,-64.677086,-62.614582,NaN
2019-05-07T12:00:00Z,0.0,-64.677086,-62.614582,NaN
2019-05-08T12:00:00Z,0.0,-64.677086,-62.614582,NaN
2019-05-09T12:00:00Z,0.0,-64.677086,-62.614582,NaN
2019-05-10T12:00:00Z,0.0,-64.677086,-62.614582,NaN
2019-05-11T12:00:00Z,0.0,-64.677086,-62.614582,NaN
2019-05-12T12:00:00Z,0.0,-64.677086,-62.614582,NaN
2019-05-13T12:00:00Z,0.0,-64.677086,-62.614582,NaN
2019-05-14T12:00:00Z,0.0,-64.677086,-62.614582,NaN
2019-05-15T12:00:00Z,0.0,-64.677086,-62.614582,NaN
2019-05-16T12:00:00Z,0.0,-64.677086,-62.614582,NaN
2019-05-17T12:00:00Z,0.0,-64.677086,-62.614582,NaN
2019-05-18T12:00:00Z,0.0,-64.677086,-62.614582,NaN
2019-05-19T12:00:00Z,0.0,-64.677086,-62.614582,NaN
2019-05-20T12:00:00Z,0.0,-64.677086,-62.614582,NaN
2019-05-21T12:00:00Z,0.0,-64.677086,-62.614582,NaN
2019-05-22T12:00:00Z,0.0,-64.677086,-62.614582,NaN
2019-05-23T12:00:00Z,0.0,-64.677086,-62.614582,NaN
2019-05-24T12:00:00Z,0.0,-64.677086,-62.614582,NaN
2019-05-25T12:00:00Z,0.0,-64.677086,-62.614582,NaN
2019-05-26T12:00:00Z,0.0,-64.677086,-62.614582,NaN
2019-05-27T12:00:00Z,0.0,-64.677086,-62.614582,NaN
2019-05-28T12:00:00Z,0.0,-64.677086,-62.614582,NaN
2019-05-29T12:00:00Z,0.0,-64.677086,-62.614582,NaN
2019-05-30T12:00:00Z,0.0,-64.677086,-62.614582,NaN
2019-05-31T12:00:00Z,0.0,-64.677086,-62.614582,NaN
2019-06-01T12:00:00Z,0.0,-64.677086,-62.614582,NaN
2019-06-02T12:00:00Z,0.0,-64.677086,-62.614582,NaN
2019-06-03T12:00:00Z,0.0,-64.677086,-62.614582,NaN
2019-06-04T12:00:00Z,0.0,-64.677086,-62.614582,NaN
2019-06-05T12:00:00Z,0.0,-64.677086,-62.614582,NaN
2019-06-06T12:00:00Z,0.0,-64.677086,-62.614582,NaN
2019-06-07T12:00:00Z,0.0,-64.677086,-62.614582,NaN
2019-06-08T12:00:00Z,0.0,-64.677086,-62.614582,NaN
2019-06-09T12:00:00Z,0.0,-64.677086,-62.614582,NaN
2019-06-10T12:00:00Z,0.0,-64.677086,-62.614582,NaN
2019-06-11T12:00:00Z,0.0,-64.677086,-62.614582,NaN
2019-06-12T12:00:00Z,0.0,-64.677086,-62.614582,NaN
2019-06-13T12:00:00Z,0.0,-64.677086,-62.614582,NaN
2019-06-14T12:00:00Z,0.0,-64.677086,-62.614582,NaN
2019-06-15T12:00:00Z,0.0,-64.677086,-62.614582,NaN
2019-06-16T12:00:00Z,0.0,-64.677086,-62.614582,NaN
2019-06-17T12:00:00Z,0.0,-64.677086,-62.614582,NaN
2019-06-18T12:00:00Z,0.0,-64.677086,-62.614582,NaN
2019-06-19T12:00:00Z,0.0,-64.677086,-62.614582,NaN
2019-06-20T12:00:00Z,0.0,-64.677086,-62.614582,NaN
2019-06-21T12:00:00Z,0.0,-64.677086,-62.614582,NaN
2019-06-22T12:00:00Z,0.0,-64.677086,-62.614582,NaN
2019-06-23T12:00:00Z,0.0,-64.677086,-62.614582,NaN
2019-06-24T12:00:00Z,0.0,-64.677086,-62.614582,NaN
2019-06-25T12:00:00Z,0.0,-64.677086,-62.614582,NaN
2019-06-26T12:00:00Z,0.0,-64.677086,-62.614582,NaN
2019-06-27T12:00:00Z,0.0,-64.677086,-62.614582,NaN
2019-06-28T12:00:00Z,0.0,-64.677086,-62.614582,NaN
2019-06-29T12:00:00Z,0.0,-64.677086,-62.614582,NaN
2019-06-30T12:00:00Z,0.0,-64.677086,-62.614582,NaN
2019-07-01T12:00:00Z,0.0,-64.677086,-62.614582,NaN
2019-07-02T12:00:00Z,0.0,-64.677086,-62.614582,NaN
2019-07-03T12:00:00Z,0.0,-64.677086,-62.614582,NaN
2019-07-04T12:00:00Z,0.0,-64.677086,-62.614582,NaN
2019-07-05T12:00:00Z,0.0,-64.677086,-62.614582,NaN
2019-07-06T12:00:00Z,0.0,-64.677086,-62.614582,NaN
2019-07-07T12:00:00Z,0.0,-64.677086,-62.614582,NaN
2019-07-08T12:00:00Z,0.0,-64.677086,-62.614582,NaN
2019-07-09T12:00:00Z,0.0,-64.677086,-62.614582,NaN
2019-07-10T12:00:00Z,0.0,-64.677086,-62.614582,NaN
2019-07-11T12:00:00Z,0.0,-64.677086,-62.614582,NaN
2019-07-12T12:00:00Z,0.0,-64.677086,-62.614582,NaN
2019-07-13T12:00:00Z,0.0,-64.677086,-62.614582,NaN
2019-07-14T12:00:00Z,0.0,-64.677086,-62.614582,NaN
2019-07-15T12:00:00Z,0.0,-64.677086,-62.614582,NaN
2019-07-16T12:00:00Z,0.0,-64.677086,-62.614582,NaN
2019-07-17T12:00:00Z,0.0,-64.677086,-62.614582,NaN
2019-07-18T12:00:00Z,0.0,-64.677086,-62.614582,NaN
2019-07-19T12:00:00Z,0.0,-64.677086,-62.614582,NaN
2019-07-20T12:00:00Z,0.0,-64.677086,-62.614582,NaN
2019-07-21T12:00:00Z,0.0,-64.677086,-62.614582,NaN
2019-07-22T12:00:00Z,0.0,-64.677086,-62.614582,NaN
2019-07-23T12:00:00Z,0.0,-64.677086,-62.614582,NaN
2019-07-24T12:00:00Z,0.0,-64.677086,-62.614582,NaN
2019-07-25T12:00:00Z,0.0,-64.677086,-62.614582,NaN
2019-07-26T12:00:00Z,0.0,-64.677086,-62.614582,NaN
2019-07-27T12:00:00Z,0.0,-64.677086,-62.614582,NaN
2019-07-28T12:00:00Z,0.0,-64.677086,-62.614582,NaN
2019-07-29T12:00:00Z,0.0,-64.677086,-62.614582,NaN
2019-07-30T12:00:00Z,0.0,-64.677086,-62.614582,NaN
2019-07-31T12:00:00Z,0.0,-64.677086,-62.614582,NaN
2019-08-01T12:00:00Z,0.0,-64.677086,-62.614582,NaN
2019-08-02T12:00:00Z,0.0,-64.677086,-62.614582,NaN
2019-08-03T12:00:00Z,0.0,-64.677086,-62.614582,NaN
2019-08-04T12:00:00Z,0.0,-64.677086,-62.614582,NaN
2019-08-05T12:00:00Z,0.0,-64.677086,-62.614582,NaN
2019-08-06T12:00:00Z,0.0,-64.677086,-62.614582,NaN
2019-08-07T12:00:00Z,0.0,-64.677086,-62.614582,NaN
2019-08-08T12:00:00Z,0.0,-64.677086,-62.614582,NaN
2019-08-09T12:00:00Z,0.0,-64.677086,-62.614582,NaN
2019-08-10T12:00:00Z,0.0,-64.677086,-62.614582,NaN
2019-08-11T12:00:00Z,0.0,-64.677086,-62.614582,NaN
2019-08-12T12:00:00Z,0.0,-64.677086,-62.614582,NaN
2019-08-13T12:00:00Z,0.0,-64.677086,-62.614582,NaN
2019-08-14T12:00:00Z,0.0,-64.677086,-62.614582,NaN
2019-08-15T12:00:00Z,0.0,-64.677086,-62.614582,NaN
2019-08-16T12:00:00Z,0.0,-64.677086,-62.614582,NaN
2019-08-17T12:00:00Z,0.0,-64.677086,-62.614582,NaN
2019-08-18T12:00:00Z,0.0,-64.677086,-62.614582,NaN
2019-08-19T12:00:00Z,0.0,-64.677086,-62.614582,NaN
2019-08-20T12:00:00Z,0.0,-64.677086,-62.614582,NaN
2019-08-21T12:00:00Z,0.0,-64.677086,-62.614582,NaN
2019-08-22T12:00:00Z,0.0,-64.677086,-62.614582,NaN
2019-08-23T12:00:00Z,0.0,-64.677086,-62.614582,NaN
2019-08-24T12:00:00Z,0.0,-64.677086,-62.614582,NaN
2019-08-25T12:00:00Z,0.0,-64.677086,-62.614582,NaN
2019-08-26T12:00:00Z,0.0,-64.677086,-62.614582,NaN
2019-08-27T12:00:00Z,0.0,-64.677086,-62.614582,NaN
2019-08-28T12:00:00Z,0.0,-64.677086,-62.614582,NaN
2019-08-29T12:00:00Z,0.0,-64.677086,-62.614582,NaN
2019-08-30T12:00:00Z,0.0,-64.677086,-62.614582,NaN
2019-08-31T12:00:00Z,0.0,-64.677086,-62.614582,NaN
2019-09-01T12:00:00Z,0.0,-64.677086,-62.614582,NaN
2019-09-02T12:00:00Z,0.0,-64.677086,-62.614582,NaN
2019-09-03T12:00:00Z,0.0,-64.677086,-62.614582,NaN
2019-09-04T12:00:00Z,0.0,-64.677086,-62.614582,NaN
2019-09-05T12:00:00Z,0.0,-64.677086,-62.614582,NaN
2019-09-06T12:00:00Z,0.0,-64.677086,-62.614582,NaN
2019-09-07T12:00:00Z,0.0,-64.677086,-62.614582,NaN
2019-09-08T12:00:00Z,0.0,-64.677086,-62.614582,NaN
2019-09-09T12:00:00Z,0.0,-64.677086,-62.614582,NaN
2019-09-10T12:00:00Z,0.0,-64.677086,-62.614582,NaN
2019-09-11T12:00:00Z,0.0,-64.677086,-62.614582,NaN
2019-09-12T12:00:00Z,0.0,-64.677086,-62.614582,NaN
2019-09-13T12:00:00Z,0.0,-64.677086,-62.614582,NaN
2019-09-14T12:00:00Z,0.0,-64.677086,-62.614582,NaN
2019-09-15T12:00:00Z,0.0,-64.677086,-62.614582,NaN
2019-09-16T12:00:00Z,0.0,-64.677086,-62.614582,NaN
2019-09-17T12:00:00Z,0.0,-64.677086,-62.614582,NaN
2019-09-18T12:00:00Z,0.0,-64.677086,-62.614582,NaN
2019-09-19T12:00:00Z,0.0,-64.677086,-62.614582,NaN
2019-09-20T12:00:00Z,0.0,-64.677086,-62.614582,NaN
2019-09-21T12:00:00Z,0.0,-64.677086,-62.614582,NaN
2019-09-22T12:00:00Z,0.0,-64.677086,-62.614582,NaN
2019-09-23T12:00:00Z,0.0,-64.677086,-62.614582,NaN
2019-09-24T12:00:00Z,0.0,-64.677086,-62.614582,NaN
2019-09-25T12:00:00Z,0.0,-64.677086,-62.614582,NaN
2019-09-26T12:00:00Z,0.0,-64.677086,-62.614582,NaN
2019-09-27T12:00:00Z,0.0,-64.677086,-62.614582,NaN
2019-09-28T12:00:00Z,0.0,-64.677086,-62.614582,NaN
2019-09-29T12:00:00Z,0.0,-64.677086,-62.614582,NaN
2019-09-30T12:00:00Z,0.0,-64.677086,-62.614582,NaN
2019-10-01T12:00:00Z,0.0,-64.677086,-62.614582,NaN
2019-10-02T12:00:00Z,0.0,-64.677086,-62.614582,NaN
2019-10-03T12:00:00Z,0.0,-64.677086,-62.614582,NaN
2019-10-04T12:00:00Z,0.0,-64.677086,-62.614582,NaN
2019-10-05T12:00:00Z,0.0,-64.677086,-62.614582,NaN
2019-10-06T12:00:00Z,0.0,-64.677086,-62.614582,NaN
2019-10-07T12:00:00Z,0.0,-64.677086,-62.614582,NaN
2019-10-08T12:00:00Z,0.0,-64.677086,-62.614582,NaN
2019-10-09T12:00:00Z,0.0,-64.677086,-62.614582,NaN
2019-10-10T12:00:00Z,0.0,-64.677086,-62.614582,NaN
2019-10-11T12:00:00Z,0.0,-64.677086,-62.614582,NaN
2019-10-12T12:00:00Z,0.0,-64.677086,-62.614582,NaN
2019-10-13T12:00:00Z,0.0,-64.677086,-62.614582,NaN
2019-10-14T12:00:00Z,0.0,-64.677086,-62.614582,NaN
2019-10-15T12:00:00Z,0.0,-64.677086,-62.614582,NaN
2019-10-16T12:00:00Z,0.0,-64.677086,-62.614582,NaN
2019-10-17T12:00:00Z,0.0,-64.677086,-62.614582,NaN
2019-10-18T12:00:00Z,0.0,-64.677086,-62.614582,NaN
2019-10-19T12:00:00Z,0.0,-64.677086,-62.614582,NaN
2019-10-20T12:00:00Z,0.0,-64.677086,-62.614582,NaN
2019-10-21T12:00:00Z,0.0,-64.677086,-62.614582,0.13885088
2019-10-22T12:00:00Z,0.0,-64.677086,-62.614582,0.13789333
2019-10-23T12:00:00Z,0.0,-64.677086,-62.614582,0.13701242
2019-10-24T12:00:00Z,0.0,-64.677086,-62.614582,0.13668019
2019-10-25T12:00:00Z,0.0,-64.677086,-62.614582,0.13655365
2019-10-26T12:00:00Z,0.0,-64.677086,-62.614582,0.13634114
2019-10-27T12:00:00Z,0.0,-64.677086,-62.614582,0.13610725
2019-10-28T12:00:00Z,0.0,-64.677086,-62.614582,0.13237102
2019-10-29T12:00:00Z,0.0,-64.677086,-62.614582,0.1268424
2019-10-30T12:00:00Z,0.0,-64.677086,-62.614582,0.12102219
2019-10-31T12:00:00Z,0.0,-64.677086,-62.614582,0.12776873
2019-11-01T12:00:00Z,0.0,-64.677086,-62.614582,0.123987265
2019-11-02T12:00:00Z,0.0,-64.677086,-62.614582,0.14174816
2019-11-03T12:00:00Z,0.0,-64.677086,-62.614582,0.1546011
2019-11-04T12:00:00Z,0.0,-64.677086,-62.614582,0.15099086
2019-11-05T12:00:00Z,0.0,-64.677086,-62.614582,0.14919183
2019-11-06T12:00:00Z,0.0,-64.677086,-62.614582,0.1347374
2019-11-07T12:00:00Z,0.0,-64.677086,-62.614582,0.17327316
2019-11-08T12:00:00Z,0.0,-64.677086,-62.614582,0.16183326
2019-11-09T12:00:00Z,0.0,-64.677086,-62.614582,0.16296291
2019-11-10T12:00:00Z,0.0,-64.677086,-62.614582,0.16698757
2019-11-11T12:00:00Z,0.0,-64.677086,-62.614582,0.16397771
2019-11-12T12:00:00Z,0.0,-64.677086,-62.614582,0.1623482
2019-11-13T12:00:00Z,0.0,-64.677086,-62.614582,0.22903499
2019-11-14T12:00:00Z,0.0,-64.677086,-62.614582,0.22464614
2019-11-15T12:00:00Z,0.0,-64.677086,-62.614582,0.23947847
2019-11-16T12:00:00Z,0.0,-64.677086,-62.614582,0.22979568
2019-11-17T12:00:00Z,0.0,-64.677086,-62.614582,0.12929498
2019-11-18T12:00:00Z,0.0,-64.677086,-62.614582,0.13996191
2019-11-19T12:00:00Z,0.0,-64.677086,-62.614582,0.16162673
2019-11-20T12:00:00Z,0.0,-64.677086,-62.614582,0.16222693
2019-11-21T12:00:00Z,0.0,-64.677086,-62.614582,0.14373302
2019-11-22T12:00:00Z,0.0,-64.677086,-62.614582,0.13355435
2019-11-23T12:00:00Z,0.0,-64.677086,-62.614582,0.13517265
2019-11-24T12:00:00Z,0.0,-64.677086,-62.614582,0.132447
2019-11-25T12:00:00Z,0.0,-64.677086,-62.614582,0.13188669
2019-11-26T12:00:00Z,0.0,-64.677086,-62.614582,0.13537978
2019-11-27T12:00:00Z,0.0,-64.677086,-62.614582,0.15522872
2019-11-28T12:00:00Z,0.0,-64.677086,-62.614582,0.15473996
2019-11-29T12:00:00Z,0.0,-64.677086,-62.614582,0.15304846
2019-11-30T12:00:00Z,0.0,-64.677086,-62.614582,0.1520563
2019-12-01T12:00:00Z,0.0,-64.677086,-62.614582,0.15821347
2019-12-02T12:00:00Z,0.0,-64.677086,-62.614582,0.15092087
2019-12-03T12:00:00Z,0.0,-64.677086,-62.614582,0.15781155
2019-12-04T12:00:00Z,0.0,-64.677086,-62.614582,0.12907748
2019-12-05T12:00:00Z,0.0,-64.677086,-62.614582,0.27211013
2019-12-06T12:00:00Z,0.0,-64.677086,-62.614582,0.33080834
2019-12-07T12:00:00Z,0.0,-64.677086,-62.614582,0.45168486
2019-12-08T12:00:00Z,0.0,-64.677086,-62.614582,0.32915872
2019-12-09T12:00:00Z,0.0,-64.677086,-62.614582,0.45832428
2019-12-10T12:00:00Z,0.0,-64.677086,-62.614582,0.43428627
2019-12-11T12:00:00Z,0.0,-64.677086,-62.614582,0.40577665
2019-12-12T12:00:00Z,0.0,-64.677086,-62.614582,0.42988762
2019-12-13T12:00:00Z,0.0,-64.677086,-62.614582,0.463855
2019-12-14T12:00:00Z,0.0,-64.677086,-62.614582,0.4459574
2019-12-15T12:00:00Z,0.0,-64.677086,-62.614582,0.45073217
2019-12-16T12:00:00Z,0.0,-64.677086,-62.614582,0.45442244
2019-12-17T12:00:00Z,0.0,-64.677086,-62.614582,0.46087307
2019-12-18T12:00:00Z,0.0,-64.677086,-62.614582,0.5064828
2019-12-19T12:00:00Z,0.0,-64.677086,-62.614582,0.5330228
2019-12-20T12:00:00Z,0.0,-64.677086,-62.614582,0.5221446
2019-12-21T12:00:00Z,0.0,-64.677086,-62.614582,0.43684795
2019-12-22T12:00:00Z,0.0,-64.677086,-62.614582,0.42166823
2019-12-23T12:00:00Z,0.0,-64.677086,-62.614582,0.44378796
2019-12-24T12:00:00Z,0.0,-64.677086,-62.614582,0.45296136
2019-12-25T12:00:00Z,0.0,-64.677086,-62.614582,0.44794875
2019-12-26T12:00:00Z,0.0,-64.677086,-62.614582,0.47926578
2019-12-27T12:00:00Z,0.0,-64.677086,-62.614582,0.46757644
2019-12-28T12:00:00Z,0.0,-64.677086,-62.614582,0.4847997
2019-12-29T12:00:00Z,0.0,-64.677086,-62.614582,0.48701763
2019-12-30T12:00:00Z,0.0,-64.677086,-62.614582,0.47301933
2019-12-31T12:00:00Z,0.0,-64.677086,-62.614582,0.5044486
2020-01-01T12:00:00Z,0.0,-64.677086,-62.614582,0.32445735
2020-01-02T12:00:00Z,0.0,-64.677086,-62.614582,0.29886127
2020-01-03T12:00:00Z,0.0,-64.677086,-62.614582,0.29585397
2020-01-04T12:00:00Z,0.0,-64.677086,-62.614582,0.32442218
2020-01-05T12:00:00Z,0.0,-64.677086,-62.614582,0.2976912
2020-01-06T12:00:00Z,0.0,-64.677086,-62.614582,0.30154166
2020-01-07T12:00:00Z,0.0,-64.677086,-62.614582,0.2965953
2020-01-08T12:00:00Z,0.0,-64.677086,-62.614582,0.30264825
2020-01-09T12:00:00Z,0.0,-64.677086,-62.614582,0.2644782
2020-01-10T12:00:00Z,0.0,-64.677086,-62.614582,0.24403481
2020-01-11T12:00:00Z,0.0,-64.677086,-62.614582,0.25892854
2020-01-12T12:00:00Z,0.0,-64.677086,-62.614582,0.2623746
2020-01-13T12:00:00Z,0.0,-64.677086,-62.614582,0.2315453
2020-01-14T12:00:00Z,0.0,-64.677086,-62.614582,0.20141979
2020-01-15T12:00:00Z,0.0,-64.677086,-62.614582,0.17963096
2020-01-16T12:00:00Z,0.0,-64.677086,-62.614582,0.19862176
2020-01-17T12:00:00Z,0.0,-64.677086,-62.614582,0.3198745
2020-01-18T12:00:00Z,0.0,-64.677086,-62.614582,0.33512393
2020-01-19T12:00:00Z,0.0,-64.677086,-62.614582,0.47702917
2020-01-20T12:00:00Z,0.0,-64.677086,-62.614582,0.42159617
2020-01-21T12:00:00Z,0.0,-64.677086,-62.614582,0.42252788
2020-01-22T12:00:00Z,0.0,-64.677086,-62.614582,0.41633224
2020-01-23T12:00:00Z,0.0,-64.677086,-62.614582,0.4245162
2020-01-24T12:00:00Z,0.0,-64.677086,-62.614582,0.4325393
2020-01-25T12:00:00Z,0.0,-64.677086,-62.614582,0.43866143
2020-01-26T12:00:00Z,0.0,-64.677086,-62.614582,0.44309214
2020-01-27T12:00:00Z,0.0,-64.677086,-62.614582,0.46426558
2020-01-28T12:00:00Z,0.0,-64.677086,-62.614582,0.4698835
2020-01-29T12:00:00Z,0.0,-64.677086,-62.614582,0.4490658
2020-01-30T12:00:00Z,0.0,-64.677086,-62.614582,0.45043212
2020-01-31T12:00:00Z,0.0,-64.677086,-62.614582,0.4206167
2020-02-01T12:00:00Z,0.0,-64.677086,-62.614582,0.4420236
2020-02-02T12:00:00Z,0.0,-64.677086,-62.614582,0.4587334
2020-02-03T12:00:00Z,0.0,-64.677086,-62.614582,0.37798718
2020-02-04T12:00:00Z,0.0,-64.677086,-62.614582,0.36728162
2020-02-05T12:00:00Z,0.0,-64.677086,-62.614582,0.35023674
2020-02-06T12:00:00Z,0.0,-64.677086,-62.614582,0.33630505
2020-02-07T12:00:00Z,0.0,-64.677086,-62.614582,0.3447145
2020-02-08T12:00:00Z,0.0,-64.677086,-62.614582,0.34251824
2020-02-09T12:00:00Z,0.0,-64.677086,-62.614582,0.3649067
2020-02-10T12:00:00Z,0.0,-64.677086,-62.614582,0.3767353
2020-02-11T12:00:00Z,0.0,-64.677086,-62.614582,0.37142894
2020-02-12T12:00:00Z,0.0,-64.677086,-62.614582,0.35733086
2020-02-13T12:00:00Z,0.0,-64.677086,-62.614582,0.35741872
2020-02-14T12:00:00Z,0.0,-64.677086,-62.614582,0.35738203
2020-02-15T12:00:00Z,0.0,-64.677086,-62.614582,0.35756665
2020-02-16T12:00:00Z,0.0,-64.677086,-62.614582,0.34641153
2020-02-17T12:00:00Z,0.0,-64.677086,-62.614582,0.3432027
2020-02-18T12:00:00Z,0.0,-64.677086,-62.614582,0.3730199
2020-02-19T12:00:00Z,0.0,-64.677086,-62.614582,0.39413798
2020-02-20T12:00:00Z,0.0,-64.677086,-62.614582,0.39604872
2020-02-21T12:00:00Z,0.0,-64.677086,-62.614582,0.38381368
2020-02-22T12:00:00Z,0.0,-64.677086,-62.614582,0.34553957
2020-02-23T12:00:00Z,0.0,-64.677086,-62.614582,0.34284708
2020-02-24T12:00:00Z,0.0,-64.677086,-62.614582,0.34994972
2020-02-25T12:00:00Z,0.0,-64.677086,-62.614582,0.35586745
2020-02-26T12:00:00Z,0.0,-64.677086,-62.614582,0.34276208
2020-02-27T12:00:00Z,0.0,-64.677086,-62.614582,0.30974358
2020-02-28T12:00:00Z,0.0,-64.677086,-62.614582,0.31423244
2020-02-29T12:00:00Z,0.0,-64.677086,-62.614582,0.3123145
2020-03-01T12:00:00Z,0.0,-64.677086,-62.614582,0.28061956
2020-03-02T12:00:00Z,0.0,-64.677086,-62.614582,0.30736732
2020-03-03T12:00:00Z,0.0,-64.677086,-62.614582,0.2721882
2020-03-04T12:00:00Z,0.0,-64.677086,-62.614582,0.25414646
2020-03-05T12:00:00Z,0.0,-64.677086,-62.614582,0.2642521
2020-03-06T12:00:00Z,0.0,-64.677086,-62.614582,0.25777245
2020-03-07T12:00:00Z,0.0,-64.677086,-62.614582,0.2566539
2020-03-08T12:00:00Z,0.0,-64.677086,-62.614582,0.21522409
2020-03-09T12:00:00Z,0.0,-64.677086,-62.614582,0.21971354
2020-03-10T12:00:00Z,0.0,-64.677086,-62.614582,0.24924803
2020-03-11T12:00:00Z,0.0,-64.677086,-62.614582,0.25716513
2020-03-12T12:00:00Z,0.0,-64.677086,-62.614582,0.23969607
2020-03-13T12:00:00Z,0.0,-64.677086,-62.614582,0.23750031
2020-03-14T12:00:00Z,0.0,-64.677086,-62.614582,NaN
2020-03-15T12:00:00Z,0.0,-64.677086,-62.614582,NaN
2020-03-16T12:00:00Z,0.0,-64.677086,-62.614582,NaN
2020-03-17T12:00:00Z,0.0,-64.677086,-62.614582,NaN
2020-03-18T12:00:00Z,0.0,-64.677086,-62.614582,NaN
2020-03-19T12:00:00Z,0.0,-64.677086,-62.614582,NaN
2020-03-20T12:00:00Z,0.0,-64.677086,-62.614582,NaN
2020-03-21T12:00:00Z,0.0,-64.677086,-62.614582,NaN
2020-03-22T12:00:00Z,0.0,-64.677086,-62.614582,NaN
2020-03-23T12:00:00Z,0.0,-64.677086,-62.614582,NaN
2020-03-24T12:00:00Z,0.0,-64.677086,-62.614582,NaN
2020-03-25T12:00:00Z,0.0,-64.677086,-62.614582,NaN
2020-03-26T12:00:00Z,0.0,-64.677086,-62.614582,NaN
2020-03-27T12:00:00Z,0.0,-64.677086,-62.614582,NaN
2020-03-28T12:00:00Z,0.0,-64.677086,-62.614582,NaN
2020-03-29T12:00:00Z,0.0,-64.677086,-62.614582,NaN
2020-03-30T12:00:00Z,0.0,-64.677086,-62.614582,NaN
2020-03-31T12:00:00Z,0.0,-64.677086,-62.614582,NaN
2020-04-01T12:00:00Z,0.0,-64.677086,-62.614582,NaN
2020-04-02T12:00:00Z,0.0,-64.677086,-62.614582,NaN
2020-04-03T12:00:00Z,0.0,-64.677086,-62.614582,NaN
2020-04-04T12:00:00Z,0.0,-64.677086,-62.614582,NaN
2020-04-05T12:00:00Z,0.0,-64.677086,-62.614582,NaN
2020-04-06T12:00:00Z,0.0,-64.677086,-62.614582,NaN
2020-04-07T12:00:00Z,0.0,-64.677086,-62.614582,NaN
2020-04-08T12:00:00Z,0.0,-64.677086,-62.614582,NaN
2020-04-09T12:00:00Z,0.0,-64.677086,-62.614582,NaN
2020-04-10T12:00:00Z,0.0,-64.677086,-62.614582,NaN
2020-04-11T12:00:00Z,0.0,-64.677086,-62.614582,NaN
2020-04-12T12:00:00Z,0.0,-64.677086,-62.614582,NaN
2020-04-13T12:00:00Z,0.0,-64.677086,-62.614582,NaN
2020-04-14T12:00:00Z,0.0,-64.677086,-62.614582,NaN
2020-04-15T12:00:00Z,0.0,-64.677086,-62.614582,NaN
2020-04-16T12:00:00Z,0.0,-64.677086,-62.614582,NaN
2020-04-17T12:00:00Z,0.0,-64.677086,-62.614582,NaN
2020-04-18T12:00:00Z,0.0,-64.677086,-62.614582,NaN
2020-04-19T12:00:00Z,0.0,-64.677086,-62.614582,NaN
2020-04-20T12:00:00Z,0.0,-64.677086,-62.614582,NaN
2020-04-21T12:00:00Z,0.0,-64.677086,-62.614582,NaN
2020-04-22T12:00:00Z,0.0,-64.677086,-62.614582,NaN
2020-04-23T12:00:00Z,0.0,-64.677086,-62.614582,NaN
2020-04-24T12:00:00Z,0.0,-64.677086,-62.614582,NaN
2020-04-25T12:00:00Z,0.0,-64.677086,-62.614582,NaN
2020-04-26T12:00:00Z,0.0,-64.677086,-62.614582,NaN
2020-04-27T12:00:00Z,0.0,-64.677086,-62.614582,NaN
2020-04-28T12:00:00Z,0.0,-64.677086,-62.614582,NaN
2020-04-29T12:00:00Z,0.0,-64.677086,-62.614582,NaN
2020-04-30T12:00:00Z,0.0,-64.677086,-62.614582,NaN
2020-05-01T12:00:00Z,0.0,-64.677086,-62.614582,NaN
2020-05-02T12:00:00Z,0.0,-64.677086,-62.614582,NaN
2020-05-03T12:00:00Z,0.0,-64.677086,-62.614582,NaN
2020-05-04T12:00:00Z,0.0,-64.677086,-62.614582,NaN
2020-05-05T12:00:00Z,0.0,-64.677086,-62.614582,NaN
2020-05-06T12:00:00Z,0.0,-64.677086,-62.614582,NaN
2020-05-07T12:00:00Z,0.0,-64.677086,-62.614582,NaN
2020-05-08T12:00:00Z,0.0,-64.677086,-62.614582,NaN
2020-05-09T12:00:00Z,0.0,-64.677086,-62.614582,NaN
2020-05-10T12:00:00Z,0.0,-64.677086,-62.614582,NaN
2020-05-11T12:00:00Z,0.0,-64.677086,-62.614582,NaN
2020-05-12T12:00:00Z,0.0,-64.677086,-62.614582,NaN
2020-05-13T12:00:00Z,0.0,-64.677086,-62.614582,NaN
2020-05-14T12:00:00Z,0.0,-64.677086,-62.614582,NaN
2020-05-15T12:00:00Z,0.0,-64.677086,-62.614582,NaN
2020-05-16T12:00:00Z,0.0,-64.677086,-62.614582,NaN
2020-05-17T12:00:00Z,0.0,-64.677086,-62.614582,NaN
2020-05-18T12:00:00Z,0.0,-64.677086,-62.614582,NaN
2020-05-19T12:00:00Z,0.0,-64.677086,-62.614582,NaN
2020-05-20T12:00:00Z,0.0,-64.677086,-62.614582,NaN
2020-05-21T12:00:00Z,0.0,-64.677086,-62.614582,NaN
2020-05-22T12:00:00Z,0.0,-64.677086,-62.614582,NaN
2020-05-23T12:00:00Z,0.0,-64.677086,-62.614582,NaN
2020-05-24T12:00:00Z,0.0,-64.677086,-62.614582,NaN
2020-05-25T12:00:00Z,0.0,-64.677086,-62.614582,NaN
2020-05-26T12:00:00Z,0.0,-64.677086,-62.614582,NaN
2020-05-27T12:00:00Z,0.0,-64.677086,-62.614582,NaN
2020-05-28T12:00:00Z,0.0,-64.677086,-62.614582,NaN
2020-05-29T12:00:00Z,0.0,-64.677086,-62.614582,NaN
2020-05-30T12:00:00Z,0.0,-64.677086,-62.614582,NaN
2020-05-31T12:00:00Z,0.0,-64.677086,-62.614582,NaN
2020-06-01T12:00:00Z,0.0,-64.677086,-62.614582,NaN
2020-06-02T12:00:00Z,0.0,-64.677086,-62.614582,NaN
2020-06-03T12:00:00Z,0.0,-64.677086,-62.614582,NaN
2020-06-04T12:00:00Z,0.0,-64.677086,-62.614582,NaN
2020-06-05T12:00:00Z,0.0,-64.677086,-62.614582,NaN
2020-06-06T12:00:00Z,0.0,-64.677086,-62.614582,NaN
2020-06-07T12:00:00Z,0.0,-64.677086,-62.614582,NaN
2020-06-08T12:00:00Z,0.0,-64.677086,-62.614582,NaN
2020-06-09T12:00:00Z,0.0,-64.677086,-62.614582,NaN
2020-06-10T12:00:00Z,0.0,-64.677086,-62.614582,NaN
2020-06-11T12:00:00Z,0.0,-64.677086,-62.614582,NaN
2020-06-12T12:00:00Z,0.0,-64.677086,-62.614582,NaN
2020-06-13T12:00:00Z,0.0,-64.677086,-62.614582,NaN
2020-06-14T12:00:00Z,0.0,-64.677086,-62.614582,NaN
2020-06-15T12:00:00Z,0.0,-64.677086,-62.614582,NaN
2020-06-16T12:00:00Z,0.0,-64.677086,-62.614582,NaN
2020-06-17T12:00:00Z,0.0,-64.677086,-62.614582,NaN
2020-06-18T12:00:00Z,0.0,-64.677086,-62.614582,NaN
2020-06-19T12:00:00Z,0.0,-64.677086,-62.614582,NaN
2020-06-20T12:00:00Z,0.0,-64.677086,-62.614582,NaN
2020-06-21T12:00:00Z,0.0,-64.677086,-62.614582,NaN
2020-06-22T12:00:00Z,0.0,-64.677086,-62.614582,NaN
2020-06-23T12:00:00Z,0.0,-64.677086,-62.614582,NaN
2020-06-24T12:00:00Z,0.0,-64.677086,-62.614582,NaN
2020-06-25T12:00:00Z,0.0,-64.677086,-62.614582,NaN
2020-06-26T12:00:00Z,0.0,-64.677086,-62.614582,NaN
2020-06-27T12:00:00Z,0.0,-64.677086,-62.614582,NaN
2020-06-28T12:00:00Z,0.0,-64.677086,-62.614582,NaN
2020-06-29T12:00:00Z,0.0,-64.677086,-62.614582,NaN
2020-06-30T12:00:00Z,0.0,-64.677086,-62.614582,NaN
2020-07-01T12:00:00Z,0.0,-64.677086,-62.614582,NaN
2020-07-02T12:00:00Z,0.0,-64.677086,-62.614582,NaN
2020-07-03T12:00:00Z,0.0,-64.677086,-62.614582,NaN
2020-07-04T12:00:00Z,0.0,-64.677086,-62.614582,NaN
2020-07-05T12:00:00Z,0.0,-64.677086,-62.614582,NaN
2020-07-06T12:00:00Z,0.0,-64.677086,-62.614582,NaN
2020-07-07T12:00:00Z,0.0,-64.677086,-62.614582,NaN
2020-07-08T12:00:00Z,0.0,-64.677086,-62.614582,NaN
2020-07-09T12:00:00Z,0.0,-64.677086,-62.614582,NaN
2020-07-10T12:00:00Z,0.0,-64.677086,-62.614582,NaN
2020-07-11T12:00:00Z,0.0,-64.677086,-62.614582,NaN
2020-07-12T12:00:00Z,0.0,-64.677086,-62.614582,NaN
2020-07-13T12:00:00Z,0.0,-64.677086,-62.614582,NaN
2020-07-14T12:00:00Z,0.0,-64.677086,-62.614582,NaN
2020-07-15T12:00:00Z,0.0,-64.677086,-62.614582,NaN
2020-07-16T12:00:00Z,0.0,-64.677086,-62.614582,NaN
2020-07-17T12:00:00Z,0.0,-64.677086,-62.614582,NaN
2020-07-18T12:00:00Z,0.0,-64.677086,-62.614582,NaN
2020-07-19T12:00:00Z,0.0,-64.677086,-62.614582,NaN
2020-07-20T12:00:00Z,0.0,-64.677086,-62.614582,NaN
2020-07-21T12:00:00Z,0.0,-64.677086,-62.614582,NaN
2020-07-22T12:00:00Z,0.0,-64.677086,-62.614582,NaN
2020-07-23T12:00:00Z,0.0,-64.677086,-62.614582,NaN
2020-07-24T12:00:00Z,0.0,-64.677086,-62.614582,NaN
2020-07-25T12:00:00Z,0.0,-64.677086,-62.614582,NaN
2020-07-26T12:00:00Z,0.0,-64.677086,-62.614582,NaN
2020-07-27T12:00:00Z,0.0,-64.677086,-62.614582,NaN
2020-07-28T12:00:00Z,0.0,-64.677086,-62.614582,NaN
2020-07-29T12:00:00Z,0.0,-64.677086,-62.614582,NaN
2020-07-30T12:00:00Z,0.0,-64.677086,-62.614582,NaN
2020-07-31T12:00:00Z,0.0,-64.677086,-62.614582,NaN
2020-08-01T12:00:00Z,0.0,-64.677086,-62.614582,NaN
2020-08-02T12:00:00Z,0.0,-64.677086,-62.614582,NaN
2020-08-03T12:00:00Z,0.0,-64.677086,-62.614582,NaN
2020-08-04T12:00:00Z,0.0,-64.677086,-62.614582,NaN
2020-08-05T12:00:00Z,0.0,-64.677086,-62.614582,NaN
2020-08-06T12:00:00Z,0.0,-64.677086,-62.614582,NaN
2020-08-07T12:00:00Z,0.0,-64.677086,-62.614582,NaN
2020-08-08T12:00:00Z,0.0,-64.677086,-62.614582,NaN
2020-08-09T12:00:00Z,0.0,-64.677086,-62.614582,NaN
2020-08-10T12:00:00Z,0.0,-64.677086,-62.614582,NaN
2020-08-11T12:00:00Z,0.0,-64.677086,-62.614582,NaN
2020-08-12T12:00:00Z,0.0,-64.677086,-62.614582,NaN
2020-08-13T12:00:00Z,0.0,-64.677086,-62.614582,NaN
2020-08-14T12:00:00Z,0.0,-64.677086,-62.614582,NaN
2020-08-15T12:00:00Z,0.0,-64.677086,-62.614582,NaN
2020-08-16T12:00:00Z,0.0,-64.677086,-62.614582,NaN
2020-08-17T12:00:00Z,0.0,-64.677086,-62.614582,NaN
2020-08-18T12:00:00Z,0.0,-64.677086,-62.614582,NaN
2020-08-19T12:00:00Z,0.0,-64.677086,-62.614582,NaN
2020-08-20T12:00:00Z,0.0,-64.677086,-62.614582,NaN
2020-08-21T12:00:00Z,0.0,-64.677086,-62.614582,NaN
2020-08-22T12:00:00Z,0.0,-64.677086,-62.614582,NaN
2020-08-23T12:00:00Z,0.0,-64.677086,-62.614582,NaN
2020-08-24T12:00:00Z,0.0,-64.677086,-62.614582,NaN
2020-08-25T12:00:00Z,0.0,-64.677086,-62.614582,NaN
2020-08-26T12:00:00Z,0.0,-64.677086,-62.614582,NaN
2020-08-27T12:00:00Z,0.0,-64.677086,-62.614582,NaN
2020-08-28T12:00:00Z,0.0,-64.677086,-62.614582,NaN
2020-08-29T12:00:00Z,0.0,-64.677086,-62.614582,NaN
2020-08-30T12:00:00Z,0.0,-64.677086,-62.614582,NaN
2020-08-31T12:00:00Z,0.0,-64.677086,-62.614582,NaN
2020-09-01T12:00:00Z,0.0,-64.677086,-62.614582,NaN
2020-09-02T12:00:00Z,0.0,-64.677086,-62.614582,NaN
2020-09-03T12:00:00Z,0.0,-64.677086,-62.614582,NaN
2020-09-04T12:00:00Z,0.0,-64.677086,-62.614582,NaN
2020-09-05T12:00:00Z,0.0,-64.677086,-62.614582,NaN
2020-09-06T12:00:00Z,0.0,-64.677086,-62.614582,NaN
2020-09-07T12:00:00Z,0.0,-64.677086,-62.614582,NaN
2020-09-08T12:00:00Z,0.0,-64.677086,-62.614582,NaN
2020-09-09T12:00:00Z,0.0,-64.677086,-62.614582,NaN
2020-09-10T12:00:00Z,0.0,-64.677086,-62.614582,NaN
2020-09-11T12:00:00Z,0.0,-64.677086,-62.614582,NaN
2020-09-12T12:00:00Z,0.0,-64.677086,-62.614582,NaN
2020-09-13T12:00:00Z,0.0,-64.677086,-62.614582,NaN
2020-09-14T12:00:00Z,0.0,-64.677086,-62.614582,NaN
2020-09-15T12:00:00Z,0.0,-64.677086,-62.614582,NaN
2020-09-16T12:00:00Z,0.0,-64.677086,-62.614582,NaN
2020-09-17T12:00:00Z,0.0,-64.677086,-62.614582,NaN
2020-09-18T12:00:00Z,0.0,-64.677086,-62.614582,NaN
2020-09-19T12:00:00Z,0.0,-64.677086,-62.614582,NaN
2020-09-20T12:00:00Z,0.0,-64.677086,-62.614582,NaN
2020-09-21T12:00:00Z,0.0,-64.677086,-62.614582,NaN
2020-09-22T12:00:00Z,0.0,-64.677086,-62.614582,NaN
2020-09-23T12:00:00Z,0.0,-64.677086,-62.614582,NaN
2020-09-24T12:00:00Z,0.0,-64.677086,-62.614582,NaN
2020-09-25T12:00:00Z,0.0,-64.677086,-62.614582,NaN
2020-09-26T12:00:00Z,0.0,-64.677086,-62.614582,NaN
2020-09-27T12:00:00Z,0.0,-64.677086,-62.614582,NaN
2020-09-28T12:00:00Z,0.0,-64.677086,-62.614582,NaN
2020-09-29T12:00:00Z,0.0,-64.677086,-62.614582,NaN
2020-09-30T12:00:00Z,0.0,-64.677086,-62.614582,NaN
2020-10-01T12:00:00Z,0.0,-64.677086,-62.614582,NaN
2020-10-02T12:00:00Z,0.0,-64.677086,-62.614582,NaN
2020-10-03T12:00:00Z,0.0,-64.677086,-62.614582,NaN
2020-10-04T12:00:00Z,0.0,-64.677086,-62.614582,NaN
2020-10-05T12:00:00Z,0.0,-64.677086,-62.614582,NaN
2020-10-06T12:00:00Z,0.0,-64.677086,-62.614582,NaN
2020-10-07T12:00:00Z,0.0,-64.677086,-62.614582,NaN
2020-10-08T12:00:00Z,0.0,-64.677086,-62.614582,NaN
2020-10-09T12:00:00Z,0.0,-64.677086,-62.614582,NaN
2020-10-10T12:00:00Z,0.0,-64.677086,-62.614582,NaN
2020-10-11T12:00:00Z,0.0,-64.677086,-62.614582,NaN
2020-10-12T12:00:00Z,0.0,-64.677086,-62.614582,NaN
2020-10-13T12:00:00Z,0.0,-64.677086,-62.614582,NaN
2020-10-14T12:00:00Z,0.0,-64.677086,-62.614582,NaN
2020-10-15T12:00:00Z,0.0,-64.677086,-62.614582,NaN
2020-10-16T12:00:00Z,0.0,-64.677086,-62.614582,NaN
2020-10-17T12:00:00Z,0.0,-64.677086,-62.614582,NaN
2020-10-18T12:00:00Z,0.0,-64.677086,-62.614582,NaN
2020-10-19T12:00:00Z,0.0,-64.677086,-62.614582,NaN
2020-10-20T12:00:00Z,0.0,-64.677086,-62.614582,0.16388606
2020-10-21T12:00:00Z,0.0,-64.677086,-62.614582,0.1641671
2020-10-22T12:00:00Z,0.0,-64.677086,-62.614582,0.16485044
2020-10-23T12:00:00Z,0.0,-64.677086,-62.614582,0.16525634
2020-10-24T12:00:00Z,0.0,-64.677086,-62.614582,0.16628318
2020-10-25T12:00:00Z,0.0,-64.677086,-62.614582,0.16625361
2020-10-26T12:00:00Z,0.0,-64.677086,-62.614582,0.16681673
2020-10-27T12:00:00Z,0.0,-64.677086,-62.614582,0.166586
2020-10-28T12:00:00Z,0.0,-64.677086,-62.614582,0.10634663
2020-10-29T12:00:00Z,0.0,-64.677086,-62.614582,0.16770479
2020-10-30T12:00:00Z,0.0,-64.677086,-62.614582,0.16761701
2020-10-31T12:00:00Z,0.0,-64.677086,-62.614582,0.1187676
2020-11-01T12:00:00Z,0.0,-64.677086,-62.614582,0.1675949
2020-11-02T12:00:00Z,0.0,-64.677086,-62.614582,0.16796985
2020-11-03T12:00:00Z,0.0,-64.677086,-62.614582,0.10832228
2020-11-04T12:00:00Z,0.0,-64.677086,-62.614582,0.115029216
2020-11-05T12:00:00Z,0.0,-64.677086,-62.614582,0.11590779
2020-11-06T12:00:00Z,0.0,-64.677086,-62.614582,0.13250001
2020-11-07T12:00:00Z,0.0,-64.677086,-62.614582,0.10573648
2020-11-08T12:00:00Z,0.0,-64.677086,-62.614582,0.10938696
2020-11-09T12:00:00Z,0.0,-64.677086,-62.614582,0.107933484
2020-11-10T12:00:00Z,0.0,-64.677086,-62.614582,0.107783385
2020-11-11T12:00:00Z,0.0,-64.677086,-62.614582,0.11904634
2020-11-12T12:00:00Z,0.0,-64.677086,-62.614582,0.11778259
2020-11-13T12:00:00Z,0.0,-64.677086,-62.614582,0.1190269
2020-11-14T12:00:00Z,0.0,-64.677086,-62.614582,0.1676147
2020-11-15T12:00:00Z,0.0,-64.677086,-62.614582,0.11738724
2020-11-16T12:00:00Z,0.0,-64.677086,-62.614582,0.11754054
2020-11-17T12:00:00Z,0.0,-64.677086,-62.614582,0.13742876
2020-11-18T12:00:00Z,0.0,-64.677086,-62.614582,0.13387641
2020-11-19T12:00:00Z,0.0,-64.677086,-62.614582,0.12973732
2020-11-20T12:00:00Z,0.0,-64.677086,-62.614582,0.13292624
2020-11-21T12:00:00Z,0.0,-64.677086,-62.614582,0.12758604
2020-11-22T12:00:00Z,0.0,-64.677086,-62.614582,0.1478588
2020-11-23T12:00:00Z,0.0,-64.677086,-62.614582,0.16967507
2020-11-24T12:00:00Z,0.0,-64.677086,-62.614582,0.17803863
2020-11-25T12:00:00Z,0.0,-64.677086,-62.614582,0.15387997
2020-11-26T12:00:00Z,0.0,-64.677086,-62.614582,0.16052754
2020-11-27T12:00:00Z,0.0,-64.677086,-62.614582,0.1519824
2020-11-28T12:00:00Z,0.0,-64.677086,-62.614582,0.2016813
2020-11-29T12:00:00Z,0.0,-64.677086,-62.614582,0.18208046
2020-11-30T12:00:00Z,0.0,-64.677086,-62.614582,0.1937307
2020-12-01T12:00:00Z,0.0,-64.677086,-62.614582,0.20097901
2020-12-02T12:00:00Z,0.0,-64.677086,-62.614582,0.2171658
2020-12-03T12:00:00Z,0.0,-64.677086,-62.614582,0.2163769
2020-12-04T12:00:00Z,0.0,-64.677086,-62.614582,0.22200862
2020-12-05T12:00:00Z,0.0,-64.677086,-62.614582,0.22147042
2020-12-06T12:00:00Z,0.0,-64.677086,-62.614582,0.21698895
2020-12-07T12:00:00Z,0.0,-64.677086,-62.614582,0.22823584
2020-12-08T12:00:00Z,0.0,-64.677086,-62.614582,0.23918243
2020-12-09T12:00:00Z,0.0,-64.677086,-62.614582,0.23261811
2020-12-10T12:00:00Z,0.0,-64.677086,-62.614582,0.24164732
2020-12-11T12:00:00Z,0.0,-64.677086,-62.614582,0.2442095
2020-12-12T12:00:00Z,0.0,-64.677086,-62.614582,0.25460052
2020-12-13T12:00:00Z,0.0,-64.677086,-62.614582,0.25218046
2020-12-14T12:00:00Z,0.0,-64.677086,-62.614582,0.25589043
2020-12-15T12:00:00Z,0.0,-64.677086,-62.614582,0.2652079
2020-12-16T12:00:00Z,0.0,-64.677086,-62.614582,0.20406419
2020-12-17T12:00:00Z,0.0,-64.677086,-62.614582,0.20465131
2020-12-18T12:00:00Z,0.0,-64.677086,-62.614582,0.21947525
2020-12-19T12:00:00Z,0.0,-64.677086,-62.614582,0.22147915
2020-12-20T12:00:00Z,0.0,-64.677086,-62.614582,0.22391254
2020-12-21T12:00:00Z,0.0,-64.677086,-62.614582,0.22465552
2020-12-22T12:00:00Z,0.0,-64.677086,-62.614582,0.2231014
2020-12-23T12:00:00Z,0.0,-64.677086,-62.614582,0.22323018
2020-12-24T12:00:00Z,0.0,-64.677086,-62.614582,0.20243374
2020-12-25T12:00:00Z,0.0,-64.677086,-62.614582,0.1998316
2020-12-26T12:00:00Z,0.0,-64.677086,-62.614582,0.19991274
2020-12-27T12:00:00Z,0.0,-64.677086,-62.614582,0.19551897
2020-12-28T12:00:00Z,0.0,-64.677086,-62.614582,0.19951653
2020-12-29T12:00:00Z,0.0,-64.677086,-62.614582,0.20008138
2020-12-30T12:00:00Z,0.0,-64.677086,-62.614582,0.19618168
2020-12-31T12:00:00Z,0.0,-64.677086,-62.614582,0.21725748
2021-01-01T12:00:00Z,0.0,-64.677086,-62.614582,0.22170968
2021-01-02T12:00:00Z,0.0,-64.677086,-62.614582,0.2207729
2021-01-03T12:00:00Z,0.0,-64.677086,-62.614582,0.22256532
2021-01-04T12:00:00Z,0.0,-64.677086,-62.614582,0.25014487
2021-01-05T12:00:00Z,0.0,-64.677086,-62.614582,0.24854693
2021-01-06T12:00:00Z,0.0,-64.677086,-62.614582,0.24658513
2021-01-07T12:00:00Z,0.0,-64.677086,-62.614582,0.25349563
2021-01-08T12:00:00Z,0.0,-64.677086,-62.614582,0.26086548
2021-01-09T12:00:00Z,0.0,-64.677086,-62.614582,0.2675529
2021-01-10T12:00:00Z,0.0,-64.677086,-62.614582,0.26976258
2021-01-11T12:00:00Z,0.0,-64.677086,-62.614582,0.3035063
2021-01-12T12:00:00Z,0.0,-64.677086,-62.614582,0.2790283
2021-01-13T12:00:00Z,0.0,-64.677086,-62.614582,0.29320014
2021-01-14T12:00:00Z,0.0,-64.677086,-62.614582,0.28042284
2021-01-15T12:00:00Z,0.0,-64.677086,-62.614582,0.26242
2021-01-16T12:00:00Z,0.0,-64.677086,-62.614582,0.26019955
2021-01-17T12:00:00Z,0.0,-64.677086,-62.614582,0.2769759
2021-01-18T12:00:00Z,0.0,-64.677086,-62.614582,0.2710285
2021-01-19T12:00:00Z,0.0,-64.677086,-62.614582,0.26839322
2021-01-20T12:00:00Z,0.0,-64.677086,-62.614582,0.27084237
2021-01-21T12:00:00Z,0.0,-64.677086,-62.614582,0.27215397
2021-01-22T12:00:00Z,0.0,-64.677086,-62.614582,0.2677095
2021-01-23T12:00:00Z,0.0,-64.677086,-62.614582,0.27266726
2021-01-24T12:00:00Z,0.0,-64.677086,-62.614582,0.27104014
2021-01-25T12:00:00Z,0.0,-64.677086,-62.614582,0.26864704
2021-01-26T12:00:00Z,0.0,-64.677086,-62.614582,0.269026
2021-01-27T12:00:00Z,0.0,-64.677086,-62.614582,0.27209517
2021-01-28T12:00:00Z,0.0,-64.677086,-62.614582,0.2626526
2021-01-29T12:00:00Z,0.0,-64.677086,-62.614582,0.24904907
2021-01-30T12:00:00Z,0.0,-64.677086,-62.614582,0.2330832
2021-01-31T12:00:00Z,0.0,-64.677086,-62.614582,0.23497395
2021-02-01T12:00:00Z,0.0,-64.677086,-62.614582,0.23746678
2021-02-02T12:00:00Z,0.0,-64.677086,-62.614582,0.23836267
2021-02-03T12:00:00Z,0.0,-64.677086,-62.614582,0.24093483
2021-02-04T12:00:00Z,0.0,-64.677086,-62.614582,0.23150077
2021-02-05T12:00:00Z,0.0,-64.677086,-62.614582,0.21560726
2021-02-06T12:00:00Z,0.0,-64.677086,-62.614582,0.21563582
2021-02-07T12:00:00Z,0.0,-64.677086,-62.614582,0.20963262
2021-02-08T12:00:00Z,0.0,-64.677086,-62.614582,0.20762137
2021-02-09T12:00:00Z,0.0,-64.677086,-62.614582,0.20670544
2021-02-10T12:00:00Z,0.0,-64.677086,-62.614582,0.20703457
2021-02-11T12:00:00Z,0.0,-64.677086,-62.614582,0.20545124
2021-02-12T12:00:00Z,0.0,-64.677086,-62.614582,0.20227551
2021-02-13T12:00:00Z,0.0,-64.677086,-62.614582,0.19448416
2021-02-14T12:00:00Z,0.0,-64.677086,-62.614582,0.19604355
2021-02-15T12:00:00Z,0.0,-64.677086,-62.614582,0.18942171
2021-02-16T12:00:00Z,0.0,-64.677086,-62.614582,0.18587065
2021-02-17T12:00:00Z,0.0,-64.677086,-62.614582,0.17372422
2021-02-18T12:00:00Z,0.0,-64.677086,-62.614582,0.1698671
2021-02-19T12:00:00Z,0.0,-64.677086,-62.614582,0.163511
2021-02-20T12:00:00Z,0.0,-64.677086,-62.614582,0.16305724
2021-02-21T12:00:00Z,0.0,-64.677086,-62.614582,0.46076608
2021-02-22T12:00:00Z,0.0,-64.677086,-62.614582,0.49476993
2021-02-23T12:00:00Z,0.0,-64.677086,-62.614582,0.5452238
2021-02-24T12:00:00Z,0.0,-64.677086,-62.614582,0.54238534
2021-02-25T12:00:00Z,0.0,-64.677086,-62.614582,0.2830486
2021-02-26T12:00:00Z,0.0,-64.677086,-62.614582,0.2793135
2021-02-27T12:00:00Z,0.0,-64.677086,-62.614582,0.29254726
2021-02-28T12:00:00Z,0.0,-64.677086,-62.614582,0.2713259
2021-03-01T12:00:00Z,0.0,-64.677086,-62.614582,0.2831542
2021-03-02T12:00:00Z,0.0,-64.677086,-62.614582,0.32180405
2021-03-03T12:00:00Z,0.0,-64.677086,-62.614582,0.25787365
2021-03-04T12:00:00Z,0.0,-64.677086,-62.614582,0.26330334
2021-03-05T12:00:00Z,0.0,-64.677086,-62.614582,0.2632606
2021-03-06T12:00:00Z,0.0,-64.677086,-62.614582,0.2484491
2021-03-07T12:00:00Z,0.0,-64.677086,-62.614582,0.1799233
2021-03-08T12:00:00Z,0.0,-64.677086,-62.614582,0.19282031
2021-03-09T12:00:00Z,0.0,-64.677086,-62.614582,0.19545723
2021-03-10T12:00:00Z,0.0,-64.677086,-62.614582,0.18183751
2021-03-11T12:00:00Z,0.0,-64.677086,-62.614582,0.18354112
2021-03-12T12:00:00Z,0.0,-64.677086,-62.614582,0.17693724
2021-03-13T12:00:00Z,0.0,-64.677086,-62.614582,0.18722498
2021-03-14T12:00:00Z,0.0,-64.677086,-62.614582,0.1751625
2021-03-15T12:00:00Z,0.0,-64.677086,-62.614582,NaN
2021-03-16T12:00:00Z,0.0,-64.677086,-62.614582,NaN
2021-03-17T12:00:00Z,0.0,-64.677086,-62.614582,NaN
2021-03-18T12:00:00Z,0.0,-64.677086,-62.614582,NaN
2021-03-19T12:00:00Z,0.0,-64.677086,-62.614582,NaN
2021-03-20T12:00:00Z,0.0,-64.677086,-62.614582,NaN
2021-03-21T12:00:00Z,0.0,-64.677086,-62.614582,NaN
2021-03-22T12:00:00Z,0.0,-64.677086,-62.614582,NaN
2021-03-23T12:00:00Z,0.0,-64.677086,-62.614582,NaN
2021-03-24T12:00:00Z,0.0,-64.677086,-62.614582,NaN
2021-03-25T12:00:00Z,0.0,-64.677086,-62.614582,NaN
2021-03-26T12:00:00Z,0.0,-64.677086,-62.614582,NaN
2021-03-27T12:00:00Z,0.0,-64.677086,-62.614582,NaN
2021-03-28T12:00:00Z,0.0,-64.677086,-62.614582,NaN
2021-03-29T12:00:00Z,0.0,-64.677086,-62.614582,NaN
2021-03-30T12:00:00Z,0.0,-64.677086,-62.614582,NaN
2021-03-31T12:00:00Z,0.0,-64.677086,-62.614582,NaN
2021-04-01T12:00:00Z,0.0,-64.677086,-62.614582,NaN
2021-04-02T12:00:00Z,0.0,-64.677086,-62.614582,NaN
2021-04-03T12:00:00Z,0.0,-64.677086,-62.614582,NaN
2021-04-04T12:00:00Z,0.0,-64.677086,-62.614582,NaN
2021-04-05T12:00:00Z,0.0,-64.677086,-62.614582,NaN
2021-04-06T12:00:00Z,0.0,-64.677086,-62.614582,NaN
2021-04-07T12:00:00Z,0.0,-64.677086,-62.614582,NaN
2021-04-08T12:00:00Z,0.0,-64.677086,-62.614582,NaN
2021-04-09T12:00:00Z,0.0,-64.677086,-62.614582,NaN
2021-04-10T12:00:00Z,0.0,-64.677086,-62.614582,NaN
2021-04-11T12:00:00Z,0.0,-64.677086,-62.614582,NaN
2021-04-12T12:00:00Z,0.0,-64.677086,-62.614582,NaN
2021-04-13T12:00:00Z,0.0,-64.677086,-62.614582,NaN
2021-04-14T12:00:00Z,0.0,-64.677086,-62.614582,NaN
2021-04-15T12:00:00Z,0.0,-64.677086,-62.614582,NaN
2021-04-16T12:00:00Z,0.0,-64.677086,-62.614582,NaN
2021-04-17T12:00:00Z,0.0,-64.677086,-62.614582,NaN
2021-04-18T12:00:00Z,0.0,-64.677086,-62.614582,NaN
2021-04-19T12:00:00Z,0.0,-64.677086,-62.614582,NaN
2021-04-20T12:00:00Z,0.0,-64.677086,-62.614582,NaN
2021-04-21T12:00:00Z,0.0,-64.677086,-62.614582,NaN
2021-04-22T12:00:00Z,0.0,-64.677086,-62.614582,NaN
2021-04-23T12:00:00Z,0.0,-64.677086,-62.614582,NaN
2021-04-24T12:00:00Z,0.0,-64.677086,-62.614582,NaN
2021-04-25T12:00:00Z,0.0,-64.677086,-62.614582,NaN
2021-04-26T12:00:00Z,0.0,-64.677086,-62.614582,NaN
2021-04-27T12:00:00Z,0.0,-64.677086,-62.614582,NaN
2021-04-28T12:00:00Z,0.0,-64.677086,-62.614582,NaN
2021-04-29T12:00:00Z,0.0,-64.677086,-62.614582,NaN
2021-04-30T12:00:00Z,0.0,-64.677086,-62.614582,NaN
2021-05-01T12:00:00Z,0.0,-64.677086,-62.614582,NaN
2021-05-02T12:00:00Z,0.0,-64.677086,-62.614582,NaN
2021-05-03T12:00:00Z,0.0,-64.677086,-62.614582,NaN
2021-05-04T12:00:00Z,0.0,-64.677086,-62.614582,NaN
2021-05-05T12:00:00Z,0.0,-64.677086,-62.614582,NaN
2021-05-06T12:00:00Z,0.0,-64.677086,-62.614582,NaN
2021-05-07T12:00:00Z,0.0,-64.677086,-62.614582,NaN
2021-05-08T12:00:00Z,0.0,-64.677086,-62.614582,NaN
2021-05-09T12:00:00Z,0.0,-64.677086,-62.614582,NaN
2021-05-10T12:00:00Z,0.0,-64.677086,-62.614582,NaN
2021-05-11T12:00:00Z,0.0,-64.677086,-62.614582,NaN
2021-05-12T12:00:00Z,0.0,-64.677086,-62.614582,NaN
2021-05-13T12:00:00Z,0.0,-64.677086,-62.614582,NaN
2021-05-14T12:00:00Z,0.0,-64.677086,-62.614582,NaN
2021-05-15T12:00:00Z,0.0,-64.677086,-62.614582,NaN
2021-05-16T12:00:00Z,0.0,-64.677086,-62.614582,NaN
2021-05-17T12:00:00Z,0.0,-64.677086,-62.614582,NaN
2021-05-18T12:00:00Z,0.0,-64.677086,-62.614582,NaN
2021-05-19T12:00:00Z,0.0,-64.677086,-62.614582,NaN
2021-05-20T12:00:00Z,0.0,-64.677086,-62.614582,NaN
2021-05-21T12:00:00Z,0.0,-64.677086,-62.614582,NaN
2021-05-22T12:00:00Z,0.0,-64.677086,-62.614582,NaN
2021-05-23T12:00:00Z,0.0,-64.677086,-62.614582,NaN
2021-05-24T12:00:00Z,0.0,-64.677086,-62.614582,NaN
2021-05-25T12:00:00Z,0.0,-64.677086,-62.614582,NaN
2021-05-26T12:00:00Z,0.0,-64.677086,-62.614582,NaN
2021-05-27T12:00:00Z,0.0,-64.677086,-62.614582,NaN
2021-05-28T12:00:00Z,0.0,-64.677086,-62.614582,NaN
2021-05-29T12:00:00Z,0.0,-64.677086,-62.614582,NaN
2021-05-30T12:00:00Z,0.0,-64.677086,-62.614582,NaN
2021-05-31T12:00:00Z,0.0,-64.677086,-62.614582,NaN
2021-06-01T12:00:00Z,0.0,-64.677086,-62.614582,NaN
2021-06-02T12:00:00Z,0.0,-64.677086,-62.614582,NaN
2021-06-03T12:00:00Z,0.0,-64.677086,-62.614582,NaN
2021-06-04T12:00:00Z,0.0,-64.677086,-62.614582,NaN
2021-06-05T12:00:00Z,0.0,-64.677086,-62.614582,NaN
2021-06-06T12:00:00Z,0.0,-64.677086,-62.614582,NaN
2021-06-07T12:00:00Z,0.0,-64.677086,-62.614582,NaN
2021-06-08T12:00:00Z,0.0,-64.677086,-62.614582,NaN
2021-06-09T12:00:00Z,0.0,-64.677086,-62.614582,NaN
2021-06-10T12:00:00Z,0.0,-64.677086,-62.614582,NaN
2021-06-11T12:00:00Z,0.0,-64.677086,-62.614582,NaN
2021-06-12T12:00:00Z,0.0,-64.677086,-62.614582,NaN
2021-06-13T12:00:00Z,0.0,-64.677086,-62.614582,NaN
2021-06-14T12:00:00Z,0.0,-64.677086,-62.614582,NaN
2021-06-15T12:00:00Z,0.0,-64.677086,-62.614582,NaN
2021-06-16T12:00:00Z,0.0,-64.677086,-62.614582,NaN
2021-06-17T12:00:00Z,0.0,-64.677086,-62.614582,NaN
2021-06-18T12:00:00Z,0.0,-64.677086,-62.614582,NaN
2021-06-19T12:00:00Z,0.0,-64.677086,-62.614582,NaN
2021-06-20T12:00:00Z,0.0,-64.677086,-62.614582,NaN
2021-06-21T12:00:00Z,0.0,-64.677086,-62.614582,NaN
2021-06-22T12:00:00Z,0.0,-64.677086,-62.614582,NaN
2021-06-23T12:00:00Z,0.0,-64.677086,-62.614582,NaN
2021-06-24T12:00:00Z,0.0,-64.677086,-62.614582,NaN
2021-06-25T12:00:00Z,0.0,-64.677086,-62.614582,NaN
2021-06-26T12:00:00Z,0.0,-64.677086,-62.614582,NaN
2021-06-27T12:00:00Z,0.0,-64.677086,-62.614582,NaN
2021-06-28T12:00:00Z,0.0,-64.677086,-62.614582,NaN
2021-06-29T12:00:00Z,0.0,-64.677086,-62.614582,NaN
2021-06-30T12:00:00Z,0.0,-64.677086,-62.614582,NaN
2021-07-01T12:00:00Z,0.0,-64.677086,-62.614582,NaN
2021-07-02T12:00:00Z,0.0,-64.677086,-62.614582,NaN
2021-07-03T12:00:00Z,0.0,-64.677086,-62.614582,NaN
2021-07-04T12:00:00Z,0.0,-64.677086,-62.614582,NaN
2021-07-05T12:00:00Z,0.0,-64.677086,-62.614582,NaN
2021-07-06T12:00:00Z,0.0,-64.677086,-62.614582,NaN
2021-07-07T12:00:00Z,0.0,-64.677086,-62.614582,NaN
2021-07-08T12:00:00Z,0.0,-64.677086,-62.614582,NaN
2021-07-09T12:00:00Z,0.0,-64.677086,-62.614582,NaN
2021-07-10T12:00:00Z,0.0,-64.677086,-62.614582,NaN
2021-07-11T12:00:00Z,0.0,-64.677086,-62.614582,NaN
2021-07-12T12:00:00Z,0.0,-64.677086,-62.614582,NaN
2021-07-13T12:00:00Z,0.0,-64.677086,-62.614582,NaN
2021-07-14T12:00:00Z,0.0,-64.677086,-62.614582,NaN
2021-07-15T12:00:00Z,0.0,-64.677086,-62.614582,NaN
2021-07-16T12:00:00Z,0.0,-64.677086,-62.614582,NaN
2021-07-17T12:00:00Z,0.0,-64.677086,-62.614582,NaN
2021-07-18T12:00:00Z,0.0,-64.677086,-62.614582,NaN
2021-07-19T12:00:00Z,0.0,-64.677086,-62.614582,NaN
2021-07-20T12:00:00Z,0.0,-64.677086,-62.614582,NaN
2021-07-21T12:00:00Z,0.0,-64.677086,-62.614582,NaN
2021-07-22T12:00:00Z,0.0,-64.677086,-62.614582,NaN
2021-07-23T12:00:00Z,0.0,-64.677086,-62.614582,NaN
2021-07-24T12:00:00Z,0.0,-64.677086,-62.614582,NaN
2021-07-25T12:00:00Z,0.0,-64.677086,-62.614582,NaN
2021-07-26T12:00:00Z,0.0,-64.677086,-62.614582,NaN
2021-07-27T12:00:00Z,0.0,-64.677086,-62.614582,NaN
2021-07-28T12:00:00Z,0.0,-64.677086,-62.614582,NaN
2021-07-29T12:00:00Z,0.0,-64.677086,-62.614582,NaN
2021-07-30T12:00:00Z,0.0,-64.677086,-62.614582,NaN
2021-07-31T12:00:00Z,0.0,-64.677086,-62.614582,NaN
2021-08-01T12:00:00Z,0.0,-64.677086,-62.614582,NaN
2021-08-02T12:00:00Z,0.0,-64.677086,-62.614582,NaN
2021-08-03T12:00:00Z,0.0,-64.677086,-62.614582,NaN
2021-08-04T12:00:00Z,0.0,-64.677086,-62.614582,NaN
2021-08-05T12:00:00Z,0.0,-64.677086,-62.614582,NaN
2021-08-06T12:00:00Z,0.0,-64.677086,-62.614582,NaN
2021-08-07T12:00:00Z,0.0,-64.677086,-62.614582,NaN
2021-08-08T12:00:00Z,0.0,-64.677086,-62.614582,NaN
2021-08-09T12:00:00Z,0.0,-64.677086,-62.614582,NaN
2021-08-10T12:00:00Z,0.0,-64.677086,-62.614582,NaN
2021-08-11T12:00:00Z,0.0,-64.677086,-62.614582,NaN
2021-08-12T12:00:00Z,0.0,-64.677086,-62.614582,NaN
2021-08-13T12:00:00Z,0.0,-64.677086,-62.614582,NaN
2021-08-14T12:00:00Z,0.0,-64.677086,-62.614582,NaN
2021-08-15T12:00:00Z,0.0,-64.677086,-62.614582,NaN
2021-08-16T12:00:00Z,0.0,-64.677086,-62.614582,NaN
2021-08-17T12:00:00Z,0.0,-64.677086,-62.614582,NaN
2021-08-18T12:00:00Z,0.0,-64.677086,-62.614582,NaN
2021-08-19T12:00:00Z,0.0,-64.677086,-62.614582,NaN
2021-08-20T12:00:00Z,0.0,-64.677086,-62.614582,NaN
2021-08-21T12:00:00Z,0.0,-64.677086,-62.614582,NaN
2021-08-22T12:00:00Z,0.0,-64.677086,-62.614582,NaN
2021-08-23T12:00:00Z,0.0,-64.677086,-62.614582,NaN
2021-08-24T12:00:00Z,0.0,-64.677086,-62.614582,NaN
2021-08-25T12:00:00Z,0.0,-64.677086,-62.614582,NaN
2021-08-26T12:00:00Z,0.0,-64.677086,-62.614582,NaN
2021-08-27T12:00:00Z,0.0,-64.677086,-62.614582,NaN
2021-08-28T12:00:00Z,0.0,-64.677086,-62.614582,NaN
2021-08-29T12:00:00Z,0.0,-64.677086,-62.614582,NaN
2021-08-30T12:00:00Z,0.0,-64.677086,-62.614582,NaN
2021-08-31T12:00:00Z,0.0,-64.677086,-62.614582,NaN
2021-09-01T12:00:00Z,0.0,-64.677086,-62.614582,NaN
2021-09-02T12:00:00Z,0.0,-64.677086,-62.614582,NaN
2021-09-03T12:00:00Z,0.0,-64.677086,-62.614582,NaN
2021-09-04T12:00:00Z,0.0,-64.677086,-62.614582,NaN
2021-09-05T12:00:00Z,0.0,-64.677086,-62.614582,NaN
2021-09-06T12:00:00Z,0.0,-64.677086,-62.614582,NaN
2021-09-07T12:00:00Z,0.0,-64.677086,-62.614582,NaN
2021-09-08T12:00:00Z,0.0,-64.677086,-62.614582,NaN
2021-09-09T12:00:00Z,0.0,-64.677086,-62.614582,NaN
2021-09-10T12:00:00Z,0.0,-64.677086,-62.614582,NaN
2021-09-11T12:00:00Z,0.0,-64.677086,-62.614582,NaN
2021-09-12T12:00:00Z,0.0,-64.677086,-62.614582,NaN
2021-09-13T12:00:00Z,0.0,-64.677086,-62.614582,NaN
2021-09-14T12:00:00Z,0.0,-64.677086,-62.614582,NaN
2021-09-15T12:00:00Z,0.0,-64.677086,-62.614582,NaN
2021-09-16T12:00:00Z,0.0,-64.677086,-62.614582,NaN
2021-09-17T12:00:00Z,0.0,-64.677086,-62.614582,NaN
2021-09-18T12:00:00Z,0.0,-64.677086,-62.614582,NaN
2021-09-19T12:00:00Z,0.0,-64.677086,-62.614582,NaN
2021-09-20T12:00:00Z,0.0,-64.677086,-62.614582,NaN
2021-09-21T12:00:00Z,0.0,-64.677086,-62.614582,NaN
2021-09-22T12:00:00Z,0.0,-64.677086,-62.614582,NaN
2021-09-23T12:00:00Z,0.0,-64.677086,-62.614582,NaN
2021-09-24T12:00:00Z,0.0,-64.677086,-62.614582,NaN
2021-09-25T12:00:00Z,0.0,-64.677086,-62.614582,NaN
2021-09-26T12:00:00Z,0.0,-64.677086,-62.614582,NaN
2021-09-27T12:00:00Z,0.0,-64.677086,-62.614582,NaN
2021-09-28T12:00:00Z,0.0,-64.677086,-62.614582,NaN
2021-09-29T12:00:00Z,0.0,-64.677086,-62.614582,NaN
2021-09-30T12:00:00Z,0.0,-64.677086,-62.614582,NaN
2021-10-01T12:00:00Z,0.0,-64.677086,-62.614582,NaN
2021-10-02T12:00:00Z,0.0,-64.677086,-62.614582,NaN
2021-10-03T12:00:00Z,0.0,-64.677086,-62.614582,NaN
2021-10-04T12:00:00Z,0.0,-64.677086,-62.614582,NaN
2021-10-05T12:00:00Z,0.0,-64.677086,-62.614582,NaN
2021-10-06T12:00:00Z,0.0,-64.677086,-62.614582,NaN
2021-10-07T12:00:00Z,0.0,-64.677086,-62.614582,NaN
2021-10-08T12:00:00Z,0.0,-64.677086,-62.614582,NaN
2021-10-09T12:00:00Z,0.0,-64.677086,-62.614582,NaN
2021-10-10T12:00:00Z,0.0,-64.677086,-62.614582,NaN
2021-10-11T12:00:00Z,0.0,-64.677086,-62.614582,NaN
2021-10-12T12:00:00Z,0.0,-64.677086,-62.614582,NaN
2021-10-13T12:00:00Z,0.0,-64.677086,-62.614582,NaN
2021-10-14T12:00:00Z,0.0,-64.677086,-62.614582,NaN
2021-10-15T12:00:00Z,0.0,-64.677086,-62.614582,NaN
2021-10-16T12:00:00Z,0.0,-64.677086,-62.614582,NaN
2021-10-17T12:00:00Z,0.0,-64.677086,-62.614582,NaN
2021-10-18T12:00:00Z,0.0,-64.677086,-62.614582,NaN
2021-10-19T12:00:00Z,0.0,-64.677086,-62.614582,NaN
2021-10-20T12:00:00Z,0.0,-64.677086,-62.614582,NaN
2021-10-21T12:00:00Z,0.0,-64.677086,-62.614582,0.16086723
2021-10-22T12:00:00Z,0.0,-64.677086,-62.614582,0.16450764
2021-10-23T12:00:00Z,0.0,-64.677086,-62.614582,0.13502486
2021-10-24T12:00:00Z,0.0,-64.677086,-62.614582,0.12840128
2021-10-25T12:00:00Z,0.0,-64.677086,-62.614582,0.13182639
2021-10-26T12:00:00Z,0.0,-64.677086,-62.614582,0.17411615
2021-10-27T12:00:00Z,0.0,-64.677086,-62.614582,0.17426272
2021-10-28T12:00:00Z,0.0,-64.677086,-62.614582,0.1657724
2021-10-29T12:00:00Z,0.0,-64.677086,-62.614582,0.13375115
2021-10-30T12:00:00Z,0.0,-64.677086,-62.614582,0.18048123
2021-10-31T12:00:00Z,0.0,-64.677086,-62.614582,0.106190495
2021-11-01T12:00:00Z,0.0,-64.677086,-62.614582,0.108632796
2021-11-02T12:00:00Z,0.0,-64.677086,-62.614582,0.10433213
2021-11-03T12:00:00Z,0.0,-64.677086,-62.614582,0.10486637
2021-11-04T12:00:00Z,0.0,-64.677086,-62.614582,0.103766836
2021-11-05T12:00:00Z,0.0,-64.677086,-62.614582,0.11656288
2021-11-06T12:00:00Z,0.0,-64.677086,-62.614582,0.11598567
2021-11-07T12:00:00Z,0.0,-64.677086,-62.614582,0.12544955
2021-11-08T12:00:00Z,0.0,-64.677086,-62.614582,0.12513563
2021-11-09T12:00:00Z,0.0,-64.677086,-62.614582,0.1279379
2021-11-10T12:00:00Z,0.0,-64.677086,-62.614582,0.11974095
2021-11-11T12:00:00Z,0.0,-64.677086,-62.614582,0.12556566
2021-11-12T12:00:00Z,0.0,-64.677086,-62.614582,0.12286586
2021-11-13T12:00:00Z,0.0,-64.677086,-62.614582,0.12636638
2021-11-14T12:00:00Z,0.0,-64.677086,-62.614582,0.13529043
2021-11-15T12:00:00Z,0.0,-64.677086,-62.614582,0.1348974
2021-11-16T12:00:00Z,0.0,-64.677086,-62.614582,0.1373141
2021-11-17T12:00:00Z,0.0,-64.677086,-62.614582,0.13927227
2021-11-18T12:00:00Z,0.0,-64.677086,-62.614582,0.19395125
2021-11-19T12:00:00Z,0.0,-64.677086,-62.614582,0.18235147
2021-11-20T12:00:00Z,0.0,-64.677086,-62.614582,0.16873075
2021-11-21T12:00:00Z,0.0,-64.677086,-62.614582,0.17442608
2021-11-22T12:00:00Z,0.0,-64.677086,-62.614582,0.17360847
2021-11-23T12:00:00Z,0.0,-64.677086,-62.614582,0.17447986
2021-11-24T12:00:00Z,0.0,-64.677086,-62.614582,0.17537083
2021-11-25T12:00:00Z,0.0,-64.677086,-62.614582,0.16867058
2021-11-26T12:00:00Z,0.0,-64.677086,-62.614582,0.17843753
2021-11-27T12:00:00Z,0.0,-64.677086,-62.614582,0.18630305
2021-11-28T12:00:00Z,0.0,-64.677086,-62.614582,0.18317688
2021-11-29T12:00:00Z,0.0,-64.677086,-62.614582,0.23479044
2021-11-30T12:00:00Z,0.0,-64.677086,-62.614582,0.22624658
2021-12-01T12:00:00Z,0.0,-64.677086,-62.614582,0.26104587
2021-12-02T12:00:00Z,0.0,-64.677086,-62.614582,0.27835178
2021-12-03T12:00:00Z,0.0,-64.677086,-62.614582,0.2921533
2021-12-04T12:00:00Z,0.0,-64.677086,-62.614582,0.2967736
2021-12-05T12:00:00Z,0.0,-64.677086,-62.614582,0.30871886
2021-12-06T12:00:00Z,0.0,-64.677086,-62.614582,0.1935942
2021-12-07T12:00:00Z,0.0,-64.677086,-62.614582,0.19423279
2021-12-08T12:00:00Z,0.0,-64.677086,-62.614582,0.19049108
2021-12-09T12:00:00Z,0.0,-64.677086,-62.614582,0.19347607
2021-12-10T12:00:00Z,0.0,-64.677086,-62.614582,0.19183867
2021-12-11T12:00:00Z,0.0,-64.677086,-62.614582,0.18992117
2021-12-12T12:00:00Z,0.0,-64.677086,-62.614582,0.1775629
2021-12-13T12:00:00Z,0.0,-64.677086,-62.614582,0.20257841
2021-12-14T12:00:00Z,0.0,-64.677086,-62.614582,0.17996019
2021-12-15T12:00:00Z,0.0,-64.677086,-62.614582,0.18186507
2021-12-16T12:00:00Z,0.0,-64.677086,-62.614582,0.2028888
2021-12-17T12:00:00Z,0.0,-64.677086,-62.614582,0.2043624
2021-12-18T12:00:00Z,0.0,-64.677086,-62.614582,0.20751844
2021-12-19T12:00:00Z,0.0,-64.677086,-62.614582,0.20836937
2021-12-20T12:00:00Z,0.0,-64.677086,-62.614582,0.18654497
2021-12-21T12:00:00Z,0.0,-64.677086,-62.614582,0.18072684
2021-12-22T12:00:00Z,0.0,-64.677086,-62.614582,0.15899287
2021-12-23T12:00:00Z,0.0,-64.677086,-62.614582,0.1589209
2021-12-24T12:00:00Z,0.0,-64.677086,-62.614582,0.15840468
2021-12-25T12:00:00Z,0.0,-64.677086,-62.614582,0.15921965
2021-12-26T12:00:00Z,0.0,-64.677086,-62.614582,0.1575963
2021-12-27T12:00:00Z,0.0,-64.677086,-62.614582,0.15099528
2021-12-28T12:00:00Z,0.0,-64.677086,-62.614582,0.15044641
2021-12-29T12:00:00Z,0.0,-64.677086,-62.614582,0.22703859
2021-12-30T12:00:00Z,0.0,-64.677086,-62.614582,0.23909092
2021-12-31T12:00:00Z,0.0,-64.677086,-62.614582,0.21873888
2022-01-01T12:00:00Z,0.0,-64.677086,-62.614582,0.21278371
2022-01-02T12:00:00Z,0.0,-64.677086,-62.614582,0.21779986
2022-01-03T12:00:00Z,0.0,-64.677086,-62.614582,0.21953179
2022-01-04T12:00:00Z,0.0,-64.677086,-62.614582,0.25530124
2022-01-05T12:00:00Z,0.0,-64.677086,-62.614582,0.21540521
2022-01-06T12:00:00Z,0.0,-64.677086,-62.614582,0.22147225
2022-01-07T12:00:00Z,0.0,-64.677086,-62.614582,0.21762575
2022-01-08T12:00:00Z,0.0,-64.677086,-62.614582,0.14707968
2022-01-09T12:00:00Z,0.0,-64.677086,-62.614582,0.14846885
2022-01-10T12:00:00Z,0.0,-64.677086,-62.614582,0.14588371
2022-01-11T12:00:00Z,0.0,-64.677086,-62.614582,0.13753591
2022-01-12T12:00:00Z,0.0,-64.677086,-62.614582,0.12204682
2022-01-13T12:00:00Z,0.0,-64.677086,-62.614582,0.11266685
2022-01-14T12:00:00Z,0.0,-64.677086,-62.614582,0.10993516
2022-01-15T12:00:00Z,0.0,-64.677086,-62.614582,0.0822534
2022-01-16T12:00:00Z,0.0,-64.677086,-62.614582,0.1596392
2022-01-17T12:00:00Z,0.0,-64.677086,-62.614582,0.19538121
2022-01-18T12:00:00Z,0.0,-64.677086,-62.614582,0.19980788
2022-01-19T12:00:00Z,0.0,-64.677086,-62.614582,0.20052253
2022-01-20T12:00:00Z,0.0,-64.677086,-62.614582,0.20440605
2022-01-21T12:00:00Z,0.0,-64.677086,-62.614582,0.16354704
2022-01-22T12:00:00Z,0.0,-64.677086,-62.614582,0.12741344
2022-01-23T12:00:00Z,0.0,-64.677086,-62.614582,0.12304072
2022-01-24T12:00:00Z,0.0,-64.677086,-62.614582,0.12433263
2022-01-25T12:00:00Z,0.0,-64.677086,-62.614582,0.1285783
2022-01-26T12:00:00Z,0.0,-64.677086,-62.614582,0.15056548
2022-01-27T12:00:00Z,0.0,-64.677086,-62.614582,0.16325335
2022-01-28T12:00:00Z,0.0,-64.677086,-62.614582,0.17478512
2022-01-29T12:00:00Z,0.0,-64.677086,-62.614582,0.18026146
2022-01-30T12:00:00Z,0.0,-64.677086,-62.614582,0.17264885
2022-01-31T12:00:00Z,0.0,-64.677086,-62.614582,0.17672738
2022-02-01T12:00:00Z,0.0,-64.677086,-62.614582,0.18906426
2022-02-02T12:00:00Z,0.0,-64.677086,-62.614582,0.19011946
2022-02-03T12:00:00Z,0.0,-64.677086,-62.614582,0.23388535
2022-02-04T12:00:00Z,0.0,-64.677086,-62.614582,0.23109527
2022-02-05T12:00:00Z,0.0,-64.677086,-62.614582,0.2480194
2022-02-06T12:00:00Z,0.0,-64.677086,-62.614582,0.26432368
2022-02-07T12:00:00Z,0.0,-64.677086,-62.614582,0.2179883
2022-02-08T12:00:00Z,0.0,-64.677086,-62.614582,0.2229332
2022-02-09T12:00:00Z,0.0,-64.677086,-62.614582,0.23439266
2022-02-10T12:00:00Z,0.0,-64.677086,-62.614582,0.30780593
2022-02-11T12:00:00Z,0.0,-64.677086,-62.614582,0.31578505
2022-02-12T12:00:00Z,0.0,-64.677086,-62.614582,0.30599138
2022-02-13T12:00:00Z,0.0,-64.677086,-62.614582,0.3227307
2022-02-14T12:00:00Z,0.0,-64.677086,-62.614582,0.2969351
2022-02-15T12:00:00Z,0.0,-64.677086,-62.614582,0.35844502
2022-02-16T12:00:00Z,0.0,-64.677086,-62.614582,0.4061461
2022-02-17T12:00:00Z,0.0,-64.677086,-62.614582,0.3772103
2022-02-18T12:00:00Z,0.0,-64.677086,-62.614582,0.4192375
2022-02-19T12:00:00Z,0.0,-64.677086,-62.614582,0.3813067
2022-02-20T12:00:00Z,0.0,-64.677086,-62.614582,0.44733134
2022-02-21T12:00:00Z,0.0,-64.677086,-62.614582,0.37203258
2022-02-22T12:00:00Z,0.0,-64.677086,-62.614582,0.38542607
2022-02-23T12:00:00Z,0.0,-64.677086,-62.614582,0.31897146
2022-02-24T12:00:00Z,0.0,-64.677086,-62.614582,0.23522106
2022-02-25T12:00:00Z,0.0,-64.677086,-62.614582,0.23379426
2022-02-26T12:00:00Z,0.0,-64.677086,-62.614582,0.23195356
2022-02-27T12:00:00Z,0.0,-64.677086,-62.614582,0.18480884
2022-02-28T12:00:00Z,0.0,-64.677086,-62.614582,0.1783936
2022-03-01T12:00:00Z,0.0,-64.677086,-62.614582,0.17755722
2022-03-02T12:00:00Z,0.0,-64.677086,-62.614582,0.20249578
2022-03-03T12:00:00Z,0.0,-64.677086,-62.614582,0.20264691
2022-03-04T12:00:00Z,0.0,-64.677086,-62.614582,0.19976997
2022-03-05T12:00:00Z,0.0,-64.677086,-62.614582,0.19713798
2022-03-06T12:00:00Z,0.0,-64.677086,-62.614582,0.20954332
2022-03-07T12:00:00Z,0.0,-64.677086,-62.614582,0.19830623
2022-03-08T12:00:00Z,0.0,-64.677086,-62.614582,0.18442246
2022-03-09T12:00:00Z,0.0,-64.677086,-62.614582,0.18658291
2022-03-10T12:00:00Z,0.0,-64.677086,-62.614582,0.19215044
2022-03-11T12:00:00Z,0.0,-64.677086,-62.614582,0.19340914
2022-03-12T12:00:00Z,0.0,-64.677086,-62.614582,0.21624893
2022-03-13T12:00:00Z,0.0,-64.677086,-62.614582,0.2149627
2022-03-14T12:00:00Z,0.0,-64.677086,-62.614582,0.21710002
2022-03-15T12:00:00Z,0.0,-64.677086,-62.614582,NaN
2022-03-16T12:00:00Z,0.0,-64.677086,-62.614582,NaN
2022-03-17T12:00:00Z,0.0,-64.677086,-62.614582,NaN
2022-03-18T12:00:00Z,0.0,-64.677086,-62.614582,NaN
2022-03-19T12:00:00Z,0.0,-64.677086,-62.614582,NaN
2022-03-20T12:00:00Z,0.0,-64.677086,-62.614582,NaN
2022-03-21T12:00:00Z,0.0,-64.677086,-62.614582,NaN
2022-03-22T12:00:00Z,0.0,-64.677086,-62.614582,NaN
2022-03-23T12:00:00Z,0.0,-64.677086,-62.614582,NaN
2022-03-24T12:00:00Z,0.0,-64.677086,-62.614582,NaN
2022-03-25T12:00:00Z,0.0,-64.677086,-62.614582,NaN
2022-03-26T12:00:00Z,0.0,-64.677086,-62.614582,NaN
2022-03-27T12:00:00Z,0.0,-64.677086,-62.614582,NaN
2022-03-28T12:00:00Z,0.0,-64.677086,-62.614582,NaN
2022-03-29T12:00:00Z,0.0,-64.677086,-62.614582,NaN
2022-03-30T12:00:00Z,0.0,-64.677086,-62.614582,NaN
2022-03-31T12:00:00Z,0.0,-64.677086,-62.614582,NaN
2022-04-01T12:00:00Z,0.0,-64.677086,-62.614582,NaN
2022-04-02T12:00:00Z,0.0,-64.677086,-62.614582,NaN
2022-04-03T12:00:00Z,0.0,-64.677086,-62.614582,NaN
2022-04-04T12:00:00Z,0.0,-64.677086,-62.614582,NaN
2022-04-05T12:00:00Z,0.0,-64.677086,-62.614582,NaN
2022-04-06T12:00:00Z,0.0,-64.677086,-62.614582,NaN
2022-04-07T12:00:00Z,0.0,-64.677086,-62.614582,NaN
2022-04-08T12:00:00Z,0.0,-64.677086,-62.614582,NaN
2022-04-09T12:00:00Z,0.0,-64.677086,-62.614582,NaN
2022-04-10T12:00:00Z,0.0,-64.677086,-62.614582,NaN
2022-04-11T12:00:00Z,0.0,-64.677086,-62.614582,NaN
2022-04-12T12:00:00Z,0.0,-64.677086,-62.614582,NaN
2022-04-13T12:00:00Z,0.0,-64.677086,-62.614582,NaN
2022-04-14T12:00:00Z,0.0,-64.677086,-62.614582,NaN
2022-04-15T12:00:00Z,0.0,-64.677086,-62.614582,NaN
2022-04-16T12:00:00Z,0.0,-64.677086,-62.614582,NaN
2022-04-17T12:00:00Z,0.0,-64.677086,-62.614582,NaN
2022-04-18T12:00:00Z,0.0,-64.677086,-62.614582,NaN
2022-04-19T12:00:00Z,0.0,-64.677086,-62.614582,NaN
2022-04-20T12:00:00Z,0.0,-64.677086,-62.614582,NaN
2022-04-21T12:00:00Z,0.0,-64.677086,-62.614582,NaN
2022-04-22T12:00:00Z,0.0,-64.677086,-62.614582,NaN
2022-04-23T12:00:00Z,0.0,-64.677086,-62.614582,NaN
2022-04-24T12:00:00Z,0.0,-64.677086,-62.614582,NaN
2022-04-25T12:00:00Z,0.0,-64.677086,-62.614582,NaN
2022-04-26T12:00:00Z,0.0,-64.677086,-62.614582,NaN
2022-04-27T12:00:00Z,0.0,-64.677086,-62.614582,NaN
2022-04-28T12:00:00Z,0.0,-64.677086,-62.614582,NaN
2022-04-29T12:00:00Z,0.0,-64.677086,-62.614582,NaN
2022-04-30T12:00:00Z,0.0,-64.677086,-62.614582,NaN
2022-05-01T12:00:00Z,0.0,-64.677086,-62.614582,NaN
2022-05-02T12:00:00Z,0.0,-64.677086,-62.614582,NaN
2022-05-03T12:00:00Z,0.0,-64.677086,-62.614582,NaN
2022-05-04T12:00:00Z,0.0,-64.677086,-62.614582,NaN
2022-05-05T12:00:00Z,0.0,-64.677086,-62.614582,NaN
2022-05-06T12:00:00Z,0.0,-64.677086,-62.614582,NaN
2022-05-07T12:00:00Z,0.0,-64.677086,-62.614582,NaN
2022-05-08T12:00:00Z,0.0,-64.677086,-62.614582,NaN
2022-05-09T12:00:00Z,0.0,-64.677086,-62.614582,NaN
2022-05-10T12:00:00Z,0.0,-64.677086,-62.614582,NaN
2022-05-11T12:00:00Z,0.0,-64.677086,-62.614582,NaN
2022-05-12T12:00:00Z,0.0,-64.677086,-62.614582,NaN
2022-05-13T12:00:00Z,0.0,-64.677086,-62.614582,NaN
2022-05-14T12:00:00Z,0.0,-64.677086,-62.614582,NaN
2022-05-15T12:00:00Z,0.0,-64.677086,-62.614582,NaN
2022-05-16T12:00:00Z,0.0,-64.677086,-62.614582,NaN
2022-05-17T12:00:00Z,0.0,-64.677086,-62.614582,NaN
2022-05-18T12:00:00Z,0.0,-64.677086,-62.614582,NaN
2022-05-19T12:00:00Z,0.0,-64.677086,-62.614582,NaN
2022-05-20T12:00:00Z,0.0,-64.677086,-62.614582,NaN
2022-05-21T12:00:00Z,0.0,-64.677086,-62.614582,NaN
2022-05-22T12:00:00Z,0.0,-64.677086,-62.614582,NaN
2022-05-23T12:00:00Z,0.0,-64.677086,-62.614582,NaN
2022-05-24T12:00:00Z,0.0,-64.677086,-62.614582,NaN
2022-05-25T12:00:00Z,0.0,-64.677086,-62.614582,NaN
2022-05-26T12:00:00Z,0.0,-64.677086,-62.614582,NaN
2022-05-27T12:00:00Z,0.0,-64.677086,-62.614582,NaN
2022-05-28T12:00:00Z,0.0,-64.677086,-62.614582,NaN
2022-05-29T12:00:00Z,0.0,-64.677086,-62.614582,NaN
2022-05-30T12:00:00Z,0.0,-64.677086,-62.614582,NaN
2022-05-31T12:00:00Z,0.0,-64.677086,-62.614582,NaN
2022-06-01T12:00:00Z,0.0,-64.677086,-62.614582,NaN
2022-06-02T12:00:00Z,0.0,-64.677086,-62.614582,NaN
2022-06-03T12:00:00Z,0.0,-64.677086,-62.614582,NaN
2022-06-04T12:00:00Z,0.0,-64.677086,-62.614582,NaN
2022-06-05T12:00:00Z,0.0,-64.677086,-62.614582,NaN
2022-06-06T12:00:00Z,0.0,-64.677086,-62.614582,NaN
2022-06-07T12:00:00Z,0.0,-64.677086,-62.614582,NaN
2022-06-08T12:00:00Z,0.0,-64.677086,-62.614582,NaN
2022-06-09T12:00:00Z,0.0,-64.677086,-62.614582,NaN
2022-06-10T12:00:00Z,0.0,-64.677086,-62.614582,NaN
2022-06-11T12:00:00Z,0.0,-64.677086,-62.614582,NaN
2022-06-12T12:00:00Z,0.0,-64.677086,-62.614582,NaN
2022-06-13T12:00:00Z,0.0,-64.677086,-62.614582,NaN
2022-06-14T12:00:00Z,0.0,-64.677086,-62.614582,NaN
2022-06-15T12:00:00Z,0.0,-64.677086,-62.614582,NaN
2022-06-16T12:00:00Z,0.0,-64.677086,-62.614582,NaN
2022-06-17T12:00:00Z,0.0,-64.677086,-62.614582,NaN
2022-06-18T12:00:00Z,0.0,-64.677086,-62.614582,NaN
2022-06-19T12:00:00Z,0.0,-64.677086,-62.614582,NaN
2022-06-20T12:00:00Z,0.0,-64.677086,-62.614582,NaN
2022-06-21T12:00:00Z,0.0,-64.677086,-62.614582,NaN
2022-06-22T12:00:00Z,0.0,-64.677086,-62.614582,NaN
2022-06-23T12:00:00Z,0.0,-64.677086,-62.614582,NaN
2022-06-24T12:00:00Z,0.0,-64.677086,-62.614582,NaN
2022-06-25T12:00:00Z,0.0,-64.677086,-62.614582,NaN
2022-06-26T12:00:00Z,0.0,-64.677086,-62.614582,NaN
2022-06-27T12:00:00Z,0.0,-64.677086,-62.614582,NaN
2022-06-28T12:00:00Z,0.0,-64.677086,-62.614582,NaN
2022-06-29T12:00:00Z,0.0,-64.677086,-62.614582,NaN
2022-06-30T12:00:00Z,0.0,-64.677086,-62.614582,NaN
2022-07-01T12:00:00Z,0.0,-64.677086,-62.614582,NaN
2022-07-02T12:00:00Z,0.0,-64.677086,-62.614582,NaN
2022-07-03T12:00:00Z,0.0,-64.677086,-62.614582,NaN
2022-07-04T12:00:00Z,0.0,-64.677086,-62.614582,NaN
2022-07-05T12:00:00Z,0.0,-64.677086,-62.614582,NaN
2022-07-06T12:00:00Z,0.0,-64.677086,-62.614582,NaN
2022-07-07T12:00:00Z,0.0,-64.677086,-62.614582,NaN
2022-07-08T12:00:00Z,0.0,-64.677086,-62.614582,NaN
2022-07-09T12:00:00Z,0.0,-64.677086,-62.614582,NaN
2022-07-10T12:00:00Z,0.0,-64.677086,-62.614582,NaN
2022-07-11T12:00:00Z,0.0,-64.677086,-62.614582,NaN
2022-07-12T12:00:00Z,0.0,-64.677086,-62.614582,NaN
2022-07-13T12:00:00Z,0.0,-64.677086,-62.614582,NaN
2022-07-14T12:00:00Z,0.0,-64.677086,-62.614582,NaN
2022-07-15T12:00:00Z,0.0,-64.677086,-62.614582,NaN
2022-07-16T12:00:00Z,0.0,-64.677086,-62.614582,NaN
2022-07-17T12:00:00Z,0.0,-64.677086,-62.614582,NaN
2022-07-18T12:00:00Z,0.0,-64.677086,-62.614582,NaN
2022-07-19T12:00:00Z,0.0,-64.677086,-62.614582,NaN
2022-07-20T12:00:00Z,0.0,-64.677086,-62.614582,NaN
2022-07-21T12:00:00Z,0.0,-64.677086,-62.614582,NaN
2022-07-22T12:00:00Z,0.0,-64.677086,-62.614582,NaN
2022-07-23T12:00:00Z,0.0,-64.677086,-62.614582,NaN
2022-07-24T12:00:00Z,0.0,-64.677086,-62.614582,NaN
2022-07-25T12:00:00Z,0.0,-64.677086,-62.614582,NaN
2022-07-26T12:00:00Z,0.0,-64.677086,-62.614582,NaN
2022-07-27T12:00:00Z,0.0,-64.677086,-62.614582,NaN
2022-07-28T12:00:00Z,0.0,-64.677086,-62.614582,NaN
2022-07-29T12:00:00Z,0.0,-64.677086,-62.614582,NaN
2022-07-30T12:00:00Z,0.0,-64.677086,-62.614582,NaN
2022-07-31T12:00:00Z,0.0,-64.677086,-62.614582,NaN
2022-08-01T12:00:00Z,0.0,-64.677086,-62.614582,NaN
2022-08-02T12:00:00Z,0.0,-64.677086,-62.614582,NaN
2022-08-03T12:00:00Z,0.0,-64.677086,-62.614582,NaN
2022-08-04T12:00:00Z,0.0,-64.677086,-62.614582,NaN
2022-08-05T12:00:00Z,0.0,-64.677086,-62.614582,NaN
2022-08-06T12:00:00Z,0.0,-64.677086,-62.614582,NaN
2022-08-07T12:00:00Z,0.0,-64.677086,-62.614582,NaN
2022-08-08T12:00:00Z,0.0,-64.677086,-62.614582,NaN
2022-08-09T12:00:00Z,0.0,-64.677086,-62.614582,NaN
2022-08-10T12:00:00Z,0.0,-64.677086,-62.614582,NaN
2022-08-11T12:00:00Z,0.0,-64.677086,-62.614582,NaN
2022-08-12T12:00:00Z,0.0,-64.677086,-62.614582,NaN
2022-08-13T12:00:00Z,0.0,-64.677086,-62.614582,NaN
2022-08-14T12:00:00Z,0.0,-64.677086,-62.614582,NaN
2022-08-15T12:00:00Z,0.0,-64.677086,-62.614582,NaN
2022-08-16T12:00:00Z,0.0,-64.677086,-62.614582,NaN
2022-08-17T12:00:00Z,0.0,-64.677086,-62.614582,NaN
2022-08-18T12:00:00Z,0.0,-64.677086,-62.614582,NaN
2022-08-19T12:00:00Z,0.0,-64.677086,-62.614582,NaN
2022-08-20T12:00:00Z,0.0,-64.677086,-62.614582,NaN
2022-08-21T12:00:00Z,0.0,-64.677086,-62.614582,NaN
2022-08-22T12:00:00Z,0.0,-64.677086,-62.614582,NaN
2022-08-23T12:00:00Z,0.0,-64.677086,-62.614582,NaN
2022-08-24T12:00:00Z,0.0,-64.677086,-62.614582,NaN
2022-08-25T12:00:00Z,0.0,-64.677086,-62.614582,NaN
2022-08-26T12:00:00Z,0.0,-64.677086,-62.614582,NaN
2022-08-27T12:00:00Z,0.0,-64.677086,-62.614582,NaN
2022-08-28T12:00:00Z,0.0,-64.677086,-62.614582,NaN
2022-08-29T12:00:00Z,0.0,-64.677086,-62.614582,NaN
2022-08-30T12:00:00Z,0.0,-64.677086,-62.614582,NaN
2022-08-31T12:00:00Z,0.0,-64.677086,-62.614582,NaN
2022-09-01T12:00:00Z,0.0,-64.677086,-62.614582,NaN
2022-09-02T12:00:00Z,0.0,-64.677086,-62.614582,NaN
2022-09-03T12:00:00Z,0.0,-64.677086,-62.614582,NaN
2022-09-04T12:00:00Z,0.0,-64.677086,-62.614582,NaN
2022-09-05T12:00:00Z,0.0,-64.677086,-62.614582,NaN
2022-09-06T12:00:00Z,0.0,-64.677086,-62.614582,NaN
2022-09-07T12:00:00Z,0.0,-64.677086,-62.614582,NaN
2022-09-08T12:00:00Z,0.0,-64.677086,-62.614582,NaN
2022-09-09T12:00:00Z,0.0,-64.677086,-62.614582,NaN
2022-09-10T12:00:00Z,0.0,-64.677086,-62.614582,NaN
2022-09-11T12:00:00Z,0.0,-64.677086,-62.614582,NaN
2022-09-12T12:00:00Z,0.0,-64.677086,-62.614582,NaN
2022-09-13T12:00:00Z,0.0,-64.677086,-62.614582,NaN
2022-09-14T12:00:00Z,0.0,-64.677086,-62.614582,NaN
2022-09-15T12:00:00Z,0.0,-64.677086,-62.614582,NaN
2022-09-16T12:00:00Z,0.0,-64.677086,-62.614582,NaN
2022-09-17T12:00:00Z,0.0,-64.677086,-62.614582,NaN
2022-09-18T12:00:00Z,0.0,-64.677086,-62.614582,NaN
2022-09-19T12:00:00Z,0.0,-64.677086,-62.614582,NaN
2022-09-20T12:00:00Z,0.0,-64.677086,-62.614582,NaN
2022-09-21T12:00:00Z,0.0,-64.677086,-62.614582,NaN
2022-09-22T12:00:00Z,0.0,-64.677086,-62.614582,NaN
2022-09-23T12:00:00Z,0.0,-64.677086,-62.614582,NaN
2022-09-24T12:00:00Z,0.0,-64.677086,-62.614582,NaN
2022-09-25T12:00:00Z,0.0,-64.677086,-62.614582,NaN
2022-09-26T12:00:00Z,0.0,-64.677086,-62.614582,NaN
2022-09-27T12:00:00Z,0.0,-64.677086,-62.614582,NaN
2022-09-28T12:00:00Z,0.0,-64.677086,-62.614582,NaN
2022-09-29T12:00:00Z,0.0,-64.677086,-62.614582,NaN
2022-09-30T12:00:00Z,0.0,-64.677086,-62.614582,NaN
2022-10-01T12:00:00Z,0.0,-64.677086,-62.614582,NaN
2022-10-02T12:00:00Z,0.0,-64.677086,-62.614582,NaN
2022-10-03T12:00:00Z,0.0,-64.677086,-62.614582,NaN
2022-10-04T12:00:00Z,0.0,-64.677086,-62.614582,NaN
2022-10-05T12:00:00Z,0.0,-64.677086,-62.614582,NaN
2022-10-06T12:00:00Z,0.0,-64.677086,-62.614582,NaN
2022-10-07T12:00:00Z,0.0,-64.677086,-62.614582,NaN
2022-10-08T12:00:00Z,0.0,-64.677086,-62.614582,NaN
2022-10-09T12:00:00Z,0.0,-64.677086,-62.614582,NaN
2022-10-10T12:00:00Z,0.0,-64.677086,-62.614582,NaN
2022-10-11T12:00:00Z,0.0,-64.677086,-62.614582,NaN
2022-10-12T12:00:00Z,0.0,-64.677086,-62.614582,NaN
2022-10-13T12:00:00Z,0.0,-64.677086,-62.614582,NaN
2022-10-14T12:00:00Z,0.0,-64.677086,-62.614582,NaN
2022-10-15T12:00:00Z,0.0,-64.677086,-62.614582,NaN
2022-10-16T12:00:00Z,0.0,-64.677086,-62.614582,NaN
2022-10-17T12:00:00Z,0.0,-64.677086,-62.614582,NaN
2022-10-18T12:00:00Z,0.0,-64.677086,-62.614582,NaN
2022-10-19T12:00:00Z,0.0,-64.677086,-62.614582,NaN
2022-10-20T12:00:00Z,0.0,-64.677086,-62.614582,NaN
2022-10-21T12:00:00Z,0.0,-64.677086,-62.614582,0.21888332
2022-10-22T12:00:00Z,0.0,-64.677086,-62.614582,0.20988211
2022-10-23T12:00:00Z,0.0,-64.677086,-62.614582,0.21332167
2022-10-24T12:00:00Z,0.0,-64.677086,-62.614582,0.19471186
2022-10-25T12:00:00Z,0.0,-64.677086,-62.614582,0.21886942
2022-10-26T12:00:00Z,0.0,-64.677086,-62.614582,0.20355444
2022-10-27T12:00:00Z,0.0,-64.677086,-62.614582,0.19717911
2022-10-28T12:00:00Z,0.0,-64.677086,-62.614582,0.1838493
2022-10-29T12:00:00Z,0.0,-64.677086,-62.614582,0.22022475
2022-10-30T12:00:00Z,0.0,-64.677086,-62.614582,0.23645927
2022-10-31T12:00:00Z,0.0,-64.677086,-62.614582,0.2585218
2022-11-01T12:00:00Z,0.0,-64.677086,-62.614582,0.23754099
2022-11-02T12:00:00Z,0.0,-64.677086,-62.614582,0.2171865
2022-11-03T12:00:00Z,0.0,-64.677086,-62.614582,0.22135153
2022-11-04T12:00:00Z,0.0,-64.677086,-62.614582,0.22506009
2022-11-05T12:00:00Z,0.0,-64.677086,-62.614582,0.22866361
2022-11-06T12:00:00Z,0.0,-64.677086,-62.614582,0.2328645
2022-11-07T12:00:00Z,0.0,-64.677086,-62.614582,0.23764643
2022-11-08T12:00:00Z,0.0,-64.677086,-62.614582,0.24813937
2022-11-09T12:00:00Z,0.0,-64.677086,-62.614582,0.3117662
2022-11-10T12:00:00Z,0.0,-64.677086,-62.614582,0.23855151
2022-11-11T12:00:00Z,0.0,-64.677086,-62.614582,0.23867038
2022-11-12T12:00:00Z,0.0,-64.677086,-62.614582,0.24481113
2022-11-13T12:00:00Z,0.0,-64.677086,-62.614582,0.23063122
2022-11-14T12:00:00Z,0.0,-64.677086,-62.614582,0.24372023
2022-11-15T12:00:00Z,0.0,-64.677086,-62.614582,0.23749775
2022-11-16T12:00:00Z,0.0,-64.677086,-62.614582,0.242066
2022-11-17T12:00:00Z,0.0,-64.677086,-62.614582,0.14935327
2022-11-18T12:00:00Z,0.0,-64.677086,-62.614582,0.085151285
2022-11-19T12:00:00Z,0.0,-64.677086,-62.614582,0.06075046
2022-11-20T12:00:00Z,0.0,-64.677086,-62.614582,0.058999937
2022-11-21T12:00:00Z,0.0,-64.677086,-62.614582,0.066111885
2022-11-22T12:00:00Z,0.0,-64.677086,-62.614582,0.04216554
2022-11-23T12:00:00Z,0.0,-64.677086,-62.614582,0.03305507
2022-11-24T12:00:00Z,0.0,-64.677086,-62.614582,0.033405304
2022-11-25T12:00:00Z,0.0,-64.677086,-62.614582,0.03246741
2022-11-26T12:00:00Z,0.0,-64.677086,-62.614582,0.0749179
2022-11-27T12:00:00Z,0.0,-64.677086,-62.614582,0.028756406
2022-11-28T12:00:00Z,0.0,-64.677086,-62.614582,0.05133352
2022-11-29T12:00:00Z,0.0,-64.677086,-62.614582,0.052819613
2022-11-30T12:00:00Z,0.0,-64.677086,-62.614582,0.045492254
2022-12-01T12:00:00Z,0.0,-64.677086,-62.614582,0.055763163
2022-12-02T12:00:00Z,0.0,-64.677086,-62.614582,0.046562657
2022-12-03T12:00:00Z,0.0,-64.677086,-62.614582,0.0549486
2022-12-04T12:00:00Z,0.0,-64.677086,-62.614582,0.057590723
2022-12-05T12:00:00Z,0.0,-64.677086,-62.614582,0.13644806
2022-12-06T12:00:00Z,0.0,-64.677086,-62.614582,0.15510182
2022-12-07T12:00:00Z,0.0,-64.677086,-62.614582,0.22203955
2022-12-08T12:00:00Z,0.0,-64.677086,-62.614582,0.21926573
2022-12-09T12:00:00Z,0.0,-64.677086,-62.614582,0.25096875
2022-12-10T12:00:00Z,0.0,-64.677086,-62.614582,0.25563884
2022-12-11T12:00:00Z,0.0,-64.677086,-62.614582,0.26819697
2022-12-12T12:00:00Z,0.0,-64.677086,-62.614582,0.27538505
2022-12-13T12:00:00Z,0.0,-64.677086,-62.614582,0.25596204
2022-12-14T12:00:00Z,0.0,-64.677086,-62.614582,0.27467504
2022-12-15T12:00:00Z,0.0,-64.677086,-62.614582,0.29022458
2022-12-16T12:00:00Z,0.0,-64.677086,-62.614582,0.24438757
2022-12-17T12:00:00Z,0.0,-64.677086,-62.614582,0.20050532
2022-12-18T12:00:00Z,0.0,-64.677086,-62.614582,0.19951615
2022-12-19T12:00:00Z,0.0,-64.677086,-62.614582,0.2013907
2022-12-20T12:00:00Z,0.0,-64.677086,-62.614582,0.183291
2022-12-21T12:00:00Z,0.0,-64.677086,-62.614582,0.1979898
2022-12-22T12:00:00Z,0.0,-64.677086,-62.614582,0.1883695
2022-12-23T12:00:00Z,0.0,-64.677086,-62.614582,0.21347311
2022-12-24T12:00:00Z,0.0,-64.677086,-62.614582,0.21217614
2022-12-25T12:00:00Z,0.0,-64.677086,-62.614582,0.18600436
2022-12-26T12:00:00Z,0.0,-64.677086,-62.614582,0.19049059
2022-12-27T12:00:00Z,0.0,-64.677086,-62.614582,0.18689482
2022-12-28T12:00:00Z,0.0,-64.677086,-62.614582,0.18598226
2022-12-29T12:00:00Z,0.0,-64.677086,-62.614582,0.17787749
2022-12-30T12:00:00Z,0.0,-64.677086,-62.614582,0.17543918
2022-12-31T12:00:00Z,0.0,-64.677086,-62.614582,0.17740995
2023-01-01T12:00:00Z,0.0,-64.677086,-62.614582,0.18541911
2023-01-02T12:00:00Z,0.0,-64.677086,-62.614582,0.19863673
2023-01-03T12:00:00Z,0.0,-64.677086,-62.614582,0.20578322
2023-01-04T12:00:00Z,0.0,-64.677086,-62.614582,0.20131887
2023-01-05T12:00:00Z,0.0,-64.677086,-62.614582,0.21756957
2023-01-06T12:00:00Z,0.0,-64.677086,-62.614582,0.232326
2023-01-07T12:00:00Z,0.0,-64.677086,-62.614582,0.23153135
2023-01-08T12:00:00Z,0.0,-64.677086,-62.614582,0.23802409
2023-01-09T12:00:00Z,0.0,-64.677086,-62.614582,0.2394063
2023-01-10T12:00:00Z,0.0,-64.677086,-62.614582,0.24849215
2023-01-11T12:00:00Z,0.0,-64.677086,-62.614582,0.26476216
2023-01-12T12:00:00Z,0.0,-64.677086,-62.614582,0.30562237
2023-01-13T12:00:00Z,0.0,-64.677086,-62.614582,0.23985364
2023-01-14T12:00:00Z,0.0,-64.677086,-62.614582,0.24920015
2023-01-15T12:00:00Z,0.0,-64.677086,-62.614582,0.24873509
2023-01-16T12:00:00Z,0.0,-64.677086,-62.614582,0.2519959
2023-01-17T12:00:00Z,0.0,-64.677086,-62.614582,0.2502728
2023-01-18T12:00:00Z,0.0,-64.677086,-62.614582,0.25351426
2023-01-19T12:00:00Z,0.0,-64.677086,-62.614582,0.25834584
2023-01-20T12:00:00Z,0.0,-64.677086,-62.614582,0.25996643
2023-01-21T12:00:00Z,0.0,-64.677086,-62.614582,0.26551506
2023-01-22T12:00:00Z,0.0,-64.677086,-62.614582,0.2790336
2023-01-23T12:00:00Z,0.0,-64.677086,-62.614582,0.28542277
2023-01-24T12:00:00Z,0.0,-64.677086,-62.614582,0.2681847
2023-01-25T12:00:00Z,0.0,-64.677086,-62.614582,0.26487893
2023-01-26T12:00:00Z,0.0,-64.677086,-62.614582,0.25398928
2023-01-27T12:00:00Z,0.0,-64.677086,-62.614582,0.25209957
2023-01-28T12:00:00Z,0.0,-64.677086,-62.614582,0.20668702
2023-01-29T12:00:00Z,0.0,-64.677086,-62.614582,0.20169207
2023-01-30T12:00:00Z,0.0,-64.677086,-62.614582,0.20909977
2023-01-31T12:00:00Z,0.0,-64.677086,-62.614582,0.20664106
2023-02-01T12:00:00Z,0.0,-64.677086,-62.614582,0.2235203
2023-02-02T12:00:00Z,0.0,-64.677086,-62.614582,0.22491086
2023-02-03T12:00:00Z,0.0,-64.677086,-62.614582,0.22541502
2023-02-04T12:00:00Z,0.0,-64.677086,-62.614582,0.2437971
2023-02-05T12:00:00Z,0.0,-64.677086,-62.614582,0.35830608
2023-02-06T12:00:00Z,0.0,-64.677086,-62.614582,0.35816184
2023-02-07T12:00:00Z,0.0,-64.677086,-62.614582,0.3678582
2023-02-08T12:00:00Z,0.0,-64.677086,-62.614582,0.35100165
2023-02-09T12:00:00Z,0.0,-64.677086,-62.614582,0.36489707
2023-02-10T12:00:00Z,0.0,-64.677086,-62.614582,0.38069785
2023-02-11T12:00:00Z,0.0,-64.677086,-62.614582,0.36527926
2023-02-12T12:00:00Z,0.0,-64.677086,-62.614582,0.31216446
2023-02-13T12:00:00Z,0.0,-64.677086,-62.614582,0.311321
2023-02-14T12:00:00Z,0.0,-64.677086,-62.614582,0.29402676
2023-02-15T12:00:00Z,0.0,-64.677086,-62.614582,0.28197464
2023-02-16T12:00:00Z,0.0,-64.677086,-62.614582,0.259507
2023-02-17T12:00:00Z,0.0,-64.677086,-62.614582,0.26311174
2023-02-18T12:00:00Z,0.0,-64.677086,-62.614582,0.25440878
2023-02-19T12:00:00Z,0.0,-64.677086,-62.614582,0.24687372
2023-02-20T12:00:00Z,0.0,-64.677086,-62.614582,0.2417432
2023-02-21T12:00:00Z,0.0,-64.677086,-62.614582,0.2511298
2023-02-22T12:00:00Z,0.0,-64.677086,-62.614582,0.23807684
2023-02-23T12:00:00Z,0.0,-64.677086,-62.614582,0.26447242
2023-02-24T12:00:00Z,0.0,-64.677086,-62.614582,0.23444003
2023-02-25T12:00:00Z,0.0,-64.677086,-62.614582,0.24168932
2023-02-26T12:00:00Z,0.0,-64.677086,-62.614582,0.22888023
2023-02-27T12:00:00Z,0.0,-64.677086,-62.614582,0.23116243
2023-02-28T12:00:00Z,0.0,-64.677086,-62.614582,0.22729139
2023-03-01T12:00:00Z,0.0,-64.677086,-62.614582,0.24463557
2023-03-02T12:00:00Z,0.0,-64.677086,-62.614582,0.2384666
2023-03-03T12:00:00Z,0.0,-64.677086,-62.614582,0.23248348
2023-03-04T12:00:00Z,0.0,-64.677086,-62.614582,0.22681852
2023-03-05T12:00:00Z,0.0,-64.677086,-62.614582,0.22889157
2023-03-06T12:00:00Z,0.0,-64.677086,-62.614582,0.22316918
2023-03-07T12:00:00Z,0.0,-64.677086,-62.614582,0.25170523
2023-03-08T12:00:00Z,0.0,-64.677086,-62.614582,0.26072228
2023-03-09T12:00:00Z,0.0,-64.677086,-62.614582,0.25095883
2023-03-10T12:00:00Z,0.0,-64.677086,-62.614582,0.2850433
2023-03-11T12:00:00Z,0.0,-64.677086,-62.614582,0.27524474
2023-03-12T12:00:00Z,0.0,-64.677086,-62.614582,0.2765511
2023-03-13T12:00:00Z,0.0,-64.677086,-62.614582,0.26388237
2023-03-14T12:00:00Z,0.0,-64.677086,-62.614582,0.27169096
2023-03-15T12:00:00Z,0.0,-64.677086,-62.614582,NaN
2023-03-16T12:00:00Z,0.0,-64.677086,-62.614582,NaN
2023-03-17T12:00:00Z,0.0,-64.677086,-62.614582,NaN
2023-03-18T12:00:00Z,0.0,-64.677086,-62.614582,NaN
2023-03-19T12:00:00Z,0.0,-64.677086,-62.614582,NaN
2023-03-20T12:00:00Z,0.0,-64.677086,-62.614582,NaN
2023-03-21T12:00:00Z,0.0,-64.677086,-62.614582,NaN
2023-03-22T12:00:00Z,0.0,-64.677086,-62.614582,NaN
2023-03-23T12:00:00Z,0.0,-64.677086,-62.614582,NaN
2023-03-24T12:00:00Z,0.0,-64.677086,-62.614582,NaN
2023-03-25T12:00:00Z,0.0,-64.677086,-62.614582,NaN
2023-03-26T12:00:00Z,0.0,-64.677086,-62.614582,NaN
2023-03-27T12:00:00Z,0.0,-64.677086,-62.614582,NaN
2023-03-28T12:00:00Z,0.0,-64.677086,-62.614582,NaN
2023-03-29T12:00:00Z,0.0,-64.677086,-62.614582,NaN
2023-03-30T12:00:00Z,0.0,-64.677086,-62.614582,NaN
2023-03-31T12:00:00Z,0.0,-64.677086,-62.614582,NaN
2023-04-01T12:00:00Z,0.0,-64.677086,-62.614582,NaN
2023-04-02T12:00:00Z,0.0,-64.677086,-62.614582,NaN
2023-04-03T12:00:00Z,0.0,-64.677086,-62.614582,NaN
2023-04-04T12:00:00Z,0.0,-64.677086,-62.614582,NaN
2023-04-05T12:00:00Z,0.0,-64.677086,-62.614582,NaN
2023-04-06T12:00:00Z,0.0,-64.677086,-62.614582,NaN
2023-04-07T12:00:00Z,0.0,-64.677086,-62.614582,NaN
2023-04-08T12:00:00Z,0.0,-64.677086,-62.614582,NaN
2023-04-09T12:00:00Z,0.0,-64.677086,-62.614582,NaN
2023-04-10T12:00:00Z,0.0,-64.677086,-62.614582,NaN
2023-04-11T12:00:00Z,0.0,-64.677086,-62.614582,NaN
2023-04-12T12:00:00Z,0.0,-64.677086,-62.614582,NaN
2023-04-13T12:00:00Z,0.0,-64.677086,-62.614582,NaN
2023-04-14T12:00:00Z,0.0,-64.677086,-62.614582,NaN
2023-04-15T12:00:00Z,0.0,-64.677086,-62.614582,NaN
2023-04-16T12:00:00Z,0.0,-64.677086,-62.614582,NaN
2023-04-17T12:00:00Z,0.0,-64.677086,-62.614582,NaN
2023-04-18T12:00:00Z,0.0,-64.677086,-62.614582,NaN
2023-04-19T12:00:00Z,0.0,-64.677086,-62.614582,NaN
2023-04-20T12:00:00Z,0.0,-64.677086,-62.614582,NaN
2023-04-21T12:00:00Z,0.0,-64.677086,-62.614582,NaN
2023-04-22T12:00:00Z,0.0,-64.677086,-62.614582,NaN
2023-04-23T12:00:00Z,0.0,-64.677086,-62.614582,NaN
2023-04-24T12:00:00Z,0.0,-64.677086,-62.614582,NaN
2023-04-25T12:00:00Z,0.0,-64.677086,-62.614582,NaN
2023-04-26T12:00:00Z,0.0,-64.677086,-62.614582,NaN
2023-04-27T12:00:00Z,0.0,-64.677086,-62.614582,NaN
2023-04-28T12:00:00Z,0.0,-64.677086,-62.614582,NaN
2023-04-29T12:00:00Z,0.0,-64.677086,-62.614582,NaN
2023-04-30T12:00:00Z,0.0,-64.677086,-62.614582,NaN
2023-05-01T12:00:00Z,0.0,-64.677086,-62.614582,NaN
2023-05-02T12:00:00Z,0.0,-64.677086,-62.614582,NaN
2023-05-03T12:00:00Z,0.0,-64.677086,-62.614582,NaN
2023-05-04T12:00:00Z,0.0,-64.677086,-62.614582,NaN
2023-05-05T12:00:00Z,0.0,-64.677086,-62.614582,NaN
2023-05-06T12:00:00Z,0.0,-64.677086,-62.614582,NaN
2023-05-07T12:00:00Z,0.0,-64.677086,-62.614582,NaN
2023-05-08T12:00:00Z,0.0,-64.677086,-62.614582,NaN
2023-05-09T12:00:00Z,0.0,-64.677086,-62.614582,NaN
2023-05-10T12:00:00Z,0.0,-64.677086,-62.614582,NaN
2023-05-11T12:00:00Z,0.0,-64.677086,-62.614582,NaN
2023-05-12T12:00:00Z,0.0,-64.677086,-62.614582,NaN
2023-05-13T12:00:00Z,0.0,-64.677086,-62.614582,NaN
2023-05-14T12:00:00Z,0.0,-64.677086,-62.614582,NaN
2023-05-15T12:00:00Z,0.0,-64.677086,-62.614582,NaN
2023-05-16T12:00:00Z,0.0,-64.677086,-62.614582,NaN
2023-05-17T12:00:00Z,0.0,-64.677086,-62.614582,NaN
2023-05-18T12:00:00Z,0.0,-64.677086,-62.614582,NaN
2023-05-19T12:00:00Z,0.0,-64.677086,-62.614582,NaN
2023-05-20T12:00:00Z,0.0,-64.677086,-62.614582,NaN
2023-05-21T12:00:00Z,0.0,-64.677086,-62.614582,NaN
2023-05-22T12:00:00Z,0.0,-64.677086,-62.614582,NaN
2023-05-23T12:00:00Z,0.0,-64.677086,-62.614582,NaN
2023-05-24T12:00:00Z,0.0,-64.677086,-62.614582,NaN
2023-05-25T12:00:00Z,0.0,-64.677086,-62.614582,NaN
2023-05-26T12:00:00Z,0.0,-64.677086,-62.614582,NaN
2023-05-27T12:00:00Z,0.0,-64.677086,-62.614582,NaN
2023-05-28T12:00:00Z,0.0,-64.677086,-62.614582,NaN
2023-05-29T12:00:00Z,0.0,-64.677086,-62.614582,NaN
2023-05-30T12:00:00Z,0.0,-64.677086,-62.614582,NaN
2023-05-31T12:00:00Z,0.0,-64.677086,-62.614582,NaN
2023-06-01T12:00:00Z,0.0,-64.677086,-62.614582,NaN
2023-06-02T12:00:00Z,0.0,-64.677086,-62.614582,NaN
2023-06-03T12:00:00Z,0.0,-64.677086,-62.614582,NaN
2023-06-04T12:00:00Z,0.0,-64.677086,-62.614582,NaN
2023-06-05T12:00:00Z,0.0,-64.677086,-62.614582,NaN
2023-06-06T12:00:00Z,0.0,-64.677086,-62.614582,NaN
2023-06-07T12:00:00Z,0.0,-64.677086,-62.614582,NaN
2023-06-08T12:00:00Z,0.0,-64.677086,-62.614582,NaN
2023-06-09T12:00:00Z,0.0,-64.677086,-62.614582,NaN
2023-06-10T12:00:00Z,0.0,-64.677086,-62.614582,NaN
2023-06-11T12:00:00Z,0.0,-64.677086,-62.614582,NaN
2023-06-12T12:00:00Z,0.0,-64.677086,-62.614582,NaN
2023-06-13T12:00:00Z,0.0,-64.677086,-62.614582,NaN
2023-06-14T12:00:00Z,0.0,-64.677086,-62.614582,NaN
2023-06-15T12:00:00Z,0.0,-64.677086,-62.614582,NaN
2023-06-16T12:00:00Z,0.0,-64.677086,-62.614582,NaN
2023-06-17T12:00:00Z,0.0,-64.677086,-62.614582,NaN
2023-06-18T12:00:00Z,0.0,-64.677086,-62.614582,NaN
2023-06-19T12:00:00Z,0.0,-64.677086,-62.614582,NaN
2023-06-20T12:00:00Z,0.0,-64.677086,-62.614582,NaN
2023-06-21T12:00:00Z,0.0,-64.677086,-62.614582,NaN
2023-06-22T12:00:00Z,0.0,-64.677086,-62.614582,NaN
2023-06-23T12:00:00Z,0.0,-64.677086,-62.614582,NaN
2023-06-24T12:00:00Z,0.0,-64.677086,-62.614582,NaN
2023-06-25T12:00:00Z,0.0,-64.677086,-62.614582,NaN
2023-06-26T12:00:00Z,0.0,-64.677086,-62.614582,NaN
2023-06-27T12:00:00Z,0.0,-64.677086,-62.614582,NaN
2023-06-28T12:00:00Z,0.0,-64.677086,-62.614582,NaN
2023-06-29T12:00:00Z,0.0,-64.677086,-62.614582,NaN
2023-06-30T12:00:00Z,0.0,-64.677086,-62.614582,NaN
2023-07-01T12:00:00Z,0.0,-64.677086,-62.614582,NaN
2023-07-02T12:00:00Z,0.0,-64.677086,-62.614582,NaN
2023-07-03T12:00:00Z,0.0,-64.677086,-62.614582,NaN
2023-07-04T12:00:00Z,0.0,-64.677086,-62.614582,NaN
2023-07-05T12:00:00Z,0.0,-64.677086,-62.614582,NaN
2023-07-06T12:00:00Z,0.0,-64.677086,-62.614582,NaN
2023-07-07T12:00:00Z,0.0,-64.677086,-62.614582,NaN
2023-07-08T12:00:00Z,0.0,-64.677086,-62.614582,NaN
2023-07-09T12:00:00Z,0.0,-64.677086,-62.614582,NaN
2023-07-10T12:00:00Z,0.0,-64.677086,-62.614582,NaN
2023-07-11T12:00:00Z,0.0,-64.677086,-62.614582,NaN
2023-07-12T12:00:00Z,0.0,-64.677086,-62.614582,NaN
2023-07-13T12:00:00Z,0.0,-64.677086,-62.614582,NaN
2023-07-14T12:00:00Z,0.0,-64.677086,-62.614582,NaN
2023-07-15T12:00:00Z,0.0,-64.677086,-62.614582,NaN
2023-07-16T12:00:00Z,0.0,-64.677086,-62.614582,NaN
2023-07-17T12:00:00Z,0.0,-64.677086,-62.614582,NaN
2023-07-18T12:00:00Z,0.0,-64.677086,-62.614582,NaN
2023-07-19T12:00:00Z,0.0,-64.677086,-62.614582,NaN
2023-07-20T12:00:00Z,0.0,-64.677086,-62.614582,NaN
2023-07-21T12:00:00Z,0.0,-64.677086,-62.614582,NaN
2023-07-22T12:00:00Z,0.0,-64.677086,-62.614582,NaN
2023-07-23T12:00:00Z,0.0,-64.677086,-62.614582,NaN
2023-07-24T12:00:00Z,0.0,-64.677086,-62.614582,NaN
2023-07-25T12:00:00Z,0.0,-64.677086,-62.614582,NaN
2023-07-26T12:00:00Z,0.0,-64.677086,-62.614582,NaN
2023-07-27T12:00:00Z,0.0,-64.677086,-62.614582,NaN
2023-07-28T12:00:00Z,0.0,-64.677086,-62.614582,NaN
2023-07-29T12:00:00Z,0.0,-64.677086,-62.614582,NaN
2023-07-30T12:00:00Z,0.0,-64.677086,-62.614582,NaN
2023-07-31T12:00:00Z,0.0,-64.677086,-62.614582,NaN
2023-08-01T12:00:00Z,0.0,-64.677086,-62.614582,NaN
2023-08-02T12:00:00Z,0.0,-64.677086,-62.614582,NaN
2023-08-03T12:00:00Z,0.0,-64.677086,-62.614582,NaN
2023-08-04T12:00:00Z,0.0,-64.677086,-62.614582,NaN
2023-08-05T12:00:00Z,0.0,-64.677086,-62.614582,NaN
2023-08-06T12:00:00Z,0.0,-64.677086,-62.614582,NaN
2023-08-07T12:00:00Z,0.0,-64.677086,-62.614582,NaN
2023-08-08T12:00:00Z,0.0,-64.677086,-62.614582,NaN
2023-08-09T12:00:00Z,0.0,-64.677086,-62.614582,NaN
2023-08-10T12:00:00Z,0.0,-64.677086,-62.614582,NaN
2023-08-11T12:00:00Z,0.0,-64.677086,-62.614582,NaN
2023-08-12T12:00:00Z,0.0,-64.677086,-62.614582,NaN
2023-08-13T12:00:00Z,0.0,-64.677086,-62.614582,NaN
2023-08-14T12:00:00Z,0.0,-64.677086,-62.614582,NaN
2023-08-15T12:00:00Z,0.0,-64.677086,-62.614582,NaN
2023-08-16T12:00:00Z,0.0,-64.677086,-62.614582,NaN
2023-08-17T12:00:00Z,0.0,-64.677086,-62.614582,NaN
2023-08-18T12:00:00Z,0.0,-64.677086,-62.614582,NaN
2023-08-19T12:00:00Z,0.0,-64.677086,-62.614582,NaN
2023-08-20T12:00:00Z,0.0,-64.677086,-62.614582,NaN
2023-08-21T12:00:00Z,0.0,-64.677086,-62.614582,NaN
2023-08-22T12:00:00Z,0.0,-64.677086,-62.614582,NaN
2023-08-23T12:00:00Z,0.0,-64.677086,-62.614582,NaN
2023-08-24T12:00:00Z,0.0,-64.677086,-62.614582,NaN
2023-08-25T12:00:00Z,0.0,-64.677086,-62.614582,NaN
2023-08-26T12:00:00Z,0.0,-64.677086,-62.614582,NaN
2023-08-27T12:00:00Z,0.0,-64.677086,-62.614582,NaN
2023-08-28T12:00:00Z,0.0,-64.677086,-62.614582,NaN
2023-08-29T12:00:00Z,0.0,-64.677086,-62.614582,NaN
2023-08-30T12:00:00Z,0.0,-64.677086,-62.614582,NaN
2023-08-31T12:00:00Z,0.0,-64.677086,-62.614582,NaN
2023-09-01T12:00:00Z,0.0,-64.677086,-62.614582,NaN
2023-09-02T12:00:00Z,0.0,-64.677086,-62.614582,NaN
2023-09-03T12:00:00Z,0.0,-64.677086,-62.614582,NaN
2023-09-04T12:00:00Z,0.0,-64.677086,-62.614582,NaN
2023-09-05T12:00:00Z,0.0,-64.677086,-62.614582,NaN
2023-09-06T12:00:00Z,0.0,-64.677086,-62.614582,NaN
2023-09-07T12:00:00Z,0.0,-64.677086,-62.614582,NaN
2023-09-08T12:00:00Z,0.0,-64.677086,-62.614582,NaN
2023-09-09T12:00:00Z,0.0,-64.677086,-62.614582,NaN
2023-09-10T12:00:00Z,0.0,-64.677086,-62.614582,NaN
2023-09-11T12:00:00Z,0.0,-64.677086,-62.614582,NaN
2023-09-12T12:00:00Z,0.0,-64.677086,-62.614582,NaN
2023-09-13T12:00:00Z,0.0,-64.677086,-62.614582,NaN
2023-09-14T12:00:00Z,0.0,-64.677086,-62.614582,NaN
2023-09-15T12:00:00Z,0.0,-64.677086,-62.614582,NaN
2023-09-16T12:00:00Z,0.0,-64.677086,-62.614582,NaN
2023-09-17T12:00:00Z,0.0,-64.677086,-62.614582,NaN
2023-09-18T12:00:00Z,0.0,-64.677086,-62.614582,NaN
2023-09-19T12:00:00Z,0.0,-64.677086,-62.614582,NaN
2023-09-20T12:00:00Z,0.0,-64.677086,-62.614582,NaN
2023-09-21T12:00:00Z,0.0,-64.677086,-62.614582,NaN
2023-09-22T12:00:00Z,0.0,-64.677086,-62.614582,NaN
2023-09-23T12:00:00Z,0.0,-64.677086,-62.614582,NaN
2023-09-24T12:00:00Z,0.0,-64.677086,-62.614582,NaN
2023-09-25T12:00:00Z,0.0,-64.677086,-62.614582,NaN
2023-09-26T12:00:00Z,0.0,-64.677086,-62.614582,NaN
2023-09-27T12:00:00Z,0.0,-64.677086,-62.614582,NaN
2023-09-28T12:00:00Z,0.0,-64.677086,-62.614582,NaN
2023-09-29T12:00:00Z,0.0,-64.677086,-62.614582,NaN
2023-09-30T12:00:00Z,0.0,-64.677086,-62.614582,NaN
2023-10-01T12:00:00Z,0.0,-64.677086,-62.614582,NaN
2023-10-02T12:00:00Z,0.0,-64.677086,-62.614582,NaN
2023-10-03T12:00:00Z,0.0,-64.677086,-62.614582,NaN
2023-10-04T12:00:00Z,0.0,-64.677086,-62.614582,NaN
2023-10-05T12:00:00Z,0.0,-64.677086,-62.614582,NaN
2023-10-06T12:00:00Z,0.0,-64.677086,-62.614582,NaN
2023-10-07T12:00:00Z,0.0,-64.677086,-62.614582,NaN
2023-10-08T12:00:00Z,0.0,-64.677086,-62.614582,NaN
2023-10-09T12:00:00Z,0.0,-64.677086,-62.614582,NaN
2023-10-10T12:00:00Z,0.0,-64.677086,-62.614582,NaN
2023-10-11T12:00:00Z,0.0,-64.677086,-62.614582,NaN
2023-10-12T12:00:00Z,0.0,-64.677086,-62.614582,NaN
2023-10-13T12:00:00Z,0.0,-64.677086,-62.614582,NaN
2023-10-14T12:00:00Z,0.0,-64.677086,-62.614582,NaN
2023-10-15T12:00:00Z,0.0,-64.677086,-62.614582,NaN
2023-10-16T12:00:00Z,0.0,-64.677086,-62.614582,NaN
2023-10-17T12:00:00Z,0.0,-64.677086,-62.614582,NaN
2023-10-18T12:00:00Z,0.0,-64.677086,-62.614582,NaN
2023-10-19T12:00:00Z,0.0,-64.677086,-62.614582,NaN
2023-10-20T12:00:00Z,0.0,-64.677086,-62.614582,NaN
2023-10-21T12:00:00Z,0.0,-64.677086,-62.614582,0.15517904
2023-10-22T12:00:00Z,0.0,-64.677086,-62.614582,0.15505335
2023-10-23T12:00:00Z,0.0,-64.677086,-62.614582,0.07049089
2023-10-24T12:00:00Z,0.0,-64.677086,-62.614582,0.07129473
2023-10-25T12:00:00Z,0.0,-64.677086,-62.614582,0.15588768
2023-10-26T12:00:00Z,0.0,-64.677086,-62.614582,0.15620853
2023-10-27T12:00:00Z,0.0,-64.677086,-62.614582,0.11110697
2023-10-28T12:00:00Z,0.0,-64.677086,-62.614582,0.07943623
2023-10-29T12:00:00Z,0.0,-64.677086,-62.614582,0.07313362
2023-10-30T12:00:00Z,0.0,-64.677086,-62.614582,0.07335568
2023-10-31T12:00:00Z,0.0,-64.677086,-62.614582,0.073096715
2023-11-01T12:00:00Z,0.0,-64.677086,-62.614582,0.09875309
2023-11-02T12:00:00Z,0.0,-64.677086,-62.614582,0.08546745
2023-11-03T12:00:00Z,0.0,-64.677086,-62.614582,0.08941622
2023-11-04T12:00:00Z,0.0,-64.677086,-62.614582,0.15056384
2023-11-05T12:00:00Z,0.0,-64.677086,-62.614582,0.21811904
2023-11-06T12:00:00Z,0.0,-64.677086,-62.614582,0.08353926
2023-11-07T12:00:00Z,0.0,-64.677086,-62.614582,0.08100185
2023-11-08T12:00:00Z,0.0,-64.677086,-62.614582,0.1068017
2023-11-09T12:00:00Z,0.0,-64.677086,-62.614582,0.075549394
2023-11-10T12:00:00Z,0.0,-64.677086,-62.614582,0.072031796
2023-11-11T12:00:00Z,0.0,-64.677086,-62.614582,0.07656736
2023-11-12T12:00:00Z,0.0,-64.677086,-62.614582,0.11225505
2023-11-13T12:00:00Z,0.0,-64.677086,-62.614582,0.11518632
2023-11-14T12:00:00Z,0.0,-64.677086,-62.614582,0.07368786
2023-11-15T12:00:00Z,0.0,-64.677086,-62.614582,0.1138391
2023-11-16T12:00:00Z,0.0,-64.677086,-62.614582,0.099085175
2023-11-17T12:00:00Z,0.0,-64.677086,-62.614582,0.10140502
2023-11-18T12:00:00Z,0.0,-64.677086,-62.614582,0.13267797
2023-11-19T12:00:00Z,0.0,-64.677086,-62.614582,0.14285918
2023-11-20T12:00:00Z,0.0,-64.677086,-62.614582,0.18928955
2023-11-21T12:00:00Z,0.0,-64.677086,-62.614582,0.18681495
2023-11-22T12:00:00Z,0.0,-64.677086,-62.614582,0.18230449
2023-11-23T12:00:00Z,0.0,-64.677086,-62.614582,0.18826702
2023-11-24T12:00:00Z,0.0,-64.677086,-62.614582,0.18211794
2023-11-25T12:00:00Z,0.0,-64.677086,-62.614582,0.19017442
2023-11-26T12:00:00Z,0.0,-64.677086,-62.614582,0.23343281
2023-11-27T12:00:00Z,0.0,-64.677086,-62.614582,0.25091934
2023-11-28T12:00:00Z,0.0,-64.677086,-62.614582,0.25015324
2023-11-29T12:00:00Z,0.0,-64.677086,-62.614582,0.26088503
2023-11-30T12:00:00Z,0.0,-64.677086,-62.614582,0.2805654
2023-12-02T12:00:00Z,0.0,-64.677086,-62.614582,0.3154425
2023-12-03T12:00:00Z,0.0,-64.677086,-62.614582,0.2610504
2023-12-04T12:00:00Z,0.0,-64.677086,-62.614582,0.25224116
2023-12-05T12:00:00Z,0.0,-64.677086,-62.614582,0.3082186
2023-12-06T12:00:00Z,0.0,-64.677086,-62.614582,0.31819606
2023-12-07T12:00:00Z,0.0,-64.677086,-62.614582,0.32847738
2023-12-08T12:00:00Z,0.0,-64.677086,-62.614582,0.2810324
2023-12-09T12:00:00Z,0.0,-64.677086,-62.614582,0.2843578
2023-12-10T12:00:00Z,0.0,-64.677086,-62.614582,0.3538779
2023-12-11T12:00:00Z,0.0,-64.677086,-62.614582,0.38678607
2023-12-12T12:00:00Z,0.0,-64.677086,-62.614582,0.39678597
2023-12-13T12:00:00Z,0.0,-64.677086,-62.614582,0.40864834
2023-12-14T12:00:00Z,0.0,-64.677086,-62.614582,0.37956434
2023-12-15T12:00:00Z,0.0,-64.677086,-62.614582,0.36967507
2023-12-16T12:00:00Z,0.0,-64.677086,-62.614582,0.35419703
2023-12-17T12:00:00Z,0.0,-64.677086,-62.614582,0.3495307
2023-12-18T12:00:00Z,0.0,-64.677086,-62.614582,0.41292855
2023-12-19T12:00:00Z,0.0,-64.677086,-62.614582,0.4033108
2023-12-20T12:00:00Z,0.0,-64.677086,-62.614582,0.4059077
2023-12-21T12:00:00Z,0.0,-64.677086,-62.614582,0.32279772
2023-12-22T12:00:00Z,0.0,-64.677086,-62.614582,0.32176867
2023-12-23T12:00:00Z,0.0,-64.677086,-62.614582,0.3406729
2023-12-25T12:00:00Z,0.0,-64.677086,-62.614582,0.26592144
2023-12-26T12:00:00Z,0.0,-64.677086,-62.614582,0.2663852
2023-12-27T12:00:00Z,0.0,-64.677086,-62.614582,0.2972151
2023-12-28T12:00:00Z,0.0,-64.677086,-62.614582,0.29582694
2023-12-29T12:00:00Z,0.0,-64.677086,-62.614582,0.26493323
2023-12-30T12:00:00Z,0.0,-64.677086,-62.614582,0.21423249
2023-12-31T12:00:00Z,0.0,-64.677086,-62.614582,0.21338634
