time,altitude,latitude,longitude,chlor_a
UTC,m,degrees_north,degrees_east,mg m^-3
2018-01-01T12:00:00Z,0.0,-64.572914,-61.63541,0.06588155
2018-01-02T12:00:00Z,0.0,-64.572914,-61.63541,0.05722985
2018-01-03T12:00:00Z,0.0,-64.572914,-61.63541,0.052741446
2018-01-04T12:00:00Z,0.0,-64.572914,-61.63541,0.048244923
2018-01-05T12:00:00Z,0.0,-64.572914,-61.63541,0.16950335
2018-01-06T12:00:00Z,0.0,-64.572914,-61.63541,0.18882093
2018-01-07T12:00:00Z,0.0,-64.572914,-61.63541,0.19056764
2018-01-08T12:00:00Z,0.0,-64.572914,-61.63541,0.21283385
2018-01-09T12:00:00Z,0.0,-64.572914,-61.63541,0.22303733
2018-01-10T12:00:00Z,0.0,-64.572914,-61.63541,0.18373302
2018-01-11T12:00:00Z,0.0,-64.572914,-61.63541,0.17820275
2018-01-12T12:00:00Z,0.0,-64.572914,-61.63541,0.16336052
2018-01-13T12:00:00Z,0.0,-64.572914,-61.63541,0.18694235
2018-01-14T12:00:00Z,0.0,-64.572914,-61.63541,0.18677878
2018-01-15T12:00:00Z,0.0,-64.572914,-61.63541,0.18655168
2018-01-16T12:00:00Z,0.0,-64.572914,-61.63541,0.11679997
2018-01-17T12:00:00Z,0.0,-64.572914,-61.63541,0.106303506
2018-01-18T12:00:00Z,0.0,-64.572914,-61.63541,0.105584145
2018-01-19T12:00:00Z,0.0,-64.572914,-61.63541,0.09485976
2018-01-20T12:00:00Z,0.0,-64.572914,-61.63541,0.08051904
2018-01-21T12:00:00Z,0.0,-64.572914,-61.63541,0.11988152
2018-01-22T12:00:00Z,0.0,-64.572914,-61.63541,0.13911456
2018-01-23T12:00:00Z,0.0,-64.572914,-61.63541,0.10681692
2018-01-24T12:00:00Z,0.0,-64.572914,-61.63541,0.110024355
2018-01-25T12:00:00Z,0.0,-64.572914,-61.63541,0.117442355
2018-01-26T12:00:00Z,0.0,-64.572914,-61.63541,0.12929058
2018-01-27T12:00:00Z,0.0,-64.572914,-61.63541,0.105167344
2018-01-28T12:00:00Z,0.0,-64.572914,-61.63541,0.09410187
2018-01-29T12:00:00Z,0.0,-64.572914,-61.63541,0.09887268
2018-01-30T12:00:00Z,0.0,-64.572914,-61.63541,0.10320355
2018-01-31T12:00:00Z,0.0,-64.572914,-61.63541,0.11070955
2018-02-01T12:00:00Z,0.0,-64.572914,-61.63541,0.18736203
2018-02-02T12:00:00Z,0.0,-64.572914,-61.63541,0.18976028
2018-02-03T12:00:00Z,0.0,-64.572914,-61.63541,0.19254045
2018-02-04T12:00:00Z,0.0,-64.572914,-61.63541,0.19225483
2018-02-05T12:00:00Z,0.0,-64.572914,-61.63541,0.19610447
2018-02-06T12:00:00Z,0.0,-64.572914,-61.63541,0.20063034
2018-02-07T12:00:00Z,0.0,-64.572914,-61.63541,0.23400587
2018-02-08T12:00:00Z,0.0,-64.572914,-61.63541,0.23949315
2018-02-09T12:00:00Z,0.0,-64.572914,-61.63541,0.22372106
2018-02-10T12:00:00Z,0.0,-64.572914,-61.63541,0.19107516
2018-02-11T12:00:00Z,0.0,-64.572914,-61.63541,0.19033562
2018-02-12T12:00:00Z,0.0,-64.572914,-61.63541,0.19033192
2018-02-13T12:00:00Z,0.0,-64.572914,-61.63541,0.18532893
2018-02-14T12:00:00Z,0.0,-64.572914,-61.63541,0.18467931
2018-02-15T12:00:00Z,0.0,-64.572914,-61.63541,0.17479832
2018-02-16T12:00:00Z,0.0,-64.572914,-61.63541,0.17843227
2018-02-17T12:00:00Z,0.0,-64.572914,-61.63541,0.17615461
2018-02-18T12:00:00Z,0.0,-64.572914,-61.63541,0.17508335
2018-02-19T12:00:00Z,0.0,-64.572914,-61.63541,0.17347218
2018-02-20T12:00:00Z,0.0,-64.572914,-61.63541,0.17009655
2018-02-21T12:00:00Z,0.0,-64.572914,-61.63541,0.16842514
2018-02-22T12:00:00Z,0.0,-64.572914,-61.63541,0.17314894
2018-02-23T12:00:00Z,0.0,-64.572914,-61.63541,0.17034294
2018-02-24T12:00:00Z,0.0,-64.572914,-61.63541,0.16255727
2018-02-25T12:00:00Z,0.0,-64.572914,-61.63541,0.16308667
2018-02-26T12:00:00Z,0.0,-64.572914,-61.63541,0.16300763
2018-02-27T12:00:00Z,0.0,-64.572914,-61.63541,0.17346674
2018-02-28T12:00:00Z,0.0,-64.572914,-61.63541,0.1750052
2018-03-01T12:00:00Z,0.0,-64.572914,-61.63541,0.17393789
2018-03-02T12:00:00Z,0.0,-64.572914,-61.63541,0.1506225
2018-03-03T12:00:00Z,0.0,-64.572914,-61.63541,0.18046325
2018-03-04T12:00:00Z,0.0,-64.572914,-61.63541,0.18023299
2018-03-05T12:00:00Z,0.0,-64.572914,-61.63541,0.17998448
2018-03-06T12:00:00Z,0.0,-64.572914,-61.63541,0.18166822
2018-03-07T12:00:00Z,0.0,-64.572914,-61.63541,0.18266985
2018-03-08T12:00:00Z,0.0,-64.572914,-61.63541,0.18358287
2018-03-09T12:00:00Z,0.0,-64.572914,-61.63541,0.18413527
2018-03-10T12:00:00Z,0.0,-64.572914,-61.63541,0.1836021
2018-03-11T12:00:00Z,0.0,-64.572914,-61.63541,0.19761853
2018-03-12T12:00:00Z,0.0,-64.572914,-61.63541,0.18629453
2018-03-13T12:00:00Z,0.0,-64.572914,-61.63541,0.17695634
2018-03-14T12:00:00Z,0.0,-64.572914,-61.63541,0.19215347
2018-03-15T12:00:00Z,0.0,-64.572914,-61.63541,NaN
2018-03-16T12:00:00Z,0.0,-64.572914,-61.63541,NaN
2018-03-17T12:00:00Z,0.0,-64.572914,-61.63541,NaN
2018-03-18T12:00:00Z,0.0,-64.572914,-61.63541,NaN
2018-03-19T12:00:00Z,0.0,-64.572914,-61.63541,NaN
2018-03-20T12:00:00Z,0.0,-64.572914,-61.63541,NaN
2018-03-21T12:00:00Z,0.0,-64.572914,-61.63541,NaN
2018-03-22T12:00:00Z,0.0,-64.572914,-61.63541,NaN
2018-03-23T12:00:00Z,0.0,-64.572914,-61.63541,NaN
2018-03-24T12:00:00Z,0.0,-64.572914,-61.63541,NaN
2018-03-25T12:00:00Z,0.0,-64.572914,-61.63541,NaN
2018-03-26T12:00:00Z,0.0,-64.572914,-61.63541,NaN
2018-03-27T12:00:00Z,0.0,-64.572914,-61.63541,NaN
2018-03-28T12:00:00Z,0.0,-64.572914,-61.63541,NaN
2018-03-29T12:00:00Z,0.0,-64.572914,-61.63541,NaN
2018-03-30T12:00:00Z,0.0,-64.572914,-61.63541,NaN
2018-03-31T12:00:00Z,0.0,-64.572914,-61.63541,NaN
2018-04-01T12:00:00Z,0.0,-64.572914,-61.63541,NaN
2018-04-02T12:00:00Z,0.0,-64.572914,-61.63541,NaN
2018-04-03T12:00:00Z,0.0,-64.572914,-61.63541,NaN
2018-04-04T12:00:00Z,0.0,-64.572914,-61.63541,NaN
2018-04-05T12:00:00Z,0.0,-64.572914,-61.63541,NaN
2018-04-06T12:00:00Z,0.0,-64.572914,-61.63541,NaN
2018-04-07T12:00:00Z,0.0,-64.572914,-61.63541,NaN
2018-04-08T12:00:00Z,0.0,-64.572914,-61.63541,NaN
2018-04-09T12:00:00Z,0.0,-64.572914,-61.63541,NaN
2018-04-10T12:00:00Z,0.0,-64.572914,-61.63541,NaN
2018-04-11T12:00:00Z,0.0,-64.572914,-61.63541,NaN
2018-04-12T12:00:00Z,0.0,-64.572914,-61.63541,NaN
2018-04-13T12:00:00Z,0.0,-64.572914,-61.63541,NaN
2018-04-14T12:00:00Z,0.0,-64.572914,-61.63541,NaN
2018-04-15T12:00:00Z,0.0,-64.572914,-61.63541,NaN
2018-04-16T12:00:00Z,0.0,-64.572914,-61.63541,NaN
2018-04-17T12:00:00Z,0.0,-64.572914,-61.63541,NaN
2018-04-18T12:00:00Z,0.0,-64.572914,-61.63541,NaN
2018-04-19T12:00:00Z,0.0,-64.572914,-61.63541,NaN
2018-04-20T12:00:00Z,0.0,-64.572914,-61.63541,NaN
2018-04-21T12:00:00Z,0.0,-64.572914,-61.63541,NaN
2018-04-22T12:00:00Z,0.0,-64.572914,-61.63541,NaN
2018-04-23T12:00:00Z,0.0,-64.572914,-61.63541,NaN
2018-04-24T12:00:00Z,0.0,-64.572914,-61.63541,NaN
2018-04-25T12:00:00Z,0.0,-64.572914,-61.63541,NaN
2018-04-26T12:00:00Z,0.0,-64.572914,-61.63541,NaN
2018-04-27T12:00:00Z,0.0,-64.572914,-61.63541,NaN
2018-04-28T12:00:00Z,0.0,-64.572914,-61.63541,NaN
2018-04-29T12:00:00Z,0.0,-64.572914,-61.63541,NaN
2018-04-30T12:00:00Z,0.0,-64.572914,-61.63541,NaN
2018-05-01T12:00:00Z,0.0,-64.572914,-61.63541,NaN
2018-05-02T12:00:00Z,0.0,-64.572914,-61.63541,NaN
2018-05-03T12:00:00Z,0.0,-64.572914,-61.63541,NaN
2018-05-04T12:00:00Z,0.0,-64.572914,-61.63541,NaN
2018-05-05T12:00:00Z,0.0,-64.572914,-61.63541,NaN
2018-05-06T12:00:00Z,0.0,-64.572914,-61.63541,NaN
2018-05-07T12:00:00Z,0.0,-64.572914,-61.63541,NaN
2018-05-08T12:00:00Z,0.0,-64.572914,-61.63541,NaN
2018-05-09T12:00:00Z,0.0,-64.572914,-61.63541,NaN
2018-05-10T12:00:00Z,0.0,-64.572914,-61.63541,NaN
2018-05-11T12:00:00Z,0.0,-64.572914,-61.63541,NaN
2018-05-12T12:00:00Z,0.0,-64.572914,-61.63541,NaN
2018-05-13T12:00:00Z,0.0,-64.572914,-61.63541,NaN
2018-05-14T12:00:00Z,0.0,-64.572914,-61.63541,NaN
2018-05-15T12:00:00Z,0.0,-64.572914,-61.63541,NaN
2018-05-16T12:00:00Z,0.0,-64.572914,-61.63541,NaN
2018-05-17T12:00:00Z,0.0,-64.572914,-61.63541,NaN
2018-05-18T12:00:00Z,0.0,-64.572914,-61.63541,NaN
2018-05-19T12:00:00Z,0.0,-64.572914,-61.63541,NaN
2018-05-20T12:00:00Z,0.0,-64.572914,-61.63541,NaN
2018-05-21T12:00:00Z,0.0,-64.572914,-61.63541,NaN
2018-05-22T12:00:00Z,0.0,-64.572914,-61.63541,NaN
2018-05-23T12:00:00Z,0.0,-64.572914,-61.63541,NaN
2018-05-24T12:00:00Z,0.0,-64.572914,-61.63541,NaN
2018-05-25T12:00:00Z,0.0,-64.572914,-61.63541,NaN
2018-05-26T12:00:00Z,0.0,-64.572914,-61.63541,NaN
2018-05-27T12:00:00Z,0.0,-64.572914,-61.63541,NaN
2018-05-28T12:00:00Z,0.0,-64.572914,-61.63541,NaN
2018-05-29T12:00:00Z,0.0,-64.572914,-61.63541,NaN
2018-05-30T12:00:00Z,0.0,-64.572914,-61.63541,NaN
2018-05-31T12:00:00Z,0.0,-64.572914,-61.63541,NaN
2018-06-01T12:00:00Z,0.0,-64.572914,-61.63541,NaN
2018-06-02T12:00:00Z,0.0,-64.572914,-61.63541,NaN
2018-06-03T12:00:00Z,0.0,-64.572914,-61.63541,NaN
2018-06-04T12:00:00Z,0.0,-64.572914,-61.63541,NaN
2018-06-05T12:00:00Z,0.0,-64.572914,-61.63541,NaN
2018-06-06T12:00:00Z,0.0,-64.572914,-61.63541,NaN
2018-06-07T12:00:00Z,0.0,-64.572914,-61.63541,NaN
2018-06-08T12:00:00Z,0.0,-64.572914,-61.63541,NaN
2018-06-09T12:00:00Z,0.0,-64.572914,-61.63541,NaN
2018-06-10T12:00:00Z,0.0,-64.572914,-61.63541,NaN
2018-06-11T12:00:00Z,0.0,-64.572914,-61.63541,NaN
2018-06-12T12:00:00Z,0.0,-64.572914,-61.63541,NaN
2018-06-13T12:00:00Z,0.0,-64.572914,-61.63541,NaN
2018-06-14T12:00:00Z,0.0,-64.572914,-61.63541,NaN
2018-06-15T12:00:00Z,0.0,-64.572914,-61.63541,NaN
2018-06-16T12:00:00Z,0.0,-64.572914,-61.63541,NaN
2018-06-17T12:00:00Z,0.0,-64.572914,-61.63541,NaN
2018-06-18T12:00:00Z,0.0,-64.572914,-61.63541,NaN
2018-06-19T12:00:00Z,0.0,-64.572914,-61.63541,NaN
2018-06-20T12:00:00Z,0.0,-64.572914,-61.63541,NaN
2018-06-21T12:00:00Z,0.0,-64.572914,-61.63541,NaN
2018-06-22T12:00:00Z,0.0,-64.572914,-61.63541,NaN
2018-06-23T12:00:00Z,0.0,-64.572914,-61.63541,NaN
2018-06-24T12:00:00Z,0.0,-64.572914,-61.63541,NaN
2018-06-25T12:00:00Z,0.0,-64.572914,-61.63541,NaN
2018-06-26T12:00:00Z,0.0,-64.572914,-61.63541,NaN
2018-06-27T12:00:00Z,0.0,-64.572914,-61.63541,NaN
2018-06-28T12:00:00Z,0.0,-64.572914,-61.63541,NaN
2018-06-29T12:00:00Z,0.0,-64.572914,-61.63541,NaN
2018-06-30T12:00:00Z,0.0,-64.572914,-61.63541,NaN
2018-07-01T12:00:00Z,0.0,-64.572914,-61.63541,NaN
2018-07-02T12:00:00Z,0.0,-64.572914,-61.63541,NaN
2018-07-03T12:00:00Z,0.0,-64.572914,-61.63541,NaN
2018-07-04T12:00:00Z,0.0,-64.572914,-61.63541,NaN
2018-07-05T12:00:00Z,0.0,-64.572914,-61.63541,NaN
2018-07-06T12:00:00Z,0.0,-64.572914,-61.63541,NaN
2018-07-07T12:00:00Z,0.0,-64.572914,-61.63541,NaN
2018-07-08T12:00:00Z,0.0,-64.572914,-61.63541,NaN
2018-07-09T12:00:00Z,0.0,-64.572914,-61.63541,NaN
2018-07-10T12:00:00Z,0.0,-64.572914,-61.63541,NaN
2018-07-11T12:00:00Z,0.0,-64.572914,-61.63541,NaN
2018-07-12T12:00:00Z,0.0,-64.572914,-61.63541,NaN
2018-07-13T12:00:00Z,0.0,-64.572914,-61.63541,NaN
2018-07-14T12:00:00Z,0.0,-64.572914,-61.63541,NaN
2018-07-15T12:00:00Z,0.0,-64.572914,-61.63541,NaN
2018-07-16T12:00:00Z,0.0,-64.572914,-61.63541,NaN
2018-07-17T12:00:00Z,0.0,-64.572914,-61.63541,NaN
2018-07-18T12:00:00Z,0.0,-64.572914,-61.63541,NaN
2018-07-19T12:00:00Z,0.0,-64.572914,-61.63541,NaN
2018-07-20T12:00:00Z,0.0,-64.572914,-61.63541,NaN
2018-07-21T12:00:00Z,0.0,-64.572914,-61.63541,NaN
2018-07-22T12:00:00Z,0.0,-64.572914,-61.63541,NaN
2018-07-23T12:00:00Z,0.0,-64.572914,-61.63541,NaN
2018-07-24T12:00:00Z,0.0,-64.572914,-61.63541,NaN
2018-07-25T12:00:00Z,0.0,-64.572914,-61.63541,NaN
2018-07-26T12:00:00Z,0.0,-64.572914,-61.63541,NaN
2018-07-27T12:00:00Z,0.0,-64.572914,-61.63541,NaN
2018-07-28T12:00:00Z,0.0,-64.572914,-61.63541,NaN
2018-07-29T12:00:00Z,0.0,-64.572914,-61.63541,NaN
2018-07-30T12:00:00Z,0.0,-64.572914,-61.63541,NaN
2018-07-31T12:00:00Z,0.0,-64.572914,-61.63541,NaN
2018-08-01T12:00:00Z,0.0,-64.572914,-61.63541,NaN
2018-08-02T12:00:00Z,0.0,-64.572914,-61.63541,NaN
2018-08-03T12:00:00Z,0.0,-64.572914,-61.63541,NaN
2018-08-04T12:00:00Z,0.0,-64.572914,-61.63541,NaN
2018-08-05T12:00:00Z,0.0,-64.572914,-61.63541,NaN
2018-08-06T12:00:00Z,0.0,-64.572914,-61.63541,NaN
2018-08-07T12:00:00Z,0.0,-64.572914,-61.63541,NaN
2018-08-08T12:00:00Z,0.0,-64.572914,-61.63541,NaN
2018-08-09T12:00:00Z,0.0,-64.572914,-61.63541,NaN
2018-08-10T12:00:00Z,0.0,-64.572914,-61.63541,NaN
2018-08-11T12:00:00Z,0.0,-64.572914,-61.63541,NaN
2018-08-12T12:00:00Z,0.0,-64.572914,-61.63541,NaN
2018-08-13T12:00:00Z,0.0,-64.572914,-61.63541,NaN
2018-08-14T12:00:00Z,0.0,-64.572914,-61.63541,NaN
2018-08-15T12:00:00Z,0.0,-64.572914,-61.63541,NaN
2018-08-16T12:00:00Z,0.0,-64.572914,-61.63541,NaN
2018-08-17T12:00:00Z,0.0,-64.572914,-61.63541,NaN
2018-08-18T12:00:00Z,0.0,-64.572914,-61.63541,NaN
2018-08-19T12:00:00Z,0.0,-64.572914,-61.63541,NaN
2018-08-20T12:00:00Z,0.0,-64.572914,-61.63541,NaN
2018-08-21T12:00:00Z,0.0,-64.572914,-61.63541,NaN
2018-08-22T12:00:00Z,0.0,-64.572914,-61.63541,NaN
2018-08-23T12:00:00Z,0.0,-64.572914,-61.63541,NaN
2018-08-24T12:00:00Z,0.0,-64.572914,-61.63541,NaN
2018-08-25T12:00:00Z,0.0,-64.572914,-61.63541,NaN
2018-08-26T12:00:00Z,0.0,-64.572914,-61.63541,NaN
2018-08-27T12:00:00Z,0.0,-64.572914,-61.63541,NaN
2018-08-28T12:00:00Z,0.0,-64.572914,-61.63541,NaN
2018-08-29T12:00:00Z,0.0,-64.572914,-61.63541,NaN
2018-08-30T12:00:00Z,0.0,-64.572914,-61.63541,NaN
2018-08-31T12:00:00Z,0.0,-64.572914,-61.63541,NaN
2018-09-01T12:00:00Z,0.0,-64.572914,-61.63541,NaN
2018-09-02T12:00:00Z,0.0,-64.572914,-61.63541,NaN
2018-09-03T12:00:00Z,0.0,-64.572914,-61.63541,NaN
2018-09-04T12:00:00Z,0.0,-64.572914,-61.63541,NaN
2018-09-05T12:00:00Z,0.0,-64.572914,-61.63541,NaN
2018-09-06T12:00:00Z,0.0,-64.572914,-61.63541,NaN
2018-09-07T12:00:00Z,0.0,-64.572914,-61.63541,NaN
2018-09-08T12:00:00Z,0.0,-64.572914,-61.63541,NaN
2018-09-09T12:00:00Z,0.0,-64.572914,-61.63541,NaN
2018-09-10T12:00:00Z,0.0,-64.572914,-61.63541,NaN
2018-09-11T12:00:00Z,0.0,-64.572914,-61.63541,NaN
2018-09-12T12:00:00Z,0.0,-64.572914,-61.63541,NaN
2018-09-13T12:00:00Z,0.0,-64.572914,-61.63541,NaN
2018-09-14T12:00:00Z,0.0,-64.572914,-61.63541,NaN
2018-09-15T12:00:00Z,0.0,-64.572914,-61.63541,NaN
2018-09-16T12:00:00Z,0.0,-64.572914,-61.63541,NaN
2018-09-17T12:00:00Z,0.0,-64.572914,-61.63541,NaN
2018-09-18T12:00:00Z,0.0,-64.572914,-61.63541,NaN
2018-09-19T12:00:00Z,0.0,-64.572914,-61.63541,NaN
2018-09-20T12:00:00Z,0.0,-64.572914,-61.63541,NaN
2018-09-21T12:00:00Z,0.0,-64.572914,-61.63541,NaN
2018-09-22T12:00:00Z,0.0,-64.572914,-61.63541,NaN
2018-09-23T12:00:00Z,0.0,-64.572914,-61.63541,NaN
2018-09-24T12:00:00Z,0.0,-64.572914,-61.63541,NaN
2018-09-25T12:00:00Z,0.0,-64.572914,-61.63541,NaN
2018-09-26T12:00:00Z,0.0,-64.572914,-61.63541,NaN
2018-09-27T12:00:00Z,0.0,-64.572914,-61.63541,NaN
2018-09-28T12:00:00Z,0.0,-64.572914,-61.63541,NaN
2018-09-29T12:00:00Z,0.0,-64.572914,-61.63541,NaN
2018-09-30T12:00:00Z,0.0,-64.572914,-61.63541,NaN
2018-10-01T12:00:00Z,0.0,-64.572914,-61.63541,NaN
2018-10-02T12:00:00Z,0.0,-64.572914,-61.63541,NaN
2018-10-03T12:00:00Z,0.0,-64.572914,-61.63541,NaN
2018-10-04T12:00:00Z,0.0,-64.572914,-61.63541,NaN
2018-10-05T12:00:00Z,0.0,-64.572914,-61.63541,NaN
2018-10-06T12:00:00Z,0.0,-64.572914,-61.63541,NaN
2018-10-07T12:00:00Z,0.0,-64.572914,-61.63541,NaN
2018-10-08T12:00:00Z,0.0,-64.572914,-61.63541,NaN
2018-10-09T12:00:00Z,0.0,-64.572914,-61.63541,NaN
2018-10-10T12:00:00Z,0.0,-64.572914,-61.63541,NaN
2018-10-11T12:00:00Z,0.0,-64.572914,-61.63541,NaN
2018-10-12T12:00:00Z,0.0,-64.572914,-61.63541,NaN
2018-10-13T12:00:00Z,0.0,-64.572914,-61.63541,NaN
2018-10-14T12:00:00Z,0.0,-64.572914,-61.63541,NaN
2018-10-15T12:00:00Z,0.0,-64.572914,-61.63541,NaN
2018-10-16T12:00:00Z,0.0,-64.572914,-61.63541,NaN
2018-10-17T12:00:00Z,0.0,-64.572914,-61.63541,NaN
2018-10-18T12:00:00Z,0.0,-64.572914,-61.63541,NaN
2018-10-19T12:00:00Z,0.0,-64.572914,-61.63541,NaN
2018-10-20T12:00:00Z,0.0,-64.572914,-61.63541,0.1307334
2018-10-21T12:00:00Z,0.0,-64.572914,-61.63541,0.08132978
2018-10-22T12:00:00Z,0.0,-64.572914,-61.63541,0.07916625
2018-10-23T12:00:00Z,0.0,-64.572914,-61.63541,0.08838222
2018-10-24T12:00:00Z,0.0,-64.572914,-61.63541,0.090165004
2018-10-25T12:00:00Z,0.0,-64.572914,-61.63541,0.083203524
2018-10-26T12:00:00Z,0.0,-64.572914,-61.63541,0.08171921
2018-10-27T12:00:00Z,0.0,-64.572914,-61.63541,0.104857706
2018-10-28T12:00:00Z,0.0,-64.572914,-61.63541,0.08736355
2018-10-29T12:00:00Z,0.0,-64.572914,-61.63541,0.06684712
2018-10-30T12:00:00Z,0.0,-64.572914,-61.63541,0.12104476
2018-10-31T12:00:00Z,0.0,-64.572914,-61.63541,0.057492148
2018-11-01T12:00:00Z,0.0,-64.572914,-61.63541,0.043818675
2018-11-02T12:00:00Z,0.0,-64.572914,-61.63541,0.054593362
2018-11-03T12:00:00Z,0.0,-64.572914,-61.63541,0.05668868
2018-11-04T12:00:00Z,0.0,-64.572914,-61.63541,0.09306294
2018-11-05T12:00:00Z,0.0,-64.572914,-61.63541,0.057168234
2018-11-06T12:00:00Z,0.0,-64.572914,-61.63541,0.0609622
2018-11-07T12:00:00Z,0.0,-64.572914,-61.63541,0.06054066
2018-11-08T12:00:00Z,0.0,-64.572914,-61.63541,0.05344796
2018-11-09T12:00:00Z,0.0,-64.572914,-61.63541,0.051254887
2018-11-10T12:00:00Z,0.0,-64.572914,-61.63541,0.047244303
2018-11-11T12:00:00Z,0.0,-64.572914,-61.63541,0.044477783
2018-11-12T12:00:00Z,0.0,-64.572914,-61.63541,0.07655453
2018-11-13T12:00:00Z,0.0,-64.572914,-61.63541,0.08903225
2018-11-14T12:00:00Z,0.0,-64.572914,-61.63541,0.08331895
2018-11-15T12:00:00Z,0.0,-64.572914,-61.63541,0.09457909
2018-11-16T12:00:00Z,0.0,-64.572914,-61.63541,0.091132425
2018-11-17T12:00:00Z,0.0,-64.572914,-61.63541,0.036320686
2018-11-18T12:00:00Z,0.0,-64.572914,-61.63541,0.038660973
2018-11-19T12:00:00Z,0.0,-64.572914,-61.63541,0.028794669
2018-11-20T12:00:00Z,0.0,-64.572914,-61.63541,0.025648873
2018-11-21T12:00:00Z,0.0,-64.572914,-61.63541,0.029475292
2018-11-22T12:00:00Z,0.0,-64.572914,-61.63541,0.03737227
2018-11-23T12:00:00Z,0.0,-64.572914,-61.63541,0.035091307
2018-11-24T12:00:00Z,0.0,-64.572914,-61.63541,0.03260154
2018-11-25T12:00:00Z,0.0,-64.572914,-61.63541,0.05128747
2018-11-26T12:00:00Z,0.0,-64.572914,-61.63541,0.027485333
2018-11-27T12:00:00Z,0.0,-64.572914,-61.63541,0.02355019
2018-11-28T12:00:00Z,0.0,-64.572914,-61.63541,0.026852764
2018-11-29T12:00:00Z,0.0,-64.572914,-61.63541,0.026073387
2018-11-30T12:00:00Z,0.0,-64.572914,-61.63541,0.025182415
2018-12-01T12:00:00Z,0.0,-64.572914,-61.63541,0.02574432
2018-12-02T12:00:00Z,0.0,-64.572914,-61.63541,0.027421774
2018-12-03T12:00:00Z,0.0,-64.572914,-61.63541,0.02684682
2018-12-04T12:00:00Z,0.0,-64.572914,-61.63541,0.020635081
2018-12-05T12:00:00Z,0.0,-64.572914,-61.63541,0.021168254
2018-12-06T12:00:00Z,0.0,-64.572914,-61.63541,0.023593102
2018-12-07T12:00:00Z,0.0,-64.572914,-61.63541,0.029279297
2018-12-08T12:00:00Z,0.0,-64.572914,-61.63541,0.04018436
2018-12-09T12:00:00Z,0.0,-64.572914,-61.63541,0.041601006
2018-12-10T12:00:00Z,0.0,-64.572914,-61.63541,0.04791779
2018-12-11T12:00:00Z,0.0,-64.572914,-61.63541,0.04013043
2018-12-12T12:00:00Z,0.0,-64.572914,-61.63541,0.057867214
2018-12-13T12:00:00Z,0.0,-64.572914,-61.63541,0.06078928
2018-12-14T12:00:00Z,0.0,-64.572914,-61.63541,0.060176063
2018-12-15T12:00:00Z,0.0,-64.572914,-61.63541,0.057802122
2018-12-16T12:00:00Z,0.0,-64.572914,-61.63541,0.10460907
2018-12-17T12:00:00Z,0.0,-64.572914,-61.63541,0.1420617
2018-12-18T12:00:00Z,0.0,-64.572914,-61.63541,0.15350844
2018-12-19T12:00:00Z,0.0,-64.572914,-61.63541,0.14545873
2018-12-20T12:00:00Z,0.0,-64.572914,-61.63541,0.19089334
2018-12-21T12:00:00Z,0.0,-64.572914,-61.63541,0.25732896
2018-12-22T12:00:00Z,0.0,-64.572914,-61.63541,0.27223885
2018-12-23T12:00:00Z,0.0,-64.572914,-61.63541,0.23983194
2018-12-24T12:00:00Z,0.0,-64.572914,-61.63541,0.18886375
2018-12-25T12:00:00Z,0.0,-64.572914,-61.63541,0.22963905
2018-12-26T12:00:00Z,0.0,-64.572914,-61.63541,0.3099807
2018-12-27T12:00:00Z,0.0,-64.572914,-61.63541,0.21148992
2018-12-28T12:00:00Z,0.0,-64.572914,-61.63541,0.21971998
2018-12-29T12:00:00Z,0.0,-64.572914,-61.63541,0.21202406
2018-12-30T12:00:00Z,0.0,-64.572914,-61.63541,0.26895612
2018-12-31T12:00:00Z,0.0,-64.572914,-61.63541,0.26884854
2019-01-01T12:00:00Z,0.0,-64.572914,-61.63541,0.26678628
2019-01-02T12:00:00Z,0.0,-64.572914,-61.63541,0.22977628
2019-01-03T12:00:00Z,0.0,-64.572914,-61.63541,0.1897309
2019-01-04T12:00:00Z,0.0,-64.572914,-61.63541,0.21858515
2019-01-05T12:00:00Z,0.0,-64.572914,-61.63541,0.21509388
2019-01-06T12:00:00Z,0.0,-64.572914,-61.63541,0.21100706
2019-01-07T12:00:00Z,0.0,-64.572914,-61.63541,0.24381949
2019-01-08T12:00:00Z,0.0,-64.572914,-61.63541,0.24184702
2019-01-09T12:00:00Z,0.0,-64.572914,-61.63541,0.19621229
2019-01-10T12:00:00Z,0.0,-64.572914,-61.63541,0.17972519
2019-01-11T12:00:00Z,0.0,-64.572914,-61.63541,0.1831886
2019-01-12T12:00:00Z,0.0,-64.572914,-61.63541,0.1847226
2019-01-13T12:00:00Z,0.0,-64.572914,-61.63541,0.18298858
2019-01-14T12:00:00Z,0.0,-64.572914,-61.63541,0.19086914
2019-01-15T12:00:00Z,0.0,-64.572914,-61.63541,0.19444041
2019-01-16T12:00:00Z,0.0,-64.572914,-61.63541,0.17579034
2019-01-17T12:00:00Z,0.0,-64.572914,-61.63541,0.17983764
2019-01-18T12:00:00Z,0.0,-64.572914,-61.63541,0.17891361
2019-01-19T12:00:00Z,0.0,-64.572914,-61.63541,0.18620494
2019-01-20T12:00:00Z,0.0,-64.572914,-61.63541,0.19171515
2019-01-21T12:00:00Z,0.0,-64.572914,-61.63541,0.17710833
2019-01-22T12:00:00Z,0.0,-64.572914,-61.63541,0.16324328
2019-01-23T12:00:00Z,0.0,-64.572914,-61.63541,0.16327552
2019-01-24T12:00:00Z,0.0,-64.572914,-61.63541,0.1764792
2019-01-25T12:00:00Z,0.0,-64.572914,-61.63541,0.17110518
2019-01-26T12:00:00Z,0.0,-64.572914,-61.63541,0.15743703
2019-01-27T12:00:00Z,0.0,-64.572914,-61.63541,0.15674096
2019-01-28T12:00:00Z,0.0,-64.572914,-61.63541,0.15612821
2019-01-29T12:00:00Z,0.0,-64.572914,-61.63541,0.15240014
2019-01-30T12:00:00Z,0.0,-64.572914,-61.63541,0.15056244
2019-01-31T12:00:00Z,0.0,-64.572914,-61.63541,0.14593203
2019-02-01T12:00:00Z,0.0,-64.572914,-61.63541,0.10435695
2019-02-02T12:00:00Z,0.0,-64.572914,-61.63541,0.10701532
2019-02-03T12:00:00Z,0.0,-64.572914,-61.63541,0.12976255
2019-02-04T12:00:00Z,0.0,-64.572914,-61.63541,0.1232519
2019-02-05T12:00:00Z,0.0,-64.572914,-61.63541,0.12898609
2019-02-06T12:00:00Z,0.0,-64.572914,-61.63541,0.12726888
2019-02-07T12:00:00Z,0.0,-64.572914,-61.63541,0.13609488
2019-02-08T12:00:00Z,0.0,-64.572914,-61.63541,0.14423849
2019-02-09T12:00:00Z,0.0,-64.572914,-61.63541,0.14201345
2019-02-10T12:00:00Z,0.0,-64.572914,-61.63541,0.14835954
2019-02-11T12:00:00Z,0.0,-64.572914,-61.63541,0.17075975
2019-02-12T12:00:00Z,0.0,-64.572914,-61.63541,0.16980267
2019-02-13T12:00:00Z,0.0,-64.572914,-61.63541,0.16817991
2019-02-14T12:00:00Z,0.0,-64.572914,-61.63541,0.17686753
2019-02-15T12:00:00Z,0.0,-64.572914,-61.63541,0.18924512
2019-02-16T12:00:00Z,0.0,-64.572914,-61.63541,0.19855489
2019-02-17T12:00:00Z,0.0,-64.572914,-61.63541,0.20446177
2019-02-18T12:00:00Z,0.0,-64.572914,-61.63541,0.16013789
2019-02-19T12:00:00Z,0.0,-64.572914,-61.63541,0.1581224
2019-02-20T12:00:00Z,0.0,-64.572914,-61.63541,0.16040286
2019-02-21T12:00:00Z,0.0,-64.572914,-61.63541,0.1580644
2019-02-22T12:00:00Z,0.0,-64.572914,-61.63541,0.17076492
2019-02-23T12:00:00Z,0.0,-64.572914,-61.63541,0.17773823
2019-02-24T12:00:00Z,0.0,-64.572914,-61.63541,0.17802481
2019-02-25T12:00:00Z,0.0,-64.572914,-61.63541,0.1809324
2019-02-26T12:00:00Z,0.0,-64.572914,-61.63541,0.18672144
2019-02-27T12:00:00Z,0.0,-64.572914,-61.63541,0.17991048
2019-02-28T12:00:00Z,0.0,-64.572914,-61.63541,0.18328518
2019-03-01T12:00:00Z,0.0,-64.572914,-61.63541,0.1864974
2019-03-02T12:00:00Z,0.0,-64.572914,-61.63541,0.16852012
2019-03-03T12:00:00Z,0.0,-64.572914,-61.63541,0.1581283
2019-03-04T12:00:00Z,0.0,-64.572914,-61.63541,0.15925051
2019-03-05T12:00:00Z,0.0,-64.572914,-61.63541,0.1589826
2019-03-06T12:00:00Z,0.0,-64.572914,-61.63541,0.1577424
2019-03-07T12:00:00Z,0.0,-64.572914,-61.63541,0.15986517
2019-03-08T12:00:00Z,0.0,-64.572914,-61.63541,0.15748613
2019-03-09T12:00:00Z,0.0,-64.572914,-61.63541,0.15295993
2019-03-10T12:00:00Z,0.0,-64.572914,-61.63541,0.14631267
2019-03-11T12:00:00Z,0.0,-64.572914,-61.63541,0.12338826
2019-03-12T12:00:00Z,0.0,-64.572914,-61.63541,0.1313441
2019-03-13T12:00:00Z,0.0,-64.572914,-61.63541,0.12611908
2019-03-14T12:00:00Z,0.0,-64.572914,-61.63541,0.12858331
2019-03-15T12:00:00Z,0.0,-64.572914,-61.63541,NaN
2019-03-16T12:00:00Z,0.0,-64.572914,-61.63541,NaN
2019-03-17T12:00:00Z,0.0,-64.572914,-61.63541,NaN
2019-03-18T12:00:00Z,0.0,-64.572914,-61.63541,NaN
2019-03-19T12:00:00Z,0.0,-64.572914,-61.63541,NaN
2019-03-20T12:00:00Z,0.0,-64.572914,-61.63541,NaN
2019-03-21T12:00:00Z,0.0,-64.572914,-61.63541,NaN
2019-03-22T12:00:00Z,0.0,-64.572914,-61.63541,NaN
2019-03-23T12:00:00Z,0.0,-64.572914,-61.63541,NaN
2019-03-24T12:00:00Z,0.0,-64.572914,-61.63541,NaN
2019-03-25T12:00:00Z,0.0,-64.572914,-61.63541,NaN
2019-03-26T12:00:00Z,0.0,-64.572914,-61.63541,NaN
2019-03-27T12:00:00Z,0.0,-64.572914,-61.63541,NaN
2019-03-28T12:00:00Z,0.0,-64.572914,-61.63541,NaN
2019-03-29T12:00:00Z,0.0,-64.572914,-61.63541,NaN
2019-03-30T12:00:00Z,0.0,-64.572914,-61.63541,NaN
2019-03-31T12:00:00Z,0.0,-64.572914,-61.63541,NaN
2019-04-01T12:00:00Z,0.0,-64.572914,-61.63541,NaN
2019-04-02T12:00:00Z,0.0,-64.572914,-61.63541,NaN
2019-04-03T12:00:00Z,0.0,-64.572914,-61.63541,NaN
2019-04-04T12:00:00Z,0.0,-64.572914,-61.63541,NaN
2019-04-05T12:00:00Z,0.0,-64.572914,-61.63541,NaN
2019-04-06T12:00:00Z,0.0,-64.572914,-61.63541,NaN
2019-04-07T12:00:00Z,0.0,-64.572914,-61.63541,NaN
2019-04-08T12:00:00Z,0.0,-64.572914,-61.63541,NaN
2019-04-09T12:00:00Z,0.0,-64.572914,-61.63541,NaN
2019-04-10T12:00:00Z,0.0,-64.572914,-61.63541,NaN
2019-04-11T12:00:00Z,0.0,-64.572914,-61.63541,NaN
2019-04-12T12:00:00Z,0.0,-64.572914,-61.63541,NaN
2019-04-13T12:00:00Z,0.0,-64.572914,-61.63541,NaN
2019-04-14T12:00:00Z,0.0,-64.572914,-61.63541,NaN
2019-04-15T12:00:00Z,0.0,-64.572914,-61.63541,NaN
2019-04-16T12:00:00Z,0.0,-64.572914,-61.63541,NaN
2019-04-17T12:00:00Z,0.0,-64.572914,-61.63541,NaN
2019-04-18T12:00:00Z,0.0,-64.572914,-61.63541,NaN
2019-04-19T12:00:00Z,0.0,-64.572914,-61.63541,NaN
2019-04-20T12:00:00Z,0.0,-64.572914,-61.63541,NaN
2019-04-21T12:00:00Z,0.0,-64.572914,-61.63541,NaN
2019-04-22T12:00:00Z,0.0,-64.572914,-61.63541,NaN
2019-04-23T12:00:00Z,0.0,-64.572914,-61.63541,NaN
2019-04-24T12:00:00Z,0.0,-64.572914,-61.63541,NaN
2019-04-25T12:00:00Z,0.0,-64.572914,-61.63541,NaN
2019-04-26T12:00:00Z,0.0,-64.572914,-61.63541,NaN
2019-04-27T12:00:00Z,0.0,-64.572914,-61.63541,NaN
2019-04-28T12:00:00Z,0.0,-64.572914,-61.63541,NaN
2019-04-29T12:00:00Z,0.0,-64.572914,-61.63541,NaN
2019-04-30T12:00:00Z,0.0,-64.572914,-61.63541,NaN
2019-05-01T12:00:00Z,0.0,-64.572914,-61.63541,NaN
2019-05-02T12:00:00Z,0.0,-64.572914,-61.63541,NaN
2019-05-03T12:00:00Z,0.0,-64.572914,-61.63541,NaN
2019-05-04T12:00:00Z,0.0,-64.572914,-61.63541,NaN
2019-05-05T12:00:00Z,0.0,-64.572914,-61.63541,NaN
2019-05-06T12:00:00Z,0.0,-64.572914,-61.63541,NaN
2019-05-07T12:00:00Z,0.0,-64.572914,-61.63541,NaN
2019-05-08T12:00:00Z,0.0,-64.572914,-61.63541,NaN
2019-05-09T12:00:00Z,0.0,-64.572914,-61.63541,NaN
2019-05-10T12:00:00Z,0.0,-64.572914,-61.63541,NaN
2019-05-11T12:00:00Z,0.0,-64.572914,-61.63541,NaN
2019-05-12T12:00:00Z,0.0,-64.572914,-61.63541,NaN
2019-05-13T12:00:00Z,0.0,-64.572914,-61.63541,NaN
2019-05-14T12:00:00Z,0.0,-64.572914,-61.63541,NaN
2019-05-15T12:00:00Z,0.0,-64.572914,-61.63541,NaN
2019-05-16T12:00:00Z,0.0,-64.572914,-61.63541,NaN
2019-05-17T12:00:00Z,0.0,-64.572914,-61.63541,NaN
2019-05-18T12:00:00Z,0.0,-64.572914,-61.63541,NaN
2019-05-19T12:00:00Z,0.0,-64.572914,-61.63541,NaN
2019-05-20T12:00:00Z,0.0,-64.572914,-61.63541,NaN
2019-05-21T12:00:00Z,0.0,-64.572914,-61.63541,NaN
2019-05-22T12:00:00Z,0.0,-64.572914,-61.63541,NaN
2019-05-23T12:00:00Z,0.0,-64.572914,-61.63541,NaN
2019-05-24T12:00:00Z,0.0,-64.572914,-61.63541,NaN
2019-05-25T12:00:00Z,0.0,-64.572914,-61.63541,NaN
2019-05-26T12:00:00Z,0.0,-64.572914,-61.63541,NaN
2019-05-27T12:00:00Z,0.0,-64.572914,-61.63541,NaN
2019-05-28T12:00:00Z,0.0,-64.572914,-61.63541,NaN
2019-05-29T12:00:00Z,0.0,-64.572914,-61.63541,NaN
2019-05-30T12:00:00Z,0.0,-64.572914,-61.63541,NaN
2019-05-31T12:00:00Z,0.0,-64.572914,-61.63541,NaN
2019-06-01T12:00:00Z,0.0,-64.572914,-61.63541,NaN
2019-06-02T12:00:00Z,0.0,-64.572914,-61.63541,NaN
2019-06-03T12:00:00Z,0.0,-64.572914,-61.63541,NaN
2019-06-04T12:00:00Z,0.0,-64.572914,-61.63541,NaN
2019-06-05T12:00:00Z,0.0,-64.572914,-61.63541,NaN
2019-06-06T12:00:00Z,0.0,-64.572914,-61.63541,NaN
2019-06-07T12:00:00Z,0.0,-64.572914,-61.63541,NaN
2019-06-08T12:00:00Z,0.0,-64.572914,-61.63541,NaN
2019-06-09T12:00:00Z,0.0,-64.572914,-61.63541,NaN
2019-06-10T12:00:00Z,0.0,-64.572914,-61.63541,NaN
2019-06-11T12:00:00Z,0.0,-64.572914,-61.63541,NaN
2019-06-12T12:00:00Z,0.0,-64.572914,-61.63541,NaN
2019-06-13T12:00:00Z,0.0,-64.572914,-61.63541,NaN
2019-06-14T12:00:00Z,0.0,-64.572914,-61.63541,NaN
2019-06-15T12:00:00Z,0.0,-64.572914,-61.63541,NaN
2019-06-16T12:00:00Z,0.0,-64.572914,-61.63541,NaN
2019-06-17T12:00:00Z,0.0,-64.572914,-61.63541,NaN
2019-06-18T12:00:00Z,0.0,-64.572914,-61.63541,NaN
2019-06-19T12:00:00Z,0.0,-64.572914,-61.63541,NaN
2019-06-20T12:00:00Z,0.0,-64.572914,-61.63541,NaN
2019-06-21T12:00:00Z,0.0,-64.572914,-61.63541,NaN
2019-06-22T12:00:00Z,0.0,-64.572914,-61.63541,NaN
2019-06-23T12:00:00Z,0.0,-64.572914,-61.63541,NaN
2019-06-24T12:00:00Z,0.0,-64.572914,-61.63541,NaN
2019-06-25T12:00:00Z,0.0,-64.572914,-61.63541,NaN
2019-06-26T12:00:00Z,0.0,-64.572914,-61.63541,NaN
2019-06-27T12:00:00Z,0.0,-64.572914,-61.63541,NaN
2019-06-28T12:00:00Z,0.0,-64.572914,-61.63541,NaN
2019-06-29T12:00:00Z,0.0,-64.572914,-61.63541,NaN
2019-06-30T12:00:00Z,0.0,-64.572914,-61.63541,NaN
2019-07-01T12:00:00Z,0.0,-64.572914,-61.63541,NaN
2019-07-02T12:00:00Z,0.0,-64.572914,-61.63541,NaN
2019-07-03T12:00:00Z,0.0,-64.572914,-61.63541,NaN
2019-07-04T12:00:00Z,0.0,-64.572914,-61.63541,NaN
2019-07-05T12:00:00Z,0.0,-64.572914,-61.63541,NaN
2019-07-06T12:00:00Z,0.0,-64.572914,-61.63541,NaN
2019-07-07T12:00:00Z,0.0,-64.572914,-61.63541,NaN
2019-07-08T12:00:00Z,0.0,-64.572914,-61.63541,NaN
2019-07-09T12:00:00Z,0.0,-64.572914,-61.63541,NaN
2019-07-10T12:00:00Z,0.0,-64.572914,-61.63541,NaN
2019-07-11T12:00:00Z,0.0,-64.572914,-61.63541,NaN
2019-07-12T12:00:00Z,0.0,-64.572914,-61.63541,NaN
2019-07-13T12:00:00Z,0.0,-64.572914,-61.63541,NaN
2019-07-14T12:00:00Z,0.0,-64.572914,-61.63541,NaN
2019-07-15T12:00:00Z,0.0,-64.572914,-61.63541,NaN
2019-07-16T12:00:00Z,0.0,-64.572914,-61.63541,NaN
2019-07-17T12:00:00Z,0.0,-64.572914,-61.63541,NaN
2019-07-18T12:00:00Z,0.0,-64.572914,-61.63541,NaN
2019-07-19T12:00:00Z,0.0,-64.572914,-61.63541,NaN
2019-07-20T12:00:00Z,0.0,-64.572914,-61.63541,NaN
2019-07-21T12:00:00Z,0.0,-64.572914,-61.63541,NaN
2019-07-22T12:00:00Z,0.0,-64.572914,-61.63541,NaN
2019-07-23T12:00:00Z,0.0,-64.572914,-61.63541,NaN
2019-07-24T12:00:00Z,0.0,-64.572914,-61.63541,NaN
2019-07-25T12:00:00Z,0.0,-64.572914,-61.63541,NaN
2019-07-26T12:00:00Z,0.0,-64.572914,-61.63541,NaN
2019-07-27T12:00:00Z,0.0,-64.572914,-61.63541,NaN
2019-07-28T12:00:00Z,0.0,-64.572914,-61.63541,NaN
2019-07-29T12:00:00Z,0.0,-64.572914,-61.63541,NaN
2019-07-30T12:00:00Z,0.0,-64.572914,-61.63541,NaN
2019-07-31T12:00:00Z,0.0,-64.572914,-61.63541,NaN
2019-08-01T12:00:00Z,0.0,-64.572914,-61.63541,NaN
2019-08-02T12:00:00Z,0.0,-64.572914,-61.63541,NaN
2019-08-03T12:00:00Z,0.0,-64.572914,-61.63541,NaN
2019-08-04T12:00:00Z,0.0,-64.572914,-61.63541,NaN
2019-08-05T12:00:00Z,0.0,-64.572914,-61.63541,NaN
2019-08-06T12:00:00Z,0.0,-64.572914,-61.63541,NaN
2019-08-07T12:00:00Z,0.0,-64.572914,-61.63541,NaN
2019-08-08T12:00:00Z,0.0,-64.572914,-61.63541,NaN
2019-08-09T12:00:00Z,0.0,-64.572914,-61.63541,NaN
2019-08-10T12:00:00Z,0.0,-64.572914,-61.63541,NaN
2019-08-11T12:00:00Z,0.0,-64.572914,-61.63541,NaN
2019-08-12T12:00:00Z,0.0,-64.572914,-61.63541,NaN
2019-08-13T12:00:00Z,0.0,-64.572914,-61.63541,NaN
2019-08-14T12:00:00Z,0.0,-64.572914,-61.63541,NaN
2019-08-15T12:00:00Z,0.0,-64.572914,-61.63541,NaN
2019-08-16T12:00:00Z,0.0,-64.572914,-61.63541,NaN
2019-08-17T12:00:00Z,0.0,-64.572914,-61.63541,NaN
2019-08-18T12:00:00Z,0.0,-64.572914,-61.63541,NaN
2019-08-19T12:00:00Z,0.0,-64.572914,-61.63541,NaN
2019-08-20T12:00:00Z,0.0,-64.572914,-61.63541,NaN
2019-08-21T12:00:00Z,0.0,-64.572914,-61.63541,NaN
2019-08-22T12:00:00Z,0.0,-64.572914,-61.63541,NaN
2019-08-23T12:00:00Z,0.0,-64.572914,-61.63541,NaN
2019-08-24T12:00:00Z,0.0,-64.572914,-61.63541,NaN
2019-08-25T12:00:00Z,0.0,-64.572914,-61.63541,NaN
2019-08-26T12:00:00Z,0.0,-64.572914,-61.63541,NaN
2019-08-27T12:00:00Z,0.0,-64.572914,-61.63541,NaN
2019-08-28T12:00:00Z,0.0,-64.572914,-61.63541,NaN
2019-08-29T12:00:00Z,0.0,-64.572914,-61.63541,NaN
2019-08-30T12:00:00Z,0.0,-64.572914,-61.63541,NaN
2019-08-31T12:00:00Z,0.0,-64.572914,-61.63541,NaN
2019-09-01T12:00:00Z,0.0,-64.572914,-61.63541,NaN
2019-09-02T12:00:00Z,0.0,-64.572914,-61.63541,NaN
2019-09-03T12:00:00Z,0.0,-64.572914,-61.63541,NaN
2019-09-04T12:00:00Z,0.0,-64.572914,-61.63541,NaN
2019-09-05T12:00:00Z,0.0,-64.572914,-61.63541,NaN
2019-09-06T12:00:00Z,0.0,-64.572914,-61.63541,NaN
2019-09-07T12:00:00Z,0.0,-64.572914,-61.63541,NaN
2019-09-08T12:00:00Z,0.0,-64.572914,-61.63541,NaN
2019-09-09T12:00:00Z,0.0,-64.572914,-61.63541,NaN
2019-09-10T12:00:00Z,0.0,-64.572914,-61.63541,NaN
2019-09-11T12:00:00Z,0.0,-64.572914,-61.63541,NaN
2019-09-12T12:00:00Z,0.0,-64.572914,-61.63541,NaN
2019-09-13T12:00:00Z,0.0,-64.572914,-61.63541,NaN
2019-09-14T12:00:00Z,0.0,-64.572914,-61.63541,NaN
2019-09-15T12:00:00Z,0.0,-64.572914,-61.63541,NaN
2019-09-16T12:00:00Z,0.0,-64.572914,-61.63541,NaN
2019-09-17T12:00:00Z,0.0,-64.572914,-61.63541,NaN
2019-09-18T12:00:00Z,0.0,-64.572914,-61.63541,NaN
2019-09-19T12:00:00Z,0.0,-64.572914,-61.63541,NaN
2019-09-20T12:00:00Z,0.0,-64.572914,-61.63541,NaN
2019-09-21T12:00:00Z,0.0,-64.572914,-61.63541,NaN
2019-09-22T12:00:00Z,0.0,-64.572914,-61.63541,NaN
2019-09-23T12:00:00Z,0.0,-64.572914,-61.63541,NaN
2019-09-24T12:00:00Z,0.0,-64.572914,-61.63541,NaN
2019-09-25T12:00:00Z,0.0,-64.572914,-61.63541,NaN
2019-09-26T12:00:00Z,0.0,-64.572914,-61.63541,NaN
2019-09-27T12:00:00Z,0.0,-64.572914,-61.63541,NaN
2019-09-28T12:00:00Z,0.0,-64.572914,-61.63541,NaN
2019-09-29T12:00:00Z,0.0,-64.572914,-61.63541,NaN
2019-09-30T12:00:00Z,0.0,-64.572914,-61.63541,NaN
2019-10-01T12:00:00Z,0.0,-64.572914,-61.63541,NaN
2019-10-02T12:00:00Z,0.0,-64.572914,-61.63541,NaN
2019-10-03T12:00:00Z,0.0,-64.572914,-61.63541,NaN
2019-10-04T12:00:00Z,0.0,-64.572914,-61.63541,NaN
2019-10-05T12:00:00Z,0.0,-64.572914,-61.63541,NaN
2019-10-06T12:00:00Z,0.0,-64.572914,-61.63541,NaN
2019-10-07T12:00:00Z,0.0,-64.572914,-61.63541,NaN
2019-10-08T12:00:00Z,0.0,-64.572914,-61.63541,NaN
2019-10-09T12:00:00Z,0.0,-64.572914,-61.63541,NaN
2019-10-10T12:00:00Z,0.0,-64.572914,-61.63541,NaN
2019-10-11T12:00:00Z,0.0,-64.572914,-61.63541,NaN
2019-10-12T12:00:00Z,0.0,-64.572914,-61.63541,NaN
2019-10-13T12:00:00Z,0.0,-64.572914,-61.63541,NaN
2019-10-14T12:00:00Z,0.0,-64.572914,-61.63541,NaN
2019-10-15T12:00:00Z,0.0,-64.572914,-61.63541,NaN
2019-10-16T12:00:00Z,0.0,-64.572914,-61.63541,NaN
2019-10-17T12:00:00Z,0.0,-64.572914,-61.63541,NaN
2019-10-18T12:00:00Z,0.0,-64.572914,-61.63541,NaN
2019-10-19T12:00:00Z,0.0,-64.572914,-61.63541,NaN
2019-10-20T12:00:00Z,0.0,-64.572914,-61.63541,0.09978527
2019-10-21T12:00:00Z,0.0,-64.572914,-61.63541,0.093618736
2019-10-22T12:00:00Z,0.0,-64.572914,-61.63541,0.087044805
2019-10-23T12:00:00Z,0.0,-64.572914,-61.63541,0.08362825
2019-10-24T12:00:00Z,0.0,-64.572914,-61.63541,0.08267731
2019-10-25T12:00:00Z,0.0,-64.572914,-61.63541,0.08214929
2019-10-26T12:00:00Z,0.0,-64.572914,-61.63541,0.082371384
2019-10-27T12:00:00Z,0.0,-64.572914,-61.63541,0.08415665
2019-10-28T12:00:00Z,0.0,-64.572914,-61.63541,0.06483578
2019-10-29T12:00:00Z,0.0,-64.572914,-61.63541,0.05894974
2019-10-30T12:00:00Z,0.0,-64.572914,-61.63541,0.04018816
2019-10-31T12:00:00Z,0.0,-64.572914,-61.63541,0.059095897
2019-11-01T12:00:00Z,0.0,-64.572914,-61.63541,0.058018185
2019-11-02T12:00:00Z,0.0,-64.572914,-61.63541,0.04717309
2019-11-03T12:00:00Z,0.0,-64.572914,-61.63541,0.05728913
2019-11-04T12:00:00Z,0.0,-64.572914,-61.63541,0.046330966
2019-11-05T12:00:00Z,0.0,-64.572914,-61.63541,0.075129285
2019-11-06T12:00:00Z,0.0,-64.572914,-61.63541,0.037538588
2019-11-07T12:00:00Z,0.0,-64.572914,-61.63541,0.054570697
2019-11-08T12:00:00Z,0.0,-64.572914,-61.63541,0.06612812
2019-11-09T12:00:00Z,0.0,-64.572914,-61.63541,0.052757386
2019-11-10T12:00:00Z,0.0,-64.572914,-61.63541,0.021884622
2019-11-11T12:00:00Z,0.0,-64.572914,-61.63541,0.055045053
2019-11-12T12:00:00Z,0.0,-64.572914,-61.63541,0.03643648
2019-11-13T12:00:00Z,0.0,-64.572914,-61.63541,0.05077212
2019-11-14T12:00:00Z,0.0,-64.572914,-61.63541,0.07129138
2019-11-15T12:00:00Z,0.0,-64.572914,-61.63541,0.038128354
2019-11-16T12:00:00Z,0.0,-64.572914,-61.63541,0.032395903
2019-11-17T12:00:00Z,0.0,-64.572914,-61.63541,0.06924964
2019-11-18T12:00:00Z,0.0,-64.572914,-61.63541,0.083869375
2019-11-19T12:00:00Z,0.0,-64.572914,-61.63541,0.09365687
2019-11-20T12:00:00Z,0.0,-64.572914,-61.63541,0.099647835
2019-11-21T12:00:00Z,0.0,-64.572914,-61.63541,0.107175454
2019-11-22T12:00:00Z,0.0,-64.572914,-61.63541,0.112131864
2019-11-23T12:00:00Z,0.0,-64.572914,-61.63541,0.11782292
2019-11-24T12:00:00Z,0.0,-64.572914,-61.63541,0.13264935
2019-11-25T12:00:00Z,0.0,-64.572914,-61.63541,0.1512862
2019-11-26T12:00:00Z,0.0,-64.572914,-61.63541,0.16133997
2019-11-27T12:00:00Z,0.0,-64.572914,-61.63541,0.13098572
2019-11-28T12:00:00Z,0.0,-64.572914,-61.63541,0.103329614
2019-11-29T12:00:00Z,0.0,-64.572914,-61.63541,0.11859805
2019-11-30T12:00:00Z,0.0,-64.572914,-61.63541,0.12075522
2019-12-01T12:00:00Z,0.0,-64.572914,-61.63541,0.13057269
2019-12-02T12:00:00Z,0.0,-64.572914,-61.63541,0.1351945
2019-12-03T12:00:00Z,0.0,-64.572914,-61.63541,0.14690341
2019-12-04T12:00:00Z,0.0,-64.572914,-61.63541,0.11321279
2019-12-05T12:00:00Z,0.0,-64.572914,-61.63541,0.13873859
2019-12-06T12:00:00Z,0.0,-64.572914,-61.63541,0.12764251
2019-12-07T12:00:00Z,0.0,-64.572914,-61.63541,0.11927175
2019-12-08T12:00:00Z,0.0,-64.572914,-61.63541,0.089050464
2019-12-09T12:00:00Z,0.0,-64.572914,-61.63541,0.1378416
2019-12-10T12:00:00Z,0.0,-64.572914,-61.63541,0.15806603
2019-12-11T12:00:00Z,0.0,-64.572914,-61.63541,0.16226462
2019-12-12T12:00:00Z,0.0,-64.572914,-61.63541,0.17949818
2019-12-13T12:00:00Z,0.0,-64.572914,-61.63541,0.17301369
2019-12-14T12:00:00Z,0.0,-64.572914,-61.63541,0.17668164
2019-12-15T12:00:00Z,0.0,-64.572914,-61.63541,0.18414907
2019-12-16T12:00:00Z,0.0,-64.572914,-61.63541,0.19442111
2019-12-17T12:00:00Z,0.0,-64.572914,-61.63541,0.19873704
2019-12-18T12:00:00Z,0.0,-64.572914,-61.63541,0.17635787
2019-12-19T12:00:00Z,0.0,-64.572914,-61.63541,0.20656453
2019-12-20T12:00:00Z,0.0,-64.572914,-61.63541,0.2546803
2019-12-21T12:00:00Z,0.0,-64.572914,-61.63541,0.25842065
2019-12-22T12:00:00Z,0.0,-64.572914,-61.63541,0.3131295
2019-12-23T12:00:00Z,0.0,-64.572914,-61.63541,0.28427374
2019-12-24T12:00:00Z,0.0,-64.572914,-61.63541,0.32155108
2019-12-25T12:00:00Z,0.0,-64.572914,-61.63541,0.39295304
2019-12-26T12:00:00Z,0.0,-64.572914,-61.63541,0.3894795
2019-12-27T12:00:00Z,0.0,-64.572914,-61.63541,0.4141161
2019-12-28T12:00:00Z,0.0,-64.572914,-61.63541,0.20849891
2019-12-29T12:00:00Z,0.0,-64.572914,-61.63541,0.23525707
2019-12-30T12:00:00Z,0.0,-64.572914,-61.63541,0.26671764
2019-12-31T12:00:00Z,0.0,-64.572914,-61.63541,0.2574695
2020-01-01T12:00:00Z,0.0,-64.572914,-61.63541,0.29195952
2020-01-02T12:00:00Z,0.0,-64.572914,-61.63541,0.3919434
2020-01-03T12:00:00Z,0.0,-64.572914,-61.63541,0.30975753
2020-01-04T12:00:00Z,0.0,-64.572914,-61.63541,0.32503846
2020-01-05T12:00:00Z,0.0,-64.572914,-61.63541,0.20025778
2020-01-06T12:00:00Z,0.0,-64.572914,-61.63541,0.17291656
2020-01-07T12:00:00Z,0.0,-64.572914,-61.63541,0.21069543
2020-01-08T12:00:00Z,0.0,-64.572914,-61.63541,0.19042712
2020-01-09T12:00:00Z,0.0,-64.572914,-61.63541,0.1849446
2020-01-10T12:00:00Z,0.0,-64.572914,-61.63541,0.18064293
2020-01-11T12:00:00Z,0.0,-64.572914,-61.63541,0.17394432
2020-01-12T12:00:00Z,0.0,-64.572914,-61.63541,0.17405823
2020-01-13T12:00:00Z,0.0,-64.572914,-61.63541,0.29531285
2020-01-14T12:00:00Z,0.0,-64.572914,-61.63541,0.3304931
2020-01-15T12:00:00Z,0.0,-64.572914,-61.63541,0.3376814
2020-01-16T12:00:00Z,0.0,-64.572914,-61.63541,0.21935934
2020-01-17T12:00:00Z,0.0,-64.572914,-61.63541,0.22792669
2020-01-18T12:00:00Z,0.0,-64.572914,-61.63541,0.22900835
2020-01-19T12:00:00Z,0.0,-64.572914,-61.63541,0.22722694
2020-01-20T12:00:00Z,0.0,-64.572914,-61.63541,0.25549984
2020-01-21T12:00:00Z,0.0,-64.572914,-61.63541,0.25729442
2020-01-22T12:00:00Z,0.0,-64.572914,-61.63541,0.25044823
2020-01-23T12:00:00Z,0.0,-64.572914,-61.63541,0.2581861
2020-01-24T12:00:00Z,0.0,-64.572914,-61.63541,0.24597377
2020-01-25T12:00:00Z,0.0,-64.572914,-61.63541,0.27647805
2020-01-26T12:00:00Z,0.0,-64.572914,-61.63541,0.27279317
2020-01-27T12:00:00Z,0.0,-64.572914,-61.63541,0.27558312
2020-01-28T12:00:00Z,0.0,-64.572914,-61.63541,0.26671392
2020-01-29T12:00:00Z,0.0,-64.572914,-61.63541,0.17125711
2020-01-30T12:00:00Z,0.0,-64.572914,-61.63541,0.15774615
2020-01-31T12:00:00Z,0.0,-64.572914,-61.63541,0.15985782
2020-02-01T12:00:00Z,0.0,-64.572914,-61.63541,0.15254694
2020-02-02T12:00:00Z,0.0,-64.572914,-61.63541,0.14592172
2020-02-03T12:00:00Z,0.0,-64.572914,-61.63541,0.16191971
2020-02-04T12:00:00Z,0.0,-64.572914,-61.63541,0.1955032
2020-02-05T12:00:00Z,0.0,-64.572914,-61.63541,0.187946
2020-02-06T12:00:00Z,0.0,-64.572914,-61.63541,0.19523075
2020-02-07T12:00:00Z,0.0,-64.572914,-61.63541,0.24372806
2020-02-08T12:00:00Z,0.0,-64.572914,-61.63541,0.21121804
2020-02-09T12:00:00Z,0.0,-64.572914,-61.63541,0.23263331
2020-02-10T12:00:00Z,0.0,-64.572914,-61.63541,0.23302951
2020-02-11T12:00:00Z,0.0,-64.572914,-61.63541,0.22931874
2020-02-12T12:00:00Z,0.0,-64.572914,-61.63541,0.23149118
2020-02-13T12:00:00Z,0.0,-64.572914,-61.63541,0.23348793
2020-02-14T12:00:00Z,0.0,-64.572914,-61.63541,0.20230626
2020-02-15T12:00:00Z,0.0,-64.572914,-61.63541,0.19021358
2020-02-16T12:00:00Z,0.0,-64.572914,-61.63541,0.18897688
2020-02-17T12:00:00Z,0.0,-64.572914,-61.63541,0.19153355
2020-02-18T12:00:00Z,0.0,-64.572914,-61.63541,0.18790126
2020-02-19T12:00:00Z,0.0,-64.572914,-61.63541,0.22631042
2020-02-20T12:00:00Z,0.0,-64.572914,-61.63541,0.22518423
2020-02-21T12:00:00Z,0.0,-64.572914,-61.63541,0.22873022
2020-02-22T12:00:00Z,0.0,-64.572914,-61.63541,0.2026609
2020-02-23T12:00:00Z,0.0,-64.572914,-61.63541,0.20123954
2020-02-24T12:00:00Z,0.0,-64.572914,-61.63541,0.21398862
2020-02-25T12:00:00Z,0.0,-64.572914,-61.63541,0.21619026
2020-02-26T12:00:00Z,0.0,-64.572914,-61.63541,0.21411403
2020-02-27T12:00:00Z,0.0,-64.572914,-61.63541,0.21160427
2020-02-28T12:00:00Z,0.0,-64.572914,-61.63541,0.19695866
2020-02-29T12:00:00Z,0.0,-64.572914,-61.63541,0.19756396
2020-03-01T12:00:00Z,0.0,-64.572914,-61.63541,0.19501236
2020-03-02T12:00:00Z,0.0,-64.572914,-61.63541,0.18058936
2020-03-03T12:00:00Z,0.0,-64.572914,-61.63541,0.14542149
2020-03-04T12:00:00Z,0.0,-64.572914,-61.63541,0.13907056
2020-03-05T12:00:00Z,0.0,-64.572914,-61.63541,0.13634986
2020-03-06T12:00:00Z,0.0,-64.572914,-61.63541,0.13171145
2020-03-07T12:00:00Z,0.0,-64.572914,-61.63541,0.14396375
2020-03-08T12:00:00Z,0.0,-64.572914,-61.63541,0.14298674
2020-03-09T12:00:00Z,0.0,-64.572914,-61.63541,0.13596949
2020-03-10T12:00:00Z,0.0,-64.572914,-61.63541,0.14595781
2020-03-11T12:00:00Z,0.0,-64.572914,-61.63541,0.14315027
2020-03-12T12:00:00Z,0.0,-64.572914,-61.63541,0.14190024
2020-03-13T12:00:00Z,0.0,-64.572914,-61.63541,0.14011565
2020-03-14T12:00:00Z,0.0,-64.572914,-61.63541,NaN
2020-03-15T12:00:00Z,0.0,-64.572914,-61.63541,NaN
2020-03-16T12:00:00Z,0.0,-64.572914,-61.63541,NaN
2020-03-17T12:00:00Z,0.0,-64.572914,-61.63541,NaN
2020-03-18T12:00:00Z,0.0,-64.572914,-61.63541,NaN
2020-03-19T12:00:00Z,0.0,-64.572914,-61.63541,NaN
2020-03-20T12:00:00Z,0.0,-64.572914,-61.63541,NaN
2020-03-21T12:00:00Z,0.0,-64.572914,-61.63541,NaN
2020-03-22T12:00:00Z,0.0,-64.572914,-61.63541,NaN
2020-03-23T12:00:00Z,0.0,-64.572914,-61.63541,NaN
2020-03-24T12:00:00Z,0.0,-64.572914,-61.63541,NaN
2020-03-25T12:00:00Z,0.0,-64.572914,-61.63541,NaN
2020-03-26T12:00:00Z,0.0,-64.572914,-61.63541,NaN
2020-03-27T12:00:00Z,0.0,-64.572914,-61.63541,NaN
2020-03-28T12:00:00Z,0.0,-64.572914,-61.63541,NaN
2020-03-29T12:00:00Z,0.0,-64.572914,-61.63541,NaN
2020-03-30T12:00:00Z,0.0,-64.572914,-61.63541,NaN
2020-03-31T12:00:00Z,0.0,-64.572914,-61.63541,NaN
2020-04-01T12:00:00Z,0.0,-64.572914,-61.63541,NaN
2020-04-02T12:00:00Z,0.0,-64.572914,-61.63541,NaN
2020-04-03T12:00:00Z,0.0,-64.572914,-61.63541,NaN
2020-04-04T12:00:00Z,0.0,-64.572914,-61.63541,NaN
2020-04-05T12:00:00Z,0.0,-64.572914,-61.63541,NaN
2020-04-06T12:00:00Z,0.0,-64.572914,-61.63541,NaN
2020-04-07T12:00:00Z,0.0,-64.572914,-61.63541,NaN
2020-04-08T12:00:00Z,0.0,-64.572914,-61.63541,NaN
2020-04-09T12:00:00Z,0.0,-64.572914,-61.63541,NaN
2020-04-10T12:00:00Z,0.0,-64.572914,-61.63541,NaN
2020-04-11T12:00:00Z,0.0,-64.572914,-61.63541,NaN
2020-04-12T12:00:00Z,0.0,-64.572914,-61.63541,NaN
2020-04-13T12:00:00Z,0.0,-64.572914,-61.63541,NaN
2020-04-14T12:00:00Z,0.0,-64.572914,-61.63541,NaN
2020-04-15T12:00:00Z,0.0,-64.572914,-61.63541,NaN
2020-04-16T12:00:00Z,0.0,-64.572914,-61.63541,NaN
2020-04-17T12:00:00Z,0.0,-64.572914,-61.63541,NaN
2020-04-18T12:00:00Z,0.0,-64.572914,-61.63541,NaN
2020-04-19T12:00:00Z,0.0,-64.572914,-61.63541,NaN
2020-04-20T12:00:00Z,0.0,-64.572914,-61.63541,NaN
2020-04-21T12:00:00Z,0.0,-64.572914,-61.63541,NaN
2020-04-22T12:00:00Z,0.0,-64.572914,-61.63541,NaN
2020-04-23T12:00:00Z,0.0,-64.572914,-61.63541,NaN
2020-04-24T12:00:00Z,0.0,-64.572914,-61.63541,NaN
2020-04-25T12:00:00Z,0.0,-64.572914,-61.63541,NaN
2020-04-26T12:00:00Z,0.0,-64.572914,-61.63541,NaN
2020-04-27T12:00:00Z,0.0,-64.572914,-61.63541,NaN
2020-04-28T12:00:00Z,0.0,-64.572914,-61.63541,NaN
2020-04-29T12:00:00Z,0.0,-64.572914,-61.63541,NaN
2020-04-30T12:00:00Z,0.0,-64.572914,-61.63541,NaN
2020-05-01T12:00:00Z,0.0,-64.572914,-61.63541,NaN
2020-05-02T12:00:00Z,0.0,-64.572914,-61.63541,NaN
2020-05-03T12:00:00Z,0.0,-64.572914,-61.63541,NaN
2020-05-04T12:00:00Z,0.0,-64.572914,-61.63541,NaN
2020-05-05T12:00:00Z,0.0,-64.572914,-61.63541,NaN
2020-05-06T12:00:00Z,0.0,-64.572914,-61.63541,NaN
2020-05-07T12:00:00Z,0.0,-64.572914,-61.63541,NaN
2020-05-08T12:00:00Z,0.0,-64.572914,-61.63541,NaN
2020-05-09T12:00:00Z,0.0,-64.572914,-61.63541,NaN
2020-05-10T12:00:00Z,0.0,-64.572914,-61.63541,NaN
2020-05-11T12:00:00Z,0.0,-64.572914,-61.63541,NaN
2020-05-12T12:00:00Z,0.0,-64.572914,-61.63541,NaN
2020-05-13T12:00:00Z,0.0,-64.572914,-61.63541,NaN
2020-05-14T12:00:00Z,0.0,-64.572914,-61.63541,NaN
2020-05-15T12:00:00Z,0.0,-64.572914,-61.63541,NaN
2020-05-16T12:00:00Z,0.0,-64.572914,-61.63541,NaN
2020-05-17T12:00:00Z,0.0,-64.572914,-61.63541,NaN
2020-05-18T12:00:00Z,0.0,-64.572914,-61.63541,NaN
2020-05-19T12:00:00Z,0.0,-64.572914,-61.63541,NaN
2020-05-20T12:00:00Z,0.0,-64.572914,-61.63541,NaN
2020-05-21T12:00:00Z,0.0,-64.572914,-61.63541,NaN
2020-05-22T12:00:00Z,0.0,-64.572914,-61.63541,NaN
2020-05-23T12:00:00Z,0.0,-64.572914,-61.63541,NaN
2020-05-24T12:00:00Z,0.0,-64.572914,-61.63541,NaN
2020-05-25T12:00:00Z,0.0,-64.572914,-61.63541,NaN
2020-05-26T12:00:00Z,0.0,-64.572914,-61.63541,NaN
2020-05-27T12:00:00Z,0.0,-64.572914,-61.63541,NaN
2020-05-28T12:00:00Z,0.0,-64.572914,-61.63541,NaN
2020-05-29T12:00:00Z,0.0,-64.572914,-61.63541,NaN
2020-05-30T12:00:00Z,0.0,-64.572914,-61.63541,NaN
2020-05-31T12:00:00Z,0.0,-64.572914,-61.63541,NaN
2020-06-01T12:00:00Z,0.0,-64.572914,-61.63541,NaN
2020-06-02T12:00:00Z,0.0,-64.572914,-61.63541,NaN
2020-06-03T12:00:00Z,0.0,-64.572914,-61.63541,NaN
2020-06-04T12:00:00Z,0.0,-64.572914,-61.63541,NaN
2020-06-05T12:00:00Z,0.0,-64.572914,-61.63541,NaN
2020-06-06T12:00:00Z,0.0,-64.572914,-61.63541,NaN
2020-06-07T12:00:00Z,0.0,-64.572914,-61.63541,NaN
2020-06-08T12:00:00Z,0.0,-64.572914,-61.63541,NaN
2020-06-09T12:00:00Z,0.0,-64.572914,-61.63541,NaN
2020-06-10T12:00:00Z,0.0,-64.572914,-61.63541,NaN
2020-06-11T12:00:00Z,0.0,-64.572914,-61.63541,NaN
2020-06-12T12:00:00Z,0.0,-64.572914,-61.63541,NaN
2020-06-13T12:00:00Z,0.0,-64.572914,-61.63541,NaN
2020-06-14T12:00:00Z,0.0,-64.572914,-61.63541,NaN
2020-06-15T12:00:00Z,0.0,-64.572914,-61.63541,NaN
2020-06-16T12:00:00Z,0.0,-64.572914,-61.63541,NaN
2020-06-17T12:00:00Z,0.0,-64.572914,-61.63541,NaN
2020-06-18T12:00:00Z,0.0,-64.572914,-61.63541,NaN
2020-06-19T12:00:00Z,0.0,-64.572914,-61.63541,NaN
2020-06-20T12:00:00Z,0.0,-64.572914,-61.63541,NaN
2020-06-21T12:00:00Z,0.0,-64.572914,-61.63541,NaN
2020-06-22T12:00:00Z,0.0,-64.572914,-61.63541,NaN
2020-06-23T12:00:00Z,0.0,-64.572914,-61.63541,NaN
2020-06-24T12:00:00Z,0.0,-64.572914,-61.63541,NaN
2020-06-25T12:00:00Z,0.0,-64.572914,-61.63541,NaN
2020-06-26T12:00:00Z,0.0,-64.572914,-61.63541,NaN
2020-06-27T12:00:00Z,0.0,-64.572914,-61.63541,NaN
2020-06-28T12:00:00Z,0.0,-64.572914,-61.63541,NaN
2020-06-29T12:00:00Z,0.0,-64.572914,-61.63541,NaN
2020-06-30T12:00:00Z,0.0,-64.572914,-61.63541,NaN
2020-07-01T12:00:00Z,0.0,-64.572914,-61.63541,NaN
2020-07-02T12:00:00Z,0.0,-64.572914,-61.63541,NaN
2020-07-03T12:00:00Z,0.0,-64.572914,-61.63541,NaN
2020-07-04T12:00:00Z,0.0,-64.572914,-61.63541,NaN
2020-07-05T12:00:00Z,0.0,-64.572914,-61.63541,NaN
2020-07-06T12:00:00Z,0.0,-64.572914,-61.63541,NaN
2020-07-07T12:00:00Z,0.0,-64.572914,-61.63541,NaN
2020-07-08T12:00:00Z,0.0,-64.572914,-61.63541,NaN
2020-07-09T12:00:00Z,0.0,-64.572914,-61.63541,NaN
2020-07-10T12:00:00Z,0.0,-64.572914,-61.63541,NaN
2020-07-11T12:00:00Z,0.0,-64.572914,-61.63541,NaN
2020-07-12T12:00:00Z,0.0,-64.572914,-61.63541,NaN
2020-07-13T12:00:00Z,0.0,-64.572914,-61.63541,NaN
2020-07-14T12:00:00Z,0.0,-64.572914,-61.63541,NaN
2020-07-15T12:00:00Z,0.0,-64.572914,-61.63541,NaN
2020-07-16T12:00:00Z,0.0,-64.572914,-61.63541,NaN
2020-07-17T12:00:00Z,0.0,-64.572914,-61.63541,NaN
2020-07-18T12:00:00Z,0.0,-64.572914,-61.63541,NaN
2020-07-19T12:00:00Z,0.0,-64.572914,-61.63541,NaN
2020-07-20T12:00:00Z,0.0,-64.572914,-61.63541,NaN
2020-07-21T12:00:00Z,0.0,-64.572914,-61.63541,NaN
2020-07-22T12:00:00Z,0.0,-64.572914,-61.63541,NaN
2020-07-23T12:00:00Z,0.0,-64.572914,-61.63541,NaN
2020-07-24T12:00:00Z,0.0,-64.572914,-61.63541,NaN
2020-07-25T12:00:00Z,0.0,-64.572914,-61.63541,NaN
2020-07-26T12:00:00Z,0.0,-64.572914,-61.63541,NaN
2020-07-27T12:00:00Z,0.0,-64.572914,-61.63541,NaN
2020-07-28T12:00:00Z,0.0,-64.572914,-61.63541,NaN
2020-07-29T12:00:00Z,0.0,-64.572914,-61.63541,NaN
2020-07-30T12:00:00Z,0.0,-64.572914,-61.63541,NaN
2020-07-31T12:00:00Z,0.0,-64.572914,-61.63541,NaN
2020-08-01T12:00:00Z,0.0,-64.572914,-61.63541,NaN
2020-08-02T12:00:00Z,0.0,-64.572914,-61.63541,NaN
2020-08-03T12:00:00Z,0.0,-64.572914,-61.63541,NaN
2020-08-04T12:00:00Z,0.0,-64.572914,-61.63541,NaN
2020-08-05T12:00:00Z,0.0,-64.572914,-61.63541,NaN
2020-08-06T12:00:00Z,0.0,-64.572914,-61.63541,NaN
2020-08-07T12:00:00Z,0.0,-64.572914,-61.63541,NaN
2020-08-08T12:00:00Z,0.0,-64.572914,-61.63541,NaN
2020-08-09T12:00:00Z,0.0,-64.572914,-61.63541,NaN
2020-08-10T12:00:00Z,0.0,-64.572914,-61.63541,NaN
2020-08-11T12:00:00Z,0.0,-64.572914,-61.63541,NaN
2020-08-12T12:00:00Z,0.0,-64.572914,-61.63541,NaN
2020-08-13T12:00:00Z,0.0,-64.572914,-61.63541,NaN
2020-08-14T12:00:00Z,0.0,-64.572914,-61.63541,NaN
2020-08-15T12:00:00Z,0.0,-64.572914,-61.63541,NaN
2020-08-16T12:00:00Z,0.0,-64.572914,-61.63541,NaN
2020-08-17T12:00:00Z,0.0,-64.572914,-61.63541,NaN
2020-08-18T12:00:00Z,0.0,-64.572914,-61.63541,NaN
2020-08-19T12:00:00Z,0.0,-64.572914,-61.63541,NaN
2020-08-20T12:00:00Z,0.0,-64.572914,-61.63541,NaN
2020-08-21T12:00:00Z,0.0,-64.572914,-61.63541,NaN
2020-08-22T12:00:00Z,0.0,-64.572914,-61.63541,NaN
2020-08-23T12:00:00Z,0.0,-64.572914,-61.63541,NaN
2020-08-24T12:00:00Z,0.0,-64.572914,-61.63541,NaN
2020-08-25T12:00:00Z,0.0,-64.572914,-61.63541,NaN
2020-08-26T12:00:00Z,0.0,-64.572914,-61.63541,NaN
2020-08-27T12:00:00Z,0.0,-64.572914,-61.63541,NaN
2020-08-28T12:00:00Z,0.0,-64.572914,-61.63541,NaN
2020-08-29T12:00:00Z,0.0,-64.572914,-61.63541,NaN
2020-08-30T12:00:00Z,0.0,-64.572914,-61.63541,NaN
2020-08-31T12:00:00Z,0.0,-64.572914,-61.63541,NaN
2020-09-01T12:00:00Z,0.0,-64.572914,-61.63541,NaN
2020-09-02T12:00:00Z,0.0,-64.572914,-61.63541,NaN
2020-09-03T12:00:00Z,0.0,-64.572914,-61.63541,NaN
2020-09-04T12:00:00Z,0.0,-64.572914,-61.63541,NaN
2020-09-05T12:00:00Z,0.0,-64.572914,-61.63541,NaN
2020-09-06T12:00:00Z,0.0,-64.572914,-61.63541,NaN
2020-09-07T12:00:00Z,0.0,-64.572914,-61.63541,NaN
2020-09-08T12:00:00Z,0.0,-64.572914,-61.63541,NaN
2020-09-09T12:00:00Z,0.0,-64.572914,-61.63541,NaN
2020-09-10T12:00:00Z,0.0,-64.572914,-61.63541,NaN
2020-09-11T12:00:00Z,0.0,-64.572914,-61.63541,NaN
2020-09-12T12:00:00Z,0.0,-64.572914,-61.63541,NaN
2020-09-13T12:00:00Z,0.0,-64.572914,-61.63541,NaN
2020-09-14T12:00:00Z,0.0,-64.572914,-61.63541,NaN
2020-09-15T12:00:00Z,0.0,-64.572914,-61.63541,NaN
2020-09-16T12:00:00Z,0.0,-64.572914,-61.63541,NaN
2020-09-17T12:00:00Z,0.0,-64.572914,-61.63541,NaN
2020-09-18T12:00:00Z,0.0,-64.572914,-61.63541,NaN
2020-09-19T12:00:00Z,0.0,-64.572914,-61.63541,NaN
2020-09-20T12:00:00Z,0.0,-64.572914,-61.63541,NaN
2020-09-21T12:00:00Z,0.0,-64.572914,-61.63541,NaN
2020-09-22T12:00:00Z,0.0,-64.572914,-61.63541,NaN
2020-09-23T12:00:00Z,0.0,-64.572914,-61.63541,NaN
2020-09-24T12:00:00Z,0.0,-64.572914,-61.63541,NaN
2020-09-25T12:00:00Z,0.0,-64.572914,-61.63541,NaN
2020-09-26T12:00:00Z,0.0,-64.572914,-61.63541,NaN
2020-09-27T12:00:00Z,0.0,-64.572914,-61.63541,NaN
2020-09-28T12:00:00Z,0.0,-64.572914,-61.63541,NaN
2020-09-29T12:00:00Z,0.0,-64.572914,-61.63541,NaN
2020-09-30T12:00:00Z,0.0,-64.572914,-61.63541,NaN
2020-10-01T12:00:00Z,0.0,-64.572914,-61.63541,NaN
2020-10-02T12:00:00Z,0.0,-64.572914,-61.63541,NaN
2020-10-03T12:00:00Z,0.0,-64.572914,-61.63541,NaN
2020-10-04T12:00:00Z,0.0,-64.572914,-61.63541,NaN
2020-10-05T12:00:00Z,0.0,-64.572914,-61.63541,NaN
2020-10-06T12:00:00Z,0.0,-64.572914,-61.63541,NaN
2020-10-07T12:00:00Z,0.0,-64.572914,-61.63541,NaN
2020-10-08T12:00:00Z,0.0,-64.572914,-61.63541,NaN
2020-10-09T12:00:00Z,0.0,-64.572914,-61.63541,NaN
2020-10-10T12:00:00Z,0.0,-64.572914,-61.63541,NaN
2020-10-11T12:00:00Z,0.0,-64.572914,-61.63541,NaN
2020-10-12T12:00:00Z,0.0,-64.572914,-61.63541,NaN
2020-10-13T12:00:00Z,0.0,-64.572914,-61.63541,NaN
2020-10-14T12:00:00Z,0.0,-64.572914,-61.63541,NaN
2020-10-15T12:00:00Z,0.0,-64.572914,-61.63541,NaN
2020-10-16T12:00:00Z,0.0,-64.572914,-61.63541,NaN
2020-10-17T12:00:00Z,0.0,-64.572914,-61.63541,NaN
2020-10-18T12:00:00Z,0.0,-64.572914,-61.63541,NaN
2020-10-19T12:00:00Z,0.0,-64.572914,-61.63541,0.16429064
2020-10-20T12:00:00Z,0.0,-64.572914,-61.63541,0.16388601
2020-10-21T12:00:00Z,0.0,-64.572914,-61.63541,0.16416676
2020-10-22T12:00:00Z,0.0,-64.572914,-61.63541,0.16485022
2020-10-23T12:00:00Z,0.0,-64.572914,-61.63541,0.16525897
2020-10-24T12:00:00Z,0.0,-64.572914,-61.63541,0.16628203
2020-10-25T12:00:00Z,0.0,-64.572914,-61.63541,0.16625571
2020-10-26T12:00:00Z,0.0,-64.572914,-61.63541,0.16681655
2020-10-27T12:00:00Z,0.0,-64.572914,-61.63541,0.16658667
2020-10-28T12:00:00Z,0.0,-64.572914,-61.63541,0.1303764
2020-10-29T12:00:00Z,0.0,-64.572914,-61.63541,0.16770509
2020-10-30T12:00:00Z,0.0,-64.572914,-61.63541,0.16762158
2020-10-31T12:00:00Z,0.0,-64.572914,-61.63541,0.16136567
2020-11-01T12:00:00Z,0.0,-64.572914,-61.63541,0.16759872
2020-11-02T12:00:00Z,0.0,-64.572914,-61.63541,0.1681006
2020-11-03T12:00:00Z,0.0,-64.572914,-61.63541,0.15568514
2020-11-04T12:00:00Z,0.0,-64.572914,-61.63541,0.1592615
2020-11-05T12:00:00Z,0.0,-64.572914,-61.63541,0.15919553
2020-11-06T12:00:00Z,0.0,-64.572914,-61.63541,0.1631207
2020-11-07T12:00:00Z,0.0,-64.572914,-61.63541,0.152271
2020-11-08T12:00:00Z,0.0,-64.572914,-61.63541,0.15348417
2020-11-09T12:00:00Z,0.0,-64.572914,-61.63541,0.15686679
2020-11-10T12:00:00Z,0.0,-64.572914,-61.63541,0.15137377
2020-11-11T12:00:00Z,0.0,-64.572914,-61.63541,0.15327781
2020-11-12T12:00:00Z,0.0,-64.572914,-61.63541,0.15492523
2020-11-13T12:00:00Z,0.0,-64.572914,-61.63541,0.1606128
2020-11-14T12:00:00Z,0.0,-64.572914,-61.63541,0.15211524
2020-11-15T12:00:00Z,0.0,-64.572914,-61.63541,0.15501368
2020-11-16T12:00:00Z,0.0,-64.572914,-61.63541,0.1551526
2020-11-17T12:00:00Z,0.0,-64.572914,-61.63541,0.11410676
2020-11-18T12:00:00Z,0.0,-64.572914,-61.63541,0.10664437
2020-11-19T12:00:00Z,0.0,-64.572914,-61.63541,0.09292565
2020-11-20T12:00:00Z,0.0,-64.572914,-61.63541,0.09960653
2020-11-21T12:00:00Z,0.0,-64.572914,-61.63541,0.09324722
2020-11-22T12:00:00Z,0.0,-64.572914,-61.63541,0.09123088
2020-11-23T12:00:00Z,0.0,-64.572914,-61.63541,0.08132946
2020-11-24T12:00:00Z,0.0,-64.572914,-61.63541,0.044524807
2020-11-25T12:00:00Z,0.0,-64.572914,-61.63541,0.037877377
2020-11-26T12:00:00Z,0.0,-64.572914,-61.63541,0.056827974
2020-11-27T12:00:00Z,0.0,-64.572914,-61.63541,0.03932885
2020-11-28T12:00:00Z,0.0,-64.572914,-61.63541,0.056175657
2020-11-29T12:00:00Z,0.0,-64.572914,-61.63541,0.12831628
2020-11-30T12:00:00Z,0.0,-64.572914,-61.63541,0.14909957
2020-12-01T12:00:00Z,0.0,-64.572914,-61.63541,0.08086755
2020-12-02T12:00:00Z,0.0,-64.572914,-61.63541,0.056061566
2020-12-03T12:00:00Z,0.0,-64.572914,-61.63541,0.08157903
2020-12-04T12:00:00Z,0.0,-64.572914,-61.63541,0.09574938
2020-12-05T12:00:00Z,0.0,-64.572914,-61.63541,0.08348849
2020-12-06T12:00:00Z,0.0,-64.572914,-61.63541,0.10524234
2020-12-07T12:00:00Z,0.0,-64.572914,-61.63541,0.088628866
2020-12-08T12:00:00Z,0.0,-64.572914,-61.63541,0.104469985
2020-12-09T12:00:00Z,0.0,-64.572914,-61.63541,0.088752404
2020-12-10T12:00:00Z,0.0,-64.572914,-61.63541,0.09159896
2020-12-11T12:00:00Z,0.0,-64.572914,-61.63541,0.12114697
2020-12-12T12:00:00Z,0.0,-64.572914,-61.63541,0.07893237
2020-12-13T12:00:00Z,0.0,-64.572914,-61.63541,0.073680244
2020-12-14T12:00:00Z,0.0,-64.572914,-61.63541,0.050781284
2020-12-15T12:00:00Z,0.0,-64.572914,-61.63541,0.07022172
2020-12-16T12:00:00Z,0.0,-64.572914,-61.63541,0.0878155
2020-12-17T12:00:00Z,0.0,-64.572914,-61.63541,0.052224156
2020-12-18T12:00:00Z,0.0,-64.572914,-61.63541,0.053539935
2020-12-19T12:00:00Z,0.0,-64.572914,-61.63541,0.056131404
2020-12-20T12:00:00Z,0.0,-64.572914,-61.63541,0.06168804
2020-12-21T12:00:00Z,0.0,-64.572914,-61.63541,0.055078007
2020-12-22T12:00:00Z,0.0,-64.572914,-61.63541,0.051452197
2020-12-23T12:00:00Z,0.0,-64.572914,-61.63541,0.05152463
2020-12-24T12:00:00Z,0.0,-64.572914,-61.63541,0.055461854
2020-12-25T12:00:00Z,0.0,-64.572914,-61.63541,0.043808307
2020-12-26T12:00:00Z,0.0,-64.572914,-61.63541,0.054885693
2020-12-27T12:00:00Z,0.0,-64.572914,-61.63541,0.044313088
2020-12-28T12:00:00Z,0.0,-64.572914,-61.63541,0.056334388
2020-12-29T12:00:00Z,0.0,-64.572914,-61.63541,0.086632736
2020-12-30T12:00:00Z,0.0,-64.572914,-61.63541,0.072752684
2020-12-31T12:00:00Z,0.0,-64.572914,-61.63541,0.089054585
2021-01-01T12:00:00Z,0.0,-64.572914,-61.63541,0.08437855
2021-01-02T12:00:00Z,0.0,-64.572914,-61.63541,0.09332484
2021-01-03T12:00:00Z,0.0,-64.572914,-61.63541,0.0991229
2021-01-04T12:00:00Z,0.0,-64.572914,-61.63541,0.11890154
2021-01-05T12:00:00Z,0.0,-64.572914,-61.63541,0.11928083
2021-01-06T12:00:00Z,0.0,-64.572914,-61.63541,0.11384605
2021-01-07T12:00:00Z,0.0,-64.572914,-61.63541,0.13845383
2021-01-08T12:00:00Z,0.0,-64.572914,-61.63541,0.16851138
2021-01-09T12:00:00Z,0.0,-64.572914,-61.63541,0.19509317
2021-01-10T12:00:00Z,0.0,-64.572914,-61.63541,0.20441094
2021-01-11T12:00:00Z,0.0,-64.572914,-61.63541,0.17749496
2021-01-12T12:00:00Z,0.0,-64.572914,-61.63541,0.16996717
2021-01-13T12:00:00Z,0.0,-64.572914,-61.63541,0.18978328
2021-01-14T12:00:00Z,0.0,-64.572914,-61.63541,0.16677278
2021-01-15T12:00:00Z,0.0,-64.572914,-61.63541,0.20035407
2021-01-16T12:00:00Z,0.0,-64.572914,-61.63541,0.1970156
2021-01-17T12:00:00Z,0.0,-64.572914,-61.63541,0.2000233
2021-01-18T12:00:00Z,0.0,-64.572914,-61.63541,0.1532036
2021-01-19T12:00:00Z,0.0,-64.572914,-61.63541,0.15481827
2021-01-20T12:00:00Z,0.0,-64.572914,-61.63541,0.16181806
2021-01-21T12:00:00Z,0.0,-64.572914,-61.63541,0.16777569
2021-01-22T12:00:00Z,0.0,-64.572914,-61.63541,0.12939535
2021-01-23T12:00:00Z,0.0,-64.572914,-61.63541,0.13138017
2021-01-24T12:00:00Z,0.0,-64.572914,-61.63541,0.12644167
2021-01-25T12:00:00Z,0.0,-64.572914,-61.63541,0.12618986
2021-01-26T12:00:00Z,0.0,-64.572914,-61.63541,0.10996576
2021-01-27T12:00:00Z,0.0,-64.572914,-61.63541,0.115278006
2021-01-28T12:00:00Z,0.0,-64.572914,-61.63541,0.12608196
2021-01-29T12:00:00Z,0.0,-64.572914,-61.63541,0.11897656
2021-01-30T12:00:00Z,0.0,-64.572914,-61.63541,0.09383458
2021-01-31T12:00:00Z,0.0,-64.572914,-61.63541,0.11603036
2021-02-01T12:00:00Z,0.0,-64.572914,-61.63541,0.12567861
2021-02-02T12:00:00Z,0.0,-64.572914,-61.63541,0.13491994
2021-02-03T12:00:00Z,0.0,-64.572914,-61.63541,0.124321766
2021-02-04T12:00:00Z,0.0,-64.572914,-61.63541,0.12320396
2021-02-05T12:00:00Z,0.0,-64.572914,-61.63541,0.120249
2021-02-06T12:00:00Z,0.0,-64.572914,-61.63541,0.12379347
2021-02-07T12:00:00Z,0.0,-64.572914,-61.63541,0.12141658
2021-02-08T12:00:00Z,0.0,-64.572914,-61.63541,0.12006064
2021-02-09T12:00:00Z,0.0,-64.572914,-61.63541,0.12528507
2021-02-10T12:00:00Z,0.0,-64.572914,-61.63541,0.12027539
2021-02-11T12:00:00Z,0.0,-64.572914,-61.63541,0.11942115
2021-02-12T12:00:00Z,0.0,-64.572914,-61.63541,0.13027377
2021-02-13T12:00:00Z,0.0,-64.572914,-61.63541,0.13546583
2021-02-14T12:00:00Z,0.0,-64.572914,-61.63541,0.16987467
2021-02-15T12:00:00Z,0.0,-64.572914,-61.63541,0.17577225
2021-02-16T12:00:00Z,0.0,-64.572914,-61.63541,0.18643679
2021-02-17T12:00:00Z,0.0,-64.572914,-61.63541,0.16954656
2021-02-18T12:00:00Z,0.0,-64.572914,-61.63541,0.17954148
2021-02-19T12:00:00Z,0.0,-64.572914,-61.63541,0.17024878
2021-02-20T12:00:00Z,0.0,-64.572914,-61.63541,0.16091602
2021-02-21T12:00:00Z,0.0,-64.572914,-61.63541,0.15318199
2021-02-22T12:00:00Z,0.0,-64.572914,-61.63541,0.13909838
2021-02-23T12:00:00Z,0.0,-64.572914,-61.63541,0.14478788
2021-02-24T12:00:00Z,0.0,-64.572914,-61.63541,0.14642197
2021-02-25T12:00:00Z,0.0,-64.572914,-61.63541,0.14416608
2021-02-26T12:00:00Z,0.0,-64.572914,-61.63541,0.15264168
2021-02-27T12:00:00Z,0.0,-64.572914,-61.63541,0.14234304
2021-02-28T12:00:00Z,0.0,-64.572914,-61.63541,0.15284774
2021-03-01T12:00:00Z,0.0,-64.572914,-61.63541,0.1314876
2021-03-02T12:00:00Z,0.0,-64.572914,-61.63541,0.13533065
2021-03-03T12:00:00Z,0.0,-64.572914,-61.63541,0.13130084
2021-03-04T12:00:00Z,0.0,-64.572914,-61.63541,0.09244699
2021-03-05T12:00:00Z,0.0,-64.572914,-61.63541,0.09789828
2021-03-06T12:00:00Z,0.0,-64.572914,-61.63541,0.101186946
2021-03-07T12:00:00Z,0.0,-64.572914,-61.63541,0.09064556
2021-03-08T12:00:00Z,0.0,-64.572914,-61.63541,0.08519038
2021-03-09T12:00:00Z,0.0,-64.572914,-61.63541,0.086596444
2021-03-10T12:00:00Z,0.0,-64.572914,-61.63541,0.08278098
2021-03-11T12:00:00Z,0.0,-64.572914,-61.63541,0.07779858
2021-03-12T12:00:00Z,0.0,-64.572914,-61.63541,0.07475902
2021-03-13T12:00:00Z,0.0,-64.572914,-61.63541,0.086164825
2021-03-14T12:00:00Z,0.0,-64.572914,-61.63541,0.07979747
2021-03-15T12:00:00Z,0.0,-64.572914,-61.63541,NaN
2021-03-16T12:00:00Z,0.0,-64.572914,-61.63541,NaN
2021-03-17T12:00:00Z,0.0,-64.572914,-61.63541,NaN
2021-03-18T12:00:00Z,0.0,-64.572914,-61.63541,NaN
2021-03-19T12:00:00Z,0.0,-64.572914,-61.63541,NaN
2021-03-20T12:00:00Z,0.0,-64.572914,-61.63541,NaN
2021-03-21T12:00:00Z,0.0,-64.572914,-61.63541,NaN
2021-03-22T12:00:00Z,0.0,-64.572914,-61.63541,NaN
2021-03-23T12:00:00Z,0.0,-64.572914,-61.63541,NaN
2021-03-24T12:00:00Z,0.0,-64.572914,-61.63541,NaN
2021-03-25T12:00:00Z,0.0,-64.572914,-61.63541,NaN
2021-03-26T12:00:00Z,0.0,-64.572914,-61.63541,NaN
2021-03-27T12:00:00Z,0.0,-64.572914,-61.63541,NaN
2021-03-28T12:00:00Z,0.0,-64.572914,-61.63541,NaN
2021-03-29T12:00:00Z,0.0,-64.572914,-61.63541,NaN
2021-03-30T12:00:00Z,0.0,-64.572914,-61.63541,NaN
2021-03-31T12:00:00Z,0.0,-64.572914,-61.63541,NaN
2021-04-01T12:00:00Z,0.0,-64.572914,-61.63541,NaN
2021-04-02T12:00:00Z,0.0,-64.572914,-61.63541,NaN
2021-04-03T12:00:00Z,0.0,-64.572914,-61.63541,NaN
2021-04-04T12:00:00Z,0.0,-64.572914,-61.63541,NaN
2021-04-05T12:00:00Z,0.0,-64.572914,-61.63541,NaN
2021-04-06T12:00:00Z,0.0,-64.572914,-61.63541,NaN
2021-04-07T12:00:00Z,0.0,-64.572914,-61.63541,NaN
2021-04-08T12:00:00Z,0.0,-64.572914,-61.63541,NaN
2021-04-09T12:00:00Z,0.0,-64.572914,-61.63541,NaN
2021-04-10T12:00:00Z,0.0,-64.572914,-61.63541,NaN
2021-04-11T12:00:00Z,0.0,-64.572914,-61.63541,NaN
2021-04-12T12:00:00Z,0.0,-64.572914,-61.63541,NaN
2021-04-13T12:00:00Z,0.0,-64.572914,-61.63541,NaN
2021-04-14T12:00:00Z,0.0,-64.572914,-61.63541,NaN
2021-04-15T12:00:00Z,0.0,-64.572914,-61.63541,NaN
2021-04-16T12:00:00Z,0.0,-64.572914,-61.63541,NaN
2021-04-17T12:00:00Z,0.0,-64.572914,-61.63541,NaN
2021-04-18T12:00:00Z,0.0,-64.572914,-61.63541,NaN
2021-04-19T12:00:00Z,0.0,-64.572914,-61.63541,NaN
2021-04-20T12:00:00Z,0.0,-64.572914,-61.63541,NaN
2021-04-21T12:00:00Z,0.0,-64.572914,-61.63541,NaN
2021-04-22T12:00:00Z,0.0,-64.572914,-61.63541,NaN
2021-04-23T12:00:00Z,0.0,-64.572914,-61.63541,NaN
2021-04-24T12:00:00Z,0.0,-64.572914,-61.63541,NaN
2021-04-25T12:00:00Z,0.0,-64.572914,-61.63541,NaN
2021-04-26T12:00:00Z,0.0,-64.572914,-61.63541,NaN
2021-04-27T12:00:00Z,0.0,-64.572914,-61.63541,NaN
2021-04-28T12:00:00Z,0.0,-64.572914,-61.63541,NaN
2021-04-29T12:00:00Z,0.0,-64.572914,-61.63541,NaN
2021-04-30T12:00:00Z,0.0,-64.572914,-61.63541,NaN
2021-05-01T12:00:00Z,0.0,-64.572914,-61.63541,NaN
2021-05-02T12:00:00Z,0.0,-64.572914,-61.63541,NaN
2021-05-03T12:00:00Z,0.0,-64.572914,-61.63541,NaN
2021-05-04T12:00:00Z,0.0,-64.572914,-61.63541,NaN
2021-05-05T12:00:00Z,0.0,-64.572914,-61.63541,NaN
2021-05-06T12:00:00Z,0.0,-64.572914,-61.63541,NaN
2021-05-07T12:00:00Z,0.0,-64.572914,-61.63541,NaN
2021-05-08T12:00:00Z,0.0,-64.572914,-61.63541,NaN
2021-05-09T12:00:00Z,0.0,-64.572914,-61.63541,NaN
2021-05-10T12:00:00Z,0.0,-64.572914,-61.63541,NaN
2021-05-11T12:00:00Z,0.0,-64.572914,-61.63541,NaN
2021-05-12T12:00:00Z,0.0,-64.572914,-61.63541,NaN
2021-05-13T12:00:00Z,0.0,-64.572914,-61.63541,NaN
2021-05-14T12:00:00Z,0.0,-64.572914,-61.63541,NaN
2021-05-15T12:00:00Z,0.0,-64.572914,-61.63541,NaN
2021-05-16T12:00:00Z,0.0,-64.572914,-61.63541,NaN
2021-05-17T12:00:00Z,0.0,-64.572914,-61.63541,NaN
2021-05-18T12:00:00Z,0.0,-64.572914,-61.63541,NaN
2021-05-19T12:00:00Z,0.0,-64.572914,-61.63541,NaN
2021-05-20T12:00:00Z,0.0,-64.572914,-61.63541,NaN
2021-05-21T12:00:00Z,0.0,-64.572914,-61.63541,NaN
2021-05-22T12:00:00Z,0.0,-64.572914,-61.63541,NaN
2021-05-23T12:00:00Z,0.0,-64.572914,-61.63541,NaN
2021-05-24T12:00:00Z,0.0,-64.572914,-61.63541,NaN
2021-05-25T12:00:00Z,0.0,-64.572914,-61.63541,NaN
2021-05-26T12:00:00Z,0.0,-64.572914,-61.63541,NaN
2021-05-27T12:00:00Z,0.0,-64.572914,-61.63541,NaN
2021-05-28T12:00:00Z,0.0,-64.572914,-61.63541,NaN
2021-05-29T12:00:00Z,0.0,-64.572914,-61.63541,NaN
2021-05-30T12:00:00Z,0.0,-64.572914,-61.63541,NaN
2021-05-31T12:00:00Z,0.0,-64.572914,-61.63541,NaN
2021-06-01T12:00:00Z,0.0,-64.572914,-61.63541,NaN
2021-06-02T12:00:00Z,0.0,-64.572914,-61.63541,NaN
2021-06-03T12:00:00Z,0.0,-64.572914,-61.63541,NaN
2021-06-04T12:00:00Z,0.0,-64.572914,-61.63541,NaN
2021-06-05T12:00:00Z,0.0,-64.572914,-61.63541,NaN
2021-06-06T12:00:00Z,0.0,-64.572914,-61.63541,NaN
2021-06-07T12:00:00Z,0.0,-64.572914,-61.63541,NaN
2021-06-08T12:00:00Z,0.0,-64.572914,-61.63541,NaN
2021-06-09T12:00:00Z,0.0,-64.572914,-61.63541,NaN
2021-06-10T12:00:00Z,0.0,-64.572914,-61.63541,NaN
2021-06-11T12:00:00Z,0.0,-64.572914,-61.63541,NaN
2021-06-12T12:00:00Z,0.0,-64.572914,-61.63541,NaN
2021-06-13T12:00:00Z,0.0,-64.572914,-61.63541,NaN
2021-06-14T12:00:00Z,0.0,-64.572914,-61.63541,NaN
2021-06-15T12:00:00Z,0.0,-64.572914,-61.63541,NaN
2021-06-16T12:00:00Z,0.0,-64.572914,-61.63541,NaN
2021-06-17T12:00:00Z,0.0,-64.572914,-61.63541,NaN
2021-06-18T12:00:00Z,0.0,-64.572914,-61.63541,NaN
2021-06-19T12:00:00Z,0.0,-64.572914,-61.63541,NaN
2021-06-20T12:00:00Z,0.0,-64.572914,-61.63541,NaN
2021-06-21T12:00:00Z,0.0,-64.572914,-61.63541,NaN
2021-06-22T12:00:00Z,0.0,-64.572914,-61.63541,NaN
2021-06-23T12:00:00Z,0.0,-64.572914,-61.63541,NaN
2021-06-24T12:00:00Z,0.0,-64.572914,-61.63541,NaN
2021-06-25T12:00:00Z,0.0,-64.572914,-61.63541,NaN
2021-06-26T12:00:00Z,0.0,-64.572914,-61.63541,NaN
2021-06-27T12:00:00Z,0.0,-64.572914,-61.63541,NaN
2021-06-28T12:00:00Z,0.0,-64.572914,-61.63541,NaN
2021-06-29T12:00:00Z,0.0,-64.572914,-61.63541,NaN
2021-06-30T12:00:00Z,0.0,-64.572914,-61.63541,NaN
2021-07-01T12:00:00Z,0.0,-64.572914,-61.63541,NaN
2021-07-02T12:00:00Z,0.0,-64.572914,-61.63541,NaN
2021-07-03T12:00:00Z,0.0,-64.572914,-61.63541,NaN
2021-07-04T12:00:00Z,0.0,-64.572914,-61.63541,NaN
2021-07-05T12:00:00Z,0.0,-64.572914,-61.63541,NaN
2021-07-06T12:00:00Z,0.0,-64.572914,-61.63541,NaN
2021-07-07T12:00:00Z,0.0,-64.572914,-61.63541,NaN
2021-07-08T12:00:00Z,0.0,-64.572914,-61.63541,NaN
2021-07-09T12:00:00Z,0.0,-64.572914,-61.63541,NaN
2021-07-10T12:00:00Z,0.0,-64.572914,-61.63541,NaN
2021-07-11T12:00:00Z,0.0,-64.572914,-61.63541,NaN
2021-07-12T12:00:00Z,0.0,-64.572914,-61.63541,NaN
2021-07-13T12:00:00Z,0.0,-64.572914,-61.63541,NaN
2021-07-14T12:00:00Z,0.0,-64.572914,-61.63541,NaN
2021-07-15T12:00:00Z,0.0,-64.572914,-61.63541,NaN
2021-07-16T12:00:00Z,0.0,-64.572914,-61.63541,NaN
2021-07-17T12:00:00Z,0.0,-64.572914,-61.63541,NaN
2021-07-18T12:00:00Z,0.0,-64.572914,-61.63541,NaN
2021-07-19T12:00:00Z,0.0,-64.572914,-61.63541,NaN
2021-07-20T12:00:00Z,0.0,-64.572914,-61.63541,NaN
2021-07-21T12:00:00Z,0.0,-64.572914,-61.63541,NaN
2021-07-22T12:00:00Z,0.0,-64.572914,-61.63541,NaN
2021-07-23T12:00:00Z,0.0,-64.572914,-61.63541,NaN
2021-07-24T12:00:00Z,0.0,-64.572914,-61.63541,NaN
2021-07-25T12:00:00Z,0.0,-64.572914,-61.63541,NaN
2021-07-26T12:00:00Z,0.0,-64.572914,-61.63541,NaN
2021-07-27T12:00:00Z,0.0,-64.572914,-61.63541,NaN
2021-07-28T12:00:00Z,0.0,-64.572914,-61.63541,NaN
2021-07-29T12:00:00Z,0.0,-64.572914,-61.63541,NaN
2021-07-30T12:00:00Z,0.0,-64.572914,-61.63541,NaN
2021-07-31T12:00:00Z,0.0,-64.572914,-61.63541,NaN
2021-08-01T12:00:00Z,0.0,-64.572914,-61.63541,NaN
2021-08-02T12:00:00Z,0.0,-64.572914,-61.63541,NaN
2021-08-03T12:00:00Z,0.0,-64.572914,-61.63541,NaN
2021-08-04T12:00:00Z,0.0,-64.572914,-61.63541,NaN
2021-08-05T12:00:00Z,0.0,-64.572914,-61.63541,NaN
2021-08-06T12:00:00Z,0.0,-64.572914,-61.63541,NaN
2021-08-07T12:00:00Z,0.0,-64.572914,-61.63541,NaN
2021-08-08T12:00:00Z,0.0,-64.572914,-61.63541,NaN
2021-08-09T12:00:00Z,0.0,-64.572914,-61.63541,NaN
2021-08-10T12:00:00Z,0.0,-64.572914,-61.63541,NaN
2021-08-11T12:00:00Z,0.0,-64.572914,-61.63541,NaN
2021-08-12T12:00:00Z,0.0,-64.572914,-61.63541,NaN
2021-08-13T12:00:00Z,0.0,-64.572914,-61.63541,NaN
2021-08-14T12:00:00Z,0.0,-64.572914,-61.63541,NaN
2021-08-15T12:00:00Z,0.0,-64.572914,-61.63541,NaN
2021-08-16T12:00:00Z,0.0,-64.572914,-61.63541,NaN
2021-08-17T12:00:00Z,0.0,-64.572914,-61.63541,NaN
2021-08-18T12:00:00Z,0.0,-64.572914,-61.63541,NaN
2021-08-19T12:00:00Z,0.0,-64.572914,-61.63541,NaN
2021-08-20T12:00:00Z,0.0,-64.572914,-61.63541,NaN
2021-08-21T12:00:00Z,0.0,-64.572914,-61.63541,NaN
2021-08-22T12:00:00Z,0.0,-64.572914,-61.63541,NaN
2021-08-23T12:00:00Z,0.0,-64.572914,-61.63541,NaN
2021-08-24T12:00:00Z,0.0,-64.572914,-61.63541,NaN
2021-08-25T12:00:00Z,0.0,-64.572914,-61.63541,NaN
2021-08-26T12:00:00Z,0.0,-64.572914,-61.63541,NaN
2021-08-27T12:00:00Z,0.0,-64.572914,-61.63541,NaN
2021-08-28T12:00:00Z,0.0,-64.572914,-61.63541,NaN
2021-08-29T12:00:00Z,0.0,-64.572914,-61.63541,NaN
2021-08-30T12:00:00Z,0.0,-64.572914,-61.63541,NaN
2021-08-31T12:00:00Z,0.0,-64.572914,-61.63541,NaN
2021-09-01T12:00:00Z,0.0,-64.572914,-61.63541,NaN
2021-09-02T12:00:00Z,0.0,-64.572914,-61.63541,NaN
2021-09-03T12:00:00Z,0.0,-64.572914,-61.63541,NaN
2021-09-04T12:00:00Z,0.0,-64.572914,-61.63541,NaN
2021-09-05T12:00:00Z,0.0,-64.572914,-61.63541,NaN
2021-09-06T12:00:00Z,0.0,-64.572914,-61.63541,NaN
2021-09-07T12:00:00Z,0.0,-64.572914,-61.63541,NaN
2021-09-08T12:00:00Z,0.0,-64.572914,-61.63541,NaN
2021-09-09T12:00:00Z,0.0,-64.572914,-61.63541,NaN
2021-09-10T12:00:00Z,0.0,-64.572914,-61.63541,NaN
2021-09-11T12:00:00Z,0.0,-64.572914,-61.63541,NaN
2021-09-12T12:00:00Z,0.0,-64.572914,-61.63541,NaN
2021-09-13T12:00:00Z,0.0,-64.572914,-61.63541,NaN
2021-09-14T12:00:00Z,0.0,-64.572914,-61.63541,NaN
2021-09-15T12:00:00Z,0.0,-64.572914,-61.63541,NaN
2021-09-16T12:00:00Z,0.0,-64.572914,-61.63541,NaN
2021-09-17T12:00:00Z,0.0,-64.572914,-61.63541,NaN
2021-09-18T12:00:00Z,0.0,-64.572914,-61.63541,NaN
2021-09-19T12:00:00Z,0.0,-64.572914,-61.63541,NaN
2021-09-20T12:00:00Z,0.0,-64.572914,-61.63541,NaN
2021-09-21T12:00:00Z,0.0,-64.572914,-61.63541,NaN
2021-09-22T12:00:00Z,0.0,-64.572914,-61.63541,NaN
2021-09-23T12:00:00Z,0.0,-64.572914,-61.63541,NaN
2021-09-24T12:00:00Z,0.0,-64.572914,-61.63541,NaN
2021-09-25T12:00:00Z,0.0,-64.572914,-61.63541,NaN
2021-09-26T12:00:00Z,0.0,-64.572914,-61.63541,NaN
2021-09-27T12:00:00Z,0.0,-64.572914,-61.63541,NaN
2021-09-28T12:00:00Z,0.0,-64.572914,-61.63541,NaN
2021-09-29T12:00:00Z,0.0,-64.572914,-61.63541,NaN
2021-09-30T12:00:00Z,0.0,-64.572914,-61.63541,NaN
2021-10-01T12:00:00Z,0.0,-64.572914,-61.63541,NaN
2021-10-02T12:00:00Z,0.0,-64.572914,-61.63541,NaN
2021-10-03T12:00:00Z,0.0,-64.572914,-61.63541,NaN
2021-10-04T12:00:00Z,0.0,-64.572914,-61.63541,NaN
2021-10-05T12:00:00Z,0.0,-64.572914,-61.63541,NaN
2021-10-06T12:00:00Z,0.0,-64.572914,-61.63541,NaN
2021-10-07T12:00:00Z,0.0,-64.572914,-61.63541,NaN
2021-10-08T12:00:00Z,0.0,-64.572914,-61.63541,NaN
2021-10-09T12:00:00Z,0.0,-64.572914,-61.63541,NaN
2021-10-10T12:00:00Z,0.0,-64.572914,-61.63541,NaN
2021-10-11T12:00:00Z,0.0,-64.572914,-61.63541,NaN
2021-10-12T12:00:00Z,0.0,-64.572914,-61.63541,NaN
2021-10-13T12:00:00Z,0.0,-64.572914,-61.63541,NaN
2021-10-14T12:00:00Z,0.0,-64.572914,-61.63541,NaN
2021-10-15T12:00:00Z,0.0,-64.572914,-61.63541,NaN
2021-10-16T12:00:00Z,0.0,-64.572914,-61.63541,NaN
2021-10-17T12:00:00Z,0.0,-64.572914,-61.63541,NaN
2021-10-18T12:00:00Z,0.0,-64.572914,-61.63541,NaN
2021-10-19T12:00:00Z,0.0,-64.572914,-61.63541,NaN
2021-10-20T12:00:00Z,0.0,-64.572914,-61.63541,0.15002401
2021-10-21T12:00:00Z,0.0,-64.572914,-61.63541,0.15974405
2021-10-22T12:00:00Z,0.0,-64.572914,-61.63541,0.16209395
2021-10-23T12:00:00Z,0.0,-64.572914,-61.63541,0.1373825
2021-10-24T12:00:00Z,0.0,-64.572914,-61.63541,0.13165255
2021-10-25T12:00:00Z,0.0,-64.572914,-61.63541,0.13464688
2021-10-26T12:00:00Z,0.0,-64.572914,-61.63541,0.17143142
2021-10-27T12:00:00Z,0.0,-64.572914,-61.63541,0.17185315
2021-10-28T12:00:00Z,0.0,-64.572914,-61.63541,0.16459784
2021-10-29T12:00:00Z,0.0,-64.572914,-61.63541,0.13659821
2021-10-30T12:00:00Z,0.0,-64.572914,-61.63541,0.17949045
2021-10-31T12:00:00Z,0.0,-64.572914,-61.63541,0.17230198
2021-11-01T12:00:00Z,0.0,-64.572914,-61.63541,0.16881734
2021-11-02T12:00:00Z,0.0,-64.572914,-61.63541,0.14195263
2021-11-03T12:00:00Z,0.0,-64.572914,-61.63541,0.16922075
2021-11-04T12:00:00Z,0.0,-64.572914,-61.63541,0.13911632
2021-11-05T12:00:00Z,0.0,-64.572914,-61.63541,0.14029913
2021-11-06T12:00:00Z,0.0,-64.572914,-61.63541,0.13849822
2021-11-07T12:00:00Z,0.0,-64.572914,-61.63541,0.14160179
2021-11-08T12:00:00Z,0.0,-64.572914,-61.63541,0.14087631
2021-11-09T12:00:00Z,0.0,-64.572914,-61.63541,0.14390571
2021-11-10T12:00:00Z,0.0,-64.572914,-61.63541,0.13199203
2021-11-11T12:00:00Z,0.0,-64.572914,-61.63541,0.11664388
2021-11-12T12:00:00Z,0.0,-64.572914,-61.63541,0.09920957
2021-11-13T12:00:00Z,0.0,-64.572914,-61.63541,0.10767266
2021-11-14T12:00:00Z,0.0,-64.572914,-61.63541,0.113048434
2021-11-15T12:00:00Z,0.0,-64.572914,-61.63541,0.009041247
2021-11-16T12:00:00Z,0.0,-64.572914,-61.63541,0.010889084
2021-11-17T12:00:00Z,0.0,-64.572914,-61.63541,0.025780607
2021-11-18T12:00:00Z,0.0,-64.572914,-61.63541,0.04819075
2021-11-19T12:00:00Z,0.0,-64.572914,-61.63541,0.04396427
2021-11-20T12:00:00Z,0.0,-64.572914,-61.63541,0.04863891
2021-11-21T12:00:00Z,0.0,-64.572914,-61.63541,0.036536366
2021-11-22T12:00:00Z,0.0,-64.572914,-61.63541,0.042177416
2021-11-23T12:00:00Z,0.0,-64.572914,-61.63541,0.046167973
2021-11-24T12:00:00Z,0.0,-64.572914,-61.63541,0.049301773
2021-11-25T12:00:00Z,0.0,-64.572914,-61.63541,0.04050095
2021-11-26T12:00:00Z,0.0,-64.572914,-61.63541,0.052100293
2021-11-27T12:00:00Z,0.0,-64.572914,-61.63541,0.08036242
2021-11-28T12:00:00Z,0.0,-64.572914,-61.63541,0.083292134
2021-11-29T12:00:00Z,0.0,-64.572914,-61.63541,0.08308857
2021-11-30T12:00:00Z,0.0,-64.572914,-61.63541,0.07184198
2021-12-01T12:00:00Z,0.0,-64.572914,-61.63541,0.13010429
2021-12-02T12:00:00Z,0.0,-64.572914,-61.63541,0.06916306
2021-12-03T12:00:00Z,0.0,-64.572914,-61.63541,0.1326044
2021-12-04T12:00:00Z,0.0,-64.572914,-61.63541,0.13985345
2021-12-05T12:00:00Z,0.0,-64.572914,-61.63541,0.11806347
2021-12-06T12:00:00Z,0.0,-64.572914,-61.63541,0.21099022
2021-12-07T12:00:00Z,0.0,-64.572914,-61.63541,0.09556012
2021-12-08T12:00:00Z,0.0,-64.572914,-61.63541,0.10622979
2021-12-09T12:00:00Z,0.0,-64.572914,-61.63541,0.11938614
2021-12-10T12:00:00Z,0.0,-64.572914,-61.63541,0.12058401
2021-12-11T12:00:00Z,0.0,-64.572914,-61.63541,0.125657
2021-12-12T12:00:00Z,0.0,-64.572914,-61.63541,0.13675481
2021-12-13T12:00:00Z,0.0,-64.572914,-61.63541,0.25492585
2021-12-14T12:00:00Z,0.0,-64.572914,-61.63541,0.16324952
2021-12-15T12:00:00Z,0.0,-64.572914,-61.63541,0.111711256
2021-12-16T12:00:00Z,0.0,-64.572914,-61.63541,0.14613949
2021-12-17T12:00:00Z,0.0,-64.572914,-61.63541,0.18377188
2021-12-18T12:00:00Z,0.0,-64.572914,-61.63541,0.3081277
2021-12-19T12:00:00Z,0.0,-64.572914,-61.63541,0.31693473
2021-12-20T12:00:00Z,0.0,-64.572914,-61.63541,0.18999934
2021-12-21T12:00:00Z,0.0,-64.572914,-61.63541,0.11185852
2021-12-22T12:00:00Z,0.0,-64.572914,-61.63541,0.107315585
2021-12-23T12:00:00Z,0.0,-64.572914,-61.63541,0.09895757
2021-12-24T12:00:00Z,0.0,-64.572914,-61.63541,0.10453125
2021-12-25T12:00:00Z,0.0,-64.572914,-61.63541,0.11806712
2021-12-26T12:00:00Z,0.0,-64.572914,-61.63541,0.13013446
2021-12-27T12:00:00Z,0.0,-64.572914,-61.63541,0.11572852
2021-12-28T12:00:00Z,0.0,-64.572914,-61.63541,0.1203499
2021-12-29T12:00:00Z,0.0,-64.572914,-61.63541,0.094720334
2021-12-30T12:00:00Z,0.0,-64.572914,-61.63541,0.10289628
2021-12-31T12:00:00Z,0.0,-64.572914,-61.63541,0.110602066
2022-01-01T12:00:00Z,0.0,-64.572914,-61.63541,0.10026076
2022-01-02T12:00:00Z,0.0,-64.572914,-61.63541,0.12620325
2022-01-03T12:00:00Z,0.0,-64.572914,-61.63541,0.13004887
2022-01-04T12:00:00Z,0.0,-64.572914,-61.63541,0.14713994
2022-01-05T12:00:00Z,0.0,-64.572914,-61.63541,0.14373882
2022-01-06T12:00:00Z,0.0,-64.572914,-61.63541,0.12105025
2022-01-07T12:00:00Z,0.0,-64.572914,-61.63541,0.11353574
2022-01-08T12:00:00Z,0.0,-64.572914,-61.63541,0.11811564
2022-01-09T12:00:00Z,0.0,-64.572914,-61.63541,0.12610301
2022-01-10T12:00:00Z,0.0,-64.572914,-61.63541,0.14012824
2022-01-11T12:00:00Z,0.0,-64.572914,-61.63541,0.13276458
2022-01-12T12:00:00Z,0.0,-64.572914,-61.63541,0.13593648
2022-01-13T12:00:00Z,0.0,-64.572914,-61.63541,0.13702767
2022-01-14T12:00:00Z,0.0,-64.572914,-61.63541,0.16429497
2022-01-15T12:00:00Z,0.0,-64.572914,-61.63541,0.10076867
2022-01-16T12:00:00Z,0.0,-64.572914,-61.63541,0.08647505
2022-01-17T12:00:00Z,0.0,-64.572914,-61.63541,0.106857784
2022-01-18T12:00:00Z,0.0,-64.572914,-61.63541,0.10317495
2022-01-19T12:00:00Z,0.0,-64.572914,-61.63541,0.10190085
2022-01-20T12:00:00Z,0.0,-64.572914,-61.63541,0.101525515
2022-01-21T12:00:00Z,0.0,-64.572914,-61.63541,0.081753924
2022-01-22T12:00:00Z,0.0,-64.572914,-61.63541,0.08590825
2022-01-23T12:00:00Z,0.0,-64.572914,-61.63541,0.08420492
2022-01-24T12:00:00Z,0.0,-64.572914,-61.63541,0.09110064
2022-01-25T12:00:00Z,0.0,-64.572914,-61.63541,0.099798925
2022-01-26T12:00:00Z,0.0,-64.572914,-61.63541,0.0957422
2022-01-27T12:00:00Z,0.0,-64.572914,-61.63541,0.112081505
2022-01-28T12:00:00Z,0.0,-64.572914,-61.63541,0.11260257
2022-01-29T12:00:00Z,0.0,-64.572914,-61.63541,0.11459317
2022-01-30T12:00:00Z,0.0,-64.572914,-61.63541,0.101383
2022-01-31T12:00:00Z,0.0,-64.572914,-61.63541,0.10041282
2022-02-01T12:00:00Z,0.0,-64.572914,-61.63541,0.10652806
2022-02-02T12:00:00Z,0.0,-64.572914,-61.63541,0.108278796
2022-02-03T12:00:00Z,0.0,-64.572914,-61.63541,0.11968857
2022-02-04T12:00:00Z,0.0,-64.572914,-61.63541,0.12274444
2022-02-05T12:00:00Z,0.0,-64.572914,-61.63541,0.13376074
2022-02-06T12:00:00Z,0.0,-64.572914,-61.63541,0.14487661
2022-02-07T12:00:00Z,0.0,-64.572914,-61.63541,0.15480271
2022-02-08T12:00:00Z,0.0,-64.572914,-61.63541,0.16154149
2022-02-09T12:00:00Z,0.0,-64.572914,-61.63541,0.16843143
2022-02-10T12:00:00Z,0.0,-64.572914,-61.63541,0.16211425
2022-02-11T12:00:00Z,0.0,-64.572914,-61.63541,0.16348289
2022-02-12T12:00:00Z,0.0,-64.572914,-61.63541,0.12769812
2022-02-13T12:00:00Z,0.0,-64.572914,-61.63541,0.12350138
2022-02-14T12:00:00Z,0.0,-64.572914,-61.63541,0.12681124
2022-02-15T12:00:00Z,0.0,-64.572914,-61.63541,0.12588668
2022-02-16T12:00:00Z,0.0,-64.572914,-61.63541,0.119501375
2022-02-17T12:00:00Z,0.0,-64.572914,-61.63541,0.11985597
2022-02-18T12:00:00Z,0.0,-64.572914,-61.63541,0.12613547
2022-02-19T12:00:00Z,0.0,-64.572914,-61.63541,0.10644384
2022-02-20T12:00:00Z,0.0,-64.572914,-61.63541,0.08440088
2022-02-21T12:00:00Z,0.0,-64.572914,-61.63541,0.08384872
2022-02-22T12:00:00Z,0.0,-64.572914,-61.63541,0.08108907
2022-02-23T12:00:00Z,0.0,-64.572914,-61.63541,0.08490957
2022-02-24T12:00:00Z,0.0,-64.572914,-61.63541,0.08570757
2022-02-25T12:00:00Z,0.0,-64.572914,-61.63541,0.0847043
2022-02-26T12:00:00Z,0.0,-64.572914,-61.63541,0.076659076
2022-02-27T12:00:00Z,0.0,-64.572914,-61.63541,0.07501156
2022-02-28T12:00:00Z,0.0,-64.572914,-61.63541,0.07772589
2022-03-01T12:00:00Z,0.0,-64.572914,-61.63541,0.07610791
2022-03-02T12:00:00Z,0.0,-64.572914,-61.63541,0.07706951
2022-03-03T12:00:00Z,0.0,-64.572914,-61.63541,0.07168326
2022-03-04T12:00:00Z,0.0,-64.572914,-61.63541,0.070411116
2022-03-05T12:00:00Z,0.0,-64.572914,-61.63541,0.06970696
2022-03-06T12:00:00Z,0.0,-64.572914,-61.63541,0.08163397
2022-03-07T12:00:00Z,0.0,-64.572914,-61.63541,0.089339666
2022-03-08T12:00:00Z,0.0,-64.572914,-61.63541,0.09170244
2022-03-09T12:00:00Z,0.0,-64.572914,-61.63541,0.09459098
2022-03-10T12:00:00Z,0.0,-64.572914,-61.63541,0.08388729
2022-03-11T12:00:00Z,0.0,-64.572914,-61.63541,0.07523125
2022-03-12T12:00:00Z,0.0,-64.572914,-61.63541,0.08076683
2022-03-13T12:00:00Z,0.0,-64.572914,-61.63541,0.082375646
2022-03-14T12:00:00Z,0.0,-64.572914,-61.63541,0.08045136
2022-03-15T12:00:00Z,0.0,-64.572914,-61.63541,NaN
2022-03-16T12:00:00Z,0.0,-64.572914,-61.63541,NaN
2022-03-17T12:00:00Z,0.0,-64.572914,-61.63541,NaN
2022-03-18T12:00:00Z,0.0,-64.572914,-61.63541,NaN
2022-03-19T12:00:00Z,0.0,-64.572914,-61.63541,NaN
2022-03-20T12:00:00Z,0.0,-64.572914,-61.63541,NaN
2022-03-21T12:00:00Z,0.0,-64.572914,-61.63541,NaN
2022-03-22T12:00:00Z,0.0,-64.572914,-61.63541,NaN
2022-03-23T12:00:00Z,0.0,-64.572914,-61.63541,NaN
2022-03-24T12:00:00Z,0.0,-64.572914,-61.63541,NaN
2022-03-25T12:00:00Z,0.0,-64.572914,-61.63541,NaN
2022-03-26T12:00:00Z,0.0,-64.572914,-61.63541,NaN
2022-03-27T12:00:00Z,0.0,-64.572914,-61.63541,NaN
2022-03-28T12:00:00Z,0.0,-64.572914,-61.63541,NaN
2022-03-29T12:00:00Z,0.0,-64.572914,-61.63541,NaN
2022-03-30T12:00:00Z,0.0,-64.572914,-61.63541,NaN
2022-03-31T12:00:00Z,0.0,-64.572914,-61.63541,NaN
2022-04-01T12:00:00Z,0.0,-64.572914,-61.63541,NaN
2022-04-02T12:00:00Z,0.0,-64.572914,-61.63541,NaN
2022-04-03T12:00:00Z,0.0,-64.572914,-61.63541,NaN
2022-04-04T12:00:00Z,0.0,-64.572914,-61.63541,NaN
2022-04-05T12:00:00Z,0.0,-64.572914,-61.63541,NaN
2022-04-06T12:00:00Z,0.0,-64.572914,-61.63541,NaN
2022-04-07T12:00:00Z,0.0,-64.572914,-61.63541,NaN
2022-04-08T12:00:00Z,0.0,-64.572914,-61.63541,NaN
2022-04-09T12:00:00Z,0.0,-64.572914,-61.63541,NaN
2022-04-10T12:00:00Z,0.0,-64.572914,-61.63541,NaN
2022-04-11T12:00:00Z,0.0,-64.572914,-61.63541,NaN
2022-04-12T12:00:00Z,0.0,-64.572914,-61.63541,NaN
2022-04-13T12:00:00Z,0.0,-64.572914,-61.63541,NaN
2022-04-14T12:00:00Z,0.0,-64.572914,-61.63541,NaN
2022-04-15T12:00:00Z,0.0,-64.572914,-61.63541,NaN
2022-04-16T12:00:00Z,0.0,-64.572914,-61.63541,NaN
2022-04-17T12:00:00Z,0.0,-64.572914,-61.63541,NaN
2022-04-18T12:00:00Z,0.0,-64.572914,-61.63541,NaN
2022-04-19T12:00:00Z,0.0,-64.572914,-61.63541,NaN
2022-04-20T12:00:00Z,0.0,-64.572914,-61.63541,NaN
2022-04-21T12:00:00Z,0.0,-64.572914,-61.63541,NaN
2022-04-22T12:00:00Z,0.0,-64.572914,-61.63541,NaN
2022-04-23T12:00:00Z,0.0,-64.572914,-61.63541,NaN
2022-04-24T12:00:00Z,0.0,-64.572914,-61.63541,NaN
2022-04-25T12:00:00Z,0.0,-64.572914,-61.63541,NaN
2022-04-26T12:00:00Z,0.0,-64.572914,-61.63541,NaN
2022-04-27T12:00:00Z,0.0,-64.572914,-61.63541,NaN
2022-04-28T12:00:00Z,0.0,-64.572914,-61.63541,NaN
2022-04-29T12:00:00Z,0.0,-64.572914,-61.63541,NaN
2022-04-30T12:00:00Z,0.0,-64.572914,-61.63541,NaN
2022-05-01T12:00:00Z,0.0,-64.572914,-61.63541,NaN
2022-05-02T12:00:00Z,0.0,-64.572914,-61.63541,NaN
2022-05-03T12:00:00Z,0.0,-64.572914,-61.63541,NaN
2022-05-04T12:00:00Z,0.0,-64.572914,-61.63541,NaN
2022-05-05T12:00:00Z,0.0,-64.572914,-61.63541,NaN
2022-05-06T12:00:00Z,0.0,-64.572914,-61.63541,NaN
2022-05-07T12:00:00Z,0.0,-64.572914,-61.63541,NaN
2022-05-08T12:00:00Z,0.0,-64.572914,-61.63541,NaN
2022-05-09T12:00:00Z,0.0,-64.572914,-61.63541,NaN
2022-05-10T12:00:00Z,0.0,-64.572914,-61.63541,NaN
2022-05-11T12:00:00Z,0.0,-64.572914,-61.63541,NaN
2022-05-12T12:00:00Z,0.0,-64.572914,-61.63541,NaN
2022-05-13T12:00:00Z,0.0,-64.572914,-61.63541,NaN
2022-05-14T12:00:00Z,0.0,-64.572914,-61.63541,NaN
2022-05-15T12:00:00Z,0.0,-64.572914,-61.63541,NaN
2022-05-16T12:00:00Z,0.0,-64.572914,-61.63541,NaN
2022-05-17T12:00:00Z,0.0,-64.572914,-61.63541,NaN
2022-05-18T12:00:00Z,0.0,-64.572914,-61.63541,NaN
2022-05-19T12:00:00Z,0.0,-64.572914,-61.63541,NaN
2022-05-20T12:00:00Z,0.0,-64.572914,-61.63541,NaN
2022-05-21T12:00:00Z,0.0,-64.572914,-61.63541,NaN
2022-05-22T12:00:00Z,0.0,-64.572914,-61.63541,NaN
2022-05-23T12:00:00Z,0.0,-64.572914,-61.63541,NaN
2022-05-24T12:00:00Z,0.0,-64.572914,-61.63541,NaN
2022-05-25T12:00:00Z,0.0,-64.572914,-61.63541,NaN
2022-05-26T12:00:00Z,0.0,-64.572914,-61.63541,NaN
2022-05-27T12:00:00Z,0.0,-64.572914,-61.63541,NaN
2022-05-28T12:00:00Z,0.0,-64.572914,-61.63541,NaN
2022-05-29T12:00:00Z,0.0,-64.572914,-61.63541,NaN
2022-05-30T12:00:00Z,0.0,-64.572914,-61.63541,NaN
2022-05-31T12:00:00Z,0.0,-64.572914,-61.63541,NaN
2022-06-01T12:00:00Z,0.0,-64.572914,-61.63541,NaN
2022-06-02T12:00:00Z,0.0,-64.572914,-61.63541,NaN
2022-06-03T12:00:00Z,0.0,-64.572914,-61.63541,NaN
2022-06-04T12:00:00Z,0.0,-64.572914,-61.63541,NaN
2022-06-05T12:00:00Z,0.0,-64.572914,-61.63541,NaN
2022-06-06T12:00:00Z,0.0,-64.572914,-61.63541,NaN
2022-06-07T12:00:00Z,0.0,-64.572914,-61.63541,NaN
2022-06-08T12:00:00Z,0.0,-64.572914,-61.63541,NaN
2022-06-09T12:00:00Z,0.0,-64.572914,-61.63541,NaN
2022-06-10T12:00:00Z,0.0,-64.572914,-61.63541,NaN
2022-06-11T12:00:00Z,0.0,-64.572914,-61.63541,NaN
2022-06-12T12:00:00Z,0.0,-64.572914,-61.63541,NaN
2022-06-13T12:00:00Z,0.0,-64.572914,-61.63541,NaN
2022-06-14T12:00:00Z,0.0,-64.572914,-61.63541,NaN
2022-06-15T12:00:00Z,0.0,-64.572914,-61.63541,NaN
2022-06-16T12:00:00Z,0.0,-64.572914,-61.63541,NaN
2022-06-17T12:00:00Z,0.0,-64.572914,-61.63541,NaN
2022-06-18T12:00:00Z,0.0,-64.572914,-61.63541,NaN
2022-06-19T12:00:00Z,0.0,-64.572914,-61.63541,NaN
2022-06-20T12:00:00Z,0.0,-64.572914,-61.63541,NaN
2022-06-21T12:00:00Z,0.0,-64.572914,-61.63541,NaN
2022-06-22T12:00:00Z,0.0,-64.572914,-61.63541,NaN
2022-06-23T12:00:00Z,0.0,-64.572914,-61.63541,NaN
2022-06-24T12:00:00Z,0.0,-64.572914,-61.63541,NaN
2022-06-25T12:00:00Z,0.0,-64.572914,-61.63541,NaN
2022-06-26T12:00:00Z,0.0,-64.572914,-61.63541,NaN
2022-06-27T12:00:00Z,0.0,-64.572914,-61.63541,NaN
2022-06-28T12:00:00Z,0.0,-64.572914,-61.63541,NaN
2022-06-29T12:00:00Z,0.0,-64.572914,-61.63541,NaN
2022-06-30T12:00:00Z,0.0,-64.572914,-61.63541,NaN
2022-07-01T12:00:00Z,0.0,-64.572914,-61.63541,NaN
2022-07-02T12:00:00Z,0.0,-64.572914,-61.63541,NaN
2022-07-03T12:00:00Z,0.0,-64.572914,-61.63541,NaN
2022-07-04T12:00:00Z,0.0,-64.572914,-61.63541,NaN
2022-07-05T12:00:00Z,0.0,-64.572914,-61.63541,NaN
2022-07-06T12:00:00Z,0.0,-64.572914,-61.63541,NaN
2022-07-07T12:00:00Z,0.0,-64.572914,-61.63541,NaN
2022-07-08T12:00:00Z,0.0,-64.572914,-61.63541,NaN
2022-07-09T12:00:00Z,0.0,-64.572914,-61.63541,NaN
2022-07-10T12:00:00Z,0.0,-64.572914,-61.63541,NaN
2022-07-11T12:00:00Z,0.0,-64.572914,-61.63541,NaN
2022-07-12T12:00:00Z,0.0,-64.572914,-61.63541,NaN
2022-07-13T12:00:00Z,0.0,-64.572914,-61.63541,NaN
2022-07-14T12:00:00Z,0.0,-64.572914,-61.63541,NaN
2022-07-15T12:00:00Z,0.0,-64.572914,-61.63541,NaN
2022-07-16T12:00:00Z,0.0,-64.572914,-61.63541,NaN
2022-07-17T12:00:00Z,0.0,-64.572914,-61.63541,NaN
2022-07-18T12:00:00Z,0.0,-64.572914,-61.63541,NaN
2022-07-19T12:00:00Z,0.0,-64.572914,-61.63541,NaN
2022-07-20T12:00:00Z,0.0,-64.572914,-61.63541,NaN
2022-07-21T12:00:00Z,0.0,-64.572914,-61.63541,NaN
2022-07-22T12:00:00Z,0.0,-64.572914,-61.63541,NaN
2022-07-23T12:00:00Z,0.0,-64.572914,-61.63541,NaN
2022-07-24T12:00:00Z,0.0,-64.572914,-61.63541,NaN
2022-07-25T12:00:00Z,0.0,-64.572914,-61.63541,NaN
2022-07-26T12:00:00Z,0.0,-64.572914,-61.63541,NaN
2022-07-27T12:00:00Z,0.0,-64.572914,-61.63541,NaN
2022-07-28T12:00:00Z,0.0,-64.572914,-61.63541,NaN
2022-07-29T12:00:00Z,0.0,-64.572914,-61.63541,NaN
2022-07-30T12:00:00Z,0.0,-64.572914,-61.63541,NaN
2022-07-31T12:00:00Z,0.0,-64.572914,-61.63541,NaN
2022-08-01T12:00:00Z,0.0,-64.572914,-61.63541,NaN
2022-08-02T12:00:00Z,0.0,-64.572914,-61.63541,NaN
2022-08-03T12:00:00Z,0.0,-64.572914,-61.63541,NaN
2022-08-04T12:00:00Z,0.0,-64.572914,-61.63541,NaN
2022-08-05T12:00:00Z,0.0,-64.572914,-61.63541,NaN
2022-08-06T12:00:00Z,0.0,-64.572914,-61.63541,NaN
2022-08-07T12:00:00Z,0.0,-64.572914,-61.63541,NaN
2022-08-08T12:00:00Z,0.0,-64.572914,-61.63541,NaN
2022-08-09T12:00:00Z,0.0,-64.572914,-61.63541,NaN
2022-08-10T12:00:00Z,0.0,-64.572914,-61.63541,NaN
2022-08-11T12:00:00Z,0.0,-64.572914,-61.63541,NaN
2022-08-12T12:00:00Z,0.0,-64.572914,-61.63541,NaN
2022-08-13T12:00:00Z,0.0,-64.572914,-61.63541,NaN
2022-08-14T12:00:00Z,0.0,-64.572914,-61.63541,NaN
2022-08-15T12:00:00Z,0.0,-64.572914,-61.63541,NaN
2022-08-16T12:00:00Z,0.0,-64.572914,-61.63541,NaN
2022-08-17T12:00:00Z,0.0,-64.572914,-61.63541,NaN
2022-08-18T12:00:00Z,0.0,-64.572914,-61.63541,NaN
2022-08-19T12:00:00Z,0.0,-64.572914,-61.63541,NaN
2022-08-20T12:00:00Z,0.0,-64.572914,-61.63541,NaN
2022-08-21T12:00:00Z,0.0,-64.572914,-61.63541,NaN
2022-08-22T12:00:00Z,0.0,-64.572914,-61.63541,NaN
2022-08-23T12:00:00Z,0.0,-64.572914,-61.63541,NaN
2022-08-24T12:00:00Z,0.0,-64.572914,-61.63541,NaN
2022-08-25T12:00:00Z,0.0,-64.572914,-61.63541,NaN
2022-08-26T12:00:00Z,0.0,-64.572914,-61.63541,NaN
2022-08-27T12:00:00Z,0.0,-64.572914,-61.63541,NaN
2022-08-28T12:00:00Z,0.0,-64.572914,-61.63541,NaN
2022-08-29T12:00:00Z,0.0,-64.572914,-61.63541,NaN
2022-08-30T12:00:00Z,0.0,-64.572914,-61.63541,NaN
2022-08-31T12:00:00Z,0.0,-64.572914,-61.63541,NaN
2022-09-01T12:00:00Z,0.0,-64.572914,-61.63541,NaN
2022-09-02T12:00:00Z,0.0,-64.572914,-61.63541,NaN
2022-09-03T12:00:00Z,0.0,-64.572914,-61.63541,NaN
2022-09-04T12:00:00Z,0.0,-64.572914,-61.63541,NaN
2022-09-05T12:00:00Z,0.0,-64.572914,-61.63541,NaN
2022-09-06T12:00:00Z,0.0,-64.572914,-61.63541,NaN
2022-09-07T12:00:00Z,0.0,-64.572914,-61.63541,NaN
2022-09-08T12:00:00Z,0.0,-64.572914,-61.63541,NaN
2022-09-09T12:00:00Z,0.0,-64.572914,-61.63541,NaN
2022-09-10T12:00:00Z,0.0,-64.572914,-61.63541,NaN
2022-09-11T12:00:00Z,0.0,-64.572914,-61.63541,NaN
2022-09-12T12:00:00Z,0.0,-64.572914,-61.63541,NaN
2022-09-13T12:00:00Z,0.0,-64.572914,-61.63541,NaN
2022-09-14T12:00:00Z,0.0,-64.572914,-61.63541,NaN
2022-09-15T12:00:00Z,0.0,-64.572914,-61.63541,NaN
2022-09-16T12:00:00Z,0.0,-64.572914,-61.63541,NaN
2022-09-17T12:00:00Z,0.0,-64.572914,-61.63541,NaN
2022-09-18T12:00:00Z,0.0,-64.572914,-61.63541,NaN
2022-09-19T12:00:00Z,0.0,-64.572914,-61.63541,NaN
2022-09-20T12:00:00Z,0.0,-64.572914,-61.63541,NaN
2022-09-21T12:00:00Z,0.0,-64.572914,-61.63541,NaN
2022-09-22T12:00:00Z,0.0,-64.572914,-61.63541,NaN
2022-09-23T12:00:00Z,0.0,-64.572914,-61.63541,NaN
2022-09-24T12:00:00Z,0.0,-64.572914,-61.63541,NaN
2022-09-25T12:00:00Z,0.0,-64.572914,-61.63541,NaN
2022-09-26T12:00:00Z,0.0,-64.572914,-61.63541,NaN
2022-09-27T12:00:00Z,0.0,-64.572914,-61.63541,NaN
2022-09-28T12:00:00Z,0.0,-64.572914,-61.63541,NaN
2022-09-29T12:00:00Z,0.0,-64.572914,-61.63541,NaN
2022-09-30T12:00:00Z,0.0,-64.572914,-61.63541,NaN
2022-10-01T12:00:00Z,0.0,-64.572914,-61.63541,NaN
2022-10-02T12:00:00Z,0.0,-64.572914,-61.63541,NaN
2022-10-03T12:00:00Z,0.0,-64.572914,-61.63541,NaN
2022-10-04T12:00:00Z,0.0,-64.572914,-61.63541,NaN
2022-10-05T12:00:00Z,0.0,-64.572914,-61.63541,NaN
2022-10-06T12:00:00Z,0.0,-64.572914,-61.63541,NaN
2022-10-07T12:00:00Z,0.0,-64.572914,-61.63541,NaN
2022-10-08T12:00:00Z,0.0,-64.572914,-61.63541,NaN
2022-10-09T12:00:00Z,0.0,-64.572914,-61.63541,NaN
2022-10-10T12:00:00Z,0.0,-64.572914,-61.63541,NaN
2022-10-11T12:00:00Z,0.0,-64.572914,-61.63541,NaN
2022-10-12T12:00:00Z,0.0,-64.572914,-61.63541,NaN
2022-10-13T12:00:00Z,0.0,-64.572914,-61.63541,NaN
2022-10-14T12:00:00Z,0.0,-64.572914,-61.63541,NaN
2022-10-15T12:00:00Z,0.0,-64.572914,-61.63541,NaN
2022-10-16T12:00:00Z,0.0,-64.572914,-61.63541,NaN
2022-10-17T12:00:00Z,0.0,-64.572914,-61.63541,NaN
2022-10-18T12:00:00Z,0.0,-64.572914,-61.63541,NaN
2022-10-19T12:00:00Z,0.0,-64.572914,-61.63541,NaN
2022-10-20T12:00:00Z,0.0,-64.572914,-61.63541,0.031229306
2022-10-21T12:00:00Z,0.0,-64.572914,-61.63541,0.027584167
2022-10-22T12:00:00Z,0.0,-64.572914,-61.63541,0.033196807
2022-10-23T12:00:00Z,0.0,-64.572914,-61.63541,0.038699344
2022-10-24T12:00:00Z,0.0,-64.572914,-61.63541,0.033272296
2022-10-25T12:00:00Z,0.0,-64.572914,-61.63541,0.031507805
2022-10-26T12:00:00Z,0.0,-64.572914,-61.63541,0.041939806
2022-10-27T12:00:00Z,0.0,-64.572914,-61.63541,0.10553985
2022-10-28T12:00:00Z,0.0,-64.572914,-61.63541,0.046119604
2022-10-29T12:00:00Z,0.0,-64.572914,-61.63541,0.026497185
2022-10-30T12:00:00Z,0.0,-64.572914,-61.63541,0.048932787
2022-10-31T12:00:00Z,0.0,-64.572914,-61.63541,0.049521215
2022-11-01T12:00:00Z,0.0,-64.572914,-61.63541,0.040182933
2022-11-02T12:00:00Z,0.0,-64.572914,-61.63541,0.033790585
2022-11-03T12:00:00Z,0.0,-64.572914,-61.63541,0.0592053
2022-11-04T12:00:00Z,0.0,-64.572914,-61.63541,0.059171945
2022-11-05T12:00:00Z,0.0,-64.572914,-61.63541,0.053526208
2022-11-06T12:00:00Z,0.0,-64.572914,-61.63541,0.049975295
2022-11-07T12:00:00Z,0.0,-64.572914,-61.63541,0.05008967
2022-11-08T12:00:00Z,0.0,-64.572914,-61.63541,0.04250254
2022-11-09T12:00:00Z,0.0,-64.572914,-61.63541,0.027881987
2022-11-10T12:00:00Z,0.0,-64.572914,-61.63541,0.058965098
2022-11-11T12:00:00Z,0.0,-64.572914,-61.63541,0.059345633
2022-11-12T12:00:00Z,0.0,-64.572914,-61.63541,0.064531334
2022-11-13T12:00:00Z,0.0,-64.572914,-61.63541,0.14771695
2022-11-14T12:00:00Z,0.0,-64.572914,-61.63541,0.041677814
2022-11-15T12:00:00Z,0.0,-64.572914,-61.63541,0.048481934
2022-11-16T12:00:00Z,0.0,-64.572914,-61.63541,0.08752183
2022-11-17T12:00:00Z,0.0,-64.572914,-61.63541,0.059938073
2022-11-18T12:00:00Z,0.0,-64.572914,-61.63541,0.11530214
2022-11-19T12:00:00Z,0.0,-64.572914,-61.63541,0.12812096
2022-11-20T12:00:00Z,0.0,-64.572914,-61.63541,0.1115268
2022-11-21T12:00:00Z,0.0,-64.572914,-61.63541,0.060875393
2022-11-22T12:00:00Z,0.0,-64.572914,-61.63541,0.07057324
2022-11-23T12:00:00Z,0.0,-64.572914,-61.63541,0.06577555
2022-11-24T12:00:00Z,0.0,-64.572914,-61.63541,0.048819255
2022-11-25T12:00:00Z,0.0,-64.572914,-61.63541,0.057673816
2022-11-26T12:00:00Z,0.0,-64.572914,-61.63541,0.05537234
2022-11-27T12:00:00Z,0.0,-64.572914,-61.63541,0.052492518
2022-11-28T12:00:00Z,0.0,-64.572914,-61.63541,0.0269706
2022-11-29T12:00:00Z,0.0,-64.572914,-61.63541,0.015796669
2022-11-30T12:00:00Z,0.0,-64.572914,-61.63541,0.015769823
2022-12-01T12:00:00Z,0.0,-64.572914,-61.63541,0.013875688
2022-12-02T12:00:00Z,0.0,-64.572914,-61.63541,0.010637194
2022-12-03T12:00:00Z,0.0,-64.572914,-61.63541,0.01529879
2022-12-04T12:00:00Z,0.0,-64.572914,-61.63541,0.034902506
2022-12-05T12:00:00Z,0.0,-64.572914,-61.63541,0.024255961
2022-12-06T12:00:00Z,0.0,-64.572914,-61.63541,0.021728072
2022-12-07T12:00:00Z,0.0,-64.572914,-61.63541,0.045017164
2022-12-08T12:00:00Z,0.0,-64.572914,-61.63541,0.04901838
2022-12-09T12:00:00Z,0.0,-64.572914,-61.63541,0.047772292
2022-12-10T12:00:00Z,0.0,-64.572914,-61.63541,0.066903986
2022-12-11T12:00:00Z,0.0,-64.572914,-61.63541,0.08214511
2022-12-12T12:00:00Z,0.0,-64.572914,-61.63541,0.0809235
2022-12-13T12:00:00Z,0.0,-64.572914,-61.63541,0.0644718
2022-12-14T12:00:00Z,0.0,-64.572914,-61.63541,0.06424102
2022-12-15T12:00:00Z,0.0,-64.572914,-61.63541,0.06743393
2022-12-16T12:00:00Z,0.0,-64.572914,-61.63541,0.06628529
2022-12-17T12:00:00Z,0.0,-64.572914,-61.63541,0.07220759
2022-12-18T12:00:00Z,0.0,-64.572914,-61.63541,0.068252385
2022-12-19T12:00:00Z,0.0,-64.572914,-61.63541,0.088858366
2022-12-20T12:00:00Z,0.0,-64.572914,-61.63541,0.0723938
2022-12-21T12:00:00Z,0.0,-64.572914,-61.63541,0.053184036
2022-12-22T12:00:00Z,0.0,-64.572914,-61.63541,0.04167913
2022-12-23T12:00:00Z,0.0,-64.572914,-61.63541,0.06283539
2022-12-24T12:00:00Z,0.0,-64.572914,-61.63541,0.05995243
2022-12-25T12:00:00Z,0.0,-64.572914,-61.63541,0.066876546
2022-12-26T12:00:00Z,0.0,-64.572914,-61.63541,0.072417416
2022-12-27T12:00:00Z,0.0,-64.572914,-61.63541,0.07674448
2022-12-28T12:00:00Z,0.0,-64.572914,-61.63541,0.06761018
2022-12-29T12:00:00Z,0.0,-64.572914,-61.63541,0.056251436
2022-12-30T12:00:00Z,0.0,-64.572914,-61.63541,0.055638544
2022-12-31T12:00:00Z,0.0,-64.572914,-61.63541,0.054967634
2023-01-01T12:00:00Z,0.0,-64.572914,-61.63541,0.05745291
2023-01-02T12:00:00Z,0.0,-64.572914,-61.63541,0.06446724
2023-01-03T12:00:00Z,0.0,-64.572914,-61.63541,0.070567295
2023-01-04T12:00:00Z,0.0,-64.572914,-61.63541,0.067259
2023-01-05T12:00:00Z,0.0,-64.572914,-61.63541,0.069813505
2023-01-06T12:00:00Z,0.0,-64.572914,-61.63541,0.07788547
2023-01-07T12:00:00Z,0.0,-64.572914,-61.63541,0.07231795
2023-01-08T12:00:00Z,0.0,-64.572914,-61.63541,0.07898621
2023-01-09T12:00:00Z,0.0,-64.572914,-61.63541,0.0755901
2023-01-10T12:00:00Z,0.0,-64.572914,-61.63541,0.08543343
2023-01-11T12:00:00Z,0.0,-64.572914,-61.63541,0.09679417
2023-01-12T12:00:00Z,0.0,-64.572914,-61.63541,0.08955982
2023-01-13T12:00:00Z,0.0,-64.572914,-61.63541,0.09734064
2023-01-14T12:00:00Z,0.0,-64.572914,-61.63541,0.109148175
2023-01-15T12:00:00Z,0.0,-64.572914,-61.63541,0.09820572
2023-01-16T12:00:00Z,0.0,-64.572914,-61.63541,0.112762816
2023-01-17T12:00:00Z,0.0,-64.572914,-61.63541,0.10471903
2023-01-18T12:00:00Z,0.0,-64.572914,-61.63541,0.10859218
2023-01-19T12:00:00Z,0.0,-64.572914,-61.63541,0.13775383
2023-01-20T12:00:00Z,0.0,-64.572914,-61.63541,0.16212806
2023-01-21T12:00:00Z,0.0,-64.572914,-61.63541,0.16435227
2023-01-22T12:00:00Z,0.0,-64.572914,-61.63541,0.18217814
2023-01-23T12:00:00Z,0.0,-64.572914,-61.63541,0.18950883
2023-01-24T12:00:00Z,0.0,-64.572914,-61.63541,0.18876727
2023-01-25T12:00:00Z,0.0,-64.572914,-61.63541,0.16986474
2023-01-26T12:00:00Z,0.0,-64.572914,-61.63541,0.1494256
2023-01-27T12:00:00Z,0.0,-64.572914,-61.63541,0.13923022
2023-01-28T12:00:00Z,0.0,-64.572914,-61.63541,0.10164704
2023-01-29T12:00:00Z,0.0,-64.572914,-61.63541,0.101375565
2023-01-30T12:00:00Z,0.0,-64.572914,-61.63541,0.09605564
2023-01-31T12:00:00Z,0.0,-64.572914,-61.63541,0.10008436
2023-02-01T12:00:00Z,0.0,-64.572914,-61.63541,0.091535546
2023-02-02T12:00:00Z,0.0,-64.572914,-61.63541,0.10795223
2023-02-03T12:00:00Z,0.0,-64.572914,-61.63541,0.12943287
2023-02-04T12:00:00Z,0.0,-64.572914,-61.63541,0.1334412
2023-02-05T12:00:00Z,0.0,-64.572914,-61.63541,0.09922173
2023-02-06T12:00:00Z,0.0,-64.572914,-61.63541,0.10086823
2023-02-07T12:00:00Z,0.0,-64.572914,-61.63541,0.10252251
2023-02-08T12:00:00Z,0.0,-64.572914,-61.63541,0.11048067
2023-02-09T12:00:00Z,0.0,-64.572914,-61.63541,0.09923733
2023-02-10T12:00:00Z,0.0,-64.572914,-61.63541,0.09381633
2023-02-11T12:00:00Z,0.0,-64.572914,-61.63541,0.09696678
2023-02-12T12:00:00Z,0.0,-64.572914,-61.63541,0.09446271
2023-02-13T12:00:00Z,0.0,-64.572914,-61.63541,0.09657888
2023-02-14T12:00:00Z,0.0,-64.572914,-61.63541,0.0996271
2023-02-15T12:00:00Z,0.0,-64.572914,-61.63541,0.123842485
2023-02-16T12:00:00Z,0.0,-64.572914,-61.63541,0.10885388
2023-02-17T12:00:00Z,0.0,-64.572914,-61.63541,0.106706604
2023-02-18T12:00:00Z,0.0,-64.572914,-61.63541,0.10466363
2023-02-19T12:00:00Z,0.0,-64.572914,-61.63541,0.098423086
2023-02-20T12:00:00Z,0.0,-64.572914,-61.63541,0.10290377
2023-02-21T12:00:00Z,0.0,-64.572914,-61.63541,0.09795355
2023-02-22T12:00:00Z,0.0,-64.572914,-61.63541,0.10077843
2023-02-23T12:00:00Z,0.0,-64.572914,-61.63541,0.09379221
2023-02-24T12:00:00Z,0.0,-64.572914,-61.63541,0.11054476
2023-02-25T12:00:00Z,0.0,-64.572914,-61.63541,0.10165233
2023-02-26T12:00:00Z,0.0,-64.572914,-61.63541,0.10416549
2023-02-27T12:00:00Z,0.0,-64.572914,-61.63541,0.1022805
2023-02-28T12:00:00Z,0.0,-64.572914,-61.63541,0.10301679
2023-03-01T12:00:00Z,0.0,-64.572914,-61.63541,0.098806545
2023-03-02T12:00:00Z,0.0,-64.572914,-61.63541,0.101617165
2023-03-03T12:00:00Z,0.0,-64.572914,-61.63541,0.10255811
2023-03-04T12:00:00Z,0.0,-64.572914,-61.63541,0.10474282
2023-03-05T12:00:00Z,0.0,-64.572914,-61.63541,0.104647025
2023-03-06T12:00:00Z,0.0,-64.572914,-61.63541,0.105313316
2023-03-07T12:00:00Z,0.0,-64.572914,-61.63541,0.10751971
2023-03-08T12:00:00Z,0.0,-64.572914,-61.63541,0.10608718
2023-03-09T12:00:00Z,0.0,-64.572914,-61.63541,0.113940306
2023-03-10T12:00:00Z,0.0,-64.572914,-61.63541,0.11446408
2023-03-11T12:00:00Z,0.0,-64.572914,-61.63541,0.11837364
2023-03-12T12:00:00Z,0.0,-64.572914,-61.63541,0.11484367
2023-03-13T12:00:00Z,0.0,-64.572914,-61.63541,0.11750622
2023-03-14T12:00:00Z,0.0,-64.572914,-61.63541,0.12269086
2023-03-15T12:00:00Z,0.0,-64.572914,-61.63541,NaN
2023-03-16T12:00:00Z,0.0,-64.572914,-61.63541,NaN
2023-03-17T12:00:00Z,0.0,-64.572914,-61.63541,NaN
2023-03-18T12:00:00Z,0.0,-64.572914,-61.63541,NaN
2023-03-19T12:00:00Z,0.0,-64.572914,-61.63541,NaN
2023-03-20T12:00:00Z,0.0,-64.572914,-61.63541,NaN
2023-03-21T12:00:00Z,0.0,-64.572914,-61.63541,NaN
2023-03-22T12:00:00Z,0.0,-64.572914,-61.63541,NaN
2023-03-23T12:00:00Z,0.0,-64.572914,-61.63541,NaN
2023-03-24T12:00:00Z,0.0,-64.572914,-61.63541,NaN
2023-03-25T12:00:00Z,0.0,-64.572914,-61.63541,NaN
2023-03-26T12:00:00Z,0.0,-64.572914,-61.63541,NaN
2023-03-27T12:00:00Z,0.0,-64.572914,-61.63541,NaN
2023-03-28T12:00:00Z,0.0,-64.572914,-61.63541,NaN
2023-03-29T12:00:00Z,0.0,-64.572914,-61.63541,NaN
2023-03-30T12:00:00Z,0.0,-64.572914,-61.63541,NaN
2023-03-31T12:00:00Z,0.0,-64.572914,-61.63541,NaN
2023-04-01T12:00:00Z,0.0,-64.572914,-61.63541,NaN
2023-04-02T12:00:00Z,0.0,-64.572914,-61.63541,NaN
2023-04-03T12:00:00Z,0.0,-64.572914,-61.63541,NaN
2023-04-04T12:00:00Z,0.0,-64.572914,-61.63541,NaN
2023-04-05T12:00:00Z,0.0,-64.572914,-61.63541,NaN
2023-04-06T12:00:00Z,0.0,-64.572914,-61.63541,NaN
2023-04-07T12:00:00Z,0.0,-64.572914,-61.63541,NaN
2023-04-08T12:00:00Z,0.0,-64.572914,-61.63541,NaN
2023-04-09T12:00:00Z,0.0,-64.572914,-61.63541,NaN
2023-04-10T12:00:00Z,0.0,-64.572914,-61.63541,NaN
2023-04-11T12:00:00Z,0.0,-64.572914,-61.63541,NaN
2023-04-12T12:00:00Z,0.0,-64.572914,-61.63541,NaN
2023-04-13T12:00:00Z,0.0,-64.572914,-61.63541,NaN
2023-04-14T12:00:00Z,0.0,-64.572914,-61.63541,NaN
2023-04-15T12:00:00Z,0.0,-64.572914,-61.63541,NaN
2023-04-16T12:00:00Z,0.0,-64.572914,-61.63541,NaN
2023-04-17T12:00:00Z,0.0,-64.572914,-61.63541,NaN
2023-04-18T12:00:00Z,0.0,-64.572914,-61.63541,NaN
2023-04-19T12:00:00Z,0.0,-64.572914,-61.63541,NaN
2023-04-20T12:00:00Z,0.0,-64.572914,-61.63541,NaN
2023-04-21T12:00:00Z,0.0,-64.572914,-61.63541,NaN
2023-04-22T12:00:00Z,0.0,-64.572914,-61.63541,NaN
2023-04-23T12:00:00Z,0.0,-64.572914,-61.63541,NaN
2023-04-24T12:00:00Z,0.0,-64.572914,-61.63541,NaN
2023-04-25T12:00:00Z,0.0,-64.572914,-61.63541,NaN
2023-04-26T12:00:00Z,0.0,-64.572914,-61.63541,NaN
2023-04-27T12:00:00Z,0.0,-64.572914,-61.63541,NaN
2023-04-28T12:00:00Z,0.0,-64.572914,-61.63541,NaN
2023-04-29T12:00:00Z,0.0,-64.572914,-61.63541,NaN
2023-04-30T12:00:00Z,0.0,-64.572914,-61.63541,NaN
2023-05-01T12:00:00Z,0.0,-64.572914,-61.63541,NaN
2023-05-02T12:00:00Z,0.0,-64.572914,-61.63541,NaN
2023-05-03T12:00:00Z,0.0,-64.572914,-61.63541,NaN
2023-05-04T12:00:00Z,0.0,-64.572914,-61.63541,NaN
2023-05-05T12:00:00Z,0.0,-64.572914,-61.63541,NaN
2023-05-06T12:00:00Z,0.0,-64.572914,-61.63541,NaN
2023-05-07T12:00:00Z,0.0,-64.572914,-61.63541,NaN
2023-05-08T12:00:00Z,0.0,-64.572914,-61.63541,NaN
2023-05-09T12:00:00Z,0.0,-64.572914,-61.63541,NaN
2023-05-10T12:00:00Z,0.0,-64.572914,-61.63541,NaN
2023-05-11T12:00:00Z,0.0,-64.572914,-61.63541,NaN
2023-05-12T12:00:00Z,0.0,-64.572914,-61.63541,NaN
2023-05-13T12:00:00Z,0.0,-64.572914,-61.63541,NaN
2023-05-14T12:00:00Z,0.0,-64.572914,-61.63541,NaN
2023-05-15T12:00:00Z,0.0,-64.572914,-61.63541,NaN
2023-05-16T12:00:00Z,0.0,-64.572914,-61.63541,NaN
2023-05-17T12:00:00Z,0.0,-64.572914,-61.63541,NaN
2023-05-18T12:00:00Z,0.0,-64.572914,-61.63541,NaN
2023-05-19T12:00:00Z,0.0,-64.572914,-61.63541,NaN
2023-05-20T12:00:00Z,0.0,-64.572914,-61.63541,NaN
2023-05-21T12:00:00Z,0.0,-64.572914,-61.63541,NaN
2023-05-22T12:00:00Z,0.0,-64.572914,-61.63541,NaN
2023-05-23T12:00:00Z,0.0,-64.572914,-61.63541,NaN
2023-05-24T12:00:00Z,0.0,-64.572914,-61.63541,NaN
2023-05-25T12:00:00Z,0.0,-64.572914,-61.63541,NaN
2023-05-26T12:00:00Z,0.0,-64.572914,-61.63541,NaN
2023-05-27T12:00:00Z,0.0,-64.572914,-61.63541,NaN
2023-05-28T12:00:00Z,0.0,-64.572914,-61.63541,NaN
2023-05-29T12:00:00Z,0.0,-64.572914,-61.63541,NaN
2023-05-30T12:00:00Z,0.0,-64.572914,-61.63541,NaN
2023-05-31T12:00:00Z,0.0,-64.572914,-61.63541,NaN
2023-06-01T12:00:00Z,0.0,-64.572914,-61.63541,NaN
2023-06-02T12:00:00Z,0.0,-64.572914,-61.63541,NaN
2023-06-03T12:00:00Z,0.0,-64.572914,-61.63541,NaN
2023-06-04T12:00:00Z,0.0,-64.572914,-61.63541,NaN
2023-06-05T12:00:00Z,0.0,-64.572914,-61.63541,NaN
2023-06-06T12:00:00Z,0.0,-64.572914,-61.63541,NaN
2023-06-07T12:00:00Z,0.0,-64.572914,-61.63541,NaN
2023-06-08T12:00:00Z,0.0,-64.572914,-61.63541,NaN
2023-06-09T12:00:00Z,0.0,-64.572914,-61.63541,NaN
2023-06-10T12:00:00Z,0.0,-64.572914,-61.63541,NaN
2023-06-11T12:00:00Z,0.0,-64.572914,-61.63541,NaN
2023-06-12T12:00:00Z,0.0,-64.572914,-61.63541,NaN
2023-06-13T12:00:00Z,0.0,-64.572914,-61.63541,NaN
2023-06-14T12:00:00Z,0.0,-64.572914,-61.63541,NaN
2023-06-15T12:00:00Z,0.0,-64.572914,-61.63541,NaN
2023-06-16T12:00:00Z,0.0,-64.572914,-61.63541,NaN
2023-06-17T12:00:00Z,0.0,-64.572914,-61.63541,NaN
2023-06-18T12:00:00Z,0.0,-64.572914,-61.63541,NaN
2023-06-19T12:00:00Z,0.0,-64.572914,-61.63541,NaN
2023-06-20T12:00:00Z,0.0,-64.572914,-61.63541,NaN
2023-06-21T12:00:00Z,0.0,-64.572914,-61.63541,NaN
2023-06-22T12:00:00Z,0.0,-64.572914,-61.63541,NaN
2023-06-23T12:00:00Z,0.0,-64.572914,-61.63541,NaN
2023-06-24T12:00:00Z,0.0,-64.572914,-61.63541,NaN
2023-06-25T12:00:00Z,0.0,-64.572914,-61.63541,NaN
2023-06-26T12:00:00Z,0.0,-64.572914,-61.63541,NaN
2023-06-27T12:00:00Z,0.0,-64.572914,-61.63541,NaN
2023-06-28T12:00:00Z,0.0,-64.572914,-61.63541,NaN
2023-06-29T12:00:00Z,0.0,-64.572914,-61.63541,NaN
2023-06-30T12:00:00Z,0.0,-64.572914,-61.63541,NaN
2023-07-01T12:00:00Z,0.0,-64.572914,-61.63541,NaN
2023-07-02T12:00:00Z,0.0,-64.572914,-61.63541,NaN
2023-07-03T12:00:00Z,0.0,-64.572914,-61.63541,NaN
2023-07-04T12:00:00Z,0.0,-64.572914,-61.63541,NaN
2023-07-05T12:00:00Z,0.0,-64.572914,-61.63541,NaN
2023-07-06T12:00:00Z,0.0,-64.572914,-61.63541,NaN
2023-07-07T12:00:00Z,0.0,-64.572914,-61.63541,NaN
2023-07-08T12:00:00Z,0.0,-64.572914,-61.63541,NaN
2023-07-09T12:00:00Z,0.0,-64.572914,-61.63541,NaN
2023-07-10T12:00:00Z,0.0,-64.572914,-61.63541,NaN
2023-07-11T12:00:00Z,0.0,-64.572914,-61.63541,NaN
2023-07-12T12:00:00Z,0.0,-64.572914,-61.63541,NaN
2023-07-13T12:00:00Z,0.0,-64.572914,-61.63541,NaN
2023-07-14T12:00:00Z,0.0,-64.572914,-61.63541,NaN
2023-07-15T12:00:00Z,0.0,-64.572914,-61.63541,NaN
2023-07-16T12:00:00Z,0.0,-64.572914,-61.63541,NaN
2023-07-17T12:00:00Z,0.0,-64.572914,-61.63541,NaN
2023-07-18T12:00:00Z,0.0,-64.572914,-61.63541,NaN
2023-07-19T12:00:00Z,0.0,-64.572914,-61.63541,NaN
2023-07-20T12:00:00Z,0.0,-64.572914,-61.63541,NaN
2023-07-21T12:00:00Z,0.0,-64.572914,-61.63541,NaN
2023-07-22T12:00:00Z,0.0,-64.572914,-61.63541,NaN
2023-07-23T12:00:00Z,0.0,-64.572914,-61.63541,NaN
2023-07-24T12:00:00Z,0.0,-64.572914,-61.63541,NaN
2023-07-25T12:00:00Z,0.0,-64.572914,-61.63541,NaN
2023-07-26T12:00:00Z,0.0,-64.572914,-61.63541,NaN
2023-07-27T12:00:00Z,0.0,-64.572914,-61.63541,NaN
2023-07-28T12:00:00Z,0.0,-64.572914,-61.63541,NaN
2023-07-29T12:00:00Z,0.0,-64.572914,-61.63541,NaN
2023-07-30T12:00:00Z,0.0,-64.572914,-61.63541,NaN
2023-07-31T12:00:00Z,0.0,-64.572914,-61.63541,NaN
2023-08-01T12:00:00Z,0.0,-64.572914,-61.63541,NaN
2023-08-02T12:00:00Z,0.0,-64.572914,-61.63541,NaN
2023-08-03T12:00:00Z,0.0,-64.572914,-61.63541,NaN
2023-08-04T12:00:00Z,0.0,-64.572914,-61.63541,NaN
2023-08-05T12:00:00Z,0.0,-64.572914,-61.63541,NaN
2023-08-06T12:00:00Z,0.0,-64.572914,-61.63541,NaN
2023-08-07T12:00:00Z,0.0,-64.572914,-61.63541,NaN
2023-08-08T12:00:00Z,0.0,-64.572914,-61.63541,NaN
2023-08-09T12:00:00Z,0.0,-64.572914,-61.63541,NaN
2023-08-10T12:00:00Z,0.0,-64.572914,-61.63541,NaN
2023-08-11T12:00:00Z,0.0,-64.572914,-61.63541,NaN
2023-08-12T12:00:00Z,0.0,-64.572914,-61.63541,NaN
2023-08-13T12:00:00Z,0.0,-64.572914,-61.63541,NaN
2023-08-14T12:00:00Z,0.0,-64.572914,-61.63541,NaN
2023-08-15T12:00:00Z,0.0,-64.572914,-61.63541,NaN
2023-08-16T12:00:00Z,0.0,-64.572914,-61.63541,NaN
2023-08-17T12:00:00Z,0.0,-64.572914,-61.63541,NaN
2023-08-18T12:00:00Z,0.0,-64.572914,-61.63541,NaN
2023-08-19T12:00:00Z,0.0,-64.572914,-61.63541,NaN
2023-08-20T12:00:00Z,0.0,-64.572914,-61.63541,NaN
2023-08-21T12:00:00Z,0.0,-64.572914,-61.63541,NaN
2023-08-22T12:00:00Z,0.0,-64.572914,-61.63541,NaN
2023-08-23T12:00:00Z,0.0,-64.572914,-61.63541,NaN
2023-08-24T12:00:00Z,0.0,-64.572914,-61.63541,NaN
2023-08-25T12:00:00Z,0.0,-64.572914,-61.63541,NaN
2023-08-26T12:00:00Z,0.0,-64.572914,-61.63541,NaN
2023-08-27T12:00:00Z,0.0,-64.572914,-61.63541,NaN
2023-08-28T12:00:00Z,0.0,-64.572914,-61.63541,NaN
2023-08-29T12:00:00Z,0.0,-64.572914,-61.63541,NaN
2023-08-30T12:00:00Z,0.0,-64.572914,-61.63541,NaN
2023-08-31T12:00:00Z,0.0,-64.572914,-61.63541,NaN
2023-09-01T12:00:00Z,0.0,-64.572914,-61.63541,NaN
2023-09-02T12:00:00Z,0.0,-64.572914,-61.63541,NaN
2023-09-03T12:00:00Z,0.0,-64.572914,-61.63541,NaN
2023-09-04T12:00:00Z,0.0,-64.572914,-61.63541,NaN
2023-09-05T12:00:00Z,0.0,-64.572914,-61.63541,NaN
2023-09-06T12:00:00Z,0.0,-64.572914,-61.63541,NaN
2023-09-07T12:00:00Z,0.0,-64.572914,-61.63541,NaN
2023-09-08T12:00:00Z,0.0,-64.572914,-61.63541,NaN
2023-09-09T12:00:00Z,0.0,-64.572914,-61.63541,NaN
2023-09-10T12:00:00Z,0.0,-64.572914,-61.63541,NaN
2023-09-11T12:00:00Z,0.0,-64.572914,-61.63541,NaN
2023-09-12T12:00:00Z,0.0,-64.572914,-61.63541,NaN
2023-09-13T12:00:00Z,0.0,-64.572914,-61.63541,NaN
2023-09-14T12:00:00Z,0.0,-64.572914,-61.63541,NaN
2023-09-15T12:00:00Z,0.0,-64.572914,-61.63541,NaN
2023-09-16T12:00:00Z,0.0,-64.572914,-61.63541,NaN
2023-09-17T12:00:00Z,0.0,-64.572914,-61.63541,NaN
2023-09-18T12:00:00Z,0.0,-64.572914,-61.63541,NaN
2023-09-19T12:00:00Z,0.0,-64.572914,-61.63541,NaN
2023-09-20T12:00:00Z,0.0,-64.572914,-61.63541,NaN
2023-09-21T12:00:00Z,0.0,-64.572914,-61.63541,NaN
2023-09-22T12:00:00Z,0.0,-64.572914,-61.63541,NaN
2023-09-23T12:00:00Z,0.0,-64.572914,-61.63541,NaN
2023-09-24T12:00:00Z,0.0,-64.572914,-61.63541,NaN
2023-09-25T12:00:00Z,0.0,-64.572914,-61.63541,NaN
2023-09-26T12:00:00Z,0.0,-64.572914,-61.63541,NaN
2023-09-27T12:00:00Z,0.0,-64.572914,-61.63541,NaN
2023-09-28T12:00:00Z,0.0,-64.572914,-61.63541,NaN
2023-09-29T12:00:00Z,0.0,-64.572914,-61.63541,NaN
2023-09-30T12:00:00Z,0.0,-64.572914,-61.63541,NaN
2023-10-01T12:00:00Z,0.0,-64.572914,-61.63541,NaN
2023-10-02T12:00:00Z,0.0,-64.572914,-61.63541,NaN
2023-10-03T12:00:00Z,0.0,-64.572914,-61.63541,NaN
2023-10-04T12:00:00Z,0.0,-64.572914,-61.63541,NaN
2023-10-05T12:00:00Z,0.0,-64.572914,-61.63541,NaN
2023-10-06T12:00:00Z,0.0,-64.572914,-61.63541,NaN
2023-10-07T12:00:00Z,0.0,-64.572914,-61.63541,NaN
2023-10-08T12:00:00Z,0.0,-64.572914,-61.63541,NaN
2023-10-09T12:00:00Z,0.0,-64.572914,-61.63541,NaN
2023-10-10T12:00:00Z,0.0,-64.572914,-61.63541,NaN
2023-10-11T12:00:00Z,0.0,-64.572914,-61.63541,NaN
2023-10-12T12:00:00Z,0.0,-64.572914,-61.63541,NaN
2023-10-13T12:00:00Z,0.0,-64.572914,-61.63541,NaN
2023-10-14T12:00:00Z,0.0,-64.572914,-61.63541,NaN
2023-10-15T12:00:00Z,0.0,-64.572914,-61.63541,NaN
2023-10-16T12:00:00Z,0.0,-64.572914,-61.63541,NaN
2023-10-17T12:00:00Z,0.0,-64.572914,-61.63541,NaN
2023-10-18T12:00:00Z,0.0,-64.572914,-61.63541,NaN
2023-10-19T12:00:00Z,0.0,-64.572914,-61.63541,NaN
2023-10-20T12:00:00Z,0.0,-64.572914,-61.63541,0.15522173
2023-10-21T12:00:00Z,0.0,-64.572914,-61.63541,0.15517838
2023-10-22T12:00:00Z,0.0,-64.572914,-61.63541,0.15505195
2023-10-23T12:00:00Z,0.0,-64.572914,-61.63541,0.08017602
2023-10-24T12:00:00Z,0.0,-64.572914,-61.63541,0.07526891
2023-10-25T12:00:00Z,0.0,-64.572914,-61.63541,0.1558893
2023-10-26T12:00:00Z,0.0,-64.572914,-61.63541,0.15620899
2023-10-27T12:00:00Z,0.0,-64.572914,-61.63541,0.08481027
2023-10-28T12:00:00Z,0.0,-64.572914,-61.63541,0.04981422
2023-10-29T12:00:00Z,0.0,-64.572914,-61.63541,0.04906452
2023-10-30T12:00:00Z,0.0,-64.572914,-61.63541,0.043134645
2023-10-31T12:00:00Z,0.0,-64.572914,-61.63541,0.05398778
2023-11-01T12:00:00Z,0.0,-64.572914,-61.63541,0.042658746
2023-11-02T12:00:00Z,0.0,-64.572914,-61.63541,0.029223144
2023-11-03T12:00:00Z,0.0,-64.572914,-61.63541,0.046681352
2023-11-04T12:00:00Z,0.0,-64.572914,-61.63541,0.042665984
2023-11-05T12:00:00Z,0.0,-64.572914,-61.63541,0.029224224
2023-11-06T12:00:00Z,0.0,-64.572914,-61.63541,0.035551585
2023-11-07T12:00:00Z,0.0,-64.572914,-61.63541,0.040157337
2023-11-08T12:00:00Z,0.0,-64.572914,-61.63541,0.030139688
2023-11-09T12:00:00Z,0.0,-64.572914,-61.63541,0.040252563
2023-11-10T12:00:00Z,0.0,-64.572914,-61.63541,0.035987467
2023-11-11T12:00:00Z,0.0,-64.572914,-61.63541,0.073891796
2023-11-12T12:00:00Z,0.0,-64.572914,-61.63541,0.07174753
2023-11-13T12:00:00Z,0.0,-64.572914,-61.63541,0.038172368
2023-11-14T12:00:00Z,0.0,-64.572914,-61.63541,0.06667863
2023-11-15T12:00:00Z,0.0,-64.572914,-61.63541,0.032263815
2023-11-16T12:00:00Z,0.0,-64.572914,-61.63541,0.029014459
2023-11-17T12:00:00Z,0.0,-64.572914,-61.63541,0.030563975
2023-11-18T12:00:00Z,0.0,-64.572914,-61.63541,0.031086534
2023-11-19T12:00:00Z,0.0,-64.572914,-61.63541,0.041852634
2023-11-20T12:00:00Z,0.0,-64.572914,-61.63541,0.11712094
2023-11-21T12:00:00Z,0.0,-64.572914,-61.63541,0.084841095
2023-11-22T12:00:00Z,0.0,-64.572914,-61.63541,0.08507273
2023-11-23T12:00:00Z,0.0,-64.572914,-61.63541,0.09613658
2023-11-24T12:00:00Z,0.0,-64.572914,-61.63541,0.11633797
2023-11-25T12:00:00Z,0.0,-64.572914,-61.63541,0.09657341
2023-11-26T12:00:00Z,0.0,-64.572914,-61.63541,0.11741755
2023-11-27T12:00:00Z,0.0,-64.572914,-61.63541,0.12772527
2023-11-28T12:00:00Z,0.0,-64.572914,-61.63541,0.123424694
2023-11-29T12:00:00Z,0.0,-64.572914,-61.63541,0.1312865
2023-11-30T12:00:00Z,0.0,-64.572914,-61.63541,0.08217143
2023-12-02T12:00:00Z,0.0,-64.572914,-61.63541,0.094171815
2023-12-03T12:00:00Z,0.0,-64.572914,-61.63541,0.09707961
2023-12-04T12:00:00Z,0.0,-64.572914,-61.63541,0.07841063
2023-12-05T12:00:00Z,0.0,-64.572914,-61.63541,0.12611417
2023-12-06T12:00:00Z,0.0,-64.572914,-61.63541,0.14360245
2023-12-07T12:00:00Z,0.0,-64.572914,-61.63541,0.14557064
2023-12-08T12:00:00Z,0.0,-64.572914,-61.63541,0.13212118
2023-12-09T12:00:00Z,0.0,-64.572914,-61.63541,0.14871271
2023-12-10T12:00:00Z,0.0,-64.572914,-61.63541,0.19220647
2023-12-11T12:00:00Z,0.0,-64.572914,-61.63541,0.20938517
2023-12-12T12:00:00Z,0.0,-64.572914,-61.63541,0.23130354
2023-12-13T12:00:00Z,0.0,-64.572914,-61.63541,0.25393236
2023-12-14T12:00:00Z,0.0,-64.572914,-61.63541,0.24487661
2023-12-15T12:00:00Z,0.0,-64.572914,-61.63541,0.24242118
2023-12-16T12:00:00Z,0.0,-64.572914,-61.63541,0.23606229
2023-12-17T12:00:00Z,0.0,-64.572914,-61.63541,0.26131454
2023-12-18T12:00:00Z,0.0,-64.572914,-61.63541,0.27689674
2023-12-19T12:00:00Z,0.0,-64.572914,-61.63541,0.39944896
2023-12-20T12:00:00Z,0.0,-64.572914,-61.63541,0.36109504
2023-12-21T12:00:00Z,0.0,-64.572914,-61.63541,0.31347895
2023-12-22T12:00:00Z,0.0,-64.572914,-61.63541,0.31420088
2023-12-23T12:00:00Z,0.0,-64.572914,-61.63541,0.36128658
2023-12-25T12:00:00Z,0.0,-64.572914,-61.63541,0.29365984
2023-12-26T12:00:00Z,0.0,-64.572914,-61.63541,0.22146197
2023-12-27T12:00:00Z,0.0,-64.572914,-61.63541,0.2317483
2023-12-28T12:00:00Z,0.0,-64.572914,-61.63541,0.23145594
2023-12-29T12:00:00Z,0.0,-64.572914,-61.63541,0.24561004
2023-12-30T12:00:00Z,0.0,-64.572914,-61.63541,0.24106027
2023-12-31T12:00:00Z,0.0,-64.572914,-61.63541,0.23771589
