time,altitude,latitude,longitude,chlor_a
UTC,m,degrees_north,degrees_east,mg m^-3
2018-01-01T12:00:00Z,0.0,-64.739586,-62.614582,1.1082098
2018-01-02T12:00:00Z,0.0,-64.739586,-62.614582,1.297017
2018-01-03T12:00:00Z,0.0,-64.739586,-62.614582,1.411572
2018-01-04T12:00:00Z,0.0,-64.739586,-62.614582,1.5747617
2018-01-05T12:00:00Z,0.0,-64.739586,-62.614582,0.7758334
2018-01-06T12:00:00Z,0.0,-64.739586,-62.614582,0.6168881
2018-01-07T12:00:00Z,0.0,-64.739586,-62.614582,0.60691774
2018-01-08T12:00:00Z,0.0,-64.739586,-62.614582,0.5096027
2018-01-09T12:00:00Z,0.0,-64.739586,-62.614582,0.47824788
2018-01-10T12:00:00Z,0.0,-64.739586,-62.614582,0.45450363
2018-01-11T12:00:00Z,0.0,-64.739586,-62.614582,0.32681927
2018-01-12T12:00:00Z,0.0,-64.739586,-62.614582,0.42986077
2018-01-13T12:00:00Z,0.0,-64.739586,-62.614582,0.26202518
2018-01-14T12:00:00Z,0.0,-64.739586,-62.614582,0.23367548
2018-01-15T12:00:00Z,0.0,-64.739586,-62.614582,0.28446916
2018-01-16T12:00:00Z,0.0,-64.739586,-62.614582,0.31489474
2018-01-17T12:00:00Z,0.0,-64.739586,-62.614582,0.28720018
2018-01-18T12:00:00Z,0.0,-64.739586,-62.614582,0.29396585
2018-01-19T12:00:00Z,0.0,-64.739586,-62.614582,0.3116979
2018-01-20T12:00:00Z,0.0,-64.739586,-62.614582,0.21772937
2018-01-21T12:00:00Z,0.0,-64.739586,-62.614582,0.14234138
2018-01-22T12:00:00Z,0.0,-64.739586,-62.614582,0.120489605
2018-01-23T12:00:00Z,0.0,-64.739586,-62.614582,0.12408587
2018-01-24T12:00:00Z,0.0,-64.739586,-62.614582,0.10616687
2018-01-25T12:00:00Z,0.0,-64.739586,-62.614582,0.114072755
2018-01-26T12:00:00Z,0.0,-64.739586,-62.614582,0.13129848
2018-01-27T12:00:00Z,0.0,-64.739586,-62.614582,0.13033095
2018-01-28T12:00:00Z,0.0,-64.739586,-62.614582,0.11754204
2018-01-29T12:00:00Z,0.0,-64.739586,-62.614582,0.11884933
2018-01-30T12:00:00Z,0.0,-64.739586,-62.614582,0.12614217
2018-01-31T12:00:00Z,0.0,-64.739586,-62.614582,0.1838595
2018-02-01T12:00:00Z,0.0,-64.739586,-62.614582,0.19010843
2018-02-02T12:00:00Z,0.0,-64.739586,-62.614582,0.18468727
2018-02-03T12:00:00Z,0.0,-64.739586,-62.614582,0.1691951
2018-02-04T12:00:00Z,0.0,-64.739586,-62.614582,0.21606915
2018-02-05T12:00:00Z,0.0,-64.739586,-62.614582,0.2324647
2018-02-06T12:00:00Z,0.0,-64.739586,-62.614582,0.22830847
2018-02-07T12:00:00Z,0.0,-64.739586,-62.614582,0.25312334
2018-02-08T12:00:00Z,0.0,-64.739586,-62.614582,0.2565976
2018-02-09T12:00:00Z,0.0,-64.739586,-62.614582,0.34692818
2018-02-10T12:00:00Z,0.0,-64.739586,-62.614582,0.31857398
2018-02-11T12:00:00Z,0.0,-64.739586,-62.614582,0.30897278
2018-02-12T12:00:00Z,0.0,-64.739586,-62.614582,0.33428553
2018-02-13T12:00:00Z,0.0,-64.739586,-62.614582,0.356419
2018-02-14T12:00:00Z,0.0,-64.739586,-62.614582,0.4450872
2018-02-15T12:00:00Z,0.0,-64.739586,-62.614582,0.8917032
2018-02-16T12:00:00Z,0.0,-64.739586,-62.614582,0.7129351
2018-02-17T12:00:00Z,0.0,-64.739586,-62.614582,0.69778323
2018-02-18T12:00:00Z,0.0,-64.739586,-62.614582,0.5323885
2018-02-19T12:00:00Z,0.0,-64.739586,-62.614582,0.5687711
2018-02-20T12:00:00Z,0.0,-64.739586,-62.614582,0.66415066
2018-02-21T12:00:00Z,0.0,-64.739586,-62.614582,0.68262106
2018-02-22T12:00:00Z,0.0,-64.739586,-62.614582,0.54598343
2018-02-23T12:00:00Z,0.0,-64.739586,-62.614582,0.6110419
2018-02-24T12:00:00Z,0.0,-64.739586,-62.614582,0.6688521
2018-02-25T12:00:00Z,0.0,-64.739586,-62.614582,0.75689733
2018-02-26T12:00:00Z,0.0,-64.739586,-62.614582,0.7738444
2018-02-27T12:00:00Z,0.0,-64.739586,-62.614582,0.7038173
2018-02-28T12:00:00Z,0.0,-64.739586,-62.614582,0.6497609
2018-03-01T12:00:00Z,0.0,-64.739586,-62.614582,0.6921492
2018-03-02T12:00:00Z,0.0,-64.739586,-62.614582,0.7347528
2018-03-03T12:00:00Z,0.0,-64.739586,-62.614582,0.59932685
2018-03-04T12:00:00Z,0.0,-64.739586,-62.614582,0.48399788
2018-03-05T12:00:00Z,0.0,-64.739586,-62.614582,0.6116883
2018-03-06T12:00:00Z,0.0,-64.739586,-62.614582,0.23895422
2018-03-07T12:00:00Z,0.0,-64.739586,-62.614582,0.2574513
2018-03-08T12:00:00Z,0.0,-64.739586,-62.614582,0.2050481
2018-03-09T12:00:00Z,0.0,-64.739586,-62.614582,0.21244259
2018-03-10T12:00:00Z,0.0,-64.739586,-62.614582,0.2331887
2018-03-11T12:00:00Z,0.0,-64.739586,-62.614582,0.17275514
2018-03-12T12:00:00Z,0.0,-64.739586,-62.614582,0.110701166
2018-03-13T12:00:00Z,0.0,-64.739586,-62.614582,0.19632505
2018-03-14T12:00:00Z,0.0,-64.739586,-62.614582,NaN
2018-03-15T12:00:00Z,0.0,-64.739586,-62.614582,NaN
2018-03-16T12:00:00Z,0.0,-64.739586,-62.614582,NaN
2018-03-17T12:00:00Z,0.0,-64.739586,-62.614582,NaN
2018-03-18T12:00:00Z,0.0,-64.739586,-62.614582,NaN
2018-03-19T12:00:00Z,0.0,-64.739586,-62.614582,NaN
2018-03-20T12:00:00Z,0.0,-64.739586,-62.614582,NaN
2018-03-21T12:00:00Z,0.0,-64.739586,-62.614582,NaN
2018-03-22T12:00:00Z,0.0,-64.739586,-62.614582,NaN
2018-03-23T12:00:00Z,0.0,-64.739586,-62.614582,NaN
2018-03-24T12:00:00Z,0.0,-64.739586,-62.614582,NaN
2018-03-25T12:00:00Z,0.0,-64.739586,-62.614582,NaN
2018-03-26T12:00:00Z,0.0,-64.739586,-62.614582,NaN
2018-03-27T12:00:00Z,0.0,-64.739586,-62.614582,NaN
2018-03-28T12:00:00Z,0.0,-64.739586,-62.614582,NaN
2018-03-29T12:00:00Z,0.0,-64.739586,-62.614582,NaN
2018-03-30T12:00:00Z,0.0,-64.739586,-62.614582,NaN
2018-03-31T12:00:00Z,0.0,-64.739586,-62.614582,NaN
2018-04-01T12:00:00Z,0.0,-64.739586,-62.614582,NaN
2018-04-02T12:00:00Z,0.0,-64.739586,-62.614582,NaN
2018-04-03T12:00:00Z,0.0,-64.739586,-62.614582,NaN
2018-04-04T12:00:00Z,0.0,-64.739586,-62.614582,NaN
2018-04-05T12:00:00Z,0.0,-64.739586,-62.614582,NaN
2018-04-06T12:00:00Z,0.0,-64.739586,-62.614582,NaN
2018-04-07T12:00:00Z,0.0,-64.739586,-62.614582,NaN
2018-04-08T12:00:00Z,0.0,-64.739586,-62.614582,NaN
2018-04-09T12:00:00Z,0.0,-64.739586,-62.614582,NaN
2018-04-10T12:00:00Z,0.0,-64.739586,-62.614582,NaN
2018-04-11T12:00:00Z,0.0,-64.739586,-62.614582,NaN
2018-04-12T12:00:00Z,0.0,-64.739586,-62.614582,NaN
2018-04-13T12:00:00Z,0.0,-64.739586,-62.614582,NaN
2018-04-14T12:00:00Z,0.0,-64.739586,-62.614582,NaN
2018-04-15T12:00:00Z,0.0,-64.739586,-62.614582,NaN
2018-04-16T12:00:00Z,0.0,-64.739586,-62.614582,NaN
2018-04-17T12:00:00Z,0.0,-64.739586,-62.614582,NaN
2018-04-18T12:00:00Z,0.0,-64.739586,-62.614582,NaN
2018-04-19T12:00:00Z,0.0,-64.739586,-62.614582,NaN
2018-04-20T12:00:00Z,0.0,-64.739586,-62.614582,NaN
2018-04-21T12:00:00Z,0.0,-64.739586,-62.614582,NaN
2018-04-22T12:00:00Z,0.0,-64.739586,-62.614582,NaN
2018-04-23T12:00:00Z,0.0,-64.739586,-62.614582,NaN
2018-04-24T12:00:00Z,0.0,-64.739586,-62.614582,NaN
2018-04-25T12:00:00Z,0.0,-64.739586,-62.614582,NaN
2018-04-26T12:00:00Z,0.0,-64.739586,-62.614582,NaN
2018-04-27T12:00:00Z,0.0,-64.739586,-62.614582,NaN
2018-04-28T12:00:00Z,0.0,-64.739586,-62.614582,NaN
2018-04-29T12:00:00Z,0.0,-64.739586,-62.614582,NaN
2018-04-30T12:00:00Z,0.0,-64.739586,-62.614582,NaN
2018-05-01T12:00:00Z,0.0,-64.739586,-62.614582,NaN
2018-05-02T12:00:00Z,0.0,-64.739586,-62.614582,NaN
2018-05-03T12:00:00Z,0.0,-64.739586,-62.614582,NaN
2018-05-04T12:00:00Z,0.0,-64.739586,-62.614582,NaN
2018-05-05T12:00:00Z,0.0,-64.739586,-62.614582,NaN
2018-05-06T12:00:00Z,0.0,-64.739586,-62.614582,NaN
2018-05-07T12:00:00Z,0.0,-64.739586,-62.614582,NaN
2018-05-08T12:00:00Z,0.0,-64.739586,-62.614582,NaN
2018-05-09T12:00:00Z,0.0,-64.739586,-62.614582,NaN
2018-05-10T12:00:00Z,0.0,-64.739586,-62.614582,NaN
2018-05-11T12:00:00Z,0.0,-64.739586,-62.614582,NaN
2018-05-12T12:00:00Z,0.0,-64.739586,-62.614582,NaN
2018-05-13T12:00:00Z,0.0,-64.739586,-62.614582,NaN
2018-05-14T12:00:00Z,0.0,-64.739586,-62.614582,NaN
2018-05-15T12:00:00Z,0.0,-64.739586,-62.614582,NaN
2018-05-16T12:00:00Z,0.0,-64.739586,-62.614582,NaN
2018-05-17T12:00:00Z,0.0,-64.739586,-62.614582,NaN
2018-05-18T12:00:00Z,0.0,-64.739586,-62.614582,NaN
2018-05-19T12:00:00Z,0.0,-64.739586,-62.614582,NaN
2018-05-20T12:00:00Z,0.0,-64.739586,-62.614582,NaN
2018-05-21T12:00:00Z,0.0,-64.739586,-62.614582,NaN
2018-05-22T12:00:00Z,0.0,-64.739586,-62.614582,NaN
2018-05-23T12:00:00Z,0.0,-64.739586,-62.614582,NaN
2018-05-24T12:00:00Z,0.0,-64.739586,-62.614582,NaN
2018-05-25T12:00:00Z,0.0,-64.739586,-62.614582,NaN
2018-05-26T12:00:00Z,0.0,-64.739586,-62.614582,NaN
2018-05-27T12:00:00Z,0.0,-64.739586,-62.614582,NaN
2018-05-28T12:00:00Z,0.0,-64.739586,-62.614582,NaN
2018-05-29T12:00:00Z,0.0,-64.739586,-62.614582,NaN
2018-05-30T12:00:00Z,0.0,-64.739586,-62.614582,NaN
2018-05-31T12:00:00Z,0.0,-64.739586,-62.614582,NaN
2018-06-01T12:00:00Z,0.0,-64.739586,-62.614582,NaN
2018-06-02T12:00:00Z,0.0,-64.739586,-62.614582,NaN
2018-06-03T12:00:00Z,0.0,-64.739586,-62.614582,NaN
2018-06-04T12:00:00Z,0.0,-64.739586,-62.614582,NaN
2018-06-05T12:00:00Z,0.0,-64.739586,-62.614582,NaN
2018-06-06T12:00:00Z,0.0,-64.739586,-62.614582,NaN
2018-06-07T12:00:00Z,0.0,-64.739586,-62.614582,NaN
2018-06-08T12:00:00Z,0.0,-64.739586,-62.614582,NaN
2018-06-09T12:00:00Z,0.0,-64.739586,-62.614582,NaN
2018-06-10T12:00:00Z,0.0,-64.739586,-62.614582,NaN
2018-06-11T12:00:00Z,0.0,-64.739586,-62.614582,NaN
2018-06-12T12:00:00Z,0.0,-64.739586,-62.614582,NaN
2018-06-13T12:00:00Z,0.0,-64.739586,-62.614582,NaN
2018-06-14T12:00:00Z,0.0,-64.739586,-62.614582,NaN
2018-06-15T12:00:00Z,0.0,-64.739586,-62.614582,NaN
2018-06-16T12:00:00Z,0.0,-64.739586,-62.614582,NaN
2018-06-17T12:00:00Z,0.0,-64.739586,-62.614582,NaN
2018-06-18T12:00:00Z,0.0,-64.739586,-62.614582,NaN
2018-06-19T12:00:00Z,0.0,-64.739586,-62.614582,NaN
2018-06-20T12:00:00Z,0.0,-64.739586,-62.614582,NaN
2018-06-21T12:00:00Z,0.0,-64.739586,-62.614582,NaN
2018-06-22T12:00:00Z,0.0,-64.739586,-62.614582,NaN
2018-06-23T12:00:00Z,0.0,-64.739586,-62.614582,NaN
2018-06-24T12:00:00Z,0.0,-64.739586,-62.614582,NaN
2018-06-25T12:00:00Z,0.0,-64.739586,-62.614582,NaN
2018-06-26T12:00:00Z,0.0,-64.739586,-62.614582,NaN
2018-06-27T12:00:00Z,0.0,-64.739586,-62.614582,NaN
2018-06-28T12:00:00Z,0.0,-64.739586,-62.614582,NaN
2018-06-29T12:00:00Z,0.0,-64.739586,-62.614582,NaN
2018-06-30T12:00:00Z,0.0,-64.739586,-62.614582,NaN
2018-07-01T12:00:00Z,0.0,-64.739586,-62.614582,NaN
2018-07-02T12:00:00Z,0.0,-64.739586,-62.614582,NaN
2018-07-03T12:00:00Z,0.0,-64.739586,-62.614582,NaN
2018-07-04T12:00:00Z,0.0,-64.739586,-62.614582,NaN
2018-07-05T12:00:00Z,0.0,-64.739586,-62.614582,NaN
2018-07-06T12:00:00Z,0.0,-64.739586,-62.614582,NaN
2018-07-07T12:00:00Z,0.0,-64.739586,-62.614582,NaN
2018-07-08T12:00:00Z,0.0,-64.739586,-62.614582,NaN
2018-07-09T12:00:00Z,0.0,-64.739586,-62.614582,NaN
2018-07-10T12:00:00Z,0.0,-64.739586,-62.614582,NaN
2018-07-11T12:00:00Z,0.0,-64.739586,-62.614582,NaN
2018-07-12T12:00:00Z,0.0,-64.739586,-62.614582,NaN
2018-07-13T12:00:00Z,0.0,-64.739586,-62.614582,NaN
2018-07-14T12:00:00Z,0.0,-64.739586,-62.614582,NaN
2018-07-15T12:00:00Z,0.0,-64.739586,-62.614582,NaN
2018-07-16T12:00:00Z,0.0,-64.739586,-62.614582,NaN
2018-07-17T12:00:00Z,0.0,-64.739586,-62.614582,NaN
2018-07-18T12:00:00Z,0.0,-64.739586,-62.614582,NaN
2018-07-19T12:00:00Z,0.0,-64.739586,-62.614582,NaN
2018-07-20T12:00:00Z,0.0,-64.739586,-62.614582,NaN
2018-07-21T12:00:00Z,0.0,-64.739586,-62.614582,NaN
2018-07-22T12:00:00Z,0.0,-64.739586,-62.614582,NaN
2018-07-23T12:00:00Z,0.0,-64.739586,-62.614582,NaN
2018-07-24T12:00:00Z,0.0,-64.739586,-62.614582,NaN
2018-07-25T12:00:00Z,0.0,-64.739586,-62.614582,NaN
2018-07-26T12:00:00Z,0.0,-64.739586,-62.614582,NaN
2018-07-27T12:00:00Z,0.0,-64.739586,-62.614582,NaN
2018-07-28T12:00:00Z,0.0,-64.739586,-62.614582,NaN
2018-07-29T12:00:00Z,0.0,-64.739586,-62.614582,NaN
2018-07-30T12:00:00Z,0.0,-64.739586,-62.614582,NaN
2018-07-31T12:00:00Z,0.0,-64.739586,-62.614582,NaN
2018-08-01T12:00:00Z,0.0,-64.739586,-62.614582,NaN
2018-08-02T12:00:00Z,0.0,-64.739586,-62.614582,NaN
2018-08-03T12:00:00Z,0.0,-64.739586,-62.614582,NaN
2018-08-04T12:00:00Z,0.0,-64.739586,-62.614582,NaN
2018-08-05T12:00:00Z,0.0,-64.739586,-62.614582,NaN
2018-08-06T12:00:00Z,0.0,-64.739586,-62.614582,NaN
2018-08-07T12:00:00Z,0.0,-64.739586,-62.614582,NaN
2018-08-08T12:00:00Z,0.0,-64.739586,-62.614582,NaN
2018-08-09T12:00:00Z,0.0,-64.739586,-62.614582,NaN
2018-08-10T12:00:00Z,0.0,-64.739586,-62.614582,NaN
2018-08-11T12:00:00Z,0.0,-64.739586,-62.614582,NaN
2018-08-12T12:00:00Z,0.0,-64.739586,-62.614582,NaN
2018-08-13T12:00:00Z,0.0,-64.739586,-62.614582,NaN
2018-08-14T12:00:00Z,0.0,-64.739586,-62.614582,NaN
2018-08-15T12:00:00Z,0.0,-64.739586,-62.614582,NaN
2018-08-16T12:00:00Z,0.0,-64.739586,-62.614582,NaN
2018-08-17T12:00:00Z,0.0,-64.739586,-62.614582,NaN
2018-08-18T12:00:00Z,0.0,-64.739586,-62.614582,NaN
2018-08-19T12:00:00Z,0.0,-64.739586,-62.614582,NaN
2018-08-20T12:00:00Z,0.0,-64.739586,-62.614582,NaN
2018-08-21T12:00:00Z,0.0,-64.739586,-62.614582,NaN
2018-08-22T12:00:00Z,0.0,-64.739586,-62.614582,NaN
2018-08-23T12:00:00Z,0.0,-64.739586,-62.614582,NaN
2018-08-24T12:00:00Z,0.0,-64.739586,-62.614582,NaN
2018-08-25T12:00:00Z,0.0,-64.739586,-62.614582,NaN
2018-08-26T12:00:00Z,0.0,-64.739586,-62.614582,NaN
2018-08-27T12:00:00Z,0.0,-64.739586,-62.614582,NaN
2018-08-28T12:00:00Z,0.0,-64.739586,-62.614582,NaN
2018-08-29T12:00:00Z,0.0,-64.739586,-62.614582,NaN
2018-08-30T12:00:00Z,0.0,-64.739586,-62.614582,NaN
2018-08-31T12:00:00Z,0.0,-64.739586,-62.614582,NaN
2018-09-01T12:00:00Z,0.0,-64.739586,-62.614582,NaN
2018-09-02T12:00:00Z,0.0,-64.739586,-62.614582,NaN
2018-09-03T12:00:00Z,0.0,-64.739586,-62.614582,NaN
2018-09-04T12:00:00Z,0.0,-64.739586,-62.614582,NaN
2018-09-05T12:00:00Z,0.0,-64.739586,-62.614582,NaN
2018-09-06T12:00:00Z,0.0,-64.739586,-62.614582,NaN
2018-09-07T12:00:00Z,0.0,-64.739586,-62.614582,NaN
2018-09-08T12:00:00Z,0.0,-64.739586,-62.614582,NaN
2018-09-09T12:00:00Z,0.0,-64.739586,-62.614582,NaN
2018-09-10T12:00:00Z,0.0,-64.739586,-62.614582,NaN
2018-09-11T12:00:00Z,0.0,-64.739586,-62.614582,NaN
2018-09-12T12:00:00Z,0.0,-64.739586,-62.614582,NaN
2018-09-13T12:00:00Z,0.0,-64.739586,-62.614582,NaN
2018-09-14T12:00:00Z,0.0,-64.739586,-62.614582,NaN
2018-09-15T12:00:00Z,0.0,-64.739586,-62.614582,NaN
2018-09-16T12:00:00Z,0.0,-64.739586,-62.614582,NaN
2018-09-17T12:00:00Z,0.0,-64.739586,-62.614582,NaN
2018-09-18T12:00:00Z,0.0,-64.739586,-62.614582,NaN
2018-09-19T12:00:00Z,0.0,-64.739586,-62.614582,NaN
2018-09-20T12:00:00Z,0.0,-64.739586,-62.614582,NaN
2018-09-21T12:00:00Z,0.0,-64.739586,-62.614582,NaN
2018-09-22T12:00:00Z,0.0,-64.739586,-62.614582,NaN
2018-09-23T12:00:00Z,0.0,-64.739586,-62.614582,NaN
2018-09-24T12:00:00Z,0.0,-64.739586,-62.614582,NaN
2018-09-25T12:00:00Z,0.0,-64.739586,-62.614582,NaN
2018-09-26T12:00:00Z,0.0,-64.739586,-62.614582,NaN
2018-09-27T12:00:00Z,0.0,-64.739586,-62.614582,NaN
2018-09-28T12:00:00Z,0.0,-64.739586,-62.614582,NaN
2018-09-29T12:00:00Z,0.0,-64.739586,-62.614582,NaN
2018-09-30T12:00:00Z,0.0,-64.739586,-62.614582,NaN
2018-10-01T12:00:00Z,0.0,-64.739586,-62.614582,NaN
2018-10-02T12:00:00Z,0.0,-64.739586,-62.614582,NaN
2018-10-03T12:00:00Z,0.0,-64.739586,-62.614582,NaN
2018-10-04T12:00:00Z,0.0,-64.739586,-62.614582,NaN
2018-10-05T12:00:00Z,0.0,-64.739586,-62.614582,NaN
2018-10-06T12:00:00Z,0.0,-64.739586,-62.614582,NaN
2018-10-07T12:00:00Z,0.0,-64.739586,-62.614582,NaN
2018-10-08T12:00:00Z,0.0,-64.739586,-62.614582,NaN
2018-10-09T12:00:00Z,0.0,-64.739586,-62.614582,NaN
2018-10-10T12:00:00Z,0.0,-64.739586,-62.614582,NaN
2018-10-11T12:00:00Z,0.0,-64.739586,-62.614582,NaN
2018-10-12T12:00:00Z,0.0,-64.739586,-62.614582,NaN
2018-10-13T12:00:00Z,0.0,-64.739586,-62.614582,NaN
2018-10-14T12:00:00Z,0.0,-64.739586,-62.614582,NaN
2018-10-15T12:00:00Z,0.0,-64.739586,-62.614582,NaN
2018-10-16T12:00:00Z,0.0,-64.739586,-62.614582,NaN
2018-10-17T12:00:00Z,0.0,-64.739586,-62.614582,NaN
2018-10-18T12:00:00Z,0.0,-64.739586,-62.614582,NaN
2018-10-19T12:00:00Z,0.0,-64.739586,-62.614582,NaN
2018-10-20T12:00:00Z,0.0,-64.739586,-62.614582,NaN
2018-10-21T12:00:00Z,0.0,-64.739586,-62.614582,0.43632126
2018-10-22T12:00:00Z,0.0,-64.739586,-62.614582,0.12052126
2018-10-23T12:00:00Z,0.0,-64.739586,-62.614582,0.19082542
2018-10-24T12:00:00Z,0.0,-64.739586,-62.614582,0.17920505
2018-10-25T12:00:00Z,0.0,-64.739586,-62.614582,0.10990589
2018-10-26T12:00:00Z,0.0,-64.739586,-62.614582,0.07506422
2018-10-27T12:00:00Z,0.0,-64.739586,-62.614582,0.10510236
2018-10-28T12:00:00Z,0.0,-64.739586,-62.614582,0.14452583
2018-10-29T12:00:00Z,0.0,-64.739586,-62.614582,0.114860035
2018-10-30T12:00:00Z,0.0,-64.739586,-62.614582,0.07742483
2018-10-31T12:00:00Z,0.0,-64.739586,-62.614582,0.11070798
2018-11-01T12:00:00Z,0.0,-64.739586,-62.614582,0.1039345
2018-11-02T12:00:00Z,0.0,-64.739586,-62.614582,0.10756248
2018-11-03T12:00:00Z,0.0,-64.739586,-62.614582,0.10984094
2018-11-04T12:00:00Z,0.0,-64.739586,-62.614582,0.112189494
2018-11-05T12:00:00Z,0.0,-64.739586,-62.614582,0.10812088
2018-11-06T12:00:00Z,0.0,-64.739586,-62.614582,0.10579274
2018-11-07T12:00:00Z,0.0,-64.739586,-62.614582,0.107278526
2018-11-08T12:00:00Z,0.0,-64.739586,-62.614582,0.101422705
2018-11-09T12:00:00Z,0.0,-64.739586,-62.614582,0.088820435
2018-11-10T12:00:00Z,0.0,-64.739586,-62.614582,0.08235823
2018-11-11T12:00:00Z,0.0,-64.739586,-62.614582,0.07820892
2018-11-12T12:00:00Z,0.0,-64.739586,-62.614582,0.09908961
2018-11-13T12:00:00Z,0.0,-64.739586,-62.614582,0.088249
2018-11-14T12:00:00Z,0.0,-64.739586,-62.614582,0.08893262
2018-11-15T12:00:00Z,0.0,-64.739586,-62.614582,0.14172852
2018-11-16T12:00:00Z,0.0,-64.739586,-62.614582,0.16638297
2018-11-17T12:00:00Z,0.0,-64.739586,-62.614582,0.19259416
2018-11-18T12:00:00Z,0.0,-64.739586,-62.614582,0.21206486
2018-11-19T12:00:00Z,0.0,-64.739586,-62.614582,0.20825276
2018-11-20T12:00:00Z,0.0,-64.739586,-62.614582,0.20660253
2018-11-21T12:00:00Z,0.0,-64.739586,-62.614582,0.22626637
2018-11-22T12:00:00Z,0.0,-64.739586,-62.614582,0.24602446
2018-11-23T12:00:00Z,0.0,-64.739586,-62.614582,0.31995666
2018-11-24T12:00:00Z,0.0,-64.739586,-62.614582,0.32289407
2018-11-25T12:00:00Z,0.0,-64.739586,-62.614582,0.35672152
2018-11-26T12:00:00Z,0.0,-64.739586,-62.614582,0.506789
2018-11-27T12:00:00Z,0.0,-64.739586,-62.614582,0.29150873
2018-11-28T12:00:00Z,0.0,-64.739586,-62.614582,0.23996018
2018-11-29T12:00:00Z,0.0,-64.739586,-62.614582,0.25685444
2018-11-30T12:00:00Z,0.0,-64.739586,-62.614582,0.2609126
2018-12-01T12:00:00Z,0.0,-64.739586,-62.614582,0.26923674
2018-12-02T12:00:00Z,0.0,-64.739586,-62.614582,0.2628396
2018-12-03T12:00:00Z,0.0,-64.739586,-62.614582,0.17887199
2018-12-04T12:00:00Z,0.0,-64.739586,-62.614582,0.17685504
2018-12-05T12:00:00Z,0.0,-64.739586,-62.614582,0.24635234
2018-12-06T12:00:00Z,0.0,-64.739586,-62.614582,0.24902834
2018-12-07T12:00:00Z,0.0,-64.739586,-62.614582,0.2327599
2018-12-08T12:00:00Z,0.0,-64.739586,-62.614582,0.22880661
2018-12-09T12:00:00Z,0.0,-64.739586,-62.614582,0.2106179
2018-12-10T12:00:00Z,0.0,-64.739586,-62.614582,0.21506427
2018-12-11T12:00:00Z,0.0,-64.739586,-62.614582,0.17304833
2018-12-12T12:00:00Z,0.0,-64.739586,-62.614582,0.16652106
2018-12-13T12:00:00Z,0.0,-64.739586,-62.614582,0.16091138
2018-12-14T12:00:00Z,0.0,-64.739586,-62.614582,0.16028798
2018-12-15T12:00:00Z,0.0,-64.739586,-62.614582,0.15163665
2018-12-16T12:00:00Z,0.0,-64.739586,-62.614582,0.12454022
2018-12-17T12:00:00Z,0.0,-64.739586,-62.614582,0.15347168
2018-12-18T12:00:00Z,0.0,-64.739586,-62.614582,0.20191929
2018-12-19T12:00:00Z,0.0,-64.739586,-62.614582,0.21714887
2018-12-20T12:00:00Z,0.0,-64.739586,-62.614582,0.22071683
2018-12-21T12:00:00Z,0.0,-64.739586,-62.614582,0.22464445
2018-12-22T12:00:00Z,0.0,-64.739586,-62.614582,0.22761968
2018-12-23T12:00:00Z,0.0,-64.739586,-62.614582,0.22639433
2018-12-24T12:00:00Z,0.0,-64.739586,-62.614582,0.22625498
2018-12-25T12:00:00Z,0.0,-64.739586,-62.614582,0.22460023
2018-12-26T12:00:00Z,0.0,-64.739586,-62.614582,0.24099082
2018-12-27T12:00:00Z,0.0,-64.739586,-62.614582,0.26697898
2018-12-28T12:00:00Z,0.0,-64.739586,-62.614582,0.26896194
2018-12-29T12:00:00Z,0.0,-64.739586,-62.614582,0.25044703
2018-12-30T12:00:00Z,0.0,-64.739586,-62.614582,0.25192776
2018-12-31T12:00:00Z,0.0,-64.739586,-62.614582,0.2602929
2019-01-01T12:00:00Z,0.0,-64.739586,-62.614582,0.27129096
2019-01-02T12:00:00Z,0.0,-64.739586,-62.614582,0.27953276
2019-01-03T12:00:00Z,0.0,-64.739586,-62.614582,0.27319553
2019-01-04T12:00:00Z,0.0,-64.739586,-62.614582,0.32555607
2019-01-05T12:00:00Z,0.0,-64.739586,-62.614582,0.32563007
2019-01-06T12:00:00Z,0.0,-64.739586,-62.614582,0.28647235
2019-01-07T12:00:00Z,0.0,-64.739586,-62.614582,0.29928836
2019-01-08T12:00:00Z,0.0,-64.739586,-62.614582,0.30370724
2019-01-09T12:00:00Z,0.0,-64.739586,-62.614582,0.31621358
2019-01-10T12:00:00Z,0.0,-64.739586,-62.614582,0.24475336
2019-01-11T12:00:00Z,0.0,-64.739586,-62.614582,0.2512781
2019-01-12T12:00:00Z,0.0,-64.739586,-62.614582,0.2546659
2019-01-13T12:00:00Z,0.0,-64.739586,-62.614582,0.2684999
2019-01-14T12:00:00Z,0.0,-64.739586,-62.614582,0.26832178
2019-01-15T12:00:00Z,0.0,-64.739586,-62.614582,0.24530743
2019-01-16T12:00:00Z,0.0,-64.739586,-62.614582,0.27359727
2019-01-17T12:00:00Z,0.0,-64.739586,-62.614582,0.2899533
2019-01-18T12:00:00Z,0.0,-64.739586,-62.614582,0.29915038
2019-01-19T12:00:00Z,0.0,-64.739586,-62.614582,0.2955902
2019-01-20T12:00:00Z,0.0,-64.739586,-62.614582,0.29847252
2019-01-21T12:00:00Z,0.0,-64.739586,-62.614582,0.30118427
2019-01-22T12:00:00Z,0.0,-64.739586,-62.614582,0.30210817
2019-01-23T12:00:00Z,0.0,-64.739586,-62.614582,0.3074566
2019-01-24T12:00:00Z,0.0,-64.739586,-62.614582,0.30689946
2019-01-25T12:00:00Z,0.0,-64.739586,-62.614582,0.31571186
2019-01-26T12:00:00Z,0.0,-64.739586,-62.614582,0.27586776
2019-01-27T12:00:00Z,0.0,-64.739586,-62.614582,0.2770182
2019-01-28T12:00:00Z,0.0,-64.739586,-62.614582,0.2641549
2019-01-29T12:00:00Z,0.0,-64.739586,-62.614582,0.2671915
2019-01-30T12:00:00Z,0.0,-64.739586,-62.614582,0.27000245
2019-01-31T12:00:00Z,0.0,-64.739586,-62.614582,0.2644111
2019-02-01T12:00:00Z,0.0,-64.739586,-62.614582,0.21510653
2019-02-02T12:00:00Z,0.0,-64.739586,-62.614582,0.21352486
2019-02-03T12:00:00Z,0.0,-64.739586,-62.614582,0.20812523
2019-02-04T12:00:00Z,0.0,-64.739586,-62.614582,0.19856729
2019-02-05T12:00:00Z,0.0,-64.739586,-62.614582,0.17317064
2019-02-06T12:00:00Z,0.0,-64.739586,-62.614582,0.16642521
2019-02-07T12:00:00Z,0.0,-64.739586,-62.614582,0.16269507
2019-02-08T12:00:00Z,0.0,-64.739586,-62.614582,0.28114122
2019-02-09T12:00:00Z,0.0,-64.739586,-62.614582,0.27473912
2019-02-10T12:00:00Z,0.0,-64.739586,-62.614582,0.28241143
2019-02-11T12:00:00Z,0.0,-64.739586,-62.614582,0.28812763
2019-02-12T12:00:00Z,0.0,-64.739586,-62.614582,0.3092151
2019-02-13T12:00:00Z,0.0,-64.739586,-62.614582,0.31089154
2019-02-14T12:00:00Z,0.0,-64.739586,-62.614582,0.3113133
2019-02-15T12:00:00Z,0.0,-64.739586,-62.614582,0.44743645
2019-02-16T12:00:00Z,0.0,-64.739586,-62.614582,0.51768935
2019-02-17T12:00:00Z,0.0,-64.739586,-62.614582,0.4982642
2019-02-18T12:00:00Z,0.0,-64.739586,-62.614582,0.22026609
2019-02-19T12:00:00Z,0.0,-64.739586,-62.614582,0.21916556
2019-02-20T12:00:00Z,0.0,-64.739586,-62.614582,0.21640956
2019-02-21T12:00:00Z,0.0,-64.739586,-62.614582,0.19455437
2019-02-22T12:00:00Z,0.0,-64.739586,-62.614582,0.231631
2019-02-23T12:00:00Z,0.0,-64.739586,-62.614582,0.24752793
2019-02-24T12:00:00Z,0.0,-64.739586,-62.614582,0.22964637
2019-02-25T12:00:00Z,0.0,-64.739586,-62.614582,0.2136379
2019-02-26T12:00:00Z,0.0,-64.739586,-62.614582,0.20689172
2019-02-27T12:00:00Z,0.0,-64.739586,-62.614582,0.21206911
2019-02-28T12:00:00Z,0.0,-64.739586,-62.614582,0.21073149
2019-03-01T12:00:00Z,0.0,-64.739586,-62.614582,0.20664686
2019-03-02T12:00:00Z,0.0,-64.739586,-62.614582,0.17474635
2019-03-03T12:00:00Z,0.0,-64.739586,-62.614582,0.15424956
2019-03-04T12:00:00Z,0.0,-64.739586,-62.614582,0.15544441
2019-03-05T12:00:00Z,0.0,-64.739586,-62.614582,0.16714318
2019-03-06T12:00:00Z,0.0,-64.739586,-62.614582,0.16430864
2019-03-07T12:00:00Z,0.0,-64.739586,-62.614582,0.15916418
2019-03-08T12:00:00Z,0.0,-64.739586,-62.614582,0.15485013
2019-03-09T12:00:00Z,0.0,-64.739586,-62.614582,0.1554099
2019-03-10T12:00:00Z,0.0,-64.739586,-62.614582,0.17453566
2019-03-11T12:00:00Z,0.0,-64.739586,-62.614582,0.17540297
2019-03-12T12:00:00Z,0.0,-64.739586,-62.614582,0.17849797
2019-03-13T12:00:00Z,0.0,-64.739586,-62.614582,0.16927284
2019-03-14T12:00:00Z,0.0,-64.739586,-62.614582,NaN
2019-03-15T12:00:00Z,0.0,-64.739586,-62.614582,NaN
2019-03-16T12:00:00Z,0.0,-64.739586,-62.614582,NaN
2019-03-17T12:00:00Z,0.0,-64.739586,-62.614582,NaN
2019-03-18T12:00:00Z,0.0,-64.739586,-62.614582,NaN
2019-03-19T12:00:00Z,0.0,-64.739586,-62.614582,NaN
2019-03-20T12:00:00Z,0.0,-64.739586,-62.614582,NaN
2019-03-21T12:00:00Z,0.0,-64.739586,-62.614582,NaN
2019-03-22T12:00:00Z,0.0,-64.739586,-62.614582,NaN
2019-03-23T12:00:00Z,0.0,-64.739586,-62.614582,NaN
2019-03-24T12:00:00Z,0.0,-64.739586,-62.614582,NaN
2019-03-25T12:00:00Z,0.0,-64.739586,-62.614582,NaN
2019-03-26T12:00:00Z,0.0,-64.739586,-62.614582,NaN
2019-03-27T12:00:00Z,0.0,-64.739586,-62.614582,NaN
2019-03-28T12:00:00Z,0.0,-64.739586,-62.614582,NaN
2019-03-29T12:00:00Z,0.0,-64.739586,-62.614582,NaN
2019-03-30T12:00:00Z,0.0,-64.739586,-62.614582,NaN
2019-03-31T12:00:00Z,0.0,-64.739586,-62.614582,NaN
2019-04-01T12:00:00Z,0.0,-64.739586,-62.614582,NaN
2019-04-02T12:00:00Z,0.0,-64.739586,-62.614582,NaN
2019-04-03T12:00:00Z,0.0,-64.739586,-62.614582,NaN
2019-04-04T12:00:00Z,0.0,-64.739586,-62.614582,NaN
2019-04-05T12:00:00Z,0.0,-64.739586,-62.614582,NaN
2019-04-06T12:00:00Z,0.0,-64.739586,-62.614582,NaN
2019-04-07T12:00:00Z,0.0,-64.739586,-62.614582,NaN
2019-04-08T12:00:00Z,0.0,-64.739586,-62.614582,NaN
2019-04-09T12:00:00Z,0.0,-64.739586,-62.614582,NaN
2019-04-10T12:00:00Z,0.0,-64.739586,-62.614582,NaN
2019-04-11T12:00:00Z,0.0,-64.739586,-62.614582,NaN
2019-04-12T12:00:00Z,0.0,-64.739586,-62.614582,NaN
2019-04-13T12:00:00Z,0.0,-64.739586,-62.614582,NaN
2019-04-14T12:00:00Z,0.0,-64.739586,-62.614582,NaN
2019-04-15T12:00:00Z,0.0,-64.739586,-62.614582,NaN
2019-04-16T12:00:00Z,0.0,-64.739586,-62.614582,NaN
2019-04-17T12:00:00Z,0.0,-64.739586,-62.614582,NaN
2019-04-18T12:00:00Z,0.0,-64.739586,-62.614582,NaN
2019-04-19T12:00:00Z,0.0,-64.739586,-62.614582,NaN
2019-04-20T12:00:00Z,0.0,-64.739586,-62.614582,NaN
2019-04-21T12:00:00Z,0.0,-64.739586,-62.614582,NaN
2019-04-22T12:00:00Z,0.0,-64.739586,-62.614582,NaN
2019-04-23T12:00:00Z,0.0,-64.739586,-62.614582,NaN
2019-04-24T12:00:00Z,0.0,-64.739586,-62.614582,NaN
2019-04-25T12:00:00Z,0.0,-64.739586,-62.614582,NaN
2019-04-26T12:00:00Z,0.0,-64.739586,-62.614582,NaN
2019-04-27T12:00:00Z,0.0,-64.739586,-62.614582,NaN
2019-04-28T12:00:00Z,0.0,-64.739586,-62.614582,NaN
2019-04-29T12:00:00Z,0.0,-64.739586,-62.614582,NaN
2019-04-30T12:00:00Z,0.0,-64.739586,-62.614582,NaN
2019-05-01T12:00:00Z,0.0,-64.739586,-62.614582,NaN
2019-05-02T12:00:00Z,0.0,-64.739586,-62.614582,NaN
2019-05-03T12:00:00Z,0.0,-64.739586,-62.614582,NaN
2019-05-04T12:00:00Z,0.0,-64.739586,-62.614582,NaN
2019-05-05T12:00:00Z,0.0,-64.739586,-62.614582,NaN
2019-05-06T12:00:00Z,0.0,-64.739586,-62.614582,NaN
2019-05-07T12:00:00Z,0.0,-64.739586,-62.614582,NaN
2019-05-08T12:00:00Z,0.0,-64.739586,-62.614582,NaN
2019-05-09T12:00:00Z,0.0,-64.739586,-62.614582,NaN
2019-05-10T12:00:00Z,0.0,-64.739586,-62.614582,NaN
2019-05-11T12:00:00Z,0.0,-64.739586,-62.614582,NaN
2019-05-12T12:00:00Z,0.0,-64.739586,-62.614582,NaN
2019-05-13T12:00:00Z,0.0,-64.739586,-62.614582,NaN
2019-05-14T12:00:00Z,0.0,-64.739586,-62.614582,NaN
2019-05-15T12:00:00Z,0.0,-64.739586,-62.614582,NaN
2019-05-16T12:00:00Z,0.0,-64.739586,-62.614582,NaN
2019-05-17T12:00:00Z,0.0,-64.739586,-62.614582,NaN
2019-05-18T12:00:00Z,0.0,-64.739586,-62.614582,NaN
2019-05-19T12:00:00Z,0.0,-64.739586,-62.614582,NaN
2019-05-20T12:00:00Z,0.0,-64.739586,-62.614582,NaN
2019-05-21T12:00:00Z,0.0,-64.739586,-62.614582,NaN
2019-05-22T12:00:00Z,0.0,-64.739586,-62.614582,NaN
2019-05-23T12:00:00Z,0.0,-64.739586,-62.614582,NaN
2019-05-24T12:00:00Z,0.0,-64.739586,-62.614582,NaN
2019-05-25T12:00:00Z,0.0,-64.739586,-62.614582,NaN
2019-05-26T12:00:00Z,0.0,-64.739586,-62.614582,NaN
2019-05-27T12:00:00Z,0.0,-64.739586,-62.614582,NaN
2019-05-28T12:00:00Z,0.0,-64.739586,-62.614582,NaN
2019-05-29T12:00:00Z,0.0,-64.739586,-62.614582,NaN
2019-05-30T12:00:00Z,0.0,-64.739586,-62.614582,NaN
2019-05-31T12:00:00Z,0.0,-64.739586,-62.614582,NaN
2019-06-01T12:00:00Z,0.0,-64.739586,-62.614582,NaN
2019-06-02T12:00:00Z,0.0,-64.739586,-62.614582,NaN
2019-06-03T12:00:00Z,0.0,-64.739586,-62.614582,NaN
2019-06-04T12:00:00Z,0.0,-64.739586,-62.614582,NaN
2019-06-05T12:00:00Z,0.0,-64.739586,-62.614582,NaN
2019-06-06T12:00:00Z,0.0,-64.739586,-62.614582,NaN
2019-06-07T12:00:00Z,0.0,-64.739586,-62.614582,NaN
2019-06-08T12:00:00Z,0.0,-64.739586,-62.614582,NaN
2019-06-09T12:00:00Z,0.0,-64.739586,-62.614582,NaN
2019-06-10T12:00:00Z,0.0,-64.739586,-62.614582,NaN
2019-06-11T12:00:00Z,0.0,-64.739586,-62.614582,NaN
2019-06-12T12:00:00Z,0.0,-64.739586,-62.614582,NaN
2019-06-13T12:00:00Z,0.0,-64.739586,-62.614582,NaN
2019-06-14T12:00:00Z,0.0,-64.739586,-62.614582,NaN
2019-06-15T12:00:00Z,0.0,-64.739586,-62.614582,NaN
2019-06-16T12:00:00Z,0.0,-64.739586,-62.614582,NaN
2019-06-17T12:00:00Z,0.0,-64.739586,-62.614582,NaN
2019-06-18T12:00:00Z,0.0,-64.739586,-62.614582,NaN
2019-06-19T12:00:00Z,0.0,-64.739586,-62.614582,NaN
2019-06-20T12:00:00Z,0.0,-64.739586,-62.614582,NaN
2019-06-21T12:00:00Z,0.0,-64.739586,-62.614582,NaN
2019-06-22T12:00:00Z,0.0,-64.739586,-62.614582,NaN
2019-06-23T12:00:00Z,0.0,-64.739586,-62.614582,NaN
2019-06-24T12:00:00Z,0.0,-64.739586,-62.614582,NaN
2019-06-25T12:00:00Z,0.0,-64.739586,-62.614582,NaN
2019-06-26T12:00:00Z,0.0,-64.739586,-62.614582,NaN
2019-06-27T12:00:00Z,0.0,-64.739586,-62.614582,NaN
2019-06-28T12:00:00Z,0.0,-64.739586,-62.614582,NaN
2019-06-29T12:00:00Z,0.0,-64.739586,-62.614582,NaN
2019-06-30T12:00:00Z,0.0,-64.739586,-62.614582,NaN
2019-07-01T12:00:00Z,0.0,-64.739586,-62.614582,NaN
2019-07-02T12:00:00Z,0.0,-64.739586,-62.614582,NaN
2019-07-03T12:00:00Z,0.0,-64.739586,-62.614582,NaN
2019-07-04T12:00:00Z,0.0,-64.739586,-62.614582,NaN
2019-07-05T12:00:00Z,0.0,-64.739586,-62.614582,NaN
2019-07-06T12:00:00Z,0.0,-64.739586,-62.614582,NaN
2019-07-07T12:00:00Z,0.0,-64.739586,-62.614582,NaN
2019-07-08T12:00:00Z,0.0,-64.739586,-62.614582,NaN
2019-07-09T12:00:00Z,0.0,-64.739586,-62.614582,NaN
2019-07-10T12:00:00Z,0.0,-64.739586,-62.614582,NaN
2019-07-11T12:00:00Z,0.0,-64.739586,-62.614582,NaN
2019-07-12T12:00:00Z,0.0,-64.739586,-62.614582,NaN
2019-07-13T12:00:00Z,0.0,-64.739586,-62.614582,NaN
2019-07-14T12:00:00Z,0.0,-64.739586,-62.614582,NaN
2019-07-15T12:00:00Z,0.0,-64.739586,-62.614582,NaN
2019-07-16T12:00:00Z,0.0,-64.739586,-62.614582,NaN
2019-07-17T12:00:00Z,0.0,-64.739586,-62.614582,NaN
2019-07-18T12:00:00Z,0.0,-64.739586,-62.614582,NaN
2019-07-19T12:00:00Z,0.0,-64.739586,-62.614582,NaN
2019-07-20T12:00:00Z,0.0,-64.739586,-62.614582,NaN
2019-07-21T12:00:00Z,0.0,-64.739586,-62.614582,NaN
2019-07-22T12:00:00Z,0.0,-64.739586,-62.614582,NaN
2019-07-23T12:00:00Z,0.0,-64.739586,-62.614582,NaN
2019-07-24T12:00:00Z,0.0,-64.739586,-62.614582,NaN
2019-07-25T12:00:00Z,0.0,-64.739586,-62.614582,NaN
2019-07-26T12:00:00Z,0.0,-64.739586,-62.614582,NaN
2019-07-27T12:00:00Z,0.0,-64.739586,-62.614582,NaN
2019-07-28T12:00:00Z,0.0,-64.739586,-62.614582,NaN
2019-07-29T12:00:00Z,0.0,-64.739586,-62.614582,NaN
2019-07-30T12:00:00Z,0.0,-64.739586,-62.614582,NaN
2019-07-31T12:00:00Z,0.0,-64.739586,-62.614582,NaN
2019-08-01T12:00:00Z,0.0,-64.739586,-62.614582,NaN
2019-08-02T12:00:00Z,0.0,-64.739586,-62.614582,NaN
2019-08-03T12:00:00Z,0.0,-64.739586,-62.614582,NaN
2019-08-04T12:00:00Z,0.0,-64.739586,-62.614582,NaN
2019-08-05T12:00:00Z,0.0,-64.739586,-62.614582,NaN
2019-08-06T12:00:00Z,0.0,-64.739586,-62.614582,NaN
2019-08-07T12:00:00Z,0.0,-64.739586,-62.614582,NaN
2019-08-08T12:00:00Z,0.0,-64.739586,-62.614582,NaN
2019-08-09T12:00:00Z,0.0,-64.739586,-62.614582,NaN
2019-08-10T12:00:00Z,0.0,-64.739586,-62.614582,NaN
2019-08-11T12:00:00Z,0.0,-64.739586,-62.614582,NaN
2019-08-12T12:00:00Z,0.0,-64.739586,-62.614582,NaN
2019-08-13T12:00:00Z,0.0,-64.739586,-62.614582,NaN
2019-08-14T12:00:00Z,0.0,-64.739586,-62.614582,NaN
2019-08-15T12:00:00Z,0.0,-64.739586,-62.614582,NaN
2019-08-16T12:00:00Z,0.0,-64.739586,-62.614582,NaN
2019-08-17T12:00:00Z,0.0,-64.739586,-62.614582,NaN
2019-08-18T12:00:00Z,0.0,-64.739586,-62.614582,NaN
2019-08-19T12:00:00Z,0.0,-64.739586,-62.614582,NaN
2019-08-20T12:00:00Z,0.0,-64.739586,-62.614582,NaN
2019-08-21T12:00:00Z,0.0,-64.739586,-62.614582,NaN
2019-08-22T12:00:00Z,0.0,-64.739586,-62.614582,NaN
2019-08-23T12:00:00Z,0.0,-64.739586,-62.614582,NaN
2019-08-24T12:00:00Z,0.0,-64.739586,-62.614582,NaN
2019-08-25T12:00:00Z,0.0,-64.739586,-62.614582,NaN
2019-08-26T12:00:00Z,0.0,-64.739586,-62.614582,NaN
2019-08-27T12:00:00Z,0.0,-64.739586,-62.614582,NaN
2019-08-28T12:00:00Z,0.0,-64.739586,-62.614582,NaN
2019-08-29T12:00:00Z,0.0,-64.739586,-62.614582,NaN
2019-08-30T12:00:00Z,0.0,-64.739586,-62.614582,NaN
2019-08-31T12:00:00Z,0.0,-64.739586,-62.614582,NaN
2019-09-01T12:00:00Z,0.0,-64.739586,-62.614582,NaN
2019-09-02T12:00:00Z,0.0,-64.739586,-62.614582,NaN
2019-09-03T12:00:00Z,0.0,-64.739586,-62.614582,NaN
2019-09-04T12:00:00Z,0.0,-64.739586,-62.614582,NaN
2019-09-05T12:00:00Z,0.0,-64.739586,-62.614582,NaN
2019-09-06T12:00:00Z,0.0,-64.739586,-62.614582,NaN
2019-09-07T12:00:00Z,0.0,-64.739586,-62.614582,NaN
2019-09-08T12:00:00Z,0.0,-64.739586,-62.614582,NaN
2019-09-09T12:00:00Z,0.0,-64.739586,-62.614582,NaN
2019-09-10T12:00:00Z,0.0,-64.739586,-62.614582,NaN
2019-09-11T12:00:00Z,0.0,-64.739586,-62.614582,NaN
2019-09-12T12:00:00Z,0.0,-64.739586,-62.614582,NaN
2019-09-13T12:00:00Z,0.0,-64.739586,-62.614582,NaN
2019-09-14T12:00:00Z,0.0,-64.739586,-62.614582,NaN
2019-09-15T12:00:00Z,0.0,-64.739586,-62.614582,NaN
2019-09-16T12:00:00Z,0.0,-64.739586,-62.614582,NaN
2019-09-17T12:00:00Z,0.0,-64.739586,-62.614582,NaN
2019-09-18T12:00:00Z,0.0,-64.739586,-62.614582,NaN
2019-09-19T12:00:00Z,0.0,-64.739586,-62.614582,NaN
2019-09-20T12:00:00Z,0.0,-64.739586,-62.614582,NaN
2019-09-21T12:00:00Z,0.0,-64.739586,-62.614582,NaN
2019-09-22T12:00:00Z,0.0,-64.739586,-62.614582,NaN
2019-09-23T12:00:00Z,0.0,-64.739586,-62.614582,NaN
2019-09-24T12:00:00Z,0.0,-64.739586,-62.614582,NaN
2019-09-25T12:00:00Z,0.0,-64.739586,-62.614582,NaN
2019-09-26T12:00:00Z,0.0,-64.739586,-62.614582,NaN
2019-09-27T12:00:00Z,0.0,-64.739586,-62.614582,NaN
2019-09-28T12:00:00Z,0.0,-64.739586,-62.614582,NaN
2019-09-29T12:00:00Z,0.0,-64.739586,-62.614582,NaN
2019-09-30T12:00:00Z,0.0,-64.739586,-62.614582,NaN
2019-10-01T12:00:00Z,0.0,-64.739586,-62.614582,NaN
2019-10-02T12:00:00Z,0.0,-64.739586,-62.614582,NaN
2019-10-03T12:00:00Z,0.0,-64.739586,-62.614582,NaN
2019-10-04T12:00:00Z,0.0,-64.739586,-62.614582,NaN
2019-10-05T12:00:00Z,0.0,-64.739586,-62.614582,NaN
2019-10-06T12:00:00Z,0.0,-64.739586,-62.614582,NaN
2019-10-07T12:00:00Z,0.0,-64.739586,-62.614582,NaN
2019-10-08T12:00:00Z,0.0,-64.739586,-62.614582,NaN
2019-10-09T12:00:00Z,0.0,-64.739586,-62.614582,NaN
2019-10-10T12:00:00Z,0.0,-64.739586,-62.614582,NaN
2019-10-11T12:00:00Z,0.0,-64.739586,-62.614582,NaN
2019-10-12T12:00:00Z,0.0,-64.739586,-62.614582,NaN
2019-10-13T12:00:00Z,0.0,-64.739586,-62.614582,NaN
2019-10-14T12:00:00Z,0.0,-64.739586,-62.614582,NaN
2019-10-15T12:00:00Z,0.0,-64.739586,-62.614582,NaN
2019-10-16T12:00:00Z,0.0,-64.739586,-62.614582,NaN
2019-10-17T12:00:00Z,0.0,-64.739586,-62.614582,NaN
2019-10-18T12:00:00Z,0.0,-64.739586,-62.614582,NaN
2019-10-19T12:00:00Z,0.0,-64.739586,-62.614582,NaN
2019-10-20T12:00:00Z,0.0,-64.739586,-62.614582,NaN
2019-10-21T12:00:00Z,0.0,-64.739586,-62.614582,0.16942215
2019-10-22T12:00:00Z,0.0,-64.739586,-62.614582,0.15834843
2019-10-23T12:00:00Z,0.0,-64.739586,-62.614582,0.19047268
2019-10-24T12:00:00Z,0.0,-64.739586,-62.614582,0.19151829
2019-10-25T12:00:00Z,0.0,-64.739586,-62.614582,0.19182977
2019-10-26T12:00:00Z,0.0,-64.739586,-62.614582,0.19118015
2019-10-27T12:00:00Z,0.0,-64.739586,-62.614582,0.18768169
2019-10-28T12:00:00Z,0.0,-64.739586,-62.614582,0.21585228
2019-10-29T12:00:00Z,0.0,-64.739586,-62.614582,0.23428422
2019-10-30T12:00:00Z,0.0,-64.739586,-62.614582,0.31769168
2019-10-31T12:00:00Z,0.0,-64.739586,-62.614582,0.24872203
2019-11-01T12:00:00Z,0.0,-64.739586,-62.614582,0.2488949
2019-11-02T12:00:00Z,0.0,-64.739586,-62.614582,0.25283593
2019-11-03T12:00:00Z,0.0,-64.739586,-62.614582,0.22297527
2019-11-04T12:00:00Z,0.0,-64.739586,-62.614582,0.19515783
2019-11-05T12:00:00Z,0.0,-64.739586,-62.614582,0.17635234
2019-11-06T12:00:00Z,0.0,-64.739586,-62.614582,0.17359048
2019-11-07T12:00:00Z,0.0,-64.739586,-62.614582,0.14419265
2019-11-08T12:00:00Z,0.0,-64.739586,-62.614582,0.14622228
2019-11-09T12:00:00Z,0.0,-64.739586,-62.614582,0.14374775
2019-11-10T12:00:00Z,0.0,-64.739586,-62.614582,0.12910315
2019-11-11T12:00:00Z,0.0,-64.739586,-62.614582,0.14298086
2019-11-12T12:00:00Z,0.0,-64.739586,-62.614582,0.13354133
2019-11-13T12:00:00Z,0.0,-64.739586,-62.614582,0.06987086
2019-11-14T12:00:00Z,0.0,-64.739586,-62.614582,0.07881736
2019-11-15T12:00:00Z,0.0,-64.739586,-62.614582,0.05775714
2019-11-16T12:00:00Z,0.0,-64.739586,-62.614582,0.055867456
2019-11-17T12:00:00Z,0.0,-64.739586,-62.614582,0.13498017
2019-11-18T12:00:00Z,0.0,-64.739586,-62.614582,0.14648037
2019-11-19T12:00:00Z,0.0,-64.739586,-62.614582,0.1418697
2019-11-20T12:00:00Z,0.0,-64.739586,-62.614582,0.14328997
2019-11-21T12:00:00Z,0.0,-64.739586,-62.614582,0.12796862
2019-11-22T12:00:00Z,0.0,-64.739586,-62.614582,0.15311198
2019-11-23T12:00:00Z,0.0,-64.739586,-62.614582,0.15643044
2019-11-24T12:00:00Z,0.0,-64.739586,-62.614582,0.1642976
2019-11-25T12:00:00Z,0.0,-64.739586,-62.614582,0.17754216
2019-11-26T12:00:00Z,0.0,-64.739586,-62.614582,0.1813761
2019-11-27T12:00:00Z,0.0,-64.739586,-62.614582,0.17466526
2019-11-28T12:00:00Z,0.0,-64.739586,-62.614582,0.16718705
2019-11-29T12:00:00Z,0.0,-64.739586,-62.614582,0.18971954
2019-11-30T12:00:00Z,0.0,-64.739586,-62.614582,0.23073864
2019-12-01T12:00:00Z,0.0,-64.739586,-62.614582,0.2350492
2019-12-02T12:00:00Z,0.0,-64.739586,-62.614582,0.27970406
2019-12-03T12:00:00Z,0.0,-64.739586,-62.614582,0.30163562
2019-12-04T12:00:00Z,0.0,-64.739586,-62.614582,0.26820666
2019-12-05T12:00:00Z,0.0,-64.739586,-62.614582,0.34618667
2019-12-06T12:00:00Z,0.0,-64.739586,-62.614582,0.3832024
2019-12-07T12:00:00Z,0.0,-64.739586,-62.614582,0.4472014
2019-12-08T12:00:00Z,0.0,-64.739586,-62.614582,0.30527604
2019-12-09T12:00:00Z,0.0,-64.739586,-62.614582,0.4645959
2019-12-10T12:00:00Z,0.0,-64.739586,-62.614582,0.46579668
2019-12-11T12:00:00Z,0.0,-64.739586,-62.614582,0.4188646
2019-12-12T12:00:00Z,0.0,-64.739586,-62.614582,0.38756248
2019-12-13T12:00:00Z,0.0,-64.739586,-62.614582,0.38716745
2019-12-14T12:00:00Z,0.0,-64.739586,-62.614582,0.3390051
2019-12-15T12:00:00Z,0.0,-64.739586,-62.614582,0.3423698
2019-12-16T12:00:00Z,0.0,-64.739586,-62.614582,0.35205257
2019-12-17T12:00:00Z,0.0,-64.739586,-62.614582,0.36333254
2019-12-18T12:00:00Z,0.0,-64.739586,-62.614582,0.38324514
2019-12-19T12:00:00Z,0.0,-64.739586,-62.614582,0.45367664
2019-12-20T12:00:00Z,0.0,-64.739586,-62.614582,0.46541142
2019-12-21T12:00:00Z,0.0,-64.739586,-62.614582,0.39508468
2019-12-22T12:00:00Z,0.0,-64.739586,-62.614582,0.3954149
2019-12-23T12:00:00Z,0.0,-64.739586,-62.614582,0.41292408
2019-12-24T12:00:00Z,0.0,-64.739586,-62.614582,0.4331256
2019-12-25T12:00:00Z,0.0,-64.739586,-62.614582,0.4410217
2019-12-26T12:00:00Z,0.0,-64.739586,-62.614582,0.46726337
2019-12-27T12:00:00Z,0.0,-64.739586,-62.614582,0.46763608
2019-12-28T12:00:00Z,0.0,-64.739586,-62.614582,0.46783516
2019-12-29T12:00:00Z,0.0,-64.739586,-62.614582,0.40751418
2019-12-30T12:00:00Z,0.0,-64.739586,-62.614582,0.4046009
2019-12-31T12:00:00Z,0.0,-64.739586,-62.614582,0.429199
2020-01-01T12:00:00Z,0.0,-64.739586,-62.614582,0.32536486
2020-01-02T12:00:00Z,0.0,-64.739586,-62.614582,0.32171914
2020-01-03T12:00:00Z,0.0,-64.739586,-62.614582,0.31110466
2020-01-04T12:00:00Z,0.0,-64.739586,-62.614582,0.3205422
2020-01-05T12:00:00Z,0.0,-64.739586,-62.614582,0.3204864
2020-01-06T12:00:00Z,0.0,-64.739586,-62.614582,0.32527167
2020-01-07T12:00:00Z,0.0,-64.739586,-62.614582,0.3236746
2020-01-08T12:00:00Z,0.0,-64.739586,-62.614582,0.33002123
2020-01-09T12:00:00Z,0.0,-64.739586,-62.614582,0.33949354
2020-01-10T12:00:00Z,0.0,-64.739586,-62.614582,0.3436932
2020-01-11T12:00:00Z,0.0,-64.739586,-62.614582,0.32293952
2020-01-12T12:00:00Z,0.0,-64.739586,-62.614582,0.30682075
2020-01-13T12:00:00Z,0.0,-64.739586,-62.614582,0.22927123
2020-01-14T12:00:00Z,0.0,-64.739586,-62.614582,0.16644791
2020-01-15T12:00:00Z,0.0,-64.739586,-62.614582,0.1276836
2020-01-16T12:00:00Z,0.0,-64.739586,-62.614582,0.14523284
2020-01-17T12:00:00Z,0.0,-64.739586,-62.614582,0.2694477
2020-01-18T12:00:00Z,0.0,-64.739586,-62.614582,0.46437386
2020-01-19T12:00:00Z,0.0,-64.739586,-62.614582,0.31961554
2020-01-20T12:00:00Z,0.0,-64.739586,-62.614582,0.31873608
2020-01-21T12:00:00Z,0.0,-64.739586,-62.614582,0.31912848
2020-01-22T12:00:00Z,0.0,-64.739586,-62.614582,0.3194571
2020-01-23T12:00:00Z,0.0,-64.739586,-62.614582,0.3200211
2020-01-24T12:00:00Z,0.0,-64.739586,-62.614582,0.32204542
2020-01-25T12:00:00Z,0.0,-64.739586,-62.614582,0.3240509
2020-01-26T12:00:00Z,0.0,-64.739586,-62.614582,0.32786092
2020-01-27T12:00:00Z,0.0,-64.739586,-62.614582,0.33244297
2020-01-28T12:00:00Z,0.0,-64.739586,-62.614582,0.32902795
2020-01-29T12:00:00Z,0.0,-64.739586,-62.614582,0.3238052
2020-01-30T12:00:00Z,0.0,-64.739586,-62.614582,0.3327987
2020-01-31T12:00:00Z,0.0,-64.739586,-62.614582,0.3459137
2020-02-01T12:00:00Z,0.0,-64.739586,-62.614582,0.35292786
2020-02-02T12:00:00Z,0.0,-64.739586,-62.614582,0.35395682
2020-02-03T12:00:00Z,0.0,-64.739586,-62.614582,0.3853675
2020-02-04T12:00:00Z,0.0,-64.739586,-62.614582,0.38982853
2020-02-05T12:00:00Z,0.0,-64.739586,-62.614582,0.39712325
2020-02-06T12:00:00Z,0.0,-64.739586,-62.614582,0.3965002
2020-02-07T12:00:00Z,0.0,-64.739586,-62.614582,0.40688288
2020-02-08T12:00:00Z,0.0,-64.739586,-62.614582,0.42516032
2020-02-09T12:00:00Z,0.0,-64.739586,-62.614582,0.4546032
2020-02-10T12:00:00Z,0.0,-64.739586,-62.614582,0.46521193
2020-02-11T12:00:00Z,0.0,-64.739586,-62.614582,0.45534015
2020-02-12T12:00:00Z,0.0,-64.739586,-62.614582,0.440336
2020-02-13T12:00:00Z,0.0,-64.739586,-62.614582,0.44696423
2020-02-14T12:00:00Z,0.0,-64.739586,-62.614582,0.43893734
2020-02-15T12:00:00Z,0.0,-64.739586,-62.614582,0.44510815
2020-02-16T12:00:00Z,0.0,-64.739586,-62.614582,0.44278032
2020-02-17T12:00:00Z,0.0,-64.739586,-62.614582,0.45969713
2020-02-18T12:00:00Z,0.0,-64.739586,-62.614582,0.38828394
2020-02-19T12:00:00Z,0.0,-64.739586,-62.614582,0.38849214
2020-02-20T12:00:00Z,0.0,-64.739586,-62.614582,0.3879443
2020-02-21T12:00:00Z,0.0,-64.739586,-62.614582,0.37603873
2020-02-22T12:00:00Z,0.0,-64.739586,-62.614582,0.38006535
2020-02-23T12:00:00Z,0.0,-64.739586,-62.614582,0.3751519
2020-02-24T12:00:00Z,0.0,-64.739586,-62.614582,0.38869545
2020-02-25T12:00:00Z,0.0,-64.739586,-62.614582,0.39919454
2020-02-26T12:00:00Z,0.0,-64.739586,-62.614582,0.3999177
2020-02-27T12:00:00Z,0.0,-64.739586,-62.614582,0.36968163
2020-02-28T12:00:00Z,0.0,-64.739586,-62.614582,0.37803397
2020-02-29T12:00:00Z,0.0,-64.739586,-62.614582,0.37974858
2020-03-01T12:00:00Z,0.0,-64.739586,-62.614582,0.34101975
2020-03-02T12:00:00Z,0.0,-64.739586,-62.614582,0.3141543
2020-03-03T12:00:00Z,0.0,-64.739586,-62.614582,0.2425649
2020-03-04T12:00:00Z,0.0,-64.739586,-62.614582,0.2164387
2020-03-05T12:00:00Z,0.0,-64.739586,-62.614582,0.22407414
2020-03-06T12:00:00Z,0.0,-64.739586,-62.614582,0.21332899
2020-03-07T12:00:00Z,0.0,-64.739586,-62.614582,0.24516721
2020-03-08T12:00:00Z,0.0,-64.739586,-62.614582,0.19804052
2020-03-09T12:00:00Z,0.0,-64.739586,-62.614582,0.21092935
2020-03-10T12:00:00Z,0.0,-64.739586,-62.614582,0.23009312
2020-03-11T12:00:00Z,0.0,-64.739586,-62.614582,0.23916182
2020-03-12T12:00:00Z,0.0,-64.739586,-62.614582,0.2190644
2020-03-13T12:00:00Z,0.0,-64.739586,-62.614582,NaN
2020-03-14T12:00:00Z,0.0,-64.739586,-62.614582,NaN
2020-03-15T12:00:00Z,0.0,-64.739586,-62.614582,NaN
2020-03-16T12:00:00Z,0.0,-64.739586,-62.614582,NaN
2020-03-17T12:00:00Z,0.0,-64.739586,-62.614582,NaN
2020-03-18T12:00:00Z,0.0,-64.739586,-62.614582,NaN
2020-03-19T12:00:00Z,0.0,-64.739586,-62.614582,NaN
2020-03-20T12:00:00Z,0.0,-64.739586,-62.614582,NaN
2020-03-21T12:00:00Z,0.0,-64.739586,-62.614582,NaN
2020-03-22T12:00:00Z,0.0,-64.739586,-62.614582,NaN
2020-03-23T12:00:00Z,0.0,-64.739586,-62.614582,NaN
2020-03-24T12:00:00Z,0.0,-64.739586,-62.614582,NaN
2020-03-25T12:00:00Z,0.0,-64.739586,-62.614582,NaN
2020-03-26T12:00:00Z,0.0,-64.739586,-62.614582,NaN
2020-03-27T12:00:00Z,0.0,-64.739586,-62.614582,NaN
2020-03-28T12:00:00Z,0.0,-64.739586,-62.614582,NaN
2020-03-29T12:00:00Z,0.0,-64.739586,-62.614582,NaN
2020-03-30T12:00:00Z,0.0,-64.739586,-62.614582,NaN
2020-03-31T12:00:00Z,0.0,-64.739586,-62.614582,NaN
2020-04-01T12:00:00Z,0.0,-64.739586,-62.614582,NaN
2020-04-02T12:00:00Z,0.0,-64.739586,-62.614582,NaN
2020-04-03T12:00:00Z,0.0,-64.739586,-62.614582,NaN
2020-04-04T12:00:00Z,0.0,-64.739586,-62.614582,NaN
2020-04-05T12:00:00Z,0.0,-64.739586,-62.614582,NaN
2020-04-06T12:00:00Z,0.0,-64.739586,-62.614582,NaN
2020-04-07T12:00:00Z,0.0,-64.739586,-62.614582,NaN
2020-04-08T12:00:00Z,0.0,-64.739586,-62.614582,NaN
2020-04-09T12:00:00Z,0.0,-64.739586,-62.614582,NaN
2020-04-10T12:00:00Z,0.0,-64.739586,-62.614582,NaN
2020-04-11T12:00:00Z,0.0,-64.739586,-62.614582,NaN
2020-04-12T12:00:00Z,0.0,-64.739586,-62.614582,NaN
2020-04-13T12:00:00Z,0.0,-64.739586,-62.614582,NaN
2020-04-14T12:00:00Z,0.0,-64.739586,-62.614582,NaN
2020-04-15T12:00:00Z,0.0,-64.739586,-62.614582,NaN
2020-04-16T12:00:00Z,0.0,-64.739586,-62.614582,NaN
2020-04-17T12:00:00Z,0.0,-64.739586,-62.614582,NaN
2020-04-18T12:00:00Z,0.0,-64.739586,-62.614582,NaN
2020-04-19T12:00:00Z,0.0,-64.739586,-62.614582,NaN
2020-04-20T12:00:00Z,0.0,-64.739586,-62.614582,NaN
2020-04-21T12:00:00Z,0.0,-64.739586,-62.614582,NaN
2020-04-22T12:00:00Z,0.0,-64.739586,-62.614582,NaN
2020-04-23T12:00:00Z,0.0,-64.739586,-62.614582,NaN
2020-04-24T12:00:00Z,0.0,-64.739586,-62.614582,NaN
2020-04-25T12:00:00Z,0.0,-64.739586,-62.614582,NaN
2020-04-26T12:00:00Z,0.0,-64.739586,-62.614582,NaN
2020-04-27T12:00:00Z,0.0,-64.739586,-62.614582,NaN
2020-04-28T12:00:00Z,0.0,-64.739586,-62.614582,NaN
2020-04-29T12:00:00Z,0.0,-64.739586,-62.614582,NaN
2020-04-30T12:00:00Z,0.0,-64.739586,-62.614582,NaN
2020-05-01T12:00:00Z,0.0,-64.739586,-62.614582,NaN
2020-05-02T12:00:00Z,0.0,-64.739586,-62.614582,NaN
2020-05-03T12:00:00Z,0.0,-64.739586,-62.614582,NaN
2020-05-04T12:00:00Z,0.0,-64.739586,-62.614582,NaN
2020-05-05T12:00:00Z,0.0,-64.739586,-62.614582,NaN
2020-05-06T12:00:00Z,0.0,-64.739586,-62.614582,NaN
2020-05-07T12:00:00Z,0.0,-64.739586,-62.614582,NaN
2020-05-08T12:00:00Z,0.0,-64.739586,-62.614582,NaN
2020-05-09T12:00:00Z,0.0,-64.739586,-62.614582,NaN
2020-05-10T12:00:00Z,0.0,-64.739586,-62.614582,NaN
2020-05-11T12:00:00Z,0.0,-64.739586,-62.614582,NaN
2020-05-12T12:00:00Z,0.0,-64.739586,-62.614582,NaN
2020-05-13T12:00:00Z,0.0,-64.739586,-62.614582,NaN
2020-05-14T12:00:00Z,0.0,-64.739586,-62.614582,NaN
2020-05-15T12:00:00Z,0.0,-64.739586,-62.614582,NaN
2020-05-16T12:00:00Z,0.0,-64.739586,-62.614582,NaN
2020-05-17T12:00:00Z,0.0,-64.739586,-62.614582,NaN
2020-05-18T12:00:00Z,0.0,-64.739586,-62.614582,NaN
2020-05-19T12:00:00Z,0.0,-64.739586,-62.614582,NaN
2020-05-20T12:00:00Z,0.0,-64.739586,-62.614582,NaN
2020-05-21T12:00:00Z,0.0,-64.739586,-62.614582,NaN
2020-05-22T12:00:00Z,0.0,-64.739586,-62.614582,NaN
2020-05-23T12:00:00Z,0.0,-64.739586,-62.614582,NaN
2020-05-24T12:00:00Z,0.0,-64.739586,-62.614582,NaN
2020-05-25T12:00:00Z,0.0,-64.739586,-62.614582,NaN
2020-05-26T12:00:00Z,0.0,-64.739586,-62.614582,NaN
2020-05-27T12:00:00Z,0.0,-64.739586,-62.614582,NaN
2020-05-28T12:00:00Z,0.0,-64.739586,-62.614582,NaN
2020-05-29T12:00:00Z,0.0,-64.739586,-62.614582,NaN
2020-05-30T12:00:00Z,0.0,-64.739586,-62.614582,NaN
2020-05-31T12:00:00Z,0.0,-64.739586,-62.614582,NaN
2020-06-01T12:00:00Z,0.0,-64.739586,-62.614582,NaN
2020-06-02T12:00:00Z,0.0,-64.739586,-62.614582,NaN
2020-06-03T12:00:00Z,0.0,-64.739586,-62.614582,NaN
2020-06-04T12:00:00Z,0.0,-64.739586,-62.614582,NaN
2020-06-05T12:00:00Z,0.0,-64.739586,-62.614582,NaN
2020-06-06T12:00:00Z,0.0,-64.739586,-62.614582,NaN
2020-06-07T12:00:00Z,0.0,-64.739586,-62.614582,NaN
2020-06-08T12:00:00Z,0.0,-64.739586,-62.614582,NaN
2020-06-09T12:00:00Z,0.0,-64.739586,-62.614582,NaN
2020-06-10T12:00:00Z,0.0,-64.739586,-62.614582,NaN
2020-06-11T12:00:00Z,0.0,-64.739586,-62.614582,NaN
2020-06-12T12:00:00Z,0.0,-64.739586,-62.614582,NaN
2020-06-13T12:00:00Z,0.0,-64.739586,-62.614582,NaN
2020-06-14T12:00:00Z,0.0,-64.739586,-62.614582,NaN
2020-06-15T12:00:00Z,0.0,-64.739586,-62.614582,NaN
2020-06-16T12:00:00Z,0.0,-64.739586,-62.614582,NaN
2020-06-17T12:00:00Z,0.0,-64.739586,-62.614582,NaN
2020-06-18T12:00:00Z,0.0,-64.739586,-62.614582,NaN
2020-06-19T12:00:00Z,0.0,-64.739586,-62.614582,NaN
2020-06-20T12:00:00Z,0.0,-64.739586,-62.614582,NaN
2020-06-21T12:00:00Z,0.0,-64.739586,-62.614582,NaN
2020-06-22T12:00:00Z,0.0,-64.739586,-62.614582,NaN
2020-06-23T12:00:00Z,0.0,-64.739586,-62.614582,NaN
2020-06-24T12:00:00Z,0.0,-64.739586,-62.614582,NaN
2020-06-25T12:00:00Z,0.0,-64.739586,-62.614582,NaN
2020-06-26T12:00:00Z,0.0,-64.739586,-62.614582,NaN
2020-06-27T12:00:00Z,0.0,-64.739586,-62.614582,NaN
2020-06-28T12:00:00Z,0.0,-64.739586,-62.614582,NaN
2020-06-29T12:00:00Z,0.0,-64.739586,-62.614582,NaN
2020-06-30T12:00:00Z,0.0,-64.739586,-62.614582,NaN
2020-07-01T12:00:00Z,0.0,-64.739586,-62.614582,NaN
2020-07-02T12:00:00Z,0.0,-64.739586,-62.614582,NaN
2020-07-03T12:00:00Z,0.0,-64.739586,-62.614582,NaN
2020-07-04T12:00:00Z,0.0,-64.739586,-62.614582,NaN
2020-07-05T12:00:00Z,0.0,-64.739586,-62.614582,NaN
2020-07-06T12:00:00Z,0.0,-64.739586,-62.614582,NaN
2020-07-07T12:00:00Z,0.0,-64.739586,-62.614582,NaN
2020-07-08T12:00:00Z,0.0,-64.739586,-62.614582,NaN
2020-07-09T12:00:00Z,0.0,-64.739586,-62.614582,NaN
2020-07-10T12:00:00Z,0.0,-64.739586,-62.614582,NaN
2020-07-11T12:00:00Z,0.0,-64.739586,-62.614582,NaN
2020-07-12T12:00:00Z,0.0,-64.739586,-62.614582,NaN
2020-07-13T12:00:00Z,0.0,-64.739586,-62.614582,NaN
2020-07-14T12:00:00Z,0.0,-64.739586,-62.614582,NaN
2020-07-15T12:00:00Z,0.0,-64.739586,-62.614582,NaN
2020-07-16T12:00:00Z,0.0,-64.739586,-62.614582,NaN
2020-07-17T12:00:00Z,0.0,-64.739586,-62.614582,NaN
2020-07-18T12:00:00Z,0.0,-64.739586,-62.614582,NaN
2020-07-19T12:00:00Z,0.0,-64.739586,-62.614582,NaN
2020-07-20T12:00:00Z,0.0,-64.739586,-62.614582,NaN
2020-07-21T12:00:00Z,0.0,-64.739586,-62.614582,NaN
2020-07-22T12:00:00Z,0.0,-64.739586,-62.614582,NaN
2020-07-23T12:00:00Z,0.0,-64.739586,-62.614582,NaN
2020-07-24T12:00:00Z,0.0,-64.739586,-62.614582,NaN
2020-07-25T12:00:00Z,0.0,-64.739586,-62.614582,NaN
2020-07-26T12:00:00Z,0.0,-64.739586,-62.614582,NaN
2020-07-27T12:00:00Z,0.0,-64.739586,-62.614582,NaN
2020-07-28T12:00:00Z,0.0,-64.739586,-62.614582,NaN
2020-07-29T12:00:00Z,0.0,-64.739586,-62.614582,NaN
2020-07-30T12:00:00Z,0.0,-64.739586,-62.614582,NaN
2020-07-31T12:00:00Z,0.0,-64.739586,-62.614582,NaN
2020-08-01T12:00:00Z,0.0,-64.739586,-62.614582,NaN
2020-08-02T12:00:00Z,0.0,-64.739586,-62.614582,NaN
2020-08-03T12:00:00Z,0.0,-64.739586,-62.614582,NaN
2020-08-04T12:00:00Z,0.0,-64.739586,-62.614582,NaN
2020-08-05T12:00:00Z,0.0,-64.739586,-62.614582,NaN
2020-08-06T12:00:00Z,0.0,-64.739586,-62.614582,NaN
2020-08-07T12:00:00Z,0.0,-64.739586,-62.614582,NaN
2020-08-08T12:00:00Z,0.0,-64.739586,-62.614582,NaN
2020-08-09T12:00:00Z,0.0,-64.739586,-62.614582,NaN
2020-08-10T12:00:00Z,0.0,-64.739586,-62.614582,NaN
2020-08-11T12:00:00Z,0.0,-64.739586,-62.614582,NaN
2020-08-12T12:00:00Z,0.0,-64.739586,-62.614582,NaN
2020-08-13T12:00:00Z,0.0,-64.739586,-62.614582,NaN
2020-08-14T12:00:00Z,0.0,-64.739586,-62.614582,NaN
2020-08-15T12:00:00Z,0.0,-64.739586,-62.614582,NaN
2020-08-16T12:00:00Z,0.0,-64.739586,-62.614582,NaN
2020-08-17T12:00:00Z,0.0,-64.739586,-62.614582,NaN
2020-08-18T12:00:00Z,0.0,-64.739586,-62.614582,NaN
2020-08-19T12:00:00Z,0.0,-64.739586,-62.614582,NaN
2020-08-20T12:00:00Z,0.0,-64.739586,-62.614582,NaN
2020-08-21T12:00:00Z,0.0,-64.739586,-62.614582,NaN
2020-08-22T12:00:00Z,0.0,-64.739586,-62.614582,NaN
2020-08-23T12:00:00Z,0.0,-64.739586,-62.614582,NaN
2020-08-24T12:00:00Z,0.0,-64.739586,-62.614582,NaN
2020-08-25T12:00:00Z,0.0,-64.739586,-62.614582,NaN
2020-08-26T12:00:00Z,0.0,-64.739586,-62.614582,NaN
2020-08-27T12:00:00Z,0.0,-64.739586,-62.614582,NaN
2020-08-28T12:00:00Z,0.0,-64.739586,-62.614582,NaN
2020-08-29T12:00:00Z,0.0,-64.739586,-62.614582,NaN
2020-08-30T12:00:00Z,0.0,-64.739586,-62.614582,NaN
2020-08-31T12:00:00Z,0.0,-64.739586,-62.614582,NaN
2020-09-01T12:00:00Z,0.0,-64.739586,-62.614582,NaN
2020-09-02T12:00:00Z,0.0,-64.739586,-62.614582,NaN
2020-09-03T12:00:00Z,0.0,-64.739586,-62.614582,NaN
2020-09-04T12:00:00Z,0.0,-64.739586,-62.614582,NaN
2020-09-05T12:00:00Z,0.0,-64.739586,-62.614582,NaN
2020-09-06T12:00:00Z,0.0,-64.739586,-62.614582,NaN
2020-09-07T12:00:00Z,0.0,-64.739586,-62.614582,NaN
2020-09-08T12:00:00Z,0.0,-64.739586,-62.614582,NaN
2020-09-09T12:00:00Z,0.0,-64.739586,-62.614582,NaN
2020-09-10T12:00:00Z,0.0,-64.739586,-62.614582,NaN
2020-09-11T12:00:00Z,0.0,-64.739586,-62.614582,NaN
2020-09-12T12:00:00Z,0.0,-64.739586,-62.614582,NaN
2020-09-13T12:00:00Z,0.0,-64.739586,-62.614582,NaN
2020-09-14T12:00:00Z,0.0,-64.739586,-62.614582,NaN
2020-09-15T12:00:00Z,0.0,-64.739586,-62.614582,NaN
2020-09-16T12:00:00Z,0.0,-64.739586,-62.614582,NaN
2020-09-17T12:00:00Z,0.0,-64.739586,-62.614582,NaN
2020-09-18T12:00:00Z,0.0,-64.739586,-62.614582,NaN
2020-09-19T12:00:00Z,0.0,-64.739586,-62.614582,NaN
2020-09-20T12:00:00Z,0.0,-64.739586,-62.614582,NaN
2020-09-21T12:00:00Z,0.0,-64.739586,-62.614582,NaN
2020-09-22T12:00:00Z,0.0,-64.739586,-62.614582,NaN
2020-09-23T12:00:00Z,0.0,-64.739586,-62.614582,NaN
2020-09-24T12:00:00Z,0.0,-64.739586,-62.614582,NaN
2020-09-25T12:00:00Z,0.0,-64.739586,-62.614582,NaN
2020-09-26T12:00:00Z,0.0,-64.739586,-62.614582,NaN
2020-09-27T12:00:00Z,0.0,-64.739586,-62.614582,NaN
2020-09-28T12:00:00Z,0.0,-64.739586,-62.614582,NaN
2020-09-29T12:00:00Z,0.0,-64.739586,-62.614582,NaN
2020-09-30T12:00:00Z,0.0,-64.739586,-62.614582,NaN
2020-10-01T12:00:00Z,0.0,-64.739586,-62.614582,NaN
2020-10-02T12:00:00Z,0.0,-64.739586,-62.614582,NaN
2020-10-03T12:00:00Z,0.0,-64.739586,-62.614582,NaN
2020-10-04T12:00:00Z,0.0,-64.739586,-62.614582,NaN
2020-10-05T12:00:00Z,0.0,-64.739586,-62.614582,NaN
2020-10-06T12:00:00Z,0.0,-64.739586,-62.614582,NaN
2020-10-07T12:00:00Z,0.0,-64.739586,-62.614582,NaN
2020-10-08T12:00:00Z,0.0,-64.739586,-62.614582,NaN
2020-10-09T12:00:00Z,0.0,-64.739586,-62.614582,NaN
2020-10-10T12:00:00Z,0.0,-64.739586,-62.614582,NaN
2020-10-11T12:00:00Z,0.0,-64.739586,-62.614582,NaN
2020-10-12T12:00:00Z,0.0,-64.739586,-62.614582,NaN
2020-10-13T12:00:00Z,0.0,-64.739586,-62.614582,NaN
2020-10-14T12:00:00Z,0.0,-64.739586,-62.614582,NaN
2020-10-15T12:00:00Z,0.0,-64.739586,-62.614582,NaN
2020-10-16T12:00:00Z,0.0,-64.739586,-62.614582,NaN
2020-10-17T12:00:00Z,0.0,-64.739586,-62.614582,NaN
2020-10-18T12:00:00Z,0.0,-64.739586,-62.614582,NaN
2020-10-19T12:00:00Z,0.0,-64.739586,-62.614582,NaN
2020-10-20T12:00:00Z,0.0,-64.739586,-62.614582,0.1638859
2020-10-21T12:00:00Z,0.0,-64.739586,-62.614582,0.16416624
2020-10-22T12:00:00Z,0.0,-64.739586,-62.614582,0.16485007
2020-10-23T12:00:00Z,0.0,-64.739586,-62.614582,0.16525349
2020-10-24T12:00:00Z,0.0,-64.739586,-62.614582,0.16627753
2020-10-25T12:00:00Z,0.0,-64.739586,-62.614582,0.16624466
2020-10-26T12:00:00Z,0.0,-64.739586,-62.614582,0.16681619
2020-10-27T12:00:00Z,0.0,-64.739586,-62.614582,0.16658539
2020-10-28T12:00:00Z,0.0,-64.739586,-62.614582,0.078897685
2020-10-29T12:00:00Z,0.0,-64.739586,-62.614582,0.16770002
2020-10-30T12:00:00Z,0.0,-64.739586,-62.614582,0.1668965
2020-10-31T12:00:00Z,0.0,-64.739586,-62.614582,0.11580259
2020-11-01T12:00:00Z,0.0,-64.739586,-62.614582,0.167592
2020-11-02T12:00:00Z,0.0,-64.739586,-62.614582,0.16804618
2020-11-03T12:00:00Z,0.0,-64.739586,-62.614582,0.09606054
2020-11-04T12:00:00Z,0.0,-64.739586,-62.614582,0.08972198
2020-11-05T12:00:00Z,0.0,-64.739586,-62.614582,0.09539961
2020-11-06T12:00:00Z,0.0,-64.739586,-62.614582,0.11303158
2020-11-07T12:00:00Z,0.0,-64.739586,-62.614582,0.08682439
2020-11-08T12:00:00Z,0.0,-64.739586,-62.614582,0.0913787
2020-11-09T12:00:00Z,0.0,-64.739586,-62.614582,0.101162076
2020-11-10T12:00:00Z,0.0,-64.739586,-62.614582,0.08908438
2020-11-11T12:00:00Z,0.0,-64.739586,-62.614582,0.09704829
2020-11-12T12:00:00Z,0.0,-64.739586,-62.614582,0.09438931
2020-11-13T12:00:00Z,0.0,-64.739586,-62.614582,0.13835344
2020-11-14T12:00:00Z,0.0,-64.739586,-62.614582,0.13063042
2020-11-15T12:00:00Z,0.0,-64.739586,-62.614582,0.122191146
2020-11-16T12:00:00Z,0.0,-64.739586,-62.614582,0.12399694
2020-11-17T12:00:00Z,0.0,-64.739586,-62.614582,0.1303658
2020-11-18T12:00:00Z,0.0,-64.739586,-62.614582,0.12035303
2020-11-19T12:00:00Z,0.0,-64.739586,-62.614582,0.116303496
2020-11-20T12:00:00Z,0.0,-64.739586,-62.614582,0.120428964
2020-11-21T12:00:00Z,0.0,-64.739586,-62.614582,0.12363314
2020-11-22T12:00:00Z,0.0,-64.739586,-62.614582,0.14910112
2020-11-23T12:00:00Z,0.0,-64.739586,-62.614582,0.13988814
2020-11-24T12:00:00Z,0.0,-64.739586,-62.614582,0.24956726
2020-11-25T12:00:00Z,0.0,-64.739586,-62.614582,0.25869557
2020-11-26T12:00:00Z,0.0,-64.739586,-62.614582,0.25623348
2020-11-27T12:00:00Z,0.0,-64.739586,-62.614582,0.27031845
2020-11-28T12:00:00Z,0.0,-64.739586,-62.614582,0.26224458
2020-11-29T12:00:00Z,0.0,-64.739586,-62.614582,0.30346864
2020-11-30T12:00:00Z,0.0,-64.739586,-62.614582,0.28323093
2020-12-01T12:00:00Z,0.0,-64.739586,-62.614582,0.26954854
2020-12-02T12:00:00Z,0.0,-64.739586,-62.614582,0.30796137
2020-12-03T12:00:00Z,0.0,-64.739586,-62.614582,0.3388678
2020-12-04T12:00:00Z,0.0,-64.739586,-62.614582,0.37394235
2020-12-05T12:00:00Z,0.0,-64.739586,-62.614582,0.3636941
2020-12-06T12:00:00Z,0.0,-64.739586,-62.614582,0.32605487
2020-12-07T12:00:00Z,0.0,-64.739586,-62.614582,0.3677912
2020-12-08T12:00:00Z,0.0,-64.739586,-62.614582,0.4176829
2020-12-09T12:00:00Z,0.0,-64.739586,-62.614582,0.13344918
2020-12-10T12:00:00Z,0.0,-64.739586,-62.614582,0.12568973
2020-12-11T12:00:00Z,0.0,-64.739586,-62.614582,0.11224141
2020-12-12T12:00:00Z,0.0,-64.739586,-62.614582,0.14344312
2020-12-13T12:00:00Z,0.0,-64.739586,-62.614582,0.14513598
2020-12-14T12:00:00Z,0.0,-64.739586,-62.614582,0.12942953
2020-12-15T12:00:00Z,0.0,-64.739586,-62.614582,0.1456777
2020-12-16T12:00:00Z,0.0,-64.739586,-62.614582,0.16006598
2020-12-17T12:00:00Z,0.0,-64.739586,-62.614582,0.14786841
2020-12-18T12:00:00Z,0.0,-64.739586,-62.614582,0.15484157
2020-12-19T12:00:00Z,0.0,-64.739586,-62.614582,0.14916795
2020-12-20T12:00:00Z,0.0,-64.739586,-62.614582,0.1512943
2020-12-21T12:00:00Z,0.0,-64.739586,-62.614582,0.14390887
2020-12-22T12:00:00Z,0.0,-64.739586,-62.614582,0.14548631
2020-12-23T12:00:00Z,0.0,-64.739586,-62.614582,0.12699807
2020-12-24T12:00:00Z,0.0,-64.739586,-62.614582,0.1431218
2020-12-25T12:00:00Z,0.0,-64.739586,-62.614582,0.13373972
2020-12-26T12:00:00Z,0.0,-64.739586,-62.614582,0.14460504
2020-12-27T12:00:00Z,0.0,-64.739586,-62.614582,0.13801526
2020-12-28T12:00:00Z,0.0,-64.739586,-62.614582,0.14525914
2020-12-29T12:00:00Z,0.0,-64.739586,-62.614582,0.1804428
2020-12-30T12:00:00Z,0.0,-64.739586,-62.614582,0.23739636
2020-12-31T12:00:00Z,0.0,-64.739586,-62.614582,0.23978499
2021-01-01T12:00:00Z,0.0,-64.739586,-62.614582,0.24499106
2021-01-02T12:00:00Z,0.0,-64.739586,-62.614582,0.30789638
2021-01-03T12:00:00Z,0.0,-64.739586,-62.614582,0.35837972
2021-01-04T12:00:00Z,0.0,-64.739586,-62.614582,0.30525333
2021-01-05T12:00:00Z,0.0,-64.739586,-62.614582,0.30770236
2021-01-06T12:00:00Z,0.0,-64.739586,-62.614582,0.29875866
2021-01-07T12:00:00Z,0.0,-64.739586,-62.614582,0.33534873
2021-01-08T12:00:00Z,0.0,-64.739586,-62.614582,0.25574675
2021-01-09T12:00:00Z,0.0,-64.739586,-62.614582,0.25633794
2021-01-10T12:00:00Z,0.0,-64.739586,-62.614582,0.2575125
2021-01-11T12:00:00Z,0.0,-64.739586,-62.614582,0.3432827
2021-01-12T12:00:00Z,0.0,-64.739586,-62.614582,0.25816587
2021-01-13T12:00:00Z,0.0,-64.739586,-62.614582,0.2563438
2021-01-14T12:00:00Z,0.0,-64.739586,-62.614582,0.23642038
2021-01-15T12:00:00Z,0.0,-64.739586,-62.614582,0.23742835
2021-01-16T12:00:00Z,0.0,-64.739586,-62.614582,0.2239864
2021-01-17T12:00:00Z,0.0,-64.739586,-62.614582,0.20641808
2021-01-18T12:00:00Z,0.0,-64.739586,-62.614582,0.1989533
2021-01-19T12:00:00Z,0.0,-64.739586,-62.614582,0.20333831
2021-01-20T12:00:00Z,0.0,-64.739586,-62.614582,0.1999472
2021-01-21T12:00:00Z,0.0,-64.739586,-62.614582,0.20032923
2021-01-22T12:00:00Z,0.0,-64.739586,-62.614582,0.21567856
2021-01-23T12:00:00Z,0.0,-64.739586,-62.614582,0.22015859
2021-01-24T12:00:00Z,0.0,-64.739586,-62.614582,0.20586695
2021-01-25T12:00:00Z,0.0,-64.739586,-62.614582,0.20959121
2021-01-26T12:00:00Z,0.0,-64.739586,-62.614582,0.20708029
2021-01-27T12:00:00Z,0.0,-64.739586,-62.614582,0.20601644
2021-01-28T12:00:00Z,0.0,-64.739586,-62.614582,0.20641977
2021-01-29T12:00:00Z,0.0,-64.739586,-62.614582,0.22174954
2021-01-30T12:00:00Z,0.0,-64.739586,-62.614582,0.22281617
2021-01-31T12:00:00Z,0.0,-64.739586,-62.614582,0.2809978
2021-02-01T12:00:00Z,0.0,-64.739586,-62.614582,0.27762127
2021-02-02T12:00:00Z,0.0,-64.739586,-62.614582,0.2579836
2021-02-03T12:00:00Z,0.0,-64.739586,-62.614582,0.24430905
2021-02-04T12:00:00Z,0.0,-64.739586,-62.614582,0.2096116
2021-02-05T12:00:00Z,0.0,-64.739586,-62.614582,0.18634008
2021-02-06T12:00:00Z,0.0,-64.739586,-62.614582,0.18629317
2021-02-07T12:00:00Z,0.0,-64.739586,-62.614582,0.17791004
2021-02-08T12:00:00Z,0.0,-64.739586,-62.614582,0.17370881
2021-02-09T12:00:00Z,0.0,-64.739586,-62.614582,0.17421654
2021-02-10T12:00:00Z,0.0,-64.739586,-62.614582,0.17681792
2021-02-11T12:00:00Z,0.0,-64.739586,-62.614582,0.16243014
2021-02-12T12:00:00Z,0.0,-64.739586,-62.614582,0.15745053
2021-02-13T12:00:00Z,0.0,-64.739586,-62.614582,0.14836255
2021-02-14T12:00:00Z,0.0,-64.739586,-62.614582,0.15027589
2021-02-15T12:00:00Z,0.0,-64.739586,-62.614582,0.13742907
2021-02-16T12:00:00Z,0.0,-64.739586,-62.614582,0.13048245
2021-02-17T12:00:00Z,0.0,-64.739586,-62.614582,0.09344303
2021-02-18T12:00:00Z,0.0,-64.739586,-62.614582,0.086650684
2021-02-19T12:00:00Z,0.0,-64.739586,-62.614582,0.084636554
2021-02-20T12:00:00Z,0.0,-64.739586,-62.614582,0.08237494
2021-02-21T12:00:00Z,0.0,-64.739586,-62.614582,0.3208955
2021-02-22T12:00:00Z,0.0,-64.739586,-62.614582,0.35042524
2021-02-23T12:00:00Z,0.0,-64.739586,-62.614582,0.35883304
2021-02-24T12:00:00Z,0.0,-64.739586,-62.614582,0.39485976
2021-02-25T12:00:00Z,0.0,-64.739586,-62.614582,0.31159618
2021-02-26T12:00:00Z,0.0,-64.739586,-62.614582,0.31306696
2021-02-27T12:00:00Z,0.0,-64.739586,-62.614582,0.34186903
2021-02-28T12:00:00Z,0.0,-64.739586,-62.614582,0.29969537
2021-03-01T12:00:00Z,0.0,-64.739586,-62.614582,0.1345847
2021-03-02T12:00:00Z,0.0,-64.739586,-62.614582,0.14130764
2021-03-03T12:00:00Z,0.0,-64.739586,-62.614582,0.1856306
2021-03-04T12:00:00Z,0.0,-64.739586,-62.614582,0.18644693
2021-03-05T12:00:00Z,0.0,-64.739586,-62.614582,0.20736024
2021-03-06T12:00:00Z,0.0,-64.739586,-62.614582,0.19277118
2021-03-07T12:00:00Z,0.0,-64.739586,-62.614582,0.114490695
2021-03-08T12:00:00Z,0.0,-64.739586,-62.614582,0.1260003
2021-03-09T12:00:00Z,0.0,-64.739586,-62.614582,0.1256667
2021-03-10T12:00:00Z,0.0,-64.739586,-62.614582,0.12358038
2021-03-11T12:00:00Z,0.0,-64.739586,-62.614582,0.13269202
2021-03-12T12:00:00Z,0.0,-64.739586,-62.614582,0.115054116
2021-03-13T12:00:00Z,0.0,-64.739586,-62.614582,0.11349344
2021-03-14T12:00:00Z,0.0,-64.739586,-62.614582,NaN
2021-03-15T12:00:00Z,0.0,-64.739586,-62.614582,NaN
2021-03-16T12:00:00Z,0.0,-64.739586,-62.614582,NaN
2021-03-17T12:00:00Z,0.0,-64.739586,-62.614582,NaN
2021-03-18T12:00:00Z,0.0,-64.739586,-62.614582,NaN
2021-03-19T12:00:00Z,0.0,-64.739586,-62.614582,NaN
2021-03-20T12:00:00Z,0.0,-64.739586,-62.614582,NaN
2021-03-21T12:00:00Z,0.0,-64.739586,-62.614582,NaN
2021-03-22T12:00:00Z,0.0,-64.739586,-62.614582,NaN
2021-03-23T12:00:00Z,0.0,-64.739586,-62.614582,NaN
2021-03-24T12:00:00Z,0.0,-64.739586,-62.614582,NaN
2021-03-25T12:00:00Z,0.0,-64.739586,-62.614582,NaN
2021-03-26T12:00:00Z,0.0,-64.739586,-62.614582,NaN
2021-03-27T12:00:00Z,0.0,-64.739586,-62.614582,NaN
2021-03-28T12:00:00Z,0.0,-64.739586,-62.614582,NaN
2021-03-29T12:00:00Z,0.0,-64.739586,-62.614582,NaN
2021-03-30T12:00:00Z,0.0,-64.739586,-62.614582,NaN
2021-03-31T12:00:00Z,0.0,-64.739586,-62.614582,NaN
2021-04-01T12:00:00Z,0.0,-64.739586,-62.614582,NaN
2021-04-02T12:00:00Z,0.0,-64.739586,-62.614582,NaN
2021-04-03T12:00:00Z,0.0,-64.739586,-62.614582,NaN
2021-04-04T12:00:00Z,0.0,-64.739586,-62.614582,NaN
2021-04-05T12:00:00Z,0.0,-64.739586,-62.614582,NaN
2021-04-06T12:00:00Z,0.0,-64.739586,-62.614582,NaN
2021-04-07T12:00:00Z,0.0,-64.739586,-62.614582,NaN
2021-04-08T12:00:00Z,0.0,-64.739586,-62.614582,NaN
2021-04-09T12:00:00Z,0.0,-64.739586,-62.614582,NaN
2021-04-10T12:00:00Z,0.0,-64.739586,-62.614582,NaN
2021-04-11T12:00:00Z,0.0,-64.739586,-62.614582,NaN
2021-04-12T12:00:00Z,0.0,-64.739586,-62.614582,NaN
2021-04-13T12:00:00Z,0.0,-64.739586,-62.614582,NaN
2021-04-14T12:00:00Z,0.0,-64.739586,-62.614582,NaN
2021-04-15T12:00:00Z,0.0,-64.739586,-62.614582,NaN
2021-04-16T12:00:00Z,0.0,-64.739586,-62.614582,NaN
2021-04-17T12:00:00Z,0.0,-64.739586,-62.614582,NaN
2021-04-18T12:00:00Z,0.0,-64.739586,-62.614582,NaN
2021-04-19T12:00:00Z,0.0,-64.739586,-62.614582,NaN
2021-04-20T12:00:00Z,0.0,-64.739586,-62.614582,NaN
2021-04-21T12:00:00Z,0.0,-64.739586,-62.614582,NaN
2021-04-22T12:00:00Z,0.0,-64.739586,-62.614582,NaN
2021-04-23T12:00:00Z,0.0,-64.739586,-62.614582,NaN
2021-04-24T12:00:00Z,0.0,-64.739586,-62.614582,NaN
2021-04-25T12:00:00Z,0.0,-64.739586,-62.614582,NaN
2021-04-26T12:00:00Z,0.0,-64.739586,-62.614582,NaN
2021-04-27T12:00:00Z,0.0,-64.739586,-62.614582,NaN
2021-04-28T12:00:00Z,0.0,-64.739586,-62.614582,NaN
2021-04-29T12:00:00Z,0.0,-64.739586,-62.614582,NaN
2021-04-30T12:00:00Z,0.0,-64.739586,-62.614582,NaN
2021-05-01T12:00:00Z,0.0,-64.739586,-62.614582,NaN
2021-05-02T12:00:00Z,0.0,-64.739586,-62.614582,NaN
2021-05-03T12:00:00Z,0.0,-64.739586,-62.614582,NaN
2021-05-04T12:00:00Z,0.0,-64.739586,-62.614582,NaN
2021-05-05T12:00:00Z,0.0,-64.739586,-62.614582,NaN
2021-05-06T12:00:00Z,0.0,-64.739586,-62.614582,NaN
2021-05-07T12:00:00Z,0.0,-64.739586,-62.614582,NaN
2021-05-08T12:00:00Z,0.0,-64.739586,-62.614582,NaN
2021-05-09T12:00:00Z,0.0,-64.739586,-62.614582,NaN
2021-05-10T12:00:00Z,0.0,-64.739586,-62.614582,NaN
2021-05-11T12:00:00Z,0.0,-64.739586,-62.614582,NaN
2021-05-12T12:00:00Z,0.0,-64.739586,-62.614582,NaN
2021-05-13T12:00:00Z,0.0,-64.739586,-62.614582,NaN
2021-05-14T12:00:00Z,0.0,-64.739586,-62.614582,NaN
2021-05-15T12:00:00Z,0.0,-64.739586,-62.614582,NaN
2021-05-16T12:00:00Z,0.0,-64.739586,-62.614582,NaN
2021-05-17T12:00:00Z,0.0,-64.739586,-62.614582,NaN
2021-05-18T12:00:00Z,0.0,-64.739586,-62.614582,NaN
2021-05-19T12:00:00Z,0.0,-64.739586,-62.614582,NaN
2021-05-20T12:00:00Z,0.0,-64.739586,-62.614582,NaN
2021-05-21T12:00:00Z,0.0,-64.739586,-62.614582,NaN
2021-05-22T12:00:00Z,0.0,-64.739586,-62.614582,NaN
2021-05-23T12:00:00Z,0.0,-64.739586,-62.614582,NaN
2021-05-24T12:00:00Z,0.0,-64.739586,-62.614582,NaN
2021-05-25T12:00:00Z,0.0,-64.739586,-62.614582,NaN
2021-05-26T12:00:00Z,0.0,-64.739586,-62.614582,NaN
2021-05-27T12:00:00Z,0.0,-64.739586,-62.614582,NaN
2021-05-28T12:00:00Z,0.0,-64.739586,-62.614582,NaN
2021-05-29T12:00:00Z,0.0,-64.739586,-62.614582,NaN
2021-05-30T12:00:00Z,0.0,-64.739586,-62.614582,NaN
2021-05-31T12:00:00Z,0.0,-64.739586,-62.614582,NaN
2021-06-01T12:00:00Z,0.0,-64.739586,-62.614582,NaN
2021-06-02T12:00:00Z,0.0,-64.739586,-62.614582,NaN
2021-06-03T12:00:00Z,0.0,-64.739586,-62.614582,NaN
2021-06-04T12:00:00Z,0.0,-64.739586,-62.614582,NaN
2021-06-05T12:00:00Z,0.0,-64.739586,-62.614582,NaN
2021-06-06T12:00:00Z,0.0,-64.739586,-62.614582,NaN
2021-06-07T12:00:00Z,0.0,-64.739586,-62.614582,NaN
2021-06-08T12:00:00Z,0.0,-64.739586,-62.614582,NaN
2021-06-09T12:00:00Z,0.0,-64.739586,-62.614582,NaN
2021-06-10T12:00:00Z,0.0,-64.739586,-62.614582,NaN
2021-06-11T12:00:00Z,0.0,-64.739586,-62.614582,NaN
2021-06-12T12:00:00Z,0.0,-64.739586,-62.614582,NaN
2021-06-13T12:00:00Z,0.0,-64.739586,-62.614582,NaN
2021-06-14T12:00:00Z,0.0,-64.739586,-62.614582,NaN
2021-06-15T12:00:00Z,0.0,-64.739586,-62.614582,NaN
2021-06-16T12:00:00Z,0.0,-64.739586,-62.614582,NaN
2021-06-17T12:00:00Z,0.0,-64.739586,-62.614582,NaN
2021-06-18T12:00:00Z,0.0,-64.739586,-62.614582,NaN
2021-06-19T12:00:00Z,0.0,-64.739586,-62.614582,NaN
2021-06-20T12:00:00Z,0.0,-64.739586,-62.614582,NaN
2021-06-21T12:00:00Z,0.0,-64.739586,-62.614582,NaN
2021-06-22T12:00:00Z,0.0,-64.739586,-62.614582,NaN
2021-06-23T12:00:00Z,0.0,-64.739586,-62.614582,NaN
2021-06-24T12:00:00Z,0.0,-64.739586,-62.614582,NaN
2021-06-25T12:00:00Z,0.0,-64.739586,-62.614582,NaN
2021-06-26T12:00:00Z,0.0,-64.739586,-62.614582,NaN
2021-06-27T12:00:00Z,0.0,-64.739586,-62.614582,NaN
2021-06-28T12:00:00Z,0.0,-64.739586,-62.614582,NaN
2021-06-29T12:00:00Z,0.0,-64.739586,-62.614582,NaN
2021-06-30T12:00:00Z,0.0,-64.739586,-62.614582,NaN
2021-07-01T12:00:00Z,0.0,-64.739586,-62.614582,NaN
2021-07-02T12:00:00Z,0.0,-64.739586,-62.614582,NaN
2021-07-03T12:00:00Z,0.0,-64.739586,-62.614582,NaN
2021-07-04T12:00:00Z,0.0,-64.739586,-62.614582,NaN
2021-07-05T12:00:00Z,0.0,-64.739586,-62.614582,NaN
2021-07-06T12:00:00Z,0.0,-64.739586,-62.614582,NaN
2021-07-07T12:00:00Z,0.0,-64.739586,-62.614582,NaN
2021-07-08T12:00:00Z,0.0,-64.739586,-62.614582,NaN
2021-07-09T12:00:00Z,0.0,-64.739586,-62.614582,NaN
2021-07-10T12:00:00Z,0.0,-64.739586,-62.614582,NaN
2021-07-11T12:00:00Z,0.0,-64.739586,-62.614582,NaN
2021-07-12T12:00:00Z,0.0,-64.739586,-62.614582,NaN
2021-07-13T12:00:00Z,0.0,-64.739586,-62.614582,NaN
2021-07-14T12:00:00Z,0.0,-64.739586,-62.614582,NaN
2021-07-15T12:00:00Z,0.0,-64.739586,-62.614582,NaN
2021-07-16T12:00:00Z,0.0,-64.739586,-62.614582,NaN
2021-07-17T12:00:00Z,0.0,-64.739586,-62.614582,NaN
2021-07-18T12:00:00Z,0.0,-64.739586,-62.614582,NaN
2021-07-19T12:00:00Z,0.0,-64.739586,-62.614582,NaN
2021-07-20T12:00:00Z,0.0,-64.739586,-62.614582,NaN
2021-07-21T12:00:00Z,0.0,-64.739586,-62.614582,NaN
2021-07-22T12:00:00Z,0.0,-64.739586,-62.614582,NaN
2021-07-23T12:00:00Z,0.0,-64.739586,-62.614582,NaN
2021-07-24T12:00:00Z,0.0,-64.739586,-62.614582,NaN
2021-07-25T12:00:00Z,0.0,-64.739586,-62.614582,NaN
2021-07-26T12:00:00Z,0.0,-64.739586,-62.614582,NaN
2021-07-27T12:00:00Z,0.0,-64.739586,-62.614582,NaN
2021-07-28T12:00:00Z,0.0,-64.739586,-62.614582,NaN
2021-07-29T12:00:00Z,0.0,-64.739586,-62.614582,NaN
2021-07-30T12:00:00Z,0.0,-64.739586,-62.614582,NaN
2021-07-31T12:00:00Z,0.0,-64.739586,-62.614582,NaN
2021-08-01T12:00:00Z,0.0,-64.739586,-62.614582,NaN
2021-08-02T12:00:00Z,0.0,-64.739586,-62.614582,NaN
2021-08-03T12:00:00Z,0.0,-64.739586,-62.614582,NaN
2021-08-04T12:00:00Z,0.0,-64.739586,-62.614582,NaN
2021-08-05T12:00:00Z,0.0,-64.739586,-62.614582,NaN
2021-08-06T12:00:00Z,0.0,-64.739586,-62.614582,NaN
2021-08-07T12:00:00Z,0.0,-64.739586,-62.614582,NaN
2021-08-08T12:00:00Z,0.0,-64.739586,-62.614582,NaN
2021-08-09T12:00:00Z,0.0,-64.739586,-62.614582,NaN
2021-08-10T12:00:00Z,0.0,-64.739586,-62.614582,NaN
2021-08-11T12:00:00Z,0.0,-64.739586,-62.614582,NaN
2021-08-12T12:00:00Z,0.0,-64.739586,-62.614582,NaN
2021-08-13T12:00:00Z,0.0,-64.739586,-62.614582,NaN
2021-08-14T12:00:00Z,0.0,-64.739586,-62.614582,NaN
2021-08-15T12:00:00Z,0.0,-64.739586,-62.614582,NaN
2021-08-16T12:00:00Z,0.0,-64.739586,-62.614582,NaN
2021-08-17T12:00:00Z,0.0,-64.739586,-62.614582,NaN
2021-08-18T12:00:00Z,0.0,-64.739586,-62.614582,NaN
2021-08-19T12:00:00Z,0.0,-64.739586,-62.614582,NaN
2021-08-20T12:00:00Z,0.0,-64.739586,-62.614582,NaN
2021-08-21T12:00:00Z,0.0,-64.739586,-62.614582,NaN
2021-08-22T12:00:00Z,0.0,-64.739586,-62.614582,NaN
2021-08-23T12:00:00Z,0.0,-64.739586,-62.614582,NaN
2021-08-24T12:00:00Z,0.0,-64.739586,-62.614582,NaN
2021-08-25T12:00:00Z,0.0,-64.739586,-62.614582,NaN
2021-08-26T12:00:00Z,0.0,-64.739586,-62.614582,NaN
2021-08-27T12:00:00Z,0.0,-64.739586,-62.614582,NaN
2021-08-28T12:00:00Z,0.0,-64.739586,-62.614582,NaN
2021-08-29T12:00:00Z,0.0,-64.739586,-62.614582,NaN
2021-08-30T12:00:00Z,0.0,-64.739586,-62.614582,NaN
2021-08-31T12:00:00Z,0.0,-64.739586,-62.614582,NaN
2021-09-01T12:00:00Z,0.0,-64.739586,-62.614582,NaN
2021-09-02T12:00:00Z,0.0,-64.739586,-62.614582,NaN
2021-09-03T12:00:00Z,0.0,-64.739586,-62.614582,NaN
2021-09-04T12:00:00Z,0.0,-64.739586,-62.614582,NaN
2021-09-05T12:00:00Z,0.0,-64.739586,-62.614582,NaN
2021-09-06T12:00:00Z,0.0,-64.739586,-62.614582,NaN
2021-09-07T12:00:00Z,0.0,-64.739586,-62.614582,NaN
2021-09-08T12:00:00Z,0.0,-64.739586,-62.614582,NaN
2021-09-09T12:00:00Z,0.0,-64.739586,-62.614582,NaN
2021-09-10T12:00:00Z,0.0,-64.739586,-62.614582,NaN
2021-09-11T12:00:00Z,0.0,-64.739586,-62.614582,NaN
2021-09-12T12:00:00Z,0.0,-64.739586,-62.614582,NaN
2021-09-13T12:00:00Z,0.0,-64.739586,-62.614582,NaN
2021-09-14T12:00:00Z,0.0,-64.739586,-62.614582,NaN
2021-09-15T12:00:00Z,0.0,-64.739586,-62.614582,NaN
2021-09-16T12:00:00Z,0.0,-64.739586,-62.614582,NaN
2021-09-17T12:00:00Z,0.0,-64.739586,-62.614582,NaN
2021-09-18T12:00:00Z,0.0,-64.739586,-62.614582,NaN
2021-09-19T12:00:00Z,0.0,-64.739586,-62.614582,NaN
2021-09-20T12:00:00Z,0.0,-64.739586,-62.614582,NaN
2021-09-21T12:00:00Z,0.0,-64.739586,-62.614582,NaN
2021-09-22T12:00:00Z,0.0,-64.739586,-62.614582,NaN
2021-09-23T12:00:00Z,0.0,-64.739586,-62.614582,NaN
2021-09-24T12:00:00Z,0.0,-64.739586,-62.614582,NaN
2021-09-25T12:00:00Z,0.0,-64.739586,-62.614582,NaN
2021-09-26T12:00:00Z,0.0,-64.739586,-62.614582,NaN
2021-09-27T12:00:00Z,0.0,-64.739586,-62.614582,NaN
2021-09-28T12:00:00Z,0.0,-64.739586,-62.614582,NaN
2021-09-29T12:00:00Z,0.0,-64.739586,-62.614582,NaN
2021-09-30T12:00:00Z,0.0,-64.739586,-62.614582,NaN
2021-10-01T12:00:00Z,0.0,-64.739586,-62.614582,NaN
2021-10-02T12:00:00Z,0.0,-64.739586,-62.614582,NaN
2021-10-03T12:00:00Z,0.0,-64.739586,-62.614582,NaN
2021-10-04T12:00:00Z,0.0,-64.739586,-62.614582,NaN
2021-10-05T12:00:00Z,0.0,-64.739586,-62.614582,NaN
2021-10-06T12:00:00Z,0.0,-64.739586,-62.614582,NaN
2021-10-07T12:00:00Z,0.0,-64.739586,-62.614582,NaN
2021-10-08T12:00:00Z,0.0,-64.739586,-62.614582,NaN
2021-10-09T12:00:00Z,0.0,-64.739586,-62.614582,NaN
2021-10-10T12:00:00Z,0.0,-64.739586,-62.614582,NaN
2021-10-11T12:00:00Z,0.0,-64.739586,-62.614582,NaN
2021-10-12T12:00:00Z,0.0,-64.739586,-62.614582,NaN
2021-10-13T12:00:00Z,0.0,-64.739586,-62.614582,NaN
2021-10-14T12:00:00Z,0.0,-64.739586,-62.614582,NaN
2021-10-15T12:00:00Z,0.0,-64.739586,-62.614582,NaN
2021-10-16T12:00:00Z,0.0,-64.739586,-62.614582,NaN
2021-10-17T12:00:00Z,0.0,-64.739586,-62.614582,NaN
2021-10-18T12:00:00Z,0.0,-64.739586,-62.614582,NaN
2021-10-19T12:00:00Z,0.0,-64.739586,-62.614582,NaN
2021-10-20T12:00:00Z,0.0,-64.739586,-62.614582,NaN
2021-10-21T12:00:00Z,0.0,-64.739586,-62.614582,0.14891385
2021-10-22T12:00:00Z,0.0,-64.739586,-62.614582,0.14751382
2021-10-23T12:00:00Z,0.0,-64.739586,-62.614582,0.16340259
2021-10-24T12:00:00Z,0.0,-64.739586,-62.614582,0.16798624
2021-10-25T12:00:00Z,0.0,-64.739586,-62.614582,0.1664638
2021-10-26T12:00:00Z,0.0,-64.739586,-62.614582,0.14671324
2021-10-27T12:00:00Z,0.0,-64.739586,-62.614582,0.14947444
2021-10-28T12:00:00Z,0.0,-64.739586,-62.614582,0.15327862
2021-10-29T12:00:00Z,0.0,-64.739586,-62.614582,0.0594609
2021-10-30T12:00:00Z,0.0,-64.739586,-62.614582,0.049880978
2021-10-31T12:00:00Z,0.0,-64.739586,-62.614582,0.05491142
2021-11-01T12:00:00Z,0.0,-64.739586,-62.614582,0.07107163
2021-11-02T12:00:00Z,0.0,-64.739586,-62.614582,0.06666621
2021-11-03T12:00:00Z,0.0,-64.739586,-62.614582,0.06556492
2021-11-04T12:00:00Z,0.0,-64.739586,-62.614582,0.063752964
2021-11-05T12:00:00Z,0.0,-64.739586,-62.614582,0.08160142
2021-11-06T12:00:00Z,0.0,-64.739586,-62.614582,0.09816177
2021-11-07T12:00:00Z,0.0,-64.739586,-62.614582,0.109383866
2021-11-08T12:00:00Z,0.0,-64.739586,-62.614582,0.10949091
2021-11-09T12:00:00Z,0.0,-64.739586,-62.614582,0.11375291
2021-11-10T12:00:00Z,0.0,-64.739586,-62.614582,0.10219857
2021-11-11T12:00:00Z,0.0,-64.739586,-62.614582,0.110582754
2021-11-12T12:00:00Z,0.0,-64.739586,-62.614582,0.107744806
2021-11-13T12:00:00Z,0.0,-64.739586,-62.614582,0.11172153
2021-11-14T12:00:00Z,0.0,-64.739586,-62.614582,0.119610935
2021-11-15T12:00:00Z,0.0,-64.739586,-62.614582,0.111445665
2021-11-16T12:00:00Z,0.0,-64.739586,-62.614582,0.11473
2021-11-17T12:00:00Z,0.0,-64.739586,-62.614582,0.117947705
2021-11-18T12:00:00Z,0.0,-64.739586,-62.614582,0.21286383
2021-11-19T12:00:00Z,0.0,-64.739586,-62.614582,0.19821514
2021-11-20T12:00:00Z,0.0,-64.739586,-62.614582,0.20869866
2021-11-21T12:00:00Z,0.0,-64.739586,-62.614582,0.18291703
2021-11-22T12:00:00Z,0.0,-64.739586,-62.614582,0.17169905
2021-11-23T12:00:00Z,0.0,-64.739586,-62.614582,0.1733493
2021-11-24T12:00:00Z,0.0,-64.739586,-62.614582,0.17410927
2021-11-25T12:00:00Z,0.0,-64.739586,-62.614582,0.16445228
2021-11-26T12:00:00Z,0.0,-64.739586,-62.614582,0.17832401
2021-11-27T12:00:00Z,0.0,-64.739586,-62.614582,0.19192234
2021-11-28T12:00:00Z,0.0,-64.739586,-62.614582,0.16190614
2021-11-29T12:00:00Z,0.0,-64.739586,-62.614582,0.17496076
2021-11-30T12:00:00Z,0.0,-64.739586,-62.614582,0.14994393
2021-12-01T12:00:00Z,0.0,-64.739586,-62.614582,0.15019862
2021-12-02T12:00:00Z,0.0,-64.739586,-62.614582,0.14887603
2021-12-03T12:00:00Z,0.0,-64.739586,-62.614582,0.15011357
2021-12-04T12:00:00Z,0.0,-64.739586,-62.614582,0.1553799
2021-12-05T12:00:00Z,0.0,-64.739586,-62.614582,0.14755595
2021-12-06T12:00:00Z,0.0,-64.739586,-62.614582,0.18044496
2021-12-07T12:00:00Z,0.0,-64.739586,-62.614582,0.16968203
2021-12-08T12:00:00Z,0.0,-64.739586,-62.614582,0.17257322
2021-12-09T12:00:00Z,0.0,-64.739586,-62.614582,0.18604387
2021-12-10T12:00:00Z,0.0,-64.739586,-62.614582,0.17313875
2021-12-11T12:00:00Z,0.0,-64.739586,-62.614582,0.17289482
2021-12-12T12:00:00Z,0.0,-64.739586,-62.614582,0.17630446
2021-12-13T12:00:00Z,0.0,-64.739586,-62.614582,0.25421682
2021-12-14T12:00:00Z,0.0,-64.739586,-62.614582,0.16265002
2021-12-15T12:00:00Z,0.0,-64.739586,-62.614582,0.15881981
2021-12-16T12:00:00Z,0.0,-64.739586,-62.614582,0.16530153
2021-12-17T12:00:00Z,0.0,-64.739586,-62.614582,0.16150407
2021-12-18T12:00:00Z,0.0,-64.739586,-62.614582,0.16812925
2021-12-19T12:00:00Z,0.0,-64.739586,-62.614582,0.16477987
2021-12-20T12:00:00Z,0.0,-64.739586,-62.614582,0.1630663
2021-12-21T12:00:00Z,0.0,-64.739586,-62.614582,0.29883048
2021-12-22T12:00:00Z,0.0,-64.739586,-62.614582,0.24893913
2021-12-23T12:00:00Z,0.0,-64.739586,-62.614582,0.21587786
2021-12-24T12:00:00Z,0.0,-64.739586,-62.614582,0.21439502
2021-12-25T12:00:00Z,0.0,-64.739586,-62.614582,0.2199402
2021-12-26T12:00:00Z,0.0,-64.739586,-62.614582,0.22320049
2021-12-27T12:00:00Z,0.0,-64.739586,-62.614582,0.2221078
2021-12-28T12:00:00Z,0.0,-64.739586,-62.614582,0.22494286
2021-12-29T12:00:00Z,0.0,-64.739586,-62.614582,0.18884301
2021-12-30T12:00:00Z,0.0,-64.739586,-62.614582,0.18938585
2021-12-31T12:00:00Z,0.0,-64.739586,-62.614582,0.20011128
2022-01-01T12:00:00Z,0.0,-64.739586,-62.614582,0.19613266
2022-01-02T12:00:00Z,0.0,-64.739586,-62.614582,0.1967892
2022-01-03T12:00:00Z,0.0,-64.739586,-62.614582,0.16232537
2022-01-04T12:00:00Z,0.0,-64.739586,-62.614582,0.1696316
2022-01-05T12:00:00Z,0.0,-64.739586,-62.614582,0.17582387
2022-01-06T12:00:00Z,0.0,-64.739586,-62.614582,0.17954911
2022-01-07T12:00:00Z,0.0,-64.739586,-62.614582,0.17604056
2022-01-08T12:00:00Z,0.0,-64.739586,-62.614582,0.1771311
2022-01-09T12:00:00Z,0.0,-64.739586,-62.614582,0.17907786
2022-01-10T12:00:00Z,0.0,-64.739586,-62.614582,0.1789156
2022-01-11T12:00:00Z,0.0,-64.739586,-62.614582,0.17305014
2022-01-12T12:00:00Z,0.0,-64.739586,-62.614582,0.16824406
2022-01-13T12:00:00Z,0.0,-64.739586,-62.614582,0.16636181
2022-01-14T12:00:00Z,0.0,-64.739586,-62.614582,0.15679732
2022-01-15T12:00:00Z,0.0,-64.739586,-62.614582,0.15121007
2022-01-16T12:00:00Z,0.0,-64.739586,-62.614582,0.19131841
2022-01-17T12:00:00Z,0.0,-64.739586,-62.614582,0.20713283
2022-01-18T12:00:00Z,0.0,-64.739586,-62.614582,0.209218
2022-01-19T12:00:00Z,0.0,-64.739586,-62.614582,0.20695454
2022-01-20T12:00:00Z,0.0,-64.739586,-62.614582,0.20818461
2022-01-21T12:00:00Z,0.0,-64.739586,-62.614582,0.17474815
2022-01-22T12:00:00Z,0.0,-64.739586,-62.614582,0.18343502
2022-01-23T12:00:00Z,0.0,-64.739586,-62.614582,0.185078
2022-01-24T12:00:00Z,0.0,-64.739586,-62.614582,0.1910117
2022-01-25T12:00:00Z,0.0,-64.739586,-62.614582,0.19960406
2022-01-26T12:00:00Z,0.0,-64.739586,-62.614582,0.20616251
2022-01-27T12:00:00Z,0.0,-64.739586,-62.614582,0.18589069
2022-01-28T12:00:00Z,0.0,-64.739586,-62.614582,0.17742968
2022-01-29T12:00:00Z,0.0,-64.739586,-62.614582,0.17689787
2022-01-30T12:00:00Z,0.0,-64.739586,-62.614582,0.17232884
2022-01-31T12:00:00Z,0.0,-64.739586,-62.614582,0.17012711
2022-02-01T12:00:00Z,0.0,-64.739586,-62.614582,0.17284928
2022-02-02T12:00:00Z,0.0,-64.739586,-62.614582,0.15797593
2022-02-03T12:00:00Z,0.0,-64.739586,-62.614582,0.15062228
2022-02-04T12:00:00Z,0.0,-64.739586,-62.614582,0.14293954
2022-02-05T12:00:00Z,0.0,-64.739586,-62.614582,0.14584847
2022-02-06T12:00:00Z,0.0,-64.739586,-62.614582,0.18096784
2022-02-07T12:00:00Z,0.0,-64.739586,-62.614582,0.18466608
2022-02-08T12:00:00Z,0.0,-64.739586,-62.614582,0.18665273
2022-02-09T12:00:00Z,0.0,-64.739586,-62.614582,0.19016705
2022-02-10T12:00:00Z,0.0,-64.739586,-62.614582,0.23755512
2022-02-11T12:00:00Z,0.0,-64.739586,-62.614582,0.24114442
2022-02-12T12:00:00Z,0.0,-64.739586,-62.614582,0.25261092
2022-02-13T12:00:00Z,0.0,-64.739586,-62.614582,0.25718176
2022-02-14T12:00:00Z,0.0,-64.739586,-62.614582,0.24458995
2022-02-15T12:00:00Z,0.0,-64.739586,-62.614582,0.2706792
2022-02-16T12:00:00Z,0.0,-64.739586,-62.614582,0.28961694
2022-02-17T12:00:00Z,0.0,-64.739586,-62.614582,0.28064048
2022-02-18T12:00:00Z,0.0,-64.739586,-62.614582,0.29613572
2022-02-19T12:00:00Z,0.0,-64.739586,-62.614582,0.2220524
2022-02-20T12:00:00Z,0.0,-64.739586,-62.614582,0.21714944
2022-02-21T12:00:00Z,0.0,-64.739586,-62.614582,0.22015586
2022-02-22T12:00:00Z,0.0,-64.739586,-62.614582,0.21725622
2022-02-23T12:00:00Z,0.0,-64.739586,-62.614582,0.21347937
2022-02-24T12:00:00Z,0.0,-64.739586,-62.614582,0.20346446
2022-02-25T12:00:00Z,0.0,-64.739586,-62.614582,0.2061736
2022-02-26T12:00:00Z,0.0,-64.739586,-62.614582,0.1881818
2022-02-27T12:00:00Z,0.0,-64.739586,-62.614582,0.1607442
2022-02-28T12:00:00Z,0.0,-64.739586,-62.614582,0.14898989
2022-03-01T12:00:00Z,0.0,-64.739586,-62.614582,0.13516343
2022-03-02T12:00:00Z,0.0,-64.739586,-62.614582,0.13615574
2022-03-03T12:00:00Z,0.0,-64.739586,-62.614582,0.13187492
2022-03-04T12:00:00Z,0.0,-64.739586,-62.614582,0.1323795
2022-03-05T12:00:00Z,0.0,-64.739586,-62.614582,0.13756336
2022-03-06T12:00:00Z,0.0,-64.739586,-62.614582,0.13840625
2022-03-07T12:00:00Z,0.0,-64.739586,-62.614582,0.13036898
2022-03-08T12:00:00Z,0.0,-64.739586,-62.614582,0.121610455
2022-03-09T12:00:00Z,0.0,-64.739586,-62.614582,0.12563138
2022-03-10T12:00:00Z,0.0,-64.739586,-62.614582,0.12536187
2022-03-11T12:00:00Z,0.0,-64.739586,-62.614582,0.11424666
2022-03-12T12:00:00Z,0.0,-64.739586,-62.614582,0.12912819
2022-03-13T12:00:00Z,0.0,-64.739586,-62.614582,0.13299641
2022-03-14T12:00:00Z,0.0,-64.739586,-62.614582,NaN
2022-03-15T12:00:00Z,0.0,-64.739586,-62.614582,NaN
2022-03-16T12:00:00Z,0.0,-64.739586,-62.614582,NaN
2022-03-17T12:00:00Z,0.0,-64.739586,-62.614582,NaN
2022-03-18T12:00:00Z,0.0,-64.739586,-62.614582,NaN
2022-03-19T12:00:00Z,0.0,-64.739586,-62.614582,NaN
2022-03-20T12:00:00Z,0.0,-64.739586,-62.614582,NaN
2022-03-21T12:00:00Z,0.0,-64.739586,-62.614582,NaN
2022-03-22T12:00:00Z,0.0,-64.739586,-62.614582,NaN
2022-03-23T12:00:00Z,0.0,-64.739586,-62.614582,NaN
2022-03-24T12:00:00Z,0.0,-64.739586,-62.614582,NaN
2022-03-25T12:00:00Z,0.0,-64.739586,-62.614582,NaN
2022-03-26T12:00:00Z,0.0,-64.739586,-62.614582,NaN
2022-03-27T12:00:00Z,0.0,-64.739586,-62.614582,NaN
2022-03-28T12:00:00Z,0.0,-64.739586,-62.614582,NaN
2022-03-29T12:00:00Z,0.0,-64.739586,-62.614582,NaN
2022-03-30T12:00:00Z,0.0,-64.739586,-62.614582,NaN
2022-03-31T12:00:00Z,0.0,-64.739586,-62.614582,NaN
2022-04-01T12:00:00Z,0.0,-64.739586,-62.614582,NaN
2022-04-02T12:00:00Z,0.0,-64.739586,-62.614582,NaN
2022-04-03T12:00:00Z,0.0,-64.739586,-62.614582,NaN
2022-04-04T12:00:00Z,0.0,-64.739586,-62.614582,NaN
2022-04-05T12:00:00Z,0.0,-64.739586,-62.614582,NaN
2022-04-06T12:00:00Z,0.0,-64.739586,-62.614582,NaN
2022-04-07T12:00:00Z,0.0,-64.739586,-62.614582,NaN
2022-04-08T12:00:00Z,0.0,-64.739586,-62.614582,NaN
2022-04-09T12:00:00Z,0.0,-64.739586,-62.614582,NaN
2022-04-10T12:00:00Z,0.0,-64.739586,-62.614582,NaN
2022-04-11T12:00:00Z,0.0,-64.739586,-62.614582,NaN
2022-04-12T12:00:00Z,0.0,-64.739586,-62.614582,NaN
2022-04-13T12:00:00Z,0.0,-64.739586,-62.614582,NaN
2022-04-14T12:00:00Z,0.0,-64.739586,-62.614582,NaN
2022-04-15T12:00:00Z,0.0,-64.739586,-62.614582,NaN
2022-04-16T12:00:00Z,0.0,-64.739586,-62.614582,NaN
2022-04-17T12:00:00Z,0.0,-64.739586,-62.614582,NaN
2022-04-18T12:00:00Z,0.0,-64.739586,-62.614582,NaN
2022-04-19T12:00:00Z,0.0,-64.739586,-62.614582,NaN
2022-04-20T12:00:00Z,0.0,-64.739586,-62.614582,NaN
2022-04-21T12:00:00Z,0.0,-64.739586,-62.614582,NaN
2022-04-22T12:00:00Z,0.0,-64.739586,-62.614582,NaN
2022-04-23T12:00:00Z,0.0,-64.739586,-62.614582,NaN
2022-04-24T12:00:00Z,0.0,-64.739586,-62.614582,NaN
2022-04-25T12:00:00Z,0.0,-64.739586,-62.614582,NaN
2022-04-26T12:00:00Z,0.0,-64.739586,-62.614582,NaN
2022-04-27T12:00:00Z,0.0,-64.739586,-62.614582,NaN
2022-04-28T12:00:00Z,0.0,-64.739586,-62.614582,NaN
2022-04-29T12:00:00Z,0.0,-64.739586,-62.614582,NaN
2022-04-30T12:00:00Z,0.0,-64.739586,-62.614582,NaN
2022-05-01T12:00:00Z,0.0,-64.739586,-62.614582,NaN
2022-05-02T12:00:00Z,0.0,-64.739586,-62.614582,NaN
2022-05-03T12:00:00Z,0.0,-64.739586,-62.614582,NaN
2022-05-04T12:00:00Z,0.0,-64.739586,-62.614582,NaN
2022-05-05T12:00:00Z,0.0,-64.739586,-62.614582,NaN
2022-05-06T12:00:00Z,0.0,-64.739586,-62.614582,NaN
2022-05-07T12:00:00Z,0.0,-64.739586,-62.614582,NaN
2022-05-08T12:00:00Z,0.0,-64.739586,-62.614582,NaN
2022-05-09T12:00:00Z,0.0,-64.739586,-62.614582,NaN
2022-05-10T12:00:00Z,0.0,-64.739586,-62.614582,NaN
2022-05-11T12:00:00Z,0.0,-64.739586,-62.614582,NaN
2022-05-12T12:00:00Z,0.0,-64.739586,-62.614582,NaN
2022-05-13T12:00:00Z,0.0,-64.739586,-62.614582,NaN
2022-05-14T12:00:00Z,0.0,-64.739586,-62.614582,NaN
2022-05-15T12:00:00Z,0.0,-64.739586,-62.614582,NaN
2022-05-16T12:00:00Z,0.0,-64.739586,-62.614582,NaN
2022-05-17T12:00:00Z,0.0,-64.739586,-62.614582,NaN
2022-05-18T12:00:00Z,0.0,-64.739586,-62.614582,NaN
2022-05-19T12:00:00Z,0.0,-64.739586,-62.614582,NaN
2022-05-20T12:00:00Z,0.0,-64.739586,-62.614582,NaN
2022-05-21T12:00:00Z,0.0,-64.739586,-62.614582,NaN
2022-05-22T12:00:00Z,0.0,-64.739586,-62.614582,NaN
2022-05-23T12:00:00Z,0.0,-64.739586,-62.614582,NaN
2022-05-24T12:00:00Z,0.0,-64.739586,-62.614582,NaN
2022-05-25T12:00:00Z,0.0,-64.739586,-62.614582,NaN
2022-05-26T12:00:00Z,0.0,-64.739586,-62.614582,NaN
2022-05-27T12:00:00Z,0.0,-64.739586,-62.614582,NaN
2022-05-28T12:00:00Z,0.0,-64.739586,-62.614582,NaN
2022-05-29T12:00:00Z,0.0,-64.739586,-62.614582,NaN
2022-05-30T12:00:00Z,0.0,-64.739586,-62.614582,NaN
2022-05-31T12:00:00Z,0.0,-64.739586,-62.614582,NaN
2022-06-01T12:00:00Z,0.0,-64.739586,-62.614582,NaN
2022-06-02T12:00:00Z,0.0,-64.739586,-62.614582,NaN
2022-06-03T12:00:00Z,0.0,-64.739586,-62.614582,NaN
2022-06-04T12:00:00Z,0.0,-64.739586,-62.614582,NaN
2022-06-05T12:00:00Z,0.0,-64.739586,-62.614582,NaN
2022-06-06T12:00:00Z,0.0,-64.739586,-62.614582,NaN
2022-06-07T12:00:00Z,0.0,-64.739586,-62.614582,NaN
2022-06-08T12:00:00Z,0.0,-64.739586,-62.614582,NaN
2022-06-09T12:00:00Z,0.0,-64.739586,-62.614582,NaN
2022-06-10T12:00:00Z,0.0,-64.739586,-62.614582,NaN
2022-06-11T12:00:00Z,0.0,-64.739586,-62.614582,NaN
2022-06-12T12:00:00Z,0.0,-64.739586,-62.614582,NaN
2022-06-13T12:00:00Z,0.0,-64.739586,-62.614582,NaN
2022-06-14T12:00:00Z,0.0,-64.739586,-62.614582,NaN
2022-06-15T12:00:00Z,0.0,-64.739586,-62.614582,NaN
2022-06-16T12:00:00Z,0.0,-64.739586,-62.614582,NaN
2022-06-17T12:00:00Z,0.0,-64.739586,-62.614582,NaN
2022-06-18T12:00:00Z,0.0,-64.739586,-62.614582,NaN
2022-06-19T12:00:00Z,0.0,-64.739586,-62.614582,NaN
2022-06-20T12:00:00Z,0.0,-64.739586,-62.614582,NaN
2022-06-21T12:00:00Z,0.0,-64.739586,-62.614582,NaN
2022-06-22T12:00:00Z,0.0,-64.739586,-62.614582,NaN
2022-06-23T12:00:00Z,0.0,-64.739586,-62.614582,NaN
2022-06-24T12:00:00Z,0.0,-64.739586,-62.614582,NaN
2022-06-25T12:00:00Z,0.0,-64.739586,-62.614582,NaN
2022-06-26T12:00:00Z,0.0,-64.739586,-62.614582,NaN
2022-06-27T12:00:00Z,0.0,-64.739586,-62.614582,NaN
2022-06-28T12:00:00Z,0.0,-64.739586,-62.614582,NaN
2022-06-29T12:00:00Z,0.0,-64.739586,-62.614582,NaN
2022-06-30T12:00:00Z,0.0,-64.739586,-62.614582,NaN
2022-07-01T12:00:00Z,0.0,-64.739586,-62.614582,NaN
2022-07-02T12:00:00Z,0.0,-64.739586,-62.614582,NaN
2022-07-03T12:00:00Z,0.0,-64.739586,-62.614582,NaN
2022-07-04T12:00:00Z,0.0,-64.739586,-62.614582,NaN
2022-07-05T12:00:00Z,0.0,-64.739586,-62.614582,NaN
2022-07-06T12:00:00Z,0.0,-64.739586,-62.614582,NaN
2022-07-07T12:00:00Z,0.0,-64.739586,-62.614582,NaN
2022-07-08T12:00:00Z,0.0,-64.739586,-62.614582,NaN
2022-07-09T12:00:00Z,0.0,-64.739586,-62.614582,NaN
2022-07-10T12:00:00Z,0.0,-64.739586,-62.614582,NaN
2022-07-11T12:00:00Z,0.0,-64.739586,-62.614582,NaN
2022-07-12T12:00:00Z,0.0,-64.739586,-62.614582,NaN
2022-07-13T12:00:00Z,0.0,-64.739586,-62.614582,NaN
2022-07-14T12:00:00Z,0.0,-64.739586,-62.614582,NaN
2022-07-15T12:00:00Z,0.0,-64.739586,-62.614582,NaN
2022-07-16T12:00:00Z,0.0,-64.739586,-62.614582,NaN
2022-07-17T12:00:00Z,0.0,-64.739586,-62.614582,NaN
2022-07-18T12:00:00Z,0.0,-64.739586,-62.614582,NaN
2022-07-19T12:00:00Z,0.0,-64.739586,-62.614582,NaN
2022-07-20T12:00:00Z,0.0,-64.739586,-62.614582,NaN
2022-07-21T12:00:00Z,0.0,-64.739586,-62.614582,NaN
2022-07-22T12:00:00Z,0.0,-64.739586,-62.614582,NaN
2022-07-23T12:00:00Z,0.0,-64.739586,-62.614582,NaN
2022-07-24T12:00:00Z,0.0,-64.739586,-62.614582,NaN
2022-07-25T12:00:00Z,0.0,-64.739586,-62.614582,NaN
2022-07-26T12:00:00Z,0.0,-64.739586,-62.614582,NaN
2022-07-27T12:00:00Z,0.0,-64.739586,-62.614582,NaN
2022-07-28T12:00:00Z,0.0,-64.739586,-62.614582,NaN
2022-07-29T12:00:00Z,0.0,-64.739586,-62.614582,NaN
2022-07-30T12:00:00Z,0.0,-64.739586,-62.614582,NaN
2022-07-31T12:00:00Z,0.0,-64.739586,-62.614582,NaN
2022-08-01T12:00:00Z,0.0,-64.739586,-62.614582,NaN
2022-08-02T12:00:00Z,0.0,-64.739586,-62.614582,NaN
2022-08-03T12:00:00Z,0.0,-64.739586,-62.614582,NaN
2022-08-04T12:00:00Z,0.0,-64.739586,-62.614582,NaN
2022-08-05T12:00:00Z,0.0,-64.739586,-62.614582,NaN
2022-08-06T12:00:00Z,0.0,-64.739586,-62.614582,NaN
2022-08-07T12:00:00Z,0.0,-64.739586,-62.614582,NaN
2022-08-08T12:00:00Z,0.0,-64.739586,-62.614582,NaN
2022-08-09T12:00:00Z,0.0,-64.739586,-62.614582,NaN
2022-08-10T12:00:00Z,0.0,-64.739586,-62.614582,NaN
2022-08-11T12:00:00Z,0.0,-64.739586,-62.614582,NaN
2022-08-12T12:00:00Z,0.0,-64.739586,-62.614582,NaN
2022-08-13T12:00:00Z,0.0,-64.739586,-62.614582,NaN
2022-08-14T12:00:00Z,0.0,-64.739586,-62.614582,NaN
2022-08-15T12:00:00Z,0.0,-64.739586,-62.614582,NaN
2022-08-16T12:00:00Z,0.0,-64.739586,-62.614582,NaN
2022-08-17T12:00:00Z,0.0,-64.739586,-62.614582,NaN
2022-08-18T12:00:00Z,0.0,-64.739586,-62.614582,NaN
2022-08-19T12:00:00Z,0.0,-64.739586,-62.614582,NaN
2022-08-20T12:00:00Z,0.0,-64.739586,-62.614582,NaN
2022-08-21T12:00:00Z,0.0,-64.739586,-62.614582,NaN
2022-08-22T12:00:00Z,0.0,-64.739586,-62.614582,NaN
2022-08-23T12:00:00Z,0.0,-64.739586,-62.614582,NaN
2022-08-24T12:00:00Z,0.0,-64.739586,-62.614582,NaN
2022-08-25T12:00:00Z,0.0,-64.739586,-62.614582,NaN
2022-08-26T12:00:00Z,0.0,-64.739586,-62.614582,NaN
2022-08-27T12:00:00Z,0.0,-64.739586,-62.614582,NaN
2022-08-28T12:00:00Z,0.0,-64.739586,-62.614582,NaN
2022-08-29T12:00:00Z,0.0,-64.739586,-62.614582,NaN
2022-08-30T12:00:00Z,0.0,-64.739586,-62.614582,NaN
2022-08-31T12:00:00Z,0.0,-64.739586,-62.614582,NaN
2022-09-01T12:00:00Z,0.0,-64.739586,-62.614582,NaN
2022-09-02T12:00:00Z,0.0,-64.739586,-62.614582,NaN
2022-09-03T12:00:00Z,0.0,-64.739586,-62.614582,NaN
2022-09-04T12:00:00Z,0.0,-64.739586,-62.614582,NaN
2022-09-05T12:00:00Z,0.0,-64.739586,-62.614582,NaN
2022-09-06T12:00:00Z,0.0,-64.739586,-62.614582,NaN
2022-09-07T12:00:00Z,0.0,-64.739586,-62.614582,NaN
2022-09-08T12:00:00Z,0.0,-64.739586,-62.614582,NaN
2022-09-09T12:00:00Z,0.0,-64.739586,-62.614582,NaN
2022-09-10T12:00:00Z,0.0,-64.739586,-62.614582,NaN
2022-09-11T12:00:00Z,0.0,-64.739586,-62.614582,NaN
2022-09-12T12:00:00Z,0.0,-64.739586,-62.614582,NaN
2022-09-13T12:00:00Z,0.0,-64.739586,-62.614582,NaN
2022-09-14T12:00:00Z,0.0,-64.739586,-62.614582,NaN
2022-09-15T12:00:00Z,0.0,-64.739586,-62.614582,NaN
2022-09-16T12:00:00Z,0.0,-64.739586,-62.614582,NaN
2022-09-17T12:00:00Z,0.0,-64.739586,-62.614582,NaN
2022-09-18T12:00:00Z,0.0,-64.739586,-62.614582,NaN
2022-09-19T12:00:00Z,0.0,-64.739586,-62.614582,NaN
2022-09-20T12:00:00Z,0.0,-64.739586,-62.614582,NaN
2022-09-21T12:00:00Z,0.0,-64.739586,-62.614582,NaN
2022-09-22T12:00:00Z,0.0,-64.739586,-62.614582,NaN
2022-09-23T12:00:00Z,0.0,-64.739586,-62.614582,NaN
2022-09-24T12:00:00Z,0.0,-64.739586,-62.614582,NaN
2022-09-25T12:00:00Z,0.0,-64.739586,-62.614582,NaN
2022-09-26T12:00:00Z,0.0,-64.739586,-62.614582,NaN
2022-09-27T12:00:00Z,0.0,-64.739586,-62.614582,NaN
2022-09-28T12:00:00Z,0.0,-64.739586,-62.614582,NaN
2022-09-29T12:00:00Z,0.0,-64.739586,-62.614582,NaN
2022-09-30T12:00:00Z,0.0,-64.739586,-62.614582,NaN
2022-10-01T12:00:00Z,0.0,-64.739586,-62.614582,NaN
2022-10-02T12:00:00Z,0.0,-64.739586,-62.614582,NaN
2022-10-03T12:00:00Z,0.0,-64.739586,-62.614582,NaN
2022-10-04T12:00:00Z,0.0,-64.739586,-62.614582,NaN
2022-10-05T12:00:00Z,0.0,-64.739586,-62.614582,NaN
2022-10-06T12:00:00Z,0.0,-64.739586,-62.614582,NaN
2022-10-07T12:00:00Z,0.0,-64.739586,-62.614582,NaN
2022-10-08T12:00:00Z,0.0,-64.739586,-62.614582,NaN
2022-10-09T12:00:00Z,0.0,-64.739586,-62.614582,NaN
2022-10-10T12:00:00Z,0.0,-64.739586,-62.614582,NaN
2022-10-11T12:00:00Z,0.0,-64.739586,-62.614582,NaN
2022-10-12T12:00:00Z,0.0,-64.739586,-62.614582,NaN
2022-10-13T12:00:00Z,0.0,-64.739586,-62.614582,NaN
2022-10-14T12:00:00Z,0.0,-64.739586,-62.614582,NaN
2022-10-15T12:00:00Z,0.0,-64.739586,-62.614582,NaN
2022-10-16T12:00:00Z,0.0,-64.739586,-62.614582,NaN
2022-10-17T12:00:00Z,0.0,-64.739586,-62.614582,NaN
2022-10-18T12:00:00Z,0.0,-64.739586,-62.614582,NaN
2022-10-19T12:00:00Z,0.0,-64.739586,-62.614582,NaN
2022-10-20T12:00:00Z,0.0,-64.739586,-62.614582,NaN
2022-10-21T12:00:00Z,0.0,-64.739586,-62.614582,0.10129827
2022-10-22T12:00:00Z,0.0,-64.739586,-62.614582,0.10732416
2022-10-23T12:00:00Z,0.0,-64.739586,-62.614582,0.10815045
2022-10-24T12:00:00Z,0.0,-64.739586,-62.614582,0.10662161
2022-10-25T12:00:00Z,0.0,-64.739586,-62.614582,0.08142187
2022-10-26T12:00:00Z,0.0,-64.739586,-62.614582,0.09071639
2022-10-27T12:00:00Z,0.0,-64.739586,-62.614582,0.09927952
2022-10-28T12:00:00Z,0.0,-64.739586,-62.614582,0.09150063
2022-10-29T12:00:00Z,0.0,-64.739586,-62.614582,0.09129928
2022-10-30T12:00:00Z,0.0,-64.739586,-62.614582,0.08817877
2022-10-31T12:00:00Z,0.0,-64.739586,-62.614582,0.079606295
2022-11-01T12:00:00Z,0.0,-64.739586,-62.614582,0.08100023
2022-11-02T12:00:00Z,0.0,-64.739586,-62.614582,0.08819732
2022-11-03T12:00:00Z,0.0,-64.739586,-62.614582,0.0981788
2022-11-04T12:00:00Z,0.0,-64.739586,-62.614582,0.09682121
2022-11-05T12:00:00Z,0.0,-64.739586,-62.614582,0.09380795
2022-11-06T12:00:00Z,0.0,-64.739586,-62.614582,0.09065588
2022-11-07T12:00:00Z,0.0,-64.739586,-62.614582,0.088124305
2022-11-08T12:00:00Z,0.0,-64.739586,-62.614582,0.09486581
2022-11-09T12:00:00Z,0.0,-64.739586,-62.614582,0.06963403
2022-11-10T12:00:00Z,0.0,-64.739586,-62.614582,0.083747014
2022-11-11T12:00:00Z,0.0,-64.739586,-62.614582,0.10105043
2022-11-12T12:00:00Z,0.0,-64.739586,-62.614582,0.09593221
2022-11-13T12:00:00Z,0.0,-64.739586,-62.614582,0.09383549
2022-11-14T12:00:00Z,0.0,-64.739586,-62.614582,0.07808563
2022-11-15T12:00:00Z,0.0,-64.739586,-62.614582,0.08253861
2022-11-16T12:00:00Z,0.0,-64.739586,-62.614582,0.0803131
2022-11-17T12:00:00Z,0.0,-64.739586,-62.614582,0.08144561
2022-11-18T12:00:00Z,0.0,-64.739586,-62.614582,0.19638118
2022-11-19T12:00:00Z,0.0,-64.739586,-62.614582,0.24396916
2022-11-20T12:00:00Z,0.0,-64.739586,-62.614582,0.22911619
2022-11-21T12:00:00Z,0.0,-64.739586,-62.614582,0.19488646
2022-11-22T12:00:00Z,0.0,-64.739586,-62.614582,0.103836894
2022-11-23T12:00:00Z,0.0,-64.739586,-62.614582,0.10485048
2022-11-24T12:00:00Z,0.0,-64.739586,-62.614582,0.09627503
2022-11-25T12:00:00Z,0.0,-64.739586,-62.614582,0.097772956
2022-11-26T12:00:00Z,0.0,-64.739586,-62.614582,0.09216698
2022-11-27T12:00:00Z,0.0,-64.739586,-62.614582,0.07505795
2022-11-28T12:00:00Z,0.0,-64.739586,-62.614582,0.06287094
2022-11-29T12:00:00Z,0.0,-64.739586,-62.614582,0.026417214
2022-11-30T12:00:00Z,0.0,-64.739586,-62.614582,0.02204047
2022-12-01T12:00:00Z,0.0,-64.739586,-62.614582,0.020627849
2022-12-02T12:00:00Z,0.0,-64.739586,-62.614582,0.018139372
2022-12-03T12:00:00Z,0.0,-64.739586,-62.614582,0.024180887
2022-12-04T12:00:00Z,0.0,-64.739586,-62.614582,0.0710312
2022-12-05T12:00:00Z,0.0,-64.739586,-62.614582,0.11511686
2022-12-06T12:00:00Z,0.0,-64.739586,-62.614582,0.0686971
2022-12-07T12:00:00Z,0.0,-64.739586,-62.614582,0.091808684
2022-12-08T12:00:00Z,0.0,-64.739586,-62.614582,0.10481044
2022-12-09T12:00:00Z,0.0,-64.739586,-62.614582,0.105926186
2022-12-10T12:00:00Z,0.0,-64.739586,-62.614582,0.11875544
2022-12-11T12:00:00Z,0.0,-64.739586,-62.614582,0.12921627
2022-12-12T12:00:00Z,0.0,-64.739586,-62.614582,0.15281488
2022-12-13T12:00:00Z,0.0,-64.739586,-62.614582,0.14800058
2022-12-14T12:00:00Z,0.0,-64.739586,-62.614582,0.15387204
2022-12-15T12:00:00Z,0.0,-64.739586,-62.614582,0.15840726
2022-12-16T12:00:00Z,0.0,-64.739586,-62.614582,0.15026747
2022-12-17T12:00:00Z,0.0,-64.739586,-62.614582,0.21336949
2022-12-18T12:00:00Z,0.0,-64.739586,-62.614582,0.21231946
2022-12-19T12:00:00Z,0.0,-64.739586,-62.614582,0.25371337
2022-12-20T12:00:00Z,0.0,-64.739586,-62.614582,0.24515238
2022-12-21T12:00:00Z,0.0,-64.739586,-62.614582,0.20730786
2022-12-22T12:00:00Z,0.0,-64.739586,-62.614582,0.1896522
2022-12-23T12:00:00Z,0.0,-64.739586,-62.614582,0.19710957
2022-12-24T12:00:00Z,0.0,-64.739586,-62.614582,0.21544228
2022-12-25T12:00:00Z,0.0,-64.739586,-62.614582,0.24403632
2022-12-26T12:00:00Z,0.0,-64.739586,-62.614582,0.24411799
2022-12-27T12:00:00Z,0.0,-64.739586,-62.614582,0.2028462
2022-12-28T12:00:00Z,0.0,-64.739586,-62.614582,0.1896987
2022-12-29T12:00:00Z,0.0,-64.739586,-62.614582,0.22765067
2022-12-30T12:00:00Z,0.0,-64.739586,-62.614582,0.23854326
2022-12-31T12:00:00Z,0.0,-64.739586,-62.614582,0.22540316
2023-01-01T12:00:00Z,0.0,-64.739586,-62.614582,0.19885778
2023-01-02T12:00:00Z,0.0,-64.739586,-62.614582,0.23140652
2023-01-03T12:00:00Z,0.0,-64.739586,-62.614582,0.26134616
2023-01-04T12:00:00Z,0.0,-64.739586,-62.614582,0.28912577
2023-01-05T12:00:00Z,0.0,-64.739586,-62.614582,0.23098433
2023-01-06T12:00:00Z,0.0,-64.739586,-62.614582,0.24462381
2023-01-07T12:00:00Z,0.0,-64.739586,-62.614582,0.24290165
2023-01-08T12:00:00Z,0.0,-64.739586,-62.614582,0.2577585
2023-01-09T12:00:00Z,0.0,-64.739586,-62.614582,0.25719902
2023-01-10T12:00:00Z,0.0,-64.739586,-62.614582,0.25519273
2023-01-11T12:00:00Z,0.0,-64.739586,-62.614582,0.29363984
2023-01-12T12:00:00Z,0.0,-64.739586,-62.614582,0.2566947
2023-01-13T12:00:00Z,0.0,-64.739586,-62.614582,0.26391613
2023-01-14T12:00:00Z,0.0,-64.739586,-62.614582,0.26888782
2023-01-15T12:00:00Z,0.0,-64.739586,-62.614582,0.26982635
2023-01-16T12:00:00Z,0.0,-64.739586,-62.614582,0.29578137
2023-01-17T12:00:00Z,0.0,-64.739586,-62.614582,0.26863396
2023-01-18T12:00:00Z,0.0,-64.739586,-62.614582,0.27119887
2023-01-19T12:00:00Z,0.0,-64.739586,-62.614582,0.27153105
2023-01-20T12:00:00Z,0.0,-64.739586,-62.614582,0.26869214
2023-01-21T12:00:00Z,0.0,-64.739586,-62.614582,0.26876664
2023-01-22T12:00:00Z,0.0,-64.739586,-62.614582,0.25854406
2023-01-23T12:00:00Z,0.0,-64.739586,-62.614582,0.25449878
2023-01-24T12:00:00Z,0.0,-64.739586,-62.614582,0.25054055
2023-01-25T12:00:00Z,0.0,-64.739586,-62.614582,0.24605994
2023-01-26T12:00:00Z,0.0,-64.739586,-62.614582,0.22946657
2023-01-27T12:00:00Z,0.0,-64.739586,-62.614582,0.22998376
2023-01-28T12:00:00Z,0.0,-64.739586,-62.614582,0.23247817
2023-01-29T12:00:00Z,0.0,-64.739586,-62.614582,0.21765561
2023-01-30T12:00:00Z,0.0,-64.739586,-62.614582,0.2320286
2023-01-31T12:00:00Z,0.0,-64.739586,-62.614582,0.2310478
2023-02-01T12:00:00Z,0.0,-64.739586,-62.614582,0.21619795
2023-02-02T12:00:00Z,0.0,-64.739586,-62.614582,0.21530707
2023-02-03T12:00:00Z,0.0,-64.739586,-62.614582,0.21696469
2023-02-04T12:00:00Z,0.0,-64.739586,-62.614582,0.26873
2023-02-05T12:00:00Z,0.0,-64.739586,-62.614582,0.17316489
2023-02-06T12:00:00Z,0.0,-64.739586,-62.614582,0.17344706
2023-02-07T12:00:00Z,0.0,-64.739586,-62.614582,0.17284898
2023-02-08T12:00:00Z,0.0,-64.739586,-62.614582,0.17536782
2023-02-09T12:00:00Z,0.0,-64.739586,-62.614582,0.17352676
2023-02-10T12:00:00Z,0.0,-64.739586,-62.614582,0.17143495
2023-02-11T12:00:00Z,0.0,-64.739586,-62.614582,0.17266937
2023-02-12T12:00:00Z,0.0,-64.739586,-62.614582,0.17179893
2023-02-13T12:00:00Z,0.0,-64.739586,-62.614582,0.2730962
2023-02-14T12:00:00Z,0.0,-64.739586,-62.614582,0.27622736
2023-02-15T12:00:00Z,0.0,-64.739586,-62.614582,0.2278308
2023-02-16T12:00:00Z,0.0,-64.739586,-62.614582,0.22285166
2023-02-17T12:00:00Z,0.0,-64.739586,-62.614582,0.22495253
2023-02-18T12:00:00Z,0.0,-64.739586,-62.614582,0.2363741
2023-02-19T12:00:00Z,0.0,-64.739586,-62.614582,0.19838236
2023-02-20T12:00:00Z,0.0,-64.739586,-62.614582,0.2042005
2023-02-21T12:00:00Z,0.0,-64.739586,-62.614582,0.20830211
2023-02-22T12:00:00Z,0.0,-64.739586,-62.614582,0.20550615
2023-02-23T12:00:00Z,0.0,-64.739586,-62.614582,0.21838467
2023-02-24T12:00:00Z,0.0,-64.739586,-62.614582,0.20524138
2023-02-25T12:00:00Z,0.0,-64.739586,-62.614582,0.20865512
2023-02-26T12:00:00Z,0.0,-64.739586,-62.614582,0.19854888
2023-02-27T12:00:00Z,0.0,-64.739586,-62.614582,0.21037051
2023-02-28T12:00:00Z,0.0,-64.739586,-62.614582,0.20870487
2023-03-01T12:00:00Z,0.0,-64.739586,-62.614582,0.21092345
2023-03-02T12:00:00Z,0.0,-64.739586,-62.614582,0.20913713
2023-03-03T12:00:00Z,0.0,-64.739586,-62.614582,0.20756191
2023-03-04T12:00:00Z,0.0,-64.739586,-62.614582,0.20414053
2023-03-05T12:00:00Z,0.0,-64.739586,-62.614582,0.20544863
2023-03-06T12:00:00Z,0.0,-64.739586,-62.614582,0.20333222
2023-03-07T12:00:00Z,0.0,-64.739586,-62.614582,0.16960344
2023-03-08T12:00:00Z,0.0,-64.739586,-62.614582,0.16935173
2023-03-09T12:00:00Z,0.0,-64.739586,-62.614582,0.15312296
2023-03-10T12:00:00Z,0.0,-64.739586,-62.614582,0.17648652
2023-03-11T12:00:00Z,0.0,-64.739586,-62.614582,0.17470874
2023-03-12T12:00:00Z,0.0,-64.739586,-62.614582,0.16541503
2023-03-13T12:00:00Z,0.0,-64.739586,-62.614582,0.17492832
2023-03-14T12:00:00Z,0.0,-64.739586,-62.614582,NaN
2023-03-15T12:00:00Z,0.0,-64.739586,-62.614582,NaN
2023-03-16T12:00:00Z,0.0,-64.739586,-62.614582,NaN
2023-03-17T12:00:00Z,0.0,-64.739586,-62.614582,NaN
2023-03-18T12:00:00Z,0.0,-64.739586,-62.614582,NaN
2023-03-19T12:00:00Z,0.0,-64.739586,-62.614582,NaN
2023-03-20T12:00:00Z,0.0,-64.739586,-62.614582,NaN
2023-03-21T12:00:00Z,0.0,-64.739586,-62.614582,NaN
2023-03-22T12:00:00Z,0.0,-64.739586,-62.614582,NaN
2023-03-23T12:00:00Z,0.0,-64.739586,-62.614582,NaN
2023-03-24T12:00:00Z,0.0,-64.739586,-62.614582,NaN
2023-03-25T12:00:00Z,0.0,-64.739586,-62.614582,NaN
2023-03-26T12:00:00Z,0.0,-64.739586,-62.614582,NaN
2023-03-27T12:00:00Z,0.0,-64.739586,-62.614582,NaN
2023-03-28T12:00:00Z,0.0,-64.739586,-62.614582,NaN
2023-03-29T12:00:00Z,0.0,-64.739586,-62.614582,NaN
2023-03-30T12:00:00Z,0.0,-64.739586,-62.614582,NaN
2023-03-31T12:00:00Z,0.0,-64.739586,-62.614582,NaN
2023-04-01T12:00:00Z,0.0,-64.739586,-62.614582,NaN
2023-04-02T12:00:00Z,0.0,-64.739586,-62.614582,NaN
2023-04-03T12:00:00Z,0.0,-64.739586,-62.614582,NaN
2023-04-04T12:00:00Z,0.0,-64.739586,-62.614582,NaN
2023-04-05T12:00:00Z,0.0,-64.739586,-62.614582,NaN
2023-04-06T12:00:00Z,0.0,-64.739586,-62.614582,NaN
2023-04-07T12:00:00Z,0.0,-64.739586,-62.614582,NaN
2023-04-08T12:00:00Z,0.0,-64.739586,-62.614582,NaN
2023-04-09T12:00:00Z,0.0,-64.739586,-62.614582,NaN
2023-04-10T12:00:00Z,0.0,-64.739586,-62.614582,NaN
2023-04-11T12:00:00Z,0.0,-64.739586,-62.614582,NaN
2023-04-12T12:00:00Z,0.0,-64.739586,-62.614582,NaN
2023-04-13T12:00:00Z,0.0,-64.739586,-62.614582,NaN
2023-04-14T12:00:00Z,0.0,-64.739586,-62.614582,NaN
2023-04-15T12:00:00Z,0.0,-64.739586,-62.614582,NaN
2023-04-16T12:00:00Z,0.0,-64.739586,-62.614582,NaN
2023-04-17T12:00:00Z,0.0,-64.739586,-62.614582,NaN
2023-04-18T12:00:00Z,0.0,-64.739586,-62.614582,NaN
2023-04-19T12:00:00Z,0.0,-64.739586,-62.614582,NaN
2023-04-20T12:00:00Z,0.0,-64.739586,-62.614582,NaN
2023-04-21T12:00:00Z,0.0,-64.739586,-62.614582,NaN
2023-04-22T12:00:00Z,0.0,-64.739586,-62.614582,NaN
2023-04-23T12:00:00Z,0.0,-64.739586,-62.614582,NaN
2023-04-24T12:00:00Z,0.0,-64.739586,-62.614582,NaN
2023-04-25T12:00:00Z,0.0,-64.739586,-62.614582,NaN
2023-04-26T12:00:00Z,0.0,-64.739586,-62.614582,NaN
2023-04-27T12:00:00Z,0.0,-64.739586,-62.614582,NaN
2023-04-28T12:00:00Z,0.0,-64.739586,-62.614582,NaN
2023-04-29T12:00:00Z,0.0,-64.739586,-62.614582,NaN
2023-04-30T12:00:00Z,0.0,-64.739586,-62.614582,NaN
2023-05-01T12:00:00Z,0.0,-64.739586,-62.614582,NaN
2023-05-02T12:00:00Z,0.0,-64.739586,-62.614582,NaN
2023-05-03T12:00:00Z,0.0,-64.739586,-62.614582,NaN
2023-05-04T12:00:00Z,0.0,-64.739586,-62.614582,NaN
2023-05-05T12:00:00Z,0.0,-64.739586,-62.614582,NaN
2023-05-06T12:00:00Z,0.0,-64.739586,-62.614582,NaN
2023-05-07T12:00:00Z,0.0,-64.739586,-62.614582,NaN
2023-05-08T12:00:00Z,0.0,-64.739586,-62.614582,NaN
2023-05-09T12:00:00Z,0.0,-64.739586,-62.614582,NaN
2023-05-10T12:00:00Z,0.0,-64.739586,-62.614582,NaN
2023-05-11T12:00:00Z,0.0,-64.739586,-62.614582,NaN
2023-05-12T12:00:00Z,0.0,-64.739586,-62.614582,NaN
2023-05-13T12:00:00Z,0.0,-64.739586,-62.614582,NaN
2023-05-14T12:00:00Z,0.0,-64.739586,-62.614582,NaN
2023-05-15T12:00:00Z,0.0,-64.739586,-62.614582,NaN
2023-05-16T12:00:00Z,0.0,-64.739586,-62.614582,NaN
2023-05-17T12:00:00Z,0.0,-64.739586,-62.614582,NaN
2023-05-18T12:00:00Z,0.0,-64.739586,-62.614582,NaN
2023-05-19T12:00:00Z,0.0,-64.739586,-62.614582,NaN
2023-05-20T12:00:00Z,0.0,-64.739586,-62.614582,NaN
2023-05-21T12:00:00Z,0.0,-64.739586,-62.614582,NaN
2023-05-22T12:00:00Z,0.0,-64.739586,-62.614582,NaN
2023-05-23T12:00:00Z,0.0,-64.739586,-62.614582,NaN
2023-05-24T12:00:00Z,0.0,-64.739586,-62.614582,NaN
2023-05-25T12:00:00Z,0.0,-64.739586,-62.614582,NaN
2023-05-26T12:00:00Z,0.0,-64.739586,-62.614582,NaN
2023-05-27T12:00:00Z,0.0,-64.739586,-62.614582,NaN
2023-05-28T12:00:00Z,0.0,-64.739586,-62.614582,NaN
2023-05-29T12:00:00Z,0.0,-64.739586,-62.614582,NaN
2023-05-30T12:00:00Z,0.0,-64.739586,-62.614582,NaN
2023-05-31T12:00:00Z,0.0,-64.739586,-62.614582,NaN
2023-06-01T12:00:00Z,0.0,-64.739586,-62.614582,NaN
2023-06-02T12:00:00Z,0.0,-64.739586,-62.614582,NaN
2023-06-03T12:00:00Z,0.0,-64.739586,-62.614582,NaN
2023-06-04T12:00:00Z,0.0,-64.739586,-62.614582,NaN
2023-06-05T12:00:00Z,0.0,-64.739586,-62.614582,NaN
2023-06-06T12:00:00Z,0.0,-64.739586,-62.614582,NaN
2023-06-07T12:00:00Z,0.0,-64.739586,-62.614582,NaN
2023-06-08T12:00:00Z,0.0,-64.739586,-62.614582,NaN
2023-06-09T12:00:00Z,0.0,-64.739586,-62.614582,NaN
2023-06-10T12:00:00Z,0.0,-64.739586,-62.614582,NaN
2023-06-11T12:00:00Z,0.0,-64.739586,-62.614582,NaN
2023-06-12T12:00:00Z,0.0,-64.739586,-62.614582,NaN
2023-06-13T12:00:00Z,0.0,-64.739586,-62.614582,NaN
2023-06-14T12:00:00Z,0.0,-64.739586,-62.614582,NaN
2023-06-15T12:00:00Z,0.0,-64.739586,-62.614582,NaN
2023-06-16T12:00:00Z,0.0,-64.739586,-62.614582,NaN
2023-06-17T12:00:00Z,0.0,-64.739586,-62.614582,NaN
2023-06-18T12:00:00Z,0.0,-64.739586,-62.614582,NaN
2023-06-19T12:00:00Z,0.0,-64.739586,-62.614582,NaN
2023-06-20T12:00:00Z,0.0,-64.739586,-62.614582,NaN
2023-06-21T12:00:00Z,0.0,-64.739586,-62.614582,NaN
2023-06-22T12:00:00Z,0.0,-64.739586,-62.614582,NaN
2023-06-23T12:00:00Z,0.0,-64.739586,-62.614582,NaN
2023-06-24T12:00:00Z,0.0,-64.739586,-62.614582,NaN
2023-06-25T12:00:00Z,0.0,-64.739586,-62.614582,NaN
2023-06-26T12:00:00Z,0.0,-64.739586,-62.614582,NaN
2023-06-27T12:00:00Z,0.0,-64.739586,-62.614582,NaN
2023-06-28T12:00:00Z,0.0,-64.739586,-62.614582,NaN
2023-06-29T12:00:00Z,0.0,-64.739586,-62.614582,NaN
2023-06-30T12:00:00Z,0.0,-64.739586,-62.614582,NaN
2023-07-01T12:00:00Z,0.0,-64.739586,-62.614582,NaN
2023-07-02T12:00:00Z,0.0,-64.739586,-62.614582,NaN
2023-07-03T12:00:00Z,0.0,-64.739586,-62.614582,NaN
2023-07-04T12:00:00Z,0.0,-64.739586,-62.614582,NaN
2023-07-05T12:00:00Z,0.0,-64.739586,-62.614582,NaN
2023-07-06T12:00:00Z,0.0,-64.739586,-62.614582,NaN
2023-07-07T12:00:00Z,0.0,-64.739586,-62.614582,NaN
2023-07-08T12:00:00Z,0.0,-64.739586,-62.614582,NaN
2023-07-09T12:00:00Z,0.0,-64.739586,-62.614582,NaN
2023-07-10T12:00:00Z,0.0,-64.739586,-62.614582,NaN
2023-07-11T12:00:00Z,0.0,-64.739586,-62.614582,NaN
2023-07-12T12:00:00Z,0.0,-64.739586,-62.614582,NaN
2023-07-13T12:00:00Z,0.0,-64.739586,-62.614582,NaN
2023-07-14T12:00:00Z,0.0,-64.739586,-62.614582,NaN
2023-07-15T12:00:00Z,0.0,-64.739586,-62.614582,NaN
2023-07-16T12:00:00Z,0.0,-64.739586,-62.614582,NaN
2023-07-17T12:00:00Z,0.0,-64.739586,-62.614582,NaN
2023-07-18T12:00:00Z,0.0,-64.739586,-62.614582,NaN
2023-07-19T12:00:00Z,0.0,-64.739586,-62.614582,NaN
2023-07-20T12:00:00Z,0.0,-64.739586,-62.614582,NaN
2023-07-21T12:00:00Z,0.0,-64.739586,-62.614582,NaN
2023-07-22T12:00:00Z,0.0,-64.739586,-62.614582,NaN
2023-07-23T12:00:00Z,0.0,-64.739586,-62.614582,NaN
2023-07-24T12:00:00Z,0.0,-64.739586,-62.614582,NaN
2023-07-25T12:00:00Z,0.0,-64.739586,-62.614582,NaN
2023-07-26T12:00:00Z,0.0,-64.739586,-62.614582,NaN
2023-07-27T12:00:00Z,0.0,-64.739586,-62.614582,NaN
2023-07-28T12:00:00Z,0.0,-64.739586,-62.614582,NaN
2023-07-29T12:00:00Z,0.0,-64.739586,-62.614582,NaN
2023-07-30T12:00:00Z,0.0,-64.739586,-62.614582,NaN
2023-07-31T12:00:00Z,0.0,-64.739586,-62.614582,NaN
2023-08-01T12:00:00Z,0.0,-64.739586,-62.614582,NaN
2023-08-02T12:00:00Z,0.0,-64.739586,-62.614582,NaN
2023-08-03T12:00:00Z,0.0,-64.739586,-62.614582,NaN
2023-08-04T12:00:00Z,0.0,-64.739586,-62.614582,NaN
2023-08-05T12:00:00Z,0.0,-64.739586,-62.614582,NaN
2023-08-06T12:00:00Z,0.0,-64.739586,-62.614582,NaN
2023-08-07T12:00:00Z,0.0,-64.739586,-62.614582,NaN
2023-08-08T12:00:00Z,0.0,-64.739586,-62.614582,NaN
2023-08-09T12:00:00Z,0.0,-64.739586,-62.614582,NaN
2023-08-10T12:00:00Z,0.0,-64.739586,-62.614582,NaN
2023-08-11T12:00:00Z,0.0,-64.739586,-62.614582,NaN
2023-08-12T12:00:00Z,0.0,-64.739586,-62.614582,NaN
2023-08-13T12:00:00Z,0.0,-64.739586,-62.614582,NaN
2023-08-14T12:00:00Z,0.0,-64.739586,-62.614582,NaN
2023-08-15T12:00:00Z,0.0,-64.739586,-62.614582,NaN
2023-08-16T12:00:00Z,0.0,-64.739586,-62.614582,NaN
2023-08-17T12:00:00Z,0.0,-64.739586,-62.614582,NaN
2023-08-18T12:00:00Z,0.0,-64.739586,-62.614582,NaN
2023-08-19T12:00:00Z,0.0,-64.739586,-62.614582,NaN
2023-08-20T12:00:00Z,0.0,-64.739586,-62.614582,NaN
2023-08-21T12:00:00Z,0.0,-64.739586,-62.614582,NaN
2023-08-22T12:00:00Z,0.0,-64.739586,-62.614582,NaN
2023-08-23T12:00:00Z,0.0,-64.739586,-62.614582,NaN
2023-08-24T12:00:00Z,0.0,-64.739586,-62.614582,NaN
2023-08-25T12:00:00Z,0.0,-64.739586,-62.614582,NaN
2023-08-26T12:00:00Z,0.0,-64.739586,-62.614582,NaN
2023-08-27T12:00:00Z,0.0,-64.739586,-62.614582,NaN
2023-08-28T12:00:00Z,0.0,-64.739586,-62.614582,NaN
2023-08-29T12:00:00Z,0.0,-64.739586,-62.614582,NaN
2023-08-30T12:00:00Z,0.0,-64.739586,-62.614582,NaN
2023-08-31T12:00:00Z,0.0,-64.739586,-62.614582,NaN
2023-09-01T12:00:00Z,0.0,-64.739586,-62.614582,NaN
2023-09-02T12:00:00Z,0.0,-64.739586,-62.614582,NaN
2023-09-03T12:00:00Z,0.0,-64.739586,-62.614582,NaN
2023-09-04T12:00:00Z,0.0,-64.739586,-62.614582,NaN
2023-09-05T12:00:00Z,0.0,-64.739586,-62.614582,NaN
2023-09-06T12:00:00Z,0.0,-64.739586,-62.614582,NaN
2023-09-07T12:00:00Z,0.0,-64.739586,-62.614582,NaN
2023-09-08T12:00:00Z,0.0,-64.739586,-62.614582,NaN
2023-09-09T12:00:00Z,0.0,-64.739586,-62.614582,NaN
2023-09-10T12:00:00Z,0.0,-64.739586,-62.614582,NaN
2023-09-11T12:00:00Z,0.0,-64.739586,-62.614582,NaN
2023-09-12T12:00:00Z,0.0,-64.739586,-62.614582,NaN
2023-09-13T12:00:00Z,0.0,-64.739586,-62.614582,NaN
2023-09-14T12:00:00Z,0.0,-64.739586,-62.614582,NaN
2023-09-15T12:00:00Z,0.0,-64.739586,-62.614582,NaN
2023-09-16T12:00:00Z,0.0,-64.739586,-62.614582,NaN
2023-09-17T12:00:00Z,0.0,-64.739586,-62.614582,NaN
2023-09-18T12:00:00Z,0.0,-64.739586,-62.614582,NaN
2023-09-19T12:00:00Z,0.0,-64.739586,-62.614582,NaN
2023-09-20T12:00:00Z,0.0,-64.739586,-62.614582,NaN
2023-09-21T12:00:00Z,0.0,-64.739586,-62.614582,NaN
2023-09-22T12:00:00Z,0.0,-64.739586,-62.614582,NaN
2023-09-23T12:00:00Z,0.0,-64.739586,-62.614582,NaN
2023-09-24T12:00:00Z,0.0,-64.739586,-62.614582,NaN
2023-09-25T12:00:00Z,0.0,-64.739586,-62.614582,NaN
2023-09-26T12:00:00Z,0.0,-64.739586,-62.614582,NaN
2023-09-27T12:00:00Z,0.0,-64.739586,-62.614582,NaN
2023-09-28T12:00:00Z,0.0,-64.739586,-62.614582,NaN
2023-09-29T12:00:00Z,0.0,-64.739586,-62.614582,NaN
2023-09-30T12:00:00Z,0.0,-64.739586,-62.614582,NaN
2023-10-01T12:00:00Z,0.0,-64.739586,-62.614582,NaN
2023-10-02T12:00:00Z,0.0,-64.739586,-62.614582,NaN
2023-10-03T12:00:00Z,0.0,-64.739586,-62.614582,NaN
2023-10-04T12:00:00Z,0.0,-64.739586,-62.614582,NaN
2023-10-05T12:00:00Z,0.0,-64.739586,-62.614582,NaN
2023-10-06T12:00:00Z,0.0,-64.739586,-62.614582,NaN
2023-10-07T12:00:00Z,0.0,-64.739586,-62.614582,NaN
2023-10-08T12:00:00Z,0.0,-64.739586,-62.614582,NaN
2023-10-09T12:00:00Z,0.0,-64.739586,-62.614582,NaN
2023-10-10T12:00:00Z,0.0,-64.739586,-62.614582,NaN
2023-10-11T12:00:00Z,0.0,-64.739586,-62.614582,NaN
2023-10-12T12:00:00Z,0.0,-64.739586,-62.614582,NaN
2023-10-13T12:00:00Z,0.0,-64.739586,-62.614582,NaN
2023-10-14T12:00:00Z,0.0,-64.739586,-62.614582,NaN
2023-10-15T12:00:00Z,0.0,-64.739586,-62.614582,NaN
2023-10-16T12:00:00Z,0.0,-64.739586,-62.614582,NaN
2023-10-17T12:00:00Z,0.0,-64.739586,-62.614582,NaN
2023-10-18T12:00:00Z,0.0,-64.739586,-62.614582,NaN
2023-10-19T12:00:00Z,0.0,-64.739586,-62.614582,NaN
2023-10-20T12:00:00Z,0.0,-64.739586,-62.614582,NaN
2023-10-21T12:00:00Z,0.0,-64.739586,-62.614582,0.15517898
2023-10-22T12:00:00Z,0.0,-64.739586,-62.614582,0.15505408
2023-10-23T12:00:00Z,0.0,-64.739586,-62.614582,0.16516772
2023-10-24T12:00:00Z,0.0,-64.739586,-62.614582,0.16334951
2023-10-25T12:00:00Z,0.0,-64.739586,-62.614582,0.15589395
2023-10-26T12:00:00Z,0.0,-64.739586,-62.614582,0.15621378
2023-10-27T12:00:00Z,0.0,-64.739586,-62.614582,0.16464292
2023-10-28T12:00:00Z,0.0,-64.739586,-62.614582,0.1453544
2023-10-29T12:00:00Z,0.0,-64.739586,-62.614582,0.11722312
2023-10-30T12:00:00Z,0.0,-64.739586,-62.614582,0.12113091
2023-10-31T12:00:00Z,0.0,-64.739586,-62.614582,0.09446959
2023-11-01T12:00:00Z,0.0,-64.739586,-62.614582,0.10993152
2023-11-02T12:00:00Z,0.0,-64.739586,-62.614582,0.08483671
2023-11-03T12:00:00Z,0.0,-64.739586,-62.614582,0.093305826
2023-11-04T12:00:00Z,0.0,-64.739586,-62.614582,0.09139834
2023-11-05T12:00:00Z,0.0,-64.739586,-62.614582,0.057100262
2023-11-06T12:00:00Z,0.0,-64.739586,-62.614582,0.11050088
2023-11-07T12:00:00Z,0.0,-64.739586,-62.614582,0.094976194
2023-11-08T12:00:00Z,0.0,-64.739586,-62.614582,0.06818681
2023-11-09T12:00:00Z,0.0,-64.739586,-62.614582,0.11467967
2023-11-10T12:00:00Z,0.0,-64.739586,-62.614582,0.11224891
2023-11-11T12:00:00Z,0.0,-64.739586,-62.614582,0.13920939
2023-11-12T12:00:00Z,0.0,-64.739586,-62.614582,0.12022843
2023-11-13T12:00:00Z,0.0,-64.739586,-62.614582,0.111450285
2023-11-14T12:00:00Z,0.0,-64.739586,-62.614582,0.10955845
2023-11-15T12:00:00Z,0.0,-64.739586,-62.614582,0.10685313
2023-11-16T12:00:00Z,0.0,-64.739586,-62.614582,0.1372141
2023-11-17T12:00:00Z,0.0,-64.739586,-62.614582,0.13953093
2023-11-18T12:00:00Z,0.0,-64.739586,-62.614582,0.1671579
2023-11-19T12:00:00Z,0.0,-64.739586,-62.614582,0.15839444
2023-11-20T12:00:00Z,0.0,-64.739586,-62.614582,0.18726602
2023-11-21T12:00:00Z,0.0,-64.739586,-62.614582,0.1362987
2023-11-22T12:00:00Z,0.0,-64.739586,-62.614582,0.13844757
2023-11-23T12:00:00Z,0.0,-64.739586,-62.614582,0.14251839
2023-11-24T12:00:00Z,0.0,-64.739586,-62.614582,0.14934835
2023-11-25T12:00:00Z,0.0,-64.739586,-62.614582,0.1409135
2023-11-26T12:00:00Z,0.0,-64.739586,-62.614582,0.15469545
2023-11-27T12:00:00Z,0.0,-64.739586,-62.614582,0.16390693
2023-11-28T12:00:00Z,0.0,-64.739586,-62.614582,0.10585316
2023-11-29T12:00:00Z,0.0,-64.739586,-62.614582,0.08836046
2023-11-30T12:00:00Z,0.0,-64.739586,-62.614582,0.09637484
2023-12-02T12:00:00Z,0.0,-64.739586,-62.614582,0.1367113
2023-12-03T12:00:00Z,0.0,-64.739586,-62.614582,0.12875952
2023-12-04T12:00:00Z,0.0,-64.739586,-62.614582,0.13193163
2023-12-05T12:00:00Z,0.0,-64.739586,-62.614582,0.15540496
2023-12-06T12:00:00Z,0.0,-64.739586,-62.614582,0.16589005
2023-12-07T12:00:00Z,0.0,-64.739586,-62.614582,0.16055575
2023-12-08T12:00:00Z,0.0,-64.739586,-62.614582,0.16139531
2023-12-09T12:00:00Z,0.0,-64.739586,-62.614582,0.16683725
2023-12-10T12:00:00Z,0.0,-64.739586,-62.614582,0.17257817
2023-12-11T12:00:00Z,0.0,-64.739586,-62.614582,0.17280506
2023-12-12T12:00:00Z,0.0,-64.739586,-62.614582,0.178535
2023-12-13T12:00:00Z,0.0,-64.739586,-62.614582,0.18741813
2023-12-14T12:00:00Z,0.0,-64.739586,-62.614582,0.18807282
2023-12-15T12:00:00Z,0.0,-64.739586,-62.614582,0.19170348
2023-12-16T12:00:00Z,0.0,-64.739586,-62.614582,0.22338955
2023-12-17T12:00:00Z,0.0,-64.739586,-62.614582,0.2120341
2023-12-18T12:00:00Z,0.0,-64.739586,-62.614582,0.28930044
2023-12-19T12:00:00Z,0.0,-64.739586,-62.614582,0.44237405
2023-12-20T12:00:00Z,0.0,-64.739586,-62.614582,0.28065
2023-12-21T12:00:00Z,0.0,-64.739586,-62.614582,0.19005546
2023-12-22T12:00:00Z,0.0,-64.739586,-62.614582,0.1920638
2023-12-23T12:00:00Z,0.0,-64.739586,-62.614582,0.19124946
2023-12-25T12:00:00Z,0.0,-64.739586,-62.614582,0.14571796
2023-12-26T12:00:00Z,0.0,-64.739586,-62.614582,0.14452322
2023-12-27T12:00:00Z,0.0,-64.739586,-62.614582,0.14789847
2023-12-28T12:00:00Z,0.0,-64.739586,-62.614582,0.14870054
2023-12-29T12:00:00Z,0.0,-64.739586,-62.614582,0.16650192
2023-12-30T12:00:00Z,0.0,-64.739586,-62.614582,0.15813996
2023-12-31T12:00:00Z,0.0,-64.739586,-62.614582,0.1731197
