time,altitude,latitude,longitude,chlor_a
UTC,m,degrees_north,degrees_east,mg m^-3
2018-01-01T12:00:00Z,0.0,-64.510414,-61.76041,0.17353636
2018-01-02T12:00:00Z,0.0,-64.510414,-61.76041,0.16133566
2018-01-03T12:00:00Z,0.0,-64.510414,-61.76041,0.14836067
2018-01-04T12:00:00Z,0.0,-64.510414,-61.76041,0.13450216
2018-01-05T12:00:00Z,0.0,-64.510414,-61.76041,0.20266138
2018-01-06T12:00:00Z,0.0,-64.510414,-61.76041,0.2164636
2018-01-07T12:00:00Z,0.0,-64.510414,-61.76041,0.21551128
2018-01-08T12:00:00Z,0.0,-64.510414,-61.76041,0.22436029
2018-01-09T12:00:00Z,0.0,-64.510414,-61.76041,0.22006114
2018-01-10T12:00:00Z,0.0,-64.510414,-61.76041,0.21770866
2018-01-11T12:00:00Z,0.0,-64.510414,-61.76041,0.2105718
2018-01-12T12:00:00Z,0.0,-64.510414,-61.76041,0.22283241
2018-01-13T12:00:00Z,0.0,-64.510414,-61.76041,0.20228404
2018-01-14T12:00:00Z,0.0,-64.510414,-61.76041,0.19206189
2018-01-15T12:00:00Z,0.0,-64.510414,-61.76041,0.19510277
2018-01-16T12:00:00Z,0.0,-64.510414,-61.76041,0.19643702
2018-01-17T12:00:00Z,0.0,-64.510414,-61.76041,0.19378471
2018-01-18T12:00:00Z,0.0,-64.510414,-61.76041,0.19329433
2018-01-19T12:00:00Z,0.0,-64.510414,-61.76041,0.19091603
2018-01-20T12:00:00Z,0.0,-64.510414,-61.76041,0.18191662
2018-01-21T12:00:00Z,0.0,-64.510414,-61.76041,0.19316159
2018-01-22T12:00:00Z,0.0,-64.510414,-61.76041,0.1901923
2018-01-23T12:00:00Z,0.0,-64.510414,-61.76041,0.1891712
2018-01-24T12:00:00Z,0.0,-64.510414,-61.76041,0.19299236
2018-01-25T12:00:00Z,0.0,-64.510414,-61.76041,0.18565711
2018-01-26T12:00:00Z,0.0,-64.510414,-61.76041,0.1743739
2018-01-27T12:00:00Z,0.0,-64.510414,-61.76041,0.18203238
2018-01-28T12:00:00Z,0.0,-64.510414,-61.76041,0.17933063
2018-01-29T12:00:00Z,0.0,-64.510414,-61.76041,0.17682332
2018-01-30T12:00:00Z,0.0,-64.510414,-61.76041,0.17931692
2018-01-31T12:00:00Z,0.0,-64.510414,-61.76041,0.23300496
2018-02-01T12:00:00Z,0.0,-64.510414,-61.76041,0.21073891
2018-02-02T12:00:00Z,0.0,-64.510414,-61.76041,0.21019897
2018-02-03T12:00:00Z,0.0,-64.510414,-61.76041,0.20855165
2018-02-04T12:00:00Z,0.0,-64.510414,-61.76041,0.21208835
2018-02-05T12:00:00Z,0.0,-64.510414,-61.76041,0.21477067
2018-02-06T12:00:00Z,0.0,-64.510414,-61.76041,0.21365932
2018-02-07T12:00:00Z,0.0,-64.510414,-61.76041,0.22195673
2018-02-08T12:00:00Z,0.0,-64.510414,-61.76041,0.22282219
2018-02-09T12:00:00Z,0.0,-64.510414,-61.76041,0.259175
2018-02-10T12:00:00Z,0.0,-64.510414,-61.76041,0.26661596
2018-02-11T12:00:00Z,0.0,-64.510414,-61.76041,0.2633497
2018-02-12T12:00:00Z,0.0,-64.510414,-61.76041,0.27317604
2018-02-13T12:00:00Z,0.0,-64.510414,-61.76041,0.29058814
2018-02-14T12:00:00Z,0.0,-64.510414,-61.76041,0.28714305
2018-02-15T12:00:00Z,0.0,-64.510414,-61.76041,0.29246005
2018-02-16T12:00:00Z,0.0,-64.510414,-61.76041,0.278558
2018-02-17T12:00:00Z,0.0,-64.510414,-61.76041,0.27146673
2018-02-18T12:00:00Z,0.0,-64.510414,-61.76041,0.28272015
2018-02-19T12:00:00Z,0.0,-64.510414,-61.76041,0.28931645
2018-02-20T12:00:00Z,0.0,-64.510414,-61.76041,0.3059929
2018-02-21T12:00:00Z,0.0,-64.510414,-61.76041,0.30657342
2018-02-22T12:00:00Z,0.0,-64.510414,-61.76041,0.28524557
2018-02-23T12:00:00Z,0.0,-64.510414,-61.76041,0.2935454
2018-02-24T12:00:00Z,0.0,-64.510414,-61.76041,0.2926519
2018-02-25T12:00:00Z,0.0,-64.510414,-61.76041,0.3133374
2018-02-26T12:00:00Z,0.0,-64.510414,-61.76041,0.31795663
2018-02-27T12:00:00Z,0.0,-64.510414,-61.76041,0.30707893
2018-02-28T12:00:00Z,0.0,-64.510414,-61.76041,0.29738766
2018-03-01T12:00:00Z,0.0,-64.510414,-61.76041,0.30781806
2018-03-02T12:00:00Z,0.0,-64.510414,-61.76041,0.33158815
2018-03-03T12:00:00Z,0.0,-64.510414,-61.76041,0.28849724
2018-03-04T12:00:00Z,0.0,-64.510414,-61.76041,0.27410147
2018-03-05T12:00:00Z,0.0,-64.510414,-61.76041,0.29357022
2018-03-06T12:00:00Z,0.0,-64.510414,-61.76041,0.2978172
2018-03-07T12:00:00Z,0.0,-64.510414,-61.76041,0.309238
2018-03-08T12:00:00Z,0.0,-64.510414,-61.76041,0.30994666
2018-03-09T12:00:00Z,0.0,-64.510414,-61.76041,0.3056529
2018-03-10T12:00:00Z,0.0,-64.510414,-61.76041,0.2999458
2018-03-11T12:00:00Z,0.0,-64.510414,-61.76041,0.22056663
2018-03-12T12:00:00Z,0.0,-64.510414,-61.76041,0.2036375
2018-03-13T12:00:00Z,0.0,-64.510414,-61.76041,0.19865714
2018-03-14T12:00:00Z,0.0,-64.510414,-61.76041,0.22170968
2018-03-15T12:00:00Z,0.0,-64.510414,-61.76041,NaN
2018-03-16T12:00:00Z,0.0,-64.510414,-61.76041,NaN
2018-03-17T12:00:00Z,0.0,-64.510414,-61.76041,NaN
2018-03-18T12:00:00Z,0.0,-64.510414,-61.76041,NaN
2018-03-19T12:00:00Z,0.0,-64.510414,-61.76041,NaN
2018-03-20T12:00:00Z,0.0,-64.510414,-61.76041,NaN
2018-03-21T12:00:00Z,0.0,-64.510414,-61.76041,NaN
2018-03-22T12:00:00Z,0.0,-64.510414,-61.76041,NaN
2018-03-23T12:00:00Z,0.0,-64.510414,-61.76041,NaN
2018-03-24T12:00:00Z,0.0,-64.510414,-61.76041,NaN
2018-03-25T12:00:00Z,0.0,-64.510414,-61.76041,NaN
2018-03-26T12:00:00Z,0.0,-64.510414,-61.76041,NaN
2018-03-27T12:00:00Z,0.0,-64.510414,-61.76041,NaN
2018-03-28T12:00:00Z,0.0,-64.510414,-61.76041,NaN
2018-03-29T12:00:00Z,0.0,-64.510414,-61.76041,NaN
2018-03-30T12:00:00Z,0.0,-64.510414,-61.76041,NaN
2018-03-31T12:00:00Z,0.0,-64.510414,-61.76041,NaN
2018-04-01T12:00:00Z,0.0,-64.510414,-61.76041,NaN
2018-04-02T12:00:00Z,0.0,-64.510414,-61.76041,NaN
2018-04-03T12:00:00Z,0.0,-64.510414,-61.76041,NaN
2018-04-04T12:00:00Z,0.0,-64.510414,-61.76041,NaN
2018-04-05T12:00:00Z,0.0,-64.510414,-61.76041,NaN
2018-04-06T12:00:00Z,0.0,-64.510414,-61.76041,NaN
2018-04-07T12:00:00Z,0.0,-64.510414,-61.76041,NaN
2018-04-08T12:00:00Z,0.0,-64.510414,-61.76041,NaN
2018-04-09T12:00:00Z,0.0,-64.510414,-61.76041,NaN
2018-04-10T12:00:00Z,0.0,-64.510414,-61.76041,NaN
2018-04-11T12:00:00Z,0.0,-64.510414,-61.76041,NaN
2018-04-12T12:00:00Z,0.0,-64.510414,-61.76041,NaN
2018-04-13T12:00:00Z,0.0,-64.510414,-61.76041,NaN
2018-04-14T12:00:00Z,0.0,-64.510414,-61.76041,NaN
2018-04-15T12:00:00Z,0.0,-64.510414,-61.76041,NaN
2018-04-16T12:00:00Z,0.0,-64.510414,-61.76041,NaN
2018-04-17T12:00:00Z,0.0,-64.510414,-61.76041,NaN
2018-04-18T12:00:00Z,0.0,-64.510414,-61.76041,NaN
2018-04-19T12:00:00Z,0.0,-64.510414,-61.76041,NaN
2018-04-20T12:00:00Z,0.0,-64.510414,-61.76041,NaN
2018-04-21T12:00:00Z,0.0,-64.510414,-61.76041,NaN
2018-04-22T12:00:00Z,0.0,-64.510414,-61.76041,NaN
2018-04-23T12:00:00Z,0.0,-64.510414,-61.76041,NaN
2018-04-24T12:00:00Z,0.0,-64.510414,-61.76041,NaN
2018-04-25T12:00:00Z,0.0,-64.510414,-61.76041,NaN
2018-04-26T12:00:00Z,0.0,-64.510414,-61.76041,NaN
2018-04-27T12:00:00Z,0.0,-64.510414,-61.76041,NaN
2018-04-28T12:00:00Z,0.0,-64.510414,-61.76041,NaN
2018-04-29T12:00:00Z,0.0,-64.510414,-61.76041,NaN
2018-04-30T12:00:00Z,0.0,-64.510414,-61.76041,NaN
2018-05-01T12:00:00Z,0.0,-64.510414,-61.76041,NaN
2018-05-02T12:00:00Z,0.0,-64.510414,-61.76041,NaN
2018-05-03T12:00:00Z,0.0,-64.510414,-61.76041,NaN
2018-05-04T12:00:00Z,0.0,-64.510414,-61.76041,NaN
2018-05-05T12:00:00Z,0.0,-64.510414,-61.76041,NaN
2018-05-06T12:00:00Z,0.0,-64.510414,-61.76041,NaN
2018-05-07T12:00:00Z,0.0,-64.510414,-61.76041,NaN
2018-05-08T12:00:00Z,0.0,-64.510414,-61.76041,NaN
2018-05-09T12:00:00Z,0.0,-64.510414,-61.76041,NaN
2018-05-10T12:00:00Z,0.0,-64.510414,-61.76041,NaN
2018-05-11T12:00:00Z,0.0,-64.510414,-61.76041,NaN
2018-05-12T12:00:00Z,0.0,-64.510414,-61.76041,NaN
2018-05-13T12:00:00Z,0.0,-64.510414,-61.76041,NaN
2018-05-14T12:00:00Z,0.0,-64.510414,-61.76041,NaN
2018-05-15T12:00:00Z,0.0,-64.510414,-61.76041,NaN
2018-05-16T12:00:00Z,0.0,-64.510414,-61.76041,NaN
2018-05-17T12:00:00Z,0.0,-64.510414,-61.76041,NaN
2018-05-18T12:00:00Z,0.0,-64.510414,-61.76041,NaN
2018-05-19T12:00:00Z,0.0,-64.510414,-61.76041,NaN
2018-05-20T12:00:00Z,0.0,-64.510414,-61.76041,NaN
2018-05-21T12:00:00Z,0.0,-64.510414,-61.76041,NaN
2018-05-22T12:00:00Z,0.0,-64.510414,-61.76041,NaN
2018-05-23T12:00:00Z,0.0,-64.510414,-61.76041,NaN
2018-05-24T12:00:00Z,0.0,-64.510414,-61.76041,NaN
2018-05-25T12:00:00Z,0.0,-64.510414,-61.76041,NaN
2018-05-26T12:00:00Z,0.0,-64.510414,-61.76041,NaN
2018-05-27T12:00:00Z,0.0,-64.510414,-61.76041,NaN
2018-05-28T12:00:00Z,0.0,-64.510414,-61.76041,NaN
2018-05-29T12:00:00Z,0.0,-64.510414,-61.76041,NaN
2018-05-30T12:00:00Z,0.0,-64.510414,-61.76041,NaN
2018-05-31T12:00:00Z,0.0,-64.510414,-61.76041,NaN
2018-06-01T12:00:00Z,0.0,-64.510414,-61.76041,NaN
2018-06-02T12:00:00Z,0.0,-64.510414,-61.76041,NaN
2018-06-03T12:00:00Z,0.0,-64.510414,-61.76041,NaN
2018-06-04T12:00:00Z,0.0,-64.510414,-61.76041,NaN
2018-06-05T12:00:00Z,0.0,-64.510414,-61.76041,NaN
2018-06-06T12:00:00Z,0.0,-64.510414,-61.76041,NaN
2018-06-07T12:00:00Z,0.0,-64.510414,-61.76041,NaN
2018-06-08T12:00:00Z,0.0,-64.510414,-61.76041,NaN
2018-06-09T12:00:00Z,0.0,-64.510414,-61.76041,NaN
2018-06-10T12:00:00Z,0.0,-64.510414,-61.76041,NaN
2018-06-11T12:00:00Z,0.0,-64.510414,-61.76041,NaN
2018-06-12T12:00:00Z,0.0,-64.510414,-61.76041,NaN
2018-06-13T12:00:00Z,0.0,-64.510414,-61.76041,NaN
2018-06-14T12:00:00Z,0.0,-64.510414,-61.76041,NaN
2018-06-15T12:00:00Z,0.0,-64.510414,-61.76041,NaN
2018-06-16T12:00:00Z,0.0,-64.510414,-61.76041,NaN
2018-06-17T12:00:00Z,0.0,-64.510414,-61.76041,NaN
2018-06-18T12:00:00Z,0.0,-64.510414,-61.76041,NaN
2018-06-19T12:00:00Z,0.0,-64.510414,-61.76041,NaN
2018-06-20T12:00:00Z,0.0,-64.510414,-61.76041,NaN
2018-06-21T12:00:00Z,0.0,-64.510414,-61.76041,NaN
2018-06-22T12:00:00Z,0.0,-64.510414,-61.76041,NaN
2018-06-23T12:00:00Z,0.0,-64.510414,-61.76041,NaN
2018-06-24T12:00:00Z,0.0,-64.510414,-61.76041,NaN
2018-06-25T12:00:00Z,0.0,-64.510414,-61.76041,NaN
2018-06-26T12:00:00Z,0.0,-64.510414,-61.76041,NaN
2018-06-27T12:00:00Z,0.0,-64.510414,-61.76041,NaN
2018-06-28T12:00:00Z,0.0,-64.510414,-61.76041,NaN
2018-06-29T12:00:00Z,0.0,-64.510414,-61.76041,NaN
2018-06-30T12:00:00Z,0.0,-64.510414,-61.76041,NaN
2018-07-01T12:00:00Z,0.0,-64.510414,-61.76041,NaN
2018-07-02T12:00:00Z,0.0,-64.510414,-61.76041,NaN
2018-07-03T12:00:00Z,0.0,-64.510414,-61.76041,NaN
2018-07-04T12:00:00Z,0.0,-64.510414,-61.76041,NaN
2018-07-05T12:00:00Z,0.0,-64.510414,-61.76041,NaN
2018-07-06T12:00:00Z,0.0,-64.510414,-61.76041,NaN
2018-07-07T12:00:00Z,0.0,-64.510414,-61.76041,NaN
2018-07-08T12:00:00Z,0.0,-64.510414,-61.76041,NaN
2018-07-09T12:00:00Z,0.0,-64.510414,-61.76041,NaN
2018-07-10T12:00:00Z,0.0,-64.510414,-61.76041,NaN
2018-07-11T12:00:00Z,0.0,-64.510414,-61.76041,NaN
2018-07-12T12:00:00Z,0.0,-64.510414,-61.76041,NaN
2018-07-13T12:00:00Z,0.0,-64.510414,-61.76041,NaN
2018-07-14T12:00:00Z,0.0,-64.510414,-61.76041,NaN
2018-07-15T12:00:00Z,0.0,-64.510414,-61.76041,NaN
2018-07-16T12:00:00Z,0.0,-64.510414,-61.76041,NaN
2018-07-17T12:00:00Z,0.0,-64.510414,-61.76041,NaN
2018-07-18T12:00:00Z,0.0,-64.510414,-61.76041,NaN
2018-07-19T12:00:00Z,0.0,-64.510414,-61.76041,NaN
2018-07-20T12:00:00Z,0.0,-64.510414,-61.76041,NaN
2018-07-21T12:00:00Z,0.0,-64.510414,-61.76041,NaN
2018-07-22T12:00:00Z,0.0,-64.510414,-61.76041,NaN
2018-07-23T12:00:00Z,0.0,-64.510414,-61.76041,NaN
2018-07-24T12:00:00Z,0.0,-64.510414,-61.76041,NaN
2018-07-25T12:00:00Z,0.0,-64.510414,-61.76041,NaN
2018-07-26T12:00:00Z,0.0,-64.510414,-61.76041,NaN
2018-07-27T12:00:00Z,0.0,-64.510414,-61.76041,NaN
2018-07-28T12:00:00Z,0.0,-64.510414,-61.76041,NaN
2018-07-29T12:00:00Z,0.0,-64.510414,-61.76041,NaN
2018-07-30T12:00:00Z,0.0,-64.510414,-61.76041,NaN
2018-07-31T12:00:00Z,0.0,-64.510414,-61.76041,NaN
2018-08-01T12:00:00Z,0.0,-64.510414,-61.76041,NaN
2018-08-02T12:00:00Z,0.0,-64.510414,-61.76041,NaN
2018-08-03T12:00:00Z,0.0,-64.510414,-61.76041,NaN
2018-08-04T12:00:00Z,0.0,-64.510414,-61.76041,NaN
2018-08-05T12:00:00Z,0.0,-64.510414,-61.76041,NaN
2018-08-06T12:00:00Z,0.0,-64.510414,-61.76041,NaN
2018-08-07T12:00:00Z,0.0,-64.510414,-61.76041,NaN
2018-08-08T12:00:00Z,0.0,-64.510414,-61.76041,NaN
2018-08-09T12:00:00Z,0.0,-64.510414,-61.76041,NaN
2018-08-10T12:00:00Z,0.0,-64.510414,-61.76041,NaN
2018-08-11T12:00:00Z,0.0,-64.510414,-61.76041,NaN
2018-08-12T12:00:00Z,0.0,-64.510414,-61.76041,NaN
2018-08-13T12:00:00Z,0.0,-64.510414,-61.76041,NaN
2018-08-14T12:00:00Z,0.0,-64.510414,-61.76041,NaN
2018-08-15T12:00:00Z,0.0,-64.510414,-61.76041,NaN
2018-08-16T12:00:00Z,0.0,-64.510414,-61.76041,NaN
2018-08-17T12:00:00Z,0.0,-64.510414,-61.76041,NaN
2018-08-18T12:00:00Z,0.0,-64.510414,-61.76041,NaN
2018-08-19T12:00:00Z,0.0,-64.510414,-61.76041,NaN
2018-08-20T12:00:00Z,0.0,-64.510414,-61.76041,NaN
2018-08-21T12:00:00Z,0.0,-64.510414,-61.76041,NaN
2018-08-22T12:00:00Z,0.0,-64.510414,-61.76041,NaN
2018-08-23T12:00:00Z,0.0,-64.510414,-61.76041,NaN
2018-08-24T12:00:00Z,0.0,-64.510414,-61.76041,NaN
2018-08-25T12:00:00Z,0.0,-64.510414,-61.76041,NaN
2018-08-26T12:00:00Z,0.0,-64.510414,-61.76041,NaN
2018-08-27T12:00:00Z,0.0,-64.510414,-61.76041,NaN
2018-08-28T12:00:00Z,0.0,-64.510414,-61.76041,NaN
2018-08-29T12:00:00Z,0.0,-64.510414,-61.76041,NaN
2018-08-30T12:00:00Z,0.0,-64.510414,-61.76041,NaN
2018-08-31T12:00:00Z,0.0,-64.510414,-61.76041,NaN
2018-09-01T12:00:00Z,0.0,-64.510414,-61.76041,NaN
2018-09-02T12:00:00Z,0.0,-64.510414,-61.76041,NaN
2018-09-03T12:00:00Z,0.0,-64.510414,-61.76041,NaN
2018-09-04T12:00:00Z,0.0,-64.510414,-61.76041,NaN
2018-09-05T12:00:00Z,0.0,-64.510414,-61.76041,NaN
2018-09-06T12:00:00Z,0.0,-64.510414,-61.76041,NaN
2018-09-07T12:00:00Z,0.0,-64.510414,-61.76041,NaN
2018-09-08T12:00:00Z,0.0,-64.510414,-61.76041,NaN
2018-09-09T12:00:00Z,0.0,-64.510414,-61.76041,NaN
2018-09-10T12:00:00Z,0.0,-64.510414,-61.76041,NaN
2018-09-11T12:00:00Z,0.0,-64.510414,-61.76041,NaN
2018-09-12T12:00:00Z,0.0,-64.510414,-61.76041,NaN
2018-09-13T12:00:00Z,0.0,-64.510414,-61.76041,NaN
2018-09-14T12:00:00Z,0.0,-64.510414,-61.76041,NaN
2018-09-15T12:00:00Z,0.0,-64.510414,-61.76041,NaN
2018-09-16T12:00:00Z,0.0,-64.510414,-61.76041,NaN
2018-09-17T12:00:00Z,0.0,-64.510414,-61.76041,NaN
2018-09-18T12:00:00Z,0.0,-64.510414,-61.76041,NaN
2018-09-19T12:00:00Z,0.0,-64.510414,-61.76041,NaN
2018-09-20T12:00:00Z,0.0,-64.510414,-61.76041,NaN
2018-09-21T12:00:00Z,0.0,-64.510414,-61.76041,NaN
2018-09-22T12:00:00Z,0.0,-64.510414,-61.76041,NaN
2018-09-23T12:00:00Z,0.0,-64.510414,-61.76041,NaN
2018-09-24T12:00:00Z,0.0,-64.510414,-61.76041,NaN
2018-09-25T12:00:00Z,0.0,-64.510414,-61.76041,NaN
2018-09-26T12:00:00Z,0.0,-64.510414,-61.76041,NaN
2018-09-27T12:00:00Z,0.0,-64.510414,-61.76041,NaN
2018-09-28T12:00:00Z,0.0,-64.510414,-61.76041,NaN
2018-09-29T12:00:00Z,0.0,-64.510414,-61.76041,NaN
2018-09-30T12:00:00Z,0.0,-64.510414,-61.76041,NaN
2018-10-01T12:00:00Z,0.0,-64.510414,-61.76041,NaN
2018-10-02T12:00:00Z,0.0,-64.510414,-61.76041,NaN
2018-10-03T12:00:00Z,0.0,-64.510414,-61.76041,NaN
2018-10-04T12:00:00Z,0.0,-64.510414,-61.76041,NaN
2018-10-05T12:00:00Z,0.0,-64.510414,-61.76041,NaN
2018-10-06T12:00:00Z,0.0,-64.510414,-61.76041,NaN
2018-10-07T12:00:00Z,0.0,-64.510414,-61.76041,NaN
2018-10-08T12:00:00Z,0.0,-64.510414,-61.76041,NaN
2018-10-09T12:00:00Z,0.0,-64.510414,-61.76041,NaN
2018-10-10T12:00:00Z,0.0,-64.510414,-61.76041,NaN
2018-10-11T12:00:00Z,0.0,-64.510414,-61.76041,NaN
2018-10-12T12:00:00Z,0.0,-64.510414,-61.76041,NaN
2018-10-13T12:00:00Z,0.0,-64.510414,-61.76041,NaN
2018-10-14T12:00:00Z,0.0,-64.510414,-61.76041,NaN
2018-10-15T12:00:00Z,0.0,-64.510414,-61.76041,NaN
2018-10-16T12:00:00Z,0.0,-64.510414,-61.76041,NaN
2018-10-17T12:00:00Z,0.0,-64.510414,-61.76041,NaN
2018-10-18T12:00:00Z,0.0,-64.510414,-61.76041,NaN
2018-10-19T12:00:00Z,0.0,-64.510414,-61.76041,NaN
2018-10-20T12:00:00Z,0.0,-64.510414,-61.76041,0.16015536
2018-10-21T12:00:00Z,0.0,-64.510414,-61.76041,0.18021157
2018-10-22T12:00:00Z,0.0,-64.510414,-61.76041,0.10397639
2018-10-23T12:00:00Z,0.0,-64.510414,-61.76041,0.107766144
2018-10-24T12:00:00Z,0.0,-64.510414,-61.76041,0.080022715
2018-10-25T12:00:00Z,0.0,-64.510414,-61.76041,0.14037138
2018-10-26T12:00:00Z,0.0,-64.510414,-61.76041,0.0878973
2018-10-27T12:00:00Z,0.0,-64.510414,-61.76041,0.087436676
2018-10-28T12:00:00Z,0.0,-64.510414,-61.76041,0.1086891
2018-10-29T12:00:00Z,0.0,-64.510414,-61.76041,0.09288148
2018-10-30T12:00:00Z,0.0,-64.510414,-61.76041,0.09359001
2018-10-31T12:00:00Z,0.0,-64.510414,-61.76041,0.09072021
2018-11-01T12:00:00Z,0.0,-64.510414,-61.76041,0.086185336
2018-11-02T12:00:00Z,0.0,-64.510414,-61.76041,0.093143046
2018-11-03T12:00:00Z,0.0,-64.510414,-61.76041,0.1162753
2018-11-04T12:00:00Z,0.0,-64.510414,-61.76041,0.11277499
2018-11-05T12:00:00Z,0.0,-64.510414,-61.76041,0.09527121
2018-11-06T12:00:00Z,0.0,-64.510414,-61.76041,0.09201908
2018-11-07T12:00:00Z,0.0,-64.510414,-61.76041,0.108202524
2018-11-08T12:00:00Z,0.0,-64.510414,-61.76041,0.092482656
2018-11-09T12:00:00Z,0.0,-64.510414,-61.76041,0.08369706
2018-11-10T12:00:00Z,0.0,-64.510414,-61.76041,0.08718559
2018-11-11T12:00:00Z,0.0,-64.510414,-61.76041,0.08350943
2018-11-12T12:00:00Z,0.0,-64.510414,-61.76041,0.10387197
2018-11-13T12:00:00Z,0.0,-64.510414,-61.76041,0.10728801
2018-11-14T12:00:00Z,0.0,-64.510414,-61.76041,0.11319842
2018-11-15T12:00:00Z,0.0,-64.510414,-61.76041,0.119977176
2018-11-16T12:00:00Z,0.0,-64.510414,-61.76041,0.119074754
2018-11-17T12:00:00Z,0.0,-64.510414,-61.76041,0.07888252
2018-11-18T12:00:00Z,0.0,-64.510414,-61.76041,0.08145126
2018-11-19T12:00:00Z,0.0,-64.510414,-61.76041,0.07369023
2018-11-20T12:00:00Z,0.0,-64.510414,-61.76041,0.07964571
2018-11-21T12:00:00Z,0.0,-64.510414,-61.76041,0.08958468
2018-11-22T12:00:00Z,0.0,-64.510414,-61.76041,0.10750527
2018-11-23T12:00:00Z,0.0,-64.510414,-61.76041,0.10621765
2018-11-24T12:00:00Z,0.0,-64.510414,-61.76041,0.106340766
2018-11-25T12:00:00Z,0.0,-64.510414,-61.76041,0.050888237
2018-11-26T12:00:00Z,0.0,-64.510414,-61.76041,0.07880966
2018-11-27T12:00:00Z,0.0,-64.510414,-61.76041,0.07193154
2018-11-28T12:00:00Z,0.0,-64.510414,-61.76041,0.08055566
2018-11-29T12:00:00Z,0.0,-64.510414,-61.76041,0.08251344
2018-11-30T12:00:00Z,0.0,-64.510414,-61.76041,0.08532236
2018-12-01T12:00:00Z,0.0,-64.510414,-61.76041,0.0904814
2018-12-02T12:00:00Z,0.0,-64.510414,-61.76041,0.09326019
2018-12-03T12:00:00Z,0.0,-64.510414,-61.76041,0.12815002
2018-12-04T12:00:00Z,0.0,-64.510414,-61.76041,0.1261282
2018-12-05T12:00:00Z,0.0,-64.510414,-61.76041,0.13215767
2018-12-06T12:00:00Z,0.0,-64.510414,-61.76041,0.14125693
2018-12-07T12:00:00Z,0.0,-64.510414,-61.76041,0.14183222
2018-12-08T12:00:00Z,0.0,-64.510414,-61.76041,0.1716925
2018-12-09T12:00:00Z,0.0,-64.510414,-61.76041,0.17822142
2018-12-10T12:00:00Z,0.0,-64.510414,-61.76041,0.17087102
2018-12-11T12:00:00Z,0.0,-64.510414,-61.76041,0.14341658
2018-12-12T12:00:00Z,0.0,-64.510414,-61.76041,0.17399895
2018-12-13T12:00:00Z,0.0,-64.510414,-61.76041,0.15591964
2018-12-14T12:00:00Z,0.0,-64.510414,-61.76041,0.15064721
2018-12-15T12:00:00Z,0.0,-64.510414,-61.76041,0.1461027
2018-12-16T12:00:00Z,0.0,-64.510414,-61.76041,0.15139012
2018-12-17T12:00:00Z,0.0,-64.510414,-61.76041,0.12497371
2018-12-18T12:00:00Z,0.0,-64.510414,-61.76041,0.120537184
2018-12-19T12:00:00Z,0.0,-64.510414,-61.76041,0.123592675
2018-12-20T12:00:00Z,0.0,-64.510414,-61.76041,0.12821248
2018-12-21T12:00:00Z,0.0,-64.510414,-61.76041,0.14021531
2018-12-22T12:00:00Z,0.0,-64.510414,-61.76041,0.14172423
2018-12-23T12:00:00Z,0.0,-64.510414,-61.76041,0.12680109
2018-12-24T12:00:00Z,0.0,-64.510414,-61.76041,0.15276918
2018-12-25T12:00:00Z,0.0,-64.510414,-61.76041,0.17387375
2018-12-26T12:00:00Z,0.0,-64.510414,-61.76041,0.19163999
2018-12-27T12:00:00Z,0.0,-64.510414,-61.76041,0.178824
2018-12-28T12:00:00Z,0.0,-64.510414,-61.76041,0.18236135
2018-12-29T12:00:00Z,0.0,-64.510414,-61.76041,0.1774746
2018-12-30T12:00:00Z,0.0,-64.510414,-61.76041,0.19330461
2018-12-31T12:00:00Z,0.0,-64.510414,-61.76041,0.19738089
2019-01-01T12:00:00Z,0.0,-64.510414,-61.76041,0.2293059
2019-01-02T12:00:00Z,0.0,-64.510414,-61.76041,0.25533324
2019-01-03T12:00:00Z,0.0,-64.510414,-61.76041,0.26270062
2019-01-04T12:00:00Z,0.0,-64.510414,-61.76041,0.29255337
2019-01-05T12:00:00Z,0.0,-64.510414,-61.76041,0.29252687
2019-01-06T12:00:00Z,0.0,-64.510414,-61.76041,0.33870274
2019-01-07T12:00:00Z,0.0,-64.510414,-61.76041,0.40377995
2019-01-08T12:00:00Z,0.0,-64.510414,-61.76041,0.42460045
2019-01-09T12:00:00Z,0.0,-64.510414,-61.76041,0.38819093
2019-01-10T12:00:00Z,0.0,-64.510414,-61.76041,0.33179125
2019-01-11T12:00:00Z,0.0,-64.510414,-61.76041,0.31848487
2019-01-12T12:00:00Z,0.0,-64.510414,-61.76041,0.35299453
2019-01-13T12:00:00Z,0.0,-64.510414,-61.76041,0.29466376
2019-01-14T12:00:00Z,0.0,-64.510414,-61.76041,0.29390386
2019-01-15T12:00:00Z,0.0,-64.510414,-61.76041,0.2929469
2019-01-16T12:00:00Z,0.0,-64.510414,-61.76041,0.2519919
2019-01-17T12:00:00Z,0.0,-64.510414,-61.76041,0.25313205
2019-01-18T12:00:00Z,0.0,-64.510414,-61.76041,0.23234272
2019-01-19T12:00:00Z,0.0,-64.510414,-61.76041,0.23215799
2019-01-20T12:00:00Z,0.0,-64.510414,-61.76041,0.23041885
2019-01-21T12:00:00Z,0.0,-64.510414,-61.76041,0.22543463
2019-01-22T12:00:00Z,0.0,-64.510414,-61.76041,0.21038486
2019-01-23T12:00:00Z,0.0,-64.510414,-61.76041,0.2006931
2019-01-24T12:00:00Z,0.0,-64.510414,-61.76041,0.18134038
2019-01-25T12:00:00Z,0.0,-64.510414,-61.76041,0.17123193
2019-01-26T12:00:00Z,0.0,-64.510414,-61.76041,0.15398036
2019-01-27T12:00:00Z,0.0,-64.510414,-61.76041,0.14340335
2019-01-28T12:00:00Z,0.0,-64.510414,-61.76041,0.14664859
2019-01-29T12:00:00Z,0.0,-64.510414,-61.76041,0.13979314
2019-01-30T12:00:00Z,0.0,-64.510414,-61.76041,0.1347585
2019-01-31T12:00:00Z,0.0,-64.510414,-61.76041,0.120074734
2019-02-01T12:00:00Z,0.0,-64.510414,-61.76041,0.15174751
2019-02-02T12:00:00Z,0.0,-64.510414,-61.76041,0.16058227
2019-02-03T12:00:00Z,0.0,-64.510414,-61.76041,0.15839331
2019-02-04T12:00:00Z,0.0,-64.510414,-61.76041,0.15012267
2019-02-05T12:00:00Z,0.0,-64.510414,-61.76041,0.16591007
2019-02-06T12:00:00Z,0.0,-64.510414,-61.76041,0.16328551
2019-02-07T12:00:00Z,0.0,-64.510414,-61.76041,0.18650158
2019-02-08T12:00:00Z,0.0,-64.510414,-61.76041,0.18984273
2019-02-09T12:00:00Z,0.0,-64.510414,-61.76041,0.19029106
2019-02-10T12:00:00Z,0.0,-64.510414,-61.76041,0.21664213
2019-02-11T12:00:00Z,0.0,-64.510414,-61.76041,0.22909704
2019-02-12T12:00:00Z,0.0,-64.510414,-61.76041,0.22026683
2019-02-13T12:00:00Z,0.0,-64.510414,-61.76041,0.22081125
2019-02-14T12:00:00Z,0.0,-64.510414,-61.76041,0.22469823
2019-02-15T12:00:00Z,0.0,-64.510414,-61.76041,0.23949438
2019-02-16T12:00:00Z,0.0,-64.510414,-61.76041,0.24488643
2019-02-17T12:00:00Z,0.0,-64.510414,-61.76041,0.24348754
2019-02-18T12:00:00Z,0.0,-64.510414,-61.76041,0.2082383
2019-02-19T12:00:00Z,0.0,-64.510414,-61.76041,0.20878768
2019-02-20T12:00:00Z,0.0,-64.510414,-61.76041,0.20762177
2019-02-21T12:00:00Z,0.0,-64.510414,-61.76041,0.21046701
2019-02-22T12:00:00Z,0.0,-64.510414,-61.76041,0.22326012
2019-02-23T12:00:00Z,0.0,-64.510414,-61.76041,0.22323342
2019-02-24T12:00:00Z,0.0,-64.510414,-61.76041,0.21544951
2019-02-25T12:00:00Z,0.0,-64.510414,-61.76041,0.21496584
2019-02-26T12:00:00Z,0.0,-64.510414,-61.76041,0.21350747
2019-02-27T12:00:00Z,0.0,-64.510414,-61.76041,0.22865592
2019-02-28T12:00:00Z,0.0,-64.510414,-61.76041,0.23007347
2019-03-01T12:00:00Z,0.0,-64.510414,-61.76041,0.22725883
2019-03-02T12:00:00Z,0.0,-64.510414,-61.76041,0.21743079
2019-03-03T12:00:00Z,0.0,-64.510414,-61.76041,0.21265449
2019-03-04T12:00:00Z,0.0,-64.510414,-61.76041,0.2117076
2019-03-05T12:00:00Z,0.0,-64.510414,-61.76041,0.21184829
2019-03-06T12:00:00Z,0.0,-64.510414,-61.76041,0.21318038
2019-03-07T12:00:00Z,0.0,-64.510414,-61.76041,0.20850928
2019-03-08T12:00:00Z,0.0,-64.510414,-61.76041,0.21128334
2019-03-09T12:00:00Z,0.0,-64.510414,-61.76041,0.21915723
2019-03-10T12:00:00Z,0.0,-64.510414,-61.76041,0.22033422
2019-03-11T12:00:00Z,0.0,-64.510414,-61.76041,0.15614377
2019-03-12T12:00:00Z,0.0,-64.510414,-61.76041,0.17711857
2019-03-13T12:00:00Z,0.0,-64.510414,-61.76041,0.16350831
2019-03-14T12:00:00Z,0.0,-64.510414,-61.76041,0.17112525
2019-03-15T12:00:00Z,0.0,-64.510414,-61.76041,NaN
2019-03-16T12:00:00Z,0.0,-64.510414,-61.76041,NaN
2019-03-17T12:00:00Z,0.0,-64.510414,-61.76041,NaN
2019-03-18T12:00:00Z,0.0,-64.510414,-61.76041,NaN
2019-03-19T12:00:00Z,0.0,-64.510414,-61.76041,NaN
2019-03-20T12:00:00Z,0.0,-64.510414,-61.76041,NaN
2019-03-21T12:00:00Z,0.0,-64.510414,-61.76041,NaN
2019-03-22T12:00:00Z,0.0,-64.510414,-61.76041,NaN
2019-03-23T12:00:00Z,0.0,-64.510414,-61.76041,NaN
2019-03-24T12:00:00Z,0.0,-64.510414,-61.76041,NaN
2019-03-25T12:00:00Z,0.0,-64.510414,-61.76041,NaN
2019-03-26T12:00:00Z,0.0,-64.510414,-61.76041,NaN
2019-03-27T12:00:00Z,0.0,-64.510414,-61.76041,NaN
2019-03-28T12:00:00Z,0.0,-64.510414,-61.76041,NaN
2019-03-29T12:00:00Z,0.0,-64.510414,-61.76041,NaN
2019-03-30T12:00:00Z,0.0,-64.510414,-61.76041,NaN
2019-03-31T12:00:00Z,0.0,-64.510414,-61.76041,NaN
2019-04-01T12:00:00Z,0.0,-64.510414,-61.76041,NaN
2019-04-02T12:00:00Z,0.0,-64.510414,-61.76041,NaN
2019-04-03T12:00:00Z,0.0,-64.510414,-61.76041,NaN
2019-04-04T12:00:00Z,0.0,-64.510414,-61.76041,NaN
2019-04-05T12:00:00Z,0.0,-64.510414,-61.76041,NaN
2019-04-06T12:00:00Z,0.0,-64.510414,-61.76041,NaN
2019-04-07T12:00:00Z,0.0,-64.510414,-61.76041,NaN
2019-04-08T12:00:00Z,0.0,-64.510414,-61.76041,NaN
2019-04-09T12:00:00Z,0.0,-64.510414,-61.76041,NaN
2019-04-10T12:00:00Z,0.0,-64.510414,-61.76041,NaN
2019-04-11T12:00:00Z,0.0,-64.510414,-61.76041,NaN
2019-04-12T12:00:00Z,0.0,-64.510414,-61.76041,NaN
2019-04-13T12:00:00Z,0.0,-64.510414,-61.76041,NaN
2019-04-14T12:00:00Z,0.0,-64.510414,-61.76041,NaN
2019-04-15T12:00:00Z,0.0,-64.510414,-61.76041,NaN
2019-04-16T12:00:00Z,0.0,-64.510414,-61.76041,NaN
2019-04-17T12:00:00Z,0.0,-64.510414,-61.76041,NaN
2019-04-18T12:00:00Z,0.0,-64.510414,-61.76041,NaN
2019-04-19T12:00:00Z,0.0,-64.510414,-61.76041,NaN
2019-04-20T12:00:00Z,0.0,-64.510414,-61.76041,NaN
2019-04-21T12:00:00Z,0.0,-64.510414,-61.76041,NaN
2019-04-22T12:00:00Z,0.0,-64.510414,-61.76041,NaN
2019-04-23T12:00:00Z,0.0,-64.510414,-61.76041,NaN
2019-04-24T12:00:00Z,0.0,-64.510414,-61.76041,NaN
2019-04-25T12:00:00Z,0.0,-64.510414,-61.76041,NaN
2019-04-26T12:00:00Z,0.0,-64.510414,-61.76041,NaN
2019-04-27T12:00:00Z,0.0,-64.510414,-61.76041,NaN
2019-04-28T12:00:00Z,0.0,-64.510414,-61.76041,NaN
2019-04-29T12:00:00Z,0.0,-64.510414,-61.76041,NaN
2019-04-30T12:00:00Z,0.0,-64.510414,-61.76041,NaN
2019-05-01T12:00:00Z,0.0,-64.510414,-61.76041,NaN
2019-05-02T12:00:00Z,0.0,-64.510414,-61.76041,NaN
2019-05-03T12:00:00Z,0.0,-64.510414,-61.76041,NaN
2019-05-04T12:00:00Z,0.0,-64.510414,-61.76041,NaN
2019-05-05T12:00:00Z,0.0,-64.510414,-61.76041,NaN
2019-05-06T12:00:00Z,0.0,-64.510414,-61.76041,NaN
2019-05-07T12:00:00Z,0.0,-64.510414,-61.76041,NaN
2019-05-08T12:00:00Z,0.0,-64.510414,-61.76041,NaN
2019-05-09T12:00:00Z,0.0,-64.510414,-61.76041,NaN
2019-05-10T12:00:00Z,0.0,-64.510414,-61.76041,NaN
2019-05-11T12:00:00Z,0.0,-64.510414,-61.76041,NaN
2019-05-12T12:00:00Z,0.0,-64.510414,-61.76041,NaN
2019-05-13T12:00:00Z,0.0,-64.510414,-61.76041,NaN
2019-05-14T12:00:00Z,0.0,-64.510414,-61.76041,NaN
2019-05-15T12:00:00Z,0.0,-64.510414,-61.76041,NaN
2019-05-16T12:00:00Z,0.0,-64.510414,-61.76041,NaN
2019-05-17T12:00:00Z,0.0,-64.510414,-61.76041,NaN
2019-05-18T12:00:00Z,0.0,-64.510414,-61.76041,NaN
2019-05-19T12:00:00Z,0.0,-64.510414,-61.76041,NaN
2019-05-20T12:00:00Z,0.0,-64.510414,-61.76041,NaN
2019-05-21T12:00:00Z,0.0,-64.510414,-61.76041,NaN
2019-05-22T12:00:00Z,0.0,-64.510414,-61.76041,NaN
2019-05-23T12:00:00Z,0.0,-64.510414,-61.76041,NaN
2019-05-24T12:00:00Z,0.0,-64.510414,-61.76041,NaN
2019-05-25T12:00:00Z,0.0,-64.510414,-61.76041,NaN
2019-05-26T12:00:00Z,0.0,-64.510414,-61.76041,NaN
2019-05-27T12:00:00Z,0.0,-64.510414,-61.76041,NaN
2019-05-28T12:00:00Z,0.0,-64.510414,-61.76041,NaN
2019-05-29T12:00:00Z,0.0,-64.510414,-61.76041,NaN
2019-05-30T12:00:00Z,0.0,-64.510414,-61.76041,NaN
2019-05-31T12:00:00Z,0.0,-64.510414,-61.76041,NaN
2019-06-01T12:00:00Z,0.0,-64.510414,-61.76041,NaN
2019-06-02T12:00:00Z,0.0,-64.510414,-61.76041,NaN
2019-06-03T12:00:00Z,0.0,-64.510414,-61.76041,NaN
2019-06-04T12:00:00Z,0.0,-64.510414,-61.76041,NaN
2019-06-05T12:00:00Z,0.0,-64.510414,-61.76041,NaN
2019-06-06T12:00:00Z,0.0,-64.510414,-61.76041,NaN
2019-06-07T12:00:00Z,0.0,-64.510414,-61.76041,NaN
2019-06-08T12:00:00Z,0.0,-64.510414,-61.76041,NaN
2019-06-09T12:00:00Z,0.0,-64.510414,-61.76041,NaN
2019-06-10T12:00:00Z,0.0,-64.510414,-61.76041,NaN
2019-06-11T12:00:00Z,0.0,-64.510414,-61.76041,NaN
2019-06-12T12:00:00Z,0.0,-64.510414,-61.76041,NaN
2019-06-13T12:00:00Z,0.0,-64.510414,-61.76041,NaN
2019-06-14T12:00:00Z,0.0,-64.510414,-61.76041,NaN
2019-06-15T12:00:00Z,0.0,-64.510414,-61.76041,NaN
2019-06-16T12:00:00Z,0.0,-64.510414,-61.76041,NaN
2019-06-17T12:00:00Z,0.0,-64.510414,-61.76041,NaN
2019-06-18T12:00:00Z,0.0,-64.510414,-61.76041,NaN
2019-06-19T12:00:00Z,0.0,-64.510414,-61.76041,NaN
2019-06-20T12:00:00Z,0.0,-64.510414,-61.76041,NaN
2019-06-21T12:00:00Z,0.0,-64.510414,-61.76041,NaN
2019-06-22T12:00:00Z,0.0,-64.510414,-61.76041,NaN
2019-06-23T12:00:00Z,0.0,-64.510414,-61.76041,NaN
2019-06-24T12:00:00Z,0.0,-64.510414,-61.76041,NaN
2019-06-25T12:00:00Z,0.0,-64.510414,-61.76041,NaN
2019-06-26T12:00:00Z,0.0,-64.510414,-61.76041,NaN
2019-06-27T12:00:00Z,0.0,-64.510414,-61.76041,NaN
2019-06-28T12:00:00Z,0.0,-64.510414,-61.76041,NaN
2019-06-29T12:00:00Z,0.0,-64.510414,-61.76041,NaN
2019-06-30T12:00:00Z,0.0,-64.510414,-61.76041,NaN
2019-07-01T12:00:00Z,0.0,-64.510414,-61.76041,NaN
2019-07-02T12:00:00Z,0.0,-64.510414,-61.76041,NaN
2019-07-03T12:00:00Z,0.0,-64.510414,-61.76041,NaN
2019-07-04T12:00:00Z,0.0,-64.510414,-61.76041,NaN
2019-07-05T12:00:00Z,0.0,-64.510414,-61.76041,NaN
2019-07-06T12:00:00Z,0.0,-64.510414,-61.76041,NaN
2019-07-07T12:00:00Z,0.0,-64.510414,-61.76041,NaN
2019-07-08T12:00:00Z,0.0,-64.510414,-61.76041,NaN
2019-07-09T12:00:00Z,0.0,-64.510414,-61.76041,NaN
2019-07-10T12:00:00Z,0.0,-64.510414,-61.76041,NaN
2019-07-11T12:00:00Z,0.0,-64.510414,-61.76041,NaN
2019-07-12T12:00:00Z,0.0,-64.510414,-61.76041,NaN
2019-07-13T12:00:00Z,0.0,-64.510414,-61.76041,NaN
2019-07-14T12:00:00Z,0.0,-64.510414,-61.76041,NaN
2019-07-15T12:00:00Z,0.0,-64.510414,-61.76041,NaN
2019-07-16T12:00:00Z,0.0,-64.510414,-61.76041,NaN
2019-07-17T12:00:00Z,0.0,-64.510414,-61.76041,NaN
2019-07-18T12:00:00Z,0.0,-64.510414,-61.76041,NaN
2019-07-19T12:00:00Z,0.0,-64.510414,-61.76041,NaN
2019-07-20T12:00:00Z,0.0,-64.510414,-61.76041,NaN
2019-07-21T12:00:00Z,0.0,-64.510414,-61.76041,NaN
2019-07-22T12:00:00Z,0.0,-64.510414,-61.76041,NaN
2019-07-23T12:00:00Z,0.0,-64.510414,-61.76041,NaN
2019-07-24T12:00:00Z,0.0,-64.510414,-61.76041,NaN
2019-07-25T12:00:00Z,0.0,-64.510414,-61.76041,NaN
2019-07-26T12:00:00Z,0.0,-64.510414,-61.76041,NaN
2019-07-27T12:00:00Z,0.0,-64.510414,-61.76041,NaN
2019-07-28T12:00:00Z,0.0,-64.510414,-61.76041,NaN
2019-07-29T12:00:00Z,0.0,-64.510414,-61.76041,NaN
2019-07-30T12:00:00Z,0.0,-64.510414,-61.76041,NaN
2019-07-31T12:00:00Z,0.0,-64.510414,-61.76041,NaN
2019-08-01T12:00:00Z,0.0,-64.510414,-61.76041,NaN
2019-08-02T12:00:00Z,0.0,-64.510414,-61.76041,NaN
2019-08-03T12:00:00Z,0.0,-64.510414,-61.76041,NaN
2019-08-04T12:00:00Z,0.0,-64.510414,-61.76041,NaN
2019-08-05T12:00:00Z,0.0,-64.510414,-61.76041,NaN
2019-08-06T12:00:00Z,0.0,-64.510414,-61.76041,NaN
2019-08-07T12:00:00Z,0.0,-64.510414,-61.76041,NaN
2019-08-08T12:00:00Z,0.0,-64.510414,-61.76041,NaN
2019-08-09T12:00:00Z,0.0,-64.510414,-61.76041,NaN
2019-08-10T12:00:00Z,0.0,-64.510414,-61.76041,NaN
2019-08-11T12:00:00Z,0.0,-64.510414,-61.76041,NaN
2019-08-12T12:00:00Z,0.0,-64.510414,-61.76041,NaN
2019-08-13T12:00:00Z,0.0,-64.510414,-61.76041,NaN
2019-08-14T12:00:00Z,0.0,-64.510414,-61.76041,NaN
2019-08-15T12:00:00Z,0.0,-64.510414,-61.76041,NaN
2019-08-16T12:00:00Z,0.0,-64.510414,-61.76041,NaN
2019-08-17T12:00:00Z,0.0,-64.510414,-61.76041,NaN
2019-08-18T12:00:00Z,0.0,-64.510414,-61.76041,NaN
2019-08-19T12:00:00Z,0.0,-64.510414,-61.76041,NaN
2019-08-20T12:00:00Z,0.0,-64.510414,-61.76041,NaN
2019-08-21T12:00:00Z,0.0,-64.510414,-61.76041,NaN
2019-08-22T12:00:00Z,0.0,-64.510414,-61.76041,NaN
2019-08-23T12:00:00Z,0.0,-64.510414,-61.76041,NaN
2019-08-24T12:00:00Z,0.0,-64.510414,-61.76041,NaN
2019-08-25T12:00:00Z,0.0,-64.510414,-61.76041,NaN
2019-08-26T12:00:00Z,0.0,-64.510414,-61.76041,NaN
2019-08-27T12:00:00Z,0.0,-64.510414,-61.76041,NaN
2019-08-28T12:00:00Z,0.0,-64.510414,-61.76041,NaN
2019-08-29T12:00:00Z,0.0,-64.510414,-61.76041,NaN
2019-08-30T12:00:00Z,0.0,-64.510414,-61.76041,NaN
2019-08-31T12:00:00Z,0.0,-64.510414,-61.76041,NaN
2019-09-01T12:00:00Z,0.0,-64.510414,-61.76041,NaN
2019-09-02T12:00:00Z,0.0,-64.510414,-61.76041,NaN
2019-09-03T12:00:00Z,0.0,-64.510414,-61.76041,NaN
2019-09-04T12:00:00Z,0.0,-64.510414,-61.76041,NaN
2019-09-05T12:00:00Z,0.0,-64.510414,-61.76041,NaN
2019-09-06T12:00:00Z,0.0,-64.510414,-61.76041,NaN
2019-09-07T12:00:00Z,0.0,-64.510414,-61.76041,NaN
2019-09-08T12:00:00Z,0.0,-64.510414,-61.76041,NaN
2019-09-09T12:00:00Z,0.0,-64.510414,-61.76041,NaN
2019-09-10T12:00:00Z,0.0,-64.510414,-61.76041,NaN
2019-09-11T12:00:00Z,0.0,-64.510414,-61.76041,NaN
2019-09-12T12:00:00Z,0.0,-64.510414,-61.76041,NaN
2019-09-13T12:00:00Z,0.0,-64.510414,-61.76041,NaN
2019-09-14T12:00:00Z,0.0,-64.510414,-61.76041,NaN
2019-09-15T12:00:00Z,0.0,-64.510414,-61.76041,NaN
2019-09-16T12:00:00Z,0.0,-64.510414,-61.76041,NaN
2019-09-17T12:00:00Z,0.0,-64.510414,-61.76041,NaN
2019-09-18T12:00:00Z,0.0,-64.510414,-61.76041,NaN
2019-09-19T12:00:00Z,0.0,-64.510414,-61.76041,NaN
2019-09-20T12:00:00Z,0.0,-64.510414,-61.76041,NaN
2019-09-21T12:00:00Z,0.0,-64.510414,-61.76041,NaN
2019-09-22T12:00:00Z,0.0,-64.510414,-61.76041,NaN
2019-09-23T12:00:00Z,0.0,-64.510414,-61.76041,NaN
2019-09-24T12:00:00Z,0.0,-64.510414,-61.76041,NaN
2019-09-25T12:00:00Z,0.0,-64.510414,-61.76041,NaN
2019-09-26T12:00:00Z,0.0,-64.510414,-61.76041,NaN
2019-09-27T12:00:00Z,0.0,-64.510414,-61.76041,NaN
2019-09-28T12:00:00Z,0.0,-64.510414,-61.76041,NaN
2019-09-29T12:00:00Z,0.0,-64.510414,-61.76041,NaN
2019-09-30T12:00:00Z,0.0,-64.510414,-61.76041,NaN
2019-10-01T12:00:00Z,0.0,-64.510414,-61.76041,NaN
2019-10-02T12:00:00Z,0.0,-64.510414,-61.76041,NaN
2019-10-03T12:00:00Z,0.0,-64.510414,-61.76041,NaN
2019-10-04T12:00:00Z,0.0,-64.510414,-61.76041,NaN
2019-10-05T12:00:00Z,0.0,-64.510414,-61.76041,NaN
2019-10-06T12:00:00Z,0.0,-64.510414,-61.76041,NaN
2019-10-07T12:00:00Z,0.0,-64.510414,-61.76041,NaN
2019-10-08T12:00:00Z,0.0,-64.510414,-61.76041,NaN
2019-10-09T12:00:00Z,0.0,-64.510414,-61.76041,NaN
2019-10-10T12:00:00Z,0.0,-64.510414,-61.76041,NaN
2019-10-11T12:00:00Z,0.0,-64.510414,-61.76041,NaN
2019-10-12T12:00:00Z,0.0,-64.510414,-61.76041,NaN
2019-10-13T12:00:00Z,0.0,-64.510414,-61.76041,NaN
2019-10-14T12:00:00Z,0.0,-64.510414,-61.76041,NaN
2019-10-15T12:00:00Z,0.0,-64.510414,-61.76041,NaN
2019-10-16T12:00:00Z,0.0,-64.510414,-61.76041,NaN
2019-10-17T12:00:00Z,0.0,-64.510414,-61.76041,NaN
2019-10-18T12:00:00Z,0.0,-64.510414,-61.76041,NaN
2019-10-19T12:00:00Z,0.0,-64.510414,-61.76041,NaN
2019-10-20T12:00:00Z,0.0,-64.510414,-61.76041,0.07346403
2019-10-21T12:00:00Z,0.0,-64.510414,-61.76041,0.0659305
2019-10-22T12:00:00Z,0.0,-64.510414,-61.76041,0.07179558
2019-10-23T12:00:00Z,0.0,-64.510414,-61.76041,0.07207319
2019-10-24T12:00:00Z,0.0,-64.510414,-61.76041,0.07204565
2019-10-25T12:00:00Z,0.0,-64.510414,-61.76041,0.074275285
2019-10-26T12:00:00Z,0.0,-64.510414,-61.76041,0.078047074
2019-10-27T12:00:00Z,0.0,-64.510414,-61.76041,0.09525518
2019-10-28T12:00:00Z,0.0,-64.510414,-61.76041,0.07944747
2019-10-29T12:00:00Z,0.0,-64.510414,-61.76041,0.07948344
2019-10-30T12:00:00Z,0.0,-64.510414,-61.76041,0.067135
2019-10-31T12:00:00Z,0.0,-64.510414,-61.76041,0.084413275
2019-11-01T12:00:00Z,0.0,-64.510414,-61.76041,0.08367341
2019-11-02T12:00:00Z,0.0,-64.510414,-61.76041,0.06505977
2019-11-03T12:00:00Z,0.0,-64.510414,-61.76041,0.074700624
2019-11-04T12:00:00Z,0.0,-64.510414,-61.76041,0.060001817
2019-11-05T12:00:00Z,0.0,-64.510414,-61.76041,0.08727968
2019-11-06T12:00:00Z,0.0,-64.510414,-61.76041,0.055094734
2019-11-07T12:00:00Z,0.0,-64.510414,-61.76041,0.079326846
2019-11-08T12:00:00Z,0.0,-64.510414,-61.76041,0.0941405
2019-11-09T12:00:00Z,0.0,-64.510414,-61.76041,0.08266792
2019-11-10T12:00:00Z,0.0,-64.510414,-61.76041,0.050244857
2019-11-11T12:00:00Z,0.0,-64.510414,-61.76041,0.085968845
2019-11-12T12:00:00Z,0.0,-64.510414,-61.76041,0.062157854
2019-11-13T12:00:00Z,0.0,-64.510414,-61.76041,0.14050612
2019-11-14T12:00:00Z,0.0,-64.510414,-61.76041,0.20115378
2019-11-15T12:00:00Z,0.0,-64.510414,-61.76041,0.19840072
2019-11-16T12:00:00Z,0.0,-64.510414,-61.76041,0.16968507
2019-11-17T12:00:00Z,0.0,-64.510414,-61.76041,0.19664963
2019-11-18T12:00:00Z,0.0,-64.510414,-61.76041,0.23035462
2019-11-19T12:00:00Z,0.0,-64.510414,-61.76041,0.23311855
2019-11-20T12:00:00Z,0.0,-64.510414,-61.76041,0.2174916
2019-11-21T12:00:00Z,0.0,-64.510414,-61.76041,0.23235713
2019-11-22T12:00:00Z,0.0,-64.510414,-61.76041,0.23674934
2019-11-23T12:00:00Z,0.0,-64.510414,-61.76041,0.23636101
2019-11-24T12:00:00Z,0.0,-64.510414,-61.76041,0.27107465
2019-11-25T12:00:00Z,0.0,-64.510414,-61.76041,0.30355006
2019-11-26T12:00:00Z,0.0,-64.510414,-61.76041,0.3026307
2019-11-27T12:00:00Z,0.0,-64.510414,-61.76041,0.23906305
2019-11-28T12:00:00Z,0.0,-64.510414,-61.76041,0.20451269
2019-11-29T12:00:00Z,0.0,-64.510414,-61.76041,0.24573329
2019-11-30T12:00:00Z,0.0,-64.510414,-61.76041,0.289985
2019-12-01T12:00:00Z,0.0,-64.510414,-61.76041,0.289922
2019-12-02T12:00:00Z,0.0,-64.510414,-61.76041,0.36301762
2019-12-03T12:00:00Z,0.0,-64.510414,-61.76041,0.39870644
2019-12-04T12:00:00Z,0.0,-64.510414,-61.76041,0.32572296
2019-12-05T12:00:00Z,0.0,-64.510414,-61.76041,0.3278245
2019-12-06T12:00:00Z,0.0,-64.510414,-61.76041,0.29710105
2019-12-07T12:00:00Z,0.0,-64.510414,-61.76041,0.2991926
2019-12-08T12:00:00Z,0.0,-64.510414,-61.76041,0.2610857
2019-12-09T12:00:00Z,0.0,-64.510414,-61.76041,0.2897881
2019-12-10T12:00:00Z,0.0,-64.510414,-61.76041,0.30673057
2019-12-11T12:00:00Z,0.0,-64.510414,-61.76041,0.3048112
2019-12-12T12:00:00Z,0.0,-64.510414,-61.76041,0.29067066
2019-12-13T12:00:00Z,0.0,-64.510414,-61.76041,0.28526154
2019-12-14T12:00:00Z,0.0,-64.510414,-61.76041,0.2815746
2019-12-15T12:00:00Z,0.0,-64.510414,-61.76041,0.2770192
2019-12-16T12:00:00Z,0.0,-64.510414,-61.76041,0.2812378
2019-12-17T12:00:00Z,0.0,-64.510414,-61.76041,0.27795616
2019-12-18T12:00:00Z,0.0,-64.510414,-61.76041,0.28333345
2019-12-19T12:00:00Z,0.0,-64.510414,-61.76041,0.28373098
2019-12-20T12:00:00Z,0.0,-64.510414,-61.76041,0.29054093
2019-12-21T12:00:00Z,0.0,-64.510414,-61.76041,0.29066238
2019-12-22T12:00:00Z,0.0,-64.510414,-61.76041,0.30158043
2019-12-23T12:00:00Z,0.0,-64.510414,-61.76041,0.2978111
2019-12-24T12:00:00Z,0.0,-64.510414,-61.76041,0.3052941
2019-12-25T12:00:00Z,0.0,-64.510414,-61.76041,0.3190402
2019-12-26T12:00:00Z,0.0,-64.510414,-61.76041,0.31891498
2019-12-27T12:00:00Z,0.0,-64.510414,-61.76041,0.3296962
2019-12-28T12:00:00Z,0.0,-64.510414,-61.76041,0.22172563
2019-12-29T12:00:00Z,0.0,-64.510414,-61.76041,0.21744102
2019-12-30T12:00:00Z,0.0,-64.510414,-61.76041,0.2497308
2019-12-31T12:00:00Z,0.0,-64.510414,-61.76041,0.24795292
2020-01-01T12:00:00Z,0.0,-64.510414,-61.76041,0.25400332
2020-01-02T12:00:00Z,0.0,-64.510414,-61.76041,0.27501446
2020-01-03T12:00:00Z,0.0,-64.510414,-61.76041,0.27031803
2020-01-04T12:00:00Z,0.0,-64.510414,-61.76041,0.30069742
2020-01-05T12:00:00Z,0.0,-64.510414,-61.76041,0.2863058
2020-01-06T12:00:00Z,0.0,-64.510414,-61.76041,0.30903256
2020-01-07T12:00:00Z,0.0,-64.510414,-61.76041,0.25034955
2020-01-08T12:00:00Z,0.0,-64.510414,-61.76041,0.24545483
2020-01-09T12:00:00Z,0.0,-64.510414,-61.76041,0.26284727
2020-01-10T12:00:00Z,0.0,-64.510414,-61.76041,0.27626222
2020-01-11T12:00:00Z,0.0,-64.510414,-61.76041,0.26059225
2020-01-12T12:00:00Z,0.0,-64.510414,-61.76041,0.2662991
2020-01-13T12:00:00Z,0.0,-64.510414,-61.76041,0.26041496
2020-01-14T12:00:00Z,0.0,-64.510414,-61.76041,0.26460218
2020-01-15T12:00:00Z,0.0,-64.510414,-61.76041,0.27394342
2020-01-16T12:00:00Z,0.0,-64.510414,-61.76041,0.1875225
2020-01-17T12:00:00Z,0.0,-64.510414,-61.76041,0.25177443
2020-01-18T12:00:00Z,0.0,-64.510414,-61.76041,0.25023395
2020-01-19T12:00:00Z,0.0,-64.510414,-61.76041,0.27838603
2020-01-20T12:00:00Z,0.0,-64.510414,-61.76041,0.31540993
2020-01-21T12:00:00Z,0.0,-64.510414,-61.76041,0.31583977
2020-01-22T12:00:00Z,0.0,-64.510414,-61.76041,0.31103846
2020-01-23T12:00:00Z,0.0,-64.510414,-61.76041,0.31981018
2020-01-24T12:00:00Z,0.0,-64.510414,-61.76041,0.3359791
2020-01-25T12:00:00Z,0.0,-64.510414,-61.76041,0.34406796
2020-01-26T12:00:00Z,0.0,-64.510414,-61.76041,0.3405769
2020-01-27T12:00:00Z,0.0,-64.510414,-61.76041,0.30693159
2020-01-28T12:00:00Z,0.0,-64.510414,-61.76041,0.3361069
2020-01-29T12:00:00Z,0.0,-64.510414,-61.76041,0.34427375
2020-01-30T12:00:00Z,0.0,-64.510414,-61.76041,0.29283646
2020-01-31T12:00:00Z,0.0,-64.510414,-61.76041,0.3165963
2020-02-01T12:00:00Z,0.0,-64.510414,-61.76041,0.32769847
2020-02-02T12:00:00Z,0.0,-64.510414,-61.76041,0.3418688
2020-02-03T12:00:00Z,0.0,-64.510414,-61.76041,0.26283553
2020-02-04T12:00:00Z,0.0,-64.510414,-61.76041,0.30670828
2020-02-05T12:00:00Z,0.0,-64.510414,-61.76041,0.29689837
2020-02-06T12:00:00Z,0.0,-64.510414,-61.76041,0.29276785
2020-02-07T12:00:00Z,0.0,-64.510414,-61.76041,0.32486796
2020-02-08T12:00:00Z,0.0,-64.510414,-61.76041,0.3032081
2020-02-09T12:00:00Z,0.0,-64.510414,-61.76041,0.29934454
2020-02-10T12:00:00Z,0.0,-64.510414,-61.76041,0.30362046
2020-02-11T12:00:00Z,0.0,-64.510414,-61.76041,0.3030323
2020-02-12T12:00:00Z,0.0,-64.510414,-61.76041,0.2966112
2020-02-13T12:00:00Z,0.0,-64.510414,-61.76041,0.2979976
2020-02-14T12:00:00Z,0.0,-64.510414,-61.76041,0.29945058
2020-02-15T12:00:00Z,0.0,-64.510414,-61.76041,0.2817144
2020-02-16T12:00:00Z,0.0,-64.510414,-61.76041,0.2737283
2020-02-17T12:00:00Z,0.0,-64.510414,-61.76041,0.27138254
2020-02-18T12:00:00Z,0.0,-64.510414,-61.76041,0.2571086
2020-02-19T12:00:00Z,0.0,-64.510414,-61.76041,0.2920754
2020-02-20T12:00:00Z,0.0,-64.510414,-61.76041,0.2907653
2020-02-21T12:00:00Z,0.0,-64.510414,-61.76041,0.29274443
2020-02-22T12:00:00Z,0.0,-64.510414,-61.76041,0.28814647
2020-02-23T12:00:00Z,0.0,-64.510414,-61.76041,0.287456
2020-02-24T12:00:00Z,0.0,-64.510414,-61.76041,0.3133176
2020-02-25T12:00:00Z,0.0,-64.510414,-61.76041,0.3083682
2020-02-26T12:00:00Z,0.0,-64.510414,-61.76041,0.30671072
2020-02-27T12:00:00Z,0.0,-64.510414,-61.76041,0.2870173
2020-02-28T12:00:00Z,0.0,-64.510414,-61.76041,0.28547662
2020-02-29T12:00:00Z,0.0,-64.510414,-61.76041,0.28532258
2020-03-01T12:00:00Z,0.0,-64.510414,-61.76041,0.2715919
2020-03-02T12:00:00Z,0.0,-64.510414,-61.76041,0.2601509
2020-03-03T12:00:00Z,0.0,-64.510414,-61.76041,0.23904409
2020-03-04T12:00:00Z,0.0,-64.510414,-61.76041,0.22224593
2020-03-05T12:00:00Z,0.0,-64.510414,-61.76041,0.23117115
2020-03-06T12:00:00Z,0.0,-64.510414,-61.76041,0.22717729
2020-03-07T12:00:00Z,0.0,-64.510414,-61.76041,0.23624308
2020-03-08T12:00:00Z,0.0,-64.510414,-61.76041,0.21685342
2020-03-09T12:00:00Z,0.0,-64.510414,-61.76041,0.20222251
2020-03-10T12:00:00Z,0.0,-64.510414,-61.76041,0.19712225
2020-03-11T12:00:00Z,0.0,-64.510414,-61.76041,0.20571177
2020-03-12T12:00:00Z,0.0,-64.510414,-61.76041,0.19155793
2020-03-13T12:00:00Z,0.0,-64.510414,-61.76041,0.18539542
2020-03-14T12:00:00Z,0.0,-64.510414,-61.76041,NaN
2020-03-15T12:00:00Z,0.0,-64.510414,-61.76041,NaN
2020-03-16T12:00:00Z,0.0,-64.510414,-61.76041,NaN
2020-03-17T12:00:00Z,0.0,-64.510414,-61.76041,NaN
2020-03-18T12:00:00Z,0.0,-64.510414,-61.76041,NaN
2020-03-19T12:00:00Z,0.0,-64.510414,-61.76041,NaN
2020-03-20T12:00:00Z,0.0,-64.510414,-61.76041,NaN
2020-03-21T12:00:00Z,0.0,-64.510414,-61.76041,NaN
2020-03-22T12:00:00Z,0.0,-64.510414,-61.76041,NaN
2020-03-23T12:00:00Z,0.0,-64.510414,-61.76041,NaN
2020-03-24T12:00:00Z,0.0,-64.510414,-61.76041,NaN
2020-03-25T12:00:00Z,0.0,-64.510414,-61.76041,NaN
2020-03-26T12:00:00Z,0.0,-64.510414,-61.76041,NaN
2020-03-27T12:00:00Z,0.0,-64.510414,-61.76041,NaN
2020-03-28T12:00:00Z,0.0,-64.510414,-61.76041,NaN
2020-03-29T12:00:00Z,0.0,-64.510414,-61.76041,NaN
2020-03-30T12:00:00Z,0.0,-64.510414,-61.76041,NaN
2020-03-31T12:00:00Z,0.0,-64.510414,-61.76041,NaN
2020-04-01T12:00:00Z,0.0,-64.510414,-61.76041,NaN
2020-04-02T12:00:00Z,0.0,-64.510414,-61.76041,NaN
2020-04-03T12:00:00Z,0.0,-64.510414,-61.76041,NaN
2020-04-04T12:00:00Z,0.0,-64.510414,-61.76041,NaN
2020-04-05T12:00:00Z,0.0,-64.510414,-61.76041,NaN
2020-04-06T12:00:00Z,0.0,-64.510414,-61.76041,NaN
2020-04-07T12:00:00Z,0.0,-64.510414,-61.76041,NaN
2020-04-08T12:00:00Z,0.0,-64.510414,-61.76041,NaN
2020-04-09T12:00:00Z,0.0,-64.510414,-61.76041,NaN
2020-04-10T12:00:00Z,0.0,-64.510414,-61.76041,NaN
2020-04-11T12:00:00Z,0.0,-64.510414,-61.76041,NaN
2020-04-12T12:00:00Z,0.0,-64.510414,-61.76041,NaN
2020-04-13T12:00:00Z,0.0,-64.510414,-61.76041,NaN
2020-04-14T12:00:00Z,0.0,-64.510414,-61.76041,NaN
2020-04-15T12:00:00Z,0.0,-64.510414,-61.76041,NaN
2020-04-16T12:00:00Z,0.0,-64.510414,-61.76041,NaN
2020-04-17T12:00:00Z,0.0,-64.510414,-61.76041,NaN
2020-04-18T12:00:00Z,0.0,-64.510414,-61.76041,NaN
2020-04-19T12:00:00Z,0.0,-64.510414,-61.76041,NaN
2020-04-20T12:00:00Z,0.0,-64.510414,-61.76041,NaN
2020-04-21T12:00:00Z,0.0,-64.510414,-61.76041,NaN
2020-04-22T12:00:00Z,0.0,-64.510414,-61.76041,NaN
2020-04-23T12:00:00Z,0.0,-64.510414,-61.76041,NaN
2020-04-24T12:00:00Z,0.0,-64.510414,-61.76041,NaN
2020-04-25T12:00:00Z,0.0,-64.510414,-61.76041,NaN
2020-04-26T12:00:00Z,0.0,-64.510414,-61.76041,NaN
2020-04-27T12:00:00Z,0.0,-64.510414,-61.76041,NaN
2020-04-28T12:00:00Z,0.0,-64.510414,-61.76041,NaN
2020-04-29T12:00:00Z,0.0,-64.510414,-61.76041,NaN
2020-04-30T12:00:00Z,0.0,-64.510414,-61.76041,NaN
2020-05-01T12:00:00Z,0.0,-64.510414,-61.76041,NaN
2020-05-02T12:00:00Z,0.0,-64.510414,-61.76041,NaN
2020-05-03T12:00:00Z,0.0,-64.510414,-61.76041,NaN
2020-05-04T12:00:00Z,0.0,-64.510414,-61.76041,NaN
2020-05-05T12:00:00Z,0.0,-64.510414,-61.76041,NaN
2020-05-06T12:00:00Z,0.0,-64.510414,-61.76041,NaN
2020-05-07T12:00:00Z,0.0,-64.510414,-61.76041,NaN
2020-05-08T12:00:00Z,0.0,-64.510414,-61.76041,NaN
2020-05-09T12:00:00Z,0.0,-64.510414,-61.76041,NaN
2020-05-10T12:00:00Z,0.0,-64.510414,-61.76041,NaN
2020-05-11T12:00:00Z,0.0,-64.510414,-61.76041,NaN
2020-05-12T12:00:00Z,0.0,-64.510414,-61.76041,NaN
2020-05-13T12:00:00Z,0.0,-64.510414,-61.76041,NaN
2020-05-14T12:00:00Z,0.0,-64.510414,-61.76041,NaN
2020-05-15T12:00:00Z,0.0,-64.510414,-61.76041,NaN
2020-05-16T12:00:00Z,0.0,-64.510414,-61.76041,NaN
2020-05-17T12:00:00Z,0.0,-64.510414,-61.76041,NaN
2020-05-18T12:00:00Z,0.0,-64.510414,-61.76041,NaN
2020-05-19T12:00:00Z,0.0,-64.510414,-61.76041,NaN
2020-05-20T12:00:00Z,0.0,-64.510414,-61.76041,NaN
2020-05-21T12:00:00Z,0.0,-64.510414,-61.76041,NaN
2020-05-22T12:00:00Z,0.0,-64.510414,-61.76041,NaN
2020-05-23T12:00:00Z,0.0,-64.510414,-61.76041,NaN
2020-05-24T12:00:00Z,0.0,-64.510414,-61.76041,NaN
2020-05-25T12:00:00Z,0.0,-64.510414,-61.76041,NaN
2020-05-26T12:00:00Z,0.0,-64.510414,-61.76041,NaN
2020-05-27T12:00:00Z,0.0,-64.510414,-61.76041,NaN
2020-05-28T12:00:00Z,0.0,-64.510414,-61.76041,NaN
2020-05-29T12:00:00Z,0.0,-64.510414,-61.76041,NaN
2020-05-30T12:00:00Z,0.0,-64.510414,-61.76041,NaN
2020-05-31T12:00:00Z,0.0,-64.510414,-61.76041,NaN
2020-06-01T12:00:00Z,0.0,-64.510414,-61.76041,NaN
2020-06-02T12:00:00Z,0.0,-64.510414,-61.76041,NaN
2020-06-03T12:00:00Z,0.0,-64.510414,-61.76041,NaN
2020-06-04T12:00:00Z,0.0,-64.510414,-61.76041,NaN
2020-06-05T12:00:00Z,0.0,-64.510414,-61.76041,NaN
2020-06-06T12:00:00Z,0.0,-64.510414,-61.76041,NaN
2020-06-07T12:00:00Z,0.0,-64.510414,-61.76041,NaN
2020-06-08T12:00:00Z,0.0,-64.510414,-61.76041,NaN
2020-06-09T12:00:00Z,0.0,-64.510414,-61.76041,NaN
2020-06-10T12:00:00Z,0.0,-64.510414,-61.76041,NaN
2020-06-11T12:00:00Z,0.0,-64.510414,-61.76041,NaN
2020-06-12T12:00:00Z,0.0,-64.510414,-61.76041,NaN
2020-06-13T12:00:00Z,0.0,-64.510414,-61.76041,NaN
2020-06-14T12:00:00Z,0.0,-64.510414,-61.76041,NaN
2020-06-15T12:00:00Z,0.0,-64.510414,-61.76041,NaN
2020-06-16T12:00:00Z,0.0,-64.510414,-61.76041,NaN
2020-06-17T12:00:00Z,0.0,-64.510414,-61.76041,NaN
2020-06-18T12:00:00Z,0.0,-64.510414,-61.76041,NaN
2020-06-19T12:00:00Z,0.0,-64.510414,-61.76041,NaN
2020-06-20T12:00:00Z,0.0,-64.510414,-61.76041,NaN
2020-06-21T12:00:00Z,0.0,-64.510414,-61.76041,NaN
2020-06-22T12:00:00Z,0.0,-64.510414,-61.76041,NaN
2020-06-23T12:00:00Z,0.0,-64.510414,-61.76041,NaN
2020-06-24T12:00:00Z,0.0,-64.510414,-61.76041,NaN
2020-06-25T12:00:00Z,0.0,-64.510414,-61.76041,NaN
2020-06-26T12:00:00Z,0.0,-64.510414,-61.76041,NaN
2020-06-27T12:00:00Z,0.0,-64.510414,-61.76041,NaN
2020-06-28T12:00:00Z,0.0,-64.510414,-61.76041,NaN
2020-06-29T12:00:00Z,0.0,-64.510414,-61.76041,NaN
2020-06-30T12:00:00Z,0.0,-64.510414,-61.76041,NaN
2020-07-01T12:00:00Z,0.0,-64.510414,-61.76041,NaN
2020-07-02T12:00:00Z,0.0,-64.510414,-61.76041,NaN
2020-07-03T12:00:00Z,0.0,-64.510414,-61.76041,NaN
2020-07-04T12:00:00Z,0.0,-64.510414,-61.76041,NaN
2020-07-05T12:00:00Z,0.0,-64.510414,-61.76041,NaN
2020-07-06T12:00:00Z,0.0,-64.510414,-61.76041,NaN
2020-07-07T12:00:00Z,0.0,-64.510414,-61.76041,NaN
2020-07-08T12:00:00Z,0.0,-64.510414,-61.76041,NaN
2020-07-09T12:00:00Z,0.0,-64.510414,-61.76041,NaN
2020-07-10T12:00:00Z,0.0,-64.510414,-61.76041,NaN
2020-07-11T12:00:00Z,0.0,-64.510414,-61.76041,NaN
2020-07-12T12:00:00Z,0.0,-64.510414,-61.76041,NaN
2020-07-13T12:00:00Z,0.0,-64.510414,-61.76041,NaN
2020-07-14T12:00:00Z,0.0,-64.510414,-61.76041,NaN
2020-07-15T12:00:00Z,0.0,-64.510414,-61.76041,NaN
2020-07-16T12:00:00Z,0.0,-64.510414,-61.76041,NaN
2020-07-17T12:00:00Z,0.0,-64.510414,-61.76041,NaN
2020-07-18T12:00:00Z,0.0,-64.510414,-61.76041,NaN
2020-07-19T12:00:00Z,0.0,-64.510414,-61.76041,NaN
2020-07-20T12:00:00Z,0.0,-64.510414,-61.76041,NaN
2020-07-21T12:00:00Z,0.0,-64.510414,-61.76041,NaN
2020-07-22T12:00:00Z,0.0,-64.510414,-61.76041,NaN
2020-07-23T12:00:00Z,0.0,-64.510414,-61.76041,NaN
2020-07-24T12:00:00Z,0.0,-64.510414,-61.76041,NaN
2020-07-25T12:00:00Z,0.0,-64.510414,-61.76041,NaN
2020-07-26T12:00:00Z,0.0,-64.510414,-61.76041,NaN
2020-07-27T12:00:00Z,0.0,-64.510414,-61.76041,NaN
2020-07-28T12:00:00Z,0.0,-64.510414,-61.76041,NaN
2020-07-29T12:00:00Z,0.0,-64.510414,-61.76041,NaN
2020-07-30T12:00:00Z,0.0,-64.510414,-61.76041,NaN
2020-07-31T12:00:00Z,0.0,-64.510414,-61.76041,NaN
2020-08-01T12:00:00Z,0.0,-64.510414,-61.76041,NaN
2020-08-02T12:00:00Z,0.0,-64.510414,-61.76041,NaN
2020-08-03T12:00:00Z,0.0,-64.510414,-61.76041,NaN
2020-08-04T12:00:00Z,0.0,-64.510414,-61.76041,NaN
2020-08-05T12:00:00Z,0.0,-64.510414,-61.76041,NaN
2020-08-06T12:00:00Z,0.0,-64.510414,-61.76041,NaN
2020-08-07T12:00:00Z,0.0,-64.510414,-61.76041,NaN
2020-08-08T12:00:00Z,0.0,-64.510414,-61.76041,NaN
2020-08-09T12:00:00Z,0.0,-64.510414,-61.76041,NaN
2020-08-10T12:00:00Z,0.0,-64.510414,-61.76041,NaN
2020-08-11T12:00:00Z,0.0,-64.510414,-61.76041,NaN
2020-08-12T12:00:00Z,0.0,-64.510414,-61.76041,NaN
2020-08-13T12:00:00Z,0.0,-64.510414,-61.76041,NaN
2020-08-14T12:00:00Z,0.0,-64.510414,-61.76041,NaN
2020-08-15T12:00:00Z,0.0,-64.510414,-61.76041,NaN
2020-08-16T12:00:00Z,0.0,-64.510414,-61.76041,NaN
2020-08-17T12:00:00Z,0.0,-64.510414,-61.76041,NaN
2020-08-18T12:00:00Z,0.0,-64.510414,-61.76041,NaN
2020-08-19T12:00:00Z,0.0,-64.510414,-61.76041,NaN
2020-08-20T12:00:00Z,0.0,-64.510414,-61.76041,NaN
2020-08-21T12:00:00Z,0.0,-64.510414,-61.76041,NaN
2020-08-22T12:00:00Z,0.0,-64.510414,-61.76041,NaN
2020-08-23T12:00:00Z,0.0,-64.510414,-61.76041,NaN
2020-08-24T12:00:00Z,0.0,-64.510414,-61.76041,NaN
2020-08-25T12:00:00Z,0.0,-64.510414,-61.76041,NaN
2020-08-26T12:00:00Z,0.0,-64.510414,-61.76041,NaN
2020-08-27T12:00:00Z,0.0,-64.510414,-61.76041,NaN
2020-08-28T12:00:00Z,0.0,-64.510414,-61.76041,NaN
2020-08-29T12:00:00Z,0.0,-64.510414,-61.76041,NaN
2020-08-30T12:00:00Z,0.0,-64.510414,-61.76041,NaN
2020-08-31T12:00:00Z,0.0,-64.510414,-61.76041,NaN
2020-09-01T12:00:00Z,0.0,-64.510414,-61.76041,NaN
2020-09-02T12:00:00Z,0.0,-64.510414,-61.76041,NaN
2020-09-03T12:00:00Z,0.0,-64.510414,-61.76041,NaN
2020-09-04T12:00:00Z,0.0,-64.510414,-61.76041,NaN
2020-09-05T12:00:00Z,0.0,-64.510414,-61.76041,NaN
2020-09-06T12:00:00Z,0.0,-64.510414,-61.76041,NaN
2020-09-07T12:00:00Z,0.0,-64.510414,-61.76041,NaN
2020-09-08T12:00:00Z,0.0,-64.510414,-61.76041,NaN
2020-09-09T12:00:00Z,0.0,-64.510414,-61.76041,NaN
2020-09-10T12:00:00Z,0.0,-64.510414,-61.76041,NaN
2020-09-11T12:00:00Z,0.0,-64.510414,-61.76041,NaN
2020-09-12T12:00:00Z,0.0,-64.510414,-61.76041,NaN
2020-09-13T12:00:00Z,0.0,-64.510414,-61.76041,NaN
2020-09-14T12:00:00Z,0.0,-64.510414,-61.76041,NaN
2020-09-15T12:00:00Z,0.0,-64.510414,-61.76041,NaN
2020-09-16T12:00:00Z,0.0,-64.510414,-61.76041,NaN
2020-09-17T12:00:00Z,0.0,-64.510414,-61.76041,NaN
2020-09-18T12:00:00Z,0.0,-64.510414,-61.76041,NaN
2020-09-19T12:00:00Z,0.0,-64.510414,-61.76041,NaN
2020-09-20T12:00:00Z,0.0,-64.510414,-61.76041,NaN
2020-09-21T12:00:00Z,0.0,-64.510414,-61.76041,NaN
2020-09-22T12:00:00Z,0.0,-64.510414,-61.76041,NaN
2020-09-23T12:00:00Z,0.0,-64.510414,-61.76041,NaN
2020-09-24T12:00:00Z,0.0,-64.510414,-61.76041,NaN
2020-09-25T12:00:00Z,0.0,-64.510414,-61.76041,NaN
2020-09-26T12:00:00Z,0.0,-64.510414,-61.76041,NaN
2020-09-27T12:00:00Z,0.0,-64.510414,-61.76041,NaN
2020-09-28T12:00:00Z,0.0,-64.510414,-61.76041,NaN
2020-09-29T12:00:00Z,0.0,-64.510414,-61.76041,NaN
2020-09-30T12:00:00Z,0.0,-64.510414,-61.76041,NaN
2020-10-01T12:00:00Z,0.0,-64.510414,-61.76041,NaN
2020-10-02T12:00:00Z,0.0,-64.510414,-61.76041,NaN
2020-10-03T12:00:00Z,0.0,-64.510414,-61.76041,NaN
2020-10-04T12:00:00Z,0.0,-64.510414,-61.76041,NaN
2020-10-05T12:00:00Z,0.0,-64.510414,-61.76041,NaN
2020-10-06T12:00:00Z,0.0,-64.510414,-61.76041,NaN
2020-10-07T12:00:00Z,0.0,-64.510414,-61.76041,NaN
2020-10-08T12:00:00Z,0.0,-64.510414,-61.76041,NaN
2020-10-09T12:00:00Z,0.0,-64.510414,-61.76041,NaN
2020-10-10T12:00:00Z,0.0,-64.510414,-61.76041,NaN
2020-10-11T12:00:00Z,0.0,-64.510414,-61.76041,NaN
2020-10-12T12:00:00Z,0.0,-64.510414,-61.76041,NaN
2020-10-13T12:00:00Z,0.0,-64.510414,-61.76041,NaN
2020-10-14T12:00:00Z,0.0,-64.510414,-61.76041,NaN
2020-10-15T12:00:00Z,0.0,-64.510414,-61.76041,NaN
2020-10-16T12:00:00Z,0.0,-64.510414,-61.76041,NaN
2020-10-17T12:00:00Z,0.0,-64.510414,-61.76041,NaN
2020-10-18T12:00:00Z,0.0,-64.510414,-61.76041,NaN
2020-10-19T12:00:00Z,0.0,-64.510414,-61.76041,0.16428952
2020-10-20T12:00:00Z,0.0,-64.510414,-61.76041,0.16388586
2020-10-21T12:00:00Z,0.0,-64.510414,-61.76041,0.16416624
2020-10-22T12:00:00Z,0.0,-64.510414,-61.76041,0.16485009
2020-10-23T12:00:00Z,0.0,-64.510414,-61.76041,0.1652491
2020-10-24T12:00:00Z,0.0,-64.510414,-61.76041,0.16627301
2020-10-25T12:00:00Z,0.0,-64.510414,-61.76041,0.16624893
2020-10-26T12:00:00Z,0.0,-64.510414,-61.76041,0.16680875
2020-10-27T12:00:00Z,0.0,-64.510414,-61.76041,0.1665849
2020-10-28T12:00:00Z,0.0,-64.510414,-61.76041,0.044863403
2020-10-29T12:00:00Z,0.0,-64.510414,-61.76041,0.16769724
2020-10-30T12:00:00Z,0.0,-64.510414,-61.76041,0.16760153
2020-10-31T12:00:00Z,0.0,-64.510414,-61.76041,0.103012845
2020-11-01T12:00:00Z,0.0,-64.510414,-61.76041,0.16757578
2020-11-02T12:00:00Z,0.0,-64.510414,-61.76041,0.16796519
2020-11-03T12:00:00Z,0.0,-64.510414,-61.76041,0.09245738
2020-11-04T12:00:00Z,0.0,-64.510414,-61.76041,0.057486936
2020-11-05T12:00:00Z,0.0,-64.510414,-61.76041,0.06293121
2020-11-06T12:00:00Z,0.0,-64.510414,-61.76041,0.07829311
2020-11-07T12:00:00Z,0.0,-64.510414,-61.76041,0.060640104
2020-11-08T12:00:00Z,0.0,-64.510414,-61.76041,0.06538567
2020-11-09T12:00:00Z,0.0,-64.510414,-61.76041,0.077633806
2020-11-10T12:00:00Z,0.0,-64.510414,-61.76041,0.061856892
2020-11-11T12:00:00Z,0.0,-64.510414,-61.76041,0.06896226
2020-11-12T12:00:00Z,0.0,-64.510414,-61.76041,0.097295634
2020-11-13T12:00:00Z,0.0,-64.510414,-61.76041,0.092426576
2020-11-14T12:00:00Z,0.0,-64.510414,-61.76041,0.10402549
2020-11-15T12:00:00Z,0.0,-64.510414,-61.76041,0.09684134
2020-11-16T12:00:00Z,0.0,-64.510414,-61.76041,0.0808843
2020-11-17T12:00:00Z,0.0,-64.510414,-61.76041,0.091751866
2020-11-18T12:00:00Z,0.0,-64.510414,-61.76041,0.080644034
2020-11-19T12:00:00Z,0.0,-64.510414,-61.76041,0.09063079
2020-11-20T12:00:00Z,0.0,-64.510414,-61.76041,0.08823807
2020-11-21T12:00:00Z,0.0,-64.510414,-61.76041,0.08404798
2020-11-22T12:00:00Z,0.0,-64.510414,-61.76041,0.099347346
2020-11-23T12:00:00Z,0.0,-64.510414,-61.76041,0.08934031
2020-11-24T12:00:00Z,0.0,-64.510414,-61.76041,0.12802497
2020-11-25T12:00:00Z,0.0,-64.510414,-61.76041,0.11027783
2020-11-26T12:00:00Z,0.0,-64.510414,-61.76041,0.094901
2020-11-27T12:00:00Z,0.0,-64.510414,-61.76041,0.07577314
2020-11-28T12:00:00Z,0.0,-64.510414,-61.76041,0.085815035
2020-11-29T12:00:00Z,0.0,-64.510414,-61.76041,0.07633942
2020-11-30T12:00:00Z,0.0,-64.510414,-61.76041,0.094266616
2020-12-01T12:00:00Z,0.0,-64.510414,-61.76041,0.111584604
2020-12-02T12:00:00Z,0.0,-64.510414,-61.76041,0.09279927
2020-12-03T12:00:00Z,0.0,-64.510414,-61.76041,0.10420936
2020-12-04T12:00:00Z,0.0,-64.510414,-61.76041,0.11063636
2020-12-05T12:00:00Z,0.0,-64.510414,-61.76041,0.09843521
2020-12-06T12:00:00Z,0.0,-64.510414,-61.76041,0.115374
2020-12-07T12:00:00Z,0.0,-64.510414,-61.76041,0.10453733
2020-12-08T12:00:00Z,0.0,-64.510414,-61.76041,0.10793638
2020-12-09T12:00:00Z,0.0,-64.510414,-61.76041,0.10140158
2020-12-10T12:00:00Z,0.0,-64.510414,-61.76041,0.09951342
2020-12-11T12:00:00Z,0.0,-64.510414,-61.76041,0.11139198
2020-12-12T12:00:00Z,0.0,-64.510414,-61.76041,0.10477012
2020-12-13T12:00:00Z,0.0,-64.510414,-61.76041,0.10443388
2020-12-14T12:00:00Z,0.0,-64.510414,-61.76041,0.09621028
2020-12-15T12:00:00Z,0.0,-64.510414,-61.76041,0.12517709
2020-12-16T12:00:00Z,0.0,-64.510414,-61.76041,0.15059803
2020-12-17T12:00:00Z,0.0,-64.510414,-61.76041,0.14255868
2020-12-18T12:00:00Z,0.0,-64.510414,-61.76041,0.13192947
2020-12-19T12:00:00Z,0.0,-64.510414,-61.76041,0.14356294
2020-12-20T12:00:00Z,0.0,-64.510414,-61.76041,0.1683539
2020-12-21T12:00:00Z,0.0,-64.510414,-61.76041,0.17834099
2020-12-22T12:00:00Z,0.0,-64.510414,-61.76041,0.1564746
2020-12-23T12:00:00Z,0.0,-64.510414,-61.76041,0.15812783
2020-12-24T12:00:00Z,0.0,-64.510414,-61.76041,0.2089294
2020-12-25T12:00:00Z,0.0,-64.510414,-61.76041,0.15748876
2020-12-26T12:00:00Z,0.0,-64.510414,-61.76041,0.15091676
2020-12-27T12:00:00Z,0.0,-64.510414,-61.76041,0.14398018
2020-12-28T12:00:00Z,0.0,-64.510414,-61.76041,0.1522908
2020-12-29T12:00:00Z,0.0,-64.510414,-61.76041,0.14207092
2020-12-30T12:00:00Z,0.0,-64.510414,-61.76041,0.15913357
2020-12-31T12:00:00Z,0.0,-64.510414,-61.76041,0.14994003
2021-01-01T12:00:00Z,0.0,-64.510414,-61.76041,0.14657459
2021-01-02T12:00:00Z,0.0,-64.510414,-61.76041,0.15770625
2021-01-03T12:00:00Z,0.0,-64.510414,-61.76041,0.16532512
2021-01-04T12:00:00Z,0.0,-64.510414,-61.76041,0.1625033
2021-01-05T12:00:00Z,0.0,-64.510414,-61.76041,0.1636175
2021-01-06T12:00:00Z,0.0,-64.510414,-61.76041,0.15170841
2021-01-07T12:00:00Z,0.0,-64.510414,-61.76041,0.16494174
2021-01-08T12:00:00Z,0.0,-64.510414,-61.76041,0.16274163
2021-01-09T12:00:00Z,0.0,-64.510414,-61.76041,0.16619928
2021-01-10T12:00:00Z,0.0,-64.510414,-61.76041,0.16707127
2021-01-11T12:00:00Z,0.0,-64.510414,-61.76041,0.16382647
2021-01-12T12:00:00Z,0.0,-64.510414,-61.76041,0.17534037
2021-01-13T12:00:00Z,0.0,-64.510414,-61.76041,0.18387859
2021-01-14T12:00:00Z,0.0,-64.510414,-61.76041,0.17534897
2021-01-15T12:00:00Z,0.0,-64.510414,-61.76041,0.21298172
2021-01-16T12:00:00Z,0.0,-64.510414,-61.76041,0.21567734
2021-01-17T12:00:00Z,0.0,-64.510414,-61.76041,0.22495261
2021-01-18T12:00:00Z,0.0,-64.510414,-61.76041,0.18153928
2021-01-19T12:00:00Z,0.0,-64.510414,-61.76041,0.1827944
2021-01-20T12:00:00Z,0.0,-64.510414,-61.76041,0.18863717
2021-01-21T12:00:00Z,0.0,-64.510414,-61.76041,0.19328034
2021-01-22T12:00:00Z,0.0,-64.510414,-61.76041,0.18131515
2021-01-23T12:00:00Z,0.0,-64.510414,-61.76041,0.19961448
2021-01-24T12:00:00Z,0.0,-64.510414,-61.76041,0.18734969
2021-01-25T12:00:00Z,0.0,-64.510414,-61.76041,0.18522976
2021-01-26T12:00:00Z,0.0,-64.510414,-61.76041,0.1855647
2021-01-27T12:00:00Z,0.0,-64.510414,-61.76041,0.19465992
2021-01-28T12:00:00Z,0.0,-64.510414,-61.76041,0.20007217
2021-01-29T12:00:00Z,0.0,-64.510414,-61.76041,0.19860145
2021-01-30T12:00:00Z,0.0,-64.510414,-61.76041,0.18868858
2021-01-31T12:00:00Z,0.0,-64.510414,-61.76041,0.21562363
2021-02-01T12:00:00Z,0.0,-64.510414,-61.76041,0.21791695
2021-02-02T12:00:00Z,0.0,-64.510414,-61.76041,0.20517601
2021-02-03T12:00:00Z,0.0,-64.510414,-61.76041,0.18757218
2021-02-04T12:00:00Z,0.0,-64.510414,-61.76041,0.18945983
2021-02-05T12:00:00Z,0.0,-64.510414,-61.76041,0.18260096
2021-02-06T12:00:00Z,0.0,-64.510414,-61.76041,0.18457446
2021-02-07T12:00:00Z,0.0,-64.510414,-61.76041,0.18098727
2021-02-08T12:00:00Z,0.0,-64.510414,-61.76041,0.17952399
2021-02-09T12:00:00Z,0.0,-64.510414,-61.76041,0.18336435
2021-02-10T12:00:00Z,0.0,-64.510414,-61.76041,0.17629802
2021-02-11T12:00:00Z,0.0,-64.510414,-61.76041,0.17523134
2021-02-12T12:00:00Z,0.0,-64.510414,-61.76041,0.18145908
2021-02-13T12:00:00Z,0.0,-64.510414,-61.76041,0.17857045
2021-02-14T12:00:00Z,0.0,-64.510414,-61.76041,0.20393267
2021-02-15T12:00:00Z,0.0,-64.510414,-61.76041,0.20681456
2021-02-16T12:00:00Z,0.0,-64.510414,-61.76041,0.20429303
2021-02-17T12:00:00Z,0.0,-64.510414,-61.76041,0.1566317
2021-02-18T12:00:00Z,0.0,-64.510414,-61.76041,0.15950441
2021-02-19T12:00:00Z,0.0,-64.510414,-61.76041,0.14582413
2021-02-20T12:00:00Z,0.0,-64.510414,-61.76041,0.13962163
2021-02-21T12:00:00Z,0.0,-64.510414,-61.76041,0.14783023
2021-02-22T12:00:00Z,0.0,-64.510414,-61.76041,0.14025229
2021-02-23T12:00:00Z,0.0,-64.510414,-61.76041,0.1489004
2021-02-24T12:00:00Z,0.0,-64.510414,-61.76041,0.15112215
2021-02-25T12:00:00Z,0.0,-64.510414,-61.76041,0.15261282
2021-02-26T12:00:00Z,0.0,-64.510414,-61.76041,0.1582798
2021-02-27T12:00:00Z,0.0,-64.510414,-61.76041,0.1484269
2021-02-28T12:00:00Z,0.0,-64.510414,-61.76041,0.15899576
2021-03-01T12:00:00Z,0.0,-64.510414,-61.76041,0.15096606
2021-03-02T12:00:00Z,0.0,-64.510414,-61.76041,0.16521774
2021-03-03T12:00:00Z,0.0,-64.510414,-61.76041,0.16406277
2021-03-04T12:00:00Z,0.0,-64.510414,-61.76041,0.15945087
2021-03-05T12:00:00Z,0.0,-64.510414,-61.76041,0.16897956
2021-03-06T12:00:00Z,0.0,-64.510414,-61.76041,0.18545392
2021-03-07T12:00:00Z,0.0,-64.510414,-61.76041,0.18872768
2021-03-08T12:00:00Z,0.0,-64.510414,-61.76041,0.12507407
2021-03-09T12:00:00Z,0.0,-64.510414,-61.76041,0.13330945
2021-03-10T12:00:00Z,0.0,-64.510414,-61.76041,0.12786026
2021-03-11T12:00:00Z,0.0,-64.510414,-61.76041,0.12496924
2021-03-12T12:00:00Z,0.0,-64.510414,-61.76041,0.12181405
2021-03-13T12:00:00Z,0.0,-64.510414,-61.76041,0.12905039
2021-03-14T12:00:00Z,0.0,-64.510414,-61.76041,0.12899987
2021-03-15T12:00:00Z,0.0,-64.510414,-61.76041,NaN
2021-03-16T12:00:00Z,0.0,-64.510414,-61.76041,NaN
2021-03-17T12:00:00Z,0.0,-64.510414,-61.76041,NaN
2021-03-18T12:00:00Z,0.0,-64.510414,-61.76041,NaN
2021-03-19T12:00:00Z,0.0,-64.510414,-61.76041,NaN
2021-03-20T12:00:00Z,0.0,-64.510414,-61.76041,NaN
2021-03-21T12:00:00Z,0.0,-64.510414,-61.76041,NaN
2021-03-22T12:00:00Z,0.0,-64.510414,-61.76041,NaN
2021-03-23T12:00:00Z,0.0,-64.510414,-61.76041,NaN
2021-03-24T12:00:00Z,0.0,-64.510414,-61.76041,NaN
2021-03-25T12:00:00Z,0.0,-64.510414,-61.76041,NaN
2021-03-26T12:00:00Z,0.0,-64.510414,-61.76041,NaN
2021-03-27T12:00:00Z,0.0,-64.510414,-61.76041,NaN
2021-03-28T12:00:00Z,0.0,-64.510414,-61.76041,NaN
2021-03-29T12:00:00Z,0.0,-64.510414,-61.76041,NaN
2021-03-30T12:00:00Z,0.0,-64.510414,-61.76041,NaN
2021-03-31T12:00:00Z,0.0,-64.510414,-61.76041,NaN
2021-04-01T12:00:00Z,0.0,-64.510414,-61.76041,NaN
2021-04-02T12:00:00Z,0.0,-64.510414,-61.76041,NaN
2021-04-03T12:00:00Z,0.0,-64.510414,-61.76041,NaN
2021-04-04T12:00:00Z,0.0,-64.510414,-61.76041,NaN
2021-04-05T12:00:00Z,0.0,-64.510414,-61.76041,NaN
2021-04-06T12:00:00Z,0.0,-64.510414,-61.76041,NaN
2021-04-07T12:00:00Z,0.0,-64.510414,-61.76041,NaN
2021-04-08T12:00:00Z,0.0,-64.510414,-61.76041,NaN
2021-04-09T12:00:00Z,0.0,-64.510414,-61.76041,NaN
2021-04-10T12:00:00Z,0.0,-64.510414,-61.76041,NaN
2021-04-11T12:00:00Z,0.0,-64.510414,-61.76041,NaN
2021-04-12T12:00:00Z,0.0,-64.510414,-61.76041,NaN
2021-04-13T12:00:00Z,0.0,-64.510414,-61.76041,NaN
2021-04-14T12:00:00Z,0.0,-64.510414,-61.76041,NaN
2021-04-15T12:00:00Z,0.0,-64.510414,-61.76041,NaN
2021-04-16T12:00:00Z,0.0,-64.510414,-61.76041,NaN
2021-04-17T12:00:00Z,0.0,-64.510414,-61.76041,NaN
2021-04-18T12:00:00Z,0.0,-64.510414,-61.76041,NaN
2021-04-19T12:00:00Z,0.0,-64.510414,-61.76041,NaN
2021-04-20T12:00:00Z,0.0,-64.510414,-61.76041,NaN
2021-04-21T12:00:00Z,0.0,-64.510414,-61.76041,NaN
2021-04-22T12:00:00Z,0.0,-64.510414,-61.76041,NaN
2021-04-23T12:00:00Z,0.0,-64.510414,-61.76041,NaN
2021-04-24T12:00:00Z,0.0,-64.510414,-61.76041,NaN
2021-04-25T12:00:00Z,0.0,-64.510414,-61.76041,NaN
2021-04-26T12:00:00Z,0.0,-64.510414,-61.76041,NaN
2021-04-27T12:00:00Z,0.0,-64.510414,-61.76041,NaN
2021-04-28T12:00:00Z,0.0,-64.510414,-61.76041,NaN
2021-04-29T12:00:00Z,0.0,-64.510414,-61.76041,NaN
2021-04-30T12:00:00Z,0.0,-64.510414,-61.76041,NaN
2021-05-01T12:00:00Z,0.0,-64.510414,-61.76041,NaN
2021-05-02T12:00:00Z,0.0,-64.510414,-61.76041,NaN
2021-05-03T12:00:00Z,0.0,-64.510414,-61.76041,NaN
2021-05-04T12:00:00Z,0.0,-64.510414,-61.76041,NaN
2021-05-05T12:00:00Z,0.0,-64.510414,-61.76041,NaN
2021-05-06T12:00:00Z,0.0,-64.510414,-61.76041,NaN
2021-05-07T12:00:00Z,0.0,-64.510414,-61.76041,NaN
2021-05-08T12:00:00Z,0.0,-64.510414,-61.76041,NaN
2021-05-09T12:00:00Z,0.0,-64.510414,-61.76041,NaN
2021-05-10T12:00:00Z,0.0,-64.510414,-61.76041,NaN
2021-05-11T12:00:00Z,0.0,-64.510414,-61.76041,NaN
2021-05-12T12:00:00Z,0.0,-64.510414,-61.76041,NaN
2021-05-13T12:00:00Z,0.0,-64.510414,-61.76041,NaN
2021-05-14T12:00:00Z,0.0,-64.510414,-61.76041,NaN
2021-05-15T12:00:00Z,0.0,-64.510414,-61.76041,NaN
2021-05-16T12:00:00Z,0.0,-64.510414,-61.76041,NaN
2021-05-17T12:00:00Z,0.0,-64.510414,-61.76041,NaN
2021-05-18T12:00:00Z,0.0,-64.510414,-61.76041,NaN
2021-05-19T12:00:00Z,0.0,-64.510414,-61.76041,NaN
2021-05-20T12:00:00Z,0.0,-64.510414,-61.76041,NaN
2021-05-21T12:00:00Z,0.0,-64.510414,-61.76041,NaN
2021-05-22T12:00:00Z,0.0,-64.510414,-61.76041,NaN
2021-05-23T12:00:00Z,0.0,-64.510414,-61.76041,NaN
2021-05-24T12:00:00Z,0.0,-64.510414,-61.76041,NaN
2021-05-25T12:00:00Z,0.0,-64.510414,-61.76041,NaN
2021-05-26T12:00:00Z,0.0,-64.510414,-61.76041,NaN
2021-05-27T12:00:00Z,0.0,-64.510414,-61.76041,NaN
2021-05-28T12:00:00Z,0.0,-64.510414,-61.76041,NaN
2021-05-29T12:00:00Z,0.0,-64.510414,-61.76041,NaN
2021-05-30T12:00:00Z,0.0,-64.510414,-61.76041,NaN
2021-05-31T12:00:00Z,0.0,-64.510414,-61.76041,NaN
2021-06-01T12:00:00Z,0.0,-64.510414,-61.76041,NaN
2021-06-02T12:00:00Z,0.0,-64.510414,-61.76041,NaN
2021-06-03T12:00:00Z,0.0,-64.510414,-61.76041,NaN
2021-06-04T12:00:00Z,0.0,-64.510414,-61.76041,NaN
2021-06-05T12:00:00Z,0.0,-64.510414,-61.76041,NaN
2021-06-06T12:00:00Z,0.0,-64.510414,-61.76041,NaN
2021-06-07T12:00:00Z,0.0,-64.510414,-61.76041,NaN
2021-06-08T12:00:00Z,0.0,-64.510414,-61.76041,NaN
2021-06-09T12:00:00Z,0.0,-64.510414,-61.76041,NaN
2021-06-10T12:00:00Z,0.0,-64.510414,-61.76041,NaN
2021-06-11T12:00:00Z,0.0,-64.510414,-61.76041,NaN
2021-06-12T12:00:00Z,0.0,-64.510414,-61.76041,NaN
2021-06-13T12:00:00Z,0.0,-64.510414,-61.76041,NaN
2021-06-14T12:00:00Z,0.0,-64.510414,-61.76041,NaN
2021-06-15T12:00:00Z,0.0,-64.510414,-61.76041,NaN
2021-06-16T12:00:00Z,0.0,-64.510414,-61.76041,NaN
2021-06-17T12:00:00Z,0.0,-64.510414,-61.76041,NaN
2021-06-18T12:00:00Z,0.0,-64.510414,-61.76041,NaN
2021-06-19T12:00:00Z,0.0,-64.510414,-61.76041,NaN
2021-06-20T12:00:00Z,0.0,-64.510414,-61.76041,NaN
2021-06-21T12:00:00Z,0.0,-64.510414,-61.76041,NaN
2021-06-22T12:00:00Z,0.0,-64.510414,-61.76041,NaN
2021-06-23T12:00:00Z,0.0,-64.510414,-61.76041,NaN
2021-06-24T12:00:00Z,0.0,-64.510414,-61.76041,NaN
2021-06-25T12:00:00Z,0.0,-64.510414,-61.76041,NaN
2021-06-26T12:00:00Z,0.0,-64.510414,-61.76041,NaN
2021-06-27T12:00:00Z,0.0,-64.510414,-61.76041,NaN
2021-06-28T12:00:00Z,0.0,-64.510414,-61.76041,NaN
2021-06-29T12:00:00Z,0.0,-64.510414,-61.76041,NaN
2021-06-30T12:00:00Z,0.0,-64.510414,-61.76041,NaN
2021-07-01T12:00:00Z,0.0,-64.510414,-61.76041,NaN
2021-07-02T12:00:00Z,0.0,-64.510414,-61.76041,NaN
2021-07-03T12:00:00Z,0.0,-64.510414,-61.76041,NaN
2021-07-04T12:00:00Z,0.0,-64.510414,-61.76041,NaN
2021-07-05T12:00:00Z,0.0,-64.510414,-61.76041,NaN
2021-07-06T12:00:00Z,0.0,-64.510414,-61.76041,NaN
2021-07-07T12:00:00Z,0.0,-64.510414,-61.76041,NaN
2021-07-08T12:00:00Z,0.0,-64.510414,-61.76041,NaN
2021-07-09T12:00:00Z,0.0,-64.510414,-61.76041,NaN
2021-07-10T12:00:00Z,0.0,-64.510414,-61.76041,NaN
2021-07-11T12:00:00Z,0.0,-64.510414,-61.76041,NaN
2021-07-12T12:00:00Z,0.0,-64.510414,-61.76041,NaN
2021-07-13T12:00:00Z,0.0,-64.510414,-61.76041,NaN
2021-07-14T12:00:00Z,0.0,-64.510414,-61.76041,NaN
2021-07-15T12:00:00Z,0.0,-64.510414,-61.76041,NaN
2021-07-16T12:00:00Z,0.0,-64.510414,-61.76041,NaN
2021-07-17T12:00:00Z,0.0,-64.510414,-61.76041,NaN
2021-07-18T12:00:00Z,0.0,-64.510414,-61.76041,NaN
2021-07-19T12:00:00Z,0.0,-64.510414,-61.76041,NaN
2021-07-20T12:00:00Z,0.0,-64.510414,-61.76041,NaN
2021-07-21T12:00:00Z,0.0,-64.510414,-61.76041,NaN
2021-07-22T12:00:00Z,0.0,-64.510414,-61.76041,NaN
2021-07-23T12:00:00Z,0.0,-64.510414,-61.76041,NaN
2021-07-24T12:00:00Z,0.0,-64.510414,-61.76041,NaN
2021-07-25T12:00:00Z,0.0,-64.510414,-61.76041,NaN
2021-07-26T12:00:00Z,0.0,-64.510414,-61.76041,NaN
2021-07-27T12:00:00Z,0.0,-64.510414,-61.76041,NaN
2021-07-28T12:00:00Z,0.0,-64.510414,-61.76041,NaN
2021-07-29T12:00:00Z,0.0,-64.510414,-61.76041,NaN
2021-07-30T12:00:00Z,0.0,-64.510414,-61.76041,NaN
2021-07-31T12:00:00Z,0.0,-64.510414,-61.76041,NaN
2021-08-01T12:00:00Z,0.0,-64.510414,-61.76041,NaN
2021-08-02T12:00:00Z,0.0,-64.510414,-61.76041,NaN
2021-08-03T12:00:00Z,0.0,-64.510414,-61.76041,NaN
2021-08-04T12:00:00Z,0.0,-64.510414,-61.76041,NaN
2021-08-05T12:00:00Z,0.0,-64.510414,-61.76041,NaN
2021-08-06T12:00:00Z,0.0,-64.510414,-61.76041,NaN
2021-08-07T12:00:00Z,0.0,-64.510414,-61.76041,NaN
2021-08-08T12:00:00Z,0.0,-64.510414,-61.76041,NaN
2021-08-09T12:00:00Z,0.0,-64.510414,-61.76041,NaN
2021-08-10T12:00:00Z,0.0,-64.510414,-61.76041,NaN
2021-08-11T12:00:00Z,0.0,-64.510414,-61.76041,NaN
2021-08-12T12:00:00Z,0.0,-64.510414,-61.76041,NaN
2021-08-13T12:00:00Z,0.0,-64.510414,-61.76041,NaN
2021-08-14T12:00:00Z,0.0,-64.510414,-61.76041,NaN
2021-08-15T12:00:00Z,0.0,-64.510414,-61.76041,NaN
2021-08-16T12:00:00Z,0.0,-64.510414,-61.76041,NaN
2021-08-17T12:00:00Z,0.0,-64.510414,-61.76041,NaN
2021-08-18T12:00:00Z,0.0,-64.510414,-61.76041,NaN
2021-08-19T12:00:00Z,0.0,-64.510414,-61.76041,NaN
2021-08-20T12:00:00Z,0.0,-64.510414,-61.76041,NaN
2021-08-21T12:00:00Z,0.0,-64.510414,-61.76041,NaN
2021-08-22T12:00:00Z,0.0,-64.510414,-61.76041,NaN
2021-08-23T12:00:00Z,0.0,-64.510414,-61.76041,NaN
2021-08-24T12:00:00Z,0.0,-64.510414,-61.76041,NaN
2021-08-25T12:00:00Z,0.0,-64.510414,-61.76041,NaN
2021-08-26T12:00:00Z,0.0,-64.510414,-61.76041,NaN
2021-08-27T12:00:00Z,0.0,-64.510414,-61.76041,NaN
2021-08-28T12:00:00Z,0.0,-64.510414,-61.76041,NaN
2021-08-29T12:00:00Z,0.0,-64.510414,-61.76041,NaN
2021-08-30T12:00:00Z,0.0,-64.510414,-61.76041,NaN
2021-08-31T12:00:00Z,0.0,-64.510414,-61.76041,NaN
2021-09-01T12:00:00Z,0.0,-64.510414,-61.76041,NaN
2021-09-02T12:00:00Z,0.0,-64.510414,-61.76041,NaN
2021-09-03T12:00:00Z,0.0,-64.510414,-61.76041,NaN
2021-09-04T12:00:00Z,0.0,-64.510414,-61.76041,NaN
2021-09-05T12:00:00Z,0.0,-64.510414,-61.76041,NaN
2021-09-06T12:00:00Z,0.0,-64.510414,-61.76041,NaN
2021-09-07T12:00:00Z,0.0,-64.510414,-61.76041,NaN
2021-09-08T12:00:00Z,0.0,-64.510414,-61.76041,NaN
2021-09-09T12:00:00Z,0.0,-64.510414,-61.76041,NaN
2021-09-10T12:00:00Z,0.0,-64.510414,-61.76041,NaN
2021-09-11T12:00:00Z,0.0,-64.510414,-61.76041,NaN
2021-09-12T12:00:00Z,0.0,-64.510414,-61.76041,NaN
2021-09-13T12:00:00Z,0.0,-64.510414,-61.76041,NaN
2021-09-14T12:00:00Z,0.0,-64.510414,-61.76041,NaN
2021-09-15T12:00:00Z,0.0,-64.510414,-61.76041,NaN
2021-09-16T12:00:00Z,0.0,-64.510414,-61.76041,NaN
2021-09-17T12:00:00Z,0.0,-64.510414,-61.76041,NaN
2021-09-18T12:00:00Z,0.0,-64.510414,-61.76041,NaN
2021-09-19T12:00:00Z,0.0,-64.510414,-61.76041,NaN
2021-09-20T12:00:00Z,0.0,-64.510414,-61.76041,NaN
2021-09-21T12:00:00Z,0.0,-64.510414,-61.76041,NaN
2021-09-22T12:00:00Z,0.0,-64.510414,-61.76041,NaN
2021-09-23T12:00:00Z,0.0,-64.510414,-61.76041,NaN
2021-09-24T12:00:00Z,0.0,-64.510414,-61.76041,NaN
2021-09-25T12:00:00Z,0.0,-64.510414,-61.76041,NaN
2021-09-26T12:00:00Z,0.0,-64.510414,-61.76041,NaN
2021-09-27T12:00:00Z,0.0,-64.510414,-61.76041,NaN
2021-09-28T12:00:00Z,0.0,-64.510414,-61.76041,NaN
2021-09-29T12:00:00Z,0.0,-64.510414,-61.76041,NaN
2021-09-30T12:00:00Z,0.0,-64.510414,-61.76041,NaN
2021-10-01T12:00:00Z,0.0,-64.510414,-61.76041,NaN
2021-10-02T12:00:00Z,0.0,-64.510414,-61.76041,NaN
2021-10-03T12:00:00Z,0.0,-64.510414,-61.76041,NaN
2021-10-04T12:00:00Z,0.0,-64.510414,-61.76041,NaN
2021-10-05T12:00:00Z,0.0,-64.510414,-61.76041,NaN
2021-10-06T12:00:00Z,0.0,-64.510414,-61.76041,NaN
2021-10-07T12:00:00Z,0.0,-64.510414,-61.76041,NaN
2021-10-08T12:00:00Z,0.0,-64.510414,-61.76041,NaN
2021-10-09T12:00:00Z,0.0,-64.510414,-61.76041,NaN
2021-10-10T12:00:00Z,0.0,-64.510414,-61.76041,NaN
2021-10-11T12:00:00Z,0.0,-64.510414,-61.76041,NaN
2021-10-12T12:00:00Z,0.0,-64.510414,-61.76041,NaN
2021-10-13T12:00:00Z,0.0,-64.510414,-61.76041,NaN
2021-10-14T12:00:00Z,0.0,-64.510414,-61.76041,NaN
2021-10-15T12:00:00Z,0.0,-64.510414,-61.76041,NaN
2021-10-16T12:00:00Z,0.0,-64.510414,-61.76041,NaN
2021-10-17T12:00:00Z,0.0,-64.510414,-61.76041,NaN
2021-10-18T12:00:00Z,0.0,-64.510414,-61.76041,NaN
2021-10-19T12:00:00Z,0.0,-64.510414,-61.76041,NaN
2021-10-20T12:00:00Z,0.0,-64.510414,-61.76041,0.015268787
2021-10-21T12:00:00Z,0.0,-64.510414,-61.76041,0.009914943
2021-10-22T12:00:00Z,0.0,-64.510414,-61.76041,0.0035793756
2021-10-23T12:00:00Z,0.0,-64.510414,-61.76041,0.021629248
2021-10-24T12:00:00Z,0.0,-64.510414,-61.76041,0.009189429
2021-10-25T12:00:00Z,0.0,-64.510414,-61.76041,0.0016651608
2021-10-26T12:00:00Z,0.0,-64.510414,-61.76041,0.01819332
2021-10-27T12:00:00Z,0.0,-64.510414,-61.76041,0.12921141
2021-10-28T12:00:00Z,0.0,-64.510414,-61.76041,0.007308216
2021-10-29T12:00:00Z,0.0,-64.510414,-61.76041,0.0068342723
2021-10-30T12:00:00Z,0.0,-64.510414,-61.76041,0.11226917
2021-10-31T12:00:00Z,0.0,-64.510414,-61.76041,0.03944967
2021-11-01T12:00:00Z,0.0,-64.510414,-61.76041,0.039672494
2021-11-02T12:00:00Z,0.0,-64.510414,-61.76041,0.018809916
2021-11-03T12:00:00Z,0.0,-64.510414,-61.76041,0.028589074
2021-11-04T12:00:00Z,0.0,-64.510414,-61.76041,0.018520841
2021-11-05T12:00:00Z,0.0,-64.510414,-61.76041,0.021363089
2021-11-06T12:00:00Z,0.0,-64.510414,-61.76041,0.025305659
2021-11-07T12:00:00Z,0.0,-64.510414,-61.76041,0.037529234
2021-11-08T12:00:00Z,0.0,-64.510414,-61.76041,0.03797799
2021-11-09T12:00:00Z,0.0,-64.510414,-61.76041,0.04175365
2021-11-10T12:00:00Z,0.0,-64.510414,-61.76041,0.02936644
2021-11-11T12:00:00Z,0.0,-64.510414,-61.76041,0.03827318
2021-11-12T12:00:00Z,0.0,-64.510414,-61.76041,0.04383941
2021-11-13T12:00:00Z,0.0,-64.510414,-61.76041,0.03907159
2021-11-14T12:00:00Z,0.0,-64.510414,-61.76041,0.05876189
2021-11-15T12:00:00Z,0.0,-64.510414,-61.76041,0.052136883
2021-11-16T12:00:00Z,0.0,-64.510414,-61.76041,0.04531277
2021-11-17T12:00:00Z,0.0,-64.510414,-61.76041,0.06778528
2021-11-18T12:00:00Z,0.0,-64.510414,-61.76041,0.12446451
2021-11-19T12:00:00Z,0.0,-64.510414,-61.76041,0.11980861
2021-11-20T12:00:00Z,0.0,-64.510414,-61.76041,0.10310103
2021-11-21T12:00:00Z,0.0,-64.510414,-61.76041,0.08638251
2021-11-22T12:00:00Z,0.0,-64.510414,-61.76041,0.08592014
2021-11-23T12:00:00Z,0.0,-64.510414,-61.76041,0.089246094
2021-11-24T12:00:00Z,0.0,-64.510414,-61.76041,0.090809196
2021-11-25T12:00:00Z,0.0,-64.510414,-61.76041,0.08174743
2021-11-26T12:00:00Z,0.0,-64.510414,-61.76041,0.09058975
2021-11-27T12:00:00Z,0.0,-64.510414,-61.76041,0.10707406
2021-11-28T12:00:00Z,0.0,-64.510414,-61.76041,0.095719546
2021-11-29T12:00:00Z,0.0,-64.510414,-61.76041,0.11218092
2021-11-30T12:00:00Z,0.0,-64.510414,-61.76041,0.08826497
2021-12-01T12:00:00Z,0.0,-64.510414,-61.76041,0.0783847
2021-12-02T12:00:00Z,0.0,-64.510414,-61.76041,0.067822486
2021-12-03T12:00:00Z,0.0,-64.510414,-61.76041,0.08124628
2021-12-04T12:00:00Z,0.0,-64.510414,-61.76041,0.08231354
2021-12-05T12:00:00Z,0.0,-64.510414,-61.76041,0.08927525
2021-12-06T12:00:00Z,0.0,-64.510414,-61.76041,0.122838505
2021-12-07T12:00:00Z,0.0,-64.510414,-61.76041,0.11036423
2021-12-08T12:00:00Z,0.0,-64.510414,-61.76041,0.11525882
2021-12-09T12:00:00Z,0.0,-64.510414,-61.76041,0.12254109
2021-12-10T12:00:00Z,0.0,-64.510414,-61.76041,0.11408557
2021-12-11T12:00:00Z,0.0,-64.510414,-61.76041,0.11240348
2021-12-12T12:00:00Z,0.0,-64.510414,-61.76041,0.11697448
2021-12-13T12:00:00Z,0.0,-64.510414,-61.76041,0.11294991
2021-12-14T12:00:00Z,0.0,-64.510414,-61.76041,0.09696809
2021-12-15T12:00:00Z,0.0,-64.510414,-61.76041,0.1064164
2021-12-16T12:00:00Z,0.0,-64.510414,-61.76041,0.123616084
2021-12-17T12:00:00Z,0.0,-64.510414,-61.76041,0.13006547
2021-12-18T12:00:00Z,0.0,-64.510414,-61.76041,0.13713555
2021-12-19T12:00:00Z,0.0,-64.510414,-61.76041,0.14337127
2021-12-20T12:00:00Z,0.0,-64.510414,-61.76041,0.13605598
2021-12-21T12:00:00Z,0.0,-64.510414,-61.76041,0.15167359
2021-12-22T12:00:00Z,0.0,-64.510414,-61.76041,0.16175413
2021-12-23T12:00:00Z,0.0,-64.510414,-61.76041,0.17009221
2021-12-24T12:00:00Z,0.0,-64.510414,-61.76041,0.16446857
2021-12-25T12:00:00Z,0.0,-64.510414,-61.76041,0.18506089
2021-12-26T12:00:00Z,0.0,-64.510414,-61.76041,0.19419307
2021-12-27T12:00:00Z,0.0,-64.510414,-61.76041,0.19881704
2021-12-28T12:00:00Z,0.0,-64.510414,-61.76041,0.20762755
2021-12-29T12:00:00Z,0.0,-64.510414,-61.76041,0.21810783
2021-12-30T12:00:00Z,0.0,-64.510414,-61.76041,0.25531766
2021-12-31T12:00:00Z,0.0,-64.510414,-61.76041,0.25607648
2022-01-01T12:00:00Z,0.0,-64.510414,-61.76041,0.24992356
2022-01-02T12:00:00Z,0.0,-64.510414,-61.76041,0.29497245
2022-01-03T12:00:00Z,0.0,-64.510414,-61.76041,0.3408111
2022-01-04T12:00:00Z,0.0,-64.510414,-61.76041,0.32900727
2022-01-05T12:00:00Z,0.0,-64.510414,-61.76041,0.33682892
2022-01-06T12:00:00Z,0.0,-64.510414,-61.76041,0.41542545
2022-01-07T12:00:00Z,0.0,-64.510414,-61.76041,0.43017194
2022-01-08T12:00:00Z,0.0,-64.510414,-61.76041,0.40733016
2022-01-09T12:00:00Z,0.0,-64.510414,-61.76041,0.4338274
2022-01-10T12:00:00Z,0.0,-64.510414,-61.76041,0.44294238
2022-01-11T12:00:00Z,0.0,-64.510414,-61.76041,0.54907846
2022-01-12T12:00:00Z,0.0,-64.510414,-61.76041,0.33853093
2022-01-13T12:00:00Z,0.0,-64.510414,-61.76041,0.32957277
2022-01-14T12:00:00Z,0.0,-64.510414,-61.76041,0.31463534
2022-01-15T12:00:00Z,0.0,-64.510414,-61.76041,0.22355735
2022-01-16T12:00:00Z,0.0,-64.510414,-61.76041,0.19774733
2022-01-17T12:00:00Z,0.0,-64.510414,-61.76041,0.19981726
2022-01-18T12:00:00Z,0.0,-64.510414,-61.76041,0.18287258
2022-01-19T12:00:00Z,0.0,-64.510414,-61.76041,0.18160461
2022-01-20T12:00:00Z,0.0,-64.510414,-61.76041,0.18289277
2022-01-21T12:00:00Z,0.0,-64.510414,-61.76041,0.18576084
2022-01-22T12:00:00Z,0.0,-64.510414,-61.76041,0.18847075
2022-01-23T12:00:00Z,0.0,-64.510414,-61.76041,0.18734106
2022-01-24T12:00:00Z,0.0,-64.510414,-61.76041,0.1915398
2022-01-25T12:00:00Z,0.0,-64.510414,-61.76041,0.19558416
2022-01-26T12:00:00Z,0.0,-64.510414,-61.76041,0.19468093
2022-01-27T12:00:00Z,0.0,-64.510414,-61.76041,0.19576699
2022-01-28T12:00:00Z,0.0,-64.510414,-61.76041,0.19607937
2022-01-29T12:00:00Z,0.0,-64.510414,-61.76041,0.19440338
2022-01-30T12:00:00Z,0.0,-64.510414,-61.76041,0.19038431
2022-01-31T12:00:00Z,0.0,-64.510414,-61.76041,0.18987687
2022-02-01T12:00:00Z,0.0,-64.510414,-61.76041,0.19412215
2022-02-02T12:00:00Z,0.0,-64.510414,-61.76041,0.19341277
2022-02-03T12:00:00Z,0.0,-64.510414,-61.76041,0.20561056
2022-02-04T12:00:00Z,0.0,-64.510414,-61.76041,0.2049759
2022-02-05T12:00:00Z,0.0,-64.510414,-61.76041,0.20947362
2022-02-06T12:00:00Z,0.0,-64.510414,-61.76041,0.20881073
2022-02-07T12:00:00Z,0.0,-64.510414,-61.76041,0.21186954
2022-02-08T12:00:00Z,0.0,-64.510414,-61.76041,0.21402794
2022-02-09T12:00:00Z,0.0,-64.510414,-61.76041,0.21546414
2022-02-10T12:00:00Z,0.0,-64.510414,-61.76041,0.21380329
2022-02-11T12:00:00Z,0.0,-64.510414,-61.76041,0.21467979
2022-02-12T12:00:00Z,0.0,-64.510414,-61.76041,0.23580553
2022-02-13T12:00:00Z,0.0,-64.510414,-61.76041,0.23851903
2022-02-14T12:00:00Z,0.0,-64.510414,-61.76041,0.23450883
2022-02-15T12:00:00Z,0.0,-64.510414,-61.76041,0.24285984
2022-02-16T12:00:00Z,0.0,-64.510414,-61.76041,0.22030851
2022-02-17T12:00:00Z,0.0,-64.510414,-61.76041,0.21186325
2022-02-18T12:00:00Z,0.0,-64.510414,-61.76041,0.21266367
2022-02-19T12:00:00Z,0.0,-64.510414,-61.76041,0.1878207
2022-02-20T12:00:00Z,0.0,-64.510414,-61.76041,0.18035263
2022-02-21T12:00:00Z,0.0,-64.510414,-61.76041,0.17498012
2022-02-22T12:00:00Z,0.0,-64.510414,-61.76041,0.17539252
2022-02-23T12:00:00Z,0.0,-64.510414,-61.76041,0.17337058
2022-02-24T12:00:00Z,0.0,-64.510414,-61.76041,0.15900555
2022-02-25T12:00:00Z,0.0,-64.510414,-61.76041,0.15397629
2022-02-26T12:00:00Z,0.0,-64.510414,-61.76041,0.15007111
2022-02-27T12:00:00Z,0.0,-64.510414,-61.76041,0.14218934
2022-02-28T12:00:00Z,0.0,-64.510414,-61.76041,0.13835514
2022-03-01T12:00:00Z,0.0,-64.510414,-61.76041,0.13652259
2022-03-02T12:00:00Z,0.0,-64.510414,-61.76041,0.13238806
2022-03-03T12:00:00Z,0.0,-64.510414,-61.76041,0.12668164
2022-03-04T12:00:00Z,0.0,-64.510414,-61.76041,0.12630051
2022-03-05T12:00:00Z,0.0,-64.510414,-61.76041,0.12798361
2022-03-06T12:00:00Z,0.0,-64.510414,-61.76041,0.12606364
2022-03-07T12:00:00Z,0.0,-64.510414,-61.76041,0.121122055
2022-03-08T12:00:00Z,0.0,-64.510414,-61.76041,0.1041289
2022-03-09T12:00:00Z,0.0,-64.510414,-61.76041,0.11556358
2022-03-10T12:00:00Z,0.0,-64.510414,-61.76041,0.11219701
2022-03-11T12:00:00Z,0.0,-64.510414,-61.76041,0.102580994
2022-03-12T12:00:00Z,0.0,-64.510414,-61.76041,0.10938467
2022-03-13T12:00:00Z,0.0,-64.510414,-61.76041,0.11391082
2022-03-14T12:00:00Z,0.0,-64.510414,-61.76041,0.1270309
2022-03-15T12:00:00Z,0.0,-64.510414,-61.76041,NaN
2022-03-16T12:00:00Z,0.0,-64.510414,-61.76041,NaN
2022-03-17T12:00:00Z,0.0,-64.510414,-61.76041,NaN
2022-03-18T12:00:00Z,0.0,-64.510414,-61.76041,NaN
2022-03-19T12:00:00Z,0.0,-64.510414,-61.76041,NaN
2022-03-20T12:00:00Z,0.0,-64.510414,-61.76041,NaN
2022-03-21T12:00:00Z,0.0,-64.510414,-61.76041,NaN
2022-03-22T12:00:00Z,0.0,-64.510414,-61.76041,NaN
2022-03-23T12:00:00Z,0.0,-64.510414,-61.76041,NaN
2022-03-24T12:00:00Z,0.0,-64.510414,-61.76041,NaN
2022-03-25T12:00:00Z,0.0,-64.510414,-61.76041,NaN
2022-03-26T12:00:00Z,0.0,-64.510414,-61.76041,NaN
2022-03-27T12:00:00Z,0.0,-64.510414,-61.76041,NaN
2022-03-28T12:00:00Z,0.0,-64.510414,-61.76041,NaN
2022-03-29T12:00:00Z,0.0,-64.510414,-61.76041,NaN
2022-03-30T12:00:00Z,0.0,-64.510414,-61.76041,NaN
2022-03-31T12:00:00Z,0.0,-64.510414,-61.76041,NaN
2022-04-01T12:00:00Z,0.0,-64.510414,-61.76041,NaN
2022-04-02T12:00:00Z,0.0,-64.510414,-61.76041,NaN
2022-04-03T12:00:00Z,0.0,-64.510414,-61.76041,NaN
2022-04-04T12:00:00Z,0.0,-64.510414,-61.76041,NaN
2022-04-05T12:00:00Z,0.0,-64.510414,-61.76041,NaN
2022-04-06T12:00:00Z,0.0,-64.510414,-61.76041,NaN
2022-04-07T12:00:00Z,0.0,-64.510414,-61.76041,NaN
2022-04-08T12:00:00Z,0.0,-64.510414,-61.76041,NaN
2022-04-09T12:00:00Z,0.0,-64.510414,-61.76041,NaN
2022-04-10T12:00:00Z,0.0,-64.510414,-61.76041,NaN
2022-04-11T12:00:00Z,0.0,-64.510414,-61.76041,NaN
2022-04-12T12:00:00Z,0.0,-64.510414,-61.76041,NaN
2022-04-13T12:00:00Z,0.0,-64.510414,-61.76041,NaN
2022-04-14T12:00:00Z,0.0,-64.510414,-61.76041,NaN
2022-04-15T12:00:00Z,0.0,-64.510414,-61.76041,NaN
2022-04-16T12:00:00Z,0.0,-64.510414,-61.76041,NaN
2022-04-17T12:00:00Z,0.0,-64.510414,-61.76041,NaN
2022-04-18T12:00:00Z,0.0,-64.510414,-61.76041,NaN
2022-04-19T12:00:00Z,0.0,-64.510414,-61.76041,NaN
2022-04-20T12:00:00Z,0.0,-64.510414,-61.76041,NaN
2022-04-21T12:00:00Z,0.0,-64.510414,-61.76041,NaN
2022-04-22T12:00:00Z,0.0,-64.510414,-61.76041,NaN
2022-04-23T12:00:00Z,0.0,-64.510414,-61.76041,NaN
2022-04-24T12:00:00Z,0.0,-64.510414,-61.76041,NaN
2022-04-25T12:00:00Z,0.0,-64.510414,-61.76041,NaN
2022-04-26T12:00:00Z,0.0,-64.510414,-61.76041,NaN
2022-04-27T12:00:00Z,0.0,-64.510414,-61.76041,NaN
2022-04-28T12:00:00Z,0.0,-64.510414,-61.76041,NaN
2022-04-29T12:00:00Z,0.0,-64.510414,-61.76041,NaN
2022-04-30T12:00:00Z,0.0,-64.510414,-61.76041,NaN
2022-05-01T12:00:00Z,0.0,-64.510414,-61.76041,NaN
2022-05-02T12:00:00Z,0.0,-64.510414,-61.76041,NaN
2022-05-03T12:00:00Z,0.0,-64.510414,-61.76041,NaN
2022-05-04T12:00:00Z,0.0,-64.510414,-61.76041,NaN
2022-05-05T12:00:00Z,0.0,-64.510414,-61.76041,NaN
2022-05-06T12:00:00Z,0.0,-64.510414,-61.76041,NaN
2022-05-07T12:00:00Z,0.0,-64.510414,-61.76041,NaN
2022-05-08T12:00:00Z,0.0,-64.510414,-61.76041,NaN
2022-05-09T12:00:00Z,0.0,-64.510414,-61.76041,NaN
2022-05-10T12:00:00Z,0.0,-64.510414,-61.76041,NaN
2022-05-11T12:00:00Z,0.0,-64.510414,-61.76041,NaN
2022-05-12T12:00:00Z,0.0,-64.510414,-61.76041,NaN
2022-05-13T12:00:00Z,0.0,-64.510414,-61.76041,NaN
2022-05-14T12:00:00Z,0.0,-64.510414,-61.76041,NaN
2022-05-15T12:00:00Z,0.0,-64.510414,-61.76041,NaN
2022-05-16T12:00:00Z,0.0,-64.510414,-61.76041,NaN
2022-05-17T12:00:00Z,0.0,-64.510414,-61.76041,NaN
2022-05-18T12:00:00Z,0.0,-64.510414,-61.76041,NaN
2022-05-19T12:00:00Z,0.0,-64.510414,-61.76041,NaN
2022-05-20T12:00:00Z,0.0,-64.510414,-61.76041,NaN
2022-05-21T12:00:00Z,0.0,-64.510414,-61.76041,NaN
2022-05-22T12:00:00Z,0.0,-64.510414,-61.76041,NaN
2022-05-23T12:00:00Z,0.0,-64.510414,-61.76041,NaN
2022-05-24T12:00:00Z,0.0,-64.510414,-61.76041,NaN
2022-05-25T12:00:00Z,0.0,-64.510414,-61.76041,NaN
2022-05-26T12:00:00Z,0.0,-64.510414,-61.76041,NaN
2022-05-27T12:00:00Z,0.0,-64.510414,-61.76041,NaN
2022-05-28T12:00:00Z,0.0,-64.510414,-61.76041,NaN
2022-05-29T12:00:00Z,0.0,-64.510414,-61.76041,NaN
2022-05-30T12:00:00Z,0.0,-64.510414,-61.76041,NaN
2022-05-31T12:00:00Z,0.0,-64.510414,-61.76041,NaN
2022-06-01T12:00:00Z,0.0,-64.510414,-61.76041,NaN
2022-06-02T12:00:00Z,0.0,-64.510414,-61.76041,NaN
2022-06-03T12:00:00Z,0.0,-64.510414,-61.76041,NaN
2022-06-04T12:00:00Z,0.0,-64.510414,-61.76041,NaN
2022-06-05T12:00:00Z,0.0,-64.510414,-61.76041,NaN
2022-06-06T12:00:00Z,0.0,-64.510414,-61.76041,NaN
2022-06-07T12:00:00Z,0.0,-64.510414,-61.76041,NaN
2022-06-08T12:00:00Z,0.0,-64.510414,-61.76041,NaN
2022-06-09T12:00:00Z,0.0,-64.510414,-61.76041,NaN
2022-06-10T12:00:00Z,0.0,-64.510414,-61.76041,NaN
2022-06-11T12:00:00Z,0.0,-64.510414,-61.76041,NaN
2022-06-12T12:00:00Z,0.0,-64.510414,-61.76041,NaN
2022-06-13T12:00:00Z,0.0,-64.510414,-61.76041,NaN
2022-06-14T12:00:00Z,0.0,-64.510414,-61.76041,NaN
2022-06-15T12:00:00Z,0.0,-64.510414,-61.76041,NaN
2022-06-16T12:00:00Z,0.0,-64.510414,-61.76041,NaN
2022-06-17T12:00:00Z,0.0,-64.510414,-61.76041,NaN
2022-06-18T12:00:00Z,0.0,-64.510414,-61.76041,NaN
2022-06-19T12:00:00Z,0.0,-64.510414,-61.76041,NaN
2022-06-20T12:00:00Z,0.0,-64.510414,-61.76041,NaN
2022-06-21T12:00:00Z,0.0,-64.510414,-61.76041,NaN
2022-06-22T12:00:00Z,0.0,-64.510414,-61.76041,NaN
2022-06-23T12:00:00Z,0.0,-64.510414,-61.76041,NaN
2022-06-24T12:00:00Z,0.0,-64.510414,-61.76041,NaN
2022-06-25T12:00:00Z,0.0,-64.510414,-61.76041,NaN
2022-06-26T12:00:00Z,0.0,-64.510414,-61.76041,NaN
2022-06-27T12:00:00Z,0.0,-64.510414,-61.76041,NaN
2022-06-28T12:00:00Z,0.0,-64.510414,-61.76041,NaN
2022-06-29T12:00:00Z,0.0,-64.510414,-61.76041,NaN
2022-06-30T12:00:00Z,0.0,-64.510414,-61.76041,NaN
2022-07-01T12:00:00Z,0.0,-64.510414,-61.76041,NaN
2022-07-02T12:00:00Z,0.0,-64.510414,-61.76041,NaN
2022-07-03T12:00:00Z,0.0,-64.510414,-61.76041,NaN
2022-07-04T12:00:00Z,0.0,-64.510414,-61.76041,NaN
2022-07-05T12:00:00Z,0.0,-64.510414,-61.76041,NaN
2022-07-06T12:00:00Z,0.0,-64.510414,-61.76041,NaN
2022-07-07T12:00:00Z,0.0,-64.510414,-61.76041,NaN
2022-07-08T12:00:00Z,0.0,-64.510414,-61.76041,NaN
2022-07-09T12:00:00Z,0.0,-64.510414,-61.76041,NaN
2022-07-10T12:00:00Z,0.0,-64.510414,-61.76041,NaN
2022-07-11T12:00:00Z,0.0,-64.510414,-61.76041,NaN
2022-07-12T12:00:00Z,0.0,-64.510414,-61.76041,NaN
2022-07-13T12:00:00Z,0.0,-64.510414,-61.76041,NaN
2022-07-14T12:00:00Z,0.0,-64.510414,-61.76041,NaN
2022-07-15T12:00:00Z,0.0,-64.510414,-61.76041,NaN
2022-07-16T12:00:00Z,0.0,-64.510414,-61.76041,NaN
2022-07-17T12:00:00Z,0.0,-64.510414,-61.76041,NaN
2022-07-18T12:00:00Z,0.0,-64.510414,-61.76041,NaN
2022-07-19T12:00:00Z,0.0,-64.510414,-61.76041,NaN
2022-07-20T12:00:00Z,0.0,-64.510414,-61.76041,NaN
2022-07-21T12:00:00Z,0.0,-64.510414,-61.76041,NaN
2022-07-22T12:00:00Z,0.0,-64.510414,-61.76041,NaN
2022-07-23T12:00:00Z,0.0,-64.510414,-61.76041,NaN
2022-07-24T12:00:00Z,0.0,-64.510414,-61.76041,NaN
2022-07-25T12:00:00Z,0.0,-64.510414,-61.76041,NaN
2022-07-26T12:00:00Z,0.0,-64.510414,-61.76041,NaN
2022-07-27T12:00:00Z,0.0,-64.510414,-61.76041,NaN
2022-07-28T12:00:00Z,0.0,-64.510414,-61.76041,NaN
2022-07-29T12:00:00Z,0.0,-64.510414,-61.76041,NaN
2022-07-30T12:00:00Z,0.0,-64.510414,-61.76041,NaN
2022-07-31T12:00:00Z,0.0,-64.510414,-61.76041,NaN
2022-08-01T12:00:00Z,0.0,-64.510414,-61.76041,NaN
2022-08-02T12:00:00Z,0.0,-64.510414,-61.76041,NaN
2022-08-03T12:00:00Z,0.0,-64.510414,-61.76041,NaN
2022-08-04T12:00:00Z,0.0,-64.510414,-61.76041,NaN
2022-08-05T12:00:00Z,0.0,-64.510414,-61.76041,NaN
2022-08-06T12:00:00Z,0.0,-64.510414,-61.76041,NaN
2022-08-07T12:00:00Z,0.0,-64.510414,-61.76041,NaN
2022-08-08T12:00:00Z,0.0,-64.510414,-61.76041,NaN
2022-08-09T12:00:00Z,0.0,-64.510414,-61.76041,NaN
2022-08-10T12:00:00Z,0.0,-64.510414,-61.76041,NaN
2022-08-11T12:00:00Z,0.0,-64.510414,-61.76041,NaN
2022-08-12T12:00:00Z,0.0,-64.510414,-61.76041,NaN
2022-08-13T12:00:00Z,0.0,-64.510414,-61.76041,NaN
2022-08-14T12:00:00Z,0.0,-64.510414,-61.76041,NaN
2022-08-15T12:00:00Z,0.0,-64.510414,-61.76041,NaN
2022-08-16T12:00:00Z,0.0,-64.510414,-61.76041,NaN
2022-08-17T12:00:00Z,0.0,-64.510414,-61.76041,NaN
2022-08-18T12:00:00Z,0.0,-64.510414,-61.76041,NaN
2022-08-19T12:00:00Z,0.0,-64.510414,-61.76041,NaN
2022-08-20T12:00:00Z,0.0,-64.510414,-61.76041,NaN
2022-08-21T12:00:00Z,0.0,-64.510414,-61.76041,NaN
2022-08-22T12:00:00Z,0.0,-64.510414,-61.76041,NaN
2022-08-23T12:00:00Z,0.0,-64.510414,-61.76041,NaN
2022-08-24T12:00:00Z,0.0,-64.510414,-61.76041,NaN
2022-08-25T12:00:00Z,0.0,-64.510414,-61.76041,NaN
2022-08-26T12:00:00Z,0.0,-64.510414,-61.76041,NaN
2022-08-27T12:00:00Z,0.0,-64.510414,-61.76041,NaN
2022-08-28T12:00:00Z,0.0,-64.510414,-61.76041,NaN
2022-08-29T12:00:00Z,0.0,-64.510414,-61.76041,NaN
2022-08-30T12:00:00Z,0.0,-64.510414,-61.76041,NaN
2022-08-31T12:00:00Z,0.0,-64.510414,-61.76041,NaN
2022-09-01T12:00:00Z,0.0,-64.510414,-61.76041,NaN
2022-09-02T12:00:00Z,0.0,-64.510414,-61.76041,NaN
2022-09-03T12:00:00Z,0.0,-64.510414,-61.76041,NaN
2022-09-04T12:00:00Z,0.0,-64.510414,-61.76041,NaN
2022-09-05T12:00:00Z,0.0,-64.510414,-61.76041,NaN
2022-09-06T12:00:00Z,0.0,-64.510414,-61.76041,NaN
2022-09-07T12:00:00Z,0.0,-64.510414,-61.76041,NaN
2022-09-08T12:00:00Z,0.0,-64.510414,-61.76041,NaN
2022-09-09T12:00:00Z,0.0,-64.510414,-61.76041,NaN
2022-09-10T12:00:00Z,0.0,-64.510414,-61.76041,NaN
2022-09-11T12:00:00Z,0.0,-64.510414,-61.76041,NaN
2022-09-12T12:00:00Z,0.0,-64.510414,-61.76041,NaN
2022-09-13T12:00:00Z,0.0,-64.510414,-61.76041,NaN
2022-09-14T12:00:00Z,0.0,-64.510414,-61.76041,NaN
2022-09-15T12:00:00Z,0.0,-64.510414,-61.76041,NaN
2022-09-16T12:00:00Z,0.0,-64.510414,-61.76041,NaN
2022-09-17T12:00:00Z,0.0,-64.510414,-61.76041,NaN
2022-09-18T12:00:00Z,0.0,-64.510414,-61.76041,NaN
2022-09-19T12:00:00Z,0.0,-64.510414,-61.76041,NaN
2022-09-20T12:00:00Z,0.0,-64.510414,-61.76041,NaN
2022-09-21T12:00:00Z,0.0,-64.510414,-61.76041,NaN
2022-09-22T12:00:00Z,0.0,-64.510414,-61.76041,NaN
2022-09-23T12:00:00Z,0.0,-64.510414,-61.76041,NaN
2022-09-24T12:00:00Z,0.0,-64.510414,-61.76041,NaN
2022-09-25T12:00:00Z,0.0,-64.510414,-61.76041,NaN
2022-09-26T12:00:00Z,0.0,-64.510414,-61.76041,NaN
2022-09-27T12:00:00Z,0.0,-64.510414,-61.76041,NaN
2022-09-28T12:00:00Z,0.0,-64.510414,-61.76041,NaN
2022-09-29T12:00:00Z,0.0,-64.510414,-61.76041,NaN
2022-09-30T12:00:00Z,0.0,-64.510414,-61.76041,NaN
2022-10-01T12:00:00Z,0.0,-64.510414,-61.76041,NaN
2022-10-02T12:00:00Z,0.0,-64.510414,-61.76041,NaN
2022-10-03T12:00:00Z,0.0,-64.510414,-61.76041,NaN
2022-10-04T12:00:00Z,0.0,-64.510414,-61.76041,NaN
2022-10-05T12:00:00Z,0.0,-64.510414,-61.76041,NaN
2022-10-06T12:00:00Z,0.0,-64.510414,-61.76041,NaN
2022-10-07T12:00:00Z,0.0,-64.510414,-61.76041,NaN
2022-10-08T12:00:00Z,0.0,-64.510414,-61.76041,NaN
2022-10-09T12:00:00Z,0.0,-64.510414,-61.76041,NaN
2022-10-10T12:00:00Z,0.0,-64.510414,-61.76041,NaN
2022-10-11T12:00:00Z,0.0,-64.510414,-61.76041,NaN
2022-10-12T12:00:00Z,0.0,-64.510414,-61.76041,NaN
2022-10-13T12:00:00Z,0.0,-64.510414,-61.76041,NaN
2022-10-14T12:00:00Z,0.0,-64.510414,-61.76041,NaN
2022-10-15T12:00:00Z,0.0,-64.510414,-61.76041,NaN
2022-10-16T12:00:00Z,0.0,-64.510414,-61.76041,NaN
2022-10-17T12:00:00Z,0.0,-64.510414,-61.76041,NaN
2022-10-18T12:00:00Z,0.0,-64.510414,-61.76041,NaN
2022-10-19T12:00:00Z,0.0,-64.510414,-61.76041,NaN
2022-10-20T12:00:00Z,0.0,-64.510414,-61.76041,0.02486408
2022-10-21T12:00:00Z,0.0,-64.510414,-61.76041,0.021605857
2022-10-22T12:00:00Z,0.0,-64.510414,-61.76041,0.027537854
2022-10-23T12:00:00Z,0.0,-64.510414,-61.76041,0.024835471
2022-10-24T12:00:00Z,0.0,-64.510414,-61.76041,0.038926627
2022-10-25T12:00:00Z,0.0,-64.510414,-61.76041,0.020931209
2022-10-26T12:00:00Z,0.0,-64.510414,-61.76041,0.03527415
2022-10-27T12:00:00Z,0.0,-64.510414,-61.76041,0.0432377
2022-10-28T12:00:00Z,0.0,-64.510414,-61.76041,0.03849807
2022-10-29T12:00:00Z,0.0,-64.510414,-61.76041,0.03344897
2022-10-30T12:00:00Z,0.0,-64.510414,-61.76041,0.040252354
2022-10-31T12:00:00Z,0.0,-64.510414,-61.76041,0.054757725
2022-11-01T12:00:00Z,0.0,-64.510414,-61.76041,0.033797905
2022-11-02T12:00:00Z,0.0,-64.510414,-61.76041,0.04163443
2022-11-03T12:00:00Z,0.0,-64.510414,-61.76041,0.071132734
2022-11-04T12:00:00Z,0.0,-64.510414,-61.76041,0.05173619
2022-11-05T12:00:00Z,0.0,-64.510414,-61.76041,0.048418045
2022-11-06T12:00:00Z,0.0,-64.510414,-61.76041,0.044931952
2022-11-07T12:00:00Z,0.0,-64.510414,-61.76041,0.041894797
2022-11-08T12:00:00Z,0.0,-64.510414,-61.76041,0.035499085
2022-11-09T12:00:00Z,0.0,-64.510414,-61.76041,0.026071992
2022-11-10T12:00:00Z,0.0,-64.510414,-61.76041,0.04942409
2022-11-11T12:00:00Z,0.0,-64.510414,-61.76041,0.045548074
2022-11-12T12:00:00Z,0.0,-64.510414,-61.76041,0.042715684
2022-11-13T12:00:00Z,0.0,-64.510414,-61.76041,0.06598408
2022-11-14T12:00:00Z,0.0,-64.510414,-61.76041,0.053546946
2022-11-15T12:00:00Z,0.0,-64.510414,-61.76041,0.058014438
2022-11-16T12:00:00Z,0.0,-64.510414,-61.76041,0.05852427
2022-11-17T12:00:00Z,0.0,-64.510414,-61.76041,0.05250173
2022-11-18T12:00:00Z,0.0,-64.510414,-61.76041,0.12161118
2022-11-19T12:00:00Z,0.0,-64.510414,-61.76041,0.10992272
2022-11-20T12:00:00Z,0.0,-64.510414,-61.76041,0.11038306
2022-11-21T12:00:00Z,0.0,-64.510414,-61.76041,0.09185642
2022-11-22T12:00:00Z,0.0,-64.510414,-61.76041,0.10707576
2022-11-23T12:00:00Z,0.0,-64.510414,-61.76041,0.10636128
2022-11-24T12:00:00Z,0.0,-64.510414,-61.76041,0.08348337
2022-11-25T12:00:00Z,0.0,-64.510414,-61.76041,0.08640035
2022-11-26T12:00:00Z,0.0,-64.510414,-61.76041,0.07110596
2022-11-27T12:00:00Z,0.0,-64.510414,-61.76041,0.07328423
2022-11-28T12:00:00Z,0.0,-64.510414,-61.76041,0.06926628
2022-11-29T12:00:00Z,0.0,-64.510414,-61.76041,0.08111004
2022-11-30T12:00:00Z,0.0,-64.510414,-61.76041,0.07566018
2022-12-01T12:00:00Z,0.0,-64.510414,-61.76041,0.0720801
2022-12-02T12:00:00Z,0.0,-64.510414,-61.76041,0.07968837
2022-12-03T12:00:00Z,0.0,-64.510414,-61.76041,0.0956405
2022-12-04T12:00:00Z,0.0,-64.510414,-61.76041,0.10194473
2022-12-05T12:00:00Z,0.0,-64.510414,-61.76041,0.10076621
2022-12-06T12:00:00Z,0.0,-64.510414,-61.76041,0.17408538
2022-12-07T12:00:00Z,0.0,-64.510414,-61.76041,0.14090002
2022-12-08T12:00:00Z,0.0,-64.510414,-61.76041,0.13673447
2022-12-09T12:00:00Z,0.0,-64.510414,-61.76041,0.13393016
2022-12-10T12:00:00Z,0.0,-64.510414,-61.76041,0.14530507
2022-12-11T12:00:00Z,0.0,-64.510414,-61.76041,0.12659709
2022-12-12T12:00:00Z,0.0,-64.510414,-61.76041,0.13236731
2022-12-13T12:00:00Z,0.0,-64.510414,-61.76041,0.13127285
2022-12-14T12:00:00Z,0.0,-64.510414,-61.76041,0.13315591
2022-12-15T12:00:00Z,0.0,-64.510414,-61.76041,0.13784221
2022-12-16T12:00:00Z,0.0,-64.510414,-61.76041,0.13241652
2022-12-17T12:00:00Z,0.0,-64.510414,-61.76041,0.14559479
2022-12-18T12:00:00Z,0.0,-64.510414,-61.76041,0.14069147
2022-12-19T12:00:00Z,0.0,-64.510414,-61.76041,0.16140148
2022-12-20T12:00:00Z,0.0,-64.510414,-61.76041,0.16317454
2022-12-21T12:00:00Z,0.0,-64.510414,-61.76041,0.14211471
2022-12-22T12:00:00Z,0.0,-64.510414,-61.76041,0.15600155
2022-12-23T12:00:00Z,0.0,-64.510414,-61.76041,0.16369738
2022-12-24T12:00:00Z,0.0,-64.510414,-61.76041,0.16747022
2022-12-25T12:00:00Z,0.0,-64.510414,-61.76041,0.16316125
2022-12-26T12:00:00Z,0.0,-64.510414,-61.76041,0.14220156
2022-12-27T12:00:00Z,0.0,-64.510414,-61.76041,0.15294944
2022-12-28T12:00:00Z,0.0,-64.510414,-61.76041,0.14635657
2022-12-29T12:00:00Z,0.0,-64.510414,-61.76041,0.13949564
2022-12-30T12:00:00Z,0.0,-64.510414,-61.76041,0.14061292
2022-12-31T12:00:00Z,0.0,-64.510414,-61.76041,0.13866785
2023-01-01T12:00:00Z,0.0,-64.510414,-61.76041,0.13689683
2023-01-02T12:00:00Z,0.0,-64.510414,-61.76041,0.15961646
2023-01-03T12:00:00Z,0.0,-64.510414,-61.76041,0.19144014
2023-01-04T12:00:00Z,0.0,-64.510414,-61.76041,0.20230004
2023-01-05T12:00:00Z,0.0,-64.510414,-61.76041,0.1928608
2023-01-06T12:00:00Z,0.0,-64.510414,-61.76041,0.2103363
2023-01-07T12:00:00Z,0.0,-64.510414,-61.76041,0.2045836
2023-01-08T12:00:00Z,0.0,-64.510414,-61.76041,0.21821404
2023-01-09T12:00:00Z,0.0,-64.510414,-61.76041,0.2183161
2023-01-10T12:00:00Z,0.0,-64.510414,-61.76041,0.20844403
2023-01-11T12:00:00Z,0.0,-64.510414,-61.76041,0.21257822
2023-01-12T12:00:00Z,0.0,-64.510414,-61.76041,0.22587699
2023-01-13T12:00:00Z,0.0,-64.510414,-61.76041,0.22601347
2023-01-14T12:00:00Z,0.0,-64.510414,-61.76041,0.23790902
2023-01-15T12:00:00Z,0.0,-64.510414,-61.76041,0.2325791
2023-01-16T12:00:00Z,0.0,-64.510414,-61.76041,0.25567412
2023-01-17T12:00:00Z,0.0,-64.510414,-61.76041,0.14144047
2023-01-18T12:00:00Z,0.0,-64.510414,-61.76041,0.11951508
2023-01-19T12:00:00Z,0.0,-64.510414,-61.76041,0.121350765
2023-01-20T12:00:00Z,0.0,-64.510414,-61.76041,0.122119404
2023-01-21T12:00:00Z,0.0,-64.510414,-61.76041,0.116251945
2023-01-22T12:00:00Z,0.0,-64.510414,-61.76041,0.11354652
2023-01-23T12:00:00Z,0.0,-64.510414,-61.76041,0.10872343
2023-01-24T12:00:00Z,0.0,-64.510414,-61.76041,0.0913419
2023-01-25T12:00:00Z,0.0,-64.510414,-61.76041,0.09589147
2023-01-26T12:00:00Z,0.0,-64.510414,-61.76041,0.08947625
2023-01-27T12:00:00Z,0.0,-64.510414,-61.76041,0.08073562
2023-01-28T12:00:00Z,0.0,-64.510414,-61.76041,0.06929586
2023-01-29T12:00:00Z,0.0,-64.510414,-61.76041,0.060104616
2023-01-30T12:00:00Z,0.0,-64.510414,-61.76041,0.058250766
2023-01-31T12:00:00Z,0.0,-64.510414,-61.76041,0.057418253
2023-02-01T12:00:00Z,0.0,-64.510414,-61.76041,0.06789004
2023-02-02T12:00:00Z,0.0,-64.510414,-61.76041,0.06909038
2023-02-03T12:00:00Z,0.0,-64.510414,-61.76041,0.063655995
2023-02-04T12:00:00Z,0.0,-64.510414,-61.76041,0.12914172
2023-02-05T12:00:00Z,0.0,-64.510414,-61.76041,0.1390917
2023-02-06T12:00:00Z,0.0,-64.510414,-61.76041,0.13688266
2023-02-07T12:00:00Z,0.0,-64.510414,-61.76041,0.13801102
2023-02-08T12:00:00Z,0.0,-64.510414,-61.76041,0.122914076
2023-02-09T12:00:00Z,0.0,-64.510414,-61.76041,0.1950395
2023-02-10T12:00:00Z,0.0,-64.510414,-61.76041,0.19454205
2023-02-11T12:00:00Z,0.0,-64.510414,-61.76041,0.18355869
2023-02-12T12:00:00Z,0.0,-64.510414,-61.76041,0.19147995
2023-02-13T12:00:00Z,0.0,-64.510414,-61.76041,0.19254908
2023-02-14T12:00:00Z,0.0,-64.510414,-61.76041,0.19707586
2023-02-15T12:00:00Z,0.0,-64.510414,-61.76041,0.23312469
2023-02-16T12:00:00Z,0.0,-64.510414,-61.76041,0.24248773
2023-02-17T12:00:00Z,0.0,-64.510414,-61.76041,0.23583165
2023-02-18T12:00:00Z,0.0,-64.510414,-61.76041,0.25093943
2023-02-19T12:00:00Z,0.0,-64.510414,-61.76041,0.19632612
2023-02-20T12:00:00Z,0.0,-64.510414,-61.76041,0.18296513
2023-02-21T12:00:00Z,0.0,-64.510414,-61.76041,0.18213794
2023-02-22T12:00:00Z,0.0,-64.510414,-61.76041,0.1808702
2023-02-23T12:00:00Z,0.0,-64.510414,-61.76041,0.18167849
2023-02-24T12:00:00Z,0.0,-64.510414,-61.76041,0.15680768
2023-02-25T12:00:00Z,0.0,-64.510414,-61.76041,0.15653993
2023-02-26T12:00:00Z,0.0,-64.510414,-61.76041,0.1521772
2023-02-27T12:00:00Z,0.0,-64.510414,-61.76041,0.14966837
2023-02-28T12:00:00Z,0.0,-64.510414,-61.76041,0.1451576
2023-03-01T12:00:00Z,0.0,-64.510414,-61.76041,0.14882362
2023-03-02T12:00:00Z,0.0,-64.510414,-61.76041,0.1467999
2023-03-03T12:00:00Z,0.0,-64.510414,-61.76041,0.14446056
2023-03-04T12:00:00Z,0.0,-64.510414,-61.76041,0.1382706
2023-03-05T12:00:00Z,0.0,-64.510414,-61.76041,0.13569498
2023-03-06T12:00:00Z,0.0,-64.510414,-61.76041,0.09118095
2023-03-07T12:00:00Z,0.0,-64.510414,-61.76041,0.09171975
2023-03-08T12:00:00Z,0.0,-64.510414,-61.76041,0.08906931
2023-03-09T12:00:00Z,0.0,-64.510414,-61.76041,0.09739501
2023-03-10T12:00:00Z,0.0,-64.510414,-61.76041,0.096625865
2023-03-11T12:00:00Z,0.0,-64.510414,-61.76041,0.08376341
2023-03-12T12:00:00Z,0.0,-64.510414,-61.76041,0.096784204
2023-03-13T12:00:00Z,0.0,-64.510414,-61.76041,0.1048896
2023-03-14T12:00:00Z,0.0,-64.510414,-61.76041,0.11583194
2023-03-15T12:00:00Z,0.0,-64.510414,-61.76041,NaN
2023-03-16T12:00:00Z,0.0,-64.510414,-61.76041,NaN
2023-03-17T12:00:00Z,0.0,-64.510414,-61.76041,NaN
2023-03-18T12:00:00Z,0.0,-64.510414,-61.76041,NaN
2023-03-19T12:00:00Z,0.0,-64.510414,-61.76041,NaN
2023-03-20T12:00:00Z,0.0,-64.510414,-61.76041,NaN
2023-03-21T12:00:00Z,0.0,-64.510414,-61.76041,NaN
2023-03-22T12:00:00Z,0.0,-64.510414,-61.76041,NaN
2023-03-23T12:00:00Z,0.0,-64.510414,-61.76041,NaN
2023-03-24T12:00:00Z,0.0,-64.510414,-61.76041,NaN
2023-03-25T12:00:00Z,0.0,-64.510414,-61.76041,NaN
2023-03-26T12:00:00Z,0.0,-64.510414,-61.76041,NaN
2023-03-27T12:00:00Z,0.0,-64.510414,-61.76041,NaN
2023-03-28T12:00:00Z,0.0,-64.510414,-61.76041,NaN
2023-03-29T12:00:00Z,0.0,-64.510414,-61.76041,NaN
2023-03-30T12:00:00Z,0.0,-64.510414,-61.76041,NaN
2023-03-31T12:00:00Z,0.0,-64.510414,-61.76041,NaN
2023-04-01T12:00:00Z,0.0,-64.510414,-61.76041,NaN
2023-04-02T12:00:00Z,0.0,-64.510414,-61.76041,NaN
2023-04-03T12:00:00Z,0.0,-64.510414,-61.76041,NaN
2023-04-04T12:00:00Z,0.0,-64.510414,-61.76041,NaN
2023-04-05T12:00:00Z,0.0,-64.510414,-61.76041,NaN
2023-04-06T12:00:00Z,0.0,-64.510414,-61.76041,NaN
2023-04-07T12:00:00Z,0.0,-64.510414,-61.76041,NaN
2023-04-08T12:00:00Z,0.0,-64.510414,-61.76041,NaN
2023-04-09T12:00:00Z,0.0,-64.510414,-61.76041,NaN
2023-04-10T12:00:00Z,0.0,-64.510414,-61.76041,NaN
2023-04-11T12:00:00Z,0.0,-64.510414,-61.76041,NaN
2023-04-12T12:00:00Z,0.0,-64.510414,-61.76041,NaN
2023-04-13T12:00:00Z,0.0,-64.510414,-61.76041,NaN
2023-04-14T12:00:00Z,0.0,-64.510414,-61.76041,NaN
2023-04-15T12:00:00Z,0.0,-64.510414,-61.76041,NaN
2023-04-16T12:00:00Z,0.0,-64.510414,-61.76041,NaN
2023-04-17T12:00:00Z,0.0,-64.510414,-61.76041,NaN
2023-04-18T12:00:00Z,0.0,-64.510414,-61.76041,NaN
2023-04-19T12:00:00Z,0.0,-64.510414,-61.76041,NaN
2023-04-20T12:00:00Z,0.0,-64.510414,-61.76041,NaN
2023-04-21T12:00:00Z,0.0,-64.510414,-61.76041,NaN
2023-04-22T12:00:00Z,0.0,-64.510414,-61.76041,NaN
2023-04-23T12:00:00Z,0.0,-64.510414,-61.76041,NaN
2023-04-24T12:00:00Z,0.0,-64.510414,-61.76041,NaN
2023-04-25T12:00:00Z,0.0,-64.510414,-61.76041,NaN
2023-04-26T12:00:00Z,0.0,-64.510414,-61.76041,NaN
2023-04-27T12:00:00Z,0.0,-64.510414,-61.76041,NaN
2023-04-28T12:00:00Z,0.0,-64.510414,-61.76041,NaN
2023-04-29T12:00:00Z,0.0,-64.510414,-61.76041,NaN
2023-04-30T12:00:00Z,0.0,-64.510414,-61.76041,NaN
2023-05-01T12:00:00Z,0.0,-64.510414,-61.76041,NaN
2023-05-02T12:00:00Z,0.0,-64.510414,-61.76041,NaN
2023-05-03T12:00:00Z,0.0,-64.510414,-61.76041,NaN
2023-05-04T12:00:00Z,0.0,-64.510414,-61.76041,NaN
2023-05-05T12:00:00Z,0.0,-64.510414,-61.76041,NaN
2023-05-06T12:00:00Z,0.0,-64.510414,-61.76041,NaN
2023-05-07T12:00:00Z,0.0,-64.510414,-61.76041,NaN
2023-05-08T12:00:00Z,0.0,-64.510414,-61.76041,NaN
2023-05-09T12:00:00Z,0.0,-64.510414,-61.76041,NaN
2023-05-10T12:00:00Z,0.0,-64.510414,-61.76041,NaN
2023-05-11T12:00:00Z,0.0,-64.510414,-61.76041,NaN
2023-05-12T12:00:00Z,0.0,-64.510414,-61.76041,NaN
2023-05-13T12:00:00Z,0.0,-64.510414,-61.76041,NaN
2023-05-14T12:00:00Z,0.0,-64.510414,-61.76041,NaN
2023-05-15T12:00:00Z,0.0,-64.510414,-61.76041,NaN
2023-05-16T12:00:00Z,0.0,-64.510414,-61.76041,NaN
2023-05-17T12:00:00Z,0.0,-64.510414,-61.76041,NaN
2023-05-18T12:00:00Z,0.0,-64.510414,-61.76041,NaN
2023-05-19T12:00:00Z,0.0,-64.510414,-61.76041,NaN
2023-05-20T12:00:00Z,0.0,-64.510414,-61.76041,NaN
2023-05-21T12:00:00Z,0.0,-64.510414,-61.76041,NaN
2023-05-22T12:00:00Z,0.0,-64.510414,-61.76041,NaN
2023-05-23T12:00:00Z,0.0,-64.510414,-61.76041,NaN
2023-05-24T12:00:00Z,0.0,-64.510414,-61.76041,NaN
2023-05-25T12:00:00Z,0.0,-64.510414,-61.76041,NaN
2023-05-26T12:00:00Z,0.0,-64.510414,-61.76041,NaN
2023-05-27T12:00:00Z,0.0,-64.510414,-61.76041,NaN
2023-05-28T12:00:00Z,0.0,-64.510414,-61.76041,NaN
2023-05-29T12:00:00Z,0.0,-64.510414,-61.76041,NaN
2023-05-30T12:00:00Z,0.0,-64.510414,-61.76041,NaN
2023-05-31T12:00:00Z,0.0,-64.510414,-61.76041,NaN
2023-06-01T12:00:00Z,0.0,-64.510414,-61.76041,NaN
2023-06-02T12:00:00Z,0.0,-64.510414,-61.76041,NaN
2023-06-03T12:00:00Z,0.0,-64.510414,-61.76041,NaN
2023-06-04T12:00:00Z,0.0,-64.510414,-61.76041,NaN
2023-06-05T12:00:00Z,0.0,-64.510414,-61.76041,NaN
2023-06-06T12:00:00Z,0.0,-64.510414,-61.76041,NaN
2023-06-07T12:00:00Z,0.0,-64.510414,-61.76041,NaN
2023-06-08T12:00:00Z,0.0,-64.510414,-61.76041,NaN
2023-06-09T12:00:00Z,0.0,-64.510414,-61.76041,NaN
2023-06-10T12:00:00Z,0.0,-64.510414,-61.76041,NaN
2023-06-11T12:00:00Z,0.0,-64.510414,-61.76041,NaN
2023-06-12T12:00:00Z,0.0,-64.510414,-61.76041,NaN
2023-06-13T12:00:00Z,0.0,-64.510414,-61.76041,NaN
2023-06-14T12:00:00Z,0.0,-64.510414,-61.76041,NaN
2023-06-15T12:00:00Z,0.0,-64.510414,-61.76041,NaN
2023-06-16T12:00:00Z,0.0,-64.510414,-61.76041,NaN
2023-06-17T12:00:00Z,0.0,-64.510414,-61.76041,NaN
2023-06-18T12:00:00Z,0.0,-64.510414,-61.76041,NaN
2023-06-19T12:00:00Z,0.0,-64.510414,-61.76041,NaN
2023-06-20T12:00:00Z,0.0,-64.510414,-61.76041,NaN
2023-06-21T12:00:00Z,0.0,-64.510414,-61.76041,NaN
2023-06-22T12:00:00Z,0.0,-64.510414,-61.76041,NaN
2023-06-23T12:00:00Z,0.0,-64.510414,-61.76041,NaN
2023-06-24T12:00:00Z,0.0,-64.510414,-61.76041,NaN
2023-06-25T12:00:00Z,0.0,-64.510414,-61.76041,NaN
2023-06-26T12:00:00Z,0.0,-64.510414,-61.76041,NaN
2023-06-27T12:00:00Z,0.0,-64.510414,-61.76041,NaN
2023-06-28T12:00:00Z,0.0,-64.510414,-61.76041,NaN
2023-06-29T12:00:00Z,0.0,-64.510414,-61.76041,NaN
2023-06-30T12:00:00Z,0.0,-64.510414,-61.76041,NaN
2023-07-01T12:00:00Z,0.0,-64.510414,-61.76041,NaN
2023-07-02T12:00:00Z,0.0,-64.510414,-61.76041,NaN
2023-07-03T12:00:00Z,0.0,-64.510414,-61.76041,NaN
2023-07-04T12:00:00Z,0.0,-64.510414,-61.76041,NaN
2023-07-05T12:00:00Z,0.0,-64.510414,-61.76041,NaN
2023-07-06T12:00:00Z,0.0,-64.510414,-61.76041,NaN
2023-07-07T12:00:00Z,0.0,-64.510414,-61.76041,NaN
2023-07-08T12:00:00Z,0.0,-64.510414,-61.76041,NaN
2023-07-09T12:00:00Z,0.0,-64.510414,-61.76041,NaN
2023-07-10T12:00:00Z,0.0,-64.510414,-61.76041,NaN
2023-07-11T12:00:00Z,0.0,-64.510414,-61.76041,NaN
2023-07-12T12:00:00Z,0.0,-64.510414,-61.76041,NaN
2023-07-13T12:00:00Z,0.0,-64.510414,-61.76041,NaN
2023-07-14T12:00:00Z,0.0,-64.510414,-61.76041,NaN
2023-07-15T12:00:00Z,0.0,-64.510414,-61.76041,NaN
2023-07-16T12:00:00Z,0.0,-64.510414,-61.76041,NaN
2023-07-17T12:00:00Z,0.0,-64.510414,-61.76041,NaN
2023-07-18T12:00:00Z,0.0,-64.510414,-61.76041,NaN
2023-07-19T12:00:00Z,0.0,-64.510414,-61.76041,NaN
2023-07-20T12:00:00Z,0.0,-64.510414,-61.76041,NaN
2023-07-21T12:00:00Z,0.0,-64.510414,-61.76041,NaN
2023-07-22T12:00:00Z,0.0,-64.510414,-61.76041,NaN
2023-07-23T12:00:00Z,0.0,-64.510414,-61.76041,NaN
2023-07-24T12:00:00Z,0.0,-64.510414,-61.76041,NaN
2023-07-25T12:00:00Z,0.0,-64.510414,-61.76041,NaN
2023-07-26T12:00:00Z,0.0,-64.510414,-61.76041,NaN
2023-07-27T12:00:00Z,0.0,-64.510414,-61.76041,NaN
2023-07-28T12:00:00Z,0.0,-64.510414,-61.76041,NaN
2023-07-29T12:00:00Z,0.0,-64.510414,-61.76041,NaN
2023-07-30T12:00:00Z,0.0,-64.510414,-61.76041,NaN
2023-07-31T12:00:00Z,0.0,-64.510414,-61.76041,NaN
2023-08-01T12:00:00Z,0.0,-64.510414,-61.76041,NaN
2023-08-02T12:00:00Z,0.0,-64.510414,-61.76041,NaN
2023-08-03T12:00:00Z,0.0,-64.510414,-61.76041,NaN
2023-08-04T12:00:00Z,0.0,-64.510414,-61.76041,NaN
2023-08-05T12:00:00Z,0.0,-64.510414,-61.76041,NaN
2023-08-06T12:00:00Z,0.0,-64.510414,-61.76041,NaN
2023-08-07T12:00:00Z,0.0,-64.510414,-61.76041,NaN
2023-08-08T12:00:00Z,0.0,-64.510414,-61.76041,NaN
2023-08-09T12:00:00Z,0.0,-64.510414,-61.76041,NaN
2023-08-10T12:00:00Z,0.0,-64.510414,-61.76041,NaN
2023-08-11T12:00:00Z,0.0,-64.510414,-61.76041,NaN
2023-08-12T12:00:00Z,0.0,-64.510414,-61.76041,NaN
2023-08-13T12:00:00Z,0.0,-64.510414,-61.76041,NaN
2023-08-14T12:00:00Z,0.0,-64.510414,-61.76041,NaN
2023-08-15T12:00:00Z,0.0,-64.510414,-61.76041,NaN
2023-08-16T12:00:00Z,0.0,-64.510414,-61.76041,NaN
2023-08-17T12:00:00Z,0.0,-64.510414,-61.76041,NaN
2023-08-18T12:00:00Z,0.0,-64.510414,-61.76041,NaN
2023-08-19T12:00:00Z,0.0,-64.510414,-61.76041,NaN
2023-08-20T12:00:00Z,0.0,-64.510414,-61.76041,NaN
2023-08-21T12:00:00Z,0.0,-64.510414,-61.76041,NaN
2023-08-22T12:00:00Z,0.0,-64.510414,-61.76041,NaN
2023-08-23T12:00:00Z,0.0,-64.510414,-61.76041,NaN
2023-08-24T12:00:00Z,0.0,-64.510414,-61.76041,NaN
2023-08-25T12:00:00Z,0.0,-64.510414,-61.76041,NaN
2023-08-26T12:00:00Z,0.0,-64.510414,-61.76041,NaN
2023-08-27T12:00:00Z,0.0,-64.510414,-61.76041,NaN
2023-08-28T12:00:00Z,0.0,-64.510414,-61.76041,NaN
2023-08-29T12:00:00Z,0.0,-64.510414,-61.76041,NaN
2023-08-30T12:00:00Z,0.0,-64.510414,-61.76041,NaN
2023-08-31T12:00:00Z,0.0,-64.510414,-61.76041,NaN
2023-09-01T12:00:00Z,0.0,-64.510414,-61.76041,NaN
2023-09-02T12:00:00Z,0.0,-64.510414,-61.76041,NaN
2023-09-03T12:00:00Z,0.0,-64.510414,-61.76041,NaN
2023-09-04T12:00:00Z,0.0,-64.510414,-61.76041,NaN
2023-09-05T12:00:00Z,0.0,-64.510414,-61.76041,NaN
2023-09-06T12:00:00Z,0.0,-64.510414,-61.76041,NaN
2023-09-07T12:00:00Z,0.0,-64.510414,-61.76041,NaN
2023-09-08T12:00:00Z,0.0,-64.510414,-61.76041,NaN
2023-09-09T12:00:00Z,0.0,-64.510414,-61.76041,NaN
2023-09-10T12:00:00Z,0.0,-64.510414,-61.76041,NaN
2023-09-11T12:00:00Z,0.0,-64.510414,-61.76041,NaN
2023-09-12T12:00:00Z,0.0,-64.510414,-61.76041,NaN
2023-09-13T12:00:00Z,0.0,-64.510414,-61.76041,NaN
2023-09-14T12:00:00Z,0.0,-64.510414,-61.76041,NaN
2023-09-15T12:00:00Z,0.0,-64.510414,-61.76041,NaN
2023-09-16T12:00:00Z,0.0,-64.510414,-61.76041,NaN
2023-09-17T12:00:00Z,0.0,-64.510414,-61.76041,NaN
2023-09-18T12:00:00Z,0.0,-64.510414,-61.76041,NaN
2023-09-19T12:00:00Z,0.0,-64.510414,-61.76041,NaN
2023-09-20T12:00:00Z,0.0,-64.510414,-61.76041,NaN
2023-09-21T12:00:00Z,0.0,-64.510414,-61.76041,NaN
2023-09-22T12:00:00Z,0.0,-64.510414,-61.76041,NaN
2023-09-23T12:00:00Z,0.0,-64.510414,-61.76041,NaN
2023-09-24T12:00:00Z,0.0,-64.510414,-61.76041,NaN
2023-09-25T12:00:00Z,0.0,-64.510414,-61.76041,NaN
2023-09-26T12:00:00Z,0.0,-64.510414,-61.76041,NaN
2023-09-27T12:00:00Z,0.0,-64.510414,-61.76041,NaN
2023-09-28T12:00:00Z,0.0,-64.510414,-61.76041,NaN
2023-09-29T12:00:00Z,0.0,-64.510414,-61.76041,NaN
2023-09-30T12:00:00Z,0.0,-64.510414,-61.76041,NaN
2023-10-01T12:00:00Z,0.0,-64.510414,-61.76041,NaN
2023-10-02T12:00:00Z,0.0,-64.510414,-61.76041,NaN
2023-10-03T12:00:00Z,0.0,-64.510414,-61.76041,NaN
2023-10-04T12:00:00Z,0.0,-64.510414,-61.76041,NaN
2023-10-05T12:00:00Z,0.0,-64.510414,-61.76041,NaN
2023-10-06T12:00:00Z,0.0,-64.510414,-61.76041,NaN
2023-10-07T12:00:00Z,0.0,-64.510414,-61.76041,NaN
2023-10-08T12:00:00Z,0.0,-64.510414,-61.76041,NaN
2023-10-09T12:00:00Z,0.0,-64.510414,-61.76041,NaN
2023-10-10T12:00:00Z,0.0,-64.510414,-61.76041,NaN
2023-10-11T12:00:00Z,0.0,-64.510414,-61.76041,NaN
2023-10-12T12:00:00Z,0.0,-64.510414,-61.76041,NaN
2023-10-13T12:00:00Z,0.0,-64.510414,-61.76041,NaN
2023-10-14T12:00:00Z,0.0,-64.510414,-61.76041,NaN
2023-10-15T12:00:00Z,0.0,-64.510414,-61.76041,NaN
2023-10-16T12:00:00Z,0.0,-64.510414,-61.76041,NaN
2023-10-17T12:00:00Z,0.0,-64.510414,-61.76041,NaN
2023-10-18T12:00:00Z,0.0,-64.510414,-61.76041,NaN
2023-10-19T12:00:00Z,0.0,-64.510414,-61.76041,NaN
2023-10-20T12:00:00Z,0.0,-64.510414,-61.76041,0.15522748
2023-10-21T12:00:00Z,0.0,-64.510414,-61.76041,0.15517832
2023-10-22T12:00:00Z,0.0,-64.510414,-61.76041,0.15505317
2023-10-23T12:00:00Z,0.0,-64.510414,-61.76041,0.11086619
2023-10-24T12:00:00Z,0.0,-64.510414,-61.76041,0.07175086
2023-10-25T12:00:00Z,0.0,-64.510414,-61.76041,0.15589207
2023-10-26T12:00:00Z,0.0,-64.510414,-61.76041,0.15621145
2023-10-27T12:00:00Z,0.0,-64.510414,-61.76041,0.16388516
2023-10-28T12:00:00Z,0.0,-64.510414,-61.76041,0.10900105
2023-10-29T12:00:00Z,0.0,-64.510414,-61.76041,0.12024467
2023-10-30T12:00:00Z,0.0,-64.510414,-61.76041,0.11838641
2023-10-31T12:00:00Z,0.0,-64.510414,-61.76041,0.13061482
2023-11-01T12:00:00Z,0.0,-64.510414,-61.76041,0.117444515
2023-11-02T12:00:00Z,0.0,-64.510414,-61.76041,0.10754563
2023-11-03T12:00:00Z,0.0,-64.510414,-61.76041,0.09747954
2023-11-04T12:00:00Z,0.0,-64.510414,-61.76041,0.13620612
2023-11-05T12:00:00Z,0.0,-64.510414,-61.76041,0.13299683
2023-11-06T12:00:00Z,0.0,-64.510414,-61.76041,0.1346846
2023-11-07T12:00:00Z,0.0,-64.510414,-61.76041,0.0671769
2023-11-08T12:00:00Z,0.0,-64.510414,-61.76041,0.05348969
2023-11-09T12:00:00Z,0.0,-64.510414,-61.76041,0.08749188
2023-11-10T12:00:00Z,0.0,-64.510414,-61.76041,0.08352447
2023-11-11T12:00:00Z,0.0,-64.510414,-61.76041,0.120259345
2023-11-12T12:00:00Z,0.0,-64.510414,-61.76041,0.116536416
2023-11-13T12:00:00Z,0.0,-64.510414,-61.76041,0.09479709
2023-11-14T12:00:00Z,0.0,-64.510414,-61.76041,0.08856778
2023-11-15T12:00:00Z,0.0,-64.510414,-61.76041,0.090803824
2023-11-16T12:00:00Z,0.0,-64.510414,-61.76041,0.122668944
2023-11-17T12:00:00Z,0.0,-64.510414,-61.76041,0.12307314
2023-11-18T12:00:00Z,0.0,-64.510414,-61.76041,0.12438048
2023-11-19T12:00:00Z,0.0,-64.510414,-61.76041,0.12777588
2023-11-20T12:00:00Z,0.0,-64.510414,-61.76041,0.20625713
2023-11-21T12:00:00Z,0.0,-64.510414,-61.76041,0.21380341
2023-11-22T12:00:00Z,0.0,-64.510414,-61.76041,0.19649352
2023-11-23T12:00:00Z,0.0,-64.510414,-61.76041,0.22106381
2023-11-24T12:00:00Z,0.0,-64.510414,-61.76041,0.23164468
2023-11-25T12:00:00Z,0.0,-64.510414,-61.76041,0.23476246
2023-11-26T12:00:00Z,0.0,-64.510414,-61.76041,0.23619314
2023-11-27T12:00:00Z,0.0,-64.510414,-61.76041,0.2834458
2023-11-28T12:00:00Z,0.0,-64.510414,-61.76041,0.276645
2023-11-29T12:00:00Z,0.0,-64.510414,-61.76041,0.32623145
2023-11-30T12:00:00Z,0.0,-64.510414,-61.76041,0.36996958
2023-12-02T12:00:00Z,0.0,-64.510414,-61.76041,0.28293917
2023-12-03T12:00:00Z,0.0,-64.510414,-61.76041,0.28011966
2023-12-04T12:00:00Z,0.0,-64.510414,-61.76041,0.26556113
2023-12-05T12:00:00Z,0.0,-64.510414,-61.76041,0.36936614
2023-12-06T12:00:00Z,0.0,-64.510414,-61.76041,0.46081346
2023-12-07T12:00:00Z,0.0,-64.510414,-61.76041,0.43418375
2023-12-08T12:00:00Z,0.0,-64.510414,-61.76041,0.3519113
2023-12-09T12:00:00Z,0.0,-64.510414,-61.76041,0.35158518
2023-12-10T12:00:00Z,0.0,-64.510414,-61.76041,0.49895343
2023-12-11T12:00:00Z,0.0,-64.510414,-61.76041,0.5702197
2023-12-12T12:00:00Z,0.0,-64.510414,-61.76041,0.6254522
2023-12-13T12:00:00Z,0.0,-64.510414,-61.76041,0.6817362
2023-12-14T12:00:00Z,0.0,-64.510414,-61.76041,0.6013232
2023-12-15T12:00:00Z,0.0,-64.510414,-61.76041,0.5777653
2023-12-16T12:00:00Z,0.0,-64.510414,-61.76041,0.47405913
2023-12-17T12:00:00Z,0.0,-64.510414,-61.76041,0.5668604
2023-12-18T12:00:00Z,0.0,-64.510414,-61.76041,0.5837505
2023-12-19T12:00:00Z,0.0,-64.510414,-61.76041,0.61343133
2023-12-20T12:00:00Z,0.0,-64.510414,-61.76041,0.32304007
2023-12-21T12:00:00Z,0.0,-64.510414,-61.76041,0.2909676
2023-12-22T12:00:00Z,0.0,-64.510414,-61.76041,0.28375766
2023-12-23T12:00:00Z,0.0,-64.510414,-61.76041,0.27854192
2023-12-25T12:00:00Z,0.0,-64.510414,-61.76041,0.2614948
2023-12-26T12:00:00Z,0.0,-64.510414,-61.76041,0.25075412
2023-12-27T12:00:00Z,0.0,-64.510414,-61.76041,0.22295229
2023-12-28T12:00:00Z,0.0,-64.510414,-61.76041,0.2231048
2023-12-29T12:00:00Z,0.0,-64.510414,-61.76041,0.22477469
2023-12-30T12:00:00Z,0.0,-64.510414,-61.76041,0.233905
2023-12-31T12:00:00Z,0.0,-64.510414,-61.76041,0.2337631
