time,altitude,latitude,longitude,chlor_a
UTC,m,degrees_north,degrees_east,mg m^-3
2018-01-01T12:00:00Z,0.0,-65.09376,-64.052086,1.0650976
2018-01-02T12:00:00Z,0.0,-65.09376,-64.052086,1.0625014
2018-01-03T12:00:00Z,0.0,-65.09376,-64.052086,1.1447487
2018-01-04T12:00:00Z,0.0,-65.09376,-64.052086,1.220241
2018-01-05T12:00:00Z,0.0,-65.09376,-64.052086,0.67317116
2018-01-06T12:00:00Z,0.0,-65.09376,-64.052086,0.5552256
2018-01-07T12:00:00Z,0.0,-65.09376,-64.052086,0.5398567
2018-01-08T12:00:00Z,0.0,-65.09376,-64.052086,0.5911537
2018-01-09T12:00:00Z,0.0,-65.09376,-64.052086,0.5795544
2018-01-10T12:00:00Z,0.0,-65.09376,-64.052086,0.5489119
2018-01-11T12:00:00Z,0.0,-65.09376,-64.052086,0.5360594
2018-01-12T12:00:00Z,0.0,-65.09376,-64.052086,0.6195169
2018-01-13T12:00:00Z,0.0,-65.09376,-64.052086,0.5248037
2018-01-14T12:00:00Z,0.0,-65.09376,-64.052086,0.76323646
2018-01-15T12:00:00Z,0.0,-65.09376,-64.052086,0.72962326
2018-01-16T12:00:00Z,0.0,-65.09376,-64.052086,0.9602233
2018-01-17T12:00:00Z,0.0,-65.09376,-64.052086,0.9877005
2018-01-18T12:00:00Z,0.0,-65.09376,-64.052086,0.9295186
2018-01-19T12:00:00Z,0.0,-65.09376,-64.052086,0.8449305
2018-01-20T12:00:00Z,0.0,-65.09376,-64.052086,0.6766326
2018-01-21T12:00:00Z,0.0,-65.09376,-64.052086,0.6989945
2018-01-22T12:00:00Z,0.0,-65.09376,-64.052086,0.6541061
2018-01-23T12:00:00Z,0.0,-65.09376,-64.052086,0.6382062
2018-01-24T12:00:00Z,0.0,-65.09376,-64.052086,0.56579405
2018-01-25T12:00:00Z,0.0,-65.09376,-64.052086,0.5667911
2018-01-26T12:00:00Z,0.0,-65.09376,-64.052086,0.58963877
2018-01-27T12:00:00Z,0.0,-65.09376,-64.052086,0.54378414
2018-01-28T12:00:00Z,0.0,-65.09376,-64.052086,0.5472903
2018-01-29T12:00:00Z,0.0,-65.09376,-64.052086,0.6402986
2018-01-30T12:00:00Z,0.0,-65.09376,-64.052086,0.6766619
2018-01-31T12:00:00Z,0.0,-65.09376,-64.052086,0.50715274
2018-02-01T12:00:00Z,0.0,-65.09376,-64.052086,0.47613055
2018-02-02T12:00:00Z,0.0,-65.09376,-64.052086,0.4678249
2018-02-03T12:00:00Z,0.0,-65.09376,-64.052086,0.40844613
2018-02-04T12:00:00Z,0.0,-65.09376,-64.052086,0.43315634
2018-02-05T12:00:00Z,0.0,-65.09376,-64.052086,0.40816104
2018-02-06T12:00:00Z,0.0,-65.09376,-64.052086,0.34868312
2018-02-07T12:00:00Z,0.0,-65.09376,-64.052086,0.34122303
2018-02-08T12:00:00Z,0.0,-65.09376,-64.052086,0.34271923
2018-02-09T12:00:00Z,0.0,-65.09376,-64.052086,0.3392449
2018-02-10T12:00:00Z,0.0,-65.09376,-64.052086,0.31667435
2018-02-11T12:00:00Z,0.0,-65.09376,-64.052086,0.30102986
2018-02-12T12:00:00Z,0.0,-65.09376,-64.052086,0.294935
2018-02-13T12:00:00Z,0.0,-65.09376,-64.052086,0.3130953
2018-02-14T12:00:00Z,0.0,-65.09376,-64.052086,0.31846973
2018-02-15T12:00:00Z,0.0,-65.09376,-64.052086,0.56410986
2018-02-16T12:00:00Z,0.0,-65.09376,-64.052086,0.50020325
2018-02-17T12:00:00Z,0.0,-65.09376,-64.052086,0.46019596
2018-02-18T12:00:00Z,0.0,-65.09376,-64.052086,0.5030645
2018-02-19T12:00:00Z,0.0,-65.09376,-64.052086,0.5244717
2018-02-20T12:00:00Z,0.0,-65.09376,-64.052086,0.61303145
2018-02-21T12:00:00Z,0.0,-65.09376,-64.052086,0.54462343
2018-02-22T12:00:00Z,0.0,-65.09376,-64.052086,0.5076077
2018-02-23T12:00:00Z,0.0,-65.09376,-64.052086,0.4906353
2018-02-24T12:00:00Z,0.0,-65.09376,-64.052086,0.501494
2018-02-25T12:00:00Z,0.0,-65.09376,-64.052086,0.5846093
2018-02-26T12:00:00Z,0.0,-65.09376,-64.052086,0.62545943
2018-02-27T12:00:00Z,0.0,-65.09376,-64.052086,0.5811949
2018-02-28T12:00:00Z,0.0,-65.09376,-64.052086,0.53388065
2018-03-01T12:00:00Z,0.0,-65.09376,-64.052086,0.5539643
2018-03-02T12:00:00Z,0.0,-65.09376,-64.052086,0.63302636
2018-03-03T12:00:00Z,0.0,-65.09376,-64.052086,0.59499043
2018-03-04T12:00:00Z,0.0,-65.09376,-64.052086,0.5665372
2018-03-05T12:00:00Z,0.0,-65.09376,-64.052086,0.61505264
2018-03-06T12:00:00Z,0.0,-65.09376,-64.052086,0.6250965
2018-03-07T12:00:00Z,0.0,-65.09376,-64.052086,0.61760986
2018-03-08T12:00:00Z,0.0,-65.09376,-64.052086,0.5954143
2018-03-09T12:00:00Z,0.0,-65.09376,-64.052086,0.4968864
2018-03-10T12:00:00Z,0.0,-65.09376,-64.052086,0.5577381
2018-03-11T12:00:00Z,0.0,-65.09376,-64.052086,0.2599145
2018-03-12T12:00:00Z,0.0,-65.09376,-64.052086,0.2390952
2018-03-13T12:00:00Z,0.0,-65.09376,-64.052086,NaN
2018-03-14T12:00:00Z,0.0,-65.09376,-64.052086,NaN
2018-03-15T12:00:00Z,0.0,-65.09376,-64.052086,NaN
2018-03-16T12:00:00Z,0.0,-65.09376,-64.052086,NaN
2018-03-17T12:00:00Z,0.0,-65.09376,-64.052086,NaN
2018-03-18T12:00:00Z,0.0,-65.09376,-64.052086,NaN
2018-03-19T12:00:00Z,0.0,-65.09376,-64.052086,NaN
2018-03-20T12:00:00Z,0.0,-65.09376,-64.052086,NaN
2018-03-21T12:00:00Z,0.0,-65.09376,-64.052086,NaN
2018-03-22T12:00:00Z,0.0,-65.09376,-64.052086,NaN
2018-03-23T12:00:00Z,0.0,-65.09376,-64.052086,NaN
2018-03-24T12:00:00Z,0.0,-65.09376,-64.052086,NaN
2018-03-25T12:00:00Z,0.0,-65.09376,-64.052086,NaN
2018-03-26T12:00:00Z,0.0,-65.09376,-64.052086,NaN
2018-03-27T12:00:00Z,0.0,-65.09376,-64.052086,NaN
2018-03-28T12:00:00Z,0.0,-65.09376,-64.052086,NaN
2018-03-29T12:00:00Z,0.0,-65.09376,-64.052086,NaN
2018-03-30T12:00:00Z,0.0,-65.09376,-64.052086,NaN
2018-03-31T12:00:00Z,0.0,-65.09376,-64.052086,NaN
2018-04-01T12:00:00Z,0.0,-65.09376,-64.052086,NaN
2018-04-02T12:00:00Z,0.0,-65.09376,-64.052086,NaN
2018-04-03T12:00:00Z,0.0,-65.09376,-64.052086,NaN
2018-04-04T12:00:00Z,0.0,-65.09376,-64.052086,NaN
2018-04-05T12:00:00Z,0.0,-65.09376,-64.052086,NaN
2018-04-06T12:00:00Z,0.0,-65.09376,-64.052086,NaN
2018-04-07T12:00:00Z,0.0,-65.09376,-64.052086,NaN
2018-04-08T12:00:00Z,0.0,-65.09376,-64.052086,NaN
2018-04-09T12:00:00Z,0.0,-65.09376,-64.052086,NaN
2018-04-10T12:00:00Z,0.0,-65.09376,-64.052086,NaN
2018-04-11T12:00:00Z,0.0,-65.09376,-64.052086,NaN
2018-04-12T12:00:00Z,0.0,-65.09376,-64.052086,NaN
2018-04-13T12:00:00Z,0.0,-65.09376,-64.052086,NaN
2018-04-14T12:00:00Z,0.0,-65.09376,-64.052086,NaN
2018-04-15T12:00:00Z,0.0,-65.09376,-64.052086,NaN
2018-04-16T12:00:00Z,0.0,-65.09376,-64.052086,NaN
2018-04-17T12:00:00Z,0.0,-65.09376,-64.052086,NaN
2018-04-18T12:00:00Z,0.0,-65.09376,-64.052086,NaN
2018-04-19T12:00:00Z,0.0,-65.09376,-64.052086,NaN
2018-04-20T12:00:00Z,0.0,-65.09376,-64.052086,NaN
2018-04-21T12:00:00Z,0.0,-65.09376,-64.052086,NaN
2018-04-22T12:00:00Z,0.0,-65.09376,-64.052086,NaN
2018-04-23T12:00:00Z,0.0,-65.09376,-64.052086,NaN
2018-04-24T12:00:00Z,0.0,-65.09376,-64.052086,NaN
2018-04-25T12:00:00Z,0.0,-65.09376,-64.052086,NaN
2018-04-26T12:00:00Z,0.0,-65.09376,-64.052086,NaN
2018-04-27T12:00:00Z,0.0,-65.09376,-64.052086,NaN
2018-04-28T12:00:00Z,0.0,-65.09376,-64.052086,NaN
2018-04-29T12:00:00Z,0.0,-65.09376,-64.052086,NaN
2018-04-30T12:00:00Z,0.0,-65.09376,-64.052086,NaN
2018-05-01T12:00:00Z,0.0,-65.09376,-64.052086,NaN
2018-05-02T12:00:00Z,0.0,-65.09376,-64.052086,NaN
2018-05-03T12:00:00Z,0.0,-65.09376,-64.052086,NaN
2018-05-04T12:00:00Z,0.0,-65.09376,-64.052086,NaN
2018-05-05T12:00:00Z,0.0,-65.09376,-64.052086,NaN
2018-05-06T12:00:00Z,0.0,-65.09376,-64.052086,NaN
2018-05-07T12:00:00Z,0.0,-65.09376,-64.052086,NaN
2018-05-08T12:00:00Z,0.0,-65.09376,-64.052086,NaN
2018-05-09T12:00:00Z,0.0,-65.09376,-64.052086,NaN
2018-05-10T12:00:00Z,0.0,-65.09376,-64.052086,NaN
2018-05-11T12:00:00Z,0.0,-65.09376,-64.052086,NaN
2018-05-12T12:00:00Z,0.0,-65.09376,-64.052086,NaN
2018-05-13T12:00:00Z,0.0,-65.09376,-64.052086,NaN
2018-05-14T12:00:00Z,0.0,-65.09376,-64.052086,NaN
2018-05-15T12:00:00Z,0.0,-65.09376,-64.052086,NaN
2018-05-16T12:00:00Z,0.0,-65.09376,-64.052086,NaN
2018-05-17T12:00:00Z,0.0,-65.09376,-64.052086,NaN
2018-05-18T12:00:00Z,0.0,-65.09376,-64.052086,NaN
2018-05-19T12:00:00Z,0.0,-65.09376,-64.052086,NaN
2018-05-20T12:00:00Z,0.0,-65.09376,-64.052086,NaN
2018-05-21T12:00:00Z,0.0,-65.09376,-64.052086,NaN
2018-05-22T12:00:00Z,0.0,-65.09376,-64.052086,NaN
2018-05-23T12:00:00Z,0.0,-65.09376,-64.052086,NaN
2018-05-24T12:00:00Z,0.0,-65.09376,-64.052086,NaN
2018-05-25T12:00:00Z,0.0,-65.09376,-64.052086,NaN
2018-05-26T12:00:00Z,0.0,-65.09376,-64.052086,NaN
2018-05-27T12:00:00Z,0.0,-65.09376,-64.052086,NaN
2018-05-28T12:00:00Z,0.0,-65.09376,-64.052086,NaN
2018-05-29T12:00:00Z,0.0,-65.09376,-64.052086,NaN
2018-05-30T12:00:00Z,0.0,-65.09376,-64.052086,NaN
2018-05-31T12:00:00Z,0.0,-65.09376,-64.052086,NaN
2018-06-01T12:00:00Z,0.0,-65.09376,-64.052086,NaN
2018-06-02T12:00:00Z,0.0,-65.09376,-64.052086,NaN
2018-06-03T12:00:00Z,0.0,-65.09376,-64.052086,NaN
2018-06-04T12:00:00Z,0.0,-65.09376,-64.052086,NaN
2018-06-05T12:00:00Z,0.0,-65.09376,-64.052086,NaN
2018-06-06T12:00:00Z,0.0,-65.09376,-64.052086,NaN
2018-06-07T12:00:00Z,0.0,-65.09376,-64.052086,NaN
2018-06-08T12:00:00Z,0.0,-65.09376,-64.052086,NaN
2018-06-09T12:00:00Z,0.0,-65.09376,-64.052086,NaN
2018-06-10T12:00:00Z,0.0,-65.09376,-64.052086,NaN
2018-06-11T12:00:00Z,0.0,-65.09376,-64.052086,NaN
2018-06-12T12:00:00Z,0.0,-65.09376,-64.052086,NaN
2018-06-13T12:00:00Z,0.0,-65.09376,-64.052086,NaN
2018-06-14T12:00:00Z,0.0,-65.09376,-64.052086,NaN
2018-06-15T12:00:00Z,0.0,-65.09376,-64.052086,NaN
2018-06-16T12:00:00Z,0.0,-65.09376,-64.052086,NaN
2018-06-17T12:00:00Z,0.0,-65.09376,-64.052086,NaN
2018-06-18T12:00:00Z,0.0,-65.09376,-64.052086,NaN
2018-06-19T12:00:00Z,0.0,-65.09376,-64.052086,NaN
2018-06-20T12:00:00Z,0.0,-65.09376,-64.052086,NaN
2018-06-21T12:00:00Z,0.0,-65.09376,-64.052086,NaN
2018-06-22T12:00:00Z,0.0,-65.09376,-64.052086,NaN
2018-06-23T12:00:00Z,0.0,-65.09376,-64.052086,NaN
2018-06-24T12:00:00Z,0.0,-65.09376,-64.052086,NaN
2018-06-25T12:00:00Z,0.0,-65.09376,-64.052086,NaN
2018-06-26T12:00:00Z,0.0,-65.09376,-64.052086,NaN
2018-06-27T12:00:00Z,0.0,-65.09376,-64.052086,NaN
2018-06-28T12:00:00Z,0.0,-65.09376,-64.052086,NaN
2018-06-29T12:00:00Z,0.0,-65.09376,-64.052086,NaN
2018-06-30T12:00:00Z,0.0,-65.09376,-64.052086,NaN
2018-07-01T12:00:00Z,0.0,-65.09376,-64.052086,NaN
2018-07-02T12:00:00Z,0.0,-65.09376,-64.052086,NaN
2018-07-03T12:00:00Z,0.0,-65.09376,-64.052086,NaN
2018-07-04T12:00:00Z,0.0,-65.09376,-64.052086,NaN
2018-07-05T12:00:00Z,0.0,-65.09376,-64.052086,NaN
2018-07-06T12:00:00Z,0.0,-65.09376,-64.052086,NaN
2018-07-07T12:00:00Z,0.0,-65.09376,-64.052086,NaN
2018-07-08T12:00:00Z,0.0,-65.09376,-64.052086,NaN
2018-07-09T12:00:00Z,0.0,-65.09376,-64.052086,NaN
2018-07-10T12:00:00Z,0.0,-65.09376,-64.052086,NaN
2018-07-11T12:00:00Z,0.0,-65.09376,-64.052086,NaN
2018-07-12T12:00:00Z,0.0,-65.09376,-64.052086,NaN
2018-07-13T12:00:00Z,0.0,-65.09376,-64.052086,NaN
2018-07-14T12:00:00Z,0.0,-65.09376,-64.052086,NaN
2018-07-15T12:00:00Z,0.0,-65.09376,-64.052086,NaN
2018-07-16T12:00:00Z,0.0,-65.09376,-64.052086,NaN
2018-07-17T12:00:00Z,0.0,-65.09376,-64.052086,NaN
2018-07-18T12:00:00Z,0.0,-65.09376,-64.052086,NaN
2018-07-19T12:00:00Z,0.0,-65.09376,-64.052086,NaN
2018-07-20T12:00:00Z,0.0,-65.09376,-64.052086,NaN
2018-07-21T12:00:00Z,0.0,-65.09376,-64.052086,NaN
2018-07-22T12:00:00Z,0.0,-65.09376,-64.052086,NaN
2018-07-23T12:00:00Z,0.0,-65.09376,-64.052086,NaN
2018-07-24T12:00:00Z,0.0,-65.09376,-64.052086,NaN
2018-07-25T12:00:00Z,0.0,-65.09376,-64.052086,NaN
2018-07-26T12:00:00Z,0.0,-65.09376,-64.052086,NaN
2018-07-27T12:00:00Z,0.0,-65.09376,-64.052086,NaN
2018-07-28T12:00:00Z,0.0,-65.09376,-64.052086,NaN
2018-07-29T12:00:00Z,0.0,-65.09376,-64.052086,NaN
2018-07-30T12:00:00Z,0.0,-65.09376,-64.052086,NaN
2018-07-31T12:00:00Z,0.0,-65.09376,-64.052086,NaN
2018-08-01T12:00:00Z,0.0,-65.09376,-64.052086,NaN
2018-08-02T12:00:00Z,0.0,-65.09376,-64.052086,NaN
2018-08-03T12:00:00Z,0.0,-65.09376,-64.052086,NaN
2018-08-04T12:00:00Z,0.0,-65.09376,-64.052086,NaN
2018-08-05T12:00:00Z,0.0,-65.09376,-64.052086,NaN
2018-08-06T12:00:00Z,0.0,-65.09376,-64.052086,NaN
2018-08-07T12:00:00Z,0.0,-65.09376,-64.052086,NaN
2018-08-08T12:00:00Z,0.0,-65.09376,-64.052086,NaN
2018-08-09T12:00:00Z,0.0,-65.09376,-64.052086,NaN
2018-08-10T12:00:00Z,0.0,-65.09376,-64.052086,NaN
2018-08-11T12:00:00Z,0.0,-65.09376,-64.052086,NaN
2018-08-12T12:00:00Z,0.0,-65.09376,-64.052086,NaN
2018-08-13T12:00:00Z,0.0,-65.09376,-64.052086,NaN
2018-08-14T12:00:00Z,0.0,-65.09376,-64.052086,NaN
2018-08-15T12:00:00Z,0.0,-65.09376,-64.052086,NaN
2018-08-16T12:00:00Z,0.0,-65.09376,-64.052086,NaN
2018-08-17T12:00:00Z,0.0,-65.09376,-64.052086,NaN
2018-08-18T12:00:00Z,0.0,-65.09376,-64.052086,NaN
2018-08-19T12:00:00Z,0.0,-65.09376,-64.052086,NaN
2018-08-20T12:00:00Z,0.0,-65.09376,-64.052086,NaN
2018-08-21T12:00:00Z,0.0,-65.09376,-64.052086,NaN
2018-08-22T12:00:00Z,0.0,-65.09376,-64.052086,NaN
2018-08-23T12:00:00Z,0.0,-65.09376,-64.052086,NaN
2018-08-24T12:00:00Z,0.0,-65.09376,-64.052086,NaN
2018-08-25T12:00:00Z,0.0,-65.09376,-64.052086,NaN
2018-08-26T12:00:00Z,0.0,-65.09376,-64.052086,NaN
2018-08-27T12:00:00Z,0.0,-65.09376,-64.052086,NaN
2018-08-28T12:00:00Z,0.0,-65.09376,-64.052086,NaN
2018-08-29T12:00:00Z,0.0,-65.09376,-64.052086,NaN
2018-08-30T12:00:00Z,0.0,-65.09376,-64.052086,NaN
2018-08-31T12:00:00Z,0.0,-65.09376,-64.052086,NaN
2018-09-01T12:00:00Z,0.0,-65.09376,-64.052086,NaN
2018-09-02T12:00:00Z,0.0,-65.09376,-64.052086,NaN
2018-09-03T12:00:00Z,0.0,-65.09376,-64.052086,NaN
2018-09-04T12:00:00Z,0.0,-65.09376,-64.052086,NaN
2018-09-05T12:00:00Z,0.0,-65.09376,-64.052086,NaN
2018-09-06T12:00:00Z,0.0,-65.09376,-64.052086,NaN
2018-09-07T12:00:00Z,0.0,-65.09376,-64.052086,NaN
2018-09-08T12:00:00Z,0.0,-65.09376,-64.052086,NaN
2018-09-09T12:00:00Z,0.0,-65.09376,-64.052086,NaN
2018-09-10T12:00:00Z,0.0,-65.09376,-64.052086,NaN
2018-09-11T12:00:00Z,0.0,-65.09376,-64.052086,NaN
2018-09-12T12:00:00Z,0.0,-65.09376,-64.052086,NaN
2018-09-13T12:00:00Z,0.0,-65.09376,-64.052086,NaN
2018-09-14T12:00:00Z,0.0,-65.09376,-64.052086,NaN
2018-09-15T12:00:00Z,0.0,-65.09376,-64.052086,NaN
2018-09-16T12:00:00Z,0.0,-65.09376,-64.052086,NaN
2018-09-17T12:00:00Z,0.0,-65.09376,-64.052086,NaN
2018-09-18T12:00:00Z,0.0,-65.09376,-64.052086,NaN
2018-09-19T12:00:00Z,0.0,-65.09376,-64.052086,NaN
2018-09-20T12:00:00Z,0.0,-65.09376,-64.052086,NaN
2018-09-21T12:00:00Z,0.0,-65.09376,-64.052086,NaN
2018-09-22T12:00:00Z,0.0,-65.09376,-64.052086,NaN
2018-09-23T12:00:00Z,0.0,-65.09376,-64.052086,NaN
2018-09-24T12:00:00Z,0.0,-65.09376,-64.052086,NaN
2018-09-25T12:00:00Z,0.0,-65.09376,-64.052086,NaN
2018-09-26T12:00:00Z,0.0,-65.09376,-64.052086,NaN
2018-09-27T12:00:00Z,0.0,-65.09376,-64.052086,NaN
2018-09-28T12:00:00Z,0.0,-65.09376,-64.052086,NaN
2018-09-29T12:00:00Z,0.0,-65.09376,-64.052086,NaN
2018-09-30T12:00:00Z,0.0,-65.09376,-64.052086,NaN
2018-10-01T12:00:00Z,0.0,-65.09376,-64.052086,NaN
2018-10-02T12:00:00Z,0.0,-65.09376,-64.052086,NaN
2018-10-03T12:00:00Z,0.0,-65.09376,-64.052086,NaN
2018-10-04T12:00:00Z,0.0,-65.09376,-64.052086,NaN
2018-10-05T12:00:00Z,0.0,-65.09376,-64.052086,NaN
2018-10-06T12:00:00Z,0.0,-65.09376,-64.052086,NaN
2018-10-07T12:00:00Z,0.0,-65.09376,-64.052086,NaN
2018-10-08T12:00:00Z,0.0,-65.09376,-64.052086,NaN
2018-10-09T12:00:00Z,0.0,-65.09376,-64.052086,NaN
2018-10-10T12:00:00Z,0.0,-65.09376,-64.052086,NaN
2018-10-11T12:00:00Z,0.0,-65.09376,-64.052086,NaN
2018-10-12T12:00:00Z,0.0,-65.09376,-64.052086,NaN
2018-10-13T12:00:00Z,0.0,-65.09376,-64.052086,NaN
2018-10-14T12:00:00Z,0.0,-65.09376,-64.052086,NaN
2018-10-15T12:00:00Z,0.0,-65.09376,-64.052086,NaN
2018-10-16T12:00:00Z,0.0,-65.09376,-64.052086,NaN
2018-10-17T12:00:00Z,0.0,-65.09376,-64.052086,NaN
2018-10-18T12:00:00Z,0.0,-65.09376,-64.052086,NaN
2018-10-19T12:00:00Z,0.0,-65.09376,-64.052086,NaN
2018-10-20T12:00:00Z,0.0,-65.09376,-64.052086,NaN
2018-10-21T12:00:00Z,0.0,-65.09376,-64.052086,NaN
2018-10-22T12:00:00Z,0.0,-65.09376,-64.052086,0.1576725
2018-10-23T12:00:00Z,0.0,-65.09376,-64.052086,0.16102645
2018-10-24T12:00:00Z,0.0,-65.09376,-64.052086,0.15560126
2018-10-25T12:00:00Z,0.0,-65.09376,-64.052086,0.15747546
2018-10-26T12:00:00Z,0.0,-65.09376,-64.052086,0.15610401
2018-10-27T12:00:00Z,0.0,-65.09376,-64.052086,0.15112469
2018-10-28T12:00:00Z,0.0,-65.09376,-64.052086,0.15902306
2018-10-29T12:00:00Z,0.0,-65.09376,-64.052086,0.15916058
2018-10-30T12:00:00Z,0.0,-65.09376,-64.052086,0.121207915
2018-10-31T12:00:00Z,0.0,-65.09376,-64.052086,0.15744294
2018-11-01T12:00:00Z,0.0,-65.09376,-64.052086,0.15711854
2018-11-02T12:00:00Z,0.0,-65.09376,-64.052086,0.17363407
2018-11-03T12:00:00Z,0.0,-65.09376,-64.052086,0.17337888
2018-11-04T12:00:00Z,0.0,-65.09376,-64.052086,0.16247536
2018-11-05T12:00:00Z,0.0,-65.09376,-64.052086,0.1741129
2018-11-06T12:00:00Z,0.0,-65.09376,-64.052086,0.15783378
2018-11-07T12:00:00Z,0.0,-65.09376,-64.052086,0.15719275
2018-11-08T12:00:00Z,0.0,-65.09376,-64.052086,0.15643242
2018-11-09T12:00:00Z,0.0,-65.09376,-64.052086,0.14006545
2018-11-10T12:00:00Z,0.0,-65.09376,-64.052086,0.15785481
2018-11-11T12:00:00Z,0.0,-65.09376,-64.052086,0.13789064
2018-11-12T12:00:00Z,0.0,-65.09376,-64.052086,0.13849606
2018-11-13T12:00:00Z,0.0,-65.09376,-64.052086,0.11853815
2018-11-14T12:00:00Z,0.0,-65.09376,-64.052086,0.14017648
2018-11-15T12:00:00Z,0.0,-65.09376,-64.052086,0.1467711
2018-11-16T12:00:00Z,0.0,-65.09376,-64.052086,0.1337992
2018-11-17T12:00:00Z,0.0,-65.09376,-64.052086,0.14446348
2018-11-18T12:00:00Z,0.0,-65.09376,-64.052086,0.15203111
2018-11-19T12:00:00Z,0.0,-65.09376,-64.052086,0.14343847
2018-11-20T12:00:00Z,0.0,-65.09376,-64.052086,0.14988059
2018-11-21T12:00:00Z,0.0,-65.09376,-64.052086,0.16264893
2018-11-22T12:00:00Z,0.0,-65.09376,-64.052086,0.16693561
2018-11-23T12:00:00Z,0.0,-65.09376,-64.052086,0.15644187
2018-11-24T12:00:00Z,0.0,-65.09376,-64.052086,0.16425465
2018-11-25T12:00:00Z,0.0,-65.09376,-64.052086,0.1809467
2018-11-26T12:00:00Z,0.0,-65.09376,-64.052086,0.18999903
2018-11-27T12:00:00Z,0.0,-65.09376,-64.052086,0.19026417
2018-11-28T12:00:00Z,0.0,-65.09376,-64.052086,0.18643758
2018-11-29T12:00:00Z,0.0,-65.09376,-64.052086,0.18584853
2018-11-30T12:00:00Z,0.0,-65.09376,-64.052086,0.1920637
2018-12-01T12:00:00Z,0.0,-65.09376,-64.052086,0.19092329
2018-12-02T12:00:00Z,0.0,-65.09376,-64.052086,0.16138269
2018-12-03T12:00:00Z,0.0,-65.09376,-64.052086,0.15373237
2018-12-04T12:00:00Z,0.0,-65.09376,-64.052086,0.15312144
2018-12-05T12:00:00Z,0.0,-65.09376,-64.052086,0.20097066
2018-12-06T12:00:00Z,0.0,-65.09376,-64.052086,0.1781664
2018-12-07T12:00:00Z,0.0,-65.09376,-64.052086,0.19351229
2018-12-08T12:00:00Z,0.0,-65.09376,-64.052086,0.19130723
2018-12-09T12:00:00Z,0.0,-65.09376,-64.052086,0.1671062
2018-12-10T12:00:00Z,0.0,-65.09376,-64.052086,0.20766841
2018-12-11T12:00:00Z,0.0,-65.09376,-64.052086,0.21727248
2018-12-12T12:00:00Z,0.0,-65.09376,-64.052086,0.22260961
2018-12-13T12:00:00Z,0.0,-65.09376,-64.052086,0.22524765
2018-12-14T12:00:00Z,0.0,-65.09376,-64.052086,0.22662508
2018-12-15T12:00:00Z,0.0,-65.09376,-64.052086,0.24377479
2018-12-16T12:00:00Z,0.0,-65.09376,-64.052086,0.2624604
2018-12-17T12:00:00Z,0.0,-65.09376,-64.052086,0.31063625
2018-12-18T12:00:00Z,0.0,-65.09376,-64.052086,0.32416463
2018-12-19T12:00:00Z,0.0,-65.09376,-64.052086,0.32086182
2018-12-20T12:00:00Z,0.0,-65.09376,-64.052086,0.31177646
2018-12-21T12:00:00Z,0.0,-65.09376,-64.052086,0.30848488
2018-12-22T12:00:00Z,0.0,-65.09376,-64.052086,0.31885478
2018-12-23T12:00:00Z,0.0,-65.09376,-64.052086,0.33210364
2018-12-24T12:00:00Z,0.0,-65.09376,-64.052086,0.33955032
2018-12-25T12:00:00Z,0.0,-65.09376,-64.052086,0.32312205
2018-12-26T12:00:00Z,0.0,-65.09376,-64.052086,0.28277394
2018-12-27T12:00:00Z,0.0,-65.09376,-64.052086,0.33721542
2018-12-28T12:00:00Z,0.0,-65.09376,-64.052086,0.33298397
2018-12-29T12:00:00Z,0.0,-65.09376,-64.052086,0.3540402
2018-12-30T12:00:00Z,0.0,-65.09376,-64.052086,0.33295637
2018-12-31T12:00:00Z,0.0,-65.09376,-64.052086,0.3233774
2019-01-01T12:00:00Z,0.0,-65.09376,-64.052086,0.31282577
2019-01-02T12:00:00Z,0.0,-65.09376,-64.052086,0.38007215
2019-01-03T12:00:00Z,0.0,-65.09376,-64.052086,0.34951016
2019-01-04T12:00:00Z,0.0,-65.09376,-64.052086,0.35933948
2019-01-05T12:00:00Z,0.0,-65.09376,-64.052086,0.36555967
2019-01-06T12:00:00Z,0.0,-65.09376,-64.052086,0.42181078
2019-01-07T12:00:00Z,0.0,-65.09376,-64.052086,0.4168005
2019-01-08T12:00:00Z,0.0,-65.09376,-64.052086,0.44327137
2019-01-09T12:00:00Z,0.0,-65.09376,-64.052086,0.47506553
2019-01-10T12:00:00Z,0.0,-65.09376,-64.052086,0.48121366
2019-01-11T12:00:00Z,0.0,-65.09376,-64.052086,0.5160541
2019-01-12T12:00:00Z,0.0,-65.09376,-64.052086,0.59680027
2019-01-13T12:00:00Z,0.0,-65.09376,-64.052086,0.60889
2019-01-14T12:00:00Z,0.0,-65.09376,-64.052086,0.59258837
2019-01-15T12:00:00Z,0.0,-65.09376,-64.052086,0.59165233
2019-01-16T12:00:00Z,0.0,-65.09376,-64.052086,0.6506453
2019-01-17T12:00:00Z,0.0,-65.09376,-64.052086,0.66278595
2019-01-18T12:00:00Z,0.0,-65.09376,-64.052086,0.7052416
2019-01-19T12:00:00Z,0.0,-65.09376,-64.052086,0.6605932
2019-01-20T12:00:00Z,0.0,-65.09376,-64.052086,0.67936695
2019-01-21T12:00:00Z,0.0,-65.09376,-64.052086,0.7207267
2019-01-22T12:00:00Z,0.0,-65.09376,-64.052086,0.77231526
2019-01-23T12:00:00Z,0.0,-65.09376,-64.052086,0.77902335
2019-01-24T12:00:00Z,0.0,-65.09376,-64.052086,0.7492767
2019-01-25T12:00:00Z,0.0,-65.09376,-64.052086,0.85505074
2019-01-26T12:00:00Z,0.0,-65.09376,-64.052086,0.7603262
2019-01-27T12:00:00Z,0.0,-65.09376,-64.052086,0.7810386
2019-01-28T12:00:00Z,0.0,-65.09376,-64.052086,0.8131407
2019-01-29T12:00:00Z,0.0,-65.09376,-64.052086,0.86789364
2019-01-30T12:00:00Z,0.0,-65.09376,-64.052086,0.95645124
2019-01-31T12:00:00Z,0.0,-65.09376,-64.052086,0.8791045
2019-02-01T12:00:00Z,0.0,-65.09376,-64.052086,0.67582333
2019-02-02T12:00:00Z,0.0,-65.09376,-64.052086,0.69155383
2019-02-03T12:00:00Z,0.0,-65.09376,-64.052086,0.5814601
2019-02-04T12:00:00Z,0.0,-65.09376,-64.052086,0.5530973
2019-02-05T12:00:00Z,0.0,-65.09376,-64.052086,0.46105573
2019-02-06T12:00:00Z,0.0,-65.09376,-64.052086,0.4629649
2019-02-07T12:00:00Z,0.0,-65.09376,-64.052086,0.6078252
2019-02-08T12:00:00Z,0.0,-65.09376,-64.052086,0.5670578
2019-02-09T12:00:00Z,0.0,-65.09376,-64.052086,0.6559469
2019-02-10T12:00:00Z,0.0,-65.09376,-64.052086,0.44453984
2019-02-11T12:00:00Z,0.0,-65.09376,-64.052086,0.33974728
2019-02-12T12:00:00Z,0.0,-65.09376,-64.052086,0.38624126
2019-02-13T12:00:00Z,0.0,-65.09376,-64.052086,0.4021922
2019-02-14T12:00:00Z,0.0,-65.09376,-64.052086,0.34038153
2019-02-15T12:00:00Z,0.0,-65.09376,-64.052086,0.344502
2019-02-16T12:00:00Z,0.0,-65.09376,-64.052086,0.30374995
2019-02-17T12:00:00Z,0.0,-65.09376,-64.052086,0.29803213
2019-02-18T12:00:00Z,0.0,-65.09376,-64.052086,0.2584306
2019-02-19T12:00:00Z,0.0,-65.09376,-64.052086,0.24113874
2019-02-20T12:00:00Z,0.0,-65.09376,-64.052086,0.23439431
2019-02-21T12:00:00Z,0.0,-65.09376,-64.052086,0.23226896
2019-02-22T12:00:00Z,0.0,-65.09376,-64.052086,0.25640923
2019-02-23T12:00:00Z,0.0,-65.09376,-64.052086,0.23129354
2019-02-24T12:00:00Z,0.0,-65.09376,-64.052086,0.211254
2019-02-25T12:00:00Z,0.0,-65.09376,-64.052086,0.22308056
2019-02-26T12:00:00Z,0.0,-65.09376,-64.052086,0.19973117
2019-02-27T12:00:00Z,0.0,-65.09376,-64.052086,0.21883425
2019-02-28T12:00:00Z,0.0,-65.09376,-64.052086,0.22933243
2019-03-01T12:00:00Z,0.0,-65.09376,-64.052086,0.20563789
2019-03-02T12:00:00Z,0.0,-65.09376,-64.052086,0.20556156
2019-03-03T12:00:00Z,0.0,-65.09376,-64.052086,0.21900512
2019-03-04T12:00:00Z,0.0,-65.09376,-64.052086,0.2168295
2019-03-05T12:00:00Z,0.0,-65.09376,-64.052086,0.22100216
2019-03-06T12:00:00Z,0.0,-65.09376,-64.052086,0.22313485
2019-03-07T12:00:00Z,0.0,-65.09376,-64.052086,0.20413294
2019-03-08T12:00:00Z,0.0,-65.09376,-64.052086,0.2076499
2019-03-09T12:00:00Z,0.0,-65.09376,-64.052086,0.25305855
2019-03-10T12:00:00Z,0.0,-65.09376,-64.052086,0.25591066
2019-03-11T12:00:00Z,0.0,-65.09376,-64.052086,0.28380868
2019-03-12T12:00:00Z,0.0,-65.09376,-64.052086,0.28336617
2019-03-13T12:00:00Z,0.0,-65.09376,-64.052086,NaN
2019-03-14T12:00:00Z,0.0,-65.09376,-64.052086,NaN
2019-03-15T12:00:00Z,0.0,-65.09376,-64.052086,NaN
2019-03-16T12:00:00Z,0.0,-65.09376,-64.052086,NaN
2019-03-17T12:00:00Z,0.0,-65.09376,-64.052086,NaN
2019-03-18T12:00:00Z,0.0,-65.09376,-64.052086,NaN
2019-03-19T12:00:00Z,0.0,-65.09376,-64.052086,NaN
2019-03-20T12:00:00Z,0.0,-65.09376,-64.052086,NaN
2019-03-21T12:00:00Z,0.0,-65.09376,-64.052086,NaN
2019-03-22T12:00:00Z,0.0,-65.09376,-64.052086,NaN
2019-03-23T12:00:00Z,0.0,-65.09376,-64.052086,NaN
2019-03-24T12:00:00Z,0.0,-65.09376,-64.052086,NaN
2019-03-25T12:00:00Z,0.0,-65.09376,-64.052086,NaN
2019-03-26T12:00:00Z,0.0,-65.09376,-64.052086,NaN
2019-03-27T12:00:00Z,0.0,-65.09376,-64.052086,NaN
2019-03-28T12:00:00Z,0.0,-65.09376,-64.052086,NaN
2019-03-29T12:00:00Z,0.0,-65.09376,-64.052086,NaN
2019-03-30T12:00:00Z,0.0,-65.09376,-64.052086,NaN
2019-03-31T12:00:00Z,0.0,-65.09376,-64.052086,NaN
2019-04-01T12:00:00Z,0.0,-65.09376,-64.052086,NaN
2019-04-02T12:00:00Z,0.0,-65.09376,-64.052086,NaN
2019-04-03T12:00:00Z,0.0,-65.09376,-64.052086,NaN
2019-04-04T12:00:00Z,0.0,-65.09376,-64.052086,NaN
2019-04-05T12:00:00Z,0.0,-65.09376,-64.052086,NaN
2019-04-06T12:00:00Z,0.0,-65.09376,-64.052086,NaN
2019-04-07T12:00:00Z,0.0,-65.09376,-64.052086,NaN
2019-04-08T12:00:00Z,0.0,-65.09376,-64.052086,NaN
2019-04-09T12:00:00Z,0.0,-65.09376,-64.052086,NaN
2019-04-10T12:00:00Z,0.0,-65.09376,-64.052086,NaN
2019-04-11T12:00:00Z,0.0,-65.09376,-64.052086,NaN
2019-04-12T12:00:00Z,0.0,-65.09376,-64.052086,NaN
2019-04-13T12:00:00Z,0.0,-65.09376,-64.052086,NaN
2019-04-14T12:00:00Z,0.0,-65.09376,-64.052086,NaN
2019-04-15T12:00:00Z,0.0,-65.09376,-64.052086,NaN
2019-04-16T12:00:00Z,0.0,-65.09376,-64.052086,NaN
2019-04-17T12:00:00Z,0.0,-65.09376,-64.052086,NaN
2019-04-18T12:00:00Z,0.0,-65.09376,-64.052086,NaN
2019-04-19T12:00:00Z,0.0,-65.09376,-64.052086,NaN
2019-04-20T12:00:00Z,0.0,-65.09376,-64.052086,NaN
2019-04-21T12:00:00Z,0.0,-65.09376,-64.052086,NaN
2019-04-22T12:00:00Z,0.0,-65.09376,-64.052086,NaN
2019-04-23T12:00:00Z,0.0,-65.09376,-64.052086,NaN
2019-04-24T12:00:00Z,0.0,-65.09376,-64.052086,NaN
2019-04-25T12:00:00Z,0.0,-65.09376,-64.052086,NaN
2019-04-26T12:00:00Z,0.0,-65.09376,-64.052086,NaN
2019-04-27T12:00:00Z,0.0,-65.09376,-64.052086,NaN
2019-04-28T12:00:00Z,0.0,-65.09376,-64.052086,NaN
2019-04-29T12:00:00Z,0.0,-65.09376,-64.052086,NaN
2019-04-30T12:00:00Z,0.0,-65.09376,-64.052086,NaN
2019-05-01T12:00:00Z,0.0,-65.09376,-64.052086,NaN
2019-05-02T12:00:00Z,0.0,-65.09376,-64.052086,NaN
2019-05-03T12:00:00Z,0.0,-65.09376,-64.052086,NaN
2019-05-04T12:00:00Z,0.0,-65.09376,-64.052086,NaN
2019-05-05T12:00:00Z,0.0,-65.09376,-64.052086,NaN
2019-05-06T12:00:00Z,0.0,-65.09376,-64.052086,NaN
2019-05-07T12:00:00Z,0.0,-65.09376,-64.052086,NaN
2019-05-08T12:00:00Z,0.0,-65.09376,-64.052086,NaN
2019-05-09T12:00:00Z,0.0,-65.09376,-64.052086,NaN
2019-05-10T12:00:00Z,0.0,-65.09376,-64.052086,NaN
2019-05-11T12:00:00Z,0.0,-65.09376,-64.052086,NaN
2019-05-12T12:00:00Z,0.0,-65.09376,-64.052086,NaN
2019-05-13T12:00:00Z,0.0,-65.09376,-64.052086,NaN
2019-05-14T12:00:00Z,0.0,-65.09376,-64.052086,NaN
2019-05-15T12:00:00Z,0.0,-65.09376,-64.052086,NaN
2019-05-16T12:00:00Z,0.0,-65.09376,-64.052086,NaN
2019-05-17T12:00:00Z,0.0,-65.09376,-64.052086,NaN
2019-05-18T12:00:00Z,0.0,-65.09376,-64.052086,NaN
2019-05-19T12:00:00Z,0.0,-65.09376,-64.052086,NaN
2019-05-20T12:00:00Z,0.0,-65.09376,-64.052086,NaN
2019-05-21T12:00:00Z,0.0,-65.09376,-64.052086,NaN
2019-05-22T12:00:00Z,0.0,-65.09376,-64.052086,NaN
2019-05-23T12:00:00Z,0.0,-65.09376,-64.052086,NaN
2019-05-24T12:00:00Z,0.0,-65.09376,-64.052086,NaN
2019-05-25T12:00:00Z,0.0,-65.09376,-64.052086,NaN
2019-05-26T12:00:00Z,0.0,-65.09376,-64.052086,NaN
2019-05-27T12:00:00Z,0.0,-65.09376,-64.052086,NaN
2019-05-28T12:00:00Z,0.0,-65.09376,-64.052086,NaN
2019-05-29T12:00:00Z,0.0,-65.09376,-64.052086,NaN
2019-05-30T12:00:00Z,0.0,-65.09376,-64.052086,NaN
2019-05-31T12:00:00Z,0.0,-65.09376,-64.052086,NaN
2019-06-01T12:00:00Z,0.0,-65.09376,-64.052086,NaN
2019-06-02T12:00:00Z,0.0,-65.09376,-64.052086,NaN
2019-06-03T12:00:00Z,0.0,-65.09376,-64.052086,NaN
2019-06-04T12:00:00Z,0.0,-65.09376,-64.052086,NaN
2019-06-05T12:00:00Z,0.0,-65.09376,-64.052086,NaN
2019-06-06T12:00:00Z,0.0,-65.09376,-64.052086,NaN
2019-06-07T12:00:00Z,0.0,-65.09376,-64.052086,NaN
2019-06-08T12:00:00Z,0.0,-65.09376,-64.052086,NaN
2019-06-09T12:00:00Z,0.0,-65.09376,-64.052086,NaN
2019-06-10T12:00:00Z,0.0,-65.09376,-64.052086,NaN
2019-06-11T12:00:00Z,0.0,-65.09376,-64.052086,NaN
2019-06-12T12:00:00Z,0.0,-65.09376,-64.052086,NaN
2019-06-13T12:00:00Z,0.0,-65.09376,-64.052086,NaN
2019-06-14T12:00:00Z,0.0,-65.09376,-64.052086,NaN
2019-06-15T12:00:00Z,0.0,-65.09376,-64.052086,NaN
2019-06-16T12:00:00Z,0.0,-65.09376,-64.052086,NaN
2019-06-17T12:00:00Z,0.0,-65.09376,-64.052086,NaN
2019-06-18T12:00:00Z,0.0,-65.09376,-64.052086,NaN
2019-06-19T12:00:00Z,0.0,-65.09376,-64.052086,NaN
2019-06-20T12:00:00Z,0.0,-65.09376,-64.052086,NaN
2019-06-21T12:00:00Z,0.0,-65.09376,-64.052086,NaN
2019-06-22T12:00:00Z,0.0,-65.09376,-64.052086,NaN
2019-06-23T12:00:00Z,0.0,-65.09376,-64.052086,NaN
2019-06-24T12:00:00Z,0.0,-65.09376,-64.052086,NaN
2019-06-25T12:00:00Z,0.0,-65.09376,-64.052086,NaN
2019-06-26T12:00:00Z,0.0,-65.09376,-64.052086,NaN
2019-06-27T12:00:00Z,0.0,-65.09376,-64.052086,NaN
2019-06-28T12:00:00Z,0.0,-65.09376,-64.052086,NaN
2019-06-29T12:00:00Z,0.0,-65.09376,-64.052086,NaN
2019-06-30T12:00:00Z,0.0,-65.09376,-64.052086,NaN
2019-07-01T12:00:00Z,0.0,-65.09376,-64.052086,NaN
2019-07-02T12:00:00Z,0.0,-65.09376,-64.052086,NaN
2019-07-03T12:00:00Z,0.0,-65.09376,-64.052086,NaN
2019-07-04T12:00:00Z,0.0,-65.09376,-64.052086,NaN
2019-07-05T12:00:00Z,0.0,-65.09376,-64.052086,NaN
2019-07-06T12:00:00Z,0.0,-65.09376,-64.052086,NaN
2019-07-07T12:00:00Z,0.0,-65.09376,-64.052086,NaN
2019-07-08T12:00:00Z,0.0,-65.09376,-64.052086,NaN
2019-07-09T12:00:00Z,0.0,-65.09376,-64.052086,NaN
2019-07-10T12:00:00Z,0.0,-65.09376,-64.052086,NaN
2019-07-11T12:00:00Z,0.0,-65.09376,-64.052086,NaN
2019-07-12T12:00:00Z,0.0,-65.09376,-64.052086,NaN
2019-07-13T12:00:00Z,0.0,-65.09376,-64.052086,NaN
2019-07-14T12:00:00Z,0.0,-65.09376,-64.052086,NaN
2019-07-15T12:00:00Z,0.0,-65.09376,-64.052086,NaN
2019-07-16T12:00:00Z,0.0,-65.09376,-64.052086,NaN
2019-07-17T12:00:00Z,0.0,-65.09376,-64.052086,NaN
2019-07-18T12:00:00Z,0.0,-65.09376,-64.052086,NaN
2019-07-19T12:00:00Z,0.0,-65.09376,-64.052086,NaN
2019-07-20T12:00:00Z,0.0,-65.09376,-64.052086,NaN
2019-07-21T12:00:00Z,0.0,-65.09376,-64.052086,NaN
2019-07-22T12:00:00Z,0.0,-65.09376,-64.052086,NaN
2019-07-23T12:00:00Z,0.0,-65.09376,-64.052086,NaN
2019-07-24T12:00:00Z,0.0,-65.09376,-64.052086,NaN
2019-07-25T12:00:00Z,0.0,-65.09376,-64.052086,NaN
2019-07-26T12:00:00Z,0.0,-65.09376,-64.052086,NaN
2019-07-27T12:00:00Z,0.0,-65.09376,-64.052086,NaN
2019-07-28T12:00:00Z,0.0,-65.09376,-64.052086,NaN
2019-07-29T12:00:00Z,0.0,-65.09376,-64.052086,NaN
2019-07-30T12:00:00Z,0.0,-65.09376,-64.052086,NaN
2019-07-31T12:00:00Z,0.0,-65.09376,-64.052086,NaN
2019-08-01T12:00:00Z,0.0,-65.09376,-64.052086,NaN
2019-08-02T12:00:00Z,0.0,-65.09376,-64.052086,NaN
2019-08-03T12:00:00Z,0.0,-65.09376,-64.052086,NaN
2019-08-04T12:00:00Z,0.0,-65.09376,-64.052086,NaN
2019-08-05T12:00:00Z,0.0,-65.09376,-64.052086,NaN
2019-08-06T12:00:00Z,0.0,-65.09376,-64.052086,NaN
2019-08-07T12:00:00Z,0.0,-65.09376,-64.052086,NaN
2019-08-08T12:00:00Z,0.0,-65.09376,-64.052086,NaN
2019-08-09T12:00:00Z,0.0,-65.09376,-64.052086,NaN
2019-08-10T12:00:00Z,0.0,-65.09376,-64.052086,NaN
2019-08-11T12:00:00Z,0.0,-65.09376,-64.052086,NaN
2019-08-12T12:00:00Z,0.0,-65.09376,-64.052086,NaN
2019-08-13T12:00:00Z,0.0,-65.09376,-64.052086,NaN
2019-08-14T12:00:00Z,0.0,-65.09376,-64.052086,NaN
2019-08-15T12:00:00Z,0.0,-65.09376,-64.052086,NaN
2019-08-16T12:00:00Z,0.0,-65.09376,-64.052086,NaN
2019-08-17T12:00:00Z,0.0,-65.09376,-64.052086,NaN
2019-08-18T12:00:00Z,0.0,-65.09376,-64.052086,NaN
2019-08-19T12:00:00Z,0.0,-65.09376,-64.052086,NaN
2019-08-20T12:00:00Z,0.0,-65.09376,-64.052086,NaN
2019-08-21T12:00:00Z,0.0,-65.09376,-64.052086,NaN
2019-08-22T12:00:00Z,0.0,-65.09376,-64.052086,NaN
2019-08-23T12:00:00Z,0.0,-65.09376,-64.052086,NaN
2019-08-24T12:00:00Z,0.0,-65.09376,-64.052086,NaN
2019-08-25T12:00:00Z,0.0,-65.09376,-64.052086,NaN
2019-08-26T12:00:00Z,0.0,-65.09376,-64.052086,NaN
2019-08-27T12:00:00Z,0.0,-65.09376,-64.052086,NaN
2019-08-28T12:00:00Z,0.0,-65.09376,-64.052086,NaN
2019-08-29T12:00:00Z,0.0,-65.09376,-64.052086,NaN
2019-08-30T12:00:00Z,0.0,-65.09376,-64.052086,NaN
2019-08-31T12:00:00Z,0.0,-65.09376,-64.052086,NaN
2019-09-01T12:00:00Z,0.0,-65.09376,-64.052086,NaN
2019-09-02T12:00:00Z,0.0,-65.09376,-64.052086,NaN
2019-09-03T12:00:00Z,0.0,-65.09376,-64.052086,NaN
2019-09-04T12:00:00Z,0.0,-65.09376,-64.052086,NaN
2019-09-05T12:00:00Z,0.0,-65.09376,-64.052086,NaN
2019-09-06T12:00:00Z,0.0,-65.09376,-64.052086,NaN
2019-09-07T12:00:00Z,0.0,-65.09376,-64.052086,NaN
2019-09-08T12:00:00Z,0.0,-65.09376,-64.052086,NaN
2019-09-09T12:00:00Z,0.0,-65.09376,-64.052086,NaN
2019-09-10T12:00:00Z,0.0,-65.09376,-64.052086,NaN
2019-09-11T12:00:00Z,0.0,-65.09376,-64.052086,NaN
2019-09-12T12:00:00Z,0.0,-65.09376,-64.052086,NaN
2019-09-13T12:00:00Z,0.0,-65.09376,-64.052086,NaN
2019-09-14T12:00:00Z,0.0,-65.09376,-64.052086,NaN
2019-09-15T12:00:00Z,0.0,-65.09376,-64.052086,NaN
2019-09-16T12:00:00Z,0.0,-65.09376,-64.052086,NaN
2019-09-17T12:00:00Z,0.0,-65.09376,-64.052086,NaN
2019-09-18T12:00:00Z,0.0,-65.09376,-64.052086,NaN
2019-09-19T12:00:00Z,0.0,-65.09376,-64.052086,NaN
2019-09-20T12:00:00Z,0.0,-65.09376,-64.052086,NaN
2019-09-21T12:00:00Z,0.0,-65.09376,-64.052086,NaN
2019-09-22T12:00:00Z,0.0,-65.09376,-64.052086,NaN
2019-09-23T12:00:00Z,0.0,-65.09376,-64.052086,NaN
2019-09-24T12:00:00Z,0.0,-65.09376,-64.052086,NaN
2019-09-25T12:00:00Z,0.0,-65.09376,-64.052086,NaN
2019-09-26T12:00:00Z,0.0,-65.09376,-64.052086,NaN
2019-09-27T12:00:00Z,0.0,-65.09376,-64.052086,NaN
2019-09-28T12:00:00Z,0.0,-65.09376,-64.052086,NaN
2019-09-29T12:00:00Z,0.0,-65.09376,-64.052086,NaN
2019-09-30T12:00:00Z,0.0,-65.09376,-64.052086,NaN
2019-10-01T12:00:00Z,0.0,-65.09376,-64.052086,NaN
2019-10-02T12:00:00Z,0.0,-65.09376,-64.052086,NaN
2019-10-03T12:00:00Z,0.0,-65.09376,-64.052086,NaN
2019-10-04T12:00:00Z,0.0,-65.09376,-64.052086,NaN
2019-10-05T12:00:00Z,0.0,-65.09376,-64.052086,NaN
2019-10-06T12:00:00Z,0.0,-65.09376,-64.052086,NaN
2019-10-07T12:00:00Z,0.0,-65.09376,-64.052086,NaN
2019-10-08T12:00:00Z,0.0,-65.09376,-64.052086,NaN
2019-10-09T12:00:00Z,0.0,-65.09376,-64.052086,NaN
2019-10-10T12:00:00Z,0.0,-65.09376,-64.052086,NaN
2019-10-11T12:00:00Z,0.0,-65.09376,-64.052086,NaN
2019-10-12T12:00:00Z,0.0,-65.09376,-64.052086,NaN
2019-10-13T12:00:00Z,0.0,-65.09376,-64.052086,NaN
2019-10-14T12:00:00Z,0.0,-65.09376,-64.052086,NaN
2019-10-15T12:00:00Z,0.0,-65.09376,-64.052086,NaN
2019-10-16T12:00:00Z,0.0,-65.09376,-64.052086,NaN
2019-10-17T12:00:00Z,0.0,-65.09376,-64.052086,NaN
2019-10-18T12:00:00Z,0.0,-65.09376,-64.052086,NaN
2019-10-19T12:00:00Z,0.0,-65.09376,-64.052086,NaN
2019-10-20T12:00:00Z,0.0,-65.09376,-64.052086,NaN
2019-10-21T12:00:00Z,0.0,-65.09376,-64.052086,NaN
2019-10-22T12:00:00Z,0.0,-65.09376,-64.052086,0.08770808
2019-10-23T12:00:00Z,0.0,-65.09376,-64.052086,0.08329714
2019-10-24T12:00:00Z,0.0,-65.09376,-64.052086,0.08135266
2019-10-25T12:00:00Z,0.0,-65.09376,-64.052086,0.07529424
2019-10-26T12:00:00Z,0.0,-65.09376,-64.052086,0.07323965
2019-10-27T12:00:00Z,0.0,-65.09376,-64.052086,0.07627239
2019-10-28T12:00:00Z,0.0,-65.09376,-64.052086,0.054297265
2019-10-29T12:00:00Z,0.0,-65.09376,-64.052086,0.056661967
2019-10-30T12:00:00Z,0.0,-65.09376,-64.052086,0.04376721
2019-10-31T12:00:00Z,0.0,-65.09376,-64.052086,0.062790975
2019-11-01T12:00:00Z,0.0,-65.09376,-64.052086,0.061045077
2019-11-02T12:00:00Z,0.0,-65.09376,-64.052086,0.056677025
2019-11-03T12:00:00Z,0.0,-65.09376,-64.052086,0.06588396
2019-11-04T12:00:00Z,0.0,-65.09376,-64.052086,0.060191635
2019-11-05T12:00:00Z,0.0,-65.09376,-64.052086,0.08766178
2019-11-06T12:00:00Z,0.0,-65.09376,-64.052086,0.055945884
2019-11-07T12:00:00Z,0.0,-65.09376,-64.052086,0.1267911
2019-11-08T12:00:00Z,0.0,-65.09376,-64.052086,0.13306649
2019-11-09T12:00:00Z,0.0,-65.09376,-64.052086,0.12770207
2019-11-10T12:00:00Z,0.0,-65.09376,-64.052086,0.10732211
2019-11-11T12:00:00Z,0.0,-65.09376,-64.052086,0.101370856
2019-11-12T12:00:00Z,0.0,-65.09376,-64.052086,0.081597656
2019-11-13T12:00:00Z,0.0,-65.09376,-64.052086,0.06972144
2019-11-14T12:00:00Z,0.0,-65.09376,-64.052086,0.087365456
2019-11-15T12:00:00Z,0.0,-65.09376,-64.052086,0.058653116
2019-11-16T12:00:00Z,0.0,-65.09376,-64.052086,0.058014464
2019-11-17T12:00:00Z,0.0,-65.09376,-64.052086,0.055282425
2019-11-18T12:00:00Z,0.0,-65.09376,-64.052086,0.09993915
2019-11-19T12:00:00Z,0.0,-65.09376,-64.052086,0.18167822
2019-11-20T12:00:00Z,0.0,-65.09376,-64.052086,0.18306601
2019-11-21T12:00:00Z,0.0,-65.09376,-64.052086,0.15763776
2019-11-22T12:00:00Z,0.0,-65.09376,-64.052086,0.15475722
2019-11-23T12:00:00Z,0.0,-65.09376,-64.052086,0.15991534
2019-11-24T12:00:00Z,0.0,-65.09376,-64.052086,0.17984752
2019-11-25T12:00:00Z,0.0,-65.09376,-64.052086,0.182577
2019-11-26T12:00:00Z,0.0,-65.09376,-64.052086,0.19207272
2019-11-27T12:00:00Z,0.0,-65.09376,-64.052086,0.17771967
2019-11-28T12:00:00Z,0.0,-65.09376,-64.052086,0.17048767
2019-11-29T12:00:00Z,0.0,-65.09376,-64.052086,0.19878364
2019-11-30T12:00:00Z,0.0,-65.09376,-64.052086,0.19017594
2019-12-01T12:00:00Z,0.0,-65.09376,-64.052086,0.18985493
2019-12-02T12:00:00Z,0.0,-65.09376,-64.052086,0.1974357
2019-12-03T12:00:00Z,0.0,-65.09376,-64.052086,0.20319207
2019-12-04T12:00:00Z,0.0,-65.09376,-64.052086,0.059689585
2019-12-05T12:00:00Z,0.0,-65.09376,-64.052086,0.07278711
2019-12-06T12:00:00Z,0.0,-65.09376,-64.052086,0.080537066
2019-12-07T12:00:00Z,0.0,-65.09376,-64.052086,0.11603072
2019-12-08T12:00:00Z,0.0,-65.09376,-64.052086,NaN
2019-12-09T12:00:00Z,0.0,-65.09376,-64.052086,0.09531357
2019-12-10T12:00:00Z,0.0,-65.09376,-64.052086,0.18618193
2019-12-11T12:00:00Z,0.0,-65.09376,-64.052086,0.1979424
2019-12-12T12:00:00Z,0.0,-65.09376,-64.052086,0.19803192
2019-12-13T12:00:00Z,0.0,-65.09376,-64.052086,0.20897636
2019-12-14T12:00:00Z,0.0,-65.09376,-64.052086,0.2597583
2019-12-15T12:00:00Z,0.0,-65.09376,-64.052086,0.32243702
2019-12-16T12:00:00Z,0.0,-65.09376,-64.052086,0.33154538
2019-12-17T12:00:00Z,0.0,-65.09376,-64.052086,0.3027277
2019-12-18T12:00:00Z,0.0,-65.09376,-64.052086,0.37358883
2019-12-19T12:00:00Z,0.0,-65.09376,-64.052086,0.44558454
2019-12-20T12:00:00Z,0.0,-65.09376,-64.052086,0.5019362
2019-12-21T12:00:00Z,0.0,-65.09376,-64.052086,0.45434424
2019-12-22T12:00:00Z,0.0,-65.09376,-64.052086,0.46003845
2019-12-23T12:00:00Z,0.0,-65.09376,-64.052086,0.44913697
2019-12-24T12:00:00Z,0.0,-65.09376,-64.052086,0.5101913
2019-12-25T12:00:00Z,0.0,-65.09376,-64.052086,0.5486126
2019-12-26T12:00:00Z,0.0,-65.09376,-64.052086,0.60754436
2019-12-27T12:00:00Z,0.0,-65.09376,-64.052086,0.51484776
2019-12-28T12:00:00Z,0.0,-65.09376,-64.052086,0.43847218
2019-12-29T12:00:00Z,0.0,-65.09376,-64.052086,0.43407437
2019-12-30T12:00:00Z,0.0,-65.09376,-64.052086,0.40872502
2019-12-31T12:00:00Z,0.0,-65.09376,-64.052086,0.41649553
2020-01-01T12:00:00Z,0.0,-65.09376,-64.052086,0.37206778
2020-01-02T12:00:00Z,0.0,-65.09376,-64.052086,0.33274272
2020-01-03T12:00:00Z,0.0,-65.09376,-64.052086,0.33077508
2020-01-04T12:00:00Z,0.0,-65.09376,-64.052086,0.32425284
2020-01-05T12:00:00Z,0.0,-65.09376,-64.052086,0.30067405
2020-01-06T12:00:00Z,0.0,-65.09376,-64.052086,0.28787878
2020-01-07T12:00:00Z,0.0,-65.09376,-64.052086,0.2860763
2020-01-08T12:00:00Z,0.0,-65.09376,-64.052086,0.28362852
2020-01-09T12:00:00Z,0.0,-65.09376,-64.052086,0.27274105
2020-01-10T12:00:00Z,0.0,-65.09376,-64.052086,0.21839882
2020-01-11T12:00:00Z,0.0,-65.09376,-64.052086,0.21069308
2020-01-12T12:00:00Z,0.0,-65.09376,-64.052086,0.21489331
2020-01-13T12:00:00Z,0.0,-65.09376,-64.052086,0.1904462
2020-01-14T12:00:00Z,0.0,-65.09376,-64.052086,0.16143636
2020-01-15T12:00:00Z,0.0,-65.09376,-64.052086,0.17287342
2020-01-16T12:00:00Z,0.0,-65.09376,-64.052086,0.27519438
2020-01-17T12:00:00Z,0.0,-65.09376,-64.052086,0.3511038
2020-01-18T12:00:00Z,0.0,-65.09376,-64.052086,0.3652667
2020-01-19T12:00:00Z,0.0,-65.09376,-64.052086,0.4282707
2020-01-20T12:00:00Z,0.0,-65.09376,-64.052086,0.40938255
2020-01-21T12:00:00Z,0.0,-65.09376,-64.052086,0.41326624
2020-01-22T12:00:00Z,0.0,-65.09376,-64.052086,0.3947618
2020-01-23T12:00:00Z,0.0,-65.09376,-64.052086,0.41186467
2020-01-24T12:00:00Z,0.0,-65.09376,-64.052086,0.41949946
2020-01-25T12:00:00Z,0.0,-65.09376,-64.052086,0.4243062
2020-01-26T12:00:00Z,0.0,-65.09376,-64.052086,0.45490044
2020-01-27T12:00:00Z,0.0,-65.09376,-64.052086,0.44963253
2020-01-28T12:00:00Z,0.0,-65.09376,-64.052086,0.4424403
2020-01-29T12:00:00Z,0.0,-65.09376,-64.052086,0.39406118
2020-01-30T12:00:00Z,0.0,-65.09376,-64.052086,0.43369994
2020-01-31T12:00:00Z,0.0,-65.09376,-64.052086,0.49106032
2020-02-01T12:00:00Z,0.0,-65.09376,-64.052086,0.5510063
2020-02-02T12:00:00Z,0.0,-65.09376,-64.052086,0.5869094
2020-02-03T12:00:00Z,0.0,-65.09376,-64.052086,0.52300507
2020-02-04T12:00:00Z,0.0,-65.09376,-64.052086,0.39732292
2020-02-05T12:00:00Z,0.0,-65.09376,-64.052086,0.36039442
2020-02-06T12:00:00Z,0.0,-65.09376,-64.052086,0.33845478
2020-02-07T12:00:00Z,0.0,-65.09376,-64.052086,0.3177032
2020-02-08T12:00:00Z,0.0,-65.09376,-64.052086,0.31719843
2020-02-09T12:00:00Z,0.0,-65.09376,-64.052086,0.33928487
2020-02-10T12:00:00Z,0.0,-65.09376,-64.052086,0.34473887
2020-02-11T12:00:00Z,0.0,-65.09376,-64.052086,0.3402475
2020-02-12T12:00:00Z,0.0,-65.09376,-64.052086,0.32692146
2020-02-13T12:00:00Z,0.0,-65.09376,-64.052086,0.32637835
2020-02-14T12:00:00Z,0.0,-65.09376,-64.052086,0.31539914
2020-02-15T12:00:00Z,0.0,-65.09376,-64.052086,0.32081172
2020-02-16T12:00:00Z,0.0,-65.09376,-64.052086,0.3342205
2020-02-17T12:00:00Z,0.0,-65.09376,-64.052086,0.3334617
2020-02-18T12:00:00Z,0.0,-65.09376,-64.052086,0.33361277
2020-02-19T12:00:00Z,0.0,-65.09376,-64.052086,0.35898456
2020-02-20T12:00:00Z,0.0,-65.09376,-64.052086,0.33505958
2020-02-21T12:00:00Z,0.0,-65.09376,-64.052086,0.33099407
2020-02-22T12:00:00Z,0.0,-65.09376,-64.052086,0.3235525
2020-02-23T12:00:00Z,0.0,-65.09376,-64.052086,0.34512532
2020-02-24T12:00:00Z,0.0,-65.09376,-64.052086,0.47125375
2020-02-25T12:00:00Z,0.0,-65.09376,-64.052086,0.466717
2020-02-26T12:00:00Z,0.0,-65.09376,-64.052086,0.4336343
2020-02-27T12:00:00Z,0.0,-65.09376,-64.052086,0.40411308
2020-02-28T12:00:00Z,0.0,-65.09376,-64.052086,0.42747372
2020-02-29T12:00:00Z,0.0,-65.09376,-64.052086,0.5112803
2020-03-01T12:00:00Z,0.0,-65.09376,-64.052086,0.5164745
2020-03-02T12:00:00Z,0.0,-65.09376,-64.052086,0.4777494
2020-03-03T12:00:00Z,0.0,-65.09376,-64.052086,0.4739887
2020-03-04T12:00:00Z,0.0,-65.09376,-64.052086,0.47701657
2020-03-05T12:00:00Z,0.0,-65.09376,-64.052086,0.4834015
2020-03-06T12:00:00Z,0.0,-65.09376,-64.052086,0.46031657
2020-03-07T12:00:00Z,0.0,-65.09376,-64.052086,0.41240412
2020-03-08T12:00:00Z,0.0,-65.09376,-64.052086,0.3431947
2020-03-09T12:00:00Z,0.0,-65.09376,-64.052086,0.40698856
2020-03-10T12:00:00Z,0.0,-65.09376,-64.052086,0.35566175
2020-03-11T12:00:00Z,0.0,-65.09376,-64.052086,0.41829777
2020-03-12T12:00:00Z,0.0,-65.09376,-64.052086,NaN
2020-03-13T12:00:00Z,0.0,-65.09376,-64.052086,NaN
2020-03-14T12:00:00Z,0.0,-65.09376,-64.052086,NaN
2020-03-15T12:00:00Z,0.0,-65.09376,-64.052086,NaN
2020-03-16T12:00:00Z,0.0,-65.09376,-64.052086,NaN
2020-03-17T12:00:00Z,0.0,-65.09376,-64.052086,NaN
2020-03-18T12:00:00Z,0.0,-65.09376,-64.052086,NaN
2020-03-19T12:00:00Z,0.0,-65.09376,-64.052086,NaN
2020-03-20T12:00:00Z,0.0,-65.09376,-64.052086,NaN
2020-03-21T12:00:00Z,0.0,-65.09376,-64.052086,NaN
2020-03-22T12:00:00Z,0.0,-65.09376,-64.052086,NaN
2020-03-23T12:00:00Z,0.0,-65.09376,-64.052086,NaN
2020-03-24T12:00:00Z,0.0,-65.09376,-64.052086,NaN
2020-03-25T12:00:00Z,0.0,-65.09376,-64.052086,NaN
2020-03-26T12:00:00Z,0.0,-65.09376,-64.052086,NaN
2020-03-27T12:00:00Z,0.0,-65.09376,-64.052086,NaN
2020-03-28T12:00:00Z,0.0,-65.09376,-64.052086,NaN
2020-03-29T12:00:00Z,0.0,-65.09376,-64.052086,NaN
2020-03-30T12:00:00Z,0.0,-65.09376,-64.052086,NaN
2020-03-31T12:00:00Z,0.0,-65.09376,-64.052086,NaN
2020-04-01T12:00:00Z,0.0,-65.09376,-64.052086,NaN
2020-04-02T12:00:00Z,0.0,-65.09376,-64.052086,NaN
2020-04-03T12:00:00Z,0.0,-65.09376,-64.052086,NaN
2020-04-04T12:00:00Z,0.0,-65.09376,-64.052086,NaN
2020-04-05T12:00:00Z,0.0,-65.09376,-64.052086,NaN
2020-04-06T12:00:00Z,0.0,-65.09376,-64.052086,NaN
2020-04-07T12:00:00Z,0.0,-65.09376,-64.052086,NaN
2020-04-08T12:00:00Z,0.0,-65.09376,-64.052086,NaN
2020-04-09T12:00:00Z,0.0,-65.09376,-64.052086,NaN
2020-04-10T12:00:00Z,0.0,-65.09376,-64.052086,NaN
2020-04-11T12:00:00Z,0.0,-65.09376,-64.052086,NaN
2020-04-12T12:00:00Z,0.0,-65.09376,-64.052086,NaN
2020-04-13T12:00:00Z,0.0,-65.09376,-64.052086,NaN
2020-04-14T12:00:00Z,0.0,-65.09376,-64.052086,NaN
2020-04-15T12:00:00Z,0.0,-65.09376,-64.052086,NaN
2020-04-16T12:00:00Z,0.0,-65.09376,-64.052086,NaN
2020-04-17T12:00:00Z,0.0,-65.09376,-64.052086,NaN
2020-04-18T12:00:00Z,0.0,-65.09376,-64.052086,NaN
2020-04-19T12:00:00Z,0.0,-65.09376,-64.052086,NaN
2020-04-20T12:00:00Z,0.0,-65.09376,-64.052086,NaN
2020-04-21T12:00:00Z,0.0,-65.09376,-64.052086,NaN
2020-04-22T12:00:00Z,0.0,-65.09376,-64.052086,NaN
2020-04-23T12:00:00Z,0.0,-65.09376,-64.052086,NaN
2020-04-24T12:00:00Z,0.0,-65.09376,-64.052086,NaN
2020-04-25T12:00:00Z,0.0,-65.09376,-64.052086,NaN
2020-04-26T12:00:00Z,0.0,-65.09376,-64.052086,NaN
2020-04-27T12:00:00Z,0.0,-65.09376,-64.052086,NaN
2020-04-28T12:00:00Z,0.0,-65.09376,-64.052086,NaN
2020-04-29T12:00:00Z,0.0,-65.09376,-64.052086,NaN
2020-04-30T12:00:00Z,0.0,-65.09376,-64.052086,NaN
2020-05-01T12:00:00Z,0.0,-65.09376,-64.052086,NaN
2020-05-02T12:00:00Z,0.0,-65.09376,-64.052086,NaN
2020-05-03T12:00:00Z,0.0,-65.09376,-64.052086,NaN
2020-05-04T12:00:00Z,0.0,-65.09376,-64.052086,NaN
2020-05-05T12:00:00Z,0.0,-65.09376,-64.052086,NaN
2020-05-06T12:00:00Z,0.0,-65.09376,-64.052086,NaN
2020-05-07T12:00:00Z,0.0,-65.09376,-64.052086,NaN
2020-05-08T12:00:00Z,0.0,-65.09376,-64.052086,NaN
2020-05-09T12:00:00Z,0.0,-65.09376,-64.052086,NaN
2020-05-10T12:00:00Z,0.0,-65.09376,-64.052086,NaN
2020-05-11T12:00:00Z,0.0,-65.09376,-64.052086,NaN
2020-05-12T12:00:00Z,0.0,-65.09376,-64.052086,NaN
2020-05-13T12:00:00Z,0.0,-65.09376,-64.052086,NaN
2020-05-14T12:00:00Z,0.0,-65.09376,-64.052086,NaN
2020-05-15T12:00:00Z,0.0,-65.09376,-64.052086,NaN
2020-05-16T12:00:00Z,0.0,-65.09376,-64.052086,NaN
2020-05-17T12:00:00Z,0.0,-65.09376,-64.052086,NaN
2020-05-18T12:00:00Z,0.0,-65.09376,-64.052086,NaN
2020-05-19T12:00:00Z,0.0,-65.09376,-64.052086,NaN
2020-05-20T12:00:00Z,0.0,-65.09376,-64.052086,NaN
2020-05-21T12:00:00Z,0.0,-65.09376,-64.052086,NaN
2020-05-22T12:00:00Z,0.0,-65.09376,-64.052086,NaN
2020-05-23T12:00:00Z,0.0,-65.09376,-64.052086,NaN
2020-05-24T12:00:00Z,0.0,-65.09376,-64.052086,NaN
2020-05-25T12:00:00Z,0.0,-65.09376,-64.052086,NaN
2020-05-26T12:00:00Z,0.0,-65.09376,-64.052086,NaN
2020-05-27T12:00:00Z,0.0,-65.09376,-64.052086,NaN
2020-05-28T12:00:00Z,0.0,-65.09376,-64.052086,NaN
2020-05-29T12:00:00Z,0.0,-65.09376,-64.052086,NaN
2020-05-30T12:00:00Z,0.0,-65.09376,-64.052086,NaN
2020-05-31T12:00:00Z,0.0,-65.09376,-64.052086,NaN
2020-06-01T12:00:00Z,0.0,-65.09376,-64.052086,NaN
2020-06-02T12:00:00Z,0.0,-65.09376,-64.052086,NaN
2020-06-03T12:00:00Z,0.0,-65.09376,-64.052086,NaN
2020-06-04T12:00:00Z,0.0,-65.09376,-64.052086,NaN
2020-06-05T12:00:00Z,0.0,-65.09376,-64.052086,NaN
2020-06-06T12:00:00Z,0.0,-65.09376,-64.052086,NaN
2020-06-07T12:00:00Z,0.0,-65.09376,-64.052086,NaN
2020-06-08T12:00:00Z,0.0,-65.09376,-64.052086,NaN
2020-06-09T12:00:00Z,0.0,-65.09376,-64.052086,NaN
2020-06-10T12:00:00Z,0.0,-65.09376,-64.052086,NaN
2020-06-11T12:00:00Z,0.0,-65.09376,-64.052086,NaN
2020-06-12T12:00:00Z,0.0,-65.09376,-64.052086,NaN
2020-06-13T12:00:00Z,0.0,-65.09376,-64.052086,NaN
2020-06-14T12:00:00Z,0.0,-65.09376,-64.052086,NaN
2020-06-15T12:00:00Z,0.0,-65.09376,-64.052086,NaN
2020-06-16T12:00:00Z,0.0,-65.09376,-64.052086,NaN
2020-06-17T12:00:00Z,0.0,-65.09376,-64.052086,NaN
2020-06-18T12:00:00Z,0.0,-65.09376,-64.052086,NaN
2020-06-19T12:00:00Z,0.0,-65.09376,-64.052086,NaN
2020-06-20T12:00:00Z,0.0,-65.09376,-64.052086,NaN
2020-06-21T12:00:00Z,0.0,-65.09376,-64.052086,NaN
2020-06-22T12:00:00Z,0.0,-65.09376,-64.052086,NaN
2020-06-23T12:00:00Z,0.0,-65.09376,-64.052086,NaN
2020-06-24T12:00:00Z,0.0,-65.09376,-64.052086,NaN
2020-06-25T12:00:00Z,0.0,-65.09376,-64.052086,NaN
2020-06-26T12:00:00Z,0.0,-65.09376,-64.052086,NaN
2020-06-27T12:00:00Z,0.0,-65.09376,-64.052086,NaN
2020-06-28T12:00:00Z,0.0,-65.09376,-64.052086,NaN
2020-06-29T12:00:00Z,0.0,-65.09376,-64.052086,NaN
2020-06-30T12:00:00Z,0.0,-65.09376,-64.052086,NaN
2020-07-01T12:00:00Z,0.0,-65.09376,-64.052086,NaN
2020-07-02T12:00:00Z,0.0,-65.09376,-64.052086,NaN
2020-07-03T12:00:00Z,0.0,-65.09376,-64.052086,NaN
2020-07-04T12:00:00Z,0.0,-65.09376,-64.052086,NaN
2020-07-05T12:00:00Z,0.0,-65.09376,-64.052086,NaN
2020-07-06T12:00:00Z,0.0,-65.09376,-64.052086,NaN
2020-07-07T12:00:00Z,0.0,-65.09376,-64.052086,NaN
2020-07-08T12:00:00Z,0.0,-65.09376,-64.052086,NaN
2020-07-09T12:00:00Z,0.0,-65.09376,-64.052086,NaN
2020-07-10T12:00:00Z,0.0,-65.09376,-64.052086,NaN
2020-07-11T12:00:00Z,0.0,-65.09376,-64.052086,NaN
2020-07-12T12:00:00Z,0.0,-65.09376,-64.052086,NaN
2020-07-13T12:00:00Z,0.0,-65.09376,-64.052086,NaN
2020-07-14T12:00:00Z,0.0,-65.09376,-64.052086,NaN
2020-07-15T12:00:00Z,0.0,-65.09376,-64.052086,NaN
2020-07-16T12:00:00Z,0.0,-65.09376,-64.052086,NaN
2020-07-17T12:00:00Z,0.0,-65.09376,-64.052086,NaN
2020-07-18T12:00:00Z,0.0,-65.09376,-64.052086,NaN
2020-07-19T12:00:00Z,0.0,-65.09376,-64.052086,NaN
2020-07-20T12:00:00Z,0.0,-65.09376,-64.052086,NaN
2020-07-21T12:00:00Z,0.0,-65.09376,-64.052086,NaN
2020-07-22T12:00:00Z,0.0,-65.09376,-64.052086,NaN
2020-07-23T12:00:00Z,0.0,-65.09376,-64.052086,NaN
2020-07-24T12:00:00Z,0.0,-65.09376,-64.052086,NaN
2020-07-25T12:00:00Z,0.0,-65.09376,-64.052086,NaN
2020-07-26T12:00:00Z,0.0,-65.09376,-64.052086,NaN
2020-07-27T12:00:00Z,0.0,-65.09376,-64.052086,NaN
2020-07-28T12:00:00Z,0.0,-65.09376,-64.052086,NaN
2020-07-29T12:00:00Z,0.0,-65.09376,-64.052086,NaN
2020-07-30T12:00:00Z,0.0,-65.09376,-64.052086,NaN
2020-07-31T12:00:00Z,0.0,-65.09376,-64.052086,NaN
2020-08-01T12:00:00Z,0.0,-65.09376,-64.052086,NaN
2020-08-02T12:00:00Z,0.0,-65.09376,-64.052086,NaN
2020-08-03T12:00:00Z,0.0,-65.09376,-64.052086,NaN
2020-08-04T12:00:00Z,0.0,-65.09376,-64.052086,NaN
2020-08-05T12:00:00Z,0.0,-65.09376,-64.052086,NaN
2020-08-06T12:00:00Z,0.0,-65.09376,-64.052086,NaN
2020-08-07T12:00:00Z,0.0,-65.09376,-64.052086,NaN
2020-08-08T12:00:00Z,0.0,-65.09376,-64.052086,NaN
2020-08-09T12:00:00Z,0.0,-65.09376,-64.052086,NaN
2020-08-10T12:00:00Z,0.0,-65.09376,-64.052086,NaN
2020-08-11T12:00:00Z,0.0,-65.09376,-64.052086,NaN
2020-08-12T12:00:00Z,0.0,-65.09376,-64.052086,NaN
2020-08-13T12:00:00Z,0.0,-65.09376,-64.052086,NaN
2020-08-14T12:00:00Z,0.0,-65.09376,-64.052086,NaN
2020-08-15T12:00:00Z,0.0,-65.09376,-64.052086,NaN
2020-08-16T12:00:00Z,0.0,-65.09376,-64.052086,NaN
2020-08-17T12:00:00Z,0.0,-65.09376,-64.052086,NaN
2020-08-18T12:00:00Z,0.0,-65.09376,-64.052086,NaN
2020-08-19T12:00:00Z,0.0,-65.09376,-64.052086,NaN
2020-08-20T12:00:00Z,0.0,-65.09376,-64.052086,NaN
2020-08-21T12:00:00Z,0.0,-65.09376,-64.052086,NaN
2020-08-22T12:00:00Z,0.0,-65.09376,-64.052086,NaN
2020-08-23T12:00:00Z,0.0,-65.09376,-64.052086,NaN
2020-08-24T12:00:00Z,0.0,-65.09376,-64.052086,NaN
2020-08-25T12:00:00Z,0.0,-65.09376,-64.052086,NaN
2020-08-26T12:00:00Z,0.0,-65.09376,-64.052086,NaN
2020-08-27T12:00:00Z,0.0,-65.09376,-64.052086,NaN
2020-08-28T12:00:00Z,0.0,-65.09376,-64.052086,NaN
2020-08-29T12:00:00Z,0.0,-65.09376,-64.052086,NaN
2020-08-30T12:00:00Z,0.0,-65.09376,-64.052086,NaN
2020-08-31T12:00:00Z,0.0,-65.09376,-64.052086,NaN
2020-09-01T12:00:00Z,0.0,-65.09376,-64.052086,NaN
2020-09-02T12:00:00Z,0.0,-65.09376,-64.052086,NaN
2020-09-03T12:00:00Z,0.0,-65.09376,-64.052086,NaN
2020-09-04T12:00:00Z,0.0,-65.09376,-64.052086,NaN
2020-09-05T12:00:00Z,0.0,-65.09376,-64.052086,NaN
2020-09-06T12:00:00Z,0.0,-65.09376,-64.052086,NaN
2020-09-07T12:00:00Z,0.0,-65.09376,-64.052086,NaN
2020-09-08T12:00:00Z,0.0,-65.09376,-64.052086,NaN
2020-09-09T12:00:00Z,0.0,-65.09376,-64.052086,NaN
2020-09-10T12:00:00Z,0.0,-65.09376,-64.052086,NaN
2020-09-11T12:00:00Z,0.0,-65.09376,-64.052086,NaN
2020-09-12T12:00:00Z,0.0,-65.09376,-64.052086,NaN
2020-09-13T12:00:00Z,0.0,-65.09376,-64.052086,NaN
2020-09-14T12:00:00Z,0.0,-65.09376,-64.052086,NaN
2020-09-15T12:00:00Z,0.0,-65.09376,-64.052086,NaN
2020-09-16T12:00:00Z,0.0,-65.09376,-64.052086,NaN
2020-09-17T12:00:00Z,0.0,-65.09376,-64.052086,NaN
2020-09-18T12:00:00Z,0.0,-65.09376,-64.052086,NaN
2020-09-19T12:00:00Z,0.0,-65.09376,-64.052086,NaN
2020-09-20T12:00:00Z,0.0,-65.09376,-64.052086,NaN
2020-09-21T12:00:00Z,0.0,-65.09376,-64.052086,NaN
2020-09-22T12:00:00Z,0.0,-65.09376,-64.052086,NaN
2020-09-23T12:00:00Z,0.0,-65.09376,-64.052086,NaN
2020-09-24T12:00:00Z,0.0,-65.09376,-64.052086,NaN
2020-09-25T12:00:00Z,0.0,-65.09376,-64.052086,NaN
2020-09-26T12:00:00Z,0.0,-65.09376,-64.052086,NaN
2020-09-27T12:00:00Z,0.0,-65.09376,-64.052086,NaN
2020-09-28T12:00:00Z,0.0,-65.09376,-64.052086,NaN
2020-09-29T12:00:00Z,0.0,-65.09376,-64.052086,NaN
2020-09-30T12:00:00Z,0.0,-65.09376,-64.052086,NaN
2020-10-01T12:00:00Z,0.0,-65.09376,-64.052086,NaN
2020-10-02T12:00:00Z,0.0,-65.09376,-64.052086,NaN
2020-10-03T12:00:00Z,0.0,-65.09376,-64.052086,NaN
2020-10-04T12:00:00Z,0.0,-65.09376,-64.052086,NaN
2020-10-05T12:00:00Z,0.0,-65.09376,-64.052086,NaN
2020-10-06T12:00:00Z,0.0,-65.09376,-64.052086,NaN
2020-10-07T12:00:00Z,0.0,-65.09376,-64.052086,NaN
2020-10-08T12:00:00Z,0.0,-65.09376,-64.052086,NaN
2020-10-09T12:00:00Z,0.0,-65.09376,-64.052086,NaN
2020-10-10T12:00:00Z,0.0,-65.09376,-64.052086,NaN
2020-10-11T12:00:00Z,0.0,-65.09376,-64.052086,NaN
2020-10-12T12:00:00Z,0.0,-65.09376,-64.052086,NaN
2020-10-13T12:00:00Z,0.0,-65.09376,-64.052086,NaN
2020-10-14T12:00:00Z,0.0,-65.09376,-64.052086,NaN
2020-10-15T12:00:00Z,0.0,-65.09376,-64.052086,NaN
2020-10-16T12:00:00Z,0.0,-65.09376,-64.052086,NaN
2020-10-17T12:00:00Z,0.0,-65.09376,-64.052086,NaN
2020-10-18T12:00:00Z,0.0,-65.09376,-64.052086,NaN
2020-10-19T12:00:00Z,0.0,-65.09376,-64.052086,NaN
2020-10-20T12:00:00Z,0.0,-65.09376,-64.052086,NaN
2020-10-21T12:00:00Z,0.0,-65.09376,-64.052086,0.1641534
2020-10-22T12:00:00Z,0.0,-65.09376,-64.052086,0.16485037
2020-10-23T12:00:00Z,0.0,-65.09376,-64.052086,0.16526422
2020-10-24T12:00:00Z,0.0,-65.09376,-64.052086,0.166285
2020-10-25T12:00:00Z,0.0,-65.09376,-64.052086,0.16626036
2020-10-26T12:00:00Z,0.0,-65.09376,-64.052086,0.16681889
2020-10-27T12:00:00Z,0.0,-65.09376,-64.052086,0.16658789
2020-10-28T12:00:00Z,0.0,-65.09376,-64.052086,0.19423503
2020-10-29T12:00:00Z,0.0,-65.09376,-64.052086,0.16770744
2020-10-30T12:00:00Z,0.0,-65.09376,-64.052086,0.16762519
2020-10-31T12:00:00Z,0.0,-65.09376,-64.052086,0.18595089
2020-11-01T12:00:00Z,0.0,-65.09376,-64.052086,0.16760123
2020-11-02T12:00:00Z,0.0,-65.09376,-64.052086,0.16797316
2020-11-03T12:00:00Z,0.0,-65.09376,-64.052086,0.1771395
2020-11-04T12:00:00Z,0.0,-65.09376,-64.052086,0.19957456
2020-11-05T12:00:00Z,0.0,-65.09376,-64.052086,0.19936934
2020-11-06T12:00:00Z,0.0,-65.09376,-64.052086,0.20022501
2020-11-07T12:00:00Z,0.0,-65.09376,-64.052086,0.2143337
2020-11-08T12:00:00Z,0.0,-65.09376,-64.052086,0.2112438
2020-11-09T12:00:00Z,0.0,-65.09376,-64.052086,0.19290592
2020-11-10T12:00:00Z,0.0,-65.09376,-64.052086,0.21520543
2020-11-11T12:00:00Z,0.0,-65.09376,-64.052086,0.2121173
2020-11-12T12:00:00Z,0.0,-65.09376,-64.052086,0.20753756
2020-11-13T12:00:00Z,0.0,-65.09376,-64.052086,0.21717134
2020-11-14T12:00:00Z,0.0,-65.09376,-64.052086,0.20674245
2020-11-15T12:00:00Z,0.0,-65.09376,-64.052086,0.21733527
2020-11-16T12:00:00Z,0.0,-65.09376,-64.052086,0.22816484
2020-11-17T12:00:00Z,0.0,-65.09376,-64.052086,0.22258942
2020-11-18T12:00:00Z,0.0,-65.09376,-64.052086,0.2194798
2020-11-19T12:00:00Z,0.0,-65.09376,-64.052086,0.23484002
2020-11-20T12:00:00Z,0.0,-65.09376,-64.052086,0.23109686
2020-11-21T12:00:00Z,0.0,-65.09376,-64.052086,0.23999268
2020-11-22T12:00:00Z,0.0,-65.09376,-64.052086,0.17468604
2020-11-23T12:00:00Z,0.0,-65.09376,-64.052086,0.17581612
2020-11-24T12:00:00Z,0.0,-65.09376,-64.052086,0.1659284
2020-11-25T12:00:00Z,0.0,-65.09376,-64.052086,0.16376488
2020-11-26T12:00:00Z,0.0,-65.09376,-64.052086,0.12881759
2020-11-27T12:00:00Z,0.0,-65.09376,-64.052086,0.12013725
2020-11-28T12:00:00Z,0.0,-65.09376,-64.052086,0.14503863
2020-11-29T12:00:00Z,0.0,-65.09376,-64.052086,0.1281689
2020-11-30T12:00:00Z,0.0,-65.09376,-64.052086,0.13670461
2020-12-01T12:00:00Z,0.0,-65.09376,-64.052086,0.1367944
2020-12-02T12:00:00Z,0.0,-65.09376,-64.052086,0.14077897
2020-12-03T12:00:00Z,0.0,-65.09376,-64.052086,0.15219831
2020-12-04T12:00:00Z,0.0,-65.09376,-64.052086,0.14358513
2020-12-05T12:00:00Z,0.0,-65.09376,-64.052086,0.14544743
2020-12-06T12:00:00Z,0.0,-65.09376,-64.052086,0.1549886
2020-12-07T12:00:00Z,0.0,-65.09376,-64.052086,0.15595365
2020-12-08T12:00:00Z,0.0,-65.09376,-64.052086,0.16252801
2020-12-09T12:00:00Z,0.0,-65.09376,-64.052086,0.15844315
2020-12-10T12:00:00Z,0.0,-65.09376,-64.052086,0.1572564
2020-12-11T12:00:00Z,0.0,-65.09376,-64.052086,0.1737563
2020-12-12T12:00:00Z,0.0,-65.09376,-64.052086,0.17607741
2020-12-13T12:00:00Z,0.0,-65.09376,-64.052086,0.16201809
2020-12-14T12:00:00Z,0.0,-65.09376,-64.052086,0.2012329
2020-12-15T12:00:00Z,0.0,-65.09376,-64.052086,0.20808594
2020-12-16T12:00:00Z,0.0,-65.09376,-64.052086,0.21239771
2020-12-17T12:00:00Z,0.0,-65.09376,-64.052086,0.21853018
2020-12-18T12:00:00Z,0.0,-65.09376,-64.052086,0.22958578
2020-12-19T12:00:00Z,0.0,-65.09376,-64.052086,0.25612366
2020-12-20T12:00:00Z,0.0,-65.09376,-64.052086,0.2661298
2020-12-21T12:00:00Z,0.0,-65.09376,-64.052086,0.27815673
2020-12-22T12:00:00Z,0.0,-65.09376,-64.052086,0.26190528
2020-12-23T12:00:00Z,0.0,-65.09376,-64.052086,0.25520328
2020-12-24T12:00:00Z,0.0,-65.09376,-64.052086,0.25568524
2020-12-25T12:00:00Z,0.0,-65.09376,-64.052086,0.2522241
2020-12-26T12:00:00Z,0.0,-65.09376,-64.052086,0.24931176
2020-12-27T12:00:00Z,0.0,-65.09376,-64.052086,0.25376046
2020-12-28T12:00:00Z,0.0,-65.09376,-64.052086,0.2746988
2020-12-29T12:00:00Z,0.0,-65.09376,-64.052086,0.26450655
2020-12-30T12:00:00Z,0.0,-65.09376,-64.052086,0.20100828
2020-12-31T12:00:00Z,0.0,-65.09376,-64.052086,0.17793366
2021-01-01T12:00:00Z,0.0,-65.09376,-64.052086,0.17626972
2021-01-02T12:00:00Z,0.0,-65.09376,-64.052086,0.16214383
2021-01-03T12:00:00Z,0.0,-65.09376,-64.052086,0.15300481
2021-01-04T12:00:00Z,0.0,-65.09376,-64.052086,0.18803461
2021-01-05T12:00:00Z,0.0,-65.09376,-64.052086,0.18704703
2021-01-06T12:00:00Z,0.0,-65.09376,-64.052086,0.17870224
2021-01-07T12:00:00Z,0.0,-65.09376,-64.052086,0.1819188
2021-01-08T12:00:00Z,0.0,-65.09376,-64.052086,0.17968364
2021-01-09T12:00:00Z,0.0,-65.09376,-64.052086,0.18291879
2021-01-10T12:00:00Z,0.0,-65.09376,-64.052086,0.18388438
2021-01-11T12:00:00Z,0.0,-65.09376,-64.052086,0.2293689
2021-01-12T12:00:00Z,0.0,-65.09376,-64.052086,0.24155778
2021-01-13T12:00:00Z,0.0,-65.09376,-64.052086,0.2513889
2021-01-14T12:00:00Z,0.0,-65.09376,-64.052086,0.22447711
2021-01-15T12:00:00Z,0.0,-65.09376,-64.052086,0.2309803
2021-01-16T12:00:00Z,0.0,-65.09376,-64.052086,0.24932124
2021-01-17T12:00:00Z,0.0,-65.09376,-64.052086,0.27974734
2021-01-18T12:00:00Z,0.0,-65.09376,-64.052086,0.3102406
2021-01-19T12:00:00Z,0.0,-65.09376,-64.052086,0.30050445
2021-01-20T12:00:00Z,0.0,-65.09376,-64.052086,0.31734142
2021-01-21T12:00:00Z,0.0,-65.09376,-64.052086,0.32952213
2021-01-22T12:00:00Z,0.0,-65.09376,-64.052086,0.3068085
2021-01-23T12:00:00Z,0.0,-65.09376,-64.052086,0.3106424
2021-01-24T12:00:00Z,0.0,-65.09376,-64.052086,0.2802136
2021-01-25T12:00:00Z,0.0,-65.09376,-64.052086,0.27347198
2021-01-26T12:00:00Z,0.0,-65.09376,-64.052086,0.27211255
2021-01-27T12:00:00Z,0.0,-65.09376,-64.052086,0.3158489
2021-01-28T12:00:00Z,0.0,-65.09376,-64.052086,0.3183303
2021-01-29T12:00:00Z,0.0,-65.09376,-64.052086,0.30472144
2021-01-30T12:00:00Z,0.0,-65.09376,-64.052086,0.2885518
2021-01-31T12:00:00Z,0.0,-65.09376,-64.052086,0.29873312
2021-02-01T12:00:00Z,0.0,-65.09376,-64.052086,0.29425225
2021-02-02T12:00:00Z,0.0,-65.09376,-64.052086,0.27932942
2021-02-03T12:00:00Z,0.0,-65.09376,-64.052086,0.2829391
2021-02-04T12:00:00Z,0.0,-65.09376,-64.052086,0.28350225
2021-02-05T12:00:00Z,0.0,-65.09376,-64.052086,0.26954597
2021-02-06T12:00:00Z,0.0,-65.09376,-64.052086,0.26866552
2021-02-07T12:00:00Z,0.0,-65.09376,-64.052086,0.27125528
2021-02-08T12:00:00Z,0.0,-65.09376,-64.052086,0.27285025
2021-02-09T12:00:00Z,0.0,-65.09376,-64.052086,0.27207488
2021-02-10T12:00:00Z,0.0,-65.09376,-64.052086,0.28507257
2021-02-11T12:00:00Z,0.0,-65.09376,-64.052086,0.28993505
2021-02-12T12:00:00Z,0.0,-65.09376,-64.052086,0.29447305
2021-02-13T12:00:00Z,0.0,-65.09376,-64.052086,0.24006574
2021-02-14T12:00:00Z,0.0,-65.09376,-64.052086,0.2323879
2021-02-15T12:00:00Z,0.0,-65.09376,-64.052086,0.22726014
2021-02-16T12:00:00Z,0.0,-65.09376,-64.052086,0.21625246
2021-02-17T12:00:00Z,0.0,-65.09376,-64.052086,0.23489834
2021-02-18T12:00:00Z,0.0,-65.09376,-64.052086,0.2324991
2021-02-19T12:00:00Z,0.0,-65.09376,-64.052086,0.2168582
2021-02-20T12:00:00Z,0.0,-65.09376,-64.052086,0.21800277
2021-02-21T12:00:00Z,0.0,-65.09376,-64.052086,0.24708444
2021-02-22T12:00:00Z,0.0,-65.09376,-64.052086,0.2405547
2021-02-23T12:00:00Z,0.0,-65.09376,-64.052086,0.23337471
2021-02-24T12:00:00Z,0.0,-65.09376,-64.052086,0.23896185
2021-02-25T12:00:00Z,0.0,-65.09376,-64.052086,0.18791643
2021-02-26T12:00:00Z,0.0,-65.09376,-64.052086,0.19357498
2021-02-27T12:00:00Z,0.0,-65.09376,-64.052086,0.19054227
2021-02-28T12:00:00Z,0.0,-65.09376,-64.052086,0.20050232
2021-03-01T12:00:00Z,0.0,-65.09376,-64.052086,0.19305556
2021-03-02T12:00:00Z,0.0,-65.09376,-64.052086,0.19251949
2021-03-03T12:00:00Z,0.0,-65.09376,-64.052086,0.18720071
2021-03-04T12:00:00Z,0.0,-65.09376,-64.052086,0.18664263
2021-03-05T12:00:00Z,0.0,-65.09376,-64.052086,0.1965457
2021-03-06T12:00:00Z,0.0,-65.09376,-64.052086,0.20449112
2021-03-07T12:00:00Z,0.0,-65.09376,-64.052086,0.18980072
2021-03-08T12:00:00Z,0.0,-65.09376,-64.052086,0.18811049
2021-03-09T12:00:00Z,0.0,-65.09376,-64.052086,0.19213936
2021-03-10T12:00:00Z,0.0,-65.09376,-64.052086,0.19007033
2021-03-11T12:00:00Z,0.0,-65.09376,-64.052086,0.18877032
2021-03-12T12:00:00Z,0.0,-65.09376,-64.052086,0.19005962
2021-03-13T12:00:00Z,0.0,-65.09376,-64.052086,NaN
2021-03-14T12:00:00Z,0.0,-65.09376,-64.052086,NaN
2021-03-15T12:00:00Z,0.0,-65.09376,-64.052086,NaN
2021-03-16T12:00:00Z,0.0,-65.09376,-64.052086,NaN
2021-03-17T12:00:00Z,0.0,-65.09376,-64.052086,NaN
2021-03-18T12:00:00Z,0.0,-65.09376,-64.052086,NaN
2021-03-19T12:00:00Z,0.0,-65.09376,-64.052086,NaN
2021-03-20T12:00:00Z,0.0,-65.09376,-64.052086,NaN
2021-03-21T12:00:00Z,0.0,-65.09376,-64.052086,NaN
2021-03-22T12:00:00Z,0.0,-65.09376,-64.052086,NaN
2021-03-23T12:00:00Z,0.0,-65.09376,-64.052086,NaN
2021-03-24T12:00:00Z,0.0,-65.09376,-64.052086,NaN
2021-03-25T12:00:00Z,0.0,-65.09376,-64.052086,NaN
2021-03-26T12:00:00Z,0.0,-65.09376,-64.052086,NaN
2021-03-27T12:00:00Z,0.0,-65.09376,-64.052086,NaN
2021-03-28T12:00:00Z,0.0,-65.09376,-64.052086,NaN
2021-03-29T12:00:00Z,0.0,-65.09376,-64.052086,NaN
2021-03-30T12:00:00Z,0.0,-65.09376,-64.052086,NaN
2021-03-31T12:00:00Z,0.0,-65.09376,-64.052086,NaN
2021-04-01T12:00:00Z,0.0,-65.09376,-64.052086,NaN
2021-04-02T12:00:00Z,0.0,-65.09376,-64.052086,NaN
2021-04-03T12:00:00Z,0.0,-65.09376,-64.052086,NaN
2021-04-04T12:00:00Z,0.0,-65.09376,-64.052086,NaN
2021-04-05T12:00:00Z,0.0,-65.09376,-64.052086,NaN
2021-04-06T12:00:00Z,0.0,-65.09376,-64.052086,NaN
2021-04-07T12:00:00Z,0.0,-65.09376,-64.052086,NaN
2021-04-08T12:00:00Z,0.0,-65.09376,-64.052086,NaN
2021-04-09T12:00:00Z,0.0,-65.09376,-64.052086,NaN
2021-04-10T12:00:00Z,0.0,-65.09376,-64.052086,NaN
2021-04-11T12:00:00Z,0.0,-65.09376,-64.052086,NaN
2021-04-12T12:00:00Z,0.0,-65.09376,-64.052086,NaN
2021-04-13T12:00:00Z,0.0,-65.09376,-64.052086,NaN
2021-04-14T12:00:00Z,0.0,-65.09376,-64.052086,NaN
2021-04-15T12:00:00Z,0.0,-65.09376,-64.052086,NaN
2021-04-16T12:00:00Z,0.0,-65.09376,-64.052086,NaN
2021-04-17T12:00:00Z,0.0,-65.09376,-64.052086,NaN
2021-04-18T12:00:00Z,0.0,-65.09376,-64.052086,NaN
2021-04-19T12:00:00Z,0.0,-65.09376,-64.052086,NaN
2021-04-20T12:00:00Z,0.0,-65.09376,-64.052086,NaN
2021-04-21T12:00:00Z,0.0,-65.09376,-64.052086,NaN
2021-04-22T12:00:00Z,0.0,-65.09376,-64.052086,NaN
2021-04-23T12:00:00Z,0.0,-65.09376,-64.052086,NaN
2021-04-24T12:00:00Z,0.0,-65.09376,-64.052086,NaN
2021-04-25T12:00:00Z,0.0,-65.09376,-64.052086,NaN
2021-04-26T12:00:00Z,0.0,-65.09376,-64.052086,NaN
2021-04-27T12:00:00Z,0.0,-65.09376,-64.052086,NaN
2021-04-28T12:00:00Z,0.0,-65.09376,-64.052086,NaN
2021-04-29T12:00:00Z,0.0,-65.09376,-64.052086,NaN
2021-04-30T12:00:00Z,0.0,-65.09376,-64.052086,NaN
2021-05-01T12:00:00Z,0.0,-65.09376,-64.052086,NaN
2021-05-02T12:00:00Z,0.0,-65.09376,-64.052086,NaN
2021-05-03T12:00:00Z,0.0,-65.09376,-64.052086,NaN
2021-05-04T12:00:00Z,0.0,-65.09376,-64.052086,NaN
2021-05-05T12:00:00Z,0.0,-65.09376,-64.052086,NaN
2021-05-06T12:00:00Z,0.0,-65.09376,-64.052086,NaN
2021-05-07T12:00:00Z,0.0,-65.09376,-64.052086,NaN
2021-05-08T12:00:00Z,0.0,-65.09376,-64.052086,NaN
2021-05-09T12:00:00Z,0.0,-65.09376,-64.052086,NaN
2021-05-10T12:00:00Z,0.0,-65.09376,-64.052086,NaN
2021-05-11T12:00:00Z,0.0,-65.09376,-64.052086,NaN
2021-05-12T12:00:00Z,0.0,-65.09376,-64.052086,NaN
2021-05-13T12:00:00Z,0.0,-65.09376,-64.052086,NaN
2021-05-14T12:00:00Z,0.0,-65.09376,-64.052086,NaN
2021-05-15T12:00:00Z,0.0,-65.09376,-64.052086,NaN
2021-05-16T12:00:00Z,0.0,-65.09376,-64.052086,NaN
2021-05-17T12:00:00Z,0.0,-65.09376,-64.052086,NaN
2021-05-18T12:00:00Z,0.0,-65.09376,-64.052086,NaN
2021-05-19T12:00:00Z,0.0,-65.09376,-64.052086,NaN
2021-05-20T12:00:00Z,0.0,-65.09376,-64.052086,NaN
2021-05-21T12:00:00Z,0.0,-65.09376,-64.052086,NaN
2021-05-22T12:00:00Z,0.0,-65.09376,-64.052086,NaN
2021-05-23T12:00:00Z,0.0,-65.09376,-64.052086,NaN
2021-05-24T12:00:00Z,0.0,-65.09376,-64.052086,NaN
2021-05-25T12:00:00Z,0.0,-65.09376,-64.052086,NaN
2021-05-26T12:00:00Z,0.0,-65.09376,-64.052086,NaN
2021-05-27T12:00:00Z,0.0,-65.09376,-64.052086,NaN
2021-05-28T12:00:00Z,0.0,-65.09376,-64.052086,NaN
2021-05-29T12:00:00Z,0.0,-65.09376,-64.052086,NaN
2021-05-30T12:00:00Z,0.0,-65.09376,-64.052086,NaN
2021-05-31T12:00:00Z,0.0,-65.09376,-64.052086,NaN
2021-06-01T12:00:00Z,0.0,-65.09376,-64.052086,NaN
2021-06-02T12:00:00Z,0.0,-65.09376,-64.052086,NaN
2021-06-03T12:00:00Z,0.0,-65.09376,-64.052086,NaN
2021-06-04T12:00:00Z,0.0,-65.09376,-64.052086,NaN
2021-06-05T12:00:00Z,0.0,-65.09376,-64.052086,NaN
2021-06-06T12:00:00Z,0.0,-65.09376,-64.052086,NaN
2021-06-07T12:00:00Z,0.0,-65.09376,-64.052086,NaN
2021-06-08T12:00:00Z,0.0,-65.09376,-64.052086,NaN
2021-06-09T12:00:00Z,0.0,-65.09376,-64.052086,NaN
2021-06-10T12:00:00Z,0.0,-65.09376,-64.052086,NaN
2021-06-11T12:00:00Z,0.0,-65.09376,-64.052086,NaN
2021-06-12T12:00:00Z,0.0,-65.09376,-64.052086,NaN
2021-06-13T12:00:00Z,0.0,-65.09376,-64.052086,NaN
2021-06-14T12:00:00Z,0.0,-65.09376,-64.052086,NaN
2021-06-15T12:00:00Z,0.0,-65.09376,-64.052086,NaN
2021-06-16T12:00:00Z,0.0,-65.09376,-64.052086,NaN
2021-06-17T12:00:00Z,0.0,-65.09376,-64.052086,NaN
2021-06-18T12:00:00Z,0.0,-65.09376,-64.052086,NaN
2021-06-19T12:00:00Z,0.0,-65.09376,-64.052086,NaN
2021-06-20T12:00:00Z,0.0,-65.09376,-64.052086,NaN
2021-06-21T12:00:00Z,0.0,-65.09376,-64.052086,NaN
2021-06-22T12:00:00Z,0.0,-65.09376,-64.052086,NaN
2021-06-23T12:00:00Z,0.0,-65.09376,-64.052086,NaN
2021-06-24T12:00:00Z,0.0,-65.09376,-64.052086,NaN
2021-06-25T12:00:00Z,0.0,-65.09376,-64.052086,NaN
2021-06-26T12:00:00Z,0.0,-65.09376,-64.052086,NaN
2021-06-27T12:00:00Z,0.0,-65.09376,-64.052086,NaN
2021-06-28T12:00:00Z,0.0,-65.09376,-64.052086,NaN
2021-06-29T12:00:00Z,0.0,-65.09376,-64.052086,NaN
2021-06-30T12:00:00Z,0.0,-65.09376,-64.052086,NaN
2021-07-01T12:00:00Z,0.0,-65.09376,-64.052086,NaN
2021-07-02T12:00:00Z,0.0,-65.09376,-64.052086,NaN
2021-07-03T12:00:00Z,0.0,-65.09376,-64.052086,NaN
2021-07-04T12:00:00Z,0.0,-65.09376,-64.052086,NaN
2021-07-05T12:00:00Z,0.0,-65.09376,-64.052086,NaN
2021-07-06T12:00:00Z,0.0,-65.09376,-64.052086,NaN
2021-07-07T12:00:00Z,0.0,-65.09376,-64.052086,NaN
2021-07-08T12:00:00Z,0.0,-65.09376,-64.052086,NaN
2021-07-09T12:00:00Z,0.0,-65.09376,-64.052086,NaN
2021-07-10T12:00:00Z,0.0,-65.09376,-64.052086,NaN
2021-07-11T12:00:00Z,0.0,-65.09376,-64.052086,NaN
2021-07-12T12:00:00Z,0.0,-65.09376,-64.052086,NaN
2021-07-13T12:00:00Z,0.0,-65.09376,-64.052086,NaN
2021-07-14T12:00:00Z,0.0,-65.09376,-64.052086,NaN
2021-07-15T12:00:00Z,0.0,-65.09376,-64.052086,NaN
2021-07-16T12:00:00Z,0.0,-65.09376,-64.052086,NaN
2021-07-17T12:00:00Z,0.0,-65.09376,-64.052086,NaN
2021-07-18T12:00:00Z,0.0,-65.09376,-64.052086,NaN
2021-07-19T12:00:00Z,0.0,-65.09376,-64.052086,NaN
2021-07-20T12:00:00Z,0.0,-65.09376,-64.052086,NaN
2021-07-21T12:00:00Z,0.0,-65.09376,-64.052086,NaN
2021-07-22T12:00:00Z,0.0,-65.09376,-64.052086,NaN
2021-07-23T12:00:00Z,0.0,-65.09376,-64.052086,NaN
2021-07-24T12:00:00Z,0.0,-65.09376,-64.052086,NaN
2021-07-25T12:00:00Z,0.0,-65.09376,-64.052086,NaN
2021-07-26T12:00:00Z,0.0,-65.09376,-64.052086,NaN
2021-07-27T12:00:00Z,0.0,-65.09376,-64.052086,NaN
2021-07-28T12:00:00Z,0.0,-65.09376,-64.052086,NaN
2021-07-29T12:00:00Z,0.0,-65.09376,-64.052086,NaN
2021-07-30T12:00:00Z,0.0,-65.09376,-64.052086,NaN
2021-07-31T12:00:00Z,0.0,-65.09376,-64.052086,NaN
2021-08-01T12:00:00Z,0.0,-65.09376,-64.052086,NaN
2021-08-02T12:00:00Z,0.0,-65.09376,-64.052086,NaN
2021-08-03T12:00:00Z,0.0,-65.09376,-64.052086,NaN
2021-08-04T12:00:00Z,0.0,-65.09376,-64.052086,NaN
2021-08-05T12:00:00Z,0.0,-65.09376,-64.052086,NaN
2021-08-06T12:00:00Z,0.0,-65.09376,-64.052086,NaN
2021-08-07T12:00:00Z,0.0,-65.09376,-64.052086,NaN
2021-08-08T12:00:00Z,0.0,-65.09376,-64.052086,NaN
2021-08-09T12:00:00Z,0.0,-65.09376,-64.052086,NaN
2021-08-10T12:00:00Z,0.0,-65.09376,-64.052086,NaN
2021-08-11T12:00:00Z,0.0,-65.09376,-64.052086,NaN
2021-08-12T12:00:00Z,0.0,-65.09376,-64.052086,NaN
2021-08-13T12:00:00Z,0.0,-65.09376,-64.052086,NaN
2021-08-14T12:00:00Z,0.0,-65.09376,-64.052086,NaN
2021-08-15T12:00:00Z,0.0,-65.09376,-64.052086,NaN
2021-08-16T12:00:00Z,0.0,-65.09376,-64.052086,NaN
2021-08-17T12:00:00Z,0.0,-65.09376,-64.052086,NaN
2021-08-18T12:00:00Z,0.0,-65.09376,-64.052086,NaN
2021-08-19T12:00:00Z,0.0,-65.09376,-64.052086,NaN
2021-08-20T12:00:00Z,0.0,-65.09376,-64.052086,NaN
2021-08-21T12:00:00Z,0.0,-65.09376,-64.052086,NaN
2021-08-22T12:00:00Z,0.0,-65.09376,-64.052086,NaN
2021-08-23T12:00:00Z,0.0,-65.09376,-64.052086,NaN
2021-08-24T12:00:00Z,0.0,-65.09376,-64.052086,NaN
2021-08-25T12:00:00Z,0.0,-65.09376,-64.052086,NaN
2021-08-26T12:00:00Z,0.0,-65.09376,-64.052086,NaN
2021-08-27T12:00:00Z,0.0,-65.09376,-64.052086,NaN
2021-08-28T12:00:00Z,0.0,-65.09376,-64.052086,NaN
2021-08-29T12:00:00Z,0.0,-65.09376,-64.052086,NaN
2021-08-30T12:00:00Z,0.0,-65.09376,-64.052086,NaN
2021-08-31T12:00:00Z,0.0,-65.09376,-64.052086,NaN
2021-09-01T12:00:00Z,0.0,-65.09376,-64.052086,NaN
2021-09-02T12:00:00Z,0.0,-65.09376,-64.052086,NaN
2021-09-03T12:00:00Z,0.0,-65.09376,-64.052086,NaN
2021-09-04T12:00:00Z,0.0,-65.09376,-64.052086,NaN
2021-09-05T12:00:00Z,0.0,-65.09376,-64.052086,NaN
2021-09-06T12:00:00Z,0.0,-65.09376,-64.052086,NaN
2021-09-07T12:00:00Z,0.0,-65.09376,-64.052086,NaN
2021-09-08T12:00:00Z,0.0,-65.09376,-64.052086,NaN
2021-09-09T12:00:00Z,0.0,-65.09376,-64.052086,NaN
2021-09-10T12:00:00Z,0.0,-65.09376,-64.052086,NaN
2021-09-11T12:00:00Z,0.0,-65.09376,-64.052086,NaN
2021-09-12T12:00:00Z,0.0,-65.09376,-64.052086,NaN
2021-09-13T12:00:00Z,0.0,-65.09376,-64.052086,NaN
2021-09-14T12:00:00Z,0.0,-65.09376,-64.052086,NaN
2021-09-15T12:00:00Z,0.0,-65.09376,-64.052086,NaN
2021-09-16T12:00:00Z,0.0,-65.09376,-64.052086,NaN
2021-09-17T12:00:00Z,0.0,-65.09376,-64.052086,NaN
2021-09-18T12:00:00Z,0.0,-65.09376,-64.052086,NaN
2021-09-19T12:00:00Z,0.0,-65.09376,-64.052086,NaN
2021-09-20T12:00:00Z,0.0,-65.09376,-64.052086,NaN
2021-09-21T12:00:00Z,0.0,-65.09376,-64.052086,NaN
2021-09-22T12:00:00Z,0.0,-65.09376,-64.052086,NaN
2021-09-23T12:00:00Z,0.0,-65.09376,-64.052086,NaN
2021-09-24T12:00:00Z,0.0,-65.09376,-64.052086,NaN
2021-09-25T12:00:00Z,0.0,-65.09376,-64.052086,NaN
2021-09-26T12:00:00Z,0.0,-65.09376,-64.052086,NaN
2021-09-27T12:00:00Z,0.0,-65.09376,-64.052086,NaN
2021-09-28T12:00:00Z,0.0,-65.09376,-64.052086,NaN
2021-09-29T12:00:00Z,0.0,-65.09376,-64.052086,NaN
2021-09-30T12:00:00Z,0.0,-65.09376,-64.052086,NaN
2021-10-01T12:00:00Z,0.0,-65.09376,-64.052086,NaN
2021-10-02T12:00:00Z,0.0,-65.09376,-64.052086,NaN
2021-10-03T12:00:00Z,0.0,-65.09376,-64.052086,NaN
2021-10-04T12:00:00Z,0.0,-65.09376,-64.052086,NaN
2021-10-05T12:00:00Z,0.0,-65.09376,-64.052086,NaN
2021-10-06T12:00:00Z,0.0,-65.09376,-64.052086,NaN
2021-10-07T12:00:00Z,0.0,-65.09376,-64.052086,NaN
2021-10-08T12:00:00Z,0.0,-65.09376,-64.052086,NaN
2021-10-09T12:00:00Z,0.0,-65.09376,-64.052086,NaN
2021-10-10T12:00:00Z,0.0,-65.09376,-64.052086,NaN
2021-10-11T12:00:00Z,0.0,-65.09376,-64.052086,NaN
2021-10-12T12:00:00Z,0.0,-65.09376,-64.052086,NaN
2021-10-13T12:00:00Z,0.0,-65.09376,-64.052086,NaN
2021-10-14T12:00:00Z,0.0,-65.09376,-64.052086,NaN
2021-10-15T12:00:00Z,0.0,-65.09376,-64.052086,NaN
2021-10-16T12:00:00Z,0.0,-65.09376,-64.052086,NaN
2021-10-17T12:00:00Z,0.0,-65.09376,-64.052086,NaN
2021-10-18T12:00:00Z,0.0,-65.09376,-64.052086,NaN
2021-10-19T12:00:00Z,0.0,-65.09376,-64.052086,NaN
2021-10-20T12:00:00Z,0.0,-65.09376,-64.052086,NaN
2021-10-21T12:00:00Z,0.0,-65.09376,-64.052086,NaN
2021-10-22T12:00:00Z,0.0,-65.09376,-64.052086,0.1525346
2021-10-23T12:00:00Z,0.0,-65.09376,-64.052086,0.1659714
2021-10-24T12:00:00Z,0.0,-65.09376,-64.052086,0.17555024
2021-10-25T12:00:00Z,0.0,-65.09376,-64.052086,0.17115235
2021-10-26T12:00:00Z,0.0,-65.09376,-64.052086,0.1500329
2021-10-27T12:00:00Z,0.0,-65.09376,-64.052086,0.15706615
2021-10-28T12:00:00Z,0.0,-65.09376,-64.052086,0.15720604
2021-10-29T12:00:00Z,0.0,-65.09376,-64.052086,0.13250674
2021-10-30T12:00:00Z,0.0,-65.09376,-64.052086,0.12383577
2021-10-31T12:00:00Z,0.0,-65.09376,-64.052086,0.12653844
2021-11-01T12:00:00Z,0.0,-65.09376,-64.052086,0.13932616
2021-11-02T12:00:00Z,0.0,-65.09376,-64.052086,0.13037224
2021-11-03T12:00:00Z,0.0,-65.09376,-64.052086,0.1290566
2021-11-04T12:00:00Z,0.0,-65.09376,-64.052086,0.1379109
2021-11-05T12:00:00Z,0.0,-65.09376,-64.052086,0.13628675
2021-11-06T12:00:00Z,0.0,-65.09376,-64.052086,0.13009319
2021-11-07T12:00:00Z,0.0,-65.09376,-64.052086,0.13858017
2021-11-08T12:00:00Z,0.0,-65.09376,-64.052086,0.13831022
2021-11-09T12:00:00Z,0.0,-65.09376,-64.052086,0.14194793
2021-11-10T12:00:00Z,0.0,-65.09376,-64.052086,0.1380984
2021-11-11T12:00:00Z,0.0,-65.09376,-64.052086,0.13781996
2021-11-12T12:00:00Z,0.0,-65.09376,-64.052086,0.14010207
2021-11-13T12:00:00Z,0.0,-65.09376,-64.052086,0.13656801
2021-11-14T12:00:00Z,0.0,-65.09376,-64.052086,0.14131078
2021-11-15T12:00:00Z,0.0,-65.09376,-64.052086,0.12794794
2021-11-16T12:00:00Z,0.0,-65.09376,-64.052086,0.1300663
2021-11-17T12:00:00Z,0.0,-65.09376,-64.052086,0.13713978
2021-11-18T12:00:00Z,0.0,-65.09376,-64.052086,0.1619428
2021-11-19T12:00:00Z,0.0,-65.09376,-64.052086,0.16451085
2021-11-20T12:00:00Z,0.0,-65.09376,-64.052086,0.15479687
2021-11-21T12:00:00Z,0.0,-65.09376,-64.052086,0.15826087
2021-11-22T12:00:00Z,0.0,-65.09376,-64.052086,0.15768854
2021-11-23T12:00:00Z,0.0,-65.09376,-64.052086,0.15870763
2021-11-24T12:00:00Z,0.0,-65.09376,-64.052086,0.15908761
2021-11-25T12:00:00Z,0.0,-65.09376,-64.052086,0.152975
2021-11-26T12:00:00Z,0.0,-65.09376,-64.052086,0.17364849
2021-11-27T12:00:00Z,0.0,-65.09376,-64.052086,0.18696727
2021-11-28T12:00:00Z,0.0,-65.09376,-64.052086,0.1596901
2021-11-29T12:00:00Z,0.0,-65.09376,-64.052086,0.2388663
2021-11-30T12:00:00Z,0.0,-65.09376,-64.052086,0.27150378
2021-12-01T12:00:00Z,0.0,-65.09376,-64.052086,0.30956483
2021-12-02T12:00:00Z,0.0,-65.09376,-64.052086,0.34996715
2021-12-03T12:00:00Z,0.0,-65.09376,-64.052086,0.3507092
2021-12-04T12:00:00Z,0.0,-65.09376,-64.052086,0.32876733
2021-12-05T12:00:00Z,0.0,-65.09376,-64.052086,0.31550545
2021-12-06T12:00:00Z,0.0,-65.09376,-64.052086,0.34882498
2021-12-07T12:00:00Z,0.0,-65.09376,-64.052086,0.3572147
2021-12-08T12:00:00Z,0.0,-65.09376,-64.052086,0.3623234
2021-12-09T12:00:00Z,0.0,-65.09376,-64.052086,0.37230027
2021-12-10T12:00:00Z,0.0,-65.09376,-64.052086,0.36492592
2021-12-11T12:00:00Z,0.0,-65.09376,-64.052086,0.3750016
2021-12-12T12:00:00Z,0.0,-65.09376,-64.052086,0.3738257
2021-12-13T12:00:00Z,0.0,-65.09376,-64.052086,0.43688425
2021-12-14T12:00:00Z,0.0,-65.09376,-64.052086,0.31728306
2021-12-15T12:00:00Z,0.0,-65.09376,-64.052086,0.28449246
2021-12-16T12:00:00Z,0.0,-65.09376,-64.052086,0.28620836
2021-12-17T12:00:00Z,0.0,-65.09376,-64.052086,0.27901244
2021-12-18T12:00:00Z,0.0,-65.09376,-64.052086,0.28615302
2021-12-19T12:00:00Z,0.0,-65.09376,-64.052086,0.28223598
2021-12-20T12:00:00Z,0.0,-65.09376,-64.052086,0.25039268
2021-12-21T12:00:00Z,0.0,-65.09376,-64.052086,0.25239077
2021-12-22T12:00:00Z,0.0,-65.09376,-64.052086,0.25227043
2021-12-23T12:00:00Z,0.0,-65.09376,-64.052086,0.25119385
2021-12-24T12:00:00Z,0.0,-65.09376,-64.052086,0.25512502
2021-12-25T12:00:00Z,0.0,-65.09376,-64.052086,0.25070706
2021-12-26T12:00:00Z,0.0,-65.09376,-64.052086,0.25541514
2021-12-27T12:00:00Z,0.0,-65.09376,-64.052086,0.2664058
2021-12-28T12:00:00Z,0.0,-65.09376,-64.052086,0.25483617
2021-12-29T12:00:00Z,0.0,-65.09376,-64.052086,0.26061487
2021-12-30T12:00:00Z,0.0,-65.09376,-64.052086,0.25759757
2021-12-31T12:00:00Z,0.0,-65.09376,-64.052086,0.24088275
2022-01-01T12:00:00Z,0.0,-65.09376,-64.052086,0.24071355
2022-01-02T12:00:00Z,0.0,-65.09376,-64.052086,0.24077109
2022-01-03T12:00:00Z,0.0,-65.09376,-64.052086,0.23612769
2022-01-04T12:00:00Z,0.0,-65.09376,-64.052086,0.23606682
2022-01-05T12:00:00Z,0.0,-65.09376,-64.052086,0.23634957
2022-01-06T12:00:00Z,0.0,-65.09376,-64.052086,0.23849921
2022-01-07T12:00:00Z,0.0,-65.09376,-64.052086,0.2374103
2022-01-08T12:00:00Z,0.0,-65.09376,-64.052086,0.24154404
2022-01-09T12:00:00Z,0.0,-65.09376,-64.052086,0.24314599
2022-01-10T12:00:00Z,0.0,-65.09376,-64.052086,0.24400963
2022-01-11T12:00:00Z,0.0,-65.09376,-64.052086,0.26409578
2022-01-12T12:00:00Z,0.0,-65.09376,-64.052086,0.26476946
2022-01-13T12:00:00Z,0.0,-65.09376,-64.052086,0.26472282
2022-01-14T12:00:00Z,0.0,-65.09376,-64.052086,0.26029506
2022-01-15T12:00:00Z,0.0,-65.09376,-64.052086,0.26468405
2022-01-16T12:00:00Z,0.0,-65.09376,-64.052086,0.376919
2022-01-17T12:00:00Z,0.0,-65.09376,-64.052086,0.36447474
2022-01-18T12:00:00Z,0.0,-65.09376,-64.052086,0.35722688
2022-01-19T12:00:00Z,0.0,-65.09376,-64.052086,0.33494112
2022-01-20T12:00:00Z,0.0,-65.09376,-64.052086,0.3483805
2022-01-21T12:00:00Z,0.0,-65.09376,-64.052086,0.35465208
2022-01-22T12:00:00Z,0.0,-65.09376,-64.052086,0.3487314
2022-01-23T12:00:00Z,0.0,-65.09376,-64.052086,0.35456094
2022-01-24T12:00:00Z,0.0,-65.09376,-64.052086,0.34770602
2022-01-25T12:00:00Z,0.0,-65.09376,-64.052086,0.3303908
2022-01-26T12:00:00Z,0.0,-65.09376,-64.052086,0.33472696
2022-01-27T12:00:00Z,0.0,-65.09376,-64.052086,0.2967183
2022-01-28T12:00:00Z,0.0,-65.09376,-64.052086,0.2957768
2022-01-29T12:00:00Z,0.0,-65.09376,-64.052086,0.28877956
2022-01-30T12:00:00Z,0.0,-65.09376,-64.052086,0.2672081
2022-01-31T12:00:00Z,0.0,-65.09376,-64.052086,0.25119048
2022-02-01T12:00:00Z,0.0,-65.09376,-64.052086,0.20919172
2022-02-02T12:00:00Z,0.0,-65.09376,-64.052086,0.26322094
2022-02-03T12:00:00Z,0.0,-65.09376,-64.052086,0.26053488
2022-02-04T12:00:00Z,0.0,-65.09376,-64.052086,0.19389495
2022-02-05T12:00:00Z,0.0,-65.09376,-64.052086,0.1940242
2022-02-06T12:00:00Z,0.0,-65.09376,-64.052086,0.21486188
2022-02-07T12:00:00Z,0.0,-65.09376,-64.052086,0.1754027
2022-02-08T12:00:00Z,0.0,-65.09376,-64.052086,0.16954815
2022-02-09T12:00:00Z,0.0,-65.09376,-64.052086,0.16120693
2022-02-10T12:00:00Z,0.0,-65.09376,-64.052086,0.26114956
2022-02-11T12:00:00Z,0.0,-65.09376,-64.052086,0.26105252
2022-02-12T12:00:00Z,0.0,-65.09376,-64.052086,0.30476052
2022-02-13T12:00:00Z,0.0,-65.09376,-64.052086,0.31498426
2022-02-14T12:00:00Z,0.0,-65.09376,-64.052086,0.3192666
2022-02-15T12:00:00Z,0.0,-65.09376,-64.052086,0.30511987
2022-02-16T12:00:00Z,0.0,-65.09376,-64.052086,0.30349508
2022-02-17T12:00:00Z,0.0,-65.09376,-64.052086,0.30729952
2022-02-18T12:00:00Z,0.0,-65.09376,-64.052086,0.33039895
2022-02-19T12:00:00Z,0.0,-65.09376,-64.052086,0.30738646
2022-02-20T12:00:00Z,0.0,-65.09376,-64.052086,0.3283672
2022-02-21T12:00:00Z,0.0,-65.09376,-64.052086,0.3250702
2022-02-22T12:00:00Z,0.0,-65.09376,-64.052086,0.32905042
2022-02-23T12:00:00Z,0.0,-65.09376,-64.052086,0.3242954
2022-02-24T12:00:00Z,0.0,-65.09376,-64.052086,0.25813466
2022-02-25T12:00:00Z,0.0,-65.09376,-64.052086,0.25272372
2022-02-26T12:00:00Z,0.0,-65.09376,-64.052086,0.26684484
2022-02-27T12:00:00Z,0.0,-65.09376,-64.052086,0.25367728
2022-02-28T12:00:00Z,0.0,-65.09376,-64.052086,0.23969777
2022-03-01T12:00:00Z,0.0,-65.09376,-64.052086,0.24291638
2022-03-02T12:00:00Z,0.0,-65.09376,-64.052086,0.27009782
2022-03-03T12:00:00Z,0.0,-65.09376,-64.052086,0.2759986
2022-03-04T12:00:00Z,0.0,-65.09376,-64.052086,0.28478977
2022-03-05T12:00:00Z,0.0,-65.09376,-64.052086,0.27318302
2022-03-06T12:00:00Z,0.0,-65.09376,-64.052086,0.25964195
2022-03-07T12:00:00Z,0.0,-65.09376,-64.052086,0.24354637
2022-03-08T12:00:00Z,0.0,-65.09376,-64.052086,0.235903
2022-03-09T12:00:00Z,0.0,-65.09376,-64.052086,0.23186038
2022-03-10T12:00:00Z,0.0,-65.09376,-64.052086,0.23442097
2022-03-11T12:00:00Z,0.0,-65.09376,-64.052086,0.23865716
2022-03-12T12:00:00Z,0.0,-65.09376,-64.052086,0.24103652
2022-03-13T12:00:00Z,0.0,-65.09376,-64.052086,NaN
2022-03-14T12:00:00Z,0.0,-65.09376,-64.052086,NaN
2022-03-15T12:00:00Z,0.0,-65.09376,-64.052086,NaN
2022-03-16T12:00:00Z,0.0,-65.09376,-64.052086,NaN
2022-03-17T12:00:00Z,0.0,-65.09376,-64.052086,NaN
2022-03-18T12:00:00Z,0.0,-65.09376,-64.052086,NaN
2022-03-19T12:00:00Z,0.0,-65.09376,-64.052086,NaN
2022-03-20T12:00:00Z,0.0,-65.09376,-64.052086,NaN
2022-03-21T12:00:00Z,0.0,-65.09376,-64.052086,NaN
2022-03-22T12:00:00Z,0.0,-65.09376,-64.052086,NaN
2022-03-23T12:00:00Z,0.0,-65.09376,-64.052086,NaN
2022-03-24T12:00:00Z,0.0,-65.09376,-64.052086,NaN
2022-03-25T12:00:00Z,0.0,-65.09376,-64.052086,NaN
2022-03-26T12:00:00Z,0.0,-65.09376,-64.052086,NaN
2022-03-27T12:00:00Z,0.0,-65.09376,-64.052086,NaN
2022-03-28T12:00:00Z,0.0,-65.09376,-64.052086,NaN
2022-03-29T12:00:00Z,0.0,-65.09376,-64.052086,NaN
2022-03-30T12:00:00Z,0.0,-65.09376,-64.052086,NaN
2022-03-31T12:00:00Z,0.0,-65.09376,-64.052086,NaN
2022-04-01T12:00:00Z,0.0,-65.09376,-64.052086,NaN
2022-04-02T12:00:00Z,0.0,-65.09376,-64.052086,NaN
2022-04-03T12:00:00Z,0.0,-65.09376,-64.052086,NaN
2022-04-04T12:00:00Z,0.0,-65.09376,-64.052086,NaN
2022-04-05T12:00:00Z,0.0,-65.09376,-64.052086,NaN
2022-04-06T12:00:00Z,0.0,-65.09376,-64.052086,NaN
2022-04-07T12:00:00Z,0.0,-65.09376,-64.052086,NaN
2022-04-08T12:00:00Z,0.0,-65.09376,-64.052086,NaN
2022-04-09T12:00:00Z,0.0,-65.09376,-64.052086,NaN
2022-04-10T12:00:00Z,0.0,-65.09376,-64.052086,NaN
2022-04-11T12:00:00Z,0.0,-65.09376,-64.052086,NaN
2022-04-12T12:00:00Z,0.0,-65.09376,-64.052086,NaN
2022-04-13T12:00:00Z,0.0,-65.09376,-64.052086,NaN
2022-04-14T12:00:00Z,0.0,-65.09376,-64.052086,NaN
2022-04-15T12:00:00Z,0.0,-65.09376,-64.052086,NaN
2022-04-16T12:00:00Z,0.0,-65.09376,-64.052086,NaN
2022-04-17T12:00:00Z,0.0,-65.09376,-64.052086,NaN
2022-04-18T12:00:00Z,0.0,-65.09376,-64.052086,NaN
2022-04-19T12:00:00Z,0.0,-65.09376,-64.052086,NaN
2022-04-20T12:00:00Z,0.0,-65.09376,-64.052086,NaN
2022-04-21T12:00:00Z,0.0,-65.09376,-64.052086,NaN
2022-04-22T12:00:00Z,0.0,-65.09376,-64.052086,NaN
2022-04-23T12:00:00Z,0.0,-65.09376,-64.052086,NaN
2022-04-24T12:00:00Z,0.0,-65.09376,-64.052086,NaN
2022-04-25T12:00:00Z,0.0,-65.09376,-64.052086,NaN
2022-04-26T12:00:00Z,0.0,-65.09376,-64.052086,NaN
2022-04-27T12:00:00Z,0.0,-65.09376,-64.052086,NaN
2022-04-28T12:00:00Z,0.0,-65.09376,-64.052086,NaN
2022-04-29T12:00:00Z,0.0,-65.09376,-64.052086,NaN
2022-04-30T12:00:00Z,0.0,-65.09376,-64.052086,NaN
2022-05-01T12:00:00Z,0.0,-65.09376,-64.052086,NaN
2022-05-02T12:00:00Z,0.0,-65.09376,-64.052086,NaN
2022-05-03T12:00:00Z,0.0,-65.09376,-64.052086,NaN
2022-05-04T12:00:00Z,0.0,-65.09376,-64.052086,NaN
2022-05-05T12:00:00Z,0.0,-65.09376,-64.052086,NaN
2022-05-06T12:00:00Z,0.0,-65.09376,-64.052086,NaN
2022-05-07T12:00:00Z,0.0,-65.09376,-64.052086,NaN
2022-05-08T12:00:00Z,0.0,-65.09376,-64.052086,NaN
2022-05-09T12:00:00Z,0.0,-65.09376,-64.052086,NaN
2022-05-10T12:00:00Z,0.0,-65.09376,-64.052086,NaN
2022-05-11T12:00:00Z,0.0,-65.09376,-64.052086,NaN
2022-05-12T12:00:00Z,0.0,-65.09376,-64.052086,NaN
2022-05-13T12:00:00Z,0.0,-65.09376,-64.052086,NaN
2022-05-14T12:00:00Z,0.0,-65.09376,-64.052086,NaN
2022-05-15T12:00:00Z,0.0,-65.09376,-64.052086,NaN
2022-05-16T12:00:00Z,0.0,-65.09376,-64.052086,NaN
2022-05-17T12:00:00Z,0.0,-65.09376,-64.052086,NaN
2022-05-18T12:00:00Z,0.0,-65.09376,-64.052086,NaN
2022-05-19T12:00:00Z,0.0,-65.09376,-64.052086,NaN
2022-05-20T12:00:00Z,0.0,-65.09376,-64.052086,NaN
2022-05-21T12:00:00Z,0.0,-65.09376,-64.052086,NaN
2022-05-22T12:00:00Z,0.0,-65.09376,-64.052086,NaN
2022-05-23T12:00:00Z,0.0,-65.09376,-64.052086,NaN
2022-05-24T12:00:00Z,0.0,-65.09376,-64.052086,NaN
2022-05-25T12:00:00Z,0.0,-65.09376,-64.052086,NaN
2022-05-26T12:00:00Z,0.0,-65.09376,-64.052086,NaN
2022-05-27T12:00:00Z,0.0,-65.09376,-64.052086,NaN
2022-05-28T12:00:00Z,0.0,-65.09376,-64.052086,NaN
2022-05-29T12:00:00Z,0.0,-65.09376,-64.052086,NaN
2022-05-30T12:00:00Z,0.0,-65.09376,-64.052086,NaN
2022-05-31T12:00:00Z,0.0,-65.09376,-64.052086,NaN
2022-06-01T12:00:00Z,0.0,-65.09376,-64.052086,NaN
2022-06-02T12:00:00Z,0.0,-65.09376,-64.052086,NaN
2022-06-03T12:00:00Z,0.0,-65.09376,-64.052086,NaN
2022-06-04T12:00:00Z,0.0,-65.09376,-64.052086,NaN
2022-06-05T12:00:00Z,0.0,-65.09376,-64.052086,NaN
2022-06-06T12:00:00Z,0.0,-65.09376,-64.052086,NaN
2022-06-07T12:00:00Z,0.0,-65.09376,-64.052086,NaN
2022-06-08T12:00:00Z,0.0,-65.09376,-64.052086,NaN
2022-06-09T12:00:00Z,0.0,-65.09376,-64.052086,NaN
2022-06-10T12:00:00Z,0.0,-65.09376,-64.052086,NaN
2022-06-11T12:00:00Z,0.0,-65.09376,-64.052086,NaN
2022-06-12T12:00:00Z,0.0,-65.09376,-64.052086,NaN
2022-06-13T12:00:00Z,0.0,-65.09376,-64.052086,NaN
2022-06-14T12:00:00Z,0.0,-65.09376,-64.052086,NaN
2022-06-15T12:00:00Z,0.0,-65.09376,-64.052086,NaN
2022-06-16T12:00:00Z,0.0,-65.09376,-64.052086,NaN
2022-06-17T12:00:00Z,0.0,-65.09376,-64.052086,NaN
2022-06-18T12:00:00Z,0.0,-65.09376,-64.052086,NaN
2022-06-19T12:00:00Z,0.0,-65.09376,-64.052086,NaN
2022-06-20T12:00:00Z,0.0,-65.09376,-64.052086,NaN
2022-06-21T12:00:00Z,0.0,-65.09376,-64.052086,NaN
2022-06-22T12:00:00Z,0.0,-65.09376,-64.052086,NaN
2022-06-23T12:00:00Z,0.0,-65.09376,-64.052086,NaN
2022-06-24T12:00:00Z,0.0,-65.09376,-64.052086,NaN
2022-06-25T12:00:00Z,0.0,-65.09376,-64.052086,NaN
2022-06-26T12:00:00Z,0.0,-65.09376,-64.052086,NaN
2022-06-27T12:00:00Z,0.0,-65.09376,-64.052086,NaN
2022-06-28T12:00:00Z,0.0,-65.09376,-64.052086,NaN
2022-06-29T12:00:00Z,0.0,-65.09376,-64.052086,NaN
2022-06-30T12:00:00Z,0.0,-65.09376,-64.052086,NaN
2022-07-01T12:00:00Z,0.0,-65.09376,-64.052086,NaN
2022-07-02T12:00:00Z,0.0,-65.09376,-64.052086,NaN
2022-07-03T12:00:00Z,0.0,-65.09376,-64.052086,NaN
2022-07-04T12:00:00Z,0.0,-65.09376,-64.052086,NaN
2022-07-05T12:00:00Z,0.0,-65.09376,-64.052086,NaN
2022-07-06T12:00:00Z,0.0,-65.09376,-64.052086,NaN
2022-07-07T12:00:00Z,0.0,-65.09376,-64.052086,NaN
2022-07-08T12:00:00Z,0.0,-65.09376,-64.052086,NaN
2022-07-09T12:00:00Z,0.0,-65.09376,-64.052086,NaN
2022-07-10T12:00:00Z,0.0,-65.09376,-64.052086,NaN
2022-07-11T12:00:00Z,0.0,-65.09376,-64.052086,NaN
2022-07-12T12:00:00Z,0.0,-65.09376,-64.052086,NaN
2022-07-13T12:00:00Z,0.0,-65.09376,-64.052086,NaN
2022-07-14T12:00:00Z,0.0,-65.09376,-64.052086,NaN
2022-07-15T12:00:00Z,0.0,-65.09376,-64.052086,NaN
2022-07-16T12:00:00Z,0.0,-65.09376,-64.052086,NaN
2022-07-17T12:00:00Z,0.0,-65.09376,-64.052086,NaN
2022-07-18T12:00:00Z,0.0,-65.09376,-64.052086,NaN
2022-07-19T12:00:00Z,0.0,-65.09376,-64.052086,NaN
2022-07-20T12:00:00Z,0.0,-65.09376,-64.052086,NaN
2022-07-21T12:00:00Z,0.0,-65.09376,-64.052086,NaN
2022-07-22T12:00:00Z,0.0,-65.09376,-64.052086,NaN
2022-07-23T12:00:00Z,0.0,-65.09376,-64.052086,NaN
2022-07-24T12:00:00Z,0.0,-65.09376,-64.052086,NaN
2022-07-25T12:00:00Z,0.0,-65.09376,-64.052086,NaN
2022-07-26T12:00:00Z,0.0,-65.09376,-64.052086,NaN
2022-07-27T12:00:00Z,0.0,-65.09376,-64.052086,NaN
2022-07-28T12:00:00Z,0.0,-65.09376,-64.052086,NaN
2022-07-29T12:00:00Z,0.0,-65.09376,-64.052086,NaN
2022-07-30T12:00:00Z,0.0,-65.09376,-64.052086,NaN
2022-07-31T12:00:00Z,0.0,-65.09376,-64.052086,NaN
2022-08-01T12:00:00Z,0.0,-65.09376,-64.052086,NaN
2022-08-02T12:00:00Z,0.0,-65.09376,-64.052086,NaN
2022-08-03T12:00:00Z,0.0,-65.09376,-64.052086,NaN
2022-08-04T12:00:00Z,0.0,-65.09376,-64.052086,NaN
2022-08-05T12:00:00Z,0.0,-65.09376,-64.052086,NaN
2022-08-06T12:00:00Z,0.0,-65.09376,-64.052086,NaN
2022-08-07T12:00:00Z,0.0,-65.09376,-64.052086,NaN
2022-08-08T12:00:00Z,0.0,-65.09376,-64.052086,NaN
2022-08-09T12:00:00Z,0.0,-65.09376,-64.052086,NaN
2022-08-10T12:00:00Z,0.0,-65.09376,-64.052086,NaN
2022-08-11T12:00:00Z,0.0,-65.09376,-64.052086,NaN
2022-08-12T12:00:00Z,0.0,-65.09376,-64.052086,NaN
2022-08-13T12:00:00Z,0.0,-65.09376,-64.052086,NaN
2022-08-14T12:00:00Z,0.0,-65.09376,-64.052086,NaN
2022-08-15T12:00:00Z,0.0,-65.09376,-64.052086,NaN
2022-08-16T12:00:00Z,0.0,-65.09376,-64.052086,NaN
2022-08-17T12:00:00Z,0.0,-65.09376,-64.052086,NaN
2022-08-18T12:00:00Z,0.0,-65.09376,-64.052086,NaN
2022-08-19T12:00:00Z,0.0,-65.09376,-64.052086,NaN
2022-08-20T12:00:00Z,0.0,-65.09376,-64.052086,NaN
2022-08-21T12:00:00Z,0.0,-65.09376,-64.052086,NaN
2022-08-22T12:00:00Z,0.0,-65.09376,-64.052086,NaN
2022-08-23T12:00:00Z,0.0,-65.09376,-64.052086,NaN
2022-08-24T12:00:00Z,0.0,-65.09376,-64.052086,NaN
2022-08-25T12:00:00Z,0.0,-65.09376,-64.052086,NaN
2022-08-26T12:00:00Z,0.0,-65.09376,-64.052086,NaN
2022-08-27T12:00:00Z,0.0,-65.09376,-64.052086,NaN
2022-08-28T12:00:00Z,0.0,-65.09376,-64.052086,NaN
2022-08-29T12:00:00Z,0.0,-65.09376,-64.052086,NaN
2022-08-30T12:00:00Z,0.0,-65.09376,-64.052086,NaN
2022-08-31T12:00:00Z,0.0,-65.09376,-64.052086,NaN
2022-09-01T12:00:00Z,0.0,-65.09376,-64.052086,NaN
2022-09-02T12:00:00Z,0.0,-65.09376,-64.052086,NaN
2022-09-03T12:00:00Z,0.0,-65.09376,-64.052086,NaN
2022-09-04T12:00:00Z,0.0,-65.09376,-64.052086,NaN
2022-09-05T12:00:00Z,0.0,-65.09376,-64.052086,NaN
2022-09-06T12:00:00Z,0.0,-65.09376,-64.052086,NaN
2022-09-07T12:00:00Z,0.0,-65.09376,-64.052086,NaN
2022-09-08T12:00:00Z,0.0,-65.09376,-64.052086,NaN
2022-09-09T12:00:00Z,0.0,-65.09376,-64.052086,NaN
2022-09-10T12:00:00Z,0.0,-65.09376,-64.052086,NaN
2022-09-11T12:00:00Z,0.0,-65.09376,-64.052086,NaN
2022-09-12T12:00:00Z,0.0,-65.09376,-64.052086,NaN
2022-09-13T12:00:00Z,0.0,-65.09376,-64.052086,NaN
2022-09-14T12:00:00Z,0.0,-65.09376,-64.052086,NaN
2022-09-15T12:00:00Z,0.0,-65.09376,-64.052086,NaN
2022-09-16T12:00:00Z,0.0,-65.09376,-64.052086,NaN
2022-09-17T12:00:00Z,0.0,-65.09376,-64.052086,NaN
2022-09-18T12:00:00Z,0.0,-65.09376,-64.052086,NaN
2022-09-19T12:00:00Z,0.0,-65.09376,-64.052086,NaN
2022-09-20T12:00:00Z,0.0,-65.09376,-64.052086,NaN
2022-09-21T12:00:00Z,0.0,-65.09376,-64.052086,NaN
2022-09-22T12:00:00Z,0.0,-65.09376,-64.052086,NaN
2022-09-23T12:00:00Z,0.0,-65.09376,-64.052086,NaN
2022-09-24T12:00:00Z,0.0,-65.09376,-64.052086,NaN
2022-09-25T12:00:00Z,0.0,-65.09376,-64.052086,NaN
2022-09-26T12:00:00Z,0.0,-65.09376,-64.052086,NaN
2022-09-27T12:00:00Z,0.0,-65.09376,-64.052086,NaN
2022-09-28T12:00:00Z,0.0,-65.09376,-64.052086,NaN
2022-09-29T12:00:00Z,0.0,-65.09376,-64.052086,NaN
2022-09-30T12:00:00Z,0.0,-65.09376,-64.052086,NaN
2022-10-01T12:00:00Z,0.0,-65.09376,-64.052086,NaN
2022-10-02T12:00:00Z,0.0,-65.09376,-64.052086,NaN
2022-10-03T12:00:00Z,0.0,-65.09376,-64.052086,NaN
2022-10-04T12:00:00Z,0.0,-65.09376,-64.052086,NaN
2022-10-05T12:00:00Z,0.0,-65.09376,-64.052086,NaN
2022-10-06T12:00:00Z,0.0,-65.09376,-64.052086,NaN
2022-10-07T12:00:00Z,0.0,-65.09376,-64.052086,NaN
2022-10-08T12:00:00Z,0.0,-65.09376,-64.052086,NaN
2022-10-09T12:00:00Z,0.0,-65.09376,-64.052086,NaN
2022-10-10T12:00:00Z,0.0,-65.09376,-64.052086,NaN
2022-10-11T12:00:00Z,0.0,-65.09376,-64.052086,NaN
2022-10-12T12:00:00Z,0.0,-65.09376,-64.052086,NaN
2022-10-13T12:00:00Z,0.0,-65.09376,-64.052086,NaN
2022-10-14T12:00:00Z,0.0,-65.09376,-64.052086,NaN
2022-10-15T12:00:00Z,0.0,-65.09376,-64.052086,NaN
2022-10-16T12:00:00Z,0.0,-65.09376,-64.052086,NaN
2022-10-17T12:00:00Z,0.0,-65.09376,-64.052086,NaN
2022-10-18T12:00:00Z,0.0,-65.09376,-64.052086,NaN
2022-10-19T12:00:00Z,0.0,-65.09376,-64.052086,NaN
2022-10-20T12:00:00Z,0.0,-65.09376,-64.052086,NaN
2022-10-21T12:00:00Z,0.0,-65.09376,-64.052086,NaN
2022-10-22T12:00:00Z,0.0,-65.09376,-64.052086,0.09793196
2022-10-23T12:00:00Z,0.0,-65.09376,-64.052086,0.14844538
2022-10-24T12:00:00Z,0.0,-65.09376,-64.052086,0.13871889
2022-10-25T12:00:00Z,0.0,-65.09376,-64.052086,0.13391745
2022-10-26T12:00:00Z,0.0,-65.09376,-64.052086,0.1501342
2022-10-27T12:00:00Z,0.0,-65.09376,-64.052086,0.15179263
2022-10-28T12:00:00Z,0.0,-65.09376,-64.052086,0.14755574
2022-10-29T12:00:00Z,0.0,-65.09376,-64.052086,0.13373281
2022-10-30T12:00:00Z,0.0,-65.09376,-64.052086,0.17146422
2022-10-31T12:00:00Z,0.0,-65.09376,-64.052086,0.1772113
2022-11-01T12:00:00Z,0.0,-65.09376,-64.052086,0.1722641
2022-11-02T12:00:00Z,0.0,-65.09376,-64.052086,0.17321882
2022-11-03T12:00:00Z,0.0,-65.09376,-64.052086,0.17016907
2022-11-04T12:00:00Z,0.0,-65.09376,-64.052086,0.16839275
2022-11-05T12:00:00Z,0.0,-65.09376,-64.052086,0.17120533
2022-11-06T12:00:00Z,0.0,-65.09376,-64.052086,0.16818303
2022-11-07T12:00:00Z,0.0,-65.09376,-64.052086,0.17187153
2022-11-08T12:00:00Z,0.0,-65.09376,-64.052086,0.17180145
2022-11-09T12:00:00Z,0.0,-65.09376,-64.052086,0.19173844
2022-11-10T12:00:00Z,0.0,-65.09376,-64.052086,0.17217486
2022-11-11T12:00:00Z,0.0,-65.09376,-64.052086,0.16940118
2022-11-12T12:00:00Z,0.0,-65.09376,-64.052086,0.17192543
2022-11-13T12:00:00Z,0.0,-65.09376,-64.052086,0.18980874
2022-11-14T12:00:00Z,0.0,-65.09376,-64.052086,0.19024207
2022-11-15T12:00:00Z,0.0,-65.09376,-64.052086,0.18835592
2022-11-16T12:00:00Z,0.0,-65.09376,-64.052086,0.19115064
2022-11-17T12:00:00Z,0.0,-65.09376,-64.052086,0.206393
2022-11-18T12:00:00Z,0.0,-65.09376,-64.052086,0.21488369
2022-11-19T12:00:00Z,0.0,-65.09376,-64.052086,0.22214895
2022-11-20T12:00:00Z,0.0,-65.09376,-64.052086,0.22290677
2022-11-21T12:00:00Z,0.0,-65.09376,-64.052086,0.21727084
2022-11-22T12:00:00Z,0.0,-65.09376,-64.052086,0.21116652
2022-11-23T12:00:00Z,0.0,-65.09376,-64.052086,0.21339656
2022-11-24T12:00:00Z,0.0,-65.09376,-64.052086,0.21464881
2022-11-25T12:00:00Z,0.0,-65.09376,-64.052086,0.21429849
2022-11-26T12:00:00Z,0.0,-65.09376,-64.052086,0.21072288
2022-11-27T12:00:00Z,0.0,-65.09376,-64.052086,0.21938075
2022-11-28T12:00:00Z,0.0,-65.09376,-64.052086,0.21740808
2022-11-29T12:00:00Z,0.0,-65.09376,-64.052086,0.20942317
2022-11-30T12:00:00Z,0.0,-65.09376,-64.052086,0.23862915
2022-12-01T12:00:00Z,0.0,-65.09376,-64.052086,0.22104408
2022-12-02T12:00:00Z,0.0,-65.09376,-64.052086,0.23930289
2022-12-03T12:00:00Z,0.0,-65.09376,-64.052086,0.22565466
2022-12-04T12:00:00Z,0.0,-65.09376,-64.052086,0.21250106
2022-12-05T12:00:00Z,0.0,-65.09376,-64.052086,0.27146393
2022-12-06T12:00:00Z,0.0,-65.09376,-64.052086,0.25819847
2022-12-07T12:00:00Z,0.0,-65.09376,-64.052086,0.27944985
2022-12-08T12:00:00Z,0.0,-65.09376,-64.052086,0.2553517
2022-12-09T12:00:00Z,0.0,-65.09376,-64.052086,0.25438452
2022-12-10T12:00:00Z,0.0,-65.09376,-64.052086,0.25777602
2022-12-11T12:00:00Z,0.0,-65.09376,-64.052086,0.2528393
2022-12-12T12:00:00Z,0.0,-65.09376,-64.052086,0.2484509
2022-12-13T12:00:00Z,0.0,-65.09376,-64.052086,0.2524143
2022-12-14T12:00:00Z,0.0,-65.09376,-64.052086,0.25818294
2022-12-15T12:00:00Z,0.0,-65.09376,-64.052086,0.26012775
2022-12-16T12:00:00Z,0.0,-65.09376,-64.052086,0.25061423
2022-12-17T12:00:00Z,0.0,-65.09376,-64.052086,0.25633052
2022-12-18T12:00:00Z,0.0,-65.09376,-64.052086,0.25525743
2022-12-19T12:00:00Z,0.0,-65.09376,-64.052086,0.25334784
2022-12-20T12:00:00Z,0.0,-65.09376,-64.052086,0.26892987
2022-12-21T12:00:00Z,0.0,-65.09376,-64.052086,0.26134992
2022-12-22T12:00:00Z,0.0,-65.09376,-64.052086,0.2640229
2022-12-23T12:00:00Z,0.0,-65.09376,-64.052086,0.2802363
2022-12-24T12:00:00Z,0.0,-65.09376,-64.052086,0.28663668
2022-12-25T12:00:00Z,0.0,-65.09376,-64.052086,0.2957453
2022-12-26T12:00:00Z,0.0,-65.09376,-64.052086,0.27949178
2022-12-27T12:00:00Z,0.0,-65.09376,-64.052086,0.24395189
2022-12-28T12:00:00Z,0.0,-65.09376,-64.052086,0.2506736
2022-12-29T12:00:00Z,0.0,-65.09376,-64.052086,0.24939439
2022-12-30T12:00:00Z,0.0,-65.09376,-64.052086,0.26066506
2022-12-31T12:00:00Z,0.0,-65.09376,-64.052086,0.24808538
2023-01-01T12:00:00Z,0.0,-65.09376,-64.052086,0.24760614
2023-01-02T12:00:00Z,0.0,-65.09376,-64.052086,0.30420315
2023-01-03T12:00:00Z,0.0,-65.09376,-64.052086,0.2903025
2023-01-04T12:00:00Z,0.0,-65.09376,-64.052086,0.30478016
2023-01-05T12:00:00Z,0.0,-65.09376,-64.052086,0.2963113
2023-01-06T12:00:00Z,0.0,-65.09376,-64.052086,0.2994939
2023-01-07T12:00:00Z,0.0,-65.09376,-64.052086,0.30758098
2023-01-08T12:00:00Z,0.0,-65.09376,-64.052086,0.30219054
2023-01-09T12:00:00Z,0.0,-65.09376,-64.052086,0.30058548
2023-01-10T12:00:00Z,0.0,-65.09376,-64.052086,0.28447273
2023-01-11T12:00:00Z,0.0,-65.09376,-64.052086,0.26134726
2023-01-12T12:00:00Z,0.0,-65.09376,-64.052086,0.23510717
2023-01-13T12:00:00Z,0.0,-65.09376,-64.052086,0.23825625
2023-01-14T12:00:00Z,0.0,-65.09376,-64.052086,0.22483183
2023-01-15T12:00:00Z,0.0,-65.09376,-64.052086,0.22691151
2023-01-16T12:00:00Z,0.0,-65.09376,-64.052086,0.21701272
2023-01-17T12:00:00Z,0.0,-65.09376,-64.052086,0.21884553
2023-01-18T12:00:00Z,0.0,-65.09376,-64.052086,0.21518223
2023-01-19T12:00:00Z,0.0,-65.09376,-64.052086,0.20555905
2023-01-20T12:00:00Z,0.0,-65.09376,-64.052086,0.21480222
2023-01-21T12:00:00Z,0.0,-65.09376,-64.052086,0.21576016
2023-01-22T12:00:00Z,0.0,-65.09376,-64.052086,0.28335524
2023-01-23T12:00:00Z,0.0,-65.09376,-64.052086,0.2895463
2023-01-24T12:00:00Z,0.0,-65.09376,-64.052086,0.29968524
2023-01-25T12:00:00Z,0.0,-65.09376,-64.052086,0.2743322
2023-01-26T12:00:00Z,0.0,-65.09376,-64.052086,0.22751515
2023-01-27T12:00:00Z,0.0,-65.09376,-64.052086,0.2319949
2023-01-28T12:00:00Z,0.0,-65.09376,-64.052086,0.17157954
2023-01-29T12:00:00Z,0.0,-65.09376,-64.052086,0.1648854
2023-01-30T12:00:00Z,0.0,-65.09376,-64.052086,0.16829333
2023-01-31T12:00:00Z,0.0,-65.09376,-64.052086,0.17027843
2023-02-01T12:00:00Z,0.0,-65.09376,-64.052086,0.1814484
2023-02-02T12:00:00Z,0.0,-65.09376,-64.052086,0.17491649
2023-02-03T12:00:00Z,0.0,-65.09376,-64.052086,0.17807321
2023-02-04T12:00:00Z,0.0,-65.09376,-64.052086,0.17652182
2023-02-05T12:00:00Z,0.0,-65.09376,-64.052086,0.17677803
2023-02-06T12:00:00Z,0.0,-65.09376,-64.052086,0.17704412
2023-02-07T12:00:00Z,0.0,-65.09376,-64.052086,0.2670058
2023-02-08T12:00:00Z,0.0,-65.09376,-64.052086,0.26872817
2023-02-09T12:00:00Z,0.0,-65.09376,-64.052086,0.27982286
2023-02-10T12:00:00Z,0.0,-65.09376,-64.052086,0.24965423
2023-02-11T12:00:00Z,0.0,-65.09376,-64.052086,0.24691045
2023-02-12T12:00:00Z,0.0,-65.09376,-64.052086,0.25388014
2023-02-13T12:00:00Z,0.0,-65.09376,-64.052086,0.23852314
2023-02-14T12:00:00Z,0.0,-65.09376,-64.052086,0.24487622
2023-02-15T12:00:00Z,0.0,-65.09376,-64.052086,0.26198456
2023-02-16T12:00:00Z,0.0,-65.09376,-64.052086,0.24946788
2023-02-17T12:00:00Z,0.0,-65.09376,-64.052086,0.26513895
2023-02-18T12:00:00Z,0.0,-65.09376,-64.052086,0.27957982
2023-02-19T12:00:00Z,0.0,-65.09376,-64.052086,0.28684688
2023-02-20T12:00:00Z,0.0,-65.09376,-64.052086,0.2678632
2023-02-21T12:00:00Z,0.0,-65.09376,-64.052086,0.28065723
2023-02-22T12:00:00Z,0.0,-65.09376,-64.052086,0.2775734
2023-02-23T12:00:00Z,0.0,-65.09376,-64.052086,0.28238595
2023-02-24T12:00:00Z,0.0,-65.09376,-64.052086,0.23134159
2023-02-25T12:00:00Z,0.0,-65.09376,-64.052086,0.23408154
2023-02-26T12:00:00Z,0.0,-65.09376,-64.052086,0.22407606
2023-02-27T12:00:00Z,0.0,-65.09376,-64.052086,0.19987288
2023-02-28T12:00:00Z,0.0,-65.09376,-64.052086,0.19846012
2023-03-01T12:00:00Z,0.0,-65.09376,-64.052086,0.2057773
2023-03-02T12:00:00Z,0.0,-65.09376,-64.052086,0.19830401
2023-03-03T12:00:00Z,0.0,-65.09376,-64.052086,0.19280666
2023-03-04T12:00:00Z,0.0,-65.09376,-64.052086,0.1921907
2023-03-05T12:00:00Z,0.0,-65.09376,-64.052086,0.18859042
2023-03-06T12:00:00Z,0.0,-65.09376,-64.052086,0.18762966
2023-03-07T12:00:00Z,0.0,-65.09376,-64.052086,0.18985693
2023-03-08T12:00:00Z,0.0,-65.09376,-64.052086,0.18976574
2023-03-09T12:00:00Z,0.0,-65.09376,-64.052086,0.21295618
2023-03-10T12:00:00Z,0.0,-65.09376,-64.052086,0.18502967
2023-03-11T12:00:00Z,0.0,-65.09376,-64.052086,0.20150442
2023-03-12T12:00:00Z,0.0,-65.09376,-64.052086,0.18526828
2023-03-13T12:00:00Z,0.0,-65.09376,-64.052086,NaN
2023-03-14T12:00:00Z,0.0,-65.09376,-64.052086,NaN
2023-03-15T12:00:00Z,0.0,-65.09376,-64.052086,NaN
2023-03-16T12:00:00Z,0.0,-65.09376,-64.052086,NaN
2023-03-17T12:00:00Z,0.0,-65.09376,-64.052086,NaN
2023-03-18T12:00:00Z,0.0,-65.09376,-64.052086,NaN
2023-03-19T12:00:00Z,0.0,-65.09376,-64.052086,NaN
2023-03-20T12:00:00Z,0.0,-65.09376,-64.052086,NaN
2023-03-21T12:00:00Z,0.0,-65.09376,-64.052086,NaN
2023-03-22T12:00:00Z,0.0,-65.09376,-64.052086,NaN
2023-03-23T12:00:00Z,0.0,-65.09376,-64.052086,NaN
2023-03-24T12:00:00Z,0.0,-65.09376,-64.052086,NaN
2023-03-25T12:00:00Z,0.0,-65.09376,-64.052086,NaN
2023-03-26T12:00:00Z,0.0,-65.09376,-64.052086,NaN
2023-03-27T12:00:00Z,0.0,-65.09376,-64.052086,NaN
2023-03-28T12:00:00Z,0.0,-65.09376,-64.052086,NaN
2023-03-29T12:00:00Z,0.0,-65.09376,-64.052086,NaN
2023-03-30T12:00:00Z,0.0,-65.09376,-64.052086,NaN
2023-03-31T12:00:00Z,0.0,-65.09376,-64.052086,NaN
2023-04-01T12:00:00Z,0.0,-65.09376,-64.052086,NaN
2023-04-02T12:00:00Z,0.0,-65.09376,-64.052086,NaN
2023-04-03T12:00:00Z,0.0,-65.09376,-64.052086,NaN
2023-04-04T12:00:00Z,0.0,-65.09376,-64.052086,NaN
2023-04-05T12:00:00Z,0.0,-65.09376,-64.052086,NaN
2023-04-06T12:00:00Z,0.0,-65.09376,-64.052086,NaN
2023-04-07T12:00:00Z,0.0,-65.09376,-64.052086,NaN
2023-04-08T12:00:00Z,0.0,-65.09376,-64.052086,NaN
2023-04-09T12:00:00Z,0.0,-65.09376,-64.052086,NaN
2023-04-10T12:00:00Z,0.0,-65.09376,-64.052086,NaN
2023-04-11T12:00:00Z,0.0,-65.09376,-64.052086,NaN
2023-04-12T12:00:00Z,0.0,-65.09376,-64.052086,NaN
2023-04-13T12:00:00Z,0.0,-65.09376,-64.052086,NaN
2023-04-14T12:00:00Z,0.0,-65.09376,-64.052086,NaN
2023-04-15T12:00:00Z,0.0,-65.09376,-64.052086,NaN
2023-04-16T12:00:00Z,0.0,-65.09376,-64.052086,NaN
2023-04-17T12:00:00Z,0.0,-65.09376,-64.052086,NaN
2023-04-18T12:00:00Z,0.0,-65.09376,-64.052086,NaN
2023-04-19T12:00:00Z,0.0,-65.09376,-64.052086,NaN
2023-04-20T12:00:00Z,0.0,-65.09376,-64.052086,NaN
2023-04-21T12:00:00Z,0.0,-65.09376,-64.052086,NaN
2023-04-22T12:00:00Z,0.0,-65.09376,-64.052086,NaN
2023-04-23T12:00:00Z,0.0,-65.09376,-64.052086,NaN
2023-04-24T12:00:00Z,0.0,-65.09376,-64.052086,NaN
2023-04-25T12:00:00Z,0.0,-65.09376,-64.052086,NaN
2023-04-26T12:00:00Z,0.0,-65.09376,-64.052086,NaN
2023-04-27T12:00:00Z,0.0,-65.09376,-64.052086,NaN
2023-04-28T12:00:00Z,0.0,-65.09376,-64.052086,NaN
2023-04-29T12:00:00Z,0.0,-65.09376,-64.052086,NaN
2023-04-30T12:00:00Z,0.0,-65.09376,-64.052086,NaN
2023-05-01T12:00:00Z,0.0,-65.09376,-64.052086,NaN
2023-05-02T12:00:00Z,0.0,-65.09376,-64.052086,NaN
2023-05-03T12:00:00Z,0.0,-65.09376,-64.052086,NaN
2023-05-04T12:00:00Z,0.0,-65.09376,-64.052086,NaN
2023-05-05T12:00:00Z,0.0,-65.09376,-64.052086,NaN
2023-05-06T12:00:00Z,0.0,-65.09376,-64.052086,NaN
2023-05-07T12:00:00Z,0.0,-65.09376,-64.052086,NaN
2023-05-08T12:00:00Z,0.0,-65.09376,-64.052086,NaN
2023-05-09T12:00:00Z,0.0,-65.09376,-64.052086,NaN
2023-05-10T12:00:00Z,0.0,-65.09376,-64.052086,NaN
2023-05-11T12:00:00Z,0.0,-65.09376,-64.052086,NaN
2023-05-12T12:00:00Z,0.0,-65.09376,-64.052086,NaN
2023-05-13T12:00:00Z,0.0,-65.09376,-64.052086,NaN
2023-05-14T12:00:00Z,0.0,-65.09376,-64.052086,NaN
2023-05-15T12:00:00Z,0.0,-65.09376,-64.052086,NaN
2023-05-16T12:00:00Z,0.0,-65.09376,-64.052086,NaN
2023-05-17T12:00:00Z,0.0,-65.09376,-64.052086,NaN
2023-05-18T12:00:00Z,0.0,-65.09376,-64.052086,NaN
2023-05-19T12:00:00Z,0.0,-65.09376,-64.052086,NaN
2023-05-20T12:00:00Z,0.0,-65.09376,-64.052086,NaN
2023-05-21T12:00:00Z,0.0,-65.09376,-64.052086,NaN
2023-05-22T12:00:00Z,0.0,-65.09376,-64.052086,NaN
2023-05-23T12:00:00Z,0.0,-65.09376,-64.052086,NaN
2023-05-24T12:00:00Z,0.0,-65.09376,-64.052086,NaN
2023-05-25T12:00:00Z,0.0,-65.09376,-64.052086,NaN
2023-05-26T12:00:00Z,0.0,-65.09376,-64.052086,NaN
2023-05-27T12:00:00Z,0.0,-65.09376,-64.052086,NaN
2023-05-28T12:00:00Z,0.0,-65.09376,-64.052086,NaN
2023-05-29T12:00:00Z,0.0,-65.09376,-64.052086,NaN
2023-05-30T12:00:00Z,0.0,-65.09376,-64.052086,NaN
2023-05-31T12:00:00Z,0.0,-65.09376,-64.052086,NaN
2023-06-01T12:00:00Z,0.0,-65.09376,-64.052086,NaN
2023-06-02T12:00:00Z,0.0,-65.09376,-64.052086,NaN
2023-06-03T12:00:00Z,0.0,-65.09376,-64.052086,NaN
2023-06-04T12:00:00Z,0.0,-65.09376,-64.052086,NaN
2023-06-05T12:00:00Z,0.0,-65.09376,-64.052086,NaN
2023-06-06T12:00:00Z,0.0,-65.09376,-64.052086,NaN
2023-06-07T12:00:00Z,0.0,-65.09376,-64.052086,NaN
2023-06-08T12:00:00Z,0.0,-65.09376,-64.052086,NaN
2023-06-09T12:00:00Z,0.0,-65.09376,-64.052086,NaN
2023-06-10T12:00:00Z,0.0,-65.09376,-64.052086,NaN
2023-06-11T12:00:00Z,0.0,-65.09376,-64.052086,NaN
2023-06-12T12:00:00Z,0.0,-65.09376,-64.052086,NaN
2023-06-13T12:00:00Z,0.0,-65.09376,-64.052086,NaN
2023-06-14T12:00:00Z,0.0,-65.09376,-64.052086,NaN
2023-06-15T12:00:00Z,0.0,-65.09376,-64.052086,NaN
2023-06-16T12:00:00Z,0.0,-65.09376,-64.052086,NaN
2023-06-17T12:00:00Z,0.0,-65.09376,-64.052086,NaN
2023-06-18T12:00:00Z,0.0,-65.09376,-64.052086,NaN
2023-06-19T12:00:00Z,0.0,-65.09376,-64.052086,NaN
2023-06-20T12:00:00Z,0.0,-65.09376,-64.052086,NaN
2023-06-21T12:00:00Z,0.0,-65.09376,-64.052086,NaN
2023-06-22T12:00:00Z,0.0,-65.09376,-64.052086,NaN
2023-06-23T12:00:00Z,0.0,-65.09376,-64.052086,NaN
2023-06-24T12:00:00Z,0.0,-65.09376,-64.052086,NaN
2023-06-25T12:00:00Z,0.0,-65.09376,-64.052086,NaN
2023-06-26T12:00:00Z,0.0,-65.09376,-64.052086,NaN
2023-06-27T12:00:00Z,0.0,-65.09376,-64.052086,NaN
2023-06-28T12:00:00Z,0.0,-65.09376,-64.052086,NaN
2023-06-29T12:00:00Z,0.0,-65.09376,-64.052086,NaN
2023-06-30T12:00:00Z,0.0,-65.09376,-64.052086,NaN
2023-07-01T12:00:00Z,0.0,-65.09376,-64.052086,NaN
2023-07-02T12:00:00Z,0.0,-65.09376,-64.052086,NaN
2023-07-03T12:00:00Z,0.0,-65.09376,-64.052086,NaN
2023-07-04T12:00:00Z,0.0,-65.09376,-64.052086,NaN
2023-07-05T12:00:00Z,0.0,-65.09376,-64.052086,NaN
2023-07-06T12:00:00Z,0.0,-65.09376,-64.052086,NaN
2023-07-07T12:00:00Z,0.0,-65.09376,-64.052086,NaN
2023-07-08T12:00:00Z,0.0,-65.09376,-64.052086,NaN
2023-07-09T12:00:00Z,0.0,-65.09376,-64.052086,NaN
2023-07-10T12:00:00Z,0.0,-65.09376,-64.052086,NaN
2023-07-11T12:00:00Z,0.0,-65.09376,-64.052086,NaN
2023-07-12T12:00:00Z,0.0,-65.09376,-64.052086,NaN
2023-07-13T12:00:00Z,0.0,-65.09376,-64.052086,NaN
2023-07-14T12:00:00Z,0.0,-65.09376,-64.052086,NaN
2023-07-15T12:00:00Z,0.0,-65.09376,-64.052086,NaN
2023-07-16T12:00:00Z,0.0,-65.09376,-64.052086,NaN
2023-07-17T12:00:00Z,0.0,-65.09376,-64.052086,NaN
2023-07-18T12:00:00Z,0.0,-65.09376,-64.052086,NaN
2023-07-19T12:00:00Z,0.0,-65.09376,-64.052086,NaN
2023-07-20T12:00:00Z,0.0,-65.09376,-64.052086,NaN
2023-07-21T12:00:00Z,0.0,-65.09376,-64.052086,NaN
2023-07-22T12:00:00Z,0.0,-65.09376,-64.052086,NaN
2023-07-23T12:00:00Z,0.0,-65.09376,-64.052086,NaN
2023-07-24T12:00:00Z,0.0,-65.09376,-64.052086,NaN
2023-07-25T12:00:00Z,0.0,-65.09376,-64.052086,NaN
2023-07-26T12:00:00Z,0.0,-65.09376,-64.052086,NaN
2023-07-27T12:00:00Z,0.0,-65.09376,-64.052086,NaN
2023-07-28T12:00:00Z,0.0,-65.09376,-64.052086,NaN
2023-07-29T12:00:00Z,0.0,-65.09376,-64.052086,NaN
2023-07-30T12:00:00Z,0.0,-65.09376,-64.052086,NaN
2023-07-31T12:00:00Z,0.0,-65.09376,-64.052086,NaN
2023-08-01T12:00:00Z,0.0,-65.09376,-64.052086,NaN
2023-08-02T12:00:00Z,0.0,-65.09376,-64.052086,NaN
2023-08-03T12:00:00Z,0.0,-65.09376,-64.052086,NaN
2023-08-04T12:00:00Z,0.0,-65.09376,-64.052086,NaN
2023-08-05T12:00:00Z,0.0,-65.09376,-64.052086,NaN
2023-08-06T12:00:00Z,0.0,-65.09376,-64.052086,NaN
2023-08-07T12:00:00Z,0.0,-65.09376,-64.052086,NaN
2023-08-08T12:00:00Z,0.0,-65.09376,-64.052086,NaN
2023-08-09T12:00:00Z,0.0,-65.09376,-64.052086,NaN
2023-08-10T12:00:00Z,0.0,-65.09376,-64.052086,NaN
2023-08-11T12:00:00Z,0.0,-65.09376,-64.052086,NaN
2023-08-12T12:00:00Z,0.0,-65.09376,-64.052086,NaN
2023-08-13T12:00:00Z,0.0,-65.09376,-64.052086,NaN
2023-08-14T12:00:00Z,0.0,-65.09376,-64.052086,NaN
2023-08-15T12:00:00Z,0.0,-65.09376,-64.052086,NaN
2023-08-16T12:00:00Z,0.0,-65.09376,-64.052086,NaN
2023-08-17T12:00:00Z,0.0,-65.09376,-64.052086,NaN
2023-08-18T12:00:00Z,0.0,-65.09376,-64.052086,NaN
2023-08-19T12:00:00Z,0.0,-65.09376,-64.052086,NaN
2023-08-20T12:00:00Z,0.0,-65.09376,-64.052086,NaN
2023-08-21T12:00:00Z,0.0,-65.09376,-64.052086,NaN
2023-08-22T12:00:00Z,0.0,-65.09376,-64.052086,NaN
2023-08-23T12:00:00Z,0.0,-65.09376,-64.052086,NaN
2023-08-24T12:00:00Z,0.0,-65.09376,-64.052086,NaN
2023-08-25T12:00:00Z,0.0,-65.09376,-64.052086,NaN
2023-08-26T12:00:00Z,0.0,-65.09376,-64.052086,NaN
2023-08-27T12:00:00Z,0.0,-65.09376,-64.052086,NaN
2023-08-28T12:00:00Z,0.0,-65.09376,-64.052086,NaN
2023-08-29T12:00:00Z,0.0,-65.09376,-64.052086,NaN
2023-08-30T12:00:00Z,0.0,-65.09376,-64.052086,NaN
2023-08-31T12:00:00Z,0.0,-65.09376,-64.052086,NaN
2023-09-01T12:00:00Z,0.0,-65.09376,-64.052086,NaN
2023-09-02T12:00:00Z,0.0,-65.09376,-64.052086,NaN
2023-09-03T12:00:00Z,0.0,-65.09376,-64.052086,NaN
2023-09-04T12:00:00Z,0.0,-65.09376,-64.052086,NaN
2023-09-05T12:00:00Z,0.0,-65.09376,-64.052086,NaN
2023-09-06T12:00:00Z,0.0,-65.09376,-64.052086,NaN
2023-09-07T12:00:00Z,0.0,-65.09376,-64.052086,NaN
2023-09-08T12:00:00Z,0.0,-65.09376,-64.052086,NaN
2023-09-09T12:00:00Z,0.0,-65.09376,-64.052086,NaN
2023-09-10T12:00:00Z,0.0,-65.09376,-64.052086,NaN
2023-09-11T12:00:00Z,0.0,-65.09376,-64.052086,NaN
2023-09-12T12:00:00Z,0.0,-65.09376,-64.052086,NaN
2023-09-13T12:00:00Z,0.0,-65.09376,-64.052086,NaN
2023-09-14T12:00:00Z,0.0,-65.09376,-64.052086,NaN
2023-09-15T12:00:00Z,0.0,-65.09376,-64.052086,NaN
2023-09-16T12:00:00Z,0.0,-65.09376,-64.052086,NaN
2023-09-17T12:00:00Z,0.0,-65.09376,-64.052086,NaN
2023-09-18T12:00:00Z,0.0,-65.09376,-64.052086,NaN
2023-09-19T12:00:00Z,0.0,-65.09376,-64.052086,NaN
2023-09-20T12:00:00Z,0.0,-65.09376,-64.052086,NaN
2023-09-21T12:00:00Z,0.0,-65.09376,-64.052086,NaN
2023-09-22T12:00:00Z,0.0,-65.09376,-64.052086,NaN
2023-09-23T12:00:00Z,0.0,-65.09376,-64.052086,NaN
2023-09-24T12:00:00Z,0.0,-65.09376,-64.052086,NaN
2023-09-25T12:00:00Z,0.0,-65.09376,-64.052086,NaN
2023-09-26T12:00:00Z,0.0,-65.09376,-64.052086,NaN
2023-09-27T12:00:00Z,0.0,-65.09376,-64.052086,NaN
2023-09-28T12:00:00Z,0.0,-65.09376,-64.052086,NaN
2023-09-29T12:00:00Z,0.0,-65.09376,-64.052086,NaN
2023-09-30T12:00:00Z,0.0,-65.09376,-64.052086,NaN
2023-10-01T12:00:00Z,0.0,-65.09376,-64.052086,NaN
2023-10-02T12:00:00Z,0.0,-65.09376,-64.052086,NaN
2023-10-03T12:00:00Z,0.0,-65.09376,-64.052086,NaN
2023-10-04T12:00:00Z,0.0,-65.09376,-64.052086,NaN
2023-10-05T12:00:00Z,0.0,-65.09376,-64.052086,NaN
2023-10-06T12:00:00Z,0.0,-65.09376,-64.052086,NaN
2023-10-07T12:00:00Z,0.0,-65.09376,-64.052086,NaN
2023-10-08T12:00:00Z,0.0,-65.09376,-64.052086,NaN
2023-10-09T12:00:00Z,0.0,-65.09376,-64.052086,NaN
2023-10-10T12:00:00Z,0.0,-65.09376,-64.052086,NaN
2023-10-11T12:00:00Z,0.0,-65.09376,-64.052086,NaN
2023-10-12T12:00:00Z,0.0,-65.09376,-64.052086,NaN
2023-10-13T12:00:00Z,0.0,-65.09376,-64.052086,NaN
2023-10-14T12:00:00Z,0.0,-65.09376,-64.052086,NaN
2023-10-15T12:00:00Z,0.0,-65.09376,-64.052086,NaN
2023-10-16T12:00:00Z,0.0,-65.09376,-64.052086,NaN
2023-10-17T12:00:00Z,0.0,-65.09376,-64.052086,NaN
2023-10-18T12:00:00Z,0.0,-65.09376,-64.052086,NaN
2023-10-19T12:00:00Z,0.0,-65.09376,-64.052086,NaN
2023-10-20T12:00:00Z,0.0,-65.09376,-64.052086,NaN
2023-10-21T12:00:00Z,0.0,-65.09376,-64.052086,NaN
2023-10-22T12:00:00Z,0.0,-65.09376,-64.052086,0.15500893
2023-10-23T12:00:00Z,0.0,-65.09376,-64.052086,0.078790404
2023-10-24T12:00:00Z,0.0,-65.09376,-64.052086,0.076203205
2023-10-25T12:00:00Z,0.0,-65.09376,-64.052086,0.15536551
2023-10-26T12:00:00Z,0.0,-65.09376,-64.052086,0.15620543
2023-10-27T12:00:00Z,0.0,-65.09376,-64.052086,0.10248701
2023-10-28T12:00:00Z,0.0,-65.09376,-64.052086,0.13313778
2023-10-29T12:00:00Z,0.0,-65.09376,-64.052086,0.22465281
2023-10-30T12:00:00Z,0.0,-65.09376,-64.052086,0.23747021
2023-10-31T12:00:00Z,0.0,-65.09376,-64.052086,0.17805019
2023-11-01T12:00:00Z,0.0,-65.09376,-64.052086,0.19995633
2023-11-02T12:00:00Z,0.0,-65.09376,-64.052086,0.43590003
2023-11-03T12:00:00Z,0.0,-65.09376,-64.052086,0.18374948
2023-11-04T12:00:00Z,0.0,-65.09376,-64.052086,0.29038513
2023-11-05T12:00:00Z,0.0,-65.09376,-64.052086,0.3250457
2023-11-06T12:00:00Z,0.0,-65.09376,-64.052086,0.26404458
2023-11-07T12:00:00Z,0.0,-65.09376,-64.052086,0.21633847
2023-11-08T12:00:00Z,0.0,-65.09376,-64.052086,0.4003583
2023-11-09T12:00:00Z,0.0,-65.09376,-64.052086,0.15562373
2023-11-10T12:00:00Z,0.0,-65.09376,-64.052086,0.1687273
2023-11-11T12:00:00Z,0.0,-65.09376,-64.052086,0.19064516
2023-11-12T12:00:00Z,0.0,-65.09376,-64.052086,0.1781331
2023-11-13T12:00:00Z,0.0,-65.09376,-64.052086,0.2130879
2023-11-14T12:00:00Z,0.0,-65.09376,-64.052086,0.2134583
2023-11-15T12:00:00Z,0.0,-65.09376,-64.052086,0.21670268
2023-11-16T12:00:00Z,0.0,-65.09376,-64.052086,0.1970139
2023-11-17T12:00:00Z,0.0,-65.09376,-64.052086,0.22323036
2023-11-18T12:00:00Z,0.0,-65.09376,-64.052086,0.22524813
2023-11-19T12:00:00Z,0.0,-65.09376,-64.052086,0.2698893
2023-11-20T12:00:00Z,0.0,-65.09376,-64.052086,0.3258967
2023-11-21T12:00:00Z,0.0,-65.09376,-64.052086,0.29287633
2023-11-22T12:00:00Z,0.0,-65.09376,-64.052086,0.2683923
2023-11-23T12:00:00Z,0.0,-65.09376,-64.052086,0.2802115
2023-11-24T12:00:00Z,0.0,-65.09376,-64.052086,0.25767043
2023-11-25T12:00:00Z,0.0,-65.09376,-64.052086,0.28533435
2023-11-26T12:00:00Z,0.0,-65.09376,-64.052086,0.24745224
2023-11-27T12:00:00Z,0.0,-65.09376,-64.052086,0.24393718
2023-11-28T12:00:00Z,0.0,-65.09376,-64.052086,0.22658871
2023-11-29T12:00:00Z,0.0,-65.09376,-64.052086,0.2236775
2023-11-30T12:00:00Z,0.0,-65.09376,-64.052086,0.21557263
2023-12-02T12:00:00Z,0.0,-65.09376,-64.052086,0.20068096
2023-12-03T12:00:00Z,0.0,-65.09376,-64.052086,0.2073932
2023-12-04T12:00:00Z,0.0,-65.09376,-64.052086,0.20314467
2023-12-05T12:00:00Z,0.0,-65.09376,-64.052086,0.3424629
2023-12-06T12:00:00Z,0.0,-65.09376,-64.052086,0.39384285
2023-12-07T12:00:00Z,0.0,-65.09376,-64.052086,0.48563325
2023-12-08T12:00:00Z,0.0,-65.09376,-64.052086,0.4010138
2023-12-09T12:00:00Z,0.0,-65.09376,-64.052086,0.38497517
2023-12-10T12:00:00Z,0.0,-65.09376,-64.052086,0.44036368
2023-12-11T12:00:00Z,0.0,-65.09376,-64.052086,0.48419112
2023-12-12T12:00:00Z,0.0,-65.09376,-64.052086,0.5077033
2023-12-13T12:00:00Z,0.0,-65.09376,-64.052086,0.54101264
2023-12-14T12:00:00Z,0.0,-65.09376,-64.052086,0.48798302
2023-12-15T12:00:00Z,0.0,-65.09376,-64.052086,0.467929
2023-12-16T12:00:00Z,0.0,-65.09376,-64.052086,0.5076141
2023-12-17T12:00:00Z,0.0,-65.09376,-64.052086,0.56152594
2023-12-18T12:00:00Z,0.0,-65.09376,-64.052086,0.59993744
2023-12-19T12:00:00Z,0.0,-65.09376,-64.052086,0.59657663
2023-12-20T12:00:00Z,0.0,-65.09376,-64.052086,0.47855118
2023-12-21T12:00:00Z,0.0,-65.09376,-64.052086,0.42633536
2023-12-22T12:00:00Z,0.0,-65.09376,-64.052086,0.45253015
2023-12-23T12:00:00Z,0.0,-65.09376,-64.052086,0.45990786
2023-12-25T12:00:00Z,0.0,-65.09376,-64.052086,0.4425561
2023-12-26T12:00:00Z,0.0,-65.09376,-64.052086,0.35349488
2023-12-27T12:00:00Z,0.0,-65.09376,-64.052086,0.33372015
2023-12-28T12:00:00Z,0.0,-65.09376,-64.052086,0.3249831
2023-12-29T12:00:00Z,0.0,-65.09376,-64.052086,0.26515293
2023-12-30T12:00:00Z,0.0,-65.09376,-64.052086,0.21669738
2023-12-31T12:00:00Z,0.0,-65.09376,-64.052086,0.21688251
