time,altitude,latitude,longitude,chlor_a
UTC,m,degrees_north,degrees_east,mg m^-3
2018-01-01T12:00:00Z,0.0,-65.177086,-64.114586,1.3450813
2018-01-02T12:00:00Z,0.0,-65.177086,-64.114586,0.67919374
2018-01-03T12:00:00Z,0.0,-65.177086,-64.114586,0.8002839
2018-01-04T12:00:00Z,0.0,-65.177086,-64.114586,0.70482194
2018-01-05T12:00:00Z,0.0,-65.177086,-64.114586,0.48669586
2018-01-06T12:00:00Z,0.0,-65.177086,-64.114586,0.6287254
2018-01-07T12:00:00Z,0.0,-65.177086,-64.114586,0.60745573
2018-01-08T12:00:00Z,0.0,-65.177086,-64.114586,0.59311926
2018-01-09T12:00:00Z,0.0,-65.177086,-64.114586,0.5427262
2018-01-10T12:00:00Z,0.0,-65.177086,-64.114586,0.56475747
2018-01-11T12:00:00Z,0.0,-65.177086,-64.114586,0.49932867
2018-01-12T12:00:00Z,0.0,-65.177086,-64.114586,0.7352859
2018-01-13T12:00:00Z,0.0,-65.177086,-64.114586,0.59152013
2018-01-14T12:00:00Z,0.0,-65.177086,-64.114586,0.6624434
2018-01-15T12:00:00Z,0.0,-65.177086,-64.114586,0.6429035
2018-01-16T12:00:00Z,0.0,-65.177086,-64.114586,0.76255524
2018-01-17T12:00:00Z,0.0,-65.177086,-64.114586,0.794796
2018-01-18T12:00:00Z,0.0,-65.177086,-64.114586,0.7512505
2018-01-19T12:00:00Z,0.0,-65.177086,-64.114586,0.7092844
2018-01-20T12:00:00Z,0.0,-65.177086,-64.114586,0.66711515
2018-01-21T12:00:00Z,0.0,-65.177086,-64.114586,0.6281834
2018-01-22T12:00:00Z,0.0,-65.177086,-64.114586,0.5748561
2018-01-23T12:00:00Z,0.0,-65.177086,-64.114586,0.5700894
2018-01-24T12:00:00Z,0.0,-65.177086,-64.114586,0.53907365
2018-01-25T12:00:00Z,0.0,-65.177086,-64.114586,0.6464063
2018-01-26T12:00:00Z,0.0,-65.177086,-64.114586,0.7085986
2018-01-27T12:00:00Z,0.0,-65.177086,-64.114586,0.61646914
2018-01-28T12:00:00Z,0.0,-65.177086,-64.114586,0.62575084
2018-01-29T12:00:00Z,0.0,-65.177086,-64.114586,0.6805452
2018-01-30T12:00:00Z,0.0,-65.177086,-64.114586,0.6935545
2018-01-31T12:00:00Z,0.0,-65.177086,-64.114586,0.43602362
2018-02-01T12:00:00Z,0.0,-65.177086,-64.114586,0.43395117
2018-02-02T12:00:00Z,0.0,-65.177086,-64.114586,0.40908253
2018-02-03T12:00:00Z,0.0,-65.177086,-64.114586,0.29852843
2018-02-04T12:00:00Z,0.0,-65.177086,-64.114586,0.37872437
2018-02-05T12:00:00Z,0.0,-65.177086,-64.114586,0.37435326
2018-02-06T12:00:00Z,0.0,-65.177086,-64.114586,0.340217
2018-02-07T12:00:00Z,0.0,-65.177086,-64.114586,0.2927312
2018-02-08T12:00:00Z,0.0,-65.177086,-64.114586,0.29685986
2018-02-09T12:00:00Z,0.0,-65.177086,-64.114586,0.28225678
2018-02-10T12:00:00Z,0.0,-65.177086,-64.114586,0.26494494
2018-02-11T12:00:00Z,0.0,-65.177086,-64.114586,0.24887644
2018-02-12T12:00:00Z,0.0,-65.177086,-64.114586,0.25170684
2018-02-13T12:00:00Z,0.0,-65.177086,-64.114586,0.25058374
2018-02-14T12:00:00Z,0.0,-65.177086,-64.114586,0.2531577
2018-02-15T12:00:00Z,0.0,-65.177086,-64.114586,0.24095194
2018-02-16T12:00:00Z,0.0,-65.177086,-64.114586,0.2584913
2018-02-17T12:00:00Z,0.0,-65.177086,-64.114586,0.30222705
2018-02-18T12:00:00Z,0.0,-65.177086,-64.114586,0.36687064
2018-02-19T12:00:00Z,0.0,-65.177086,-64.114586,0.42052817
2018-02-20T12:00:00Z,0.0,-65.177086,-64.114586,0.3935582
2018-02-21T12:00:00Z,0.0,-65.177086,-64.114586,0.38160273
2018-02-22T12:00:00Z,0.0,-65.177086,-64.114586,0.35337305
2018-02-23T12:00:00Z,0.0,-65.177086,-64.114586,0.35393858
2018-02-24T12:00:00Z,0.0,-65.177086,-64.114586,0.34141478
2018-02-25T12:00:00Z,0.0,-65.177086,-64.114586,0.3850779
2018-02-26T12:00:00Z,0.0,-65.177086,-64.114586,0.41192836
2018-02-27T12:00:00Z,0.0,-65.177086,-64.114586,0.37871832
2018-02-28T12:00:00Z,0.0,-65.177086,-64.114586,0.35902923
2018-03-01T12:00:00Z,0.0,-65.177086,-64.114586,0.3660334
2018-03-02T12:00:00Z,0.0,-65.177086,-64.114586,0.4078124
2018-03-03T12:00:00Z,0.0,-65.177086,-64.114586,0.3965551
2018-03-04T12:00:00Z,0.0,-65.177086,-64.114586,0.36513755
2018-03-05T12:00:00Z,0.0,-65.177086,-64.114586,0.37799653
2018-03-06T12:00:00Z,0.0,-65.177086,-64.114586,0.5032207
2018-03-07T12:00:00Z,0.0,-65.177086,-64.114586,0.5444223
2018-03-08T12:00:00Z,0.0,-65.177086,-64.114586,0.58314824
2018-03-09T12:00:00Z,0.0,-65.177086,-64.114586,0.55957115
2018-03-10T12:00:00Z,0.0,-65.177086,-64.114586,0.5206605
2018-03-11T12:00:00Z,0.0,-65.177086,-64.114586,0.32940838
2018-03-12T12:00:00Z,0.0,-65.177086,-64.114586,0.28679746
2018-03-13T12:00:00Z,0.0,-65.177086,-64.114586,NaN
2018-03-14T12:00:00Z,0.0,-65.177086,-64.114586,NaN
2018-03-15T12:00:00Z,0.0,-65.177086,-64.114586,NaN
2018-03-16T12:00:00Z,0.0,-65.177086,-64.114586,NaN
2018-03-17T12:00:00Z,0.0,-65.177086,-64.114586,NaN
2018-03-18T12:00:00Z,0.0,-65.177086,-64.114586,NaN
2018-03-19T12:00:00Z,0.0,-65.177086,-64.114586,NaN
2018-03-20T12:00:00Z,0.0,-65.177086,-64.114586,NaN
2018-03-21T12:00:00Z,0.0,-65.177086,-64.114586,NaN
2018-03-22T12:00:00Z,0.0,-65.177086,-64.114586,NaN
2018-03-23T12:00:00Z,0.0,-65.177086,-64.114586,NaN
2018-03-24T12:00:00Z,0.0,-65.177086,-64.114586,NaN
2018-03-25T12:00:00Z,0.0,-65.177086,-64.114586,NaN
2018-03-26T12:00:00Z,0.0,-65.177086,-64.114586,NaN
2018-03-27T12:00:00Z,0.0,-65.177086,-64.114586,NaN
2018-03-28T12:00:00Z,0.0,-65.177086,-64.114586,NaN
2018-03-29T12:00:00Z,0.0,-65.177086,-64.114586,NaN
2018-03-30T12:00:00Z,0.0,-65.177086,-64.114586,NaN
2018-03-31T12:00:00Z,0.0,-65.177086,-64.114586,NaN
2018-04-01T12:00:00Z,0.0,-65.177086,-64.114586,NaN
2018-04-02T12:00:00Z,0.0,-65.177086,-64.114586,NaN
2018-04-03T12:00:00Z,0.0,-65.177086,-64.114586,NaN
2018-04-04T12:00:00Z,0.0,-65.177086,-64.114586,NaN
2018-04-05T12:00:00Z,0.0,-65.177086,-64.114586,NaN
2018-04-06T12:00:00Z,0.0,-65.177086,-64.114586,NaN
2018-04-07T12:00:00Z,0.0,-65.177086,-64.114586,NaN
2018-04-08T12:00:00Z,0.0,-65.177086,-64.114586,NaN
2018-04-09T12:00:00Z,0.0,-65.177086,-64.114586,NaN
2018-04-10T12:00:00Z,0.0,-65.177086,-64.114586,NaN
2018-04-11T12:00:00Z,0.0,-65.177086,-64.114586,NaN
2018-04-12T12:00:00Z,0.0,-65.177086,-64.114586,NaN
2018-04-13T12:00:00Z,0.0,-65.177086,-64.114586,NaN
2018-04-14T12:00:00Z,0.0,-65.177086,-64.114586,NaN
2018-04-15T12:00:00Z,0.0,-65.177086,-64.114586,NaN
2018-04-16T12:00:00Z,0.0,-65.177086,-64.114586,NaN
2018-04-17T12:00:00Z,0.0,-65.177086,-64.114586,NaN
2018-04-18T12:00:00Z,0.0,-65.177086,-64.114586,NaN
2018-04-19T12:00:00Z,0.0,-65.177086,-64.114586,NaN
2018-04-20T12:00:00Z,0.0,-65.177086,-64.114586,NaN
2018-04-21T12:00:00Z,0.0,-65.177086,-64.114586,NaN
2018-04-22T12:00:00Z,0.0,-65.177086,-64.114586,NaN
2018-04-23T12:00:00Z,0.0,-65.177086,-64.114586,NaN
2018-04-24T12:00:00Z,0.0,-65.177086,-64.114586,NaN
2018-04-25T12:00:00Z,0.0,-65.177086,-64.114586,NaN
2018-04-26T12:00:00Z,0.0,-65.177086,-64.114586,NaN
2018-04-27T12:00:00Z,0.0,-65.177086,-64.114586,NaN
2018-04-28T12:00:00Z,0.0,-65.177086,-64.114586,NaN
2018-04-29T12:00:00Z,0.0,-65.177086,-64.114586,NaN
2018-04-30T12:00:00Z,0.0,-65.177086,-64.114586,NaN
2018-05-01T12:00:00Z,0.0,-65.177086,-64.114586,NaN
2018-05-02T12:00:00Z,0.0,-65.177086,-64.114586,NaN
2018-05-03T12:00:00Z,0.0,-65.177086,-64.114586,NaN
2018-05-04T12:00:00Z,0.0,-65.177086,-64.114586,NaN
2018-05-05T12:00:00Z,0.0,-65.177086,-64.114586,NaN
2018-05-06T12:00:00Z,0.0,-65.177086,-64.114586,NaN
2018-05-07T12:00:00Z,0.0,-65.177086,-64.114586,NaN
2018-05-08T12:00:00Z,0.0,-65.177086,-64.114586,NaN
2018-05-09T12:00:00Z,0.0,-65.177086,-64.114586,NaN
2018-05-10T12:00:00Z,0.0,-65.177086,-64.114586,NaN
2018-05-11T12:00:00Z,0.0,-65.177086,-64.114586,NaN
2018-05-12T12:00:00Z,0.0,-65.177086,-64.114586,NaN
2018-05-13T12:00:00Z,0.0,-65.177086,-64.114586,NaN
2018-05-14T12:00:00Z,0.0,-65.177086,-64.114586,NaN
2018-05-15T12:00:00Z,0.0,-65.177086,-64.114586,NaN
2018-05-16T12:00:00Z,0.0,-65.177086,-64.114586,NaN
2018-05-17T12:00:00Z,0.0,-65.177086,-64.114586,NaN
2018-05-18T12:00:00Z,0.0,-65.177086,-64.114586,NaN
2018-05-19T12:00:00Z,0.0,-65.177086,-64.114586,NaN
2018-05-20T12:00:00Z,0.0,-65.177086,-64.114586,NaN
2018-05-21T12:00:00Z,0.0,-65.177086,-64.114586,NaN
2018-05-22T12:00:00Z,0.0,-65.177086,-64.114586,NaN
2018-05-23T12:00:00Z,0.0,-65.177086,-64.114586,NaN
2018-05-24T12:00:00Z,0.0,-65.177086,-64.114586,NaN
2018-05-25T12:00:00Z,0.0,-65.177086,-64.114586,NaN
2018-05-26T12:00:00Z,0.0,-65.177086,-64.114586,NaN
2018-05-27T12:00:00Z,0.0,-65.177086,-64.114586,NaN
2018-05-28T12:00:00Z,0.0,-65.177086,-64.114586,NaN
2018-05-29T12:00:00Z,0.0,-65.177086,-64.114586,NaN
2018-05-30T12:00:00Z,0.0,-65.177086,-64.114586,NaN
2018-05-31T12:00:00Z,0.0,-65.177086,-64.114586,NaN
2018-06-01T12:00:00Z,0.0,-65.177086,-64.114586,NaN
2018-06-02T12:00:00Z,0.0,-65.177086,-64.114586,NaN
2018-06-03T12:00:00Z,0.0,-65.177086,-64.114586,NaN
2018-06-04T12:00:00Z,0.0,-65.177086,-64.114586,NaN
2018-06-05T12:00:00Z,0.0,-65.177086,-64.114586,NaN
2018-06-06T12:00:00Z,0.0,-65.177086,-64.114586,NaN
2018-06-07T12:00:00Z,0.0,-65.177086,-64.114586,NaN
2018-06-08T12:00:00Z,0.0,-65.177086,-64.114586,NaN
2018-06-09T12:00:00Z,0.0,-65.177086,-64.114586,NaN
2018-06-10T12:00:00Z,0.0,-65.177086,-64.114586,NaN
2018-06-11T12:00:00Z,0.0,-65.177086,-64.114586,NaN
2018-06-12T12:00:00Z,0.0,-65.177086,-64.114586,NaN
2018-06-13T12:00:00Z,0.0,-65.177086,-64.114586,NaN
2018-06-14T12:00:00Z,0.0,-65.177086,-64.114586,NaN
2018-06-15T12:00:00Z,0.0,-65.177086,-64.114586,NaN
2018-06-16T12:00:00Z,0.0,-65.177086,-64.114586,NaN
2018-06-17T12:00:00Z,0.0,-65.177086,-64.114586,NaN
2018-06-18T12:00:00Z,0.0,-65.177086,-64.114586,NaN
2018-06-19T12:00:00Z,0.0,-65.177086,-64.114586,NaN
2018-06-20T12:00:00Z,0.0,-65.177086,-64.114586,NaN
2018-06-21T12:00:00Z,0.0,-65.177086,-64.114586,NaN
2018-06-22T12:00:00Z,0.0,-65.177086,-64.114586,NaN
2018-06-23T12:00:00Z,0.0,-65.177086,-64.114586,NaN
2018-06-24T12:00:00Z,0.0,-65.177086,-64.114586,NaN
2018-06-25T12:00:00Z,0.0,-65.177086,-64.114586,NaN
2018-06-26T12:00:00Z,0.0,-65.177086,-64.114586,NaN
2018-06-27T12:00:00Z,0.0,-65.177086,-64.114586,NaN
2018-06-28T12:00:00Z,0.0,-65.177086,-64.114586,NaN
2018-06-29T12:00:00Z,0.0,-65.177086,-64.114586,NaN
2018-06-30T12:00:00Z,0.0,-65.177086,-64.114586,NaN
2018-07-01T12:00:00Z,0.0,-65.177086,-64.114586,NaN
2018-07-02T12:00:00Z,0.0,-65.177086,-64.114586,NaN
2018-07-03T12:00:00Z,0.0,-65.177086,-64.114586,NaN
2018-07-04T12:00:00Z,0.0,-65.177086,-64.114586,NaN
2018-07-05T12:00:00Z,0.0,-65.177086,-64.114586,NaN
2018-07-06T12:00:00Z,0.0,-65.177086,-64.114586,NaN
2018-07-07T12:00:00Z,0.0,-65.177086,-64.114586,NaN
2018-07-08T12:00:00Z,0.0,-65.177086,-64.114586,NaN
2018-07-09T12:00:00Z,0.0,-65.177086,-64.114586,NaN
2018-07-10T12:00:00Z,0.0,-65.177086,-64.114586,NaN
2018-07-11T12:00:00Z,0.0,-65.177086,-64.114586,NaN
2018-07-12T12:00:00Z,0.0,-65.177086,-64.114586,NaN
2018-07-13T12:00:00Z,0.0,-65.177086,-64.114586,NaN
2018-07-14T12:00:00Z,0.0,-65.177086,-64.114586,NaN
2018-07-15T12:00:00Z,0.0,-65.177086,-64.114586,NaN
2018-07-16T12:00:00Z,0.0,-65.177086,-64.114586,NaN
2018-07-17T12:00:00Z,0.0,-65.177086,-64.114586,NaN
2018-07-18T12:00:00Z,0.0,-65.177086,-64.114586,NaN
2018-07-19T12:00:00Z,0.0,-65.177086,-64.114586,NaN
2018-07-20T12:00:00Z,0.0,-65.177086,-64.114586,NaN
2018-07-21T12:00:00Z,0.0,-65.177086,-64.114586,NaN
2018-07-22T12:00:00Z,0.0,-65.177086,-64.114586,NaN
2018-07-23T12:00:00Z,0.0,-65.177086,-64.114586,NaN
2018-07-24T12:00:00Z,0.0,-65.177086,-64.114586,NaN
2018-07-25T12:00:00Z,0.0,-65.177086,-64.114586,NaN
2018-07-26T12:00:00Z,0.0,-65.177086,-64.114586,NaN
2018-07-27T12:00:00Z,0.0,-65.177086,-64.114586,NaN
2018-07-28T12:00:00Z,0.0,-65.177086,-64.114586,NaN
2018-07-29T12:00:00Z,0.0,-65.177086,-64.114586,NaN
2018-07-30T12:00:00Z,0.0,-65.177086,-64.114586,NaN
2018-07-31T12:00:00Z,0.0,-65.177086,-64.114586,NaN
2018-08-01T12:00:00Z,0.0,-65.177086,-64.114586,NaN
2018-08-02T12:00:00Z,0.0,-65.177086,-64.114586,NaN
2018-08-03T12:00:00Z,0.0,-65.177086,-64.114586,NaN
2018-08-04T12:00:00Z,0.0,-65.177086,-64.114586,NaN
2018-08-05T12:00:00Z,0.0,-65.177086,-64.114586,NaN
2018-08-06T12:00:00Z,0.0,-65.177086,-64.114586,NaN
2018-08-07T12:00:00Z,0.0,-65.177086,-64.114586,NaN
2018-08-08T12:00:00Z,0.0,-65.177086,-64.114586,NaN
2018-08-09T12:00:00Z,0.0,-65.177086,-64.114586,NaN
2018-08-10T12:00:00Z,0.0,-65.177086,-64.114586,NaN
2018-08-11T12:00:00Z,0.0,-65.177086,-64.114586,NaN
2018-08-12T12:00:00Z,0.0,-65.177086,-64.114586,NaN
2018-08-13T12:00:00Z,0.0,-65.177086,-64.114586,NaN
2018-08-14T12:00:00Z,0.0,-65.177086,-64.114586,NaN
2018-08-15T12:00:00Z,0.0,-65.177086,-64.114586,NaN
2018-08-16T12:00:00Z,0.0,-65.177086,-64.114586,NaN
2018-08-17T12:00:00Z,0.0,-65.177086,-64.114586,NaN
2018-08-18T12:00:00Z,0.0,-65.177086,-64.114586,NaN
2018-08-19T12:00:00Z,0.0,-65.177086,-64.114586,NaN
2018-08-20T12:00:00Z,0.0,-65.177086,-64.114586,NaN
2018-08-21T12:00:00Z,0.0,-65.177086,-64.114586,NaN
2018-08-22T12:00:00Z,0.0,-65.177086,-64.114586,NaN
2018-08-23T12:00:00Z,0.0,-65.177086,-64.114586,NaN
2018-08-24T12:00:00Z,0.0,-65.177086,-64.114586,NaN
2018-08-25T12:00:00Z,0.0,-65.177086,-64.114586,NaN
2018-08-26T12:00:00Z,0.0,-65.177086,-64.114586,NaN
2018-08-27T12:00:00Z,0.0,-65.177086,-64.114586,NaN
2018-08-28T12:00:00Z,0.0,-65.177086,-64.114586,NaN
2018-08-29T12:00:00Z,0.0,-65.177086,-64.114586,NaN
2018-08-30T12:00:00Z,0.0,-65.177086,-64.114586,NaN
2018-08-31T12:00:00Z,0.0,-65.177086,-64.114586,NaN
2018-09-01T12:00:00Z,0.0,-65.177086,-64.114586,NaN
2018-09-02T12:00:00Z,0.0,-65.177086,-64.114586,NaN
2018-09-03T12:00:00Z,0.0,-65.177086,-64.114586,NaN
2018-09-04T12:00:00Z,0.0,-65.177086,-64.114586,NaN
2018-09-05T12:00:00Z,0.0,-65.177086,-64.114586,NaN
2018-09-06T12:00:00Z,0.0,-65.177086,-64.114586,NaN
2018-09-07T12:00:00Z,0.0,-65.177086,-64.114586,NaN
2018-09-08T12:00:00Z,0.0,-65.177086,-64.114586,NaN
2018-09-09T12:00:00Z,0.0,-65.177086,-64.114586,NaN
2018-09-10T12:00:00Z,0.0,-65.177086,-64.114586,NaN
2018-09-11T12:00:00Z,0.0,-65.177086,-64.114586,NaN
2018-09-12T12:00:00Z,0.0,-65.177086,-64.114586,NaN
2018-09-13T12:00:00Z,0.0,-65.177086,-64.114586,NaN
2018-09-14T12:00:00Z,0.0,-65.177086,-64.114586,NaN
2018-09-15T12:00:00Z,0.0,-65.177086,-64.114586,NaN
2018-09-16T12:00:00Z,0.0,-65.177086,-64.114586,NaN
2018-09-17T12:00:00Z,0.0,-65.177086,-64.114586,NaN
2018-09-18T12:00:00Z,0.0,-65.177086,-64.114586,NaN
2018-09-19T12:00:00Z,0.0,-65.177086,-64.114586,NaN
2018-09-20T12:00:00Z,0.0,-65.177086,-64.114586,NaN
2018-09-21T12:00:00Z,0.0,-65.177086,-64.114586,NaN
2018-09-22T12:00:00Z,0.0,-65.177086,-64.114586,NaN
2018-09-23T12:00:00Z,0.0,-65.177086,-64.114586,NaN
2018-09-24T12:00:00Z,0.0,-65.177086,-64.114586,NaN
2018-09-25T12:00:00Z,0.0,-65.177086,-64.114586,NaN
2018-09-26T12:00:00Z,0.0,-65.177086,-64.114586,NaN
2018-09-27T12:00:00Z,0.0,-65.177086,-64.114586,NaN
2018-09-28T12:00:00Z,0.0,-65.177086,-64.114586,NaN
2018-09-29T12:00:00Z,0.0,-65.177086,-64.114586,NaN
2018-09-30T12:00:00Z,0.0,-65.177086,-64.114586,NaN
2018-10-01T12:00:00Z,0.0,-65.177086,-64.114586,NaN
2018-10-02T12:00:00Z,0.0,-65.177086,-64.114586,NaN
2018-10-03T12:00:00Z,0.0,-65.177086,-64.114586,NaN
2018-10-04T12:00:00Z,0.0,-65.177086,-64.114586,NaN
2018-10-05T12:00:00Z,0.0,-65.177086,-64.114586,NaN
2018-10-06T12:00:00Z,0.0,-65.177086,-64.114586,NaN
2018-10-07T12:00:00Z,0.0,-65.177086,-64.114586,NaN
2018-10-08T12:00:00Z,0.0,-65.177086,-64.114586,NaN
2018-10-09T12:00:00Z,0.0,-65.177086,-64.114586,NaN
2018-10-10T12:00:00Z,0.0,-65.177086,-64.114586,NaN
2018-10-11T12:00:00Z,0.0,-65.177086,-64.114586,NaN
2018-10-12T12:00:00Z,0.0,-65.177086,-64.114586,NaN
2018-10-13T12:00:00Z,0.0,-65.177086,-64.114586,NaN
2018-10-14T12:00:00Z,0.0,-65.177086,-64.114586,NaN
2018-10-15T12:00:00Z,0.0,-65.177086,-64.114586,NaN
2018-10-16T12:00:00Z,0.0,-65.177086,-64.114586,NaN
2018-10-17T12:00:00Z,0.0,-65.177086,-64.114586,NaN
2018-10-18T12:00:00Z,0.0,-65.177086,-64.114586,NaN
2018-10-19T12:00:00Z,0.0,-65.177086,-64.114586,NaN
2018-10-20T12:00:00Z,0.0,-65.177086,-64.114586,NaN
2018-10-21T12:00:00Z,0.0,-65.177086,-64.114586,NaN
2018-10-22T12:00:00Z,0.0,-65.177086,-64.114586,NaN
2018-10-23T12:00:00Z,0.0,-65.177086,-64.114586,0.16467397
2018-10-24T12:00:00Z,0.0,-65.177086,-64.114586,0.17209268
2018-10-25T12:00:00Z,0.0,-65.177086,-64.114586,0.15115215
2018-10-26T12:00:00Z,0.0,-65.177086,-64.114586,0.16526987
2018-10-27T12:00:00Z,0.0,-65.177086,-64.114586,0.16758135
2018-10-28T12:00:00Z,0.0,-65.177086,-64.114586,0.18114193
2018-10-29T12:00:00Z,0.0,-65.177086,-64.114586,0.18164733
2018-10-30T12:00:00Z,0.0,-65.177086,-64.114586,0.17052376
2018-10-31T12:00:00Z,0.0,-65.177086,-64.114586,0.18325643
2018-11-01T12:00:00Z,0.0,-65.177086,-64.114586,0.1858887
2018-11-02T12:00:00Z,0.0,-65.177086,-64.114586,0.18291405
2018-11-03T12:00:00Z,0.0,-65.177086,-64.114586,0.18110363
2018-11-04T12:00:00Z,0.0,-65.177086,-64.114586,0.17992702
2018-11-05T12:00:00Z,0.0,-65.177086,-64.114586,0.18139197
2018-11-06T12:00:00Z,0.0,-65.177086,-64.114586,0.1818317
2018-11-07T12:00:00Z,0.0,-65.177086,-64.114586,0.18032573
2018-11-08T12:00:00Z,0.0,-65.177086,-64.114586,0.18262567
2018-11-09T12:00:00Z,0.0,-65.177086,-64.114586,0.04961083
2018-11-10T12:00:00Z,0.0,-65.177086,-64.114586,0.03235881
2018-11-11T12:00:00Z,0.0,-65.177086,-64.114586,0.054222394
2018-11-12T12:00:00Z,0.0,-65.177086,-64.114586,0.037768662
2018-11-13T12:00:00Z,0.0,-65.177086,-64.114586,0.033461824
2018-11-14T12:00:00Z,0.0,-65.177086,-64.114586,0.033927236
2018-11-15T12:00:00Z,0.0,-65.177086,-64.114586,0.03612382
2018-11-16T12:00:00Z,0.0,-65.177086,-64.114586,0.03729314
2018-11-17T12:00:00Z,0.0,-65.177086,-64.114586,0.035881642
2018-11-18T12:00:00Z,0.0,-65.177086,-64.114586,0.03786015
2018-11-19T12:00:00Z,0.0,-65.177086,-64.114586,0.027967438
2018-11-20T12:00:00Z,0.0,-65.177086,-64.114586,0.10721089
2018-11-21T12:00:00Z,0.0,-65.177086,-64.114586,0.18227924
2018-11-22T12:00:00Z,0.0,-65.177086,-64.114586,0.15821509
2018-11-23T12:00:00Z,0.0,-65.177086,-64.114586,0.24413271
2018-11-24T12:00:00Z,0.0,-65.177086,-64.114586,0.28423664
2018-11-25T12:00:00Z,0.0,-65.177086,-64.114586,0.34694666
2018-11-26T12:00:00Z,0.0,-65.177086,-64.114586,0.2904992
2018-11-27T12:00:00Z,0.0,-65.177086,-64.114586,0.595388
2018-11-28T12:00:00Z,0.0,-65.177086,-64.114586,0.39070347
2018-11-29T12:00:00Z,0.0,-65.177086,-64.114586,0.45685047
2018-11-30T12:00:00Z,0.0,-65.177086,-64.114586,0.52398866
2018-12-01T12:00:00Z,0.0,-65.177086,-64.114586,0.17984973
2018-12-02T12:00:00Z,0.0,-65.177086,-64.114586,0.45212972
2018-12-03T12:00:00Z,0.0,-65.177086,-64.114586,0.4891087
2018-12-04T12:00:00Z,0.0,-65.177086,-64.114586,0.95656455
2018-12-05T12:00:00Z,0.0,-65.177086,-64.114586,0.42169085
2018-12-06T12:00:00Z,0.0,-65.177086,-64.114586,0.3417775
2018-12-07T12:00:00Z,0.0,-65.177086,-64.114586,0.23850617
2018-12-08T12:00:00Z,0.0,-65.177086,-64.114586,0.23647195
2018-12-09T12:00:00Z,0.0,-65.177086,-64.114586,0.22098172
2018-12-10T12:00:00Z,0.0,-65.177086,-64.114586,0.43224943
2018-12-11T12:00:00Z,0.0,-65.177086,-64.114586,0.44270772
2018-12-12T12:00:00Z,0.0,-65.177086,-64.114586,0.4005625
2018-12-13T12:00:00Z,0.0,-65.177086,-64.114586,0.4730493
2018-12-14T12:00:00Z,0.0,-65.177086,-64.114586,0.46728963
2018-12-15T12:00:00Z,0.0,-65.177086,-64.114586,0.47114938
2018-12-16T12:00:00Z,0.0,-65.177086,-64.114586,0.4122877
2018-12-17T12:00:00Z,0.0,-65.177086,-64.114586,0.5103896
2018-12-18T12:00:00Z,0.0,-65.177086,-64.114586,0.57053083
2018-12-19T12:00:00Z,0.0,-65.177086,-64.114586,0.5680458
2018-12-20T12:00:00Z,0.0,-65.177086,-64.114586,0.4607495
2018-12-21T12:00:00Z,0.0,-65.177086,-64.114586,0.34238
2018-12-22T12:00:00Z,0.0,-65.177086,-64.114586,0.42315736
2018-12-23T12:00:00Z,0.0,-65.177086,-64.114586,0.47708488
2018-12-24T12:00:00Z,0.0,-65.177086,-64.114586,0.42150512
2018-12-25T12:00:00Z,0.0,-65.177086,-64.114586,0.42308936
2018-12-26T12:00:00Z,0.0,-65.177086,-64.114586,0.4038782
2018-12-27T12:00:00Z,0.0,-65.177086,-64.114586,0.40974858
2018-12-28T12:00:00Z,0.0,-65.177086,-64.114586,0.39798862
2018-12-29T12:00:00Z,0.0,-65.177086,-64.114586,0.2381516
2018-12-30T12:00:00Z,0.0,-65.177086,-64.114586,0.22396578
2018-12-31T12:00:00Z,0.0,-65.177086,-64.114586,0.24156731
2019-01-01T12:00:00Z,0.0,-65.177086,-64.114586,0.20418958
2019-01-02T12:00:00Z,0.0,-65.177086,-64.114586,0.21294956
2019-01-03T12:00:00Z,0.0,-65.177086,-64.114586,0.22469078
2019-01-04T12:00:00Z,0.0,-65.177086,-64.114586,0.20783128
2019-01-05T12:00:00Z,0.0,-65.177086,-64.114586,0.2074034
2019-01-06T12:00:00Z,0.0,-65.177086,-64.114586,0.3176703
2019-01-07T12:00:00Z,0.0,-65.177086,-64.114586,0.3042921
2019-01-08T12:00:00Z,0.0,-65.177086,-64.114586,0.30342832
2019-01-09T12:00:00Z,0.0,-65.177086,-64.114586,0.38966933
2019-01-10T12:00:00Z,0.0,-65.177086,-64.114586,0.4444582
2019-01-11T12:00:00Z,0.0,-65.177086,-64.114586,0.4322661
2019-01-12T12:00:00Z,0.0,-65.177086,-64.114586,0.536059
2019-01-13T12:00:00Z,0.0,-65.177086,-64.114586,1.0911337
2019-01-14T12:00:00Z,0.0,-65.177086,-64.114586,0.9947008
2019-01-15T12:00:00Z,0.0,-65.177086,-64.114586,1.0487019
2019-01-16T12:00:00Z,0.0,-65.177086,-64.114586,1.2419016
2019-01-17T12:00:00Z,0.0,-65.177086,-64.114586,1.3213308
2019-01-18T12:00:00Z,0.0,-65.177086,-64.114586,1.3990688
2019-01-19T12:00:00Z,0.0,-65.177086,-64.114586,1.2370514
2019-01-20T12:00:00Z,0.0,-65.177086,-64.114586,1.332263
2019-01-21T12:00:00Z,0.0,-65.177086,-64.114586,1.4404289
2019-01-22T12:00:00Z,0.0,-65.177086,-64.114586,0.56705004
2019-01-23T12:00:00Z,0.0,-65.177086,-64.114586,0.5628678
2019-01-24T12:00:00Z,0.0,-65.177086,-64.114586,0.5171963
2019-01-25T12:00:00Z,0.0,-65.177086,-64.114586,0.54065895
2019-01-26T12:00:00Z,0.0,-65.177086,-64.114586,0.5283946
2019-01-27T12:00:00Z,0.0,-65.177086,-64.114586,0.51660556
2019-01-28T12:00:00Z,0.0,-65.177086,-64.114586,0.36485192
2019-01-29T12:00:00Z,0.0,-65.177086,-64.114586,0.36466807
2019-01-30T12:00:00Z,0.0,-65.177086,-64.114586,0.35410357
2019-01-31T12:00:00Z,0.0,-65.177086,-64.114586,0.3239997
2019-02-01T12:00:00Z,0.0,-65.177086,-64.114586,0.3311667
2019-02-02T12:00:00Z,0.0,-65.177086,-64.114586,0.3450253
2019-02-03T12:00:00Z,0.0,-65.177086,-64.114586,0.29723364
2019-02-04T12:00:00Z,0.0,-65.177086,-64.114586,0.26124984
2019-02-05T12:00:00Z,0.0,-65.177086,-64.114586,0.17885649
2019-02-06T12:00:00Z,0.0,-65.177086,-64.114586,0.16592892
2019-02-07T12:00:00Z,0.0,-65.177086,-64.114586,0.23928574
2019-02-08T12:00:00Z,0.0,-65.177086,-64.114586,0.23650551
2019-02-09T12:00:00Z,0.0,-65.177086,-64.114586,0.26079306
2019-02-10T12:00:00Z,0.0,-65.177086,-64.114586,0.2457573
2019-02-11T12:00:00Z,0.0,-65.177086,-64.114586,0.20434923
2019-02-12T12:00:00Z,0.0,-65.177086,-64.114586,0.25626758
2019-02-13T12:00:00Z,0.0,-65.177086,-64.114586,0.25666478
2019-02-14T12:00:00Z,0.0,-65.177086,-64.114586,0.2491564
2019-02-15T12:00:00Z,0.0,-65.177086,-64.114586,0.24984188
2019-02-16T12:00:00Z,0.0,-65.177086,-64.114586,0.24579835
2019-02-17T12:00:00Z,0.0,-65.177086,-64.114586,0.24699223
2019-02-18T12:00:00Z,0.0,-65.177086,-64.114586,0.21686144
2019-02-19T12:00:00Z,0.0,-65.177086,-64.114586,0.21421275
2019-02-20T12:00:00Z,0.0,-65.177086,-64.114586,0.21252666
2019-02-21T12:00:00Z,0.0,-65.177086,-64.114586,0.14983839
2019-02-22T12:00:00Z,0.0,-65.177086,-64.114586,0.17386273
2019-02-23T12:00:00Z,0.0,-65.177086,-64.114586,0.1702566
2019-02-24T12:00:00Z,0.0,-65.177086,-64.114586,0.17093962
2019-02-25T12:00:00Z,0.0,-65.177086,-64.114586,0.16852248
2019-02-26T12:00:00Z,0.0,-65.177086,-64.114586,0.16186813
2019-02-27T12:00:00Z,0.0,-65.177086,-64.114586,0.14029256
2019-02-28T12:00:00Z,0.0,-65.177086,-64.114586,0.1755151
2019-03-01T12:00:00Z,0.0,-65.177086,-64.114586,0.17209478
2019-03-02T12:00:00Z,0.0,-65.177086,-64.114586,0.17080341
2019-03-03T12:00:00Z,0.0,-65.177086,-64.114586,0.17371711
2019-03-04T12:00:00Z,0.0,-65.177086,-64.114586,0.17421986
2019-03-05T12:00:00Z,0.0,-65.177086,-64.114586,0.20098984
2019-03-06T12:00:00Z,0.0,-65.177086,-64.114586,0.20235623
2019-03-07T12:00:00Z,0.0,-65.177086,-64.114586,0.19608755
2019-03-08T12:00:00Z,0.0,-65.177086,-64.114586,0.19932553
2019-03-09T12:00:00Z,0.0,-65.177086,-64.114586,0.206854
2019-03-10T12:00:00Z,0.0,-65.177086,-64.114586,0.2063912
2019-03-11T12:00:00Z,0.0,-65.177086,-64.114586,0.237956
2019-03-12T12:00:00Z,0.0,-65.177086,-64.114586,0.20488082
2019-03-13T12:00:00Z,0.0,-65.177086,-64.114586,NaN
2019-03-14T12:00:00Z,0.0,-65.177086,-64.114586,NaN
2019-03-15T12:00:00Z,0.0,-65.177086,-64.114586,NaN
2019-03-16T12:00:00Z,0.0,-65.177086,-64.114586,NaN
2019-03-17T12:00:00Z,0.0,-65.177086,-64.114586,NaN
2019-03-18T12:00:00Z,0.0,-65.177086,-64.114586,NaN
2019-03-19T12:00:00Z,0.0,-65.177086,-64.114586,NaN
2019-03-20T12:00:00Z,0.0,-65.177086,-64.114586,NaN
2019-03-21T12:00:00Z,0.0,-65.177086,-64.114586,NaN
2019-03-22T12:00:00Z,0.0,-65.177086,-64.114586,NaN
2019-03-23T12:00:00Z,0.0,-65.177086,-64.114586,NaN
2019-03-24T12:00:00Z,0.0,-65.177086,-64.114586,NaN
2019-03-25T12:00:00Z,0.0,-65.177086,-64.114586,NaN
2019-03-26T12:00:00Z,0.0,-65.177086,-64.114586,NaN
2019-03-27T12:00:00Z,0.0,-65.177086,-64.114586,NaN
2019-03-28T12:00:00Z,0.0,-65.177086,-64.114586,NaN
2019-03-29T12:00:00Z,0.0,-65.177086,-64.114586,NaN
2019-03-30T12:00:00Z,0.0,-65.177086,-64.114586,NaN
2019-03-31T12:00:00Z,0.0,-65.177086,-64.114586,NaN
2019-04-01T12:00:00Z,0.0,-65.177086,-64.114586,NaN
2019-04-02T12:00:00Z,0.0,-65.177086,-64.114586,NaN
2019-04-03T12:00:00Z,0.0,-65.177086,-64.114586,NaN
2019-04-04T12:00:00Z,0.0,-65.177086,-64.114586,NaN
2019-04-05T12:00:00Z,0.0,-65.177086,-64.114586,NaN
2019-04-06T12:00:00Z,0.0,-65.177086,-64.114586,NaN
2019-04-07T12:00:00Z,0.0,-65.177086,-64.114586,NaN
2019-04-08T12:00:00Z,0.0,-65.177086,-64.114586,NaN
2019-04-09T12:00:00Z,0.0,-65.177086,-64.114586,NaN
2019-04-10T12:00:00Z,0.0,-65.177086,-64.114586,NaN
2019-04-11T12:00:00Z,0.0,-65.177086,-64.114586,NaN
2019-04-12T12:00:00Z,0.0,-65.177086,-64.114586,NaN
2019-04-13T12:00:00Z,0.0,-65.177086,-64.114586,NaN
2019-04-14T12:00:00Z,0.0,-65.177086,-64.114586,NaN
2019-04-15T12:00:00Z,0.0,-65.177086,-64.114586,NaN
2019-04-16T12:00:00Z,0.0,-65.177086,-64.114586,NaN
2019-04-17T12:00:00Z,0.0,-65.177086,-64.114586,NaN
2019-04-18T12:00:00Z,0.0,-65.177086,-64.114586,NaN
2019-04-19T12:00:00Z,0.0,-65.177086,-64.114586,NaN
2019-04-20T12:00:00Z,0.0,-65.177086,-64.114586,NaN
2019-04-21T12:00:00Z,0.0,-65.177086,-64.114586,NaN
2019-04-22T12:00:00Z,0.0,-65.177086,-64.114586,NaN
2019-04-23T12:00:00Z,0.0,-65.177086,-64.114586,NaN
2019-04-24T12:00:00Z,0.0,-65.177086,-64.114586,NaN
2019-04-25T12:00:00Z,0.0,-65.177086,-64.114586,NaN
2019-04-26T12:00:00Z,0.0,-65.177086,-64.114586,NaN
2019-04-27T12:00:00Z,0.0,-65.177086,-64.114586,NaN
2019-04-28T12:00:00Z,0.0,-65.177086,-64.114586,NaN
2019-04-29T12:00:00Z,0.0,-65.177086,-64.114586,NaN
2019-04-30T12:00:00Z,0.0,-65.177086,-64.114586,NaN
2019-05-01T12:00:00Z,0.0,-65.177086,-64.114586,NaN
2019-05-02T12:00:00Z,0.0,-65.177086,-64.114586,NaN
2019-05-03T12:00:00Z,0.0,-65.177086,-64.114586,NaN
2019-05-04T12:00:00Z,0.0,-65.177086,-64.114586,NaN
2019-05-05T12:00:00Z,0.0,-65.177086,-64.114586,NaN
2019-05-06T12:00:00Z,0.0,-65.177086,-64.114586,NaN
2019-05-07T12:00:00Z,0.0,-65.177086,-64.114586,NaN
2019-05-08T12:00:00Z,0.0,-65.177086,-64.114586,NaN
2019-05-09T12:00:00Z,0.0,-65.177086,-64.114586,NaN
2019-05-10T12:00:00Z,0.0,-65.177086,-64.114586,NaN
2019-05-11T12:00:00Z,0.0,-65.177086,-64.114586,NaN
2019-05-12T12:00:00Z,0.0,-65.177086,-64.114586,NaN
2019-05-13T12:00:00Z,0.0,-65.177086,-64.114586,NaN
2019-05-14T12:00:00Z,0.0,-65.177086,-64.114586,NaN
2019-05-15T12:00:00Z,0.0,-65.177086,-64.114586,NaN
2019-05-16T12:00:00Z,0.0,-65.177086,-64.114586,NaN
2019-05-17T12:00:00Z,0.0,-65.177086,-64.114586,NaN
2019-05-18T12:00:00Z,0.0,-65.177086,-64.114586,NaN
2019-05-19T12:00:00Z,0.0,-65.177086,-64.114586,NaN
2019-05-20T12:00:00Z,0.0,-65.177086,-64.114586,NaN
2019-05-21T12:00:00Z,0.0,-65.177086,-64.114586,NaN
2019-05-22T12:00:00Z,0.0,-65.177086,-64.114586,NaN
2019-05-23T12:00:00Z,0.0,-65.177086,-64.114586,NaN
2019-05-24T12:00:00Z,0.0,-65.177086,-64.114586,NaN
2019-05-25T12:00:00Z,0.0,-65.177086,-64.114586,NaN
2019-05-26T12:00:00Z,0.0,-65.177086,-64.114586,NaN
2019-05-27T12:00:00Z,0.0,-65.177086,-64.114586,NaN
2019-05-28T12:00:00Z,0.0,-65.177086,-64.114586,NaN
2019-05-29T12:00:00Z,0.0,-65.177086,-64.114586,NaN
2019-05-30T12:00:00Z,0.0,-65.177086,-64.114586,NaN
2019-05-31T12:00:00Z,0.0,-65.177086,-64.114586,NaN
2019-06-01T12:00:00Z,0.0,-65.177086,-64.114586,NaN
2019-06-02T12:00:00Z,0.0,-65.177086,-64.114586,NaN
2019-06-03T12:00:00Z,0.0,-65.177086,-64.114586,NaN
2019-06-04T12:00:00Z,0.0,-65.177086,-64.114586,NaN
2019-06-05T12:00:00Z,0.0,-65.177086,-64.114586,NaN
2019-06-06T12:00:00Z,0.0,-65.177086,-64.114586,NaN
2019-06-07T12:00:00Z,0.0,-65.177086,-64.114586,NaN
2019-06-08T12:00:00Z,0.0,-65.177086,-64.114586,NaN
2019-06-09T12:00:00Z,0.0,-65.177086,-64.114586,NaN
2019-06-10T12:00:00Z,0.0,-65.177086,-64.114586,NaN
2019-06-11T12:00:00Z,0.0,-65.177086,-64.114586,NaN
2019-06-12T12:00:00Z,0.0,-65.177086,-64.114586,NaN
2019-06-13T12:00:00Z,0.0,-65.177086,-64.114586,NaN
2019-06-14T12:00:00Z,0.0,-65.177086,-64.114586,NaN
2019-06-15T12:00:00Z,0.0,-65.177086,-64.114586,NaN
2019-06-16T12:00:00Z,0.0,-65.177086,-64.114586,NaN
2019-06-17T12:00:00Z,0.0,-65.177086,-64.114586,NaN
2019-06-18T12:00:00Z,0.0,-65.177086,-64.114586,NaN
2019-06-19T12:00:00Z,0.0,-65.177086,-64.114586,NaN
2019-06-20T12:00:00Z,0.0,-65.177086,-64.114586,NaN
2019-06-21T12:00:00Z,0.0,-65.177086,-64.114586,NaN
2019-06-22T12:00:00Z,0.0,-65.177086,-64.114586,NaN
2019-06-23T12:00:00Z,0.0,-65.177086,-64.114586,NaN
2019-06-24T12:00:00Z,0.0,-65.177086,-64.114586,NaN
2019-06-25T12:00:00Z,0.0,-65.177086,-64.114586,NaN
2019-06-26T12:00:00Z,0.0,-65.177086,-64.114586,NaN
2019-06-27T12:00:00Z,0.0,-65.177086,-64.114586,NaN
2019-06-28T12:00:00Z,0.0,-65.177086,-64.114586,NaN
2019-06-29T12:00:00Z,0.0,-65.177086,-64.114586,NaN
2019-06-30T12:00:00Z,0.0,-65.177086,-64.114586,NaN
2019-07-01T12:00:00Z,0.0,-65.177086,-64.114586,NaN
2019-07-02T12:00:00Z,0.0,-65.177086,-64.114586,NaN
2019-07-03T12:00:00Z,0.0,-65.177086,-64.114586,NaN
2019-07-04T12:00:00Z,0.0,-65.177086,-64.114586,NaN
2019-07-05T12:00:00Z,0.0,-65.177086,-64.114586,NaN
2019-07-06T12:00:00Z,0.0,-65.177086,-64.114586,NaN
2019-07-07T12:00:00Z,0.0,-65.177086,-64.114586,NaN
2019-07-08T12:00:00Z,0.0,-65.177086,-64.114586,NaN
2019-07-09T12:00:00Z,0.0,-65.177086,-64.114586,NaN
2019-07-10T12:00:00Z,0.0,-65.177086,-64.114586,NaN
2019-07-11T12:00:00Z,0.0,-65.177086,-64.114586,NaN
2019-07-12T12:00:00Z,0.0,-65.177086,-64.114586,NaN
2019-07-13T12:00:00Z,0.0,-65.177086,-64.114586,NaN
2019-07-14T12:00:00Z,0.0,-65.177086,-64.114586,NaN
2019-07-15T12:00:00Z,0.0,-65.177086,-64.114586,NaN
2019-07-16T12:00:00Z,0.0,-65.177086,-64.114586,NaN
2019-07-17T12:00:00Z,0.0,-65.177086,-64.114586,NaN
2019-07-18T12:00:00Z,0.0,-65.177086,-64.114586,NaN
2019-07-19T12:00:00Z,0.0,-65.177086,-64.114586,NaN
2019-07-20T12:00:00Z,0.0,-65.177086,-64.114586,NaN
2019-07-21T12:00:00Z,0.0,-65.177086,-64.114586,NaN
2019-07-22T12:00:00Z,0.0,-65.177086,-64.114586,NaN
2019-07-23T12:00:00Z,0.0,-65.177086,-64.114586,NaN
2019-07-24T12:00:00Z,0.0,-65.177086,-64.114586,NaN
2019-07-25T12:00:00Z,0.0,-65.177086,-64.114586,NaN
2019-07-26T12:00:00Z,0.0,-65.177086,-64.114586,NaN
2019-07-27T12:00:00Z,0.0,-65.177086,-64.114586,NaN
2019-07-28T12:00:00Z,0.0,-65.177086,-64.114586,NaN
2019-07-29T12:00:00Z,0.0,-65.177086,-64.114586,NaN
2019-07-30T12:00:00Z,0.0,-65.177086,-64.114586,NaN
2019-07-31T12:00:00Z,0.0,-65.177086,-64.114586,NaN
2019-08-01T12:00:00Z,0.0,-65.177086,-64.114586,NaN
2019-08-02T12:00:00Z,0.0,-65.177086,-64.114586,NaN
2019-08-03T12:00:00Z,0.0,-65.177086,-64.114586,NaN
2019-08-04T12:00:00Z,0.0,-65.177086,-64.114586,NaN
2019-08-05T12:00:00Z,0.0,-65.177086,-64.114586,NaN
2019-08-06T12:00:00Z,0.0,-65.177086,-64.114586,NaN
2019-08-07T12:00:00Z,0.0,-65.177086,-64.114586,NaN
2019-08-08T12:00:00Z,0.0,-65.177086,-64.114586,NaN
2019-08-09T12:00:00Z,0.0,-65.177086,-64.114586,NaN
2019-08-10T12:00:00Z,0.0,-65.177086,-64.114586,NaN
2019-08-11T12:00:00Z,0.0,-65.177086,-64.114586,NaN
2019-08-12T12:00:00Z,0.0,-65.177086,-64.114586,NaN
2019-08-13T12:00:00Z,0.0,-65.177086,-64.114586,NaN
2019-08-14T12:00:00Z,0.0,-65.177086,-64.114586,NaN
2019-08-15T12:00:00Z,0.0,-65.177086,-64.114586,NaN
2019-08-16T12:00:00Z,0.0,-65.177086,-64.114586,NaN
2019-08-17T12:00:00Z,0.0,-65.177086,-64.114586,NaN
2019-08-18T12:00:00Z,0.0,-65.177086,-64.114586,NaN
2019-08-19T12:00:00Z,0.0,-65.177086,-64.114586,NaN
2019-08-20T12:00:00Z,0.0,-65.177086,-64.114586,NaN
2019-08-21T12:00:00Z,0.0,-65.177086,-64.114586,NaN
2019-08-22T12:00:00Z,0.0,-65.177086,-64.114586,NaN
2019-08-23T12:00:00Z,0.0,-65.177086,-64.114586,NaN
2019-08-24T12:00:00Z,0.0,-65.177086,-64.114586,NaN
2019-08-25T12:00:00Z,0.0,-65.177086,-64.114586,NaN
2019-08-26T12:00:00Z,0.0,-65.177086,-64.114586,NaN
2019-08-27T12:00:00Z,0.0,-65.177086,-64.114586,NaN
2019-08-28T12:00:00Z,0.0,-65.177086,-64.114586,NaN
2019-08-29T12:00:00Z,0.0,-65.177086,-64.114586,NaN
2019-08-30T12:00:00Z,0.0,-65.177086,-64.114586,NaN
2019-08-31T12:00:00Z,0.0,-65.177086,-64.114586,NaN
2019-09-01T12:00:00Z,0.0,-65.177086,-64.114586,NaN
2019-09-02T12:00:00Z,0.0,-65.177086,-64.114586,NaN
2019-09-03T12:00:00Z,0.0,-65.177086,-64.114586,NaN
2019-09-04T12:00:00Z,0.0,-65.177086,-64.114586,NaN
2019-09-05T12:00:00Z,0.0,-65.177086,-64.114586,NaN
2019-09-06T12:00:00Z,0.0,-65.177086,-64.114586,NaN
2019-09-07T12:00:00Z,0.0,-65.177086,-64.114586,NaN
2019-09-08T12:00:00Z,0.0,-65.177086,-64.114586,NaN
2019-09-09T12:00:00Z,0.0,-65.177086,-64.114586,NaN
2019-09-10T12:00:00Z,0.0,-65.177086,-64.114586,NaN
2019-09-11T12:00:00Z,0.0,-65.177086,-64.114586,NaN
2019-09-12T12:00:00Z,0.0,-65.177086,-64.114586,NaN
2019-09-13T12:00:00Z,0.0,-65.177086,-64.114586,NaN
2019-09-14T12:00:00Z,0.0,-65.177086,-64.114586,NaN
2019-09-15T12:00:00Z,0.0,-65.177086,-64.114586,NaN
2019-09-16T12:00:00Z,0.0,-65.177086,-64.114586,NaN
2019-09-17T12:00:00Z,0.0,-65.177086,-64.114586,NaN
2019-09-18T12:00:00Z,0.0,-65.177086,-64.114586,NaN
2019-09-19T12:00:00Z,0.0,-65.177086,-64.114586,NaN
2019-09-20T12:00:00Z,0.0,-65.177086,-64.114586,NaN
2019-09-21T12:00:00Z,0.0,-65.177086,-64.114586,NaN
2019-09-22T12:00:00Z,0.0,-65.177086,-64.114586,NaN
2019-09-23T12:00:00Z,0.0,-65.177086,-64.114586,NaN
2019-09-24T12:00:00Z,0.0,-65.177086,-64.114586,NaN
2019-09-25T12:00:00Z,0.0,-65.177086,-64.114586,NaN
2019-09-26T12:00:00Z,0.0,-65.177086,-64.114586,NaN
2019-09-27T12:00:00Z,0.0,-65.177086,-64.114586,NaN
2019-09-28T12:00:00Z,0.0,-65.177086,-64.114586,NaN
2019-09-29T12:00:00Z,0.0,-65.177086,-64.114586,NaN
2019-09-30T12:00:00Z,0.0,-65.177086,-64.114586,NaN
2019-10-01T12:00:00Z,0.0,-65.177086,-64.114586,NaN
2019-10-02T12:00:00Z,0.0,-65.177086,-64.114586,NaN
2019-10-03T12:00:00Z,0.0,-65.177086,-64.114586,NaN
2019-10-04T12:00:00Z,0.0,-65.177086,-64.114586,NaN
2019-10-05T12:00:00Z,0.0,-65.177086,-64.114586,NaN
2019-10-06T12:00:00Z,0.0,-65.177086,-64.114586,NaN
2019-10-07T12:00:00Z,0.0,-65.177086,-64.114586,NaN
2019-10-08T12:00:00Z,0.0,-65.177086,-64.114586,NaN
2019-10-09T12:00:00Z,0.0,-65.177086,-64.114586,NaN
2019-10-10T12:00:00Z,0.0,-65.177086,-64.114586,NaN
2019-10-11T12:00:00Z,0.0,-65.177086,-64.114586,NaN
2019-10-12T12:00:00Z,0.0,-65.177086,-64.114586,NaN
2019-10-13T12:00:00Z,0.0,-65.177086,-64.114586,NaN
2019-10-14T12:00:00Z,0.0,-65.177086,-64.114586,NaN
2019-10-15T12:00:00Z,0.0,-65.177086,-64.114586,NaN
2019-10-16T12:00:00Z,0.0,-65.177086,-64.114586,NaN
2019-10-17T12:00:00Z,0.0,-65.177086,-64.114586,NaN
2019-10-18T12:00:00Z,0.0,-65.177086,-64.114586,NaN
2019-10-19T12:00:00Z,0.0,-65.177086,-64.114586,NaN
2019-10-20T12:00:00Z,0.0,-65.177086,-64.114586,NaN
2019-10-21T12:00:00Z,0.0,-65.177086,-64.114586,NaN
2019-10-22T12:00:00Z,0.0,-65.177086,-64.114586,NaN
2019-10-23T12:00:00Z,0.0,-65.177086,-64.114586,0.084892616
2019-10-24T12:00:00Z,0.0,-65.177086,-64.114586,0.084813476
2019-10-25T12:00:00Z,0.0,-65.177086,-64.114586,0.08415089
2019-10-26T12:00:00Z,0.0,-65.177086,-64.114586,0.08573076
2019-10-27T12:00:00Z,0.0,-65.177086,-64.114586,0.0884378
2019-10-28T12:00:00Z,0.0,-65.177086,-64.114586,0.07131201
2019-10-29T12:00:00Z,0.0,-65.177086,-64.114586,0.07187785
2019-10-30T12:00:00Z,0.0,-65.177086,-64.114586,0.05961197
2019-10-31T12:00:00Z,0.0,-65.177086,-64.114586,0.07826113
2019-11-01T12:00:00Z,0.0,-65.177086,-64.114586,0.07799211
2019-11-02T12:00:00Z,0.0,-65.177086,-64.114586,0.07583656
2019-11-03T12:00:00Z,0.0,-65.177086,-64.114586,0.08515872
2019-11-04T12:00:00Z,0.0,-65.177086,-64.114586,0.0853559
2019-11-05T12:00:00Z,0.0,-65.177086,-64.114586,0.107989766
2019-11-06T12:00:00Z,0.0,-65.177086,-64.114586,0.12270961
2019-11-07T12:00:00Z,0.0,-65.177086,-64.114586,0.09209484
2019-11-08T12:00:00Z,0.0,-65.177086,-64.114586,0.11613984
2019-11-09T12:00:00Z,0.0,-65.177086,-64.114586,0.107789285
2019-11-10T12:00:00Z,0.0,-65.177086,-64.114586,0.07838675
2019-11-11T12:00:00Z,0.0,-65.177086,-64.114586,0.10927585
2019-11-12T12:00:00Z,0.0,-65.177086,-64.114586,0.089316525
2019-11-13T12:00:00Z,0.0,-65.177086,-64.114586,0.1408123
2019-11-14T12:00:00Z,0.0,-65.177086,-64.114586,0.1508435
2019-11-15T12:00:00Z,0.0,-65.177086,-64.114586,0.12841006
2019-11-16T12:00:00Z,0.0,-65.177086,-64.114586,0.11151349
2019-11-17T12:00:00Z,0.0,-65.177086,-64.114586,0.12349742
2019-11-18T12:00:00Z,0.0,-65.177086,-64.114586,0.16752441
2019-11-19T12:00:00Z,0.0,-65.177086,-64.114586,0.18027478
2019-11-20T12:00:00Z,0.0,-65.177086,-64.114586,0.1754935
2019-11-21T12:00:00Z,0.0,-65.177086,-64.114586,0.18454222
2019-11-22T12:00:00Z,0.0,-65.177086,-64.114586,0.16712572
2019-11-23T12:00:00Z,0.0,-65.177086,-64.114586,0.17094283
2019-11-24T12:00:00Z,0.0,-65.177086,-64.114586,0.18527843
2019-11-25T12:00:00Z,0.0,-65.177086,-64.114586,0.19954439
2019-11-26T12:00:00Z,0.0,-65.177086,-64.114586,0.2041008
2019-11-27T12:00:00Z,0.0,-65.177086,-64.114586,0.18857116
2019-11-28T12:00:00Z,0.0,-65.177086,-64.114586,0.17888233
2019-11-29T12:00:00Z,0.0,-65.177086,-64.114586,0.2155069
2019-11-30T12:00:00Z,0.0,-65.177086,-64.114586,0.22855665
2019-12-01T12:00:00Z,0.0,-65.177086,-64.114586,0.24571455
2019-12-02T12:00:00Z,0.0,-65.177086,-64.114586,0.20795983
2019-12-03T12:00:00Z,0.0,-65.177086,-64.114586,0.30478665
2019-12-04T12:00:00Z,0.0,-65.177086,-64.114586,0.24285874
2019-12-05T12:00:00Z,0.0,-65.177086,-64.114586,0.25951803
2019-12-06T12:00:00Z,0.0,-65.177086,-64.114586,0.42037046
2019-12-07T12:00:00Z,0.0,-65.177086,-64.114586,0.049485557
2019-12-08T12:00:00Z,0.0,-65.177086,-64.114586,0.06771615
2019-12-09T12:00:00Z,0.0,-65.177086,-64.114586,0.058393497
2019-12-10T12:00:00Z,0.0,-65.177086,-64.114586,0.08425616
2019-12-11T12:00:00Z,0.0,-65.177086,-64.114586,0.094210744
2019-12-12T12:00:00Z,0.0,-65.177086,-64.114586,0.10395105
2019-12-13T12:00:00Z,0.0,-65.177086,-64.114586,0.09120172
2019-12-14T12:00:00Z,0.0,-65.177086,-64.114586,0.12680276
2019-12-15T12:00:00Z,0.0,-65.177086,-64.114586,0.16367555
2019-12-16T12:00:00Z,0.0,-65.177086,-64.114586,0.16772535
2019-12-17T12:00:00Z,0.0,-65.177086,-64.114586,0.17975669
2019-12-18T12:00:00Z,0.0,-65.177086,-64.114586,0.24167018
2019-12-19T12:00:00Z,0.0,-65.177086,-64.114586,0.46962228
2019-12-20T12:00:00Z,0.0,-65.177086,-64.114586,0.476607
2019-12-21T12:00:00Z,0.0,-65.177086,-64.114586,0.4048704
2019-12-22T12:00:00Z,0.0,-65.177086,-64.114586,0.5109299
2019-12-23T12:00:00Z,0.0,-65.177086,-64.114586,0.45638704
2019-12-24T12:00:00Z,0.0,-65.177086,-64.114586,0.55405587
2019-12-25T12:00:00Z,0.0,-65.177086,-64.114586,0.7394116
2019-12-26T12:00:00Z,0.0,-65.177086,-64.114586,0.79463977
2019-12-27T12:00:00Z,0.0,-65.177086,-64.114586,0.73256075
2019-12-28T12:00:00Z,0.0,-65.177086,-64.114586,0.5901713
2019-12-29T12:00:00Z,0.0,-65.177086,-64.114586,0.782013
2019-12-30T12:00:00Z,0.0,-65.177086,-64.114586,0.92951137
2019-12-31T12:00:00Z,0.0,-65.177086,-64.114586,0.46056387
2020-01-01T12:00:00Z,0.0,-65.177086,-64.114586,0.427502
2020-01-02T12:00:00Z,0.0,-65.177086,-64.114586,0.38666153
2020-01-03T12:00:00Z,0.0,-65.177086,-64.114586,0.381224
2020-01-04T12:00:00Z,0.0,-65.177086,-64.114586,0.38036844
2020-01-05T12:00:00Z,0.0,-65.177086,-64.114586,0.40374592
2020-01-06T12:00:00Z,0.0,-65.177086,-64.114586,0.29986545
2020-01-07T12:00:00Z,0.0,-65.177086,-64.114586,0.2958401
2020-01-08T12:00:00Z,0.0,-65.177086,-64.114586,0.26252767
2020-01-09T12:00:00Z,0.0,-65.177086,-64.114586,0.23304228
2020-01-10T12:00:00Z,0.0,-65.177086,-64.114586,0.18048427
2020-01-11T12:00:00Z,0.0,-65.177086,-64.114586,0.19157715
2020-01-12T12:00:00Z,0.0,-65.177086,-64.114586,0.1778641
2020-01-13T12:00:00Z,0.0,-65.177086,-64.114586,0.1599753
2020-01-14T12:00:00Z,0.0,-65.177086,-64.114586,0.15311949
2020-01-15T12:00:00Z,0.0,-65.177086,-64.114586,0.16040744
2020-01-16T12:00:00Z,0.0,-65.177086,-64.114586,0.16854012
2020-01-17T12:00:00Z,0.0,-65.177086,-64.114586,0.3140816
2020-01-18T12:00:00Z,0.0,-65.177086,-64.114586,0.3561204
2020-01-19T12:00:00Z,0.0,-65.177086,-64.114586,0.44530264
2020-01-20T12:00:00Z,0.0,-65.177086,-64.114586,0.39171788
2020-01-21T12:00:00Z,0.0,-65.177086,-64.114586,0.39125264
2020-01-22T12:00:00Z,0.0,-65.177086,-64.114586,0.38897908
2020-01-23T12:00:00Z,0.0,-65.177086,-64.114586,0.4057873
2020-01-24T12:00:00Z,0.0,-65.177086,-64.114586,0.49144897
2020-01-25T12:00:00Z,0.0,-65.177086,-64.114586,0.5049739
2020-01-26T12:00:00Z,0.0,-65.177086,-64.114586,0.54152644
2020-01-27T12:00:00Z,0.0,-65.177086,-64.114586,0.63776416
2020-01-28T12:00:00Z,0.0,-65.177086,-64.114586,0.6370701
2020-01-29T12:00:00Z,0.0,-65.177086,-64.114586,0.60097927
2020-01-30T12:00:00Z,0.0,-65.177086,-64.114586,0.5682974
2020-01-31T12:00:00Z,0.0,-65.177086,-64.114586,0.6461801
2020-02-01T12:00:00Z,0.0,-65.177086,-64.114586,0.6488042
2020-02-02T12:00:00Z,0.0,-65.177086,-64.114586,0.70631045
2020-02-03T12:00:00Z,0.0,-65.177086,-64.114586,0.6132035
2020-02-04T12:00:00Z,0.0,-65.177086,-64.114586,0.49192864
2020-02-05T12:00:00Z,0.0,-65.177086,-64.114586,0.49291492
2020-02-06T12:00:00Z,0.0,-65.177086,-64.114586,0.48206067
2020-02-07T12:00:00Z,0.0,-65.177086,-64.114586,0.47648194
2020-02-08T12:00:00Z,0.0,-65.177086,-64.114586,0.47949198
2020-02-09T12:00:00Z,0.0,-65.177086,-64.114586,0.46756417
2020-02-10T12:00:00Z,0.0,-65.177086,-64.114586,0.48165312
2020-02-11T12:00:00Z,0.0,-65.177086,-64.114586,0.46966344
2020-02-12T12:00:00Z,0.0,-65.177086,-64.114586,0.43489814
2020-02-13T12:00:00Z,0.0,-65.177086,-64.114586,0.43475062
2020-02-14T12:00:00Z,0.0,-65.177086,-64.114586,0.50035995
2020-02-15T12:00:00Z,0.0,-65.177086,-64.114586,0.5025049
2020-02-16T12:00:00Z,0.0,-65.177086,-64.114586,0.4808797
2020-02-17T12:00:00Z,0.0,-65.177086,-64.114586,0.47535652
2020-02-18T12:00:00Z,0.0,-65.177086,-64.114586,0.44600362
2020-02-19T12:00:00Z,0.0,-65.177086,-64.114586,0.38321808
2020-02-20T12:00:00Z,0.0,-65.177086,-64.114586,0.39252257
2020-02-21T12:00:00Z,0.0,-65.177086,-64.114586,0.3907486
2020-02-22T12:00:00Z,0.0,-65.177086,-64.114586,0.354417
2020-02-23T12:00:00Z,0.0,-65.177086,-64.114586,0.3634268
2020-02-24T12:00:00Z,0.0,-65.177086,-64.114586,0.4715994
2020-02-25T12:00:00Z,0.0,-65.177086,-64.114586,0.47943664
2020-02-26T12:00:00Z,0.0,-65.177086,-64.114586,0.48026073
2020-02-27T12:00:00Z,0.0,-65.177086,-64.114586,0.44186604
2020-02-28T12:00:00Z,0.0,-65.177086,-64.114586,0.46343744
2020-02-29T12:00:00Z,0.0,-65.177086,-64.114586,0.55984765
2020-03-01T12:00:00Z,0.0,-65.177086,-64.114586,0.55121475
2020-03-02T12:00:00Z,0.0,-65.177086,-64.114586,0.51978385
2020-03-03T12:00:00Z,0.0,-65.177086,-64.114586,0.49729094
2020-03-04T12:00:00Z,0.0,-65.177086,-64.114586,0.4815308
2020-03-05T12:00:00Z,0.0,-65.177086,-64.114586,0.47480834
2020-03-06T12:00:00Z,0.0,-65.177086,-64.114586,0.47607464
2020-03-07T12:00:00Z,0.0,-65.177086,-64.114586,0.47435245
2020-03-08T12:00:00Z,0.0,-65.177086,-64.114586,0.38874885
2020-03-09T12:00:00Z,0.0,-65.177086,-64.114586,0.3785431
2020-03-10T12:00:00Z,0.0,-65.177086,-64.114586,0.32502815
2020-03-11T12:00:00Z,0.0,-65.177086,-64.114586,0.16983458
2020-03-12T12:00:00Z,0.0,-65.177086,-64.114586,NaN
2020-03-13T12:00:00Z,0.0,-65.177086,-64.114586,NaN
2020-03-14T12:00:00Z,0.0,-65.177086,-64.114586,NaN
2020-03-15T12:00:00Z,0.0,-65.177086,-64.114586,NaN
2020-03-16T12:00:00Z,0.0,-65.177086,-64.114586,NaN
2020-03-17T12:00:00Z,0.0,-65.177086,-64.114586,NaN
2020-03-18T12:00:00Z,0.0,-65.177086,-64.114586,NaN
2020-03-19T12:00:00Z,0.0,-65.177086,-64.114586,NaN
2020-03-20T12:00:00Z,0.0,-65.177086,-64.114586,NaN
2020-03-21T12:00:00Z,0.0,-65.177086,-64.114586,NaN
2020-03-22T12:00:00Z,0.0,-65.177086,-64.114586,NaN
2020-03-23T12:00:00Z,0.0,-65.177086,-64.114586,NaN
2020-03-24T12:00:00Z,0.0,-65.177086,-64.114586,NaN
2020-03-25T12:00:00Z,0.0,-65.177086,-64.114586,NaN
2020-03-26T12:00:00Z,0.0,-65.177086,-64.114586,NaN
2020-03-27T12:00:00Z,0.0,-65.177086,-64.114586,NaN
2020-03-28T12:00:00Z,0.0,-65.177086,-64.114586,NaN
2020-03-29T12:00:00Z,0.0,-65.177086,-64.114586,NaN
2020-03-30T12:00:00Z,0.0,-65.177086,-64.114586,NaN
2020-03-31T12:00:00Z,0.0,-65.177086,-64.114586,NaN
2020-04-01T12:00:00Z,0.0,-65.177086,-64.114586,NaN
2020-04-02T12:00:00Z,0.0,-65.177086,-64.114586,NaN
2020-04-03T12:00:00Z,0.0,-65.177086,-64.114586,NaN
2020-04-04T12:00:00Z,0.0,-65.177086,-64.114586,NaN
2020-04-05T12:00:00Z,0.0,-65.177086,-64.114586,NaN
2020-04-06T12:00:00Z,0.0,-65.177086,-64.114586,NaN
2020-04-07T12:00:00Z,0.0,-65.177086,-64.114586,NaN
2020-04-08T12:00:00Z,0.0,-65.177086,-64.114586,NaN
2020-04-09T12:00:00Z,0.0,-65.177086,-64.114586,NaN
2020-04-10T12:00:00Z,0.0,-65.177086,-64.114586,NaN
2020-04-11T12:00:00Z,0.0,-65.177086,-64.114586,NaN
2020-04-12T12:00:00Z,0.0,-65.177086,-64.114586,NaN
2020-04-13T12:00:00Z,0.0,-65.177086,-64.114586,NaN
2020-04-14T12:00:00Z,0.0,-65.177086,-64.114586,NaN
2020-04-15T12:00:00Z,0.0,-65.177086,-64.114586,NaN
2020-04-16T12:00:00Z,0.0,-65.177086,-64.114586,NaN
2020-04-17T12:00:00Z,0.0,-65.177086,-64.114586,NaN
2020-04-18T12:00:00Z,0.0,-65.177086,-64.114586,NaN
2020-04-19T12:00:00Z,0.0,-65.177086,-64.114586,NaN
2020-04-20T12:00:00Z,0.0,-65.177086,-64.114586,NaN
2020-04-21T12:00:00Z,0.0,-65.177086,-64.114586,NaN
2020-04-22T12:00:00Z,0.0,-65.177086,-64.114586,NaN
2020-04-23T12:00:00Z,0.0,-65.177086,-64.114586,NaN
2020-04-24T12:00:00Z,0.0,-65.177086,-64.114586,NaN
2020-04-25T12:00:00Z,0.0,-65.177086,-64.114586,NaN
2020-04-26T12:00:00Z,0.0,-65.177086,-64.114586,NaN
2020-04-27T12:00:00Z,0.0,-65.177086,-64.114586,NaN
2020-04-28T12:00:00Z,0.0,-65.177086,-64.114586,NaN
2020-04-29T12:00:00Z,0.0,-65.177086,-64.114586,NaN
2020-04-30T12:00:00Z,0.0,-65.177086,-64.114586,NaN
2020-05-01T12:00:00Z,0.0,-65.177086,-64.114586,NaN
2020-05-02T12:00:00Z,0.0,-65.177086,-64.114586,NaN
2020-05-03T12:00:00Z,0.0,-65.177086,-64.114586,NaN
2020-05-04T12:00:00Z,0.0,-65.177086,-64.114586,NaN
2020-05-05T12:00:00Z,0.0,-65.177086,-64.114586,NaN
2020-05-06T12:00:00Z,0.0,-65.177086,-64.114586,NaN
2020-05-07T12:00:00Z,0.0,-65.177086,-64.114586,NaN
2020-05-08T12:00:00Z,0.0,-65.177086,-64.114586,NaN
2020-05-09T12:00:00Z,0.0,-65.177086,-64.114586,NaN
2020-05-10T12:00:00Z,0.0,-65.177086,-64.114586,NaN
2020-05-11T12:00:00Z,0.0,-65.177086,-64.114586,NaN
2020-05-12T12:00:00Z,0.0,-65.177086,-64.114586,NaN
2020-05-13T12:00:00Z,0.0,-65.177086,-64.114586,NaN
2020-05-14T12:00:00Z,0.0,-65.177086,-64.114586,NaN
2020-05-15T12:00:00Z,0.0,-65.177086,-64.114586,NaN
2020-05-16T12:00:00Z,0.0,-65.177086,-64.114586,NaN
2020-05-17T12:00:00Z,0.0,-65.177086,-64.114586,NaN
2020-05-18T12:00:00Z,0.0,-65.177086,-64.114586,NaN
2020-05-19T12:00:00Z,0.0,-65.177086,-64.114586,NaN
2020-05-20T12:00:00Z,0.0,-65.177086,-64.114586,NaN
2020-05-21T12:00:00Z,0.0,-65.177086,-64.114586,NaN
2020-05-22T12:00:00Z,0.0,-65.177086,-64.114586,NaN
2020-05-23T12:00:00Z,0.0,-65.177086,-64.114586,NaN
2020-05-24T12:00:00Z,0.0,-65.177086,-64.114586,NaN
2020-05-25T12:00:00Z,0.0,-65.177086,-64.114586,NaN
2020-05-26T12:00:00Z,0.0,-65.177086,-64.114586,NaN
2020-05-27T12:00:00Z,0.0,-65.177086,-64.114586,NaN
2020-05-28T12:00:00Z,0.0,-65.177086,-64.114586,NaN
2020-05-29T12:00:00Z,0.0,-65.177086,-64.114586,NaN
2020-05-30T12:00:00Z,0.0,-65.177086,-64.114586,NaN
2020-05-31T12:00:00Z,0.0,-65.177086,-64.114586,NaN
2020-06-01T12:00:00Z,0.0,-65.177086,-64.114586,NaN
2020-06-02T12:00:00Z,0.0,-65.177086,-64.114586,NaN
2020-06-03T12:00:00Z,0.0,-65.177086,-64.114586,NaN
2020-06-04T12:00:00Z,0.0,-65.177086,-64.114586,NaN
2020-06-05T12:00:00Z,0.0,-65.177086,-64.114586,NaN
2020-06-06T12:00:00Z,0.0,-65.177086,-64.114586,NaN
2020-06-07T12:00:00Z,0.0,-65.177086,-64.114586,NaN
2020-06-08T12:00:00Z,0.0,-65.177086,-64.114586,NaN
2020-06-09T12:00:00Z,0.0,-65.177086,-64.114586,NaN
2020-06-10T12:00:00Z,0.0,-65.177086,-64.114586,NaN
2020-06-11T12:00:00Z,0.0,-65.177086,-64.114586,NaN
2020-06-12T12:00:00Z,0.0,-65.177086,-64.114586,NaN
2020-06-13T12:00:00Z,0.0,-65.177086,-64.114586,NaN
2020-06-14T12:00:00Z,0.0,-65.177086,-64.114586,NaN
2020-06-15T12:00:00Z,0.0,-65.177086,-64.114586,NaN
2020-06-16T12:00:00Z,0.0,-65.177086,-64.114586,NaN
2020-06-17T12:00:00Z,0.0,-65.177086,-64.114586,NaN
2020-06-18T12:00:00Z,0.0,-65.177086,-64.114586,NaN
2020-06-19T12:00:00Z,0.0,-65.177086,-64.114586,NaN
2020-06-20T12:00:00Z,0.0,-65.177086,-64.114586,NaN
2020-06-21T12:00:00Z,0.0,-65.177086,-64.114586,NaN
2020-06-22T12:00:00Z,0.0,-65.177086,-64.114586,NaN
2020-06-23T12:00:00Z,0.0,-65.177086,-64.114586,NaN
2020-06-24T12:00:00Z,0.0,-65.177086,-64.114586,NaN
2020-06-25T12:00:00Z,0.0,-65.177086,-64.114586,NaN
2020-06-26T12:00:00Z,0.0,-65.177086,-64.114586,NaN
2020-06-27T12:00:00Z,0.0,-65.177086,-64.114586,NaN
2020-06-28T12:00:00Z,0.0,-65.177086,-64.114586,NaN
2020-06-29T12:00:00Z,0.0,-65.177086,-64.114586,NaN
2020-06-30T12:00:00Z,0.0,-65.177086,-64.114586,NaN
2020-07-01T12:00:00Z,0.0,-65.177086,-64.114586,NaN
2020-07-02T12:00:00Z,0.0,-65.177086,-64.114586,NaN
2020-07-03T12:00:00Z,0.0,-65.177086,-64.114586,NaN
2020-07-04T12:00:00Z,0.0,-65.177086,-64.114586,NaN
2020-07-05T12:00:00Z,0.0,-65.177086,-64.114586,NaN
2020-07-06T12:00:00Z,0.0,-65.177086,-64.114586,NaN
2020-07-07T12:00:00Z,0.0,-65.177086,-64.114586,NaN
2020-07-08T12:00:00Z,0.0,-65.177086,-64.114586,NaN
2020-07-09T12:00:00Z,0.0,-65.177086,-64.114586,NaN
2020-07-10T12:00:00Z,0.0,-65.177086,-64.114586,NaN
2020-07-11T12:00:00Z,0.0,-65.177086,-64.114586,NaN
2020-07-12T12:00:00Z,0.0,-65.177086,-64.114586,NaN
2020-07-13T12:00:00Z,0.0,-65.177086,-64.114586,NaN
2020-07-14T12:00:00Z,0.0,-65.177086,-64.114586,NaN
2020-07-15T12:00:00Z,0.0,-65.177086,-64.114586,NaN
2020-07-16T12:00:00Z,0.0,-65.177086,-64.114586,NaN
2020-07-17T12:00:00Z,0.0,-65.177086,-64.114586,NaN
2020-07-18T12:00:00Z,0.0,-65.177086,-64.114586,NaN
2020-07-19T12:00:00Z,0.0,-65.177086,-64.114586,NaN
2020-07-20T12:00:00Z,0.0,-65.177086,-64.114586,NaN
2020-07-21T12:00:00Z,0.0,-65.177086,-64.114586,NaN
2020-07-22T12:00:00Z,0.0,-65.177086,-64.114586,NaN
2020-07-23T12:00:00Z,0.0,-65.177086,-64.114586,NaN
2020-07-24T12:00:00Z,0.0,-65.177086,-64.114586,NaN
2020-07-25T12:00:00Z,0.0,-65.177086,-64.114586,NaN
2020-07-26T12:00:00Z,0.0,-65.177086,-64.114586,NaN
2020-07-27T12:00:00Z,0.0,-65.177086,-64.114586,NaN
2020-07-28T12:00:00Z,0.0,-65.177086,-64.114586,NaN
2020-07-29T12:00:00Z,0.0,-65.177086,-64.114586,NaN
2020-07-30T12:00:00Z,0.0,-65.177086,-64.114586,NaN
2020-07-31T12:00:00Z,0.0,-65.177086,-64.114586,NaN
2020-08-01T12:00:00Z,0.0,-65.177086,-64.114586,NaN
2020-08-02T12:00:00Z,0.0,-65.177086,-64.114586,NaN
2020-08-03T12:00:00Z,0.0,-65.177086,-64.114586,NaN
2020-08-04T12:00:00Z,0.0,-65.177086,-64.114586,NaN
2020-08-05T12:00:00Z,0.0,-65.177086,-64.114586,NaN
2020-08-06T12:00:00Z,0.0,-65.177086,-64.114586,NaN
2020-08-07T12:00:00Z,0.0,-65.177086,-64.114586,NaN
2020-08-08T12:00:00Z,0.0,-65.177086,-64.114586,NaN
2020-08-09T12:00:00Z,0.0,-65.177086,-64.114586,NaN
2020-08-10T12:00:00Z,0.0,-65.177086,-64.114586,NaN
2020-08-11T12:00:00Z,0.0,-65.177086,-64.114586,NaN
2020-08-12T12:00:00Z,0.0,-65.177086,-64.114586,NaN
2020-08-13T12:00:00Z,0.0,-65.177086,-64.114586,NaN
2020-08-14T12:00:00Z,0.0,-65.177086,-64.114586,NaN
2020-08-15T12:00:00Z,0.0,-65.177086,-64.114586,NaN
2020-08-16T12:00:00Z,0.0,-65.177086,-64.114586,NaN
2020-08-17T12:00:00Z,0.0,-65.177086,-64.114586,NaN
2020-08-18T12:00:00Z,0.0,-65.177086,-64.114586,NaN
2020-08-19T12:00:00Z,0.0,-65.177086,-64.114586,NaN
2020-08-20T12:00:00Z,0.0,-65.177086,-64.114586,NaN
2020-08-21T12:00:00Z,0.0,-65.177086,-64.114586,NaN
2020-08-22T12:00:00Z,0.0,-65.177086,-64.114586,NaN
2020-08-23T12:00:00Z,0.0,-65.177086,-64.114586,NaN
2020-08-24T12:00:00Z,0.0,-65.177086,-64.114586,NaN
2020-08-25T12:00:00Z,0.0,-65.177086,-64.114586,NaN
2020-08-26T12:00:00Z,0.0,-65.177086,-64.114586,NaN
2020-08-27T12:00:00Z,0.0,-65.177086,-64.114586,NaN
2020-08-28T12:00:00Z,0.0,-65.177086,-64.114586,NaN
2020-08-29T12:00:00Z,0.0,-65.177086,-64.114586,NaN
2020-08-30T12:00:00Z,0.0,-65.177086,-64.114586,NaN
2020-08-31T12:00:00Z,0.0,-65.177086,-64.114586,NaN
2020-09-01T12:00:00Z,0.0,-65.177086,-64.114586,NaN
2020-09-02T12:00:00Z,0.0,-65.177086,-64.114586,NaN
2020-09-03T12:00:00Z,0.0,-65.177086,-64.114586,NaN
2020-09-04T12:00:00Z,0.0,-65.177086,-64.114586,NaN
2020-09-05T12:00:00Z,0.0,-65.177086,-64.114586,NaN
2020-09-06T12:00:00Z,0.0,-65.177086,-64.114586,NaN
2020-09-07T12:00:00Z,0.0,-65.177086,-64.114586,NaN
2020-09-08T12:00:00Z,0.0,-65.177086,-64.114586,NaN
2020-09-09T12:00:00Z,0.0,-65.177086,-64.114586,NaN
2020-09-10T12:00:00Z,0.0,-65.177086,-64.114586,NaN
2020-09-11T12:00:00Z,0.0,-65.177086,-64.114586,NaN
2020-09-12T12:00:00Z,0.0,-65.177086,-64.114586,NaN
2020-09-13T12:00:00Z,0.0,-65.177086,-64.114586,NaN
2020-09-14T12:00:00Z,0.0,-65.177086,-64.114586,NaN
2020-09-15T12:00:00Z,0.0,-65.177086,-64.114586,NaN
2020-09-16T12:00:00Z,0.0,-65.177086,-64.114586,NaN
2020-09-17T12:00:00Z,0.0,-65.177086,-64.114586,NaN
2020-09-18T12:00:00Z,0.0,-65.177086,-64.114586,NaN
2020-09-19T12:00:00Z,0.0,-65.177086,-64.114586,NaN
2020-09-20T12:00:00Z,0.0,-65.177086,-64.114586,NaN
2020-09-21T12:00:00Z,0.0,-65.177086,-64.114586,NaN
2020-09-22T12:00:00Z,0.0,-65.177086,-64.114586,NaN
2020-09-23T12:00:00Z,0.0,-65.177086,-64.114586,NaN
2020-09-24T12:00:00Z,0.0,-65.177086,-64.114586,NaN
2020-09-25T12:00:00Z,0.0,-65.177086,-64.114586,NaN
2020-09-26T12:00:00Z,0.0,-65.177086,-64.114586,NaN
2020-09-27T12:00:00Z,0.0,-65.177086,-64.114586,NaN
2020-09-28T12:00:00Z,0.0,-65.177086,-64.114586,NaN
2020-09-29T12:00:00Z,0.0,-65.177086,-64.114586,NaN
2020-09-30T12:00:00Z,0.0,-65.177086,-64.114586,NaN
2020-10-01T12:00:00Z,0.0,-65.177086,-64.114586,NaN
2020-10-02T12:00:00Z,0.0,-65.177086,-64.114586,NaN
2020-10-03T12:00:00Z,0.0,-65.177086,-64.114586,NaN
2020-10-04T12:00:00Z,0.0,-65.177086,-64.114586,NaN
2020-10-05T12:00:00Z,0.0,-65.177086,-64.114586,NaN
2020-10-06T12:00:00Z,0.0,-65.177086,-64.114586,NaN
2020-10-07T12:00:00Z,0.0,-65.177086,-64.114586,NaN
2020-10-08T12:00:00Z,0.0,-65.177086,-64.114586,NaN
2020-10-09T12:00:00Z,0.0,-65.177086,-64.114586,NaN
2020-10-10T12:00:00Z,0.0,-65.177086,-64.114586,NaN
2020-10-11T12:00:00Z,0.0,-65.177086,-64.114586,NaN
2020-10-12T12:00:00Z,0.0,-65.177086,-64.114586,NaN
2020-10-13T12:00:00Z,0.0,-65.177086,-64.114586,NaN
2020-10-14T12:00:00Z,0.0,-65.177086,-64.114586,NaN
2020-10-15T12:00:00Z,0.0,-65.177086,-64.114586,NaN
2020-10-16T12:00:00Z,0.0,-65.177086,-64.114586,NaN
2020-10-17T12:00:00Z,0.0,-65.177086,-64.114586,NaN
2020-10-18T12:00:00Z,0.0,-65.177086,-64.114586,NaN
2020-10-19T12:00:00Z,0.0,-65.177086,-64.114586,NaN
2020-10-20T12:00:00Z,0.0,-65.177086,-64.114586,NaN
2020-10-21T12:00:00Z,0.0,-65.177086,-64.114586,NaN
2020-10-22T12:00:00Z,0.0,-65.177086,-64.114586,0.1648504
2020-10-23T12:00:00Z,0.0,-65.177086,-64.114586,0.16526124
2020-10-24T12:00:00Z,0.0,-65.177086,-64.114586,0.16628358
2020-10-25T12:00:00Z,0.0,-65.177086,-64.114586,0.16626117
2020-10-26T12:00:00Z,0.0,-65.177086,-64.114586,0.16681726
2020-10-27T12:00:00Z,0.0,-65.177086,-64.114586,0.16658589
2020-10-28T12:00:00Z,0.0,-65.177086,-64.114586,0.20154062
2020-10-29T12:00:00Z,0.0,-65.177086,-64.114586,0.16770783
2020-10-30T12:00:00Z,0.0,-65.177086,-64.114586,0.16762559
2020-10-31T12:00:00Z,0.0,-65.177086,-64.114586,0.2433784
2020-11-01T12:00:00Z,0.0,-65.177086,-64.114586,0.16750246
2020-11-02T12:00:00Z,0.0,-65.177086,-64.114586,0.16823986
2020-11-03T12:00:00Z,0.0,-65.177086,-64.114586,0.26217687
2020-11-04T12:00:00Z,0.0,-65.177086,-64.114586,0.33636025
2020-11-05T12:00:00Z,0.0,-65.177086,-64.114586,0.25088236
2020-11-06T12:00:00Z,0.0,-65.177086,-64.114586,0.2929613
2020-11-07T12:00:00Z,0.0,-65.177086,-64.114586,0.29352522
2020-11-08T12:00:00Z,0.0,-65.177086,-64.114586,0.28625488
2020-11-09T12:00:00Z,0.0,-65.177086,-64.114586,0.25290042
2020-11-10T12:00:00Z,0.0,-65.177086,-64.114586,0.2745391
2020-11-11T12:00:00Z,0.0,-65.177086,-64.114586,0.2725913
2020-11-12T12:00:00Z,0.0,-65.177086,-64.114586,0.25609243
2020-11-13T12:00:00Z,0.0,-65.177086,-64.114586,0.2740645
2020-11-14T12:00:00Z,0.0,-65.177086,-64.114586,0.25608432
2020-11-15T12:00:00Z,0.0,-65.177086,-64.114586,0.25314003
2020-11-16T12:00:00Z,0.0,-65.177086,-64.114586,0.23410493
2020-11-17T12:00:00Z,0.0,-65.177086,-64.114586,0.26887158
2020-11-18T12:00:00Z,0.0,-65.177086,-64.114586,0.17170034
2020-11-19T12:00:00Z,0.0,-65.177086,-64.114586,0.1721456
2020-11-20T12:00:00Z,0.0,-65.177086,-64.114586,0.17246847
2020-11-21T12:00:00Z,0.0,-65.177086,-64.114586,0.17309314
2020-11-22T12:00:00Z,0.0,-65.177086,-64.114586,0.17326638
2020-11-23T12:00:00Z,0.0,-65.177086,-64.114586,0.1734176
2020-11-24T12:00:00Z,0.0,-65.177086,-64.114586,0.17442614
2020-11-25T12:00:00Z,0.0,-65.177086,-64.114586,0.17461026
2020-11-26T12:00:00Z,0.0,-65.177086,-64.114586,0.17549433
2020-11-27T12:00:00Z,0.0,-65.177086,-64.114586,0.1758861
2020-11-28T12:00:00Z,0.0,-65.177086,-64.114586,0.17668164
2020-11-29T12:00:00Z,0.0,-65.177086,-64.114586,0.1771977
2020-11-30T12:00:00Z,0.0,-65.177086,-64.114586,0.17904101
2020-12-01T12:00:00Z,0.0,-65.177086,-64.114586,0.17925224
2020-12-02T12:00:00Z,0.0,-65.177086,-64.114586,0.19066812
2020-12-03T12:00:00Z,0.0,-65.177086,-64.114586,0.19103914
2020-12-04T12:00:00Z,0.0,-65.177086,-64.114586,0.19122308
2020-12-05T12:00:00Z,0.0,-65.177086,-64.114586,0.19124715
2020-12-06T12:00:00Z,0.0,-65.177086,-64.114586,0.19139525
2020-12-07T12:00:00Z,0.0,-65.177086,-64.114586,0.19158302
2020-12-08T12:00:00Z,0.0,-65.177086,-64.114586,0.19198841
2020-12-09T12:00:00Z,0.0,-65.177086,-64.114586,0.1929354
2020-12-10T12:00:00Z,0.0,-65.177086,-64.114586,0.19308396
2020-12-11T12:00:00Z,0.0,-65.177086,-64.114586,0.19473913
2020-12-12T12:00:00Z,0.0,-65.177086,-64.114586,0.19294609
2020-12-13T12:00:00Z,0.0,-65.177086,-64.114586,0.19231947
2020-12-14T12:00:00Z,0.0,-65.177086,-64.114586,0.24088274
2020-12-15T12:00:00Z,0.0,-65.177086,-64.114586,0.15678445
2020-12-16T12:00:00Z,0.0,-65.177086,-64.114586,0.15148601
2020-12-17T12:00:00Z,0.0,-65.177086,-64.114586,0.15934666
2020-12-18T12:00:00Z,0.0,-65.177086,-64.114586,0.16081016
2020-12-19T12:00:00Z,0.0,-65.177086,-64.114586,0.17054605
2020-12-20T12:00:00Z,0.0,-65.177086,-64.114586,0.16119248
2020-12-21T12:00:00Z,0.0,-65.177086,-64.114586,0.15818648
2020-12-22T12:00:00Z,0.0,-65.177086,-64.114586,0.15852568
2020-12-23T12:00:00Z,0.0,-65.177086,-64.114586,0.078117706
2020-12-24T12:00:00Z,0.0,-65.177086,-64.114586,0.071703225
2020-12-25T12:00:00Z,0.0,-65.177086,-64.114586,0.05951775
2020-12-26T12:00:00Z,0.0,-65.177086,-64.114586,0.060747318
2020-12-27T12:00:00Z,0.0,-65.177086,-64.114586,0.05121351
2020-12-28T12:00:00Z,0.0,-65.177086,-64.114586,0.05165866
2020-12-29T12:00:00Z,0.0,-65.177086,-64.114586,0.06285643
2020-12-30T12:00:00Z,0.0,-65.177086,-64.114586,0.12599479
2020-12-31T12:00:00Z,0.0,-65.177086,-64.114586,0.13198599
2021-01-01T12:00:00Z,0.0,-65.177086,-64.114586,0.14722425
2021-01-02T12:00:00Z,0.0,-65.177086,-64.114586,0.16968364
2021-01-03T12:00:00Z,0.0,-65.177086,-64.114586,0.17776293
2021-01-04T12:00:00Z,0.0,-65.177086,-64.114586,0.1599049
2021-01-05T12:00:00Z,0.0,-65.177086,-64.114586,0.103336245
2021-01-06T12:00:00Z,0.0,-65.177086,-64.114586,0.10564975
2021-01-07T12:00:00Z,0.0,-65.177086,-64.114586,0.107083656
2021-01-08T12:00:00Z,0.0,-65.177086,-64.114586,0.11183328
2021-01-09T12:00:00Z,0.0,-65.177086,-64.114586,0.11015909
2021-01-10T12:00:00Z,0.0,-65.177086,-64.114586,0.104489215
2021-01-11T12:00:00Z,0.0,-65.177086,-64.114586,0.21424529
2021-01-12T12:00:00Z,0.0,-65.177086,-64.114586,0.23498583
2021-01-13T12:00:00Z,0.0,-65.177086,-64.114586,0.28710145
2021-01-14T12:00:00Z,0.0,-65.177086,-64.114586,0.22181672
2021-01-15T12:00:00Z,0.0,-65.177086,-64.114586,0.21546532
2021-01-16T12:00:00Z,0.0,-65.177086,-64.114586,0.22924401
2021-01-17T12:00:00Z,0.0,-65.177086,-64.114586,0.23742822
2021-01-18T12:00:00Z,0.0,-65.177086,-64.114586,0.25749072
2021-01-19T12:00:00Z,0.0,-65.177086,-64.114586,0.24645044
2021-01-20T12:00:00Z,0.0,-65.177086,-64.114586,0.26149222
2021-01-21T12:00:00Z,0.0,-65.177086,-64.114586,0.27355942
2021-01-22T12:00:00Z,0.0,-65.177086,-64.114586,0.2525799
2021-01-23T12:00:00Z,0.0,-65.177086,-64.114586,0.32260764
2021-01-24T12:00:00Z,0.0,-65.177086,-64.114586,0.25099307
2021-01-25T12:00:00Z,0.0,-65.177086,-64.114586,0.24458653
2021-01-26T12:00:00Z,0.0,-65.177086,-64.114586,0.22450742
2021-01-27T12:00:00Z,0.0,-65.177086,-64.114586,0.2691498
2021-01-28T12:00:00Z,0.0,-65.177086,-64.114586,0.2754365
2021-01-29T12:00:00Z,0.0,-65.177086,-64.114586,0.30863792
2021-01-30T12:00:00Z,0.0,-65.177086,-64.114586,0.33971226
2021-01-31T12:00:00Z,0.0,-65.177086,-64.114586,0.32430103
2021-02-01T12:00:00Z,0.0,-65.177086,-64.114586,0.31397954
2021-02-02T12:00:00Z,0.0,-65.177086,-64.114586,0.3321948
2021-02-03T12:00:00Z,0.0,-65.177086,-64.114586,0.31962687
2021-02-04T12:00:00Z,0.0,-65.177086,-64.114586,0.2771026
2021-02-05T12:00:00Z,0.0,-65.177086,-64.114586,0.25992405
2021-02-06T12:00:00Z,0.0,-65.177086,-64.114586,0.2585695
2021-02-07T12:00:00Z,0.0,-65.177086,-64.114586,0.25534296
2021-02-08T12:00:00Z,0.0,-65.177086,-64.114586,0.25397736
2021-02-09T12:00:00Z,0.0,-65.177086,-64.114586,0.24949104
2021-02-10T12:00:00Z,0.0,-65.177086,-64.114586,0.27758792
2021-02-11T12:00:00Z,0.0,-65.177086,-64.114586,0.3008609
2021-02-12T12:00:00Z,0.0,-65.177086,-64.114586,0.3140286
2021-02-13T12:00:00Z,0.0,-65.177086,-64.114586,0.2429786
2021-02-14T12:00:00Z,0.0,-65.177086,-64.114586,0.19991757
2021-02-15T12:00:00Z,0.0,-65.177086,-64.114586,0.18595552
2021-02-16T12:00:00Z,0.0,-65.177086,-64.114586,0.18871681
2021-02-17T12:00:00Z,0.0,-65.177086,-64.114586,0.1799409
2021-02-18T12:00:00Z,0.0,-65.177086,-64.114586,0.1640776
2021-02-19T12:00:00Z,0.0,-65.177086,-64.114586,0.1718309
2021-02-20T12:00:00Z,0.0,-65.177086,-64.114586,0.16184735
2021-02-21T12:00:00Z,0.0,-65.177086,-64.114586,0.21906176
2021-02-22T12:00:00Z,0.0,-65.177086,-64.114586,0.30802044
2021-02-23T12:00:00Z,0.0,-65.177086,-64.114586,0.176602
2021-02-24T12:00:00Z,0.0,-65.177086,-64.114586,0.25151187
2021-02-25T12:00:00Z,0.0,-65.177086,-64.114586,0.19332063
2021-02-26T12:00:00Z,0.0,-65.177086,-64.114586,0.2053426
2021-02-27T12:00:00Z,0.0,-65.177086,-64.114586,0.20494343
2021-02-28T12:00:00Z,0.0,-65.177086,-64.114586,0.21120025
2021-03-01T12:00:00Z,0.0,-65.177086,-64.114586,0.20409134
2021-03-02T12:00:00Z,0.0,-65.177086,-64.114586,0.206337
2021-03-03T12:00:00Z,0.0,-65.177086,-64.114586,0.19991815
2021-03-04T12:00:00Z,0.0,-65.177086,-64.114586,0.2170843
2021-03-05T12:00:00Z,0.0,-65.177086,-64.114586,0.2184456
2021-03-06T12:00:00Z,0.0,-65.177086,-64.114586,0.16331668
2021-03-07T12:00:00Z,0.0,-65.177086,-64.114586,0.15675315
2021-03-08T12:00:00Z,0.0,-65.177086,-64.114586,0.16132455
2021-03-09T12:00:00Z,0.0,-65.177086,-64.114586,0.16851108
2021-03-10T12:00:00Z,0.0,-65.177086,-64.114586,0.16419695
2021-03-11T12:00:00Z,0.0,-65.177086,-64.114586,0.1629438
2021-03-12T12:00:00Z,0.0,-65.177086,-64.114586,0.1597197
2021-03-13T12:00:00Z,0.0,-65.177086,-64.114586,NaN
2021-03-14T12:00:00Z,0.0,-65.177086,-64.114586,NaN
2021-03-15T12:00:00Z,0.0,-65.177086,-64.114586,NaN
2021-03-16T12:00:00Z,0.0,-65.177086,-64.114586,NaN
2021-03-17T12:00:00Z,0.0,-65.177086,-64.114586,NaN
2021-03-18T12:00:00Z,0.0,-65.177086,-64.114586,NaN
2021-03-19T12:00:00Z,0.0,-65.177086,-64.114586,NaN
2021-03-20T12:00:00Z,0.0,-65.177086,-64.114586,NaN
2021-03-21T12:00:00Z,0.0,-65.177086,-64.114586,NaN
2021-03-22T12:00:00Z,0.0,-65.177086,-64.114586,NaN
2021-03-23T12:00:00Z,0.0,-65.177086,-64.114586,NaN
2021-03-24T12:00:00Z,0.0,-65.177086,-64.114586,NaN
2021-03-25T12:00:00Z,0.0,-65.177086,-64.114586,NaN
2021-03-26T12:00:00Z,0.0,-65.177086,-64.114586,NaN
2021-03-27T12:00:00Z,0.0,-65.177086,-64.114586,NaN
2021-03-28T12:00:00Z,0.0,-65.177086,-64.114586,NaN
2021-03-29T12:00:00Z,0.0,-65.177086,-64.114586,NaN
2021-03-30T12:00:00Z,0.0,-65.177086,-64.114586,NaN
2021-03-31T12:00:00Z,0.0,-65.177086,-64.114586,NaN
2021-04-01T12:00:00Z,0.0,-65.177086,-64.114586,NaN
2021-04-02T12:00:00Z,0.0,-65.177086,-64.114586,NaN
2021-04-03T12:00:00Z,0.0,-65.177086,-64.114586,NaN
2021-04-04T12:00:00Z,0.0,-65.177086,-64.114586,NaN
2021-04-05T12:00:00Z,0.0,-65.177086,-64.114586,NaN
2021-04-06T12:00:00Z,0.0,-65.177086,-64.114586,NaN
2021-04-07T12:00:00Z,0.0,-65.177086,-64.114586,NaN
2021-04-08T12:00:00Z,0.0,-65.177086,-64.114586,NaN
2021-04-09T12:00:00Z,0.0,-65.177086,-64.114586,NaN
2021-04-10T12:00:00Z,0.0,-65.177086,-64.114586,NaN
2021-04-11T12:00:00Z,0.0,-65.177086,-64.114586,NaN
2021-04-12T12:00:00Z,0.0,-65.177086,-64.114586,NaN
2021-04-13T12:00:00Z,0.0,-65.177086,-64.114586,NaN
2021-04-14T12:00:00Z,0.0,-65.177086,-64.114586,NaN
2021-04-15T12:00:00Z,0.0,-65.177086,-64.114586,NaN
2021-04-16T12:00:00Z,0.0,-65.177086,-64.114586,NaN
2021-04-17T12:00:00Z,0.0,-65.177086,-64.114586,NaN
2021-04-18T12:00:00Z,0.0,-65.177086,-64.114586,NaN
2021-04-19T12:00:00Z,0.0,-65.177086,-64.114586,NaN
2021-04-20T12:00:00Z,0.0,-65.177086,-64.114586,NaN
2021-04-21T12:00:00Z,0.0,-65.177086,-64.114586,NaN
2021-04-22T12:00:00Z,0.0,-65.177086,-64.114586,NaN
2021-04-23T12:00:00Z,0.0,-65.177086,-64.114586,NaN
2021-04-24T12:00:00Z,0.0,-65.177086,-64.114586,NaN
2021-04-25T12:00:00Z,0.0,-65.177086,-64.114586,NaN
2021-04-26T12:00:00Z,0.0,-65.177086,-64.114586,NaN
2021-04-27T12:00:00Z,0.0,-65.177086,-64.114586,NaN
2021-04-28T12:00:00Z,0.0,-65.177086,-64.114586,NaN
2021-04-29T12:00:00Z,0.0,-65.177086,-64.114586,NaN
2021-04-30T12:00:00Z,0.0,-65.177086,-64.114586,NaN
2021-05-01T12:00:00Z,0.0,-65.177086,-64.114586,NaN
2021-05-02T12:00:00Z,0.0,-65.177086,-64.114586,NaN
2021-05-03T12:00:00Z,0.0,-65.177086,-64.114586,NaN
2021-05-04T12:00:00Z,0.0,-65.177086,-64.114586,NaN
2021-05-05T12:00:00Z,0.0,-65.177086,-64.114586,NaN
2021-05-06T12:00:00Z,0.0,-65.177086,-64.114586,NaN
2021-05-07T12:00:00Z,0.0,-65.177086,-64.114586,NaN
2021-05-08T12:00:00Z,0.0,-65.177086,-64.114586,NaN
2021-05-09T12:00:00Z,0.0,-65.177086,-64.114586,NaN
2021-05-10T12:00:00Z,0.0,-65.177086,-64.114586,NaN
2021-05-11T12:00:00Z,0.0,-65.177086,-64.114586,NaN
2021-05-12T12:00:00Z,0.0,-65.177086,-64.114586,NaN
2021-05-13T12:00:00Z,0.0,-65.177086,-64.114586,NaN
2021-05-14T12:00:00Z,0.0,-65.177086,-64.114586,NaN
2021-05-15T12:00:00Z,0.0,-65.177086,-64.114586,NaN
2021-05-16T12:00:00Z,0.0,-65.177086,-64.114586,NaN
2021-05-17T12:00:00Z,0.0,-65.177086,-64.114586,NaN
2021-05-18T12:00:00Z,0.0,-65.177086,-64.114586,NaN
2021-05-19T12:00:00Z,0.0,-65.177086,-64.114586,NaN
2021-05-20T12:00:00Z,0.0,-65.177086,-64.114586,NaN
2021-05-21T12:00:00Z,0.0,-65.177086,-64.114586,NaN
2021-05-22T12:00:00Z,0.0,-65.177086,-64.114586,NaN
2021-05-23T12:00:00Z,0.0,-65.177086,-64.114586,NaN
2021-05-24T12:00:00Z,0.0,-65.177086,-64.114586,NaN
2021-05-25T12:00:00Z,0.0,-65.177086,-64.114586,NaN
2021-05-26T12:00:00Z,0.0,-65.177086,-64.114586,NaN
2021-05-27T12:00:00Z,0.0,-65.177086,-64.114586,NaN
2021-05-28T12:00:00Z,0.0,-65.177086,-64.114586,NaN
2021-05-29T12:00:00Z,0.0,-65.177086,-64.114586,NaN
2021-05-30T12:00:00Z,0.0,-65.177086,-64.114586,NaN
2021-05-31T12:00:00Z,0.0,-65.177086,-64.114586,NaN
2021-06-01T12:00:00Z,0.0,-65.177086,-64.114586,NaN
2021-06-02T12:00:00Z,0.0,-65.177086,-64.114586,NaN
2021-06-03T12:00:00Z,0.0,-65.177086,-64.114586,NaN
2021-06-04T12:00:00Z,0.0,-65.177086,-64.114586,NaN
2021-06-05T12:00:00Z,0.0,-65.177086,-64.114586,NaN
2021-06-06T12:00:00Z,0.0,-65.177086,-64.114586,NaN
2021-06-07T12:00:00Z,0.0,-65.177086,-64.114586,NaN
2021-06-08T12:00:00Z,0.0,-65.177086,-64.114586,NaN
2021-06-09T12:00:00Z,0.0,-65.177086,-64.114586,NaN
2021-06-10T12:00:00Z,0.0,-65.177086,-64.114586,NaN
2021-06-11T12:00:00Z,0.0,-65.177086,-64.114586,NaN
2021-06-12T12:00:00Z,0.0,-65.177086,-64.114586,NaN
2021-06-13T12:00:00Z,0.0,-65.177086,-64.114586,NaN
2021-06-14T12:00:00Z,0.0,-65.177086,-64.114586,NaN
2021-06-15T12:00:00Z,0.0,-65.177086,-64.114586,NaN
2021-06-16T12:00:00Z,0.0,-65.177086,-64.114586,NaN
2021-06-17T12:00:00Z,0.0,-65.177086,-64.114586,NaN
2021-06-18T12:00:00Z,0.0,-65.177086,-64.114586,NaN
2021-06-19T12:00:00Z,0.0,-65.177086,-64.114586,NaN
2021-06-20T12:00:00Z,0.0,-65.177086,-64.114586,NaN
2021-06-21T12:00:00Z,0.0,-65.177086,-64.114586,NaN
2021-06-22T12:00:00Z,0.0,-65.177086,-64.114586,NaN
2021-06-23T12:00:00Z,0.0,-65.177086,-64.114586,NaN
2021-06-24T12:00:00Z,0.0,-65.177086,-64.114586,NaN
2021-06-25T12:00:00Z,0.0,-65.177086,-64.114586,NaN
2021-06-26T12:00:00Z,0.0,-65.177086,-64.114586,NaN
2021-06-27T12:00:00Z,0.0,-65.177086,-64.114586,NaN
2021-06-28T12:00:00Z,0.0,-65.177086,-64.114586,NaN
2021-06-29T12:00:00Z,0.0,-65.177086,-64.114586,NaN
2021-06-30T12:00:00Z,0.0,-65.177086,-64.114586,NaN
2021-07-01T12:00:00Z,0.0,-65.177086,-64.114586,NaN
2021-07-02T12:00:00Z,0.0,-65.177086,-64.114586,NaN
2021-07-03T12:00:00Z,0.0,-65.177086,-64.114586,NaN
2021-07-04T12:00:00Z,0.0,-65.177086,-64.114586,NaN
2021-07-05T12:00:00Z,0.0,-65.177086,-64.114586,NaN
2021-07-06T12:00:00Z,0.0,-65.177086,-64.114586,NaN
2021-07-07T12:00:00Z,0.0,-65.177086,-64.114586,NaN
2021-07-08T12:00:00Z,0.0,-65.177086,-64.114586,NaN
2021-07-09T12:00:00Z,0.0,-65.177086,-64.114586,NaN
2021-07-10T12:00:00Z,0.0,-65.177086,-64.114586,NaN
2021-07-11T12:00:00Z,0.0,-65.177086,-64.114586,NaN
2021-07-12T12:00:00Z,0.0,-65.177086,-64.114586,NaN
2021-07-13T12:00:00Z,0.0,-65.177086,-64.114586,NaN
2021-07-14T12:00:00Z,0.0,-65.177086,-64.114586,NaN
2021-07-15T12:00:00Z,0.0,-65.177086,-64.114586,NaN
2021-07-16T12:00:00Z,0.0,-65.177086,-64.114586,NaN
2021-07-17T12:00:00Z,0.0,-65.177086,-64.114586,NaN
2021-07-18T12:00:00Z,0.0,-65.177086,-64.114586,NaN
2021-07-19T12:00:00Z,0.0,-65.177086,-64.114586,NaN
2021-07-20T12:00:00Z,0.0,-65.177086,-64.114586,NaN
2021-07-21T12:00:00Z,0.0,-65.177086,-64.114586,NaN
2021-07-22T12:00:00Z,0.0,-65.177086,-64.114586,NaN
2021-07-23T12:00:00Z,0.0,-65.177086,-64.114586,NaN
2021-07-24T12:00:00Z,0.0,-65.177086,-64.114586,NaN
2021-07-25T12:00:00Z,0.0,-65.177086,-64.114586,NaN
2021-07-26T12:00:00Z,0.0,-65.177086,-64.114586,NaN
2021-07-27T12:00:00Z,0.0,-65.177086,-64.114586,NaN
2021-07-28T12:00:00Z,0.0,-65.177086,-64.114586,NaN
2021-07-29T12:00:00Z,0.0,-65.177086,-64.114586,NaN
2021-07-30T12:00:00Z,0.0,-65.177086,-64.114586,NaN
2021-07-31T12:00:00Z,0.0,-65.177086,-64.114586,NaN
2021-08-01T12:00:00Z,0.0,-65.177086,-64.114586,NaN
2021-08-02T12:00:00Z,0.0,-65.177086,-64.114586,NaN
2021-08-03T12:00:00Z,0.0,-65.177086,-64.114586,NaN
2021-08-04T12:00:00Z,0.0,-65.177086,-64.114586,NaN
2021-08-05T12:00:00Z,0.0,-65.177086,-64.114586,NaN
2021-08-06T12:00:00Z,0.0,-65.177086,-64.114586,NaN
2021-08-07T12:00:00Z,0.0,-65.177086,-64.114586,NaN
2021-08-08T12:00:00Z,0.0,-65.177086,-64.114586,NaN
2021-08-09T12:00:00Z,0.0,-65.177086,-64.114586,NaN
2021-08-10T12:00:00Z,0.0,-65.177086,-64.114586,NaN
2021-08-11T12:00:00Z,0.0,-65.177086,-64.114586,NaN
2021-08-12T12:00:00Z,0.0,-65.177086,-64.114586,NaN
2021-08-13T12:00:00Z,0.0,-65.177086,-64.114586,NaN
2021-08-14T12:00:00Z,0.0,-65.177086,-64.114586,NaN
2021-08-15T12:00:00Z,0.0,-65.177086,-64.114586,NaN
2021-08-16T12:00:00Z,0.0,-65.177086,-64.114586,NaN
2021-08-17T12:00:00Z,0.0,-65.177086,-64.114586,NaN
2021-08-18T12:00:00Z,0.0,-65.177086,-64.114586,NaN
2021-08-19T12:00:00Z,0.0,-65.177086,-64.114586,NaN
2021-08-20T12:00:00Z,0.0,-65.177086,-64.114586,NaN
2021-08-21T12:00:00Z,0.0,-65.177086,-64.114586,NaN
2021-08-22T12:00:00Z,0.0,-65.177086,-64.114586,NaN
2021-08-23T12:00:00Z,0.0,-65.177086,-64.114586,NaN
2021-08-24T12:00:00Z,0.0,-65.177086,-64.114586,NaN
2021-08-25T12:00:00Z,0.0,-65.177086,-64.114586,NaN
2021-08-26T12:00:00Z,0.0,-65.177086,-64.114586,NaN
2021-08-27T12:00:00Z,0.0,-65.177086,-64.114586,NaN
2021-08-28T12:00:00Z,0.0,-65.177086,-64.114586,NaN
2021-08-29T12:00:00Z,0.0,-65.177086,-64.114586,NaN
2021-08-30T12:00:00Z,0.0,-65.177086,-64.114586,NaN
2021-08-31T12:00:00Z,0.0,-65.177086,-64.114586,NaN
2021-09-01T12:00:00Z,0.0,-65.177086,-64.114586,NaN
2021-09-02T12:00:00Z,0.0,-65.177086,-64.114586,NaN
2021-09-03T12:00:00Z,0.0,-65.177086,-64.114586,NaN
2021-09-04T12:00:00Z,0.0,-65.177086,-64.114586,NaN
2021-09-05T12:00:00Z,0.0,-65.177086,-64.114586,NaN
2021-09-06T12:00:00Z,0.0,-65.177086,-64.114586,NaN
2021-09-07T12:00:00Z,0.0,-65.177086,-64.114586,NaN
2021-09-08T12:00:00Z,0.0,-65.177086,-64.114586,NaN
2021-09-09T12:00:00Z,0.0,-65.177086,-64.114586,NaN
2021-09-10T12:00:00Z,0.0,-65.177086,-64.114586,NaN
2021-09-11T12:00:00Z,0.0,-65.177086,-64.114586,NaN
2021-09-12T12:00:00Z,0.0,-65.177086,-64.114586,NaN
2021-09-13T12:00:00Z,0.0,-65.177086,-64.114586,NaN
2021-09-14T12:00:00Z,0.0,-65.177086,-64.114586,NaN
2021-09-15T12:00:00Z,0.0,-65.177086,-64.114586,NaN
2021-09-16T12:00:00Z,0.0,-65.177086,-64.114586,NaN
2021-09-17T12:00:00Z,0.0,-65.177086,-64.114586,NaN
2021-09-18T12:00:00Z,0.0,-65.177086,-64.114586,NaN
2021-09-19T12:00:00Z,0.0,-65.177086,-64.114586,NaN
2021-09-20T12:00:00Z,0.0,-65.177086,-64.114586,NaN
2021-09-21T12:00:00Z,0.0,-65.177086,-64.114586,NaN
2021-09-22T12:00:00Z,0.0,-65.177086,-64.114586,NaN
2021-09-23T12:00:00Z,0.0,-65.177086,-64.114586,NaN
2021-09-24T12:00:00Z,0.0,-65.177086,-64.114586,NaN
2021-09-25T12:00:00Z,0.0,-65.177086,-64.114586,NaN
2021-09-26T12:00:00Z,0.0,-65.177086,-64.114586,NaN
2021-09-27T12:00:00Z,0.0,-65.177086,-64.114586,NaN
2021-09-28T12:00:00Z,0.0,-65.177086,-64.114586,NaN
2021-09-29T12:00:00Z,0.0,-65.177086,-64.114586,NaN
2021-09-30T12:00:00Z,0.0,-65.177086,-64.114586,NaN
2021-10-01T12:00:00Z,0.0,-65.177086,-64.114586,NaN
2021-10-02T12:00:00Z,0.0,-65.177086,-64.114586,NaN
2021-10-03T12:00:00Z,0.0,-65.177086,-64.114586,NaN
2021-10-04T12:00:00Z,0.0,-65.177086,-64.114586,NaN
2021-10-05T12:00:00Z,0.0,-65.177086,-64.114586,NaN
2021-10-06T12:00:00Z,0.0,-65.177086,-64.114586,NaN
2021-10-07T12:00:00Z,0.0,-65.177086,-64.114586,NaN
2021-10-08T12:00:00Z,0.0,-65.177086,-64.114586,NaN
2021-10-09T12:00:00Z,0.0,-65.177086,-64.114586,NaN
2021-10-10T12:00:00Z,0.0,-65.177086,-64.114586,NaN
2021-10-11T12:00:00Z,0.0,-65.177086,-64.114586,NaN
2021-10-12T12:00:00Z,0.0,-65.177086,-64.114586,NaN
2021-10-13T12:00:00Z,0.0,-65.177086,-64.114586,NaN
2021-10-14T12:00:00Z,0.0,-65.177086,-64.114586,NaN
2021-10-15T12:00:00Z,0.0,-65.177086,-64.114586,NaN
2021-10-16T12:00:00Z,0.0,-65.177086,-64.114586,NaN
2021-10-17T12:00:00Z,0.0,-65.177086,-64.114586,NaN
2021-10-18T12:00:00Z,0.0,-65.177086,-64.114586,NaN
2021-10-19T12:00:00Z,0.0,-65.177086,-64.114586,NaN
2021-10-20T12:00:00Z,0.0,-65.177086,-64.114586,NaN
2021-10-21T12:00:00Z,0.0,-65.177086,-64.114586,NaN
2021-10-22T12:00:00Z,0.0,-65.177086,-64.114586,NaN
2021-10-23T12:00:00Z,0.0,-65.177086,-64.114586,0.071731284
2021-10-24T12:00:00Z,0.0,-65.177086,-64.114586,0.0450179
2021-10-25T12:00:00Z,0.0,-65.177086,-64.114586,0.08401274
2021-10-26T12:00:00Z,0.0,-65.177086,-64.114586,0.039885595
2021-10-27T12:00:00Z,0.0,-65.177086,-64.114586,0.06306541
2021-10-28T12:00:00Z,0.0,-65.177086,-64.114586,0.068777464
2021-10-29T12:00:00Z,0.0,-65.177086,-64.114586,0.07912501
2021-10-30T12:00:00Z,0.0,-65.177086,-64.114586,0.07920628
2021-10-31T12:00:00Z,0.0,-65.177086,-64.114586,0.078349456
2021-11-01T12:00:00Z,0.0,-65.177086,-64.114586,0.08913309
2021-11-02T12:00:00Z,0.0,-65.177086,-64.114586,0.07845898
2021-11-03T12:00:00Z,0.0,-65.177086,-64.114586,0.09052742
2021-11-04T12:00:00Z,0.0,-65.177086,-64.114586,0.0790593
2021-11-05T12:00:00Z,0.0,-65.177086,-64.114586,0.07473658
2021-11-06T12:00:00Z,0.0,-65.177086,-64.114586,0.06282682
2021-11-07T12:00:00Z,0.0,-65.177086,-64.114586,0.07973785
2021-11-08T12:00:00Z,0.0,-65.177086,-64.114586,0.07742376
2021-11-09T12:00:00Z,0.0,-65.177086,-64.114586,0.08034552
2021-11-10T12:00:00Z,0.0,-65.177086,-64.114586,0.10186048
2021-11-11T12:00:00Z,0.0,-65.177086,-64.114586,0.09247689
2021-11-12T12:00:00Z,0.0,-65.177086,-64.114586,0.11884167
2021-11-13T12:00:00Z,0.0,-65.177086,-64.114586,0.09705938
2021-11-14T12:00:00Z,0.0,-65.177086,-64.114586,0.102732524
2021-11-15T12:00:00Z,0.0,-65.177086,-64.114586,0.09348803
2021-11-16T12:00:00Z,0.0,-65.177086,-64.114586,0.097177856
2021-11-17T12:00:00Z,0.0,-65.177086,-64.114586,0.09997687
2021-11-18T12:00:00Z,0.0,-65.177086,-64.114586,0.119303636
2021-11-19T12:00:00Z,0.0,-65.177086,-64.114586,0.117719054
2021-11-20T12:00:00Z,0.0,-65.177086,-64.114586,0.09132646
2021-11-21T12:00:00Z,0.0,-65.177086,-64.114586,0.09791473
2021-11-22T12:00:00Z,0.0,-65.177086,-64.114586,0.11574851
2021-11-23T12:00:00Z,0.0,-65.177086,-64.114586,0.09485716
2021-11-24T12:00:00Z,0.0,-65.177086,-64.114586,0.096130446
2021-11-25T12:00:00Z,0.0,-65.177086,-64.114586,0.09632934
2021-11-26T12:00:00Z,0.0,-65.177086,-64.114586,0.08655311
2021-11-27T12:00:00Z,0.0,-65.177086,-64.114586,0.090651765
2021-11-28T12:00:00Z,0.0,-65.177086,-64.114586,0.09362594
2021-11-29T12:00:00Z,0.0,-65.177086,-64.114586,0.16469407
2021-11-30T12:00:00Z,0.0,-65.177086,-64.114586,0.15444878
2021-12-01T12:00:00Z,0.0,-65.177086,-64.114586,0.17818516
2021-12-02T12:00:00Z,0.0,-65.177086,-64.114586,0.1724212
2021-12-03T12:00:00Z,0.0,-65.177086,-64.114586,0.19972381
2021-12-04T12:00:00Z,0.0,-65.177086,-64.114586,0.2084892
2021-12-05T12:00:00Z,0.0,-65.177086,-64.114586,0.20057024
2021-12-06T12:00:00Z,0.0,-65.177086,-64.114586,0.1964865
2021-12-07T12:00:00Z,0.0,-65.177086,-64.114586,0.2503866
2021-12-08T12:00:00Z,0.0,-65.177086,-64.114586,0.2635352
2021-12-09T12:00:00Z,0.0,-65.177086,-64.114586,0.23607436
2021-12-10T12:00:00Z,0.0,-65.177086,-64.114586,0.280781
2021-12-11T12:00:00Z,0.0,-65.177086,-64.114586,0.2974699
2021-12-12T12:00:00Z,0.0,-65.177086,-64.114586,0.29323173
2021-12-13T12:00:00Z,0.0,-65.177086,-64.114586,0.5119668
2021-12-14T12:00:00Z,0.0,-65.177086,-64.114586,0.2564356
2021-12-15T12:00:00Z,0.0,-65.177086,-64.114586,0.2451933
2021-12-16T12:00:00Z,0.0,-65.177086,-64.114586,0.23859236
2021-12-17T12:00:00Z,0.0,-65.177086,-64.114586,0.24497898
2021-12-18T12:00:00Z,0.0,-65.177086,-64.114586,0.23653355
2021-12-19T12:00:00Z,0.0,-65.177086,-64.114586,0.22619146
2021-12-20T12:00:00Z,0.0,-65.177086,-64.114586,0.20005913
2021-12-21T12:00:00Z,0.0,-65.177086,-64.114586,0.2254903
2021-12-22T12:00:00Z,0.0,-65.177086,-64.114586,0.22731335
2021-12-23T12:00:00Z,0.0,-65.177086,-64.114586,0.22830942
2021-12-24T12:00:00Z,0.0,-65.177086,-64.114586,0.2289606
2021-12-25T12:00:00Z,0.0,-65.177086,-64.114586,0.2308432
2021-12-26T12:00:00Z,0.0,-65.177086,-64.114586,0.2319494
2021-12-27T12:00:00Z,0.0,-65.177086,-64.114586,0.23250264
2021-12-28T12:00:00Z,0.0,-65.177086,-64.114586,0.23474361
2021-12-29T12:00:00Z,0.0,-65.177086,-64.114586,0.24518198
2021-12-30T12:00:00Z,0.0,-65.177086,-64.114586,0.24549839
2021-12-31T12:00:00Z,0.0,-65.177086,-64.114586,0.24582325
2022-01-01T12:00:00Z,0.0,-65.177086,-64.114586,0.24608785
2022-01-02T12:00:00Z,0.0,-65.177086,-64.114586,0.24586643
2022-01-03T12:00:00Z,0.0,-65.177086,-64.114586,0.24641742
2022-01-04T12:00:00Z,0.0,-65.177086,-64.114586,0.24659598
2022-01-05T12:00:00Z,0.0,-65.177086,-64.114586,0.24668773
2022-01-06T12:00:00Z,0.0,-65.177086,-64.114586,0.24702857
2022-01-07T12:00:00Z,0.0,-65.177086,-64.114586,0.24714471
2022-01-08T12:00:00Z,0.0,-65.177086,-64.114586,0.2475644
2022-01-09T12:00:00Z,0.0,-65.177086,-64.114586,0.24800509
2022-01-10T12:00:00Z,0.0,-65.177086,-64.114586,0.2484871
2022-01-11T12:00:00Z,0.0,-65.177086,-64.114586,0.24854808
2022-01-12T12:00:00Z,0.0,-65.177086,-64.114586,0.24816257
2022-01-13T12:00:00Z,0.0,-65.177086,-64.114586,0.24821751
2022-01-14T12:00:00Z,0.0,-65.177086,-64.114586,0.24876574
2022-01-15T12:00:00Z,0.0,-65.177086,-64.114586,0.25068077
2022-01-16T12:00:00Z,0.0,-65.177086,-64.114586,0.38052177
2022-01-17T12:00:00Z,0.0,-65.177086,-64.114586,0.36764878
2022-01-18T12:00:00Z,0.0,-65.177086,-64.114586,0.36800015
2022-01-19T12:00:00Z,0.0,-65.177086,-64.114586,0.38088405
2022-01-20T12:00:00Z,0.0,-65.177086,-64.114586,0.38960394
2022-01-21T12:00:00Z,0.0,-65.177086,-64.114586,0.3954452
2022-01-22T12:00:00Z,0.0,-65.177086,-64.114586,0.38148153
2022-01-23T12:00:00Z,0.0,-65.177086,-64.114586,0.39555743
2022-01-24T12:00:00Z,0.0,-65.177086,-64.114586,0.38974816
2022-01-25T12:00:00Z,0.0,-65.177086,-64.114586,0.3759865
2022-01-26T12:00:00Z,0.0,-65.177086,-64.114586,0.3909017
2022-01-27T12:00:00Z,0.0,-65.177086,-64.114586,0.3873854
2022-01-28T12:00:00Z,0.0,-65.177086,-64.114586,0.38533878
2022-01-29T12:00:00Z,0.0,-65.177086,-64.114586,0.379997
2022-01-30T12:00:00Z,0.0,-65.177086,-64.114586,0.39452732
2022-01-31T12:00:00Z,0.0,-65.177086,-64.114586,0.41215184
2022-02-01T12:00:00Z,0.0,-65.177086,-64.114586,0.40041316
2022-02-02T12:00:00Z,0.0,-65.177086,-64.114586,0.3994112
2022-02-03T12:00:00Z,0.0,-65.177086,-64.114586,0.39199358
2022-02-04T12:00:00Z,0.0,-65.177086,-64.114586,0.39509314
2022-02-05T12:00:00Z,0.0,-65.177086,-64.114586,0.39155698
2022-02-06T12:00:00Z,0.0,-65.177086,-64.114586,0.37567282
2022-02-07T12:00:00Z,0.0,-65.177086,-64.114586,0.38260823
2022-02-08T12:00:00Z,0.0,-65.177086,-64.114586,0.3918927
2022-02-09T12:00:00Z,0.0,-65.177086,-64.114586,0.3917181
2022-02-10T12:00:00Z,0.0,-65.177086,-64.114586,0.3453482
2022-02-11T12:00:00Z,0.0,-65.177086,-64.114586,0.41833386
2022-02-12T12:00:00Z,0.0,-65.177086,-64.114586,0.42109025
2022-02-13T12:00:00Z,0.0,-65.177086,-64.114586,0.44914293
2022-02-14T12:00:00Z,0.0,-65.177086,-64.114586,0.4036724
2022-02-15T12:00:00Z,0.0,-65.177086,-64.114586,0.40138936
2022-02-16T12:00:00Z,0.0,-65.177086,-64.114586,0.4191277
2022-02-17T12:00:00Z,0.0,-65.177086,-64.114586,0.41371304
2022-02-18T12:00:00Z,0.0,-65.177086,-64.114586,0.40823036
2022-02-19T12:00:00Z,0.0,-65.177086,-64.114586,0.40501073
2022-02-20T12:00:00Z,0.0,-65.177086,-64.114586,0.38007325
2022-02-21T12:00:00Z,0.0,-65.177086,-64.114586,0.37386408
2022-02-22T12:00:00Z,0.0,-65.177086,-64.114586,0.38894212
2022-02-23T12:00:00Z,0.0,-65.177086,-64.114586,0.3603395
2022-02-24T12:00:00Z,0.0,-65.177086,-64.114586,0.3446857
2022-02-25T12:00:00Z,0.0,-65.177086,-64.114586,0.3225292
2022-02-26T12:00:00Z,0.0,-65.177086,-64.114586,0.35480502
2022-02-27T12:00:00Z,0.0,-65.177086,-64.114586,0.33799848
2022-02-28T12:00:00Z,0.0,-65.177086,-64.114586,0.3014976
2022-03-01T12:00:00Z,0.0,-65.177086,-64.114586,0.31973794
2022-03-02T12:00:00Z,0.0,-65.177086,-64.114586,0.25421825
2022-03-03T12:00:00Z,0.0,-65.177086,-64.114586,0.23370375
2022-03-04T12:00:00Z,0.0,-65.177086,-64.114586,0.2402727
2022-03-05T12:00:00Z,0.0,-65.177086,-64.114586,0.25018728
2022-03-06T12:00:00Z,0.0,-65.177086,-64.114586,0.25344783
2022-03-07T12:00:00Z,0.0,-65.177086,-64.114586,0.23076814
2022-03-08T12:00:00Z,0.0,-65.177086,-64.114586,0.15628302
2022-03-09T12:00:00Z,0.0,-65.177086,-64.114586,0.15966149
2022-03-10T12:00:00Z,0.0,-65.177086,-64.114586,0.14933535
2022-03-11T12:00:00Z,0.0,-65.177086,-64.114586,0.1287866
2022-03-12T12:00:00Z,0.0,-65.177086,-64.114586,0.13133705
2022-03-13T12:00:00Z,0.0,-65.177086,-64.114586,NaN
2022-03-14T12:00:00Z,0.0,-65.177086,-64.114586,NaN
2022-03-15T12:00:00Z,0.0,-65.177086,-64.114586,NaN
2022-03-16T12:00:00Z,0.0,-65.177086,-64.114586,NaN
2022-03-17T12:00:00Z,0.0,-65.177086,-64.114586,NaN
2022-03-18T12:00:00Z,0.0,-65.177086,-64.114586,NaN
2022-03-19T12:00:00Z,0.0,-65.177086,-64.114586,NaN
2022-03-20T12:00:00Z,0.0,-65.177086,-64.114586,NaN
2022-03-21T12:00:00Z,0.0,-65.177086,-64.114586,NaN
2022-03-22T12:00:00Z,0.0,-65.177086,-64.114586,NaN
2022-03-23T12:00:00Z,0.0,-65.177086,-64.114586,NaN
2022-03-24T12:00:00Z,0.0,-65.177086,-64.114586,NaN
2022-03-25T12:00:00Z,0.0,-65.177086,-64.114586,NaN
2022-03-26T12:00:00Z,0.0,-65.177086,-64.114586,NaN
2022-03-27T12:00:00Z,0.0,-65.177086,-64.114586,NaN
2022-03-28T12:00:00Z,0.0,-65.177086,-64.114586,NaN
2022-03-29T12:00:00Z,0.0,-65.177086,-64.114586,NaN
2022-03-30T12:00:00Z,0.0,-65.177086,-64.114586,NaN
2022-03-31T12:00:00Z,0.0,-65.177086,-64.114586,NaN
2022-04-01T12:00:00Z,0.0,-65.177086,-64.114586,NaN
2022-04-02T12:00:00Z,0.0,-65.177086,-64.114586,NaN
2022-04-03T12:00:00Z,0.0,-65.177086,-64.114586,NaN
2022-04-04T12:00:00Z,0.0,-65.177086,-64.114586,NaN
2022-04-05T12:00:00Z,0.0,-65.177086,-64.114586,NaN
2022-04-06T12:00:00Z,0.0,-65.177086,-64.114586,NaN
2022-04-07T12:00:00Z,0.0,-65.177086,-64.114586,NaN
2022-04-08T12:00:00Z,0.0,-65.177086,-64.114586,NaN
2022-04-09T12:00:00Z,0.0,-65.177086,-64.114586,NaN
2022-04-10T12:00:00Z,0.0,-65.177086,-64.114586,NaN
2022-04-11T12:00:00Z,0.0,-65.177086,-64.114586,NaN
2022-04-12T12:00:00Z,0.0,-65.177086,-64.114586,NaN
2022-04-13T12:00:00Z,0.0,-65.177086,-64.114586,NaN
2022-04-14T12:00:00Z,0.0,-65.177086,-64.114586,NaN
2022-04-15T12:00:00Z,0.0,-65.177086,-64.114586,NaN
2022-04-16T12:00:00Z,0.0,-65.177086,-64.114586,NaN
2022-04-17T12:00:00Z,0.0,-65.177086,-64.114586,NaN
2022-04-18T12:00:00Z,0.0,-65.177086,-64.114586,NaN
2022-04-19T12:00:00Z,0.0,-65.177086,-64.114586,NaN
2022-04-20T12:00:00Z,0.0,-65.177086,-64.114586,NaN
2022-04-21T12:00:00Z,0.0,-65.177086,-64.114586,NaN
2022-04-22T12:00:00Z,0.0,-65.177086,-64.114586,NaN
2022-04-23T12:00:00Z,0.0,-65.177086,-64.114586,NaN
2022-04-24T12:00:00Z,0.0,-65.177086,-64.114586,NaN
2022-04-25T12:00:00Z,0.0,-65.177086,-64.114586,NaN
2022-04-26T12:00:00Z,0.0,-65.177086,-64.114586,NaN
2022-04-27T12:00:00Z,0.0,-65.177086,-64.114586,NaN
2022-04-28T12:00:00Z,0.0,-65.177086,-64.114586,NaN
2022-04-29T12:00:00Z,0.0,-65.177086,-64.114586,NaN
2022-04-30T12:00:00Z,0.0,-65.177086,-64.114586,NaN
2022-05-01T12:00:00Z,0.0,-65.177086,-64.114586,NaN
2022-05-02T12:00:00Z,0.0,-65.177086,-64.114586,NaN
2022-05-03T12:00:00Z,0.0,-65.177086,-64.114586,NaN
2022-05-04T12:00:00Z,0.0,-65.177086,-64.114586,NaN
2022-05-05T12:00:00Z,0.0,-65.177086,-64.114586,NaN
2022-05-06T12:00:00Z,0.0,-65.177086,-64.114586,NaN
2022-05-07T12:00:00Z,0.0,-65.177086,-64.114586,NaN
2022-05-08T12:00:00Z,0.0,-65.177086,-64.114586,NaN
2022-05-09T12:00:00Z,0.0,-65.177086,-64.114586,NaN
2022-05-10T12:00:00Z,0.0,-65.177086,-64.114586,NaN
2022-05-11T12:00:00Z,0.0,-65.177086,-64.114586,NaN
2022-05-12T12:00:00Z,0.0,-65.177086,-64.114586,NaN
2022-05-13T12:00:00Z,0.0,-65.177086,-64.114586,NaN
2022-05-14T12:00:00Z,0.0,-65.177086,-64.114586,NaN
2022-05-15T12:00:00Z,0.0,-65.177086,-64.114586,NaN
2022-05-16T12:00:00Z,0.0,-65.177086,-64.114586,NaN
2022-05-17T12:00:00Z,0.0,-65.177086,-64.114586,NaN
2022-05-18T12:00:00Z,0.0,-65.177086,-64.114586,NaN
2022-05-19T12:00:00Z,0.0,-65.177086,-64.114586,NaN
2022-05-20T12:00:00Z,0.0,-65.177086,-64.114586,NaN
2022-05-21T12:00:00Z,0.0,-65.177086,-64.114586,NaN
2022-05-22T12:00:00Z,0.0,-65.177086,-64.114586,NaN
2022-05-23T12:00:00Z,0.0,-65.177086,-64.114586,NaN
2022-05-24T12:00:00Z,0.0,-65.177086,-64.114586,NaN
2022-05-25T12:00:00Z,0.0,-65.177086,-64.114586,NaN
2022-05-26T12:00:00Z,0.0,-65.177086,-64.114586,NaN
2022-05-27T12:00:00Z,0.0,-65.177086,-64.114586,NaN
2022-05-28T12:00:00Z,0.0,-65.177086,-64.114586,NaN
2022-05-29T12:00:00Z,0.0,-65.177086,-64.114586,NaN
2022-05-30T12:00:00Z,0.0,-65.177086,-64.114586,NaN
2022-05-31T12:00:00Z,0.0,-65.177086,-64.114586,NaN
2022-06-01T12:00:00Z,0.0,-65.177086,-64.114586,NaN
2022-06-02T12:00:00Z,0.0,-65.177086,-64.114586,NaN
2022-06-03T12:00:00Z,0.0,-65.177086,-64.114586,NaN
2022-06-04T12:00:00Z,0.0,-65.177086,-64.114586,NaN
2022-06-05T12:00:00Z,0.0,-65.177086,-64.114586,NaN
2022-06-06T12:00:00Z,0.0,-65.177086,-64.114586,NaN
2022-06-07T12:00:00Z,0.0,-65.177086,-64.114586,NaN
2022-06-08T12:00:00Z,0.0,-65.177086,-64.114586,NaN
2022-06-09T12:00:00Z,0.0,-65.177086,-64.114586,NaN
2022-06-10T12:00:00Z,0.0,-65.177086,-64.114586,NaN
2022-06-11T12:00:00Z,0.0,-65.177086,-64.114586,NaN
2022-06-12T12:00:00Z,0.0,-65.177086,-64.114586,NaN
2022-06-13T12:00:00Z,0.0,-65.177086,-64.114586,NaN
2022-06-14T12:00:00Z,0.0,-65.177086,-64.114586,NaN
2022-06-15T12:00:00Z,0.0,-65.177086,-64.114586,NaN
2022-06-16T12:00:00Z,0.0,-65.177086,-64.114586,NaN
2022-06-17T12:00:00Z,0.0,-65.177086,-64.114586,NaN
2022-06-18T12:00:00Z,0.0,-65.177086,-64.114586,NaN
2022-06-19T12:00:00Z,0.0,-65.177086,-64.114586,NaN
2022-06-20T12:00:00Z,0.0,-65.177086,-64.114586,NaN
2022-06-21T12:00:00Z,0.0,-65.177086,-64.114586,NaN
2022-06-22T12:00:00Z,0.0,-65.177086,-64.114586,NaN
2022-06-23T12:00:00Z,0.0,-65.177086,-64.114586,NaN
2022-06-24T12:00:00Z,0.0,-65.177086,-64.114586,NaN
2022-06-25T12:00:00Z,0.0,-65.177086,-64.114586,NaN
2022-06-26T12:00:00Z,0.0,-65.177086,-64.114586,NaN
2022-06-27T12:00:00Z,0.0,-65.177086,-64.114586,NaN
2022-06-28T12:00:00Z,0.0,-65.177086,-64.114586,NaN
2022-06-29T12:00:00Z,0.0,-65.177086,-64.114586,NaN
2022-06-30T12:00:00Z,0.0,-65.177086,-64.114586,NaN
2022-07-01T12:00:00Z,0.0,-65.177086,-64.114586,NaN
2022-07-02T12:00:00Z,0.0,-65.177086,-64.114586,NaN
2022-07-03T12:00:00Z,0.0,-65.177086,-64.114586,NaN
2022-07-04T12:00:00Z,0.0,-65.177086,-64.114586,NaN
2022-07-05T12:00:00Z,0.0,-65.177086,-64.114586,NaN
2022-07-06T12:00:00Z,0.0,-65.177086,-64.114586,NaN
2022-07-07T12:00:00Z,0.0,-65.177086,-64.114586,NaN
2022-07-08T12:00:00Z,0.0,-65.177086,-64.114586,NaN
2022-07-09T12:00:00Z,0.0,-65.177086,-64.114586,NaN
2022-07-10T12:00:00Z,0.0,-65.177086,-64.114586,NaN
2022-07-11T12:00:00Z,0.0,-65.177086,-64.114586,NaN
2022-07-12T12:00:00Z,0.0,-65.177086,-64.114586,NaN
2022-07-13T12:00:00Z,0.0,-65.177086,-64.114586,NaN
2022-07-14T12:00:00Z,0.0,-65.177086,-64.114586,NaN
2022-07-15T12:00:00Z,0.0,-65.177086,-64.114586,NaN
2022-07-16T12:00:00Z,0.0,-65.177086,-64.114586,NaN
2022-07-17T12:00:00Z,0.0,-65.177086,-64.114586,NaN
2022-07-18T12:00:00Z,0.0,-65.177086,-64.114586,NaN
2022-07-19T12:00:00Z,0.0,-65.177086,-64.114586,NaN
2022-07-20T12:00:00Z,0.0,-65.177086,-64.114586,NaN
2022-07-21T12:00:00Z,0.0,-65.177086,-64.114586,NaN
2022-07-22T12:00:00Z,0.0,-65.177086,-64.114586,NaN
2022-07-23T12:00:00Z,0.0,-65.177086,-64.114586,NaN
2022-07-24T12:00:00Z,0.0,-65.177086,-64.114586,NaN
2022-07-25T12:00:00Z,0.0,-65.177086,-64.114586,NaN
2022-07-26T12:00:00Z,0.0,-65.177086,-64.114586,NaN
2022-07-27T12:00:00Z,0.0,-65.177086,-64.114586,NaN
2022-07-28T12:00:00Z,0.0,-65.177086,-64.114586,NaN
2022-07-29T12:00:00Z,0.0,-65.177086,-64.114586,NaN
2022-07-30T12:00:00Z,0.0,-65.177086,-64.114586,NaN
2022-07-31T12:00:00Z,0.0,-65.177086,-64.114586,NaN
2022-08-01T12:00:00Z,0.0,-65.177086,-64.114586,NaN
2022-08-02T12:00:00Z,0.0,-65.177086,-64.114586,NaN
2022-08-03T12:00:00Z,0.0,-65.177086,-64.114586,NaN
2022-08-04T12:00:00Z,0.0,-65.177086,-64.114586,NaN
2022-08-05T12:00:00Z,0.0,-65.177086,-64.114586,NaN
2022-08-06T12:00:00Z,0.0,-65.177086,-64.114586,NaN
2022-08-07T12:00:00Z,0.0,-65.177086,-64.114586,NaN
2022-08-08T12:00:00Z,0.0,-65.177086,-64.114586,NaN
2022-08-09T12:00:00Z,0.0,-65.177086,-64.114586,NaN
2022-08-10T12:00:00Z,0.0,-65.177086,-64.114586,NaN
2022-08-11T12:00:00Z,0.0,-65.177086,-64.114586,NaN
2022-08-12T12:00:00Z,0.0,-65.177086,-64.114586,NaN
2022-08-13T12:00:00Z,0.0,-65.177086,-64.114586,NaN
2022-08-14T12:00:00Z,0.0,-65.177086,-64.114586,NaN
2022-08-15T12:00:00Z,0.0,-65.177086,-64.114586,NaN
2022-08-16T12:00:00Z,0.0,-65.177086,-64.114586,NaN
2022-08-17T12:00:00Z,0.0,-65.177086,-64.114586,NaN
2022-08-18T12:00:00Z,0.0,-65.177086,-64.114586,NaN
2022-08-19T12:00:00Z,0.0,-65.177086,-64.114586,NaN
2022-08-20T12:00:00Z,0.0,-65.177086,-64.114586,NaN
2022-08-21T12:00:00Z,0.0,-65.177086,-64.114586,NaN
2022-08-22T12:00:00Z,0.0,-65.177086,-64.114586,NaN
2022-08-23T12:00:00Z,0.0,-65.177086,-64.114586,NaN
2022-08-24T12:00:00Z,0.0,-65.177086,-64.114586,NaN
2022-08-25T12:00:00Z,0.0,-65.177086,-64.114586,NaN
2022-08-26T12:00:00Z,0.0,-65.177086,-64.114586,NaN
2022-08-27T12:00:00Z,0.0,-65.177086,-64.114586,NaN
2022-08-28T12:00:00Z,0.0,-65.177086,-64.114586,NaN
2022-08-29T12:00:00Z,0.0,-65.177086,-64.114586,NaN
2022-08-30T12:00:00Z,0.0,-65.177086,-64.114586,NaN
2022-08-31T12:00:00Z,0.0,-65.177086,-64.114586,NaN
2022-09-01T12:00:00Z,0.0,-65.177086,-64.114586,NaN
2022-09-02T12:00:00Z,0.0,-65.177086,-64.114586,NaN
2022-09-03T12:00:00Z,0.0,-65.177086,-64.114586,NaN
2022-09-04T12:00:00Z,0.0,-65.177086,-64.114586,NaN
2022-09-05T12:00:00Z,0.0,-65.177086,-64.114586,NaN
2022-09-06T12:00:00Z,0.0,-65.177086,-64.114586,NaN
2022-09-07T12:00:00Z,0.0,-65.177086,-64.114586,NaN
2022-09-08T12:00:00Z,0.0,-65.177086,-64.114586,NaN
2022-09-09T12:00:00Z,0.0,-65.177086,-64.114586,NaN
2022-09-10T12:00:00Z,0.0,-65.177086,-64.114586,NaN
2022-09-11T12:00:00Z,0.0,-65.177086,-64.114586,NaN
2022-09-12T12:00:00Z,0.0,-65.177086,-64.114586,NaN
2022-09-13T12:00:00Z,0.0,-65.177086,-64.114586,NaN
2022-09-14T12:00:00Z,0.0,-65.177086,-64.114586,NaN
2022-09-15T12:00:00Z,0.0,-65.177086,-64.114586,NaN
2022-09-16T12:00:00Z,0.0,-65.177086,-64.114586,NaN
2022-09-17T12:00:00Z,0.0,-65.177086,-64.114586,NaN
2022-09-18T12:00:00Z,0.0,-65.177086,-64.114586,NaN
2022-09-19T12:00:00Z,0.0,-65.177086,-64.114586,NaN
2022-09-20T12:00:00Z,0.0,-65.177086,-64.114586,NaN
2022-09-21T12:00:00Z,0.0,-65.177086,-64.114586,NaN
2022-09-22T12:00:00Z,0.0,-65.177086,-64.114586,NaN
2022-09-23T12:00:00Z,0.0,-65.177086,-64.114586,NaN
2022-09-24T12:00:00Z,0.0,-65.177086,-64.114586,NaN
2022-09-25T12:00:00Z,0.0,-65.177086,-64.114586,NaN
2022-09-26T12:00:00Z,0.0,-65.177086,-64.114586,NaN
2022-09-27T12:00:00Z,0.0,-65.177086,-64.114586,NaN
2022-09-28T12:00:00Z,0.0,-65.177086,-64.114586,NaN
2022-09-29T12:00:00Z,0.0,-65.177086,-64.114586,NaN
2022-09-30T12:00:00Z,0.0,-65.177086,-64.114586,NaN
2022-10-01T12:00:00Z,0.0,-65.177086,-64.114586,NaN
2022-10-02T12:00:00Z,0.0,-65.177086,-64.114586,NaN
2022-10-03T12:00:00Z,0.0,-65.177086,-64.114586,NaN
2022-10-04T12:00:00Z,0.0,-65.177086,-64.114586,NaN
2022-10-05T12:00:00Z,0.0,-65.177086,-64.114586,NaN
2022-10-06T12:00:00Z,0.0,-65.177086,-64.114586,NaN
2022-10-07T12:00:00Z,0.0,-65.177086,-64.114586,NaN
2022-10-08T12:00:00Z,0.0,-65.177086,-64.114586,NaN
2022-10-09T12:00:00Z,0.0,-65.177086,-64.114586,NaN
2022-10-10T12:00:00Z,0.0,-65.177086,-64.114586,NaN
2022-10-11T12:00:00Z,0.0,-65.177086,-64.114586,NaN
2022-10-12T12:00:00Z,0.0,-65.177086,-64.114586,NaN
2022-10-13T12:00:00Z,0.0,-65.177086,-64.114586,NaN
2022-10-14T12:00:00Z,0.0,-65.177086,-64.114586,NaN
2022-10-15T12:00:00Z,0.0,-65.177086,-64.114586,NaN
2022-10-16T12:00:00Z,0.0,-65.177086,-64.114586,NaN
2022-10-17T12:00:00Z,0.0,-65.177086,-64.114586,NaN
2022-10-18T12:00:00Z,0.0,-65.177086,-64.114586,NaN
2022-10-19T12:00:00Z,0.0,-65.177086,-64.114586,NaN
2022-10-20T12:00:00Z,0.0,-65.177086,-64.114586,NaN
2022-10-21T12:00:00Z,0.0,-65.177086,-64.114586,NaN
2022-10-22T12:00:00Z,0.0,-65.177086,-64.114586,NaN
2022-10-23T12:00:00Z,0.0,-65.177086,-64.114586,0.14796567
2022-10-24T12:00:00Z,0.0,-65.177086,-64.114586,0.150415
2022-10-25T12:00:00Z,0.0,-65.177086,-64.114586,0.13194567
2022-10-26T12:00:00Z,0.0,-65.177086,-64.114586,0.14799207
2022-10-27T12:00:00Z,0.0,-65.177086,-64.114586,0.15097322
2022-10-28T12:00:00Z,0.0,-65.177086,-64.114586,0.15498684
2022-10-29T12:00:00Z,0.0,-65.177086,-64.114586,0.124120854
2022-10-30T12:00:00Z,0.0,-65.177086,-64.114586,0.15856346
2022-10-31T12:00:00Z,0.0,-65.177086,-64.114586,0.15735331
2022-11-01T12:00:00Z,0.0,-65.177086,-64.114586,0.15767229
2022-11-02T12:00:00Z,0.0,-65.177086,-64.114586,0.1569334
2022-11-03T12:00:00Z,0.0,-65.177086,-64.114586,0.15986046
2022-11-04T12:00:00Z,0.0,-65.177086,-64.114586,0.17248867
2022-11-05T12:00:00Z,0.0,-65.177086,-64.114586,0.16339087
2022-11-06T12:00:00Z,0.0,-65.177086,-64.114586,0.15853313
2022-11-07T12:00:00Z,0.0,-65.177086,-64.114586,0.15874302
2022-11-08T12:00:00Z,0.0,-65.177086,-64.114586,0.1577235
2022-11-09T12:00:00Z,0.0,-65.177086,-64.114586,0.17466186
2022-11-10T12:00:00Z,0.0,-65.177086,-64.114586,0.1608963
2022-11-11T12:00:00Z,0.0,-65.177086,-64.114586,0.1673162
2022-11-12T12:00:00Z,0.0,-65.177086,-64.114586,0.16176139
2022-11-13T12:00:00Z,0.0,-65.177086,-64.114586,0.18535179
2022-11-14T12:00:00Z,0.0,-65.177086,-64.114586,0.21937466
2022-11-15T12:00:00Z,0.0,-65.177086,-64.114586,0.21538053
2022-11-16T12:00:00Z,0.0,-65.177086,-64.114586,0.2177139
2022-11-17T12:00:00Z,0.0,-65.177086,-64.114586,0.24855869
2022-11-18T12:00:00Z,0.0,-65.177086,-64.114586,0.23520772
2022-11-19T12:00:00Z,0.0,-65.177086,-64.114586,0.24422416
2022-11-20T12:00:00Z,0.0,-65.177086,-64.114586,0.27047244
2022-11-21T12:00:00Z,0.0,-65.177086,-64.114586,0.27188042
2022-11-22T12:00:00Z,0.0,-65.177086,-64.114586,0.28658482
2022-11-23T12:00:00Z,0.0,-65.177086,-64.114586,0.29900846
2022-11-24T12:00:00Z,0.0,-65.177086,-64.114586,0.30691686
2022-11-25T12:00:00Z,0.0,-65.177086,-64.114586,0.30514807
2022-11-26T12:00:00Z,0.0,-65.177086,-64.114586,0.31589878
2022-11-27T12:00:00Z,0.0,-65.177086,-64.114586,0.30529526
2022-11-28T12:00:00Z,0.0,-65.177086,-64.114586,0.29704693
2022-11-29T12:00:00Z,0.0,-65.177086,-64.114586,0.24264741
2022-11-30T12:00:00Z,0.0,-65.177086,-64.114586,0.28157875
2022-12-01T12:00:00Z,0.0,-65.177086,-64.114586,0.27844965
2022-12-02T12:00:00Z,0.0,-65.177086,-64.114586,0.27795306
2022-12-03T12:00:00Z,0.0,-65.177086,-64.114586,0.16345862
2022-12-04T12:00:00Z,0.0,-65.177086,-64.114586,0.15589984
2022-12-05T12:00:00Z,0.0,-65.177086,-64.114586,0.19603026
2022-12-06T12:00:00Z,0.0,-65.177086,-64.114586,0.17921999
2022-12-07T12:00:00Z,0.0,-65.177086,-64.114586,0.20369591
2022-12-08T12:00:00Z,0.0,-65.177086,-64.114586,0.20372058
2022-12-09T12:00:00Z,0.0,-65.177086,-64.114586,0.20334433
2022-12-10T12:00:00Z,0.0,-65.177086,-64.114586,0.21386777
2022-12-11T12:00:00Z,0.0,-65.177086,-64.114586,0.2091398
2022-12-12T12:00:00Z,0.0,-65.177086,-64.114586,0.20223178
2022-12-13T12:00:00Z,0.0,-65.177086,-64.114586,0.19696657
2022-12-14T12:00:00Z,0.0,-65.177086,-64.114586,0.19414529
2022-12-15T12:00:00Z,0.0,-65.177086,-64.114586,0.19300094
2022-12-16T12:00:00Z,0.0,-65.177086,-64.114586,0.20064792
2022-12-17T12:00:00Z,0.0,-65.177086,-64.114586,0.20742375
2022-12-18T12:00:00Z,0.0,-65.177086,-64.114586,0.21986523
2022-12-19T12:00:00Z,0.0,-65.177086,-64.114586,0.21604022
2022-12-20T12:00:00Z,0.0,-65.177086,-64.114586,0.23054095
2022-12-21T12:00:00Z,0.0,-65.177086,-64.114586,0.22572131
2022-12-22T12:00:00Z,0.0,-65.177086,-64.114586,0.22594783
2022-12-23T12:00:00Z,0.0,-65.177086,-64.114586,0.26894537
2022-12-24T12:00:00Z,0.0,-65.177086,-64.114586,0.27700558
2022-12-25T12:00:00Z,0.0,-65.177086,-64.114586,0.28335536
2022-12-26T12:00:00Z,0.0,-65.177086,-64.114586,0.27075443
2022-12-27T12:00:00Z,0.0,-65.177086,-64.114586,0.18955906
2022-12-28T12:00:00Z,0.0,-65.177086,-64.114586,0.18941836
2022-12-29T12:00:00Z,0.0,-65.177086,-64.114586,0.18352875
2022-12-30T12:00:00Z,0.0,-65.177086,-64.114586,0.20033346
2022-12-31T12:00:00Z,0.0,-65.177086,-64.114586,0.19188076
2023-01-01T12:00:00Z,0.0,-65.177086,-64.114586,0.19470298
2023-01-02T12:00:00Z,0.0,-65.177086,-64.114586,0.25688064
2023-01-03T12:00:00Z,0.0,-65.177086,-64.114586,0.25883076
2023-01-04T12:00:00Z,0.0,-65.177086,-64.114586,0.2694332
2023-01-05T12:00:00Z,0.0,-65.177086,-64.114586,0.23295957
2023-01-06T12:00:00Z,0.0,-65.177086,-64.114586,0.23997962
2023-01-07T12:00:00Z,0.0,-65.177086,-64.114586,0.23778558
2023-01-08T12:00:00Z,0.0,-65.177086,-64.114586,0.24185155
2023-01-09T12:00:00Z,0.0,-65.177086,-64.114586,0.24963577
2023-01-10T12:00:00Z,0.0,-65.177086,-64.114586,0.24887748
2023-01-11T12:00:00Z,0.0,-65.177086,-64.114586,0.2562509
2023-01-12T12:00:00Z,0.0,-65.177086,-64.114586,0.21700571
2023-01-13T12:00:00Z,0.0,-65.177086,-64.114586,0.21442132
2023-01-14T12:00:00Z,0.0,-65.177086,-64.114586,0.2191439
2023-01-15T12:00:00Z,0.0,-65.177086,-64.114586,0.21873488
2023-01-16T12:00:00Z,0.0,-65.177086,-64.114586,0.2193929
2023-01-17T12:00:00Z,0.0,-65.177086,-64.114586,0.22111244
2023-01-18T12:00:00Z,0.0,-65.177086,-64.114586,0.22151944
2023-01-19T12:00:00Z,0.0,-65.177086,-64.114586,0.20196573
2023-01-20T12:00:00Z,0.0,-65.177086,-64.114586,0.22322887
2023-01-21T12:00:00Z,0.0,-65.177086,-64.114586,0.24309282
2023-01-22T12:00:00Z,0.0,-65.177086,-64.114586,0.29293332
2023-01-23T12:00:00Z,0.0,-65.177086,-64.114586,0.35192177
2023-01-24T12:00:00Z,0.0,-65.177086,-64.114586,0.33596244
2023-01-25T12:00:00Z,0.0,-65.177086,-64.114586,0.31430718
2023-01-26T12:00:00Z,0.0,-65.177086,-64.114586,0.2334212
2023-01-27T12:00:00Z,0.0,-65.177086,-64.114586,0.23752381
2023-01-28T12:00:00Z,0.0,-65.177086,-64.114586,0.11423489
2023-01-29T12:00:00Z,0.0,-65.177086,-64.114586,0.11035999
2023-01-30T12:00:00Z,0.0,-65.177086,-64.114586,0.10464414
2023-01-31T12:00:00Z,0.0,-65.177086,-64.114586,0.1099108
2023-02-01T12:00:00Z,0.0,-65.177086,-64.114586,0.1125412
2023-02-02T12:00:00Z,0.0,-65.177086,-64.114586,0.115273975
2023-02-03T12:00:00Z,0.0,-65.177086,-64.114586,0.108814664
2023-02-04T12:00:00Z,0.0,-65.177086,-64.114586,0.11626619
2023-02-05T12:00:00Z,0.0,-65.177086,-64.114586,0.11685125
2023-02-06T12:00:00Z,0.0,-65.177086,-64.114586,0.1174928
2023-02-07T12:00:00Z,0.0,-65.177086,-64.114586,0.19123359
2023-02-08T12:00:00Z,0.0,-65.177086,-64.114586,0.19828673
2023-02-09T12:00:00Z,0.0,-65.177086,-64.114586,0.20138359
2023-02-10T12:00:00Z,0.0,-65.177086,-64.114586,0.20554386
2023-02-11T12:00:00Z,0.0,-65.177086,-64.114586,0.20406365
2023-02-12T12:00:00Z,0.0,-65.177086,-64.114586,0.21008149
2023-02-13T12:00:00Z,0.0,-65.177086,-64.114586,0.18147683
2023-02-14T12:00:00Z,0.0,-65.177086,-64.114586,0.22282696
2023-02-15T12:00:00Z,0.0,-65.177086,-64.114586,0.23422685
2023-02-16T12:00:00Z,0.0,-65.177086,-64.114586,0.2367129
2023-02-17T12:00:00Z,0.0,-65.177086,-64.114586,0.24009767
2023-02-18T12:00:00Z,0.0,-65.177086,-64.114586,0.2414946
2023-02-19T12:00:00Z,0.0,-65.177086,-64.114586,0.2590258
2023-02-20T12:00:00Z,0.0,-65.177086,-64.114586,0.35481933
2023-02-21T12:00:00Z,0.0,-65.177086,-64.114586,0.25208855
2023-02-22T12:00:00Z,0.0,-65.177086,-64.114586,0.2564933
2023-02-23T12:00:00Z,0.0,-65.177086,-64.114586,0.26044458
2023-02-24T12:00:00Z,0.0,-65.177086,-64.114586,0.24603415
2023-02-25T12:00:00Z,0.0,-65.177086,-64.114586,0.24731396
2023-02-26T12:00:00Z,0.0,-65.177086,-64.114586,0.2513316
2023-02-27T12:00:00Z,0.0,-65.177086,-64.114586,0.23719585
2023-02-28T12:00:00Z,0.0,-65.177086,-64.114586,0.22249094
2023-03-01T12:00:00Z,0.0,-65.177086,-64.114586,0.2305454
2023-03-02T12:00:00Z,0.0,-65.177086,-64.114586,0.22541347
2023-03-03T12:00:00Z,0.0,-65.177086,-64.114586,0.2230882
2023-03-04T12:00:00Z,0.0,-65.177086,-64.114586,0.21970607
2023-03-05T12:00:00Z,0.0,-65.177086,-64.114586,0.21957947
2023-03-06T12:00:00Z,0.0,-65.177086,-64.114586,0.2200112
2023-03-07T12:00:00Z,0.0,-65.177086,-64.114586,0.20412248
2023-03-08T12:00:00Z,0.0,-65.177086,-64.114586,0.20572409
2023-03-09T12:00:00Z,0.0,-65.177086,-64.114586,0.17886415
2023-03-10T12:00:00Z,0.0,-65.177086,-64.114586,0.21177717
2023-03-11T12:00:00Z,0.0,-65.177086,-64.114586,0.20420709
2023-03-12T12:00:00Z,0.0,-65.177086,-64.114586,0.13198115
2023-03-13T12:00:00Z,0.0,-65.177086,-64.114586,NaN
2023-03-14T12:00:00Z,0.0,-65.177086,-64.114586,NaN
2023-03-15T12:00:00Z,0.0,-65.177086,-64.114586,NaN
2023-03-16T12:00:00Z,0.0,-65.177086,-64.114586,NaN
2023-03-17T12:00:00Z,0.0,-65.177086,-64.114586,NaN
2023-03-18T12:00:00Z,0.0,-65.177086,-64.114586,NaN
2023-03-19T12:00:00Z,0.0,-65.177086,-64.114586,NaN
2023-03-20T12:00:00Z,0.0,-65.177086,-64.114586,NaN
2023-03-21T12:00:00Z,0.0,-65.177086,-64.114586,NaN
2023-03-22T12:00:00Z,0.0,-65.177086,-64.114586,NaN
2023-03-23T12:00:00Z,0.0,-65.177086,-64.114586,NaN
2023-03-24T12:00:00Z,0.0,-65.177086,-64.114586,NaN
2023-03-25T12:00:00Z,0.0,-65.177086,-64.114586,NaN
2023-03-26T12:00:00Z,0.0,-65.177086,-64.114586,NaN
2023-03-27T12:00:00Z,0.0,-65.177086,-64.114586,NaN
2023-03-28T12:00:00Z,0.0,-65.177086,-64.114586,NaN
2023-03-29T12:00:00Z,0.0,-65.177086,-64.114586,NaN
2023-03-30T12:00:00Z,0.0,-65.177086,-64.114586,NaN
2023-03-31T12:00:00Z,0.0,-65.177086,-64.114586,NaN
2023-04-01T12:00:00Z,0.0,-65.177086,-64.114586,NaN
2023-04-02T12:00:00Z,0.0,-65.177086,-64.114586,NaN
2023-04-03T12:00:00Z,0.0,-65.177086,-64.114586,NaN
2023-04-04T12:00:00Z,0.0,-65.177086,-64.114586,NaN
2023-04-05T12:00:00Z,0.0,-65.177086,-64.114586,NaN
2023-04-06T12:00:00Z,0.0,-65.177086,-64.114586,NaN
2023-04-07T12:00:00Z,0.0,-65.177086,-64.114586,NaN
2023-04-08T12:00:00Z,0.0,-65.177086,-64.114586,NaN
2023-04-09T12:00:00Z,0.0,-65.177086,-64.114586,NaN
2023-04-10T12:00:00Z,0.0,-65.177086,-64.114586,NaN
2023-04-11T12:00:00Z,0.0,-65.177086,-64.114586,NaN
2023-04-12T12:00:00Z,0.0,-65.177086,-64.114586,NaN
2023-04-13T12:00:00Z,0.0,-65.177086,-64.114586,NaN
2023-04-14T12:00:00Z,0.0,-65.177086,-64.114586,NaN
2023-04-15T12:00:00Z,0.0,-65.177086,-64.114586,NaN
2023-04-16T12:00:00Z,0.0,-65.177086,-64.114586,NaN
2023-04-17T12:00:00Z,0.0,-65.177086,-64.114586,NaN
2023-04-18T12:00:00Z,0.0,-65.177086,-64.114586,NaN
2023-04-19T12:00:00Z,0.0,-65.177086,-64.114586,NaN
2023-04-20T12:00:00Z,0.0,-65.177086,-64.114586,NaN
2023-04-21T12:00:00Z,0.0,-65.177086,-64.114586,NaN
2023-04-22T12:00:00Z,0.0,-65.177086,-64.114586,NaN
2023-04-23T12:00:00Z,0.0,-65.177086,-64.114586,NaN
2023-04-24T12:00:00Z,0.0,-65.177086,-64.114586,NaN
2023-04-25T12:00:00Z,0.0,-65.177086,-64.114586,NaN
2023-04-26T12:00:00Z,0.0,-65.177086,-64.114586,NaN
2023-04-27T12:00:00Z,0.0,-65.177086,-64.114586,NaN
2023-04-28T12:00:00Z,0.0,-65.177086,-64.114586,NaN
2023-04-29T12:00:00Z,0.0,-65.177086,-64.114586,NaN
2023-04-30T12:00:00Z,0.0,-65.177086,-64.114586,NaN
2023-05-01T12:00:00Z,0.0,-65.177086,-64.114586,NaN
2023-05-02T12:00:00Z,0.0,-65.177086,-64.114586,NaN
2023-05-03T12:00:00Z,0.0,-65.177086,-64.114586,NaN
2023-05-04T12:00:00Z,0.0,-65.177086,-64.114586,NaN
2023-05-05T12:00:00Z,0.0,-65.177086,-64.114586,NaN
2023-05-06T12:00:00Z,0.0,-65.177086,-64.114586,NaN
2023-05-07T12:00:00Z,0.0,-65.177086,-64.114586,NaN
2023-05-08T12:00:00Z,0.0,-65.177086,-64.114586,NaN
2023-05-09T12:00:00Z,0.0,-65.177086,-64.114586,NaN
2023-05-10T12:00:00Z,0.0,-65.177086,-64.114586,NaN
2023-05-11T12:00:00Z,0.0,-65.177086,-64.114586,NaN
2023-05-12T12:00:00Z,0.0,-65.177086,-64.114586,NaN
2023-05-13T12:00:00Z,0.0,-65.177086,-64.114586,NaN
2023-05-14T12:00:00Z,0.0,-65.177086,-64.114586,NaN
2023-05-15T12:00:00Z,0.0,-65.177086,-64.114586,NaN
2023-05-16T12:00:00Z,0.0,-65.177086,-64.114586,NaN
2023-05-17T12:00:00Z,0.0,-65.177086,-64.114586,NaN
2023-05-18T12:00:00Z,0.0,-65.177086,-64.114586,NaN
2023-05-19T12:00:00Z,0.0,-65.177086,-64.114586,NaN
2023-05-20T12:00:00Z,0.0,-65.177086,-64.114586,NaN
2023-05-21T12:00:00Z,0.0,-65.177086,-64.114586,NaN
2023-05-22T12:00:00Z,0.0,-65.177086,-64.114586,NaN
2023-05-23T12:00:00Z,0.0,-65.177086,-64.114586,NaN
2023-05-24T12:00:00Z,0.0,-65.177086,-64.114586,NaN
2023-05-25T12:00:00Z,0.0,-65.177086,-64.114586,NaN
2023-05-26T12:00:00Z,0.0,-65.177086,-64.114586,NaN
2023-05-27T12:00:00Z,0.0,-65.177086,-64.114586,NaN
2023-05-28T12:00:00Z,0.0,-65.177086,-64.114586,NaN
2023-05-29T12:00:00Z,0.0,-65.177086,-64.114586,NaN
2023-05-30T12:00:00Z,0.0,-65.177086,-64.114586,NaN
2023-05-31T12:00:00Z,0.0,-65.177086,-64.114586,NaN
2023-06-01T12:00:00Z,0.0,-65.177086,-64.114586,NaN
2023-06-02T12:00:00Z,0.0,-65.177086,-64.114586,NaN
2023-06-03T12:00:00Z,0.0,-65.177086,-64.114586,NaN
2023-06-04T12:00:00Z,0.0,-65.177086,-64.114586,NaN
2023-06-05T12:00:00Z,0.0,-65.177086,-64.114586,NaN
2023-06-06T12:00:00Z,0.0,-65.177086,-64.114586,NaN
2023-06-07T12:00:00Z,0.0,-65.177086,-64.114586,NaN
2023-06-08T12:00:00Z,0.0,-65.177086,-64.114586,NaN
2023-06-09T12:00:00Z,0.0,-65.177086,-64.114586,NaN
2023-06-10T12:00:00Z,0.0,-65.177086,-64.114586,NaN
2023-06-11T12:00:00Z,0.0,-65.177086,-64.114586,NaN
2023-06-12T12:00:00Z,0.0,-65.177086,-64.114586,NaN
2023-06-13T12:00:00Z,0.0,-65.177086,-64.114586,NaN
2023-06-14T12:00:00Z,0.0,-65.177086,-64.114586,NaN
2023-06-15T12:00:00Z,0.0,-65.177086,-64.114586,NaN
2023-06-16T12:00:00Z,0.0,-65.177086,-64.114586,NaN
2023-06-17T12:00:00Z,0.0,-65.177086,-64.114586,NaN
2023-06-18T12:00:00Z,0.0,-65.177086,-64.114586,NaN
2023-06-19T12:00:00Z,0.0,-65.177086,-64.114586,NaN
2023-06-20T12:00:00Z,0.0,-65.177086,-64.114586,NaN
2023-06-21T12:00:00Z,0.0,-65.177086,-64.114586,NaN
2023-06-22T12:00:00Z,0.0,-65.177086,-64.114586,NaN
2023-06-23T12:00:00Z,0.0,-65.177086,-64.114586,NaN
2023-06-24T12:00:00Z,0.0,-65.177086,-64.114586,NaN
2023-06-25T12:00:00Z,0.0,-65.177086,-64.114586,NaN
2023-06-26T12:00:00Z,0.0,-65.177086,-64.114586,NaN
2023-06-27T12:00:00Z,0.0,-65.177086,-64.114586,NaN
2023-06-28T12:00:00Z,0.0,-65.177086,-64.114586,NaN
2023-06-29T12:00:00Z,0.0,-65.177086,-64.114586,NaN
2023-06-30T12:00:00Z,0.0,-65.177086,-64.114586,NaN
2023-07-01T12:00:00Z,0.0,-65.177086,-64.114586,NaN
2023-07-02T12:00:00Z,0.0,-65.177086,-64.114586,NaN
2023-07-03T12:00:00Z,0.0,-65.177086,-64.114586,NaN
2023-07-04T12:00:00Z,0.0,-65.177086,-64.114586,NaN
2023-07-05T12:00:00Z,0.0,-65.177086,-64.114586,NaN
2023-07-06T12:00:00Z,0.0,-65.177086,-64.114586,NaN
2023-07-07T12:00:00Z,0.0,-65.177086,-64.114586,NaN
2023-07-08T12:00:00Z,0.0,-65.177086,-64.114586,NaN
2023-07-09T12:00:00Z,0.0,-65.177086,-64.114586,NaN
2023-07-10T12:00:00Z,0.0,-65.177086,-64.114586,NaN
2023-07-11T12:00:00Z,0.0,-65.177086,-64.114586,NaN
2023-07-12T12:00:00Z,0.0,-65.177086,-64.114586,NaN
2023-07-13T12:00:00Z,0.0,-65.177086,-64.114586,NaN
2023-07-14T12:00:00Z,0.0,-65.177086,-64.114586,NaN
2023-07-15T12:00:00Z,0.0,-65.177086,-64.114586,NaN
2023-07-16T12:00:00Z,0.0,-65.177086,-64.114586,NaN
2023-07-17T12:00:00Z,0.0,-65.177086,-64.114586,NaN
2023-07-18T12:00:00Z,0.0,-65.177086,-64.114586,NaN
2023-07-19T12:00:00Z,0.0,-65.177086,-64.114586,NaN
2023-07-20T12:00:00Z,0.0,-65.177086,-64.114586,NaN
2023-07-21T12:00:00Z,0.0,-65.177086,-64.114586,NaN
2023-07-22T12:00:00Z,0.0,-65.177086,-64.114586,NaN
2023-07-23T12:00:00Z,0.0,-65.177086,-64.114586,NaN
2023-07-24T12:00:00Z,0.0,-65.177086,-64.114586,NaN
2023-07-25T12:00:00Z,0.0,-65.177086,-64.114586,NaN
2023-07-26T12:00:00Z,0.0,-65.177086,-64.114586,NaN
2023-07-27T12:00:00Z,0.0,-65.177086,-64.114586,NaN
2023-07-28T12:00:00Z,0.0,-65.177086,-64.114586,NaN
2023-07-29T12:00:00Z,0.0,-65.177086,-64.114586,NaN
2023-07-30T12:00:00Z,0.0,-65.177086,-64.114586,NaN
2023-07-31T12:00:00Z,0.0,-65.177086,-64.114586,NaN
2023-08-01T12:00:00Z,0.0,-65.177086,-64.114586,NaN
2023-08-02T12:00:00Z,0.0,-65.177086,-64.114586,NaN
2023-08-03T12:00:00Z,0.0,-65.177086,-64.114586,NaN
2023-08-04T12:00:00Z,0.0,-65.177086,-64.114586,NaN
2023-08-05T12:00:00Z,0.0,-65.177086,-64.114586,NaN
2023-08-06T12:00:00Z,0.0,-65.177086,-64.114586,NaN
2023-08-07T12:00:00Z,0.0,-65.177086,-64.114586,NaN
2023-08-08T12:00:00Z,0.0,-65.177086,-64.114586,NaN
2023-08-09T12:00:00Z,0.0,-65.177086,-64.114586,NaN
2023-08-10T12:00:00Z,0.0,-65.177086,-64.114586,NaN
2023-08-11T12:00:00Z,0.0,-65.177086,-64.114586,NaN
2023-08-12T12:00:00Z,0.0,-65.177086,-64.114586,NaN
2023-08-13T12:00:00Z,0.0,-65.177086,-64.114586,NaN
2023-08-14T12:00:00Z,0.0,-65.177086,-64.114586,NaN
2023-08-15T12:00:00Z,0.0,-65.177086,-64.114586,NaN
2023-08-16T12:00:00Z,0.0,-65.177086,-64.114586,NaN
2023-08-17T12:00:00Z,0.0,-65.177086,-64.114586,NaN
2023-08-18T12:00:00Z,0.0,-65.177086,-64.114586,NaN
2023-08-19T12:00:00Z,0.0,-65.177086,-64.114586,NaN
2023-08-20T12:00:00Z,0.0,-65.177086,-64.114586,NaN
2023-08-21T12:00:00Z,0.0,-65.177086,-64.114586,NaN
2023-08-22T12:00:00Z,0.0,-65.177086,-64.114586,NaN
2023-08-23T12:00:00Z,0.0,-65.177086,-64.114586,NaN
2023-08-24T12:00:00Z,0.0,-65.177086,-64.114586,NaN
2023-08-25T12:00:00Z,0.0,-65.177086,-64.114586,NaN
2023-08-26T12:00:00Z,0.0,-65.177086,-64.114586,NaN
2023-08-27T12:00:00Z,0.0,-65.177086,-64.114586,NaN
2023-08-28T12:00:00Z,0.0,-65.177086,-64.114586,NaN
2023-08-29T12:00:00Z,0.0,-65.177086,-64.114586,NaN
2023-08-30T12:00:00Z,0.0,-65.177086,-64.114586,NaN
2023-08-31T12:00:00Z,0.0,-65.177086,-64.114586,NaN
2023-09-01T12:00:00Z,0.0,-65.177086,-64.114586,NaN
2023-09-02T12:00:00Z,0.0,-65.177086,-64.114586,NaN
2023-09-03T12:00:00Z,0.0,-65.177086,-64.114586,NaN
2023-09-04T12:00:00Z,0.0,-65.177086,-64.114586,NaN
2023-09-05T12:00:00Z,0.0,-65.177086,-64.114586,NaN
2023-09-06T12:00:00Z,0.0,-65.177086,-64.114586,NaN
2023-09-07T12:00:00Z,0.0,-65.177086,-64.114586,NaN
2023-09-08T12:00:00Z,0.0,-65.177086,-64.114586,NaN
2023-09-09T12:00:00Z,0.0,-65.177086,-64.114586,NaN
2023-09-10T12:00:00Z,0.0,-65.177086,-64.114586,NaN
2023-09-11T12:00:00Z,0.0,-65.177086,-64.114586,NaN
2023-09-12T12:00:00Z,0.0,-65.177086,-64.114586,NaN
2023-09-13T12:00:00Z,0.0,-65.177086,-64.114586,NaN
2023-09-14T12:00:00Z,0.0,-65.177086,-64.114586,NaN
2023-09-15T12:00:00Z,0.0,-65.177086,-64.114586,NaN
2023-09-16T12:00:00Z,0.0,-65.177086,-64.114586,NaN
2023-09-17T12:00:00Z,0.0,-65.177086,-64.114586,NaN
2023-09-18T12:00:00Z,0.0,-65.177086,-64.114586,NaN
2023-09-19T12:00:00Z,0.0,-65.177086,-64.114586,NaN
2023-09-20T12:00:00Z,0.0,-65.177086,-64.114586,NaN
2023-09-21T12:00:00Z,0.0,-65.177086,-64.114586,NaN
2023-09-22T12:00:00Z,0.0,-65.177086,-64.114586,NaN
2023-09-23T12:00:00Z,0.0,-65.177086,-64.114586,NaN
2023-09-24T12:00:00Z,0.0,-65.177086,-64.114586,NaN
2023-09-25T12:00:00Z,0.0,-65.177086,-64.114586,NaN
2023-09-26T12:00:00Z,0.0,-65.177086,-64.114586,NaN
2023-09-27T12:00:00Z,0.0,-65.177086,-64.114586,NaN
2023-09-28T12:00:00Z,0.0,-65.177086,-64.114586,NaN
2023-09-29T12:00:00Z,0.0,-65.177086,-64.114586,NaN
2023-09-30T12:00:00Z,0.0,-65.177086,-64.114586,NaN
2023-10-01T12:00:00Z,0.0,-65.177086,-64.114586,NaN
2023-10-02T12:00:00Z,0.0,-65.177086,-64.114586,NaN
2023-10-03T12:00:00Z,0.0,-65.177086,-64.114586,NaN
2023-10-04T12:00:00Z,0.0,-65.177086,-64.114586,NaN
2023-10-05T12:00:00Z,0.0,-65.177086,-64.114586,NaN
2023-10-06T12:00:00Z,0.0,-65.177086,-64.114586,NaN
2023-10-07T12:00:00Z,0.0,-65.177086,-64.114586,NaN
2023-10-08T12:00:00Z,0.0,-65.177086,-64.114586,NaN
2023-10-09T12:00:00Z,0.0,-65.177086,-64.114586,NaN
2023-10-10T12:00:00Z,0.0,-65.177086,-64.114586,NaN
2023-10-11T12:00:00Z,0.0,-65.177086,-64.114586,NaN
2023-10-12T12:00:00Z,0.0,-65.177086,-64.114586,NaN
2023-10-13T12:00:00Z,0.0,-65.177086,-64.114586,NaN
2023-10-14T12:00:00Z,0.0,-65.177086,-64.114586,NaN
2023-10-15T12:00:00Z,0.0,-65.177086,-64.114586,NaN
2023-10-16T12:00:00Z,0.0,-65.177086,-64.114586,NaN
2023-10-17T12:00:00Z,0.0,-65.177086,-64.114586,NaN
2023-10-18T12:00:00Z,0.0,-65.177086,-64.114586,NaN
2023-10-19T12:00:00Z,0.0,-65.177086,-64.114586,NaN
2023-10-20T12:00:00Z,0.0,-65.177086,-64.114586,NaN
2023-10-21T12:00:00Z,0.0,-65.177086,-64.114586,NaN
2023-10-22T12:00:00Z,0.0,-65.177086,-64.114586,NaN
2023-10-23T12:00:00Z,0.0,-65.177086,-64.114586,0.045662362
2023-10-24T12:00:00Z,0.0,-65.177086,-64.114586,0.06701489
2023-10-25T12:00:00Z,0.0,-65.177086,-64.114586,0.15507217
2023-10-26T12:00:00Z,0.0,-65.177086,-64.114586,0.156203
2023-10-27T12:00:00Z,0.0,-65.177086,-64.114586,0.12768704
2023-10-28T12:00:00Z,0.0,-65.177086,-64.114586,0.18140174
2023-10-29T12:00:00Z,0.0,-65.177086,-64.114586,0.22334264
2023-10-30T12:00:00Z,0.0,-65.177086,-64.114586,0.20317808
2023-10-31T12:00:00Z,0.0,-65.177086,-64.114586,0.25224385
2023-11-01T12:00:00Z,0.0,-65.177086,-64.114586,0.13912995
2023-11-02T12:00:00Z,0.0,-65.177086,-64.114586,0.59617794
2023-11-03T12:00:00Z,0.0,-65.177086,-64.114586,0.14537774
2023-11-04T12:00:00Z,0.0,-65.177086,-64.114586,0.3365481
2023-11-05T12:00:00Z,0.0,-65.177086,-64.114586,0.57615405
2023-11-06T12:00:00Z,0.0,-65.177086,-64.114586,0.1830951
2023-11-07T12:00:00Z,0.0,-65.177086,-64.114586,0.26558834
2023-11-08T12:00:00Z,0.0,-65.177086,-64.114586,0.3341378
2023-11-09T12:00:00Z,0.0,-65.177086,-64.114586,0.14429379
2023-11-10T12:00:00Z,0.0,-65.177086,-64.114586,0.20947863
2023-11-11T12:00:00Z,0.0,-65.177086,-64.114586,0.18089557
2023-11-12T12:00:00Z,0.0,-65.177086,-64.114586,0.17046152
2023-11-13T12:00:00Z,0.0,-65.177086,-64.114586,0.2158181
2023-11-14T12:00:00Z,0.0,-65.177086,-64.114586,0.22145714
2023-11-15T12:00:00Z,0.0,-65.177086,-64.114586,0.22537467
2023-11-16T12:00:00Z,0.0,-65.177086,-64.114586,0.20682341
2023-11-17T12:00:00Z,0.0,-65.177086,-64.114586,0.20218405
2023-11-18T12:00:00Z,0.0,-65.177086,-64.114586,0.25398776
2023-11-19T12:00:00Z,0.0,-65.177086,-64.114586,0.2723806
2023-11-20T12:00:00Z,0.0,-65.177086,-64.114586,0.28098944
2023-11-21T12:00:00Z,0.0,-65.177086,-64.114586,0.23849937
2023-11-22T12:00:00Z,0.0,-65.177086,-64.114586,0.23123679
2023-11-23T12:00:00Z,0.0,-65.177086,-64.114586,0.23102622
2023-11-24T12:00:00Z,0.0,-65.177086,-64.114586,0.21902011
2023-11-25T12:00:00Z,0.0,-65.177086,-64.114586,0.2320763
2023-11-26T12:00:00Z,0.0,-65.177086,-64.114586,0.2503933
2023-11-27T12:00:00Z,0.0,-65.177086,-64.114586,0.27411392
2023-11-28T12:00:00Z,0.0,-65.177086,-64.114586,0.21752025
2023-11-29T12:00:00Z,0.0,-65.177086,-64.114586,0.21521226
2023-11-30T12:00:00Z,0.0,-65.177086,-64.114586,0.20296785
2023-12-02T12:00:00Z,0.0,-65.177086,-64.114586,0.19632375
2023-12-03T12:00:00Z,0.0,-65.177086,-64.114586,0.22232707
2023-12-04T12:00:00Z,0.0,-65.177086,-64.114586,0.21334486
2023-12-05T12:00:00Z,0.0,-65.177086,-64.114586,0.25796422
2023-12-06T12:00:00Z,0.0,-65.177086,-64.114586,0.25539568
2023-12-07T12:00:00Z,0.0,-65.177086,-64.114586,0.26369053
2023-12-08T12:00:00Z,0.0,-65.177086,-64.114586,0.25509703
2023-12-09T12:00:00Z,0.0,-65.177086,-64.114586,0.2467804
2023-12-10T12:00:00Z,0.0,-65.177086,-64.114586,0.24920397
2023-12-11T12:00:00Z,0.0,-65.177086,-64.114586,0.2629062
2023-12-12T12:00:00Z,0.0,-65.177086,-64.114586,0.2762349
2023-12-13T12:00:00Z,0.0,-65.177086,-64.114586,0.29259127
2023-12-14T12:00:00Z,0.0,-65.177086,-64.114586,0.28509957
2023-12-15T12:00:00Z,0.0,-65.177086,-64.114586,0.27947772
2023-12-16T12:00:00Z,0.0,-65.177086,-64.114586,0.28047898
2023-12-17T12:00:00Z,0.0,-65.177086,-64.114586,0.2523272
2023-12-18T12:00:00Z,0.0,-65.177086,-64.114586,0.31203154
2023-12-19T12:00:00Z,0.0,-65.177086,-64.114586,0.3454942
2023-12-20T12:00:00Z,0.0,-65.177086,-64.114586,0.3576828
2023-12-21T12:00:00Z,0.0,-65.177086,-64.114586,0.32335767
2023-12-22T12:00:00Z,0.0,-65.177086,-64.114586,0.3186533
2023-12-23T12:00:00Z,0.0,-65.177086,-64.114586,0.32916376
2023-12-25T12:00:00Z,0.0,-65.177086,-64.114586,0.31684327
2023-12-26T12:00:00Z,0.0,-65.177086,-64.114586,0.27481428
2023-12-27T12:00:00Z,0.0,-65.177086,-64.114586,0.23811676
2023-12-28T12:00:00Z,0.0,-65.177086,-64.114586,0.23804012
2023-12-29T12:00:00Z,0.0,-65.177086,-64.114586,0.25683096
2023-12-30T12:00:00Z,0.0,-65.177086,-64.114586,0.24031372
2023-12-31T12:00:00Z,0.0,-65.177086,-64.114586,0.23806794
