time,altitude,latitude,longitude,chlor_a
UTC,m,degrees_north,degrees_east,mg m^-3
2018-01-01T12:00:00Z,0.0,-64.802086,-62.677082,0.35380882
2018-01-02T12:00:00Z,0.0,-64.802086,-62.677082,0.38739675
2018-01-03T12:00:00Z,0.0,-64.802086,-62.677082,0.43854743
2018-01-04T12:00:00Z,0.0,-64.802086,-62.677082,0.4883089
2018-01-05T12:00:00Z,0.0,-64.802086,-62.677082,0.5766258
2018-01-06T12:00:00Z,0.0,-64.802086,-62.677082,0.6775236
2018-01-07T12:00:00Z,0.0,-64.802086,-62.677082,0.66635627
2018-01-08T12:00:00Z,0.0,-64.802086,-62.677082,0.59714013
2018-01-09T12:00:00Z,0.0,-64.802086,-62.677082,0.6570307
2018-01-10T12:00:00Z,0.0,-64.802086,-62.677082,0.7064541
2018-01-11T12:00:00Z,0.0,-64.802086,-62.677082,0.67129743
2018-01-12T12:00:00Z,0.0,-64.802086,-62.677082,0.5466111
2018-01-13T12:00:00Z,0.0,-64.802086,-62.677082,0.41696888
2018-01-14T12:00:00Z,0.0,-64.802086,-62.677082,0.2886999
2018-01-15T12:00:00Z,0.0,-64.802086,-62.677082,0.31580135
2018-01-16T12:00:00Z,0.0,-64.802086,-62.677082,0.20881304
2018-01-17T12:00:00Z,0.0,-64.802086,-62.677082,0.20336589
2018-01-18T12:00:00Z,0.0,-64.802086,-62.677082,0.19574282
2018-01-19T12:00:00Z,0.0,-64.802086,-62.677082,0.18102813
2018-01-20T12:00:00Z,0.0,-64.802086,-62.677082,0.139892
2018-01-21T12:00:00Z,0.0,-64.802086,-62.677082,0.13610323
2018-01-22T12:00:00Z,0.0,-64.802086,-62.677082,0.11291914
2018-01-23T12:00:00Z,0.0,-64.802086,-62.677082,0.11322755
2018-01-24T12:00:00Z,0.0,-64.802086,-62.677082,0.09785483
2018-01-25T12:00:00Z,0.0,-64.802086,-62.677082,0.08353423
2018-01-26T12:00:00Z,0.0,-64.802086,-62.677082,0.07598526
2018-01-27T12:00:00Z,0.0,-64.802086,-62.677082,0.07613023
2018-01-28T12:00:00Z,0.0,-64.802086,-62.677082,0.06098832
2018-01-29T12:00:00Z,0.0,-64.802086,-62.677082,0.06004014
2018-01-30T12:00:00Z,0.0,-64.802086,-62.677082,0.062962726
2018-01-31T12:00:00Z,0.0,-64.802086,-62.677082,0.10060427
2018-02-01T12:00:00Z,0.0,-64.802086,-62.677082,0.105444066
2018-02-02T12:00:00Z,0.0,-64.802086,-62.677082,0.100657396
2018-02-03T12:00:00Z,0.0,-64.802086,-62.677082,0.08922529
2018-02-04T12:00:00Z,0.0,-64.802086,-62.677082,0.12403345
2018-02-05T12:00:00Z,0.0,-64.802086,-62.677082,0.14233208
2018-02-06T12:00:00Z,0.0,-64.802086,-62.677082,0.1367353
2018-02-07T12:00:00Z,0.0,-64.802086,-62.677082,0.18138002
2018-02-08T12:00:00Z,0.0,-64.802086,-62.677082,0.18040651
2018-02-09T12:00:00Z,0.0,-64.802086,-62.677082,0.1878906
2018-02-10T12:00:00Z,0.0,-64.802086,-62.677082,0.15493198
2018-02-11T12:00:00Z,0.0,-64.802086,-62.677082,0.15844384
2018-02-12T12:00:00Z,0.0,-64.802086,-62.677082,0.15727356
2018-02-13T12:00:00Z,0.0,-64.802086,-62.677082,0.1519656
2018-02-14T12:00:00Z,0.0,-64.802086,-62.677082,0.17730816
2018-02-15T12:00:00Z,0.0,-64.802086,-62.677082,0.24018595
2018-02-16T12:00:00Z,0.0,-64.802086,-62.677082,0.22167921
2018-02-17T12:00:00Z,0.0,-64.802086,-62.677082,0.21914293
2018-02-18T12:00:00Z,0.0,-64.802086,-62.677082,0.22517906
2018-02-19T12:00:00Z,0.0,-64.802086,-62.677082,0.22516263
2018-02-20T12:00:00Z,0.0,-64.802086,-62.677082,0.23320687
2018-02-21T12:00:00Z,0.0,-64.802086,-62.677082,0.22697009
2018-02-22T12:00:00Z,0.0,-64.802086,-62.677082,0.21731344
2018-02-23T12:00:00Z,0.0,-64.802086,-62.677082,0.22594741
2018-02-24T12:00:00Z,0.0,-64.802086,-62.677082,0.22812226
2018-02-25T12:00:00Z,0.0,-64.802086,-62.677082,0.2574832
2018-02-26T12:00:00Z,0.0,-64.802086,-62.677082,0.26275915
2018-02-27T12:00:00Z,0.0,-64.802086,-62.677082,0.28296524
2018-02-28T12:00:00Z,0.0,-64.802086,-62.677082,0.2694496
2018-03-01T12:00:00Z,0.0,-64.802086,-62.677082,0.2918854
2018-03-02T12:00:00Z,0.0,-64.802086,-62.677082,0.38852412
2018-03-03T12:00:00Z,0.0,-64.802086,-62.677082,0.3745855
2018-03-04T12:00:00Z,0.0,-64.802086,-62.677082,0.29468647
2018-03-05T12:00:00Z,0.0,-64.802086,-62.677082,0.3370378
2018-03-06T12:00:00Z,0.0,-64.802086,-62.677082,0.34103525
2018-03-07T12:00:00Z,0.0,-64.802086,-62.677082,0.24794893
2018-03-08T12:00:00Z,0.0,-64.802086,-62.677082,0.25240067
2018-03-09T12:00:00Z,0.0,-64.802086,-62.677082,0.23780614
2018-03-10T12:00:00Z,0.0,-64.802086,-62.677082,0.22245382
2018-03-11T12:00:00Z,0.0,-64.802086,-62.677082,0.19721374
2018-03-12T12:00:00Z,0.0,-64.802086,-62.677082,0.18903533
2018-03-13T12:00:00Z,0.0,-64.802086,-62.677082,0.19841045
2018-03-14T12:00:00Z,0.0,-64.802086,-62.677082,NaN
2018-03-15T12:00:00Z,0.0,-64.802086,-62.677082,NaN
2018-03-16T12:00:00Z,0.0,-64.802086,-62.677082,NaN
2018-03-17T12:00:00Z,0.0,-64.802086,-62.677082,NaN
2018-03-18T12:00:00Z,0.0,-64.802086,-62.677082,NaN
2018-03-19T12:00:00Z,0.0,-64.802086,-62.677082,NaN
2018-03-20T12:00:00Z,0.0,-64.802086,-62.677082,NaN
2018-03-21T12:00:00Z,0.0,-64.802086,-62.677082,NaN
2018-03-22T12:00:00Z,0.0,-64.802086,-62.677082,NaN
2018-03-23T12:00:00Z,0.0,-64.802086,-62.677082,NaN
2018-03-24T12:00:00Z,0.0,-64.802086,-62.677082,NaN
2018-03-25T12:00:00Z,0.0,-64.802086,-62.677082,NaN
2018-03-26T12:00:00Z,0.0,-64.802086,-62.677082,NaN
2018-03-27T12:00:00Z,0.0,-64.802086,-62.677082,NaN
2018-03-28T12:00:00Z,0.0,-64.802086,-62.677082,NaN
2018-03-29T12:00:00Z,0.0,-64.802086,-62.677082,NaN
2018-03-30T12:00:00Z,0.0,-64.802086,-62.677082,NaN
2018-03-31T12:00:00Z,0.0,-64.802086,-62.677082,NaN
2018-04-01T12:00:00Z,0.0,-64.802086,-62.677082,NaN
2018-04-02T12:00:00Z,0.0,-64.802086,-62.677082,NaN
2018-04-03T12:00:00Z,0.0,-64.802086,-62.677082,NaN
2018-04-04T12:00:00Z,0.0,-64.802086,-62.677082,NaN
2018-04-05T12:00:00Z,0.0,-64.802086,-62.677082,NaN
2018-04-06T12:00:00Z,0.0,-64.802086,-62.677082,NaN
2018-04-07T12:00:00Z,0.0,-64.802086,-62.677082,NaN
2018-04-08T12:00:00Z,0.0,-64.802086,-62.677082,NaN
2018-04-09T12:00:00Z,0.0,-64.802086,-62.677082,NaN
2018-04-10T12:00:00Z,0.0,-64.802086,-62.677082,NaN
2018-04-11T12:00:00Z,0.0,-64.802086,-62.677082,NaN
2018-04-12T12:00:00Z,0.0,-64.802086,-62.677082,NaN
2018-04-13T12:00:00Z,0.0,-64.802086,-62.677082,NaN
2018-04-14T12:00:00Z,0.0,-64.802086,-62.677082,NaN
2018-04-15T12:00:00Z,0.0,-64.802086,-62.677082,NaN
2018-04-16T12:00:00Z,0.0,-64.802086,-62.677082,NaN
2018-04-17T12:00:00Z,0.0,-64.802086,-62.677082,NaN
2018-04-18T12:00:00Z,0.0,-64.802086,-62.677082,NaN
2018-04-19T12:00:00Z,0.0,-64.802086,-62.677082,NaN
2018-04-20T12:00:00Z,0.0,-64.802086,-62.677082,NaN
2018-04-21T12:00:00Z,0.0,-64.802086,-62.677082,NaN
2018-04-22T12:00:00Z,0.0,-64.802086,-62.677082,NaN
2018-04-23T12:00:00Z,0.0,-64.802086,-62.677082,NaN
2018-04-24T12:00:00Z,0.0,-64.802086,-62.677082,NaN
2018-04-25T12:00:00Z,0.0,-64.802086,-62.677082,NaN
2018-04-26T12:00:00Z,0.0,-64.802086,-62.677082,NaN
2018-04-27T12:00:00Z,0.0,-64.802086,-62.677082,NaN
2018-04-28T12:00:00Z,0.0,-64.802086,-62.677082,NaN
2018-04-29T12:00:00Z,0.0,-64.802086,-62.677082,NaN
2018-04-30T12:00:00Z,0.0,-64.802086,-62.677082,NaN
2018-05-01T12:00:00Z,0.0,-64.802086,-62.677082,NaN
2018-05-02T12:00:00Z,0.0,-64.802086,-62.677082,NaN
2018-05-03T12:00:00Z,0.0,-64.802086,-62.677082,NaN
2018-05-04T12:00:00Z,0.0,-64.802086,-62.677082,NaN
2018-05-05T12:00:00Z,0.0,-64.802086,-62.677082,NaN
2018-05-06T12:00:00Z,0.0,-64.802086,-62.677082,NaN
2018-05-07T12:00:00Z,0.0,-64.802086,-62.677082,NaN
2018-05-08T12:00:00Z,0.0,-64.802086,-62.677082,NaN
2018-05-09T12:00:00Z,0.0,-64.802086,-62.677082,NaN
2018-05-10T12:00:00Z,0.0,-64.802086,-62.677082,NaN
2018-05-11T12:00:00Z,0.0,-64.802086,-62.677082,NaN
2018-05-12T12:00:00Z,0.0,-64.802086,-62.677082,NaN
2018-05-13T12:00:00Z,0.0,-64.802086,-62.677082,NaN
2018-05-14T12:00:00Z,0.0,-64.802086,-62.677082,NaN
2018-05-15T12:00:00Z,0.0,-64.802086,-62.677082,NaN
2018-05-16T12:00:00Z,0.0,-64.802086,-62.677082,NaN
2018-05-17T12:00:00Z,0.0,-64.802086,-62.677082,NaN
2018-05-18T12:00:00Z,0.0,-64.802086,-62.677082,NaN
2018-05-19T12:00:00Z,0.0,-64.802086,-62.677082,NaN
2018-05-20T12:00:00Z,0.0,-64.802086,-62.677082,NaN
2018-05-21T12:00:00Z,0.0,-64.802086,-62.677082,NaN
2018-05-22T12:00:00Z,0.0,-64.802086,-62.677082,NaN
2018-05-23T12:00:00Z,0.0,-64.802086,-62.677082,NaN
2018-05-24T12:00:00Z,0.0,-64.802086,-62.677082,NaN
2018-05-25T12:00:00Z,0.0,-64.802086,-62.677082,NaN
2018-05-26T12:00:00Z,0.0,-64.802086,-62.677082,NaN
2018-05-27T12:00:00Z,0.0,-64.802086,-62.677082,NaN
2018-05-28T12:00:00Z,0.0,-64.802086,-62.677082,NaN
2018-05-29T12:00:00Z,0.0,-64.802086,-62.677082,NaN
2018-05-30T12:00:00Z,0.0,-64.802086,-62.677082,NaN
2018-05-31T12:00:00Z,0.0,-64.802086,-62.677082,NaN
2018-06-01T12:00:00Z,0.0,-64.802086,-62.677082,NaN
2018-06-02T12:00:00Z,0.0,-64.802086,-62.677082,NaN
2018-06-03T12:00:00Z,0.0,-64.802086,-62.677082,NaN
2018-06-04T12:00:00Z,0.0,-64.802086,-62.677082,NaN
2018-06-05T12:00:00Z,0.0,-64.802086,-62.677082,NaN
2018-06-06T12:00:00Z,0.0,-64.802086,-62.677082,NaN
2018-06-07T12:00:00Z,0.0,-64.802086,-62.677082,NaN
2018-06-08T12:00:00Z,0.0,-64.802086,-62.677082,NaN
2018-06-09T12:00:00Z,0.0,-64.802086,-62.677082,NaN
2018-06-10T12:00:00Z,0.0,-64.802086,-62.677082,NaN
2018-06-11T12:00:00Z,0.0,-64.802086,-62.677082,NaN
2018-06-12T12:00:00Z,0.0,-64.802086,-62.677082,NaN
2018-06-13T12:00:00Z,0.0,-64.802086,-62.677082,NaN
2018-06-14T12:00:00Z,0.0,-64.802086,-62.677082,NaN
2018-06-15T12:00:00Z,0.0,-64.802086,-62.677082,NaN
2018-06-16T12:00:00Z,0.0,-64.802086,-62.677082,NaN
2018-06-17T12:00:00Z,0.0,-64.802086,-62.677082,NaN
2018-06-18T12:00:00Z,0.0,-64.802086,-62.677082,NaN
2018-06-19T12:00:00Z,0.0,-64.802086,-62.677082,NaN
2018-06-20T12:00:00Z,0.0,-64.802086,-62.677082,NaN
2018-06-21T12:00:00Z,0.0,-64.802086,-62.677082,NaN
2018-06-22T12:00:00Z,0.0,-64.802086,-62.677082,NaN
2018-06-23T12:00:00Z,0.0,-64.802086,-62.677082,NaN
2018-06-24T12:00:00Z,0.0,-64.802086,-62.677082,NaN
2018-06-25T12:00:00Z,0.0,-64.802086,-62.677082,NaN
2018-06-26T12:00:00Z,0.0,-64.802086,-62.677082,NaN
2018-06-27T12:00:00Z,0.0,-64.802086,-62.677082,NaN
2018-06-28T12:00:00Z,0.0,-64.802086,-62.677082,NaN
2018-06-29T12:00:00Z,0.0,-64.802086,-62.677082,NaN
2018-06-30T12:00:00Z,0.0,-64.802086,-62.677082,NaN
2018-07-01T12:00:00Z,0.0,-64.802086,-62.677082,NaN
2018-07-02T12:00:00Z,0.0,-64.802086,-62.677082,NaN
2018-07-03T12:00:00Z,0.0,-64.802086,-62.677082,NaN
2018-07-04T12:00:00Z,0.0,-64.802086,-62.677082,NaN
2018-07-05T12:00:00Z,0.0,-64.802086,-62.677082,NaN
2018-07-06T12:00:00Z,0.0,-64.802086,-62.677082,NaN
2018-07-07T12:00:00Z,0.0,-64.802086,-62.677082,NaN
2018-07-08T12:00:00Z,0.0,-64.802086,-62.677082,NaN
2018-07-09T12:00:00Z,0.0,-64.802086,-62.677082,NaN
2018-07-10T12:00:00Z,0.0,-64.802086,-62.677082,NaN
2018-07-11T12:00:00Z,0.0,-64.802086,-62.677082,NaN
2018-07-12T12:00:00Z,0.0,-64.802086,-62.677082,NaN
2018-07-13T12:00:00Z,0.0,-64.802086,-62.677082,NaN
2018-07-14T12:00:00Z,0.0,-64.802086,-62.677082,NaN
2018-07-15T12:00:00Z,0.0,-64.802086,-62.677082,NaN
2018-07-16T12:00:00Z,0.0,-64.802086,-62.677082,NaN
2018-07-17T12:00:00Z,0.0,-64.802086,-62.677082,NaN
2018-07-18T12:00:00Z,0.0,-64.802086,-62.677082,NaN
2018-07-19T12:00:00Z,0.0,-64.802086,-62.677082,NaN
2018-07-20T12:00:00Z,0.0,-64.802086,-62.677082,NaN
2018-07-21T12:00:00Z,0.0,-64.802086,-62.677082,NaN
2018-07-22T12:00:00Z,0.0,-64.802086,-62.677082,NaN
2018-07-23T12:00:00Z,0.0,-64.802086,-62.677082,NaN
2018-07-24T12:00:00Z,0.0,-64.802086,-62.677082,NaN
2018-07-25T12:00:00Z,0.0,-64.802086,-62.677082,NaN
2018-07-26T12:00:00Z,0.0,-64.802086,-62.677082,NaN
2018-07-27T12:00:00Z,0.0,-64.802086,-62.677082,NaN
2018-07-28T12:00:00Z,0.0,-64.802086,-62.677082,NaN
2018-07-29T12:00:00Z,0.0,-64.802086,-62.677082,NaN
2018-07-30T12:00:00Z,0.0,-64.802086,-62.677082,NaN
2018-07-31T12:00:00Z,0.0,-64.802086,-62.677082,NaN
2018-08-01T12:00:00Z,0.0,-64.802086,-62.677082,NaN
2018-08-02T12:00:00Z,0.0,-64.802086,-62.677082,NaN
2018-08-03T12:00:00Z,0.0,-64.802086,-62.677082,NaN
2018-08-04T12:00:00Z,0.0,-64.802086,-62.677082,NaN
2018-08-05T12:00:00Z,0.0,-64.802086,-62.677082,NaN
2018-08-06T12:00:00Z,0.0,-64.802086,-62.677082,NaN
2018-08-07T12:00:00Z,0.0,-64.802086,-62.677082,NaN
2018-08-08T12:00:00Z,0.0,-64.802086,-62.677082,NaN
2018-08-09T12:00:00Z,0.0,-64.802086,-62.677082,NaN
2018-08-10T12:00:00Z,0.0,-64.802086,-62.677082,NaN
2018-08-11T12:00:00Z,0.0,-64.802086,-62.677082,NaN
2018-08-12T12:00:00Z,0.0,-64.802086,-62.677082,NaN
2018-08-13T12:00:00Z,0.0,-64.802086,-62.677082,NaN
2018-08-14T12:00:00Z,0.0,-64.802086,-62.677082,NaN
2018-08-15T12:00:00Z,0.0,-64.802086,-62.677082,NaN
2018-08-16T12:00:00Z,0.0,-64.802086,-62.677082,NaN
2018-08-17T12:00:00Z,0.0,-64.802086,-62.677082,NaN
2018-08-18T12:00:00Z,0.0,-64.802086,-62.677082,NaN
2018-08-19T12:00:00Z,0.0,-64.802086,-62.677082,NaN
2018-08-20T12:00:00Z,0.0,-64.802086,-62.677082,NaN
2018-08-21T12:00:00Z,0.0,-64.802086,-62.677082,NaN
2018-08-22T12:00:00Z,0.0,-64.802086,-62.677082,NaN
2018-08-23T12:00:00Z,0.0,-64.802086,-62.677082,NaN
2018-08-24T12:00:00Z,0.0,-64.802086,-62.677082,NaN
2018-08-25T12:00:00Z,0.0,-64.802086,-62.677082,NaN
2018-08-26T12:00:00Z,0.0,-64.802086,-62.677082,NaN
2018-08-27T12:00:00Z,0.0,-64.802086,-62.677082,NaN
2018-08-28T12:00:00Z,0.0,-64.802086,-62.677082,NaN
2018-08-29T12:00:00Z,0.0,-64.802086,-62.677082,NaN
2018-08-30T12:00:00Z,0.0,-64.802086,-62.677082,NaN
2018-08-31T12:00:00Z,0.0,-64.802086,-62.677082,NaN
2018-09-01T12:00:00Z,0.0,-64.802086,-62.677082,NaN
2018-09-02T12:00:00Z,0.0,-64.802086,-62.677082,NaN
2018-09-03T12:00:00Z,0.0,-64.802086,-62.677082,NaN
2018-09-04T12:00:00Z,0.0,-64.802086,-62.677082,NaN
2018-09-05T12:00:00Z,0.0,-64.802086,-62.677082,NaN
2018-09-06T12:00:00Z,0.0,-64.802086,-62.677082,NaN
2018-09-07T12:00:00Z,0.0,-64.802086,-62.677082,NaN
2018-09-08T12:00:00Z,0.0,-64.802086,-62.677082,NaN
2018-09-09T12:00:00Z,0.0,-64.802086,-62.677082,NaN
2018-09-10T12:00:00Z,0.0,-64.802086,-62.677082,NaN
2018-09-11T12:00:00Z,0.0,-64.802086,-62.677082,NaN
2018-09-12T12:00:00Z,0.0,-64.802086,-62.677082,NaN
2018-09-13T12:00:00Z,0.0,-64.802086,-62.677082,NaN
2018-09-14T12:00:00Z,0.0,-64.802086,-62.677082,NaN
2018-09-15T12:00:00Z,0.0,-64.802086,-62.677082,NaN
2018-09-16T12:00:00Z,0.0,-64.802086,-62.677082,NaN
2018-09-17T12:00:00Z,0.0,-64.802086,-62.677082,NaN
2018-09-18T12:00:00Z,0.0,-64.802086,-62.677082,NaN
2018-09-19T12:00:00Z,0.0,-64.802086,-62.677082,NaN
2018-09-20T12:00:00Z,0.0,-64.802086,-62.677082,NaN
2018-09-21T12:00:00Z,0.0,-64.802086,-62.677082,NaN
2018-09-22T12:00:00Z,0.0,-64.802086,-62.677082,NaN
2018-09-23T12:00:00Z,0.0,-64.802086,-62.677082,NaN
2018-09-24T12:00:00Z,0.0,-64.802086,-62.677082,NaN
2018-09-25T12:00:00Z,0.0,-64.802086,-62.677082,NaN
2018-09-26T12:00:00Z,0.0,-64.802086,-62.677082,NaN
2018-09-27T12:00:00Z,0.0,-64.802086,-62.677082,NaN
2018-09-28T12:00:00Z,0.0,-64.802086,-62.677082,NaN
2018-09-29T12:00:00Z,0.0,-64.802086,-62.677082,NaN
2018-09-30T12:00:00Z,0.0,-64.802086,-62.677082,NaN
2018-10-01T12:00:00Z,0.0,-64.802086,-62.677082,NaN
2018-10-02T12:00:00Z,0.0,-64.802086,-62.677082,NaN
2018-10-03T12:00:00Z,0.0,-64.802086,-62.677082,NaN
2018-10-04T12:00:00Z,0.0,-64.802086,-62.677082,NaN
2018-10-05T12:00:00Z,0.0,-64.802086,-62.677082,NaN
2018-10-06T12:00:00Z,0.0,-64.802086,-62.677082,NaN
2018-10-07T12:00:00Z,0.0,-64.802086,-62.677082,NaN
2018-10-08T12:00:00Z,0.0,-64.802086,-62.677082,NaN
2018-10-09T12:00:00Z,0.0,-64.802086,-62.677082,NaN
2018-10-10T12:00:00Z,0.0,-64.802086,-62.677082,NaN
2018-10-11T12:00:00Z,0.0,-64.802086,-62.677082,NaN
2018-10-12T12:00:00Z,0.0,-64.802086,-62.677082,NaN
2018-10-13T12:00:00Z,0.0,-64.802086,-62.677082,NaN
2018-10-14T12:00:00Z,0.0,-64.802086,-62.677082,NaN
2018-10-15T12:00:00Z,0.0,-64.802086,-62.677082,NaN
2018-10-16T12:00:00Z,0.0,-64.802086,-62.677082,NaN
2018-10-17T12:00:00Z,0.0,-64.802086,-62.677082,NaN
2018-10-18T12:00:00Z,0.0,-64.802086,-62.677082,NaN
2018-10-19T12:00:00Z,0.0,-64.802086,-62.677082,NaN
2018-10-20T12:00:00Z,0.0,-64.802086,-62.677082,NaN
2018-10-21T12:00:00Z,0.0,-64.802086,-62.677082,0.14588027
2018-10-22T12:00:00Z,0.0,-64.802086,-62.677082,0.109155394
2018-10-23T12:00:00Z,0.0,-64.802086,-62.677082,0.1404058
2018-10-24T12:00:00Z,0.0,-64.802086,-62.677082,0.12709773
2018-10-25T12:00:00Z,0.0,-64.802086,-62.677082,0.14178243
2018-10-26T12:00:00Z,0.0,-64.802086,-62.677082,0.15337275
2018-10-27T12:00:00Z,0.0,-64.802086,-62.677082,0.13609858
2018-10-28T12:00:00Z,0.0,-64.802086,-62.677082,0.12901111
2018-10-29T12:00:00Z,0.0,-64.802086,-62.677082,0.11100012
2018-10-30T12:00:00Z,0.0,-64.802086,-62.677082,0.11359553
2018-10-31T12:00:00Z,0.0,-64.802086,-62.677082,0.12757875
2018-11-01T12:00:00Z,0.0,-64.802086,-62.677082,0.09784617
2018-11-02T12:00:00Z,0.0,-64.802086,-62.677082,0.104787946
2018-11-03T12:00:00Z,0.0,-64.802086,-62.677082,0.10857555
2018-11-04T12:00:00Z,0.0,-64.802086,-62.677082,0.110467575
2018-11-05T12:00:00Z,0.0,-64.802086,-62.677082,0.10590863
2018-11-06T12:00:00Z,0.0,-64.802086,-62.677082,0.10488002
2018-11-07T12:00:00Z,0.0,-64.802086,-62.677082,0.10738052
2018-11-08T12:00:00Z,0.0,-64.802086,-62.677082,0.109353244
2018-11-09T12:00:00Z,0.0,-64.802086,-62.677082,0.08921054
2018-11-10T12:00:00Z,0.0,-64.802086,-62.677082,0.09526044
2018-11-11T12:00:00Z,0.0,-64.802086,-62.677082,0.09252747
2018-11-12T12:00:00Z,0.0,-64.802086,-62.677082,0.10973573
2018-11-13T12:00:00Z,0.0,-64.802086,-62.677082,0.07714735
2018-11-14T12:00:00Z,0.0,-64.802086,-62.677082,0.07356601
2018-11-15T12:00:00Z,0.0,-64.802086,-62.677082,0.0576779
2018-11-16T12:00:00Z,0.0,-64.802086,-62.677082,0.066252194
2018-11-17T12:00:00Z,0.0,-64.802086,-62.677082,0.08375728
2018-11-18T12:00:00Z,0.0,-64.802086,-62.677082,0.08828216
2018-11-19T12:00:00Z,0.0,-64.802086,-62.677082,0.06082566
2018-11-20T12:00:00Z,0.0,-64.802086,-62.677082,0.06160903
2018-11-21T12:00:00Z,0.0,-64.802086,-62.677082,0.07776828
2018-11-22T12:00:00Z,0.0,-64.802086,-62.677082,0.08216102
2018-11-23T12:00:00Z,0.0,-64.802086,-62.677082,0.07536455
2018-11-24T12:00:00Z,0.0,-64.802086,-62.677082,0.06703363
2018-11-25T12:00:00Z,0.0,-64.802086,-62.677082,0.07524557
2018-11-26T12:00:00Z,0.0,-64.802086,-62.677082,0.070979066
2018-11-27T12:00:00Z,0.0,-64.802086,-62.677082,0.06761504
2018-11-28T12:00:00Z,0.0,-64.802086,-62.677082,0.07226637
2018-11-29T12:00:00Z,0.0,-64.802086,-62.677082,0.07478511
2018-11-30T12:00:00Z,0.0,-64.802086,-62.677082,0.06136205
2018-12-01T12:00:00Z,0.0,-64.802086,-62.677082,0.08199896
2018-12-02T12:00:00Z,0.0,-64.802086,-62.677082,0.060302895
2018-12-03T12:00:00Z,0.0,-64.802086,-62.677082,0.09426891
2018-12-04T12:00:00Z,0.0,-64.802086,-62.677082,0.07973431
2018-12-05T12:00:00Z,0.0,-64.802086,-62.677082,0.081547014
2018-12-06T12:00:00Z,0.0,-64.802086,-62.677082,0.08737632
2018-12-07T12:00:00Z,0.0,-64.802086,-62.677082,0.08197344
2018-12-08T12:00:00Z,0.0,-64.802086,-62.677082,0.129807
2018-12-09T12:00:00Z,0.0,-64.802086,-62.677082,0.13039505
2018-12-10T12:00:00Z,0.0,-64.802086,-62.677082,0.10148638
2018-12-11T12:00:00Z,0.0,-64.802086,-62.677082,0.10587852
2018-12-12T12:00:00Z,0.0,-64.802086,-62.677082,0.13030036
2018-12-13T12:00:00Z,0.0,-64.802086,-62.677082,0.133256
2018-12-14T12:00:00Z,0.0,-64.802086,-62.677082,0.12925401
2018-12-15T12:00:00Z,0.0,-64.802086,-62.677082,0.11477829
2018-12-16T12:00:00Z,0.0,-64.802086,-62.677082,0.12681265
2018-12-17T12:00:00Z,0.0,-64.802086,-62.677082,0.19073193
2018-12-18T12:00:00Z,0.0,-64.802086,-62.677082,0.19700621
2018-12-19T12:00:00Z,0.0,-64.802086,-62.677082,0.152149
2018-12-20T12:00:00Z,0.0,-64.802086,-62.677082,0.17214032
2018-12-21T12:00:00Z,0.0,-64.802086,-62.677082,0.19275017
2018-12-22T12:00:00Z,0.0,-64.802086,-62.677082,0.20616412
2018-12-23T12:00:00Z,0.0,-64.802086,-62.677082,0.19123515
2018-12-24T12:00:00Z,0.0,-64.802086,-62.677082,0.18028948
2018-12-25T12:00:00Z,0.0,-64.802086,-62.677082,0.24752049
2018-12-26T12:00:00Z,0.0,-64.802086,-62.677082,0.27409437
2018-12-27T12:00:00Z,0.0,-64.802086,-62.677082,0.30974498
2018-12-28T12:00:00Z,0.0,-64.802086,-62.677082,0.3173986
2018-12-29T12:00:00Z,0.0,-64.802086,-62.677082,0.3553787
2018-12-30T12:00:00Z,0.0,-64.802086,-62.677082,0.3904486
2018-12-31T12:00:00Z,0.0,-64.802086,-62.677082,0.40505016
2019-01-01T12:00:00Z,0.0,-64.802086,-62.677082,0.46228725
2019-01-02T12:00:00Z,0.0,-64.802086,-62.677082,0.4052999
2019-01-03T12:00:00Z,0.0,-64.802086,-62.677082,0.36723557
2019-01-04T12:00:00Z,0.0,-64.802086,-62.677082,0.41144985
2019-01-05T12:00:00Z,0.0,-64.802086,-62.677082,0.4173167
2019-01-06T12:00:00Z,0.0,-64.802086,-62.677082,0.3701269
2019-01-07T12:00:00Z,0.0,-64.802086,-62.677082,0.44345987
2019-01-08T12:00:00Z,0.0,-64.802086,-62.677082,0.4710464
2019-01-09T12:00:00Z,0.0,-64.802086,-62.677082,0.37734807
2019-01-10T12:00:00Z,0.0,-64.802086,-62.677082,0.2922932
2019-01-11T12:00:00Z,0.0,-64.802086,-62.677082,0.29419735
2019-01-12T12:00:00Z,0.0,-64.802086,-62.677082,0.29873663
2019-01-13T12:00:00Z,0.0,-64.802086,-62.677082,0.26274884
2019-01-14T12:00:00Z,0.0,-64.802086,-62.677082,0.26046044
2019-01-15T12:00:00Z,0.0,-64.802086,-62.677082,0.25813845
2019-01-16T12:00:00Z,0.0,-64.802086,-62.677082,0.23038855
2019-01-17T12:00:00Z,0.0,-64.802086,-62.677082,0.2269649
2019-01-18T12:00:00Z,0.0,-64.802086,-62.677082,0.22319949
2019-01-19T12:00:00Z,0.0,-64.802086,-62.677082,0.22236063
2019-01-20T12:00:00Z,0.0,-64.802086,-62.677082,0.21146356
2019-01-21T12:00:00Z,0.0,-64.802086,-62.677082,0.21946113
2019-01-22T12:00:00Z,0.0,-64.802086,-62.677082,0.2315391
2019-01-23T12:00:00Z,0.0,-64.802086,-62.677082,0.22085813
2019-01-24T12:00:00Z,0.0,-64.802086,-62.677082,0.20258804
2019-01-25T12:00:00Z,0.0,-64.802086,-62.677082,0.19621226
2019-01-26T12:00:00Z,0.0,-64.802086,-62.677082,0.2094011
2019-01-27T12:00:00Z,0.0,-64.802086,-62.677082,0.20122407
2019-01-28T12:00:00Z,0.0,-64.802086,-62.677082,0.21551852
2019-01-29T12:00:00Z,0.0,-64.802086,-62.677082,0.21452387
2019-01-30T12:00:00Z,0.0,-64.802086,-62.677082,0.21302937
2019-01-31T12:00:00Z,0.0,-64.802086,-62.677082,0.20740493
2019-02-01T12:00:00Z,0.0,-64.802086,-62.677082,0.22037439
2019-02-02T12:00:00Z,0.0,-64.802086,-62.677082,0.22028957
2019-02-03T12:00:00Z,0.0,-64.802086,-62.677082,0.20581897
2019-02-04T12:00:00Z,0.0,-64.802086,-62.677082,0.20026721
2019-02-05T12:00:00Z,0.0,-64.802086,-62.677082,0.19184183
2019-02-06T12:00:00Z,0.0,-64.802086,-62.677082,0.18932554
2019-02-07T12:00:00Z,0.0,-64.802086,-62.677082,0.18680102
2019-02-08T12:00:00Z,0.0,-64.802086,-62.677082,0.1856811
2019-02-09T12:00:00Z,0.0,-64.802086,-62.677082,0.22471388
2019-02-10T12:00:00Z,0.0,-64.802086,-62.677082,0.24601066
2019-02-11T12:00:00Z,0.0,-64.802086,-62.677082,0.19398473
2019-02-12T12:00:00Z,0.0,-64.802086,-62.677082,0.18483782
2019-02-13T12:00:00Z,0.0,-64.802086,-62.677082,0.18610069
2019-02-14T12:00:00Z,0.0,-64.802086,-62.677082,0.18400797
2019-02-15T12:00:00Z,0.0,-64.802086,-62.677082,0.1831717
2019-02-16T12:00:00Z,0.0,-64.802086,-62.677082,0.18001726
2019-02-17T12:00:00Z,0.0,-64.802086,-62.677082,0.17984499
2019-02-18T12:00:00Z,0.0,-64.802086,-62.677082,0.13670854
2019-02-19T12:00:00Z,0.0,-64.802086,-62.677082,0.13269268
2019-02-20T12:00:00Z,0.0,-64.802086,-62.677082,0.14049214
2019-02-21T12:00:00Z,0.0,-64.802086,-62.677082,0.12747459
2019-02-22T12:00:00Z,0.0,-64.802086,-62.677082,0.14711064
2019-02-23T12:00:00Z,0.0,-64.802086,-62.677082,0.15984417
2019-02-24T12:00:00Z,0.0,-64.802086,-62.677082,0.16440646
2019-02-25T12:00:00Z,0.0,-64.802086,-62.677082,0.16051316
2019-02-26T12:00:00Z,0.0,-64.802086,-62.677082,0.16083264
2019-02-27T12:00:00Z,0.0,-64.802086,-62.677082,0.1589586
2019-02-28T12:00:00Z,0.0,-64.802086,-62.677082,0.15027957
2019-03-01T12:00:00Z,0.0,-64.802086,-62.677082,0.15201537
2019-03-02T12:00:00Z,0.0,-64.802086,-62.677082,0.14465486
2019-03-03T12:00:00Z,0.0,-64.802086,-62.677082,0.14964503
2019-03-04T12:00:00Z,0.0,-64.802086,-62.677082,0.15112557
2019-03-05T12:00:00Z,0.0,-64.802086,-62.677082,0.14633766
2019-03-06T12:00:00Z,0.0,-64.802086,-62.677082,0.14516841
2019-03-07T12:00:00Z,0.0,-64.802086,-62.677082,0.14574666
2019-03-08T12:00:00Z,0.0,-64.802086,-62.677082,0.1430714
2019-03-09T12:00:00Z,0.0,-64.802086,-62.677082,0.14231725
2019-03-10T12:00:00Z,0.0,-64.802086,-62.677082,0.13905016
2019-03-11T12:00:00Z,0.0,-64.802086,-62.677082,0.16015327
2019-03-12T12:00:00Z,0.0,-64.802086,-62.677082,0.1576189
2019-03-13T12:00:00Z,0.0,-64.802086,-62.677082,0.15054509
2019-03-14T12:00:00Z,0.0,-64.802086,-62.677082,NaN
2019-03-15T12:00:00Z,0.0,-64.802086,-62.677082,NaN
2019-03-16T12:00:00Z,0.0,-64.802086,-62.677082,NaN
2019-03-17T12:00:00Z,0.0,-64.802086,-62.677082,NaN
2019-03-18T12:00:00Z,0.0,-64.802086,-62.677082,NaN
2019-03-19T12:00:00Z,0.0,-64.802086,-62.677082,NaN
2019-03-20T12:00:00Z,0.0,-64.802086,-62.677082,NaN
2019-03-21T12:00:00Z,0.0,-64.802086,-62.677082,NaN
2019-03-22T12:00:00Z,0.0,-64.802086,-62.677082,NaN
2019-03-23T12:00:00Z,0.0,-64.802086,-62.677082,NaN
2019-03-24T12:00:00Z,0.0,-64.802086,-62.677082,NaN
2019-03-25T12:00:00Z,0.0,-64.802086,-62.677082,NaN
2019-03-26T12:00:00Z,0.0,-64.802086,-62.677082,NaN
2019-03-27T12:00:00Z,0.0,-64.802086,-62.677082,NaN
2019-03-28T12:00:00Z,0.0,-64.802086,-62.677082,NaN
2019-03-29T12:00:00Z,0.0,-64.802086,-62.677082,NaN
2019-03-30T12:00:00Z,0.0,-64.802086,-62.677082,NaN
2019-03-31T12:00:00Z,0.0,-64.802086,-62.677082,NaN
2019-04-01T12:00:00Z,0.0,-64.802086,-62.677082,NaN
2019-04-02T12:00:00Z,0.0,-64.802086,-62.677082,NaN
2019-04-03T12:00:00Z,0.0,-64.802086,-62.677082,NaN
2019-04-04T12:00:00Z,0.0,-64.802086,-62.677082,NaN
2019-04-05T12:00:00Z,0.0,-64.802086,-62.677082,NaN
2019-04-06T12:00:00Z,0.0,-64.802086,-62.677082,NaN
2019-04-07T12:00:00Z,0.0,-64.802086,-62.677082,NaN
2019-04-08T12:00:00Z,0.0,-64.802086,-62.677082,NaN
2019-04-09T12:00:00Z,0.0,-64.802086,-62.677082,NaN
2019-04-10T12:00:00Z,0.0,-64.802086,-62.677082,NaN
2019-04-11T12:00:00Z,0.0,-64.802086,-62.677082,NaN
2019-04-12T12:00:00Z,0.0,-64.802086,-62.677082,NaN
2019-04-13T12:00:00Z,0.0,-64.802086,-62.677082,NaN
2019-04-14T12:00:00Z,0.0,-64.802086,-62.677082,NaN
2019-04-15T12:00:00Z,0.0,-64.802086,-62.677082,NaN
2019-04-16T12:00:00Z,0.0,-64.802086,-62.677082,NaN
2019-04-17T12:00:00Z,0.0,-64.802086,-62.677082,NaN
2019-04-18T12:00:00Z,0.0,-64.802086,-62.677082,NaN
2019-04-19T12:00:00Z,0.0,-64.802086,-62.677082,NaN
2019-04-20T12:00:00Z,0.0,-64.802086,-62.677082,NaN
2019-04-21T12:00:00Z,0.0,-64.802086,-62.677082,NaN
2019-04-22T12:00:00Z,0.0,-64.802086,-62.677082,NaN
2019-04-23T12:00:00Z,0.0,-64.802086,-62.677082,NaN
2019-04-24T12:00:00Z,0.0,-64.802086,-62.677082,NaN
2019-04-25T12:00:00Z,0.0,-64.802086,-62.677082,NaN
2019-04-26T12:00:00Z,0.0,-64.802086,-62.677082,NaN
2019-04-27T12:00:00Z,0.0,-64.802086,-62.677082,NaN
2019-04-28T12:00:00Z,0.0,-64.802086,-62.677082,NaN
2019-04-29T12:00:00Z,0.0,-64.802086,-62.677082,NaN
2019-04-30T12:00:00Z,0.0,-64.802086,-62.677082,NaN
2019-05-01T12:00:00Z,0.0,-64.802086,-62.677082,NaN
2019-05-02T12:00:00Z,0.0,-64.802086,-62.677082,NaN
2019-05-03T12:00:00Z,0.0,-64.802086,-62.677082,NaN
2019-05-04T12:00:00Z,0.0,-64.802086,-62.677082,NaN
2019-05-05T12:00:00Z,0.0,-64.802086,-62.677082,NaN
2019-05-06T12:00:00Z,0.0,-64.802086,-62.677082,NaN
2019-05-07T12:00:00Z,0.0,-64.802086,-62.677082,NaN
2019-05-08T12:00:00Z,0.0,-64.802086,-62.677082,NaN
2019-05-09T12:00:00Z,0.0,-64.802086,-62.677082,NaN
2019-05-10T12:00:00Z,0.0,-64.802086,-62.677082,NaN
2019-05-11T12:00:00Z,0.0,-64.802086,-62.677082,NaN
2019-05-12T12:00:00Z,0.0,-64.802086,-62.677082,NaN
2019-05-13T12:00:00Z,0.0,-64.802086,-62.677082,NaN
2019-05-14T12:00:00Z,0.0,-64.802086,-62.677082,NaN
2019-05-15T12:00:00Z,0.0,-64.802086,-62.677082,NaN
2019-05-16T12:00:00Z,0.0,-64.802086,-62.677082,NaN
2019-05-17T12:00:00Z,0.0,-64.802086,-62.677082,NaN
2019-05-18T12:00:00Z,0.0,-64.802086,-62.677082,NaN
2019-05-19T12:00:00Z,0.0,-64.802086,-62.677082,NaN
2019-05-20T12:00:00Z,0.0,-64.802086,-62.677082,NaN
2019-05-21T12:00:00Z,0.0,-64.802086,-62.677082,NaN
2019-05-22T12:00:00Z,0.0,-64.802086,-62.677082,NaN
2019-05-23T12:00:00Z,0.0,-64.802086,-62.677082,NaN
2019-05-24T12:00:00Z,0.0,-64.802086,-62.677082,NaN
2019-05-25T12:00:00Z,0.0,-64.802086,-62.677082,NaN
2019-05-26T12:00:00Z,0.0,-64.802086,-62.677082,NaN
2019-05-27T12:00:00Z,0.0,-64.802086,-62.677082,NaN
2019-05-28T12:00:00Z,0.0,-64.802086,-62.677082,NaN
2019-05-29T12:00:00Z,0.0,-64.802086,-62.677082,NaN
2019-05-30T12:00:00Z,0.0,-64.802086,-62.677082,NaN
2019-05-31T12:00:00Z,0.0,-64.802086,-62.677082,NaN
2019-06-01T12:00:00Z,0.0,-64.802086,-62.677082,NaN
2019-06-02T12:00:00Z,0.0,-64.802086,-62.677082,NaN
2019-06-03T12:00:00Z,0.0,-64.802086,-62.677082,NaN
2019-06-04T12:00:00Z,0.0,-64.802086,-62.677082,NaN
2019-06-05T12:00:00Z,0.0,-64.802086,-62.677082,NaN
2019-06-06T12:00:00Z,0.0,-64.802086,-62.677082,NaN
2019-06-07T12:00:00Z,0.0,-64.802086,-62.677082,NaN
2019-06-08T12:00:00Z,0.0,-64.802086,-62.677082,NaN
2019-06-09T12:00:00Z,0.0,-64.802086,-62.677082,NaN
2019-06-10T12:00:00Z,0.0,-64.802086,-62.677082,NaN
2019-06-11T12:00:00Z,0.0,-64.802086,-62.677082,NaN
2019-06-12T12:00:00Z,0.0,-64.802086,-62.677082,NaN
2019-06-13T12:00:00Z,0.0,-64.802086,-62.677082,NaN
2019-06-14T12:00:00Z,0.0,-64.802086,-62.677082,NaN
2019-06-15T12:00:00Z,0.0,-64.802086,-62.677082,NaN
2019-06-16T12:00:00Z,0.0,-64.802086,-62.677082,NaN
2019-06-17T12:00:00Z,0.0,-64.802086,-62.677082,NaN
2019-06-18T12:00:00Z,0.0,-64.802086,-62.677082,NaN
2019-06-19T12:00:00Z,0.0,-64.802086,-62.677082,NaN
2019-06-20T12:00:00Z,0.0,-64.802086,-62.677082,NaN
2019-06-21T12:00:00Z,0.0,-64.802086,-62.677082,NaN
2019-06-22T12:00:00Z,0.0,-64.802086,-62.677082,NaN
2019-06-23T12:00:00Z,0.0,-64.802086,-62.677082,NaN
2019-06-24T12:00:00Z,0.0,-64.802086,-62.677082,NaN
2019-06-25T12:00:00Z,0.0,-64.802086,-62.677082,NaN
2019-06-26T12:00:00Z,0.0,-64.802086,-62.677082,NaN
2019-06-27T12:00:00Z,0.0,-64.802086,-62.677082,NaN
2019-06-28T12:00:00Z,0.0,-64.802086,-62.677082,NaN
2019-06-29T12:00:00Z,0.0,-64.802086,-62.677082,NaN
2019-06-30T12:00:00Z,0.0,-64.802086,-62.677082,NaN
2019-07-01T12:00:00Z,0.0,-64.802086,-62.677082,NaN
2019-07-02T12:00:00Z,0.0,-64.802086,-62.677082,NaN
2019-07-03T12:00:00Z,0.0,-64.802086,-62.677082,NaN
2019-07-04T12:00:00Z,0.0,-64.802086,-62.677082,NaN
2019-07-05T12:00:00Z,0.0,-64.802086,-62.677082,NaN
2019-07-06T12:00:00Z,0.0,-64.802086,-62.677082,NaN
2019-07-07T12:00:00Z,0.0,-64.802086,-62.677082,NaN
2019-07-08T12:00:00Z,0.0,-64.802086,-62.677082,NaN
2019-07-09T12:00:00Z,0.0,-64.802086,-62.677082,NaN
2019-07-10T12:00:00Z,0.0,-64.802086,-62.677082,NaN
2019-07-11T12:00:00Z,0.0,-64.802086,-62.677082,NaN
2019-07-12T12:00:00Z,0.0,-64.802086,-62.677082,NaN
2019-07-13T12:00:00Z,0.0,-64.802086,-62.677082,NaN
2019-07-14T12:00:00Z,0.0,-64.802086,-62.677082,NaN
2019-07-15T12:00:00Z,0.0,-64.802086,-62.677082,NaN
2019-07-16T12:00:00Z,0.0,-64.802086,-62.677082,NaN
2019-07-17T12:00:00Z,0.0,-64.802086,-62.677082,NaN
2019-07-18T12:00:00Z,0.0,-64.802086,-62.677082,NaN
2019-07-19T12:00:00Z,0.0,-64.802086,-62.677082,NaN
2019-07-20T12:00:00Z,0.0,-64.802086,-62.677082,NaN
2019-07-21T12:00:00Z,0.0,-64.802086,-62.677082,NaN
2019-07-22T12:00:00Z,0.0,-64.802086,-62.677082,NaN
2019-07-23T12:00:00Z,0.0,-64.802086,-62.677082,NaN
2019-07-24T12:00:00Z,0.0,-64.802086,-62.677082,NaN
2019-07-25T12:00:00Z,0.0,-64.802086,-62.677082,NaN
2019-07-26T12:00:00Z,0.0,-64.802086,-62.677082,NaN
2019-07-27T12:00:00Z,0.0,-64.802086,-62.677082,NaN
2019-07-28T12:00:00Z,0.0,-64.802086,-62.677082,NaN
2019-07-29T12:00:00Z,0.0,-64.802086,-62.677082,NaN
2019-07-30T12:00:00Z,0.0,-64.802086,-62.677082,NaN
2019-07-31T12:00:00Z,0.0,-64.802086,-62.677082,NaN
2019-08-01T12:00:00Z,0.0,-64.802086,-62.677082,NaN
2019-08-02T12:00:00Z,0.0,-64.802086,-62.677082,NaN
2019-08-03T12:00:00Z,0.0,-64.802086,-62.677082,NaN
2019-08-04T12:00:00Z,0.0,-64.802086,-62.677082,NaN
2019-08-05T12:00:00Z,0.0,-64.802086,-62.677082,NaN
2019-08-06T12:00:00Z,0.0,-64.802086,-62.677082,NaN
2019-08-07T12:00:00Z,0.0,-64.802086,-62.677082,NaN
2019-08-08T12:00:00Z,0.0,-64.802086,-62.677082,NaN
2019-08-09T12:00:00Z,0.0,-64.802086,-62.677082,NaN
2019-08-10T12:00:00Z,0.0,-64.802086,-62.677082,NaN
2019-08-11T12:00:00Z,0.0,-64.802086,-62.677082,NaN
2019-08-12T12:00:00Z,0.0,-64.802086,-62.677082,NaN
2019-08-13T12:00:00Z,0.0,-64.802086,-62.677082,NaN
2019-08-14T12:00:00Z,0.0,-64.802086,-62.677082,NaN
2019-08-15T12:00:00Z,0.0,-64.802086,-62.677082,NaN
2019-08-16T12:00:00Z,0.0,-64.802086,-62.677082,NaN
2019-08-17T12:00:00Z,0.0,-64.802086,-62.677082,NaN
2019-08-18T12:00:00Z,0.0,-64.802086,-62.677082,NaN
2019-08-19T12:00:00Z,0.0,-64.802086,-62.677082,NaN
2019-08-20T12:00:00Z,0.0,-64.802086,-62.677082,NaN
2019-08-21T12:00:00Z,0.0,-64.802086,-62.677082,NaN
2019-08-22T12:00:00Z,0.0,-64.802086,-62.677082,NaN
2019-08-23T12:00:00Z,0.0,-64.802086,-62.677082,NaN
2019-08-24T12:00:00Z,0.0,-64.802086,-62.677082,NaN
2019-08-25T12:00:00Z,0.0,-64.802086,-62.677082,NaN
2019-08-26T12:00:00Z,0.0,-64.802086,-62.677082,NaN
2019-08-27T12:00:00Z,0.0,-64.802086,-62.677082,NaN
2019-08-28T12:00:00Z,0.0,-64.802086,-62.677082,NaN
2019-08-29T12:00:00Z,0.0,-64.802086,-62.677082,NaN
2019-08-30T12:00:00Z,0.0,-64.802086,-62.677082,NaN
2019-08-31T12:00:00Z,0.0,-64.802086,-62.677082,NaN
2019-09-01T12:00:00Z,0.0,-64.802086,-62.677082,NaN
2019-09-02T12:00:00Z,0.0,-64.802086,-62.677082,NaN
2019-09-03T12:00:00Z,0.0,-64.802086,-62.677082,NaN
2019-09-04T12:00:00Z,0.0,-64.802086,-62.677082,NaN
2019-09-05T12:00:00Z,0.0,-64.802086,-62.677082,NaN
2019-09-06T12:00:00Z,0.0,-64.802086,-62.677082,NaN
2019-09-07T12:00:00Z,0.0,-64.802086,-62.677082,NaN
2019-09-08T12:00:00Z,0.0,-64.802086,-62.677082,NaN
2019-09-09T12:00:00Z,0.0,-64.802086,-62.677082,NaN
2019-09-10T12:00:00Z,0.0,-64.802086,-62.677082,NaN
2019-09-11T12:00:00Z,0.0,-64.802086,-62.677082,NaN
2019-09-12T12:00:00Z,0.0,-64.802086,-62.677082,NaN
2019-09-13T12:00:00Z,0.0,-64.802086,-62.677082,NaN
2019-09-14T12:00:00Z,0.0,-64.802086,-62.677082,NaN
2019-09-15T12:00:00Z,0.0,-64.802086,-62.677082,NaN
2019-09-16T12:00:00Z,0.0,-64.802086,-62.677082,NaN
2019-09-17T12:00:00Z,0.0,-64.802086,-62.677082,NaN
2019-09-18T12:00:00Z,0.0,-64.802086,-62.677082,NaN
2019-09-19T12:00:00Z,0.0,-64.802086,-62.677082,NaN
2019-09-20T12:00:00Z,0.0,-64.802086,-62.677082,NaN
2019-09-21T12:00:00Z,0.0,-64.802086,-62.677082,NaN
2019-09-22T12:00:00Z,0.0,-64.802086,-62.677082,NaN
2019-09-23T12:00:00Z,0.0,-64.802086,-62.677082,NaN
2019-09-24T12:00:00Z,0.0,-64.802086,-62.677082,NaN
2019-09-25T12:00:00Z,0.0,-64.802086,-62.677082,NaN
2019-09-26T12:00:00Z,0.0,-64.802086,-62.677082,NaN
2019-09-27T12:00:00Z,0.0,-64.802086,-62.677082,NaN
2019-09-28T12:00:00Z,0.0,-64.802086,-62.677082,NaN
2019-09-29T12:00:00Z,0.0,-64.802086,-62.677082,NaN
2019-09-30T12:00:00Z,0.0,-64.802086,-62.677082,NaN
2019-10-01T12:00:00Z,0.0,-64.802086,-62.677082,NaN
2019-10-02T12:00:00Z,0.0,-64.802086,-62.677082,NaN
2019-10-03T12:00:00Z,0.0,-64.802086,-62.677082,NaN
2019-10-04T12:00:00Z,0.0,-64.802086,-62.677082,NaN
2019-10-05T12:00:00Z,0.0,-64.802086,-62.677082,NaN
2019-10-06T12:00:00Z,0.0,-64.802086,-62.677082,NaN
2019-10-07T12:00:00Z,0.0,-64.802086,-62.677082,NaN
2019-10-08T12:00:00Z,0.0,-64.802086,-62.677082,NaN
2019-10-09T12:00:00Z,0.0,-64.802086,-62.677082,NaN
2019-10-10T12:00:00Z,0.0,-64.802086,-62.677082,NaN
2019-10-11T12:00:00Z,0.0,-64.802086,-62.677082,NaN
2019-10-12T12:00:00Z,0.0,-64.802086,-62.677082,NaN
2019-10-13T12:00:00Z,0.0,-64.802086,-62.677082,NaN
2019-10-14T12:00:00Z,0.0,-64.802086,-62.677082,NaN
2019-10-15T12:00:00Z,0.0,-64.802086,-62.677082,NaN
2019-10-16T12:00:00Z,0.0,-64.802086,-62.677082,NaN
2019-10-17T12:00:00Z,0.0,-64.802086,-62.677082,NaN
2019-10-18T12:00:00Z,0.0,-64.802086,-62.677082,NaN
2019-10-19T12:00:00Z,0.0,-64.802086,-62.677082,NaN
2019-10-20T12:00:00Z,0.0,-64.802086,-62.677082,NaN
2019-10-21T12:00:00Z,0.0,-64.802086,-62.677082,0.13385023
2019-10-22T12:00:00Z,0.0,-64.802086,-62.677082,0.14326088
2019-10-23T12:00:00Z,0.0,-64.802086,-62.677082,0.14391136
2019-10-24T12:00:00Z,0.0,-64.802086,-62.677082,0.14393239
2019-10-25T12:00:00Z,0.0,-64.802086,-62.677082,0.14374268
2019-10-26T12:00:00Z,0.0,-64.802086,-62.677082,0.14366084
2019-10-27T12:00:00Z,0.0,-64.802086,-62.677082,0.1436405
2019-10-28T12:00:00Z,0.0,-64.802086,-62.677082,0.14443775
2019-10-29T12:00:00Z,0.0,-64.802086,-62.677082,0.1374125
2019-10-30T12:00:00Z,0.0,-64.802086,-62.677082,0.13752301
2019-10-31T12:00:00Z,0.0,-64.802086,-62.677082,0.13998543
2019-11-01T12:00:00Z,0.0,-64.802086,-62.677082,0.1401547
2019-11-02T12:00:00Z,0.0,-64.802086,-62.677082,0.14490035
2019-11-03T12:00:00Z,0.0,-64.802086,-62.677082,0.1458169
2019-11-04T12:00:00Z,0.0,-64.802086,-62.677082,0.13944997
2019-11-05T12:00:00Z,0.0,-64.802086,-62.677082,0.14475575
2019-11-06T12:00:00Z,0.0,-64.802086,-62.677082,0.15074188
2019-11-07T12:00:00Z,0.0,-64.802086,-62.677082,0.14740412
2019-11-08T12:00:00Z,0.0,-64.802086,-62.677082,0.14070414
2019-11-09T12:00:00Z,0.0,-64.802086,-62.677082,0.13673249
2019-11-10T12:00:00Z,0.0,-64.802086,-62.677082,0.120245874
2019-11-11T12:00:00Z,0.0,-64.802086,-62.677082,0.13751322
2019-11-12T12:00:00Z,0.0,-64.802086,-62.677082,0.12586564
2019-11-13T12:00:00Z,0.0,-64.802086,-62.677082,0.09411005
2019-11-14T12:00:00Z,0.0,-64.802086,-62.677082,0.10439352
2019-11-15T12:00:00Z,0.0,-64.802086,-62.677082,0.081164405
2019-11-16T12:00:00Z,0.0,-64.802086,-62.677082,0.08498019
2019-11-17T12:00:00Z,0.0,-64.802086,-62.677082,0.12752849
2019-11-18T12:00:00Z,0.0,-64.802086,-62.677082,0.14053012
2019-11-19T12:00:00Z,0.0,-64.802086,-62.677082,0.13850221
2019-11-20T12:00:00Z,0.0,-64.802086,-62.677082,0.12889059
2019-11-21T12:00:00Z,0.0,-64.802086,-62.677082,0.1315612
2019-11-22T12:00:00Z,0.0,-64.802086,-62.677082,0.13180147
2019-11-23T12:00:00Z,0.0,-64.802086,-62.677082,0.13450961
2019-11-24T12:00:00Z,0.0,-64.802086,-62.677082,0.13922976
2019-11-25T12:00:00Z,0.0,-64.802086,-62.677082,0.14659429
2019-11-26T12:00:00Z,0.0,-64.802086,-62.677082,0.15162484
2019-11-27T12:00:00Z,0.0,-64.802086,-62.677082,0.15630502
2019-11-28T12:00:00Z,0.0,-64.802086,-62.677082,0.15022154
2019-11-29T12:00:00Z,0.0,-64.802086,-62.677082,0.16819075
2019-11-30T12:00:00Z,0.0,-64.802086,-62.677082,0.20915274
2019-12-01T12:00:00Z,0.0,-64.802086,-62.677082,0.21631029
2019-12-02T12:00:00Z,0.0,-64.802086,-62.677082,0.2573875
2019-12-03T12:00:00Z,0.0,-64.802086,-62.677082,0.28500745
2019-12-04T12:00:00Z,0.0,-64.802086,-62.677082,0.26151106
2019-12-05T12:00:00Z,0.0,-64.802086,-62.677082,0.33139846
2019-12-06T12:00:00Z,0.0,-64.802086,-62.677082,0.34584123
2019-12-07T12:00:00Z,0.0,-64.802086,-62.677082,0.41444233
2019-12-08T12:00:00Z,0.0,-64.802086,-62.677082,0.26262787
2019-12-09T12:00:00Z,0.0,-64.802086,-62.677082,0.35153407
2019-12-10T12:00:00Z,0.0,-64.802086,-62.677082,0.3564048
2019-12-11T12:00:00Z,0.0,-64.802086,-62.677082,0.33594257
2019-12-12T12:00:00Z,0.0,-64.802086,-62.677082,0.33601162
2019-12-13T12:00:00Z,0.0,-64.802086,-62.677082,0.33867016
2019-12-14T12:00:00Z,0.0,-64.802086,-62.677082,0.34486917
2019-12-15T12:00:00Z,0.0,-64.802086,-62.677082,0.3641824
2019-12-16T12:00:00Z,0.0,-64.802086,-62.677082,0.38176745
2019-12-17T12:00:00Z,0.0,-64.802086,-62.677082,0.4082946
2019-12-18T12:00:00Z,0.0,-64.802086,-62.677082,0.44866884
2019-12-19T12:00:00Z,0.0,-64.802086,-62.677082,0.4528242
2019-12-20T12:00:00Z,0.0,-64.802086,-62.677082,0.40277877
2019-12-21T12:00:00Z,0.0,-64.802086,-62.677082,0.4003894
2019-12-22T12:00:00Z,0.0,-64.802086,-62.677082,0.40354943
2019-12-23T12:00:00Z,0.0,-64.802086,-62.677082,0.41369736
2019-12-24T12:00:00Z,0.0,-64.802086,-62.677082,0.43288413
2019-12-25T12:00:00Z,0.0,-64.802086,-62.677082,0.44403264
2019-12-26T12:00:00Z,0.0,-64.802086,-62.677082,0.46942326
2019-12-27T12:00:00Z,0.0,-64.802086,-62.677082,0.47292447
2019-12-28T12:00:00Z,0.0,-64.802086,-62.677082,0.3508462
2019-12-29T12:00:00Z,0.0,-64.802086,-62.677082,0.3488414
2019-12-30T12:00:00Z,0.0,-64.802086,-62.677082,0.34679386
2019-12-31T12:00:00Z,0.0,-64.802086,-62.677082,0.3448562
2020-01-01T12:00:00Z,0.0,-64.802086,-62.677082,0.3200869
2020-01-02T12:00:00Z,0.0,-64.802086,-62.677082,0.3042565
2020-01-03T12:00:00Z,0.0,-64.802086,-62.677082,0.30121416
2020-01-04T12:00:00Z,0.0,-64.802086,-62.677082,0.31080714
2020-01-05T12:00:00Z,0.0,-64.802086,-62.677082,0.29745656
2020-01-06T12:00:00Z,0.0,-64.802086,-62.677082,0.3468374
2020-01-07T12:00:00Z,0.0,-64.802086,-62.677082,0.34467667
2020-01-08T12:00:00Z,0.0,-64.802086,-62.677082,0.34741703
2020-01-09T12:00:00Z,0.0,-64.802086,-62.677082,0.33984235
2020-01-10T12:00:00Z,0.0,-64.802086,-62.677082,0.32767752
2020-01-11T12:00:00Z,0.0,-64.802086,-62.677082,0.30151597
2020-01-12T12:00:00Z,0.0,-64.802086,-62.677082,0.30633107
2020-01-13T12:00:00Z,0.0,-64.802086,-62.677082,0.29913238
2020-01-14T12:00:00Z,0.0,-64.802086,-62.677082,0.288611
2020-01-15T12:00:00Z,0.0,-64.802086,-62.677082,0.2975825
2020-01-16T12:00:00Z,0.0,-64.802086,-62.677082,0.30508602
2020-01-17T12:00:00Z,0.0,-64.802086,-62.677082,0.299241
2020-01-18T12:00:00Z,0.0,-64.802086,-62.677082,0.35758695
2020-01-19T12:00:00Z,0.0,-64.802086,-62.677082,0.29733676
2020-01-20T12:00:00Z,0.0,-64.802086,-62.677082,0.29322442
2020-01-21T12:00:00Z,0.0,-64.802086,-62.677082,0.29498506
2020-01-22T12:00:00Z,0.0,-64.802086,-62.677082,0.29604864
2020-01-23T12:00:00Z,0.0,-64.802086,-62.677082,0.28945127
2020-01-24T12:00:00Z,0.0,-64.802086,-62.677082,0.28182247
2020-01-25T12:00:00Z,0.0,-64.802086,-62.677082,0.2802348
2020-01-26T12:00:00Z,0.0,-64.802086,-62.677082,0.2801853
2020-01-27T12:00:00Z,0.0,-64.802086,-62.677082,0.25225398
2020-01-28T12:00:00Z,0.0,-64.802086,-62.677082,0.2475749
2020-01-29T12:00:00Z,0.0,-64.802086,-62.677082,0.23932166
2020-01-30T12:00:00Z,0.0,-64.802086,-62.677082,0.18206131
2020-01-31T12:00:00Z,0.0,-64.802086,-62.677082,0.1586
2020-02-01T12:00:00Z,0.0,-64.802086,-62.677082,0.15285365
2020-02-02T12:00:00Z,0.0,-64.802086,-62.677082,0.1396622
2020-02-03T12:00:00Z,0.0,-64.802086,-62.677082,0.1862888
2020-02-04T12:00:00Z,0.0,-64.802086,-62.677082,0.21150841
2020-02-05T12:00:00Z,0.0,-64.802086,-62.677082,0.20899965
2020-02-06T12:00:00Z,0.0,-64.802086,-62.677082,0.20694259
2020-02-07T12:00:00Z,0.0,-64.802086,-62.677082,0.25228426
2020-02-08T12:00:00Z,0.0,-64.802086,-62.677082,0.22380127
2020-02-09T12:00:00Z,0.0,-64.802086,-62.677082,0.24650227
2020-02-10T12:00:00Z,0.0,-64.802086,-62.677082,0.24991049
2020-02-11T12:00:00Z,0.0,-64.802086,-62.677082,0.25146168
2020-02-12T12:00:00Z,0.0,-64.802086,-62.677082,0.25205562
2020-02-13T12:00:00Z,0.0,-64.802086,-62.677082,0.25052541
2020-02-14T12:00:00Z,0.0,-64.802086,-62.677082,0.25949654
2020-02-15T12:00:00Z,0.0,-64.802086,-62.677082,0.2611864
2020-02-16T12:00:00Z,0.0,-64.802086,-62.677082,0.260388
2020-02-17T12:00:00Z,0.0,-64.802086,-62.677082,0.2730671
2020-02-18T12:00:00Z,0.0,-64.802086,-62.677082,0.26703444
2020-02-19T12:00:00Z,0.0,-64.802086,-62.677082,0.32581392
2020-02-20T12:00:00Z,0.0,-64.802086,-62.677082,0.33028057
2020-02-21T12:00:00Z,0.0,-64.802086,-62.677082,0.34562537
2020-02-22T12:00:00Z,0.0,-64.802086,-62.677082,0.30206826
2020-02-23T12:00:00Z,0.0,-64.802086,-62.677082,0.3097016
2020-02-24T12:00:00Z,0.0,-64.802086,-62.677082,0.30369332
2020-02-25T12:00:00Z,0.0,-64.802086,-62.677082,0.29691035
2020-02-26T12:00:00Z,0.0,-64.802086,-62.677082,0.2908282
2020-02-27T12:00:00Z,0.0,-64.802086,-62.677082,0.28227714
2020-02-28T12:00:00Z,0.0,-64.802086,-62.677082,0.28724098
2020-02-29T12:00:00Z,0.0,-64.802086,-62.677082,0.27110252
2020-03-01T12:00:00Z,0.0,-64.802086,-62.677082,0.26178935
2020-03-02T12:00:00Z,0.0,-64.802086,-62.677082,0.24950096
2020-03-03T12:00:00Z,0.0,-64.802086,-62.677082,0.22260293
2020-03-04T12:00:00Z,0.0,-64.802086,-62.677082,0.21582112
2020-03-05T12:00:00Z,0.0,-64.802086,-62.677082,0.21965122
2020-03-06T12:00:00Z,0.0,-64.802086,-62.677082,0.21728349
2020-03-07T12:00:00Z,0.0,-64.802086,-62.677082,0.20955756
2020-03-08T12:00:00Z,0.0,-64.802086,-62.677082,0.20136885
2020-03-09T12:00:00Z,0.0,-64.802086,-62.677082,0.18024622
2020-03-10T12:00:00Z,0.0,-64.802086,-62.677082,0.18027547
2020-03-11T12:00:00Z,0.0,-64.802086,-62.677082,0.18792804
2020-03-12T12:00:00Z,0.0,-64.802086,-62.677082,0.175198
2020-03-13T12:00:00Z,0.0,-64.802086,-62.677082,NaN
2020-03-14T12:00:00Z,0.0,-64.802086,-62.677082,NaN
2020-03-15T12:00:00Z,0.0,-64.802086,-62.677082,NaN
2020-03-16T12:00:00Z,0.0,-64.802086,-62.677082,NaN
2020-03-17T12:00:00Z,0.0,-64.802086,-62.677082,NaN
2020-03-18T12:00:00Z,0.0,-64.802086,-62.677082,NaN
2020-03-19T12:00:00Z,0.0,-64.802086,-62.677082,NaN
2020-03-20T12:00:00Z,0.0,-64.802086,-62.677082,NaN
2020-03-21T12:00:00Z,0.0,-64.802086,-62.677082,NaN
2020-03-22T12:00:00Z,0.0,-64.802086,-62.677082,NaN
2020-03-23T12:00:00Z,0.0,-64.802086,-62.677082,NaN
2020-03-24T12:00:00Z,0.0,-64.802086,-62.677082,NaN
2020-03-25T12:00:00Z,0.0,-64.802086,-62.677082,NaN
2020-03-26T12:00:00Z,0.0,-64.802086,-62.677082,NaN
2020-03-27T12:00:00Z,0.0,-64.802086,-62.677082,NaN
2020-03-28T12:00:00Z,0.0,-64.802086,-62.677082,NaN
2020-03-29T12:00:00Z,0.0,-64.802086,-62.677082,NaN
2020-03-30T12:00:00Z,0.0,-64.802086,-62.677082,NaN
2020-03-31T12:00:00Z,0.0,-64.802086,-62.677082,NaN
2020-04-01T12:00:00Z,0.0,-64.802086,-62.677082,NaN
2020-04-02T12:00:00Z,0.0,-64.802086,-62.677082,NaN
2020-04-03T12:00:00Z,0.0,-64.802086,-62.677082,NaN
2020-04-04T12:00:00Z,0.0,-64.802086,-62.677082,NaN
2020-04-05T12:00:00Z,0.0,-64.802086,-62.677082,NaN
2020-04-06T12:00:00Z,0.0,-64.802086,-62.677082,NaN
2020-04-07T12:00:00Z,0.0,-64.802086,-62.677082,NaN
2020-04-08T12:00:00Z,0.0,-64.802086,-62.677082,NaN
2020-04-09T12:00:00Z,0.0,-64.802086,-62.677082,NaN
2020-04-10T12:00:00Z,0.0,-64.802086,-62.677082,NaN
2020-04-11T12:00:00Z,0.0,-64.802086,-62.677082,NaN
2020-04-12T12:00:00Z,0.0,-64.802086,-62.677082,NaN
2020-04-13T12:00:00Z,0.0,-64.802086,-62.677082,NaN
2020-04-14T12:00:00Z,0.0,-64.802086,-62.677082,NaN
2020-04-15T12:00:00Z,0.0,-64.802086,-62.677082,NaN
2020-04-16T12:00:00Z,0.0,-64.802086,-62.677082,NaN
2020-04-17T12:00:00Z,0.0,-64.802086,-62.677082,NaN
2020-04-18T12:00:00Z,0.0,-64.802086,-62.677082,NaN
2020-04-19T12:00:00Z,0.0,-64.802086,-62.677082,NaN
2020-04-20T12:00:00Z,0.0,-64.802086,-62.677082,NaN
2020-04-21T12:00:00Z,0.0,-64.802086,-62.677082,NaN
2020-04-22T12:00:00Z,0.0,-64.802086,-62.677082,NaN
2020-04-23T12:00:00Z,0.0,-64.802086,-62.677082,NaN
2020-04-24T12:00:00Z,0.0,-64.802086,-62.677082,NaN
2020-04-25T12:00:00Z,0.0,-64.802086,-62.677082,NaN
2020-04-26T12:00:00Z,0.0,-64.802086,-62.677082,NaN
2020-04-27T12:00:00Z,0.0,-64.802086,-62.677082,NaN
2020-04-28T12:00:00Z,0.0,-64.802086,-62.677082,NaN
2020-04-29T12:00:00Z,0.0,-64.802086,-62.677082,NaN
2020-04-30T12:00:00Z,0.0,-64.802086,-62.677082,NaN
2020-05-01T12:00:00Z,0.0,-64.802086,-62.677082,NaN
2020-05-02T12:00:00Z,0.0,-64.802086,-62.677082,NaN
2020-05-03T12:00:00Z,0.0,-64.802086,-62.677082,NaN
2020-05-04T12:00:00Z,0.0,-64.802086,-62.677082,NaN
2020-05-05T12:00:00Z,0.0,-64.802086,-62.677082,NaN
2020-05-06T12:00:00Z,0.0,-64.802086,-62.677082,NaN
2020-05-07T12:00:00Z,0.0,-64.802086,-62.677082,NaN
2020-05-08T12:00:00Z,0.0,-64.802086,-62.677082,NaN
2020-05-09T12:00:00Z,0.0,-64.802086,-62.677082,NaN
2020-05-10T12:00:00Z,0.0,-64.802086,-62.677082,NaN
2020-05-11T12:00:00Z,0.0,-64.802086,-62.677082,NaN
2020-05-12T12:00:00Z,0.0,-64.802086,-62.677082,NaN
2020-05-13T12:00:00Z,0.0,-64.802086,-62.677082,NaN
2020-05-14T12:00:00Z,0.0,-64.802086,-62.677082,NaN
2020-05-15T12:00:00Z,0.0,-64.802086,-62.677082,NaN
2020-05-16T12:00:00Z,0.0,-64.802086,-62.677082,NaN
2020-05-17T12:00:00Z,0.0,-64.802086,-62.677082,NaN
2020-05-18T12:00:00Z,0.0,-64.802086,-62.677082,NaN
2020-05-19T12:00:00Z,0.0,-64.802086,-62.677082,NaN
2020-05-20T12:00:00Z,0.0,-64.802086,-62.677082,NaN
2020-05-21T12:00:00Z,0.0,-64.802086,-62.677082,NaN
2020-05-22T12:00:00Z,0.0,-64.802086,-62.677082,NaN
2020-05-23T12:00:00Z,0.0,-64.802086,-62.677082,NaN
2020-05-24T12:00:00Z,0.0,-64.802086,-62.677082,NaN
2020-05-25T12:00:00Z,0.0,-64.802086,-62.677082,NaN
2020-05-26T12:00:00Z,0.0,-64.802086,-62.677082,NaN
2020-05-27T12:00:00Z,0.0,-64.802086,-62.677082,NaN
2020-05-28T12:00:00Z,0.0,-64.802086,-62.677082,NaN
2020-05-29T12:00:00Z,0.0,-64.802086,-62.677082,NaN
2020-05-30T12:00:00Z,0.0,-64.802086,-62.677082,NaN
2020-05-31T12:00:00Z,0.0,-64.802086,-62.677082,NaN
2020-06-01T12:00:00Z,0.0,-64.802086,-62.677082,NaN
2020-06-02T12:00:00Z,0.0,-64.802086,-62.677082,NaN
2020-06-03T12:00:00Z,0.0,-64.802086,-62.677082,NaN
2020-06-04T12:00:00Z,0.0,-64.802086,-62.677082,NaN
2020-06-05T12:00:00Z,0.0,-64.802086,-62.677082,NaN
2020-06-06T12:00:00Z,0.0,-64.802086,-62.677082,NaN
2020-06-07T12:00:00Z,0.0,-64.802086,-62.677082,NaN
2020-06-08T12:00:00Z,0.0,-64.802086,-62.677082,NaN
2020-06-09T12:00:00Z,0.0,-64.802086,-62.677082,NaN
2020-06-10T12:00:00Z,0.0,-64.802086,-62.677082,NaN
2020-06-11T12:00:00Z,0.0,-64.802086,-62.677082,NaN
2020-06-12T12:00:00Z,0.0,-64.802086,-62.677082,NaN
2020-06-13T12:00:00Z,0.0,-64.802086,-62.677082,NaN
2020-06-14T12:00:00Z,0.0,-64.802086,-62.677082,NaN
2020-06-15T12:00:00Z,0.0,-64.802086,-62.677082,NaN
2020-06-16T12:00:00Z,0.0,-64.802086,-62.677082,NaN
2020-06-17T12:00:00Z,0.0,-64.802086,-62.677082,NaN
2020-06-18T12:00:00Z,0.0,-64.802086,-62.677082,NaN
2020-06-19T12:00:00Z,0.0,-64.802086,-62.677082,NaN
2020-06-20T12:00:00Z,0.0,-64.802086,-62.677082,NaN
2020-06-21T12:00:00Z,0.0,-64.802086,-62.677082,NaN
2020-06-22T12:00:00Z,0.0,-64.802086,-62.677082,NaN
2020-06-23T12:00:00Z,0.0,-64.802086,-62.677082,NaN
2020-06-24T12:00:00Z,0.0,-64.802086,-62.677082,NaN
2020-06-25T12:00:00Z,0.0,-64.802086,-62.677082,NaN
2020-06-26T12:00:00Z,0.0,-64.802086,-62.677082,NaN
2020-06-27T12:00:00Z,0.0,-64.802086,-62.677082,NaN
2020-06-28T12:00:00Z,0.0,-64.802086,-62.677082,NaN
2020-06-29T12:00:00Z,0.0,-64.802086,-62.677082,NaN
2020-06-30T12:00:00Z,0.0,-64.802086,-62.677082,NaN
2020-07-01T12:00:00Z,0.0,-64.802086,-62.677082,NaN
2020-07-02T12:00:00Z,0.0,-64.802086,-62.677082,NaN
2020-07-03T12:00:00Z,0.0,-64.802086,-62.677082,NaN
2020-07-04T12:00:00Z,0.0,-64.802086,-62.677082,NaN
2020-07-05T12:00:00Z,0.0,-64.802086,-62.677082,NaN
2020-07-06T12:00:00Z,0.0,-64.802086,-62.677082,NaN
2020-07-07T12:00:00Z,0.0,-64.802086,-62.677082,NaN
2020-07-08T12:00:00Z,0.0,-64.802086,-62.677082,NaN
2020-07-09T12:00:00Z,0.0,-64.802086,-62.677082,NaN
2020-07-10T12:00:00Z,0.0,-64.802086,-62.677082,NaN
2020-07-11T12:00:00Z,0.0,-64.802086,-62.677082,NaN
2020-07-12T12:00:00Z,0.0,-64.802086,-62.677082,NaN
2020-07-13T12:00:00Z,0.0,-64.802086,-62.677082,NaN
2020-07-14T12:00:00Z,0.0,-64.802086,-62.677082,NaN
2020-07-15T12:00:00Z,0.0,-64.802086,-62.677082,NaN
2020-07-16T12:00:00Z,0.0,-64.802086,-62.677082,NaN
2020-07-17T12:00:00Z,0.0,-64.802086,-62.677082,NaN
2020-07-18T12:00:00Z,0.0,-64.802086,-62.677082,NaN
2020-07-19T12:00:00Z,0.0,-64.802086,-62.677082,NaN
2020-07-20T12:00:00Z,0.0,-64.802086,-62.677082,NaN
2020-07-21T12:00:00Z,0.0,-64.802086,-62.677082,NaN
2020-07-22T12:00:00Z,0.0,-64.802086,-62.677082,NaN
2020-07-23T12:00:00Z,0.0,-64.802086,-62.677082,NaN
2020-07-24T12:00:00Z,0.0,-64.802086,-62.677082,NaN
2020-07-25T12:00:00Z,0.0,-64.802086,-62.677082,NaN
2020-07-26T12:00:00Z,0.0,-64.802086,-62.677082,NaN
2020-07-27T12:00:00Z,0.0,-64.802086,-62.677082,NaN
2020-07-28T12:00:00Z,0.0,-64.802086,-62.677082,NaN
2020-07-29T12:00:00Z,0.0,-64.802086,-62.677082,NaN
2020-07-30T12:00:00Z,0.0,-64.802086,-62.677082,NaN
2020-07-31T12:00:00Z,0.0,-64.802086,-62.677082,NaN
2020-08-01T12:00:00Z,0.0,-64.802086,-62.677082,NaN
2020-08-02T12:00:00Z,0.0,-64.802086,-62.677082,NaN
2020-08-03T12:00:00Z,0.0,-64.802086,-62.677082,NaN
2020-08-04T12:00:00Z,0.0,-64.802086,-62.677082,NaN
2020-08-05T12:00:00Z,0.0,-64.802086,-62.677082,NaN
2020-08-06T12:00:00Z,0.0,-64.802086,-62.677082,NaN
2020-08-07T12:00:00Z,0.0,-64.802086,-62.677082,NaN
2020-08-08T12:00:00Z,0.0,-64.802086,-62.677082,NaN
2020-08-09T12:00:00Z,0.0,-64.802086,-62.677082,NaN
2020-08-10T12:00:00Z,0.0,-64.802086,-62.677082,NaN
2020-08-11T12:00:00Z,0.0,-64.802086,-62.677082,NaN
2020-08-12T12:00:00Z,0.0,-64.802086,-62.677082,NaN
2020-08-13T12:00:00Z,0.0,-64.802086,-62.677082,NaN
2020-08-14T12:00:00Z,0.0,-64.802086,-62.677082,NaN
2020-08-15T12:00:00Z,0.0,-64.802086,-62.677082,NaN
2020-08-16T12:00:00Z,0.0,-64.802086,-62.677082,NaN
2020-08-17T12:00:00Z,0.0,-64.802086,-62.677082,NaN
2020-08-18T12:00:00Z,0.0,-64.802086,-62.677082,NaN
2020-08-19T12:00:00Z,0.0,-64.802086,-62.677082,NaN
2020-08-20T12:00:00Z,0.0,-64.802086,-62.677082,NaN
2020-08-21T12:00:00Z,0.0,-64.802086,-62.677082,NaN
2020-08-22T12:00:00Z,0.0,-64.802086,-62.677082,NaN
2020-08-23T12:00:00Z,0.0,-64.802086,-62.677082,NaN
2020-08-24T12:00:00Z,0.0,-64.802086,-62.677082,NaN
2020-08-25T12:00:00Z,0.0,-64.802086,-62.677082,NaN
2020-08-26T12:00:00Z,0.0,-64.802086,-62.677082,NaN
2020-08-27T12:00:00Z,0.0,-64.802086,-62.677082,NaN
2020-08-28T12:00:00Z,0.0,-64.802086,-62.677082,NaN
2020-08-29T12:00:00Z,0.0,-64.802086,-62.677082,NaN
2020-08-30T12:00:00Z,0.0,-64.802086,-62.677082,NaN
2020-08-31T12:00:00Z,0.0,-64.802086,-62.677082,NaN
2020-09-01T12:00:00Z,0.0,-64.802086,-62.677082,NaN
2020-09-02T12:00:00Z,0.0,-64.802086,-62.677082,NaN
2020-09-03T12:00:00Z,0.0,-64.802086,-62.677082,NaN
2020-09-04T12:00:00Z,0.0,-64.802086,-62.677082,NaN
2020-09-05T12:00:00Z,0.0,-64.802086,-62.677082,NaN
2020-09-06T12:00:00Z,0.0,-64.802086,-62.677082,NaN
2020-09-07T12:00:00Z,0.0,-64.802086,-62.677082,NaN
2020-09-08T12:00:00Z,0.0,-64.802086,-62.677082,NaN
2020-09-09T12:00:00Z,0.0,-64.802086,-62.677082,NaN
2020-09-10T12:00:00Z,0.0,-64.802086,-62.677082,NaN
2020-09-11T12:00:00Z,0.0,-64.802086,-62.677082,NaN
2020-09-12T12:00:00Z,0.0,-64.802086,-62.677082,NaN
2020-09-13T12:00:00Z,0.0,-64.802086,-62.677082,NaN
2020-09-14T12:00:00Z,0.0,-64.802086,-62.677082,NaN
2020-09-15T12:00:00Z,0.0,-64.802086,-62.677082,NaN
2020-09-16T12:00:00Z,0.0,-64.802086,-62.677082,NaN
2020-09-17T12:00:00Z,0.0,-64.802086,-62.677082,NaN
2020-09-18T12:00:00Z,0.0,-64.802086,-62.677082,NaN
2020-09-19T12:00:00Z,0.0,-64.802086,-62.677082,NaN
2020-09-20T12:00:00Z,0.0,-64.802086,-62.677082,NaN
2020-09-21T12:00:00Z,0.0,-64.802086,-62.677082,NaN
2020-09-22T12:00:00Z,0.0,-64.802086,-62.677082,NaN
2020-09-23T12:00:00Z,0.0,-64.802086,-62.677082,NaN
2020-09-24T12:00:00Z,0.0,-64.802086,-62.677082,NaN
2020-09-25T12:00:00Z,0.0,-64.802086,-62.677082,NaN
2020-09-26T12:00:00Z,0.0,-64.802086,-62.677082,NaN
2020-09-27T12:00:00Z,0.0,-64.802086,-62.677082,NaN
2020-09-28T12:00:00Z,0.0,-64.802086,-62.677082,NaN
2020-09-29T12:00:00Z,0.0,-64.802086,-62.677082,NaN
2020-09-30T12:00:00Z,0.0,-64.802086,-62.677082,NaN
2020-10-01T12:00:00Z,0.0,-64.802086,-62.677082,NaN
2020-10-02T12:00:00Z,0.0,-64.802086,-62.677082,NaN
2020-10-03T12:00:00Z,0.0,-64.802086,-62.677082,NaN
2020-10-04T12:00:00Z,0.0,-64.802086,-62.677082,NaN
2020-10-05T12:00:00Z,0.0,-64.802086,-62.677082,NaN
2020-10-06T12:00:00Z,0.0,-64.802086,-62.677082,NaN
2020-10-07T12:00:00Z,0.0,-64.802086,-62.677082,NaN
2020-10-08T12:00:00Z,0.0,-64.802086,-62.677082,NaN
2020-10-09T12:00:00Z,0.0,-64.802086,-62.677082,NaN
2020-10-10T12:00:00Z,0.0,-64.802086,-62.677082,NaN
2020-10-11T12:00:00Z,0.0,-64.802086,-62.677082,NaN
2020-10-12T12:00:00Z,0.0,-64.802086,-62.677082,NaN
2020-10-13T12:00:00Z,0.0,-64.802086,-62.677082,NaN
2020-10-14T12:00:00Z,0.0,-64.802086,-62.677082,NaN
2020-10-15T12:00:00Z,0.0,-64.802086,-62.677082,NaN
2020-10-16T12:00:00Z,0.0,-64.802086,-62.677082,NaN
2020-10-17T12:00:00Z,0.0,-64.802086,-62.677082,NaN
2020-10-18T12:00:00Z,0.0,-64.802086,-62.677082,NaN
2020-10-19T12:00:00Z,0.0,-64.802086,-62.677082,NaN
2020-10-20T12:00:00Z,0.0,-64.802086,-62.677082,0.16388601
2020-10-21T12:00:00Z,0.0,-64.802086,-62.677082,0.16415031
2020-10-22T12:00:00Z,0.0,-64.802086,-62.677082,0.1648504
2020-10-23T12:00:00Z,0.0,-64.802086,-62.677082,0.16524442
2020-10-24T12:00:00Z,0.0,-64.802086,-62.677082,0.1662784
2020-10-25T12:00:00Z,0.0,-64.802086,-62.677082,0.1662441
2020-10-26T12:00:00Z,0.0,-64.802086,-62.677082,0.1668115
2020-10-27T12:00:00Z,0.0,-64.802086,-62.677082,0.16658384
2020-10-28T12:00:00Z,0.0,-64.802086,-62.677082,0.05606457
2020-10-29T12:00:00Z,0.0,-64.802086,-62.677082,0.16770296
2020-10-30T12:00:00Z,0.0,-64.802086,-62.677082,0.16759963
2020-10-31T12:00:00Z,0.0,-64.802086,-62.677082,0.06951545
2020-11-01T12:00:00Z,0.0,-64.802086,-62.677082,0.16758053
2020-11-02T12:00:00Z,0.0,-64.802086,-62.677082,0.16789849
2020-11-03T12:00:00Z,0.0,-64.802086,-62.677082,0.0528492
2020-11-04T12:00:00Z,0.0,-64.802086,-62.677082,0.04861806
2020-11-05T12:00:00Z,0.0,-64.802086,-62.677082,0.05003701
2020-11-06T12:00:00Z,0.0,-64.802086,-62.677082,0.07240367
2020-11-07T12:00:00Z,0.0,-64.802086,-62.677082,0.042610243
2020-11-08T12:00:00Z,0.0,-64.802086,-62.677082,0.047499955
2020-11-09T12:00:00Z,0.0,-64.802086,-62.677082,0.06225387
2020-11-10T12:00:00Z,0.0,-64.802086,-62.677082,0.04562728
2020-11-11T12:00:00Z,0.0,-64.802086,-62.677082,0.047440197
2020-11-12T12:00:00Z,0.0,-64.802086,-62.677082,0.05355155
2020-11-13T12:00:00Z,0.0,-64.802086,-62.677082,0.069744594
2020-11-14T12:00:00Z,0.0,-64.802086,-62.677082,0.09836146
2020-11-15T12:00:00Z,0.0,-64.802086,-62.677082,0.102295816
2020-11-16T12:00:00Z,0.0,-64.802086,-62.677082,0.06382854
2020-11-17T12:00:00Z,0.0,-64.802086,-62.677082,0.068700746
2020-11-18T12:00:00Z,0.0,-64.802086,-62.677082,0.058660112
2020-11-19T12:00:00Z,0.0,-64.802086,-62.677082,0.056859456
2020-11-20T12:00:00Z,0.0,-64.802086,-62.677082,0.06517168
2020-11-21T12:00:00Z,0.0,-64.802086,-62.677082,0.05743224
2020-11-22T12:00:00Z,0.0,-64.802086,-62.677082,0.07784101
2020-11-23T12:00:00Z,0.0,-64.802086,-62.677082,0.06574908
2020-11-24T12:00:00Z,0.0,-64.802086,-62.677082,0.13077225
2020-11-25T12:00:00Z,0.0,-64.802086,-62.677082,0.10260009
2020-11-26T12:00:00Z,0.0,-64.802086,-62.677082,0.10931547
2020-11-27T12:00:00Z,0.0,-64.802086,-62.677082,0.08538713
2020-11-28T12:00:00Z,0.0,-64.802086,-62.677082,0.121613525
2020-11-29T12:00:00Z,0.0,-64.802086,-62.677082,0.1158966
2020-11-30T12:00:00Z,0.0,-64.802086,-62.677082,0.12507357
2020-12-01T12:00:00Z,0.0,-64.802086,-62.677082,0.11605805
2020-12-02T12:00:00Z,0.0,-64.802086,-62.677082,0.14194755
2020-12-03T12:00:00Z,0.0,-64.802086,-62.677082,0.15374067
2020-12-04T12:00:00Z,0.0,-64.802086,-62.677082,0.1650054
2020-12-05T12:00:00Z,0.0,-64.802086,-62.677082,0.16586024
2020-12-06T12:00:00Z,0.0,-64.802086,-62.677082,0.18096146
2020-12-07T12:00:00Z,0.0,-64.802086,-62.677082,0.19912906
2020-12-08T12:00:00Z,0.0,-64.802086,-62.677082,0.24216056
2020-12-09T12:00:00Z,0.0,-64.802086,-62.677082,0.2152839
2020-12-10T12:00:00Z,0.0,-64.802086,-62.677082,0.22834499
2020-12-11T12:00:00Z,0.0,-64.802086,-62.677082,0.27095538
2020-12-12T12:00:00Z,0.0,-64.802086,-62.677082,0.29569188
2020-12-13T12:00:00Z,0.0,-64.802086,-62.677082,0.26476705
2020-12-14T12:00:00Z,0.0,-64.802086,-62.677082,0.19005626
2020-12-15T12:00:00Z,0.0,-64.802086,-62.677082,0.18164188
2020-12-16T12:00:00Z,0.0,-64.802086,-62.677082,0.2102603
2020-12-17T12:00:00Z,0.0,-64.802086,-62.677082,0.16140147
2020-12-18T12:00:00Z,0.0,-64.802086,-62.677082,0.15105014
2020-12-19T12:00:00Z,0.0,-64.802086,-62.677082,0.16063575
2020-12-20T12:00:00Z,0.0,-64.802086,-62.677082,0.15928148
2020-12-21T12:00:00Z,0.0,-64.802086,-62.677082,0.16042536
2020-12-22T12:00:00Z,0.0,-64.802086,-62.677082,0.15014677
2020-12-23T12:00:00Z,0.0,-64.802086,-62.677082,0.14638934
2020-12-24T12:00:00Z,0.0,-64.802086,-62.677082,0.15435883
2020-12-25T12:00:00Z,0.0,-64.802086,-62.677082,0.14195634
2020-12-26T12:00:00Z,0.0,-64.802086,-62.677082,0.118586935
2020-12-27T12:00:00Z,0.0,-64.802086,-62.677082,0.111228675
2020-12-28T12:00:00Z,0.0,-64.802086,-62.677082,0.11984971
2020-12-29T12:00:00Z,0.0,-64.802086,-62.677082,0.13762403
2020-12-30T12:00:00Z,0.0,-64.802086,-62.677082,0.091725275
2020-12-31T12:00:00Z,0.0,-64.802086,-62.677082,0.116260886
2021-01-01T12:00:00Z,0.0,-64.802086,-62.677082,0.124551
2021-01-02T12:00:00Z,0.0,-64.802086,-62.677082,0.12084606
2021-01-03T12:00:00Z,0.0,-64.802086,-62.677082,0.11628456
2021-01-04T12:00:00Z,0.0,-64.802086,-62.677082,0.11361934
2021-01-05T12:00:00Z,0.0,-64.802086,-62.677082,0.11168006
2021-01-06T12:00:00Z,0.0,-64.802086,-62.677082,0.111709066
2021-01-07T12:00:00Z,0.0,-64.802086,-62.677082,0.11643777
2021-01-08T12:00:00Z,0.0,-64.802086,-62.677082,0.12068465
2021-01-09T12:00:00Z,0.0,-64.802086,-62.677082,0.123487435
2021-01-10T12:00:00Z,0.0,-64.802086,-62.677082,0.11891087
2021-01-11T12:00:00Z,0.0,-64.802086,-62.677082,0.15477224
2021-01-12T12:00:00Z,0.0,-64.802086,-62.677082,0.13539478
2021-01-13T12:00:00Z,0.0,-64.802086,-62.677082,0.14656955
2021-01-14T12:00:00Z,0.0,-64.802086,-62.677082,0.11196572
2021-01-15T12:00:00Z,0.0,-64.802086,-62.677082,0.12583782
2021-01-16T12:00:00Z,0.0,-64.802086,-62.677082,0.112488806
2021-01-17T12:00:00Z,0.0,-64.802086,-62.677082,0.11898324
2021-01-18T12:00:00Z,0.0,-64.802086,-62.677082,0.11678884
2021-01-19T12:00:00Z,0.0,-64.802086,-62.677082,0.06917803
2021-01-20T12:00:00Z,0.0,-64.802086,-62.677082,0.06609549
2021-01-21T12:00:00Z,0.0,-64.802086,-62.677082,0.06709961
2021-01-22T12:00:00Z,0.0,-64.802086,-62.677082,0.07362325
2021-01-23T12:00:00Z,0.0,-64.802086,-62.677082,0.0990339
2021-01-24T12:00:00Z,0.0,-64.802086,-62.677082,0.0945796
2021-01-25T12:00:00Z,0.0,-64.802086,-62.677082,0.09622294
2021-01-26T12:00:00Z,0.0,-64.802086,-62.677082,0.09592988
2021-01-27T12:00:00Z,0.0,-64.802086,-62.677082,0.10198609
2021-01-28T12:00:00Z,0.0,-64.802086,-62.677082,0.114156246
2021-01-29T12:00:00Z,0.0,-64.802086,-62.677082,0.108749926
2021-01-30T12:00:00Z,0.0,-64.802086,-62.677082,0.12401229
2021-01-31T12:00:00Z,0.0,-64.802086,-62.677082,0.12952577
2021-02-01T12:00:00Z,0.0,-64.802086,-62.677082,0.14057058
2021-02-02T12:00:00Z,0.0,-64.802086,-62.677082,0.15093239
2021-02-03T12:00:00Z,0.0,-64.802086,-62.677082,0.14007033
2021-02-04T12:00:00Z,0.0,-64.802086,-62.677082,0.13131158
2021-02-05T12:00:00Z,0.0,-64.802086,-62.677082,0.12529999
2021-02-06T12:00:00Z,0.0,-64.802086,-62.677082,0.12942512
2021-02-07T12:00:00Z,0.0,-64.802086,-62.677082,0.12650502
2021-02-08T12:00:00Z,0.0,-64.802086,-62.677082,0.12510242
2021-02-09T12:00:00Z,0.0,-64.802086,-62.677082,0.13426334
2021-02-10T12:00:00Z,0.0,-64.802086,-62.677082,0.13822557
2021-02-11T12:00:00Z,0.0,-64.802086,-62.677082,0.128409
2021-02-12T12:00:00Z,0.0,-64.802086,-62.677082,0.1478178
2021-02-13T12:00:00Z,0.0,-64.802086,-62.677082,0.15364482
2021-02-14T12:00:00Z,0.0,-64.802086,-62.677082,0.18775699
2021-02-15T12:00:00Z,0.0,-64.802086,-62.677082,0.20184836
2021-02-16T12:00:00Z,0.0,-64.802086,-62.677082,0.22581841
2021-02-17T12:00:00Z,0.0,-64.802086,-62.677082,0.27640957
2021-02-18T12:00:00Z,0.0,-64.802086,-62.677082,0.06867627
2021-02-19T12:00:00Z,0.0,-64.802086,-62.677082,0.07004863
2021-02-20T12:00:00Z,0.0,-64.802086,-62.677082,0.061948378
2021-02-21T12:00:00Z,0.0,-64.802086,-62.677082,0.1367275
2021-02-22T12:00:00Z,0.0,-64.802086,-62.677082,0.14396775
2021-02-23T12:00:00Z,0.0,-64.802086,-62.677082,0.142272
2021-02-24T12:00:00Z,0.0,-64.802086,-62.677082,0.15252352
2021-02-25T12:00:00Z,0.0,-64.802086,-62.677082,0.14508758
2021-02-26T12:00:00Z,0.0,-64.802086,-62.677082,0.15574627
2021-02-27T12:00:00Z,0.0,-64.802086,-62.677082,0.1412869
2021-02-28T12:00:00Z,0.0,-64.802086,-62.677082,0.15236256
2021-03-01T12:00:00Z,0.0,-64.802086,-62.677082,0.1328505
2021-03-02T12:00:00Z,0.0,-64.802086,-62.677082,0.1335031
2021-03-03T12:00:00Z,0.0,-64.802086,-62.677082,0.129498
2021-03-04T12:00:00Z,0.0,-64.802086,-62.677082,0.13223156
2021-03-05T12:00:00Z,0.0,-64.802086,-62.677082,0.14843334
2021-03-06T12:00:00Z,0.0,-64.802086,-62.677082,0.14892428
2021-03-07T12:00:00Z,0.0,-64.802086,-62.677082,0.112859756
2021-03-08T12:00:00Z,0.0,-64.802086,-62.677082,0.11822786
2021-03-09T12:00:00Z,0.0,-64.802086,-62.677082,0.11617928
2021-03-10T12:00:00Z,0.0,-64.802086,-62.677082,0.11964985
2021-03-11T12:00:00Z,0.0,-64.802086,-62.677082,0.10437281
2021-03-12T12:00:00Z,0.0,-64.802086,-62.677082,0.112452544
2021-03-13T12:00:00Z,0.0,-64.802086,-62.677082,0.110411614
2021-03-14T12:00:00Z,0.0,-64.802086,-62.677082,NaN
2021-03-15T12:00:00Z,0.0,-64.802086,-62.677082,NaN
2021-03-16T12:00:00Z,0.0,-64.802086,-62.677082,NaN
2021-03-17T12:00:00Z,0.0,-64.802086,-62.677082,NaN
2021-03-18T12:00:00Z,0.0,-64.802086,-62.677082,NaN
2021-03-19T12:00:00Z,0.0,-64.802086,-62.677082,NaN
2021-03-20T12:00:00Z,0.0,-64.802086,-62.677082,NaN
2021-03-21T12:00:00Z,0.0,-64.802086,-62.677082,NaN
2021-03-22T12:00:00Z,0.0,-64.802086,-62.677082,NaN
2021-03-23T12:00:00Z,0.0,-64.802086,-62.677082,NaN
2021-03-24T12:00:00Z,0.0,-64.802086,-62.677082,NaN
2021-03-25T12:00:00Z,0.0,-64.802086,-62.677082,NaN
2021-03-26T12:00:00Z,0.0,-64.802086,-62.677082,NaN
2021-03-27T12:00:00Z,0.0,-64.802086,-62.677082,NaN
2021-03-28T12:00:00Z,0.0,-64.802086,-62.677082,NaN
2021-03-29T12:00:00Z,0.0,-64.802086,-62.677082,NaN
2021-03-30T12:00:00Z,0.0,-64.802086,-62.677082,NaN
2021-03-31T12:00:00Z,0.0,-64.802086,-62.677082,NaN
2021-04-01T12:00:00Z,0.0,-64.802086,-62.677082,NaN
2021-04-02T12:00:00Z,0.0,-64.802086,-62.677082,NaN
2021-04-03T12:00:00Z,0.0,-64.802086,-62.677082,NaN
2021-04-04T12:00:00Z,0.0,-64.802086,-62.677082,NaN
2021-04-05T12:00:00Z,0.0,-64.802086,-62.677082,NaN
2021-04-06T12:00:00Z,0.0,-64.802086,-62.677082,NaN
2021-04-07T12:00:00Z,0.0,-64.802086,-62.677082,NaN
2021-04-08T12:00:00Z,0.0,-64.802086,-62.677082,NaN
2021-04-09T12:00:00Z,0.0,-64.802086,-62.677082,NaN
2021-04-10T12:00:00Z,0.0,-64.802086,-62.677082,NaN
2021-04-11T12:00:00Z,0.0,-64.802086,-62.677082,NaN
2021-04-12T12:00:00Z,0.0,-64.802086,-62.677082,NaN
2021-04-13T12:00:00Z,0.0,-64.802086,-62.677082,NaN
2021-04-14T12:00:00Z,0.0,-64.802086,-62.677082,NaN
2021-04-15T12:00:00Z,0.0,-64.802086,-62.677082,NaN
2021-04-16T12:00:00Z,0.0,-64.802086,-62.677082,NaN
2021-04-17T12:00:00Z,0.0,-64.802086,-62.677082,NaN
2021-04-18T12:00:00Z,0.0,-64.802086,-62.677082,NaN
2021-04-19T12:00:00Z,0.0,-64.802086,-62.677082,NaN
2021-04-20T12:00:00Z,0.0,-64.802086,-62.677082,NaN
2021-04-21T12:00:00Z,0.0,-64.802086,-62.677082,NaN
2021-04-22T12:00:00Z,0.0,-64.802086,-62.677082,NaN
2021-04-23T12:00:00Z,0.0,-64.802086,-62.677082,NaN
2021-04-24T12:00:00Z,0.0,-64.802086,-62.677082,NaN
2021-04-25T12:00:00Z,0.0,-64.802086,-62.677082,NaN
2021-04-26T12:00:00Z,0.0,-64.802086,-62.677082,NaN
2021-04-27T12:00:00Z,0.0,-64.802086,-62.677082,NaN
2021-04-28T12:00:00Z,0.0,-64.802086,-62.677082,NaN
2021-04-29T12:00:00Z,0.0,-64.802086,-62.677082,NaN
2021-04-30T12:00:00Z,0.0,-64.802086,-62.677082,NaN
2021-05-01T12:00:00Z,0.0,-64.802086,-62.677082,NaN
2021-05-02T12:00:00Z,0.0,-64.802086,-62.677082,NaN
2021-05-03T12:00:00Z,0.0,-64.802086,-62.677082,NaN
2021-05-04T12:00:00Z,0.0,-64.802086,-62.677082,NaN
2021-05-05T12:00:00Z,0.0,-64.802086,-62.677082,NaN
2021-05-06T12:00:00Z,0.0,-64.802086,-62.677082,NaN
2021-05-07T12:00:00Z,0.0,-64.802086,-62.677082,NaN
2021-05-08T12:00:00Z,0.0,-64.802086,-62.677082,NaN
2021-05-09T12:00:00Z,0.0,-64.802086,-62.677082,NaN
2021-05-10T12:00:00Z,0.0,-64.802086,-62.677082,NaN
2021-05-11T12:00:00Z,0.0,-64.802086,-62.677082,NaN
2021-05-12T12:00:00Z,0.0,-64.802086,-62.677082,NaN
2021-05-13T12:00:00Z,0.0,-64.802086,-62.677082,NaN
2021-05-14T12:00:00Z,0.0,-64.802086,-62.677082,NaN
2021-05-15T12:00:00Z,0.0,-64.802086,-62.677082,NaN
2021-05-16T12:00:00Z,0.0,-64.802086,-62.677082,NaN
2021-05-17T12:00:00Z,0.0,-64.802086,-62.677082,NaN
2021-05-18T12:00:00Z,0.0,-64.802086,-62.677082,NaN
2021-05-19T12:00:00Z,0.0,-64.802086,-62.677082,NaN
2021-05-20T12:00:00Z,0.0,-64.802086,-62.677082,NaN
2021-05-21T12:00:00Z,0.0,-64.802086,-62.677082,NaN
2021-05-22T12:00:00Z,0.0,-64.802086,-62.677082,NaN
2021-05-23T12:00:00Z,0.0,-64.802086,-62.677082,NaN
2021-05-24T12:00:00Z,0.0,-64.802086,-62.677082,NaN
2021-05-25T12:00:00Z,0.0,-64.802086,-62.677082,NaN
2021-05-26T12:00:00Z,0.0,-64.802086,-62.677082,NaN
2021-05-27T12:00:00Z,0.0,-64.802086,-62.677082,NaN
2021-05-28T12:00:00Z,0.0,-64.802086,-62.677082,NaN
2021-05-29T12:00:00Z,0.0,-64.802086,-62.677082,NaN
2021-05-30T12:00:00Z,0.0,-64.802086,-62.677082,NaN
2021-05-31T12:00:00Z,0.0,-64.802086,-62.677082,NaN
2021-06-01T12:00:00Z,0.0,-64.802086,-62.677082,NaN
2021-06-02T12:00:00Z,0.0,-64.802086,-62.677082,NaN
2021-06-03T12:00:00Z,0.0,-64.802086,-62.677082,NaN
2021-06-04T12:00:00Z,0.0,-64.802086,-62.677082,NaN
2021-06-05T12:00:00Z,0.0,-64.802086,-62.677082,NaN
2021-06-06T12:00:00Z,0.0,-64.802086,-62.677082,NaN
2021-06-07T12:00:00Z,0.0,-64.802086,-62.677082,NaN
2021-06-08T12:00:00Z,0.0,-64.802086,-62.677082,NaN
2021-06-09T12:00:00Z,0.0,-64.802086,-62.677082,NaN
2021-06-10T12:00:00Z,0.0,-64.802086,-62.677082,NaN
2021-06-11T12:00:00Z,0.0,-64.802086,-62.677082,NaN
2021-06-12T12:00:00Z,0.0,-64.802086,-62.677082,NaN
2021-06-13T12:00:00Z,0.0,-64.802086,-62.677082,NaN
2021-06-14T12:00:00Z,0.0,-64.802086,-62.677082,NaN
2021-06-15T12:00:00Z,0.0,-64.802086,-62.677082,NaN
2021-06-16T12:00:00Z,0.0,-64.802086,-62.677082,NaN
2021-06-17T12:00:00Z,0.0,-64.802086,-62.677082,NaN
2021-06-18T12:00:00Z,0.0,-64.802086,-62.677082,NaN
2021-06-19T12:00:00Z,0.0,-64.802086,-62.677082,NaN
2021-06-20T12:00:00Z,0.0,-64.802086,-62.677082,NaN
2021-06-21T12:00:00Z,0.0,-64.802086,-62.677082,NaN
2021-06-22T12:00:00Z,0.0,-64.802086,-62.677082,NaN
2021-06-23T12:00:00Z,0.0,-64.802086,-62.677082,NaN
2021-06-24T12:00:00Z,0.0,-64.802086,-62.677082,NaN
2021-06-25T12:00:00Z,0.0,-64.802086,-62.677082,NaN
2021-06-26T12:00:00Z,0.0,-64.802086,-62.677082,NaN
2021-06-27T12:00:00Z,0.0,-64.802086,-62.677082,NaN
2021-06-28T12:00:00Z,0.0,-64.802086,-62.677082,NaN
2021-06-29T12:00:00Z,0.0,-64.802086,-62.677082,NaN
2021-06-30T12:00:00Z,0.0,-64.802086,-62.677082,NaN
2021-07-01T12:00:00Z,0.0,-64.802086,-62.677082,NaN
2021-07-02T12:00:00Z,0.0,-64.802086,-62.677082,NaN
2021-07-03T12:00:00Z,0.0,-64.802086,-62.677082,NaN
2021-07-04T12:00:00Z,0.0,-64.802086,-62.677082,NaN
2021-07-05T12:00:00Z,0.0,-64.802086,-62.677082,NaN
2021-07-06T12:00:00Z,0.0,-64.802086,-62.677082,NaN
2021-07-07T12:00:00Z,0.0,-64.802086,-62.677082,NaN
2021-07-08T12:00:00Z,0.0,-64.802086,-62.677082,NaN
2021-07-09T12:00:00Z,0.0,-64.802086,-62.677082,NaN
2021-07-10T12:00:00Z,0.0,-64.802086,-62.677082,NaN
2021-07-11T12:00:00Z,0.0,-64.802086,-62.677082,NaN
2021-07-12T12:00:00Z,0.0,-64.802086,-62.677082,NaN
2021-07-13T12:00:00Z,0.0,-64.802086,-62.677082,NaN
2021-07-14T12:00:00Z,0.0,-64.802086,-62.677082,NaN
2021-07-15T12:00:00Z,0.0,-64.802086,-62.677082,NaN
2021-07-16T12:00:00Z,0.0,-64.802086,-62.677082,NaN
2021-07-17T12:00:00Z,0.0,-64.802086,-62.677082,NaN
2021-07-18T12:00:00Z,0.0,-64.802086,-62.677082,NaN
2021-07-19T12:00:00Z,0.0,-64.802086,-62.677082,NaN
2021-07-20T12:00:00Z,0.0,-64.802086,-62.677082,NaN
2021-07-21T12:00:00Z,0.0,-64.802086,-62.677082,NaN
2021-07-22T12:00:00Z,0.0,-64.802086,-62.677082,NaN
2021-07-23T12:00:00Z,0.0,-64.802086,-62.677082,NaN
2021-07-24T12:00:00Z,0.0,-64.802086,-62.677082,NaN
2021-07-25T12:00:00Z,0.0,-64.802086,-62.677082,NaN
2021-07-26T12:00:00Z,0.0,-64.802086,-62.677082,NaN
2021-07-27T12:00:00Z,0.0,-64.802086,-62.677082,NaN
2021-07-28T12:00:00Z,0.0,-64.802086,-62.677082,NaN
2021-07-29T12:00:00Z,0.0,-64.802086,-62.677082,NaN
2021-07-30T12:00:00Z,0.0,-64.802086,-62.677082,NaN
2021-07-31T12:00:00Z,0.0,-64.802086,-62.677082,NaN
2021-08-01T12:00:00Z,0.0,-64.802086,-62.677082,NaN
2021-08-02T12:00:00Z,0.0,-64.802086,-62.677082,NaN
2021-08-03T12:00:00Z,0.0,-64.802086,-62.677082,NaN
2021-08-04T12:00:00Z,0.0,-64.802086,-62.677082,NaN
2021-08-05T12:00:00Z,0.0,-64.802086,-62.677082,NaN
2021-08-06T12:00:00Z,0.0,-64.802086,-62.677082,NaN
2021-08-07T12:00:00Z,0.0,-64.802086,-62.677082,NaN
2021-08-08T12:00:00Z,0.0,-64.802086,-62.677082,NaN
2021-08-09T12:00:00Z,0.0,-64.802086,-62.677082,NaN
2021-08-10T12:00:00Z,0.0,-64.802086,-62.677082,NaN
2021-08-11T12:00:00Z,0.0,-64.802086,-62.677082,NaN
2021-08-12T12:00:00Z,0.0,-64.802086,-62.677082,NaN
2021-08-13T12:00:00Z,0.0,-64.802086,-62.677082,NaN
2021-08-14T12:00:00Z,0.0,-64.802086,-62.677082,NaN
2021-08-15T12:00:00Z,0.0,-64.802086,-62.677082,NaN
2021-08-16T12:00:00Z,0.0,-64.802086,-62.677082,NaN
2021-08-17T12:00:00Z,0.0,-64.802086,-62.677082,NaN
2021-08-18T12:00:00Z,0.0,-64.802086,-62.677082,NaN
2021-08-19T12:00:00Z,0.0,-64.802086,-62.677082,NaN
2021-08-20T12:00:00Z,0.0,-64.802086,-62.677082,NaN
2021-08-21T12:00:00Z,0.0,-64.802086,-62.677082,NaN
2021-08-22T12:00:00Z,0.0,-64.802086,-62.677082,NaN
2021-08-23T12:00:00Z,0.0,-64.802086,-62.677082,NaN
2021-08-24T12:00:00Z,0.0,-64.802086,-62.677082,NaN
2021-08-25T12:00:00Z,0.0,-64.802086,-62.677082,NaN
2021-08-26T12:00:00Z,0.0,-64.802086,-62.677082,NaN
2021-08-27T12:00:00Z,0.0,-64.802086,-62.677082,NaN
2021-08-28T12:00:00Z,0.0,-64.802086,-62.677082,NaN
2021-08-29T12:00:00Z,0.0,-64.802086,-62.677082,NaN
2021-08-30T12:00:00Z,0.0,-64.802086,-62.677082,NaN
2021-08-31T12:00:00Z,0.0,-64.802086,-62.677082,NaN
2021-09-01T12:00:00Z,0.0,-64.802086,-62.677082,NaN
2021-09-02T12:00:00Z,0.0,-64.802086,-62.677082,NaN
2021-09-03T12:00:00Z,0.0,-64.802086,-62.677082,NaN
2021-09-04T12:00:00Z,0.0,-64.802086,-62.677082,NaN
2021-09-05T12:00:00Z,0.0,-64.802086,-62.677082,NaN
2021-09-06T12:00:00Z,0.0,-64.802086,-62.677082,NaN
2021-09-07T12:00:00Z,0.0,-64.802086,-62.677082,NaN
2021-09-08T12:00:00Z,0.0,-64.802086,-62.677082,NaN
2021-09-09T12:00:00Z,0.0,-64.802086,-62.677082,NaN
2021-09-10T12:00:00Z,0.0,-64.802086,-62.677082,NaN
2021-09-11T12:00:00Z,0.0,-64.802086,-62.677082,NaN
2021-09-12T12:00:00Z,0.0,-64.802086,-62.677082,NaN
2021-09-13T12:00:00Z,0.0,-64.802086,-62.677082,NaN
2021-09-14T12:00:00Z,0.0,-64.802086,-62.677082,NaN
2021-09-15T12:00:00Z,0.0,-64.802086,-62.677082,NaN
2021-09-16T12:00:00Z,0.0,-64.802086,-62.677082,NaN
2021-09-17T12:00:00Z,0.0,-64.802086,-62.677082,NaN
2021-09-18T12:00:00Z,0.0,-64.802086,-62.677082,NaN
2021-09-19T12:00:00Z,0.0,-64.802086,-62.677082,NaN
2021-09-20T12:00:00Z,0.0,-64.802086,-62.677082,NaN
2021-09-21T12:00:00Z,0.0,-64.802086,-62.677082,NaN
2021-09-22T12:00:00Z,0.0,-64.802086,-62.677082,NaN
2021-09-23T12:00:00Z,0.0,-64.802086,-62.677082,NaN
2021-09-24T12:00:00Z,0.0,-64.802086,-62.677082,NaN
2021-09-25T12:00:00Z,0.0,-64.802086,-62.677082,NaN
2021-09-26T12:00:00Z,0.0,-64.802086,-62.677082,NaN
2021-09-27T12:00:00Z,0.0,-64.802086,-62.677082,NaN
2021-09-28T12:00:00Z,0.0,-64.802086,-62.677082,NaN
2021-09-29T12:00:00Z,0.0,-64.802086,-62.677082,NaN
2021-09-30T12:00:00Z,0.0,-64.802086,-62.677082,NaN
2021-10-01T12:00:00Z,0.0,-64.802086,-62.677082,NaN
2021-10-02T12:00:00Z,0.0,-64.802086,-62.677082,NaN
2021-10-03T12:00:00Z,0.0,-64.802086,-62.677082,NaN
2021-10-04T12:00:00Z,0.0,-64.802086,-62.677082,NaN
2021-10-05T12:00:00Z,0.0,-64.802086,-62.677082,NaN
2021-10-06T12:00:00Z,0.0,-64.802086,-62.677082,NaN
2021-10-07T12:00:00Z,0.0,-64.802086,-62.677082,NaN
2021-10-08T12:00:00Z,0.0,-64.802086,-62.677082,NaN
2021-10-09T12:00:00Z,0.0,-64.802086,-62.677082,NaN
2021-10-10T12:00:00Z,0.0,-64.802086,-62.677082,NaN
2021-10-11T12:00:00Z,0.0,-64.802086,-62.677082,NaN
2021-10-12T12:00:00Z,0.0,-64.802086,-62.677082,NaN
2021-10-13T12:00:00Z,0.0,-64.802086,-62.677082,NaN
2021-10-14T12:00:00Z,0.0,-64.802086,-62.677082,NaN
2021-10-15T12:00:00Z,0.0,-64.802086,-62.677082,NaN
2021-10-16T12:00:00Z,0.0,-64.802086,-62.677082,NaN
2021-10-17T12:00:00Z,0.0,-64.802086,-62.677082,NaN
2021-10-18T12:00:00Z,0.0,-64.802086,-62.677082,NaN
2021-10-19T12:00:00Z,0.0,-64.802086,-62.677082,NaN
2021-10-20T12:00:00Z,0.0,-64.802086,-62.677082,NaN
2021-10-21T12:00:00Z,0.0,-64.802086,-62.677082,0.16481395
2021-10-22T12:00:00Z,0.0,-64.802086,-62.677082,0.16768411
2021-10-23T12:00:00Z,0.0,-64.802086,-62.677082,0.12907262
2021-10-24T12:00:00Z,0.0,-64.802086,-62.677082,0.07556069
2021-10-25T12:00:00Z,0.0,-64.802086,-62.677082,0.084503286
2021-10-26T12:00:00Z,0.0,-64.802086,-62.677082,0.080493905
2021-10-27T12:00:00Z,0.0,-64.802086,-62.677082,0.08095663
2021-10-28T12:00:00Z,0.0,-64.802086,-62.677082,0.08503121
2021-10-29T12:00:00Z,0.0,-64.802086,-62.677082,0.04999857
2021-10-30T12:00:00Z,0.0,-64.802086,-62.677082,0.04315089
2021-10-31T12:00:00Z,0.0,-64.802086,-62.677082,0.04817654
2021-11-01T12:00:00Z,0.0,-64.802086,-62.677082,0.06499785
2021-11-02T12:00:00Z,0.0,-64.802086,-62.677082,0.058274593
2021-11-03T12:00:00Z,0.0,-64.802086,-62.677082,0.060297016
2021-11-04T12:00:00Z,0.0,-64.802086,-62.677082,0.061014056
2021-11-05T12:00:00Z,0.0,-64.802086,-62.677082,0.059068367
2021-11-06T12:00:00Z,0.0,-64.802086,-62.677082,0.050995022
2021-11-07T12:00:00Z,0.0,-64.802086,-62.677082,0.08587001
2021-11-08T12:00:00Z,0.0,-64.802086,-62.677082,0.06479559
2021-11-09T12:00:00Z,0.0,-64.802086,-62.677082,0.069888376
2021-11-10T12:00:00Z,0.0,-64.802086,-62.677082,0.055917013
2021-11-11T12:00:00Z,0.0,-64.802086,-62.677082,0.065938845
2021-11-12T12:00:00Z,0.0,-64.802086,-62.677082,0.066902906
2021-11-13T12:00:00Z,0.0,-64.802086,-62.677082,0.06777347
2021-11-14T12:00:00Z,0.0,-64.802086,-62.677082,0.08690621
2021-11-15T12:00:00Z,0.0,-64.802086,-62.677082,0.05830832
2021-11-16T12:00:00Z,0.0,-64.802086,-62.677082,0.061896276
2021-11-17T12:00:00Z,0.0,-64.802086,-62.677082,0.06535737
2021-11-18T12:00:00Z,0.0,-64.802086,-62.677082,0.07484167
2021-11-19T12:00:00Z,0.0,-64.802086,-62.677082,0.08648221
2021-11-20T12:00:00Z,0.0,-64.802086,-62.677082,0.079124995
2021-11-21T12:00:00Z,0.0,-64.802086,-62.677082,0.08684849
2021-11-22T12:00:00Z,0.0,-64.802086,-62.677082,0.07808186
2021-11-23T12:00:00Z,0.0,-64.802086,-62.677082,0.08548276
2021-11-24T12:00:00Z,0.0,-64.802086,-62.677082,0.08764073
2021-11-25T12:00:00Z,0.0,-64.802086,-62.677082,0.078568794
2021-11-26T12:00:00Z,0.0,-64.802086,-62.677082,0.0886166
2021-11-27T12:00:00Z,0.0,-64.802086,-62.677082,0.10319124
2021-11-28T12:00:00Z,0.0,-64.802086,-62.677082,0.0857226
2021-11-29T12:00:00Z,0.0,-64.802086,-62.677082,0.10359146
2021-11-30T12:00:00Z,0.0,-64.802086,-62.677082,0.085453495
2021-12-01T12:00:00Z,0.0,-64.802086,-62.677082,0.07213652
2021-12-02T12:00:00Z,0.0,-64.802086,-62.677082,0.06542327
2021-12-03T12:00:00Z,0.0,-64.802086,-62.677082,0.06893534
2021-12-04T12:00:00Z,0.0,-64.802086,-62.677082,0.07099388
2021-12-05T12:00:00Z,0.0,-64.802086,-62.677082,0.085551
2021-12-06T12:00:00Z,0.0,-64.802086,-62.677082,0.0946617
2021-12-07T12:00:00Z,0.0,-64.802086,-62.677082,0.0852083
2021-12-08T12:00:00Z,0.0,-64.802086,-62.677082,0.089427195
2021-12-09T12:00:00Z,0.0,-64.802086,-62.677082,0.09104319
2021-12-10T12:00:00Z,0.0,-64.802086,-62.677082,0.09207015
2021-12-11T12:00:00Z,0.0,-64.802086,-62.677082,0.08715328
2021-12-12T12:00:00Z,0.0,-64.802086,-62.677082,0.092502296
2021-12-13T12:00:00Z,0.0,-64.802086,-62.677082,0.13665831
2021-12-14T12:00:00Z,0.0,-64.802086,-62.677082,0.097147405
2021-12-15T12:00:00Z,0.0,-64.802086,-62.677082,0.10420252
2021-12-16T12:00:00Z,0.0,-64.802086,-62.677082,0.09227817
2021-12-17T12:00:00Z,0.0,-64.802086,-62.677082,0.085607395
2021-12-18T12:00:00Z,0.0,-64.802086,-62.677082,0.117839366
2021-12-19T12:00:00Z,0.0,-64.802086,-62.677082,0.12337694
2021-12-20T12:00:00Z,0.0,-64.802086,-62.677082,0.14774582
2021-12-21T12:00:00Z,0.0,-64.802086,-62.677082,0.13794877
2021-12-22T12:00:00Z,0.0,-64.802086,-62.677082,0.14605565
2021-12-23T12:00:00Z,0.0,-64.802086,-62.677082,0.14646858
2021-12-24T12:00:00Z,0.0,-64.802086,-62.677082,0.1451581
2021-12-25T12:00:00Z,0.0,-64.802086,-62.677082,0.15650813
2021-12-26T12:00:00Z,0.0,-64.802086,-62.677082,0.18337758
2021-12-27T12:00:00Z,0.0,-64.802086,-62.677082,0.18373203
2021-12-28T12:00:00Z,0.0,-64.802086,-62.677082,0.19517772
2021-12-29T12:00:00Z,0.0,-64.802086,-62.677082,0.16834208
2021-12-30T12:00:00Z,0.0,-64.802086,-62.677082,0.20341827
2021-12-31T12:00:00Z,0.0,-64.802086,-62.677082,0.13032445
2022-01-01T12:00:00Z,0.0,-64.802086,-62.677082,0.12495561
2022-01-02T12:00:00Z,0.0,-64.802086,-62.677082,0.12318487
2022-01-03T12:00:00Z,0.0,-64.802086,-62.677082,0.120258376
2022-01-04T12:00:00Z,0.0,-64.802086,-62.677082,0.12729722
2022-01-05T12:00:00Z,0.0,-64.802086,-62.677082,0.123258546
2022-01-06T12:00:00Z,0.0,-64.802086,-62.677082,0.13594042
2022-01-07T12:00:00Z,0.0,-64.802086,-62.677082,0.12464978
2022-01-08T12:00:00Z,0.0,-64.802086,-62.677082,0.10307658
2022-01-09T12:00:00Z,0.0,-64.802086,-62.677082,0.10877884
2022-01-10T12:00:00Z,0.0,-64.802086,-62.677082,0.11375136
2022-01-11T12:00:00Z,0.0,-64.802086,-62.677082,0.105595686
2022-01-12T12:00:00Z,0.0,-64.802086,-62.677082,0.10885584
2022-01-13T12:00:00Z,0.0,-64.802086,-62.677082,0.10717502
2022-01-14T12:00:00Z,0.0,-64.802086,-62.677082,0.12144366
2022-01-15T12:00:00Z,0.0,-64.802086,-62.677082,0.07235954
2022-01-16T12:00:00Z,0.0,-64.802086,-62.677082,0.08456898
2022-01-17T12:00:00Z,0.0,-64.802086,-62.677082,0.10572084
2022-01-18T12:00:00Z,0.0,-64.802086,-62.677082,0.10220747
2022-01-19T12:00:00Z,0.0,-64.802086,-62.677082,0.10245568
2022-01-20T12:00:00Z,0.0,-64.802086,-62.677082,0.103095196
2022-01-21T12:00:00Z,0.0,-64.802086,-62.677082,0.09729124
2022-01-22T12:00:00Z,0.0,-64.802086,-62.677082,0.098204225
2022-01-23T12:00:00Z,0.0,-64.802086,-62.677082,0.09840051
2022-01-24T12:00:00Z,0.0,-64.802086,-62.677082,0.10640505
2022-01-25T12:00:00Z,0.0,-64.802086,-62.677082,0.11917313
2022-01-26T12:00:00Z,0.0,-64.802086,-62.677082,0.12099748
2022-01-27T12:00:00Z,0.0,-64.802086,-62.677082,0.12819265
2022-01-28T12:00:00Z,0.0,-64.802086,-62.677082,0.13156247
2022-01-29T12:00:00Z,0.0,-64.802086,-62.677082,0.13699855
2022-01-30T12:00:00Z,0.0,-64.802086,-62.677082,0.12069668
2022-01-31T12:00:00Z,0.0,-64.802086,-62.677082,0.12294549
2022-02-01T12:00:00Z,0.0,-64.802086,-62.677082,0.12401572
2022-02-02T12:00:00Z,0.0,-64.802086,-62.677082,0.12417666
2022-02-03T12:00:00Z,0.0,-64.802086,-62.677082,0.13108476
2022-02-04T12:00:00Z,0.0,-64.802086,-62.677082,0.13470758
2022-02-05T12:00:00Z,0.0,-64.802086,-62.677082,0.14714235
2022-02-06T12:00:00Z,0.0,-64.802086,-62.677082,0.16034064
2022-02-07T12:00:00Z,0.0,-64.802086,-62.677082,0.1539606
2022-02-08T12:00:00Z,0.0,-64.802086,-62.677082,0.16094084
2022-02-09T12:00:00Z,0.0,-64.802086,-62.677082,0.16654427
2022-02-10T12:00:00Z,0.0,-64.802086,-62.677082,0.17317954
2022-02-11T12:00:00Z,0.0,-64.802086,-62.677082,0.17677535
2022-02-12T12:00:00Z,0.0,-64.802086,-62.677082,0.19431797
2022-02-13T12:00:00Z,0.0,-64.802086,-62.677082,0.19651848
2022-02-14T12:00:00Z,0.0,-64.802086,-62.677082,0.17273296
2022-02-15T12:00:00Z,0.0,-64.802086,-62.677082,0.18635164
2022-02-16T12:00:00Z,0.0,-64.802086,-62.677082,0.18480158
2022-02-17T12:00:00Z,0.0,-64.802086,-62.677082,0.18043153
2022-02-18T12:00:00Z,0.0,-64.802086,-62.677082,0.194284
2022-02-19T12:00:00Z,0.0,-64.802086,-62.677082,0.18792199
2022-02-20T12:00:00Z,0.0,-64.802086,-62.677082,0.20680398
2022-02-21T12:00:00Z,0.0,-64.802086,-62.677082,0.20173123
2022-02-22T12:00:00Z,0.0,-64.802086,-62.677082,0.19669668
2022-02-23T12:00:00Z,0.0,-64.802086,-62.677082,0.19830723
2022-02-24T12:00:00Z,0.0,-64.802086,-62.677082,0.15455301
2022-02-25T12:00:00Z,0.0,-64.802086,-62.677082,0.15255319
2022-02-26T12:00:00Z,0.0,-64.802086,-62.677082,0.14346264
2022-02-27T12:00:00Z,0.0,-64.802086,-62.677082,0.1358402
2022-02-28T12:00:00Z,0.0,-64.802086,-62.677082,0.13483182
2022-03-01T12:00:00Z,0.0,-64.802086,-62.677082,0.14316902
2022-03-02T12:00:00Z,0.0,-64.802086,-62.677082,0.14114365
2022-03-03T12:00:00Z,0.0,-64.802086,-62.677082,0.12424476
2022-03-04T12:00:00Z,0.0,-64.802086,-62.677082,0.12300963
2022-03-05T12:00:00Z,0.0,-64.802086,-62.677082,0.11342563
2022-03-06T12:00:00Z,0.0,-64.802086,-62.677082,0.089264184
2022-03-07T12:00:00Z,0.0,-64.802086,-62.677082,0.0863307
2022-03-08T12:00:00Z,0.0,-64.802086,-62.677082,0.080395035
2022-03-09T12:00:00Z,0.0,-64.802086,-62.677082,0.08490567
2022-03-10T12:00:00Z,0.0,-64.802086,-62.677082,0.0923077
2022-03-11T12:00:00Z,0.0,-64.802086,-62.677082,0.07843732
2022-03-12T12:00:00Z,0.0,-64.802086,-62.677082,0.08702244
2022-03-13T12:00:00Z,0.0,-64.802086,-62.677082,0.09101431
2022-03-14T12:00:00Z,0.0,-64.802086,-62.677082,NaN
2022-03-15T12:00:00Z,0.0,-64.802086,-62.677082,NaN
2022-03-16T12:00:00Z,0.0,-64.802086,-62.677082,NaN
2022-03-17T12:00:00Z,0.0,-64.802086,-62.677082,NaN
2022-03-18T12:00:00Z,0.0,-64.802086,-62.677082,NaN
2022-03-19T12:00:00Z,0.0,-64.802086,-62.677082,NaN
2022-03-20T12:00:00Z,0.0,-64.802086,-62.677082,NaN
2022-03-21T12:00:00Z,0.0,-64.802086,-62.677082,NaN
2022-03-22T12:00:00Z,0.0,-64.802086,-62.677082,NaN
2022-03-23T12:00:00Z,0.0,-64.802086,-62.677082,NaN
2022-03-24T12:00:00Z,0.0,-64.802086,-62.677082,NaN
2022-03-25T12:00:00Z,0.0,-64.802086,-62.677082,NaN
2022-03-26T12:00:00Z,0.0,-64.802086,-62.677082,NaN
2022-03-27T12:00:00Z,0.0,-64.802086,-62.677082,NaN
2022-03-28T12:00:00Z,0.0,-64.802086,-62.677082,NaN
2022-03-29T12:00:00Z,0.0,-64.802086,-62.677082,NaN
2022-03-30T12:00:00Z,0.0,-64.802086,-62.677082,NaN
2022-03-31T12:00:00Z,0.0,-64.802086,-62.677082,NaN
2022-04-01T12:00:00Z,0.0,-64.802086,-62.677082,NaN
2022-04-02T12:00:00Z,0.0,-64.802086,-62.677082,NaN
2022-04-03T12:00:00Z,0.0,-64.802086,-62.677082,NaN
2022-04-04T12:00:00Z,0.0,-64.802086,-62.677082,NaN
2022-04-05T12:00:00Z,0.0,-64.802086,-62.677082,NaN
2022-04-06T12:00:00Z,0.0,-64.802086,-62.677082,NaN
2022-04-07T12:00:00Z,0.0,-64.802086,-62.677082,NaN
2022-04-08T12:00:00Z,0.0,-64.802086,-62.677082,NaN
2022-04-09T12:00:00Z,0.0,-64.802086,-62.677082,NaN
2022-04-10T12:00:00Z,0.0,-64.802086,-62.677082,NaN
2022-04-11T12:00:00Z,0.0,-64.802086,-62.677082,NaN
2022-04-12T12:00:00Z,0.0,-64.802086,-62.677082,NaN
2022-04-13T12:00:00Z,0.0,-64.802086,-62.677082,NaN
2022-04-14T12:00:00Z,0.0,-64.802086,-62.677082,NaN
2022-04-15T12:00:00Z,0.0,-64.802086,-62.677082,NaN
2022-04-16T12:00:00Z,0.0,-64.802086,-62.677082,NaN
2022-04-17T12:00:00Z,0.0,-64.802086,-62.677082,NaN
2022-04-18T12:00:00Z,0.0,-64.802086,-62.677082,NaN
2022-04-19T12:00:00Z,0.0,-64.802086,-62.677082,NaN
2022-04-20T12:00:00Z,0.0,-64.802086,-62.677082,NaN
2022-04-21T12:00:00Z,0.0,-64.802086,-62.677082,NaN
2022-04-22T12:00:00Z,0.0,-64.802086,-62.677082,NaN
2022-04-23T12:00:00Z,0.0,-64.802086,-62.677082,NaN
2022-04-24T12:00:00Z,0.0,-64.802086,-62.677082,NaN
2022-04-25T12:00:00Z,0.0,-64.802086,-62.677082,NaN
2022-04-26T12:00:00Z,0.0,-64.802086,-62.677082,NaN
2022-04-27T12:00:00Z,0.0,-64.802086,-62.677082,NaN
2022-04-28T12:00:00Z,0.0,-64.802086,-62.677082,NaN
2022-04-29T12:00:00Z,0.0,-64.802086,-62.677082,NaN
2022-04-30T12:00:00Z,0.0,-64.802086,-62.677082,NaN
2022-05-01T12:00:00Z,0.0,-64.802086,-62.677082,NaN
2022-05-02T12:00:00Z,0.0,-64.802086,-62.677082,NaN
2022-05-03T12:00:00Z,0.0,-64.802086,-62.677082,NaN
2022-05-04T12:00:00Z,0.0,-64.802086,-62.677082,NaN
2022-05-05T12:00:00Z,0.0,-64.802086,-62.677082,NaN
2022-05-06T12:00:00Z,0.0,-64.802086,-62.677082,NaN
2022-05-07T12:00:00Z,0.0,-64.802086,-62.677082,NaN
2022-05-08T12:00:00Z,0.0,-64.802086,-62.677082,NaN
2022-05-09T12:00:00Z,0.0,-64.802086,-62.677082,NaN
2022-05-10T12:00:00Z,0.0,-64.802086,-62.677082,NaN
2022-05-11T12:00:00Z,0.0,-64.802086,-62.677082,NaN
2022-05-12T12:00:00Z,0.0,-64.802086,-62.677082,NaN
2022-05-13T12:00:00Z,0.0,-64.802086,-62.677082,NaN
2022-05-14T12:00:00Z,0.0,-64.802086,-62.677082,NaN
2022-05-15T12:00:00Z,0.0,-64.802086,-62.677082,NaN
2022-05-16T12:00:00Z,0.0,-64.802086,-62.677082,NaN
2022-05-17T12:00:00Z,0.0,-64.802086,-62.677082,NaN
2022-05-18T12:00:00Z,0.0,-64.802086,-62.677082,NaN
2022-05-19T12:00:00Z,0.0,-64.802086,-62.677082,NaN
2022-05-20T12:00:00Z,0.0,-64.802086,-62.677082,NaN
2022-05-21T12:00:00Z,0.0,-64.802086,-62.677082,NaN
2022-05-22T12:00:00Z,0.0,-64.802086,-62.677082,NaN
2022-05-23T12:00:00Z,0.0,-64.802086,-62.677082,NaN
2022-05-24T12:00:00Z,0.0,-64.802086,-62.677082,NaN
2022-05-25T12:00:00Z,0.0,-64.802086,-62.677082,NaN
2022-05-26T12:00:00Z,0.0,-64.802086,-62.677082,NaN
2022-05-27T12:00:00Z,0.0,-64.802086,-62.677082,NaN
2022-05-28T12:00:00Z,0.0,-64.802086,-62.677082,NaN
2022-05-29T12:00:00Z,0.0,-64.802086,-62.677082,NaN
2022-05-30T12:00:00Z,0.0,-64.802086,-62.677082,NaN
2022-05-31T12:00:00Z,0.0,-64.802086,-62.677082,NaN
2022-06-01T12:00:00Z,0.0,-64.802086,-62.677082,NaN
2022-06-02T12:00:00Z,0.0,-64.802086,-62.677082,NaN
2022-06-03T12:00:00Z,0.0,-64.802086,-62.677082,NaN
2022-06-04T12:00:00Z,0.0,-64.802086,-62.677082,NaN
2022-06-05T12:00:00Z,0.0,-64.802086,-62.677082,NaN
2022-06-06T12:00:00Z,0.0,-64.802086,-62.677082,NaN
2022-06-07T12:00:00Z,0.0,-64.802086,-62.677082,NaN
2022-06-08T12:00:00Z,0.0,-64.802086,-62.677082,NaN
2022-06-09T12:00:00Z,0.0,-64.802086,-62.677082,NaN
2022-06-10T12:00:00Z,0.0,-64.802086,-62.677082,NaN
2022-06-11T12:00:00Z,0.0,-64.802086,-62.677082,NaN
2022-06-12T12:00:00Z,0.0,-64.802086,-62.677082,NaN
2022-06-13T12:00:00Z,0.0,-64.802086,-62.677082,NaN
2022-06-14T12:00:00Z,0.0,-64.802086,-62.677082,NaN
2022-06-15T12:00:00Z,0.0,-64.802086,-62.677082,NaN
2022-06-16T12:00:00Z,0.0,-64.802086,-62.677082,NaN
2022-06-17T12:00:00Z,0.0,-64.802086,-62.677082,NaN
2022-06-18T12:00:00Z,0.0,-64.802086,-62.677082,NaN
2022-06-19T12:00:00Z,0.0,-64.802086,-62.677082,NaN
2022-06-20T12:00:00Z,0.0,-64.802086,-62.677082,NaN
2022-06-21T12:00:00Z,0.0,-64.802086,-62.677082,NaN
2022-06-22T12:00:00Z,0.0,-64.802086,-62.677082,NaN
2022-06-23T12:00:00Z,0.0,-64.802086,-62.677082,NaN
2022-06-24T12:00:00Z,0.0,-64.802086,-62.677082,NaN
2022-06-25T12:00:00Z,0.0,-64.802086,-62.677082,NaN
2022-06-26T12:00:00Z,0.0,-64.802086,-62.677082,NaN
2022-06-27T12:00:00Z,0.0,-64.802086,-62.677082,NaN
2022-06-28T12:00:00Z,0.0,-64.802086,-62.677082,NaN
2022-06-29T12:00:00Z,0.0,-64.802086,-62.677082,NaN
2022-06-30T12:00:00Z,0.0,-64.802086,-62.677082,NaN
2022-07-01T12:00:00Z,0.0,-64.802086,-62.677082,NaN
2022-07-02T12:00:00Z,0.0,-64.802086,-62.677082,NaN
2022-07-03T12:00:00Z,0.0,-64.802086,-62.677082,NaN
2022-07-04T12:00:00Z,0.0,-64.802086,-62.677082,NaN
2022-07-05T12:00:00Z,0.0,-64.802086,-62.677082,NaN
2022-07-06T12:00:00Z,0.0,-64.802086,-62.677082,NaN
2022-07-07T12:00:00Z,0.0,-64.802086,-62.677082,NaN
2022-07-08T12:00:00Z,0.0,-64.802086,-62.677082,NaN
2022-07-09T12:00:00Z,0.0,-64.802086,-62.677082,NaN
2022-07-10T12:00:00Z,0.0,-64.802086,-62.677082,NaN
2022-07-11T12:00:00Z,0.0,-64.802086,-62.677082,NaN
2022-07-12T12:00:00Z,0.0,-64.802086,-62.677082,NaN
2022-07-13T12:00:00Z,0.0,-64.802086,-62.677082,NaN
2022-07-14T12:00:00Z,0.0,-64.802086,-62.677082,NaN
2022-07-15T12:00:00Z,0.0,-64.802086,-62.677082,NaN
2022-07-16T12:00:00Z,0.0,-64.802086,-62.677082,NaN
2022-07-17T12:00:00Z,0.0,-64.802086,-62.677082,NaN
2022-07-18T12:00:00Z,0.0,-64.802086,-62.677082,NaN
2022-07-19T12:00:00Z,0.0,-64.802086,-62.677082,NaN
2022-07-20T12:00:00Z,0.0,-64.802086,-62.677082,NaN
2022-07-21T12:00:00Z,0.0,-64.802086,-62.677082,NaN
2022-07-22T12:00:00Z,0.0,-64.802086,-62.677082,NaN
2022-07-23T12:00:00Z,0.0,-64.802086,-62.677082,NaN
2022-07-24T12:00:00Z,0.0,-64.802086,-62.677082,NaN
2022-07-25T12:00:00Z,0.0,-64.802086,-62.677082,NaN
2022-07-26T12:00:00Z,0.0,-64.802086,-62.677082,NaN
2022-07-27T12:00:00Z,0.0,-64.802086,-62.677082,NaN
2022-07-28T12:00:00Z,0.0,-64.802086,-62.677082,NaN
2022-07-29T12:00:00Z,0.0,-64.802086,-62.677082,NaN
2022-07-30T12:00:00Z,0.0,-64.802086,-62.677082,NaN
2022-07-31T12:00:00Z,0.0,-64.802086,-62.677082,NaN
2022-08-01T12:00:00Z,0.0,-64.802086,-62.677082,NaN
2022-08-02T12:00:00Z,0.0,-64.802086,-62.677082,NaN
2022-08-03T12:00:00Z,0.0,-64.802086,-62.677082,NaN
2022-08-04T12:00:00Z,0.0,-64.802086,-62.677082,NaN
2022-08-05T12:00:00Z,0.0,-64.802086,-62.677082,NaN
2022-08-06T12:00:00Z,0.0,-64.802086,-62.677082,NaN
2022-08-07T12:00:00Z,0.0,-64.802086,-62.677082,NaN
2022-08-08T12:00:00Z,0.0,-64.802086,-62.677082,NaN
2022-08-09T12:00:00Z,0.0,-64.802086,-62.677082,NaN
2022-08-10T12:00:00Z,0.0,-64.802086,-62.677082,NaN
2022-08-11T12:00:00Z,0.0,-64.802086,-62.677082,NaN
2022-08-12T12:00:00Z,0.0,-64.802086,-62.677082,NaN
2022-08-13T12:00:00Z,0.0,-64.802086,-62.677082,NaN
2022-08-14T12:00:00Z,0.0,-64.802086,-62.677082,NaN
2022-08-15T12:00:00Z,0.0,-64.802086,-62.677082,NaN
2022-08-16T12:00:00Z,0.0,-64.802086,-62.677082,NaN
2022-08-17T12:00:00Z,0.0,-64.802086,-62.677082,NaN
2022-08-18T12:00:00Z,0.0,-64.802086,-62.677082,NaN
2022-08-19T12:00:00Z,0.0,-64.802086,-62.677082,NaN
2022-08-20T12:00:00Z,0.0,-64.802086,-62.677082,NaN
2022-08-21T12:00:00Z,0.0,-64.802086,-62.677082,NaN
2022-08-22T12:00:00Z,0.0,-64.802086,-62.677082,NaN
2022-08-23T12:00:00Z,0.0,-64.802086,-62.677082,NaN
2022-08-24T12:00:00Z,0.0,-64.802086,-62.677082,NaN
2022-08-25T12:00:00Z,0.0,-64.802086,-62.677082,NaN
2022-08-26T12:00:00Z,0.0,-64.802086,-62.677082,NaN
2022-08-27T12:00:00Z,0.0,-64.802086,-62.677082,NaN
2022-08-28T12:00:00Z,0.0,-64.802086,-62.677082,NaN
2022-08-29T12:00:00Z,0.0,-64.802086,-62.677082,NaN
2022-08-30T12:00:00Z,0.0,-64.802086,-62.677082,NaN
2022-08-31T12:00:00Z,0.0,-64.802086,-62.677082,NaN
2022-09-01T12:00:00Z,0.0,-64.802086,-62.677082,NaN
2022-09-02T12:00:00Z,0.0,-64.802086,-62.677082,NaN
2022-09-03T12:00:00Z,0.0,-64.802086,-62.677082,NaN
2022-09-04T12:00:00Z,0.0,-64.802086,-62.677082,NaN
2022-09-05T12:00:00Z,0.0,-64.802086,-62.677082,NaN
2022-09-06T12:00:00Z,0.0,-64.802086,-62.677082,NaN
2022-09-07T12:00:00Z,0.0,-64.802086,-62.677082,NaN
2022-09-08T12:00:00Z,0.0,-64.802086,-62.677082,NaN
2022-09-09T12:00:00Z,0.0,-64.802086,-62.677082,NaN
2022-09-10T12:00:00Z,0.0,-64.802086,-62.677082,NaN
2022-09-11T12:00:00Z,0.0,-64.802086,-62.677082,NaN
2022-09-12T12:00:00Z,0.0,-64.802086,-62.677082,NaN
2022-09-13T12:00:00Z,0.0,-64.802086,-62.677082,NaN
2022-09-14T12:00:00Z,0.0,-64.802086,-62.677082,NaN
2022-09-15T12:00:00Z,0.0,-64.802086,-62.677082,NaN
2022-09-16T12:00:00Z,0.0,-64.802086,-62.677082,NaN
2022-09-17T12:00:00Z,0.0,-64.802086,-62.677082,NaN
2022-09-18T12:00:00Z,0.0,-64.802086,-62.677082,NaN
2022-09-19T12:00:00Z,0.0,-64.802086,-62.677082,NaN
2022-09-20T12:00:00Z,0.0,-64.802086,-62.677082,NaN
2022-09-21T12:00:00Z,0.0,-64.802086,-62.677082,NaN
2022-09-22T12:00:00Z,0.0,-64.802086,-62.677082,NaN
2022-09-23T12:00:00Z,0.0,-64.802086,-62.677082,NaN
2022-09-24T12:00:00Z,0.0,-64.802086,-62.677082,NaN
2022-09-25T12:00:00Z,0.0,-64.802086,-62.677082,NaN
2022-09-26T12:00:00Z,0.0,-64.802086,-62.677082,NaN
2022-09-27T12:00:00Z,0.0,-64.802086,-62.677082,NaN
2022-09-28T12:00:00Z,0.0,-64.802086,-62.677082,NaN
2022-09-29T12:00:00Z,0.0,-64.802086,-62.677082,NaN
2022-09-30T12:00:00Z,0.0,-64.802086,-62.677082,NaN
2022-10-01T12:00:00Z,0.0,-64.802086,-62.677082,NaN
2022-10-02T12:00:00Z,0.0,-64.802086,-62.677082,NaN
2022-10-03T12:00:00Z,0.0,-64.802086,-62.677082,NaN
2022-10-04T12:00:00Z,0.0,-64.802086,-62.677082,NaN
2022-10-05T12:00:00Z,0.0,-64.802086,-62.677082,NaN
2022-10-06T12:00:00Z,0.0,-64.802086,-62.677082,NaN
2022-10-07T12:00:00Z,0.0,-64.802086,-62.677082,NaN
2022-10-08T12:00:00Z,0.0,-64.802086,-62.677082,NaN
2022-10-09T12:00:00Z,0.0,-64.802086,-62.677082,NaN
2022-10-10T12:00:00Z,0.0,-64.802086,-62.677082,NaN
2022-10-11T12:00:00Z,0.0,-64.802086,-62.677082,NaN
2022-10-12T12:00:00Z,0.0,-64.802086,-62.677082,NaN
2022-10-13T12:00:00Z,0.0,-64.802086,-62.677082,NaN
2022-10-14T12:00:00Z,0.0,-64.802086,-62.677082,NaN
2022-10-15T12:00:00Z,0.0,-64.802086,-62.677082,NaN
2022-10-16T12:00:00Z,0.0,-64.802086,-62.677082,NaN
2022-10-17T12:00:00Z,0.0,-64.802086,-62.677082,NaN
2022-10-18T12:00:00Z,0.0,-64.802086,-62.677082,NaN
2022-10-19T12:00:00Z,0.0,-64.802086,-62.677082,NaN
2022-10-20T12:00:00Z,0.0,-64.802086,-62.677082,NaN
2022-10-21T12:00:00Z,0.0,-64.802086,-62.677082,0.061975263
2022-10-22T12:00:00Z,0.0,-64.802086,-62.677082,0.07017415
2022-10-23T12:00:00Z,0.0,-64.802086,-62.677082,0.067046024
2022-10-24T12:00:00Z,0.0,-64.802086,-62.677082,0.088594824
2022-10-25T12:00:00Z,0.0,-64.802086,-62.677082,0.05775492
2022-10-26T12:00:00Z,0.0,-64.802086,-62.677082,0.07159177
2022-10-27T12:00:00Z,0.0,-64.802086,-62.677082,0.07992098
2022-10-28T12:00:00Z,0.0,-64.802086,-62.677082,0.07259875
2022-10-29T12:00:00Z,0.0,-64.802086,-62.677082,0.058154814
2022-10-30T12:00:00Z,0.0,-64.802086,-62.677082,0.07937142
2022-10-31T12:00:00Z,0.0,-64.802086,-62.677082,0.07028217
2022-11-01T12:00:00Z,0.0,-64.802086,-62.677082,0.071212076
2022-11-02T12:00:00Z,0.0,-64.802086,-62.677082,0.07600904
2022-11-03T12:00:00Z,0.0,-64.802086,-62.677082,0.089516014
2022-11-04T12:00:00Z,0.0,-64.802086,-62.677082,0.08835756
2022-11-05T12:00:00Z,0.0,-64.802086,-62.677082,0.08490228
2022-11-06T12:00:00Z,0.0,-64.802086,-62.677082,0.081679605
2022-11-07T12:00:00Z,0.0,-64.802086,-62.677082,0.079278626
2022-11-08T12:00:00Z,0.0,-64.802086,-62.677082,0.08992548
2022-11-09T12:00:00Z,0.0,-64.802086,-62.677082,0.065777354
2022-11-10T12:00:00Z,0.0,-64.802086,-62.677082,0.07509805
2022-11-11T12:00:00Z,0.0,-64.802086,-62.677082,0.095237106
2022-11-12T12:00:00Z,0.0,-64.802086,-62.677082,0.091904305
2022-11-13T12:00:00Z,0.0,-64.802086,-62.677082,0.109875396
2022-11-14T12:00:00Z,0.0,-64.802086,-62.677082,0.07056251
2022-11-15T12:00:00Z,0.0,-64.802086,-62.677082,0.07451566
2022-11-16T12:00:00Z,0.0,-64.802086,-62.677082,0.07223435
2022-11-17T12:00:00Z,0.0,-64.802086,-62.677082,0.06388904
2022-11-18T12:00:00Z,0.0,-64.802086,-62.677082,0.12647808
2022-11-19T12:00:00Z,0.0,-64.802086,-62.677082,0.13724613
2022-11-20T12:00:00Z,0.0,-64.802086,-62.677082,0.13184595
2022-11-21T12:00:00Z,0.0,-64.802086,-62.677082,0.11716893
2022-11-22T12:00:00Z,0.0,-64.802086,-62.677082,0.09395429
2022-11-23T12:00:00Z,0.0,-64.802086,-62.677082,0.09564453
2022-11-24T12:00:00Z,0.0,-64.802086,-62.677082,0.08944652
2022-11-25T12:00:00Z,0.0,-64.802086,-62.677082,0.092293344
2022-11-26T12:00:00Z,0.0,-64.802086,-62.677082,0.09198112
2022-11-27T12:00:00Z,0.0,-64.802086,-62.677082,0.086947724
2022-11-28T12:00:00Z,0.0,-64.802086,-62.677082,0.07294045
2022-11-29T12:00:00Z,0.0,-64.802086,-62.677082,0.051569056
2022-11-30T12:00:00Z,0.0,-64.802086,-62.677082,0.046105407
2022-12-01T12:00:00Z,0.0,-64.802086,-62.677082,0.042038973
2022-12-02T12:00:00Z,0.0,-64.802086,-62.677082,0.05268021
2022-12-03T12:00:00Z,0.0,-64.802086,-62.677082,0.048748072
2022-12-04T12:00:00Z,0.0,-64.802086,-62.677082,0.050037794
2022-12-05T12:00:00Z,0.0,-64.802086,-62.677082,0.048174627
2022-12-06T12:00:00Z,0.0,-64.802086,-62.677082,0.073292054
2022-12-07T12:00:00Z,0.0,-64.802086,-62.677082,0.13326195
2022-12-08T12:00:00Z,0.0,-64.802086,-62.677082,0.13870846
2022-12-09T12:00:00Z,0.0,-64.802086,-62.677082,0.14946935
2022-12-10T12:00:00Z,0.0,-64.802086,-62.677082,0.1410694
2022-12-11T12:00:00Z,0.0,-64.802086,-62.677082,0.13945468
2022-12-12T12:00:00Z,0.0,-64.802086,-62.677082,0.13114278
2022-12-13T12:00:00Z,0.0,-64.802086,-62.677082,0.12327854
2022-12-14T12:00:00Z,0.0,-64.802086,-62.677082,0.12412001
2022-12-15T12:00:00Z,0.0,-64.802086,-62.677082,0.12780519
2022-12-16T12:00:00Z,0.0,-64.802086,-62.677082,0.12451465
2022-12-17T12:00:00Z,0.0,-64.802086,-62.677082,0.13944966
2022-12-18T12:00:00Z,0.0,-64.802086,-62.677082,0.13621622
2022-12-19T12:00:00Z,0.0,-64.802086,-62.677082,0.15966877
2022-12-20T12:00:00Z,0.0,-64.802086,-62.677082,0.14837658
2022-12-21T12:00:00Z,0.0,-64.802086,-62.677082,0.13883646
2022-12-22T12:00:00Z,0.0,-64.802086,-62.677082,0.08017165
2022-12-23T12:00:00Z,0.0,-64.802086,-62.677082,0.09245078
2022-12-24T12:00:00Z,0.0,-64.802086,-62.677082,0.085767075
2022-12-25T12:00:00Z,0.0,-64.802086,-62.677082,0.08785896
2022-12-26T12:00:00Z,0.0,-64.802086,-62.677082,0.09908409
2022-12-27T12:00:00Z,0.0,-64.802086,-62.677082,0.10284712
2022-12-28T12:00:00Z,0.0,-64.802086,-62.677082,0.097299136
2022-12-29T12:00:00Z,0.0,-64.802086,-62.677082,0.09627506
2022-12-30T12:00:00Z,0.0,-64.802086,-62.677082,0.09374577
2022-12-31T12:00:00Z,0.0,-64.802086,-62.677082,0.09483155
2023-01-01T12:00:00Z,0.0,-64.802086,-62.677082,0.1028112
2023-01-02T12:00:00Z,0.0,-64.802086,-62.677082,0.10500228
2023-01-03T12:00:00Z,0.0,-64.802086,-62.677082,0.124536626
2023-01-04T12:00:00Z,0.0,-64.802086,-62.677082,0.12916231
2023-01-05T12:00:00Z,0.0,-64.802086,-62.677082,0.12418095
2023-01-06T12:00:00Z,0.0,-64.802086,-62.677082,0.1340623
2023-01-07T12:00:00Z,0.0,-64.802086,-62.677082,0.12869078
2023-01-08T12:00:00Z,0.0,-64.802086,-62.677082,0.1357966
2023-01-09T12:00:00Z,0.0,-64.802086,-62.677082,0.13587107
2023-01-10T12:00:00Z,0.0,-64.802086,-62.677082,0.17387043
2023-01-11T12:00:00Z,0.0,-64.802086,-62.677082,0.19398847
2023-01-12T12:00:00Z,0.0,-64.802086,-62.677082,0.24013129
2023-01-13T12:00:00Z,0.0,-64.802086,-62.677082,0.24613042
2023-01-14T12:00:00Z,0.0,-64.802086,-62.677082,0.27607962
2023-01-15T12:00:00Z,0.0,-64.802086,-62.677082,0.26713088
2023-01-16T12:00:00Z,0.0,-64.802086,-62.677082,0.19249806
2023-01-17T12:00:00Z,0.0,-64.802086,-62.677082,0.18268669
2023-01-18T12:00:00Z,0.0,-64.802086,-62.677082,0.18692048
2023-01-19T12:00:00Z,0.0,-64.802086,-62.677082,0.19599412
2023-01-20T12:00:00Z,0.0,-64.802086,-62.677082,0.2035182
2023-01-21T12:00:00Z,0.0,-64.802086,-62.677082,0.21249467
2023-01-22T12:00:00Z,0.0,-64.802086,-62.677082,0.2026221
2023-01-23T12:00:00Z,0.0,-64.802086,-62.677082,0.20504588
2023-01-24T12:00:00Z,0.0,-64.802086,-62.677082,0.21168432
2023-01-25T12:00:00Z,0.0,-64.802086,-62.677082,0.20950688
2023-01-26T12:00:00Z,0.0,-64.802086,-62.677082,0.1834453
2023-01-27T12:00:00Z,0.0,-64.802086,-62.677082,0.18013823
2023-01-28T12:00:00Z,0.0,-64.802086,-62.677082,0.141587
2023-01-29T12:00:00Z,0.0,-64.802086,-62.677082,0.13602264
2023-01-30T12:00:00Z,0.0,-64.802086,-62.677082,0.13770974
2023-01-31T12:00:00Z,0.0,-64.802086,-62.677082,0.13509156
2023-02-01T12:00:00Z,0.0,-64.802086,-62.677082,0.12449623
2023-02-02T12:00:00Z,0.0,-64.802086,-62.677082,0.12590052
2023-02-03T12:00:00Z,0.0,-64.802086,-62.677082,0.12056642
2023-02-04T12:00:00Z,0.0,-64.802086,-62.677082,0.118309304
2023-02-05T12:00:00Z,0.0,-64.802086,-62.677082,0.12456225
2023-02-06T12:00:00Z,0.0,-64.802086,-62.677082,0.13176048
2023-02-07T12:00:00Z,0.0,-64.802086,-62.677082,0.13345565
2023-02-08T12:00:00Z,0.0,-64.802086,-62.677082,0.1427862
2023-02-09T12:00:00Z,0.0,-64.802086,-62.677082,0.15879242
2023-02-10T12:00:00Z,0.0,-64.802086,-62.677082,0.15705937
2023-02-11T12:00:00Z,0.0,-64.802086,-62.677082,0.15375637
2023-02-12T12:00:00Z,0.0,-64.802086,-62.677082,0.15503511
2023-02-13T12:00:00Z,0.0,-64.802086,-62.677082,0.099659756
2023-02-14T12:00:00Z,0.0,-64.802086,-62.677082,0.1024811
2023-02-15T12:00:00Z,0.0,-64.802086,-62.677082,0.098882906
2023-02-16T12:00:00Z,0.0,-64.802086,-62.677082,0.1099294
2023-02-17T12:00:00Z,0.0,-64.802086,-62.677082,0.107330784
2023-02-18T12:00:00Z,0.0,-64.802086,-62.677082,0.12173229
2023-02-19T12:00:00Z,0.0,-64.802086,-62.677082,0.13396847
2023-02-20T12:00:00Z,0.0,-64.802086,-62.677082,0.14941573
2023-02-21T12:00:00Z,0.0,-64.802086,-62.677082,0.14565872
2023-02-22T12:00:00Z,0.0,-64.802086,-62.677082,0.13470803
2023-02-23T12:00:00Z,0.0,-64.802086,-62.677082,0.1406729
2023-02-24T12:00:00Z,0.0,-64.802086,-62.677082,0.1501122
2023-02-25T12:00:00Z,0.0,-64.802086,-62.677082,0.123122014
2023-02-26T12:00:00Z,0.0,-64.802086,-62.677082,0.12290602
2023-02-27T12:00:00Z,0.0,-64.802086,-62.677082,0.12098468
2023-02-28T12:00:00Z,0.0,-64.802086,-62.677082,0.12040357
2023-03-01T12:00:00Z,0.0,-64.802086,-62.677082,0.1168723
2023-03-02T12:00:00Z,0.0,-64.802086,-62.677082,0.1341801
2023-03-03T12:00:00Z,0.0,-64.802086,-62.677082,0.13675335
2023-03-04T12:00:00Z,0.0,-64.802086,-62.677082,0.1400714
2023-03-05T12:00:00Z,0.0,-64.802086,-62.677082,0.13777016
2023-03-06T12:00:00Z,0.0,-64.802086,-62.677082,0.1401377
2023-03-07T12:00:00Z,0.0,-64.802086,-62.677082,0.13308935
2023-03-08T12:00:00Z,0.0,-64.802086,-62.677082,0.13882722
2023-03-09T12:00:00Z,0.0,-64.802086,-62.677082,0.13594785
2023-03-10T12:00:00Z,0.0,-64.802086,-62.677082,0.13601889
2023-03-11T12:00:00Z,0.0,-64.802086,-62.677082,0.13777372
2023-03-12T12:00:00Z,0.0,-64.802086,-62.677082,0.13063186
2023-03-13T12:00:00Z,0.0,-64.802086,-62.677082,0.13353308
2023-03-14T12:00:00Z,0.0,-64.802086,-62.677082,NaN
2023-03-15T12:00:00Z,0.0,-64.802086,-62.677082,NaN
2023-03-16T12:00:00Z,0.0,-64.802086,-62.677082,NaN
2023-03-17T12:00:00Z,0.0,-64.802086,-62.677082,NaN
2023-03-18T12:00:00Z,0.0,-64.802086,-62.677082,NaN
2023-03-19T12:00:00Z,0.0,-64.802086,-62.677082,NaN
2023-03-20T12:00:00Z,0.0,-64.802086,-62.677082,NaN
2023-03-21T12:00:00Z,0.0,-64.802086,-62.677082,NaN
2023-03-22T12:00:00Z,0.0,-64.802086,-62.677082,NaN
2023-03-23T12:00:00Z,0.0,-64.802086,-62.677082,NaN
2023-03-24T12:00:00Z,0.0,-64.802086,-62.677082,NaN
2023-03-25T12:00:00Z,0.0,-64.802086,-62.677082,NaN
2023-03-26T12:00:00Z,0.0,-64.802086,-62.677082,NaN
2023-03-27T12:00:00Z,0.0,-64.802086,-62.677082,NaN
2023-03-28T12:00:00Z,0.0,-64.802086,-62.677082,NaN
2023-03-29T12:00:00Z,0.0,-64.802086,-62.677082,NaN
2023-03-30T12:00:00Z,0.0,-64.802086,-62.677082,NaN
2023-03-31T12:00:00Z,0.0,-64.802086,-62.677082,NaN
2023-04-01T12:00:00Z,0.0,-64.802086,-62.677082,NaN
2023-04-02T12:00:00Z,0.0,-64.802086,-62.677082,NaN
2023-04-03T12:00:00Z,0.0,-64.802086,-62.677082,NaN
2023-04-04T12:00:00Z,0.0,-64.802086,-62.677082,NaN
2023-04-05T12:00:00Z,0.0,-64.802086,-62.677082,NaN
2023-04-06T12:00:00Z,0.0,-64.802086,-62.677082,NaN
2023-04-07T12:00:00Z,0.0,-64.802086,-62.677082,NaN
2023-04-08T12:00:00Z,0.0,-64.802086,-62.677082,NaN
2023-04-09T12:00:00Z,0.0,-64.802086,-62.677082,NaN
2023-04-10T12:00:00Z,0.0,-64.802086,-62.677082,NaN
2023-04-11T12:00:00Z,0.0,-64.802086,-62.677082,NaN
2023-04-12T12:00:00Z,0.0,-64.802086,-62.677082,NaN
2023-04-13T12:00:00Z,0.0,-64.802086,-62.677082,NaN
2023-04-14T12:00:00Z,0.0,-64.802086,-62.677082,NaN
2023-04-15T12:00:00Z,0.0,-64.802086,-62.677082,NaN
2023-04-16T12:00:00Z,0.0,-64.802086,-62.677082,NaN
2023-04-17T12:00:00Z,0.0,-64.802086,-62.677082,NaN
2023-04-18T12:00:00Z,0.0,-64.802086,-62.677082,NaN
2023-04-19T12:00:00Z,0.0,-64.802086,-62.677082,NaN
2023-04-20T12:00:00Z,0.0,-64.802086,-62.677082,NaN
2023-04-21T12:00:00Z,0.0,-64.802086,-62.677082,NaN
2023-04-22T12:00:00Z,0.0,-64.802086,-62.677082,NaN
2023-04-23T12:00:00Z,0.0,-64.802086,-62.677082,NaN
2023-04-24T12:00:00Z,0.0,-64.802086,-62.677082,NaN
2023-04-25T12:00:00Z,0.0,-64.802086,-62.677082,NaN
2023-04-26T12:00:00Z,0.0,-64.802086,-62.677082,NaN
2023-04-27T12:00:00Z,0.0,-64.802086,-62.677082,NaN
2023-04-28T12:00:00Z,0.0,-64.802086,-62.677082,NaN
2023-04-29T12:00:00Z,0.0,-64.802086,-62.677082,NaN
2023-04-30T12:00:00Z,0.0,-64.802086,-62.677082,NaN
2023-05-01T12:00:00Z,0.0,-64.802086,-62.677082,NaN
2023-05-02T12:00:00Z,0.0,-64.802086,-62.677082,NaN
2023-05-03T12:00:00Z,0.0,-64.802086,-62.677082,NaN
2023-05-04T12:00:00Z,0.0,-64.802086,-62.677082,NaN
2023-05-05T12:00:00Z,0.0,-64.802086,-62.677082,NaN
2023-05-06T12:00:00Z,0.0,-64.802086,-62.677082,NaN
2023-05-07T12:00:00Z,0.0,-64.802086,-62.677082,NaN
2023-05-08T12:00:00Z,0.0,-64.802086,-62.677082,NaN
2023-05-09T12:00:00Z,0.0,-64.802086,-62.677082,NaN
2023-05-10T12:00:00Z,0.0,-64.802086,-62.677082,NaN
2023-05-11T12:00:00Z,0.0,-64.802086,-62.677082,NaN
2023-05-12T12:00:00Z,0.0,-64.802086,-62.677082,NaN
2023-05-13T12:00:00Z,0.0,-64.802086,-62.677082,NaN
2023-05-14T12:00:00Z,0.0,-64.802086,-62.677082,NaN
2023-05-15T12:00:00Z,0.0,-64.802086,-62.677082,NaN
2023-05-16T12:00:00Z,0.0,-64.802086,-62.677082,NaN
2023-05-17T12:00:00Z,0.0,-64.802086,-62.677082,NaN
2023-05-18T12:00:00Z,0.0,-64.802086,-62.677082,NaN
2023-05-19T12:00:00Z,0.0,-64.802086,-62.677082,NaN
2023-05-20T12:00:00Z,0.0,-64.802086,-62.677082,NaN
2023-05-21T12:00:00Z,0.0,-64.802086,-62.677082,NaN
2023-05-22T12:00:00Z,0.0,-64.802086,-62.677082,NaN
2023-05-23T12:00:00Z,0.0,-64.802086,-62.677082,NaN
2023-05-24T12:00:00Z,0.0,-64.802086,-62.677082,NaN
2023-05-25T12:00:00Z,0.0,-64.802086,-62.677082,NaN
2023-05-26T12:00:00Z,0.0,-64.802086,-62.677082,NaN
2023-05-27T12:00:00Z,0.0,-64.802086,-62.677082,NaN
2023-05-28T12:00:00Z,0.0,-64.802086,-62.677082,NaN
2023-05-29T12:00:00Z,0.0,-64.802086,-62.677082,NaN
2023-05-30T12:00:00Z,0.0,-64.802086,-62.677082,NaN
2023-05-31T12:00:00Z,0.0,-64.802086,-62.677082,NaN
2023-06-01T12:00:00Z,0.0,-64.802086,-62.677082,NaN
2023-06-02T12:00:00Z,0.0,-64.802086,-62.677082,NaN
2023-06-03T12:00:00Z,0.0,-64.802086,-62.677082,NaN
2023-06-04T12:00:00Z,0.0,-64.802086,-62.677082,NaN
2023-06-05T12:00:00Z,0.0,-64.802086,-62.677082,NaN
2023-06-06T12:00:00Z,0.0,-64.802086,-62.677082,NaN
2023-06-07T12:00:00Z,0.0,-64.802086,-62.677082,NaN
2023-06-08T12:00:00Z,0.0,-64.802086,-62.677082,NaN
2023-06-09T12:00:00Z,0.0,-64.802086,-62.677082,NaN
2023-06-10T12:00:00Z,0.0,-64.802086,-62.677082,NaN
2023-06-11T12:00:00Z,0.0,-64.802086,-62.677082,NaN
2023-06-12T12:00:00Z,0.0,-64.802086,-62.677082,NaN
2023-06-13T12:00:00Z,0.0,-64.802086,-62.677082,NaN
2023-06-14T12:00:00Z,0.0,-64.802086,-62.677082,NaN
2023-06-15T12:00:00Z,0.0,-64.802086,-62.677082,NaN
2023-06-16T12:00:00Z,0.0,-64.802086,-62.677082,NaN
2023-06-17T12:00:00Z,0.0,-64.802086,-62.677082,NaN
2023-06-18T12:00:00Z,0.0,-64.802086,-62.677082,NaN
2023-06-19T12:00:00Z,0.0,-64.802086,-62.677082,NaN
2023-06-20T12:00:00Z,0.0,-64.802086,-62.677082,NaN
2023-06-21T12:00:00Z,0.0,-64.802086,-62.677082,NaN
2023-06-22T12:00:00Z,0.0,-64.802086,-62.677082,NaN
2023-06-23T12:00:00Z,0.0,-64.802086,-62.677082,NaN
2023-06-24T12:00:00Z,0.0,-64.802086,-62.677082,NaN
2023-06-25T12:00:00Z,0.0,-64.802086,-62.677082,NaN
2023-06-26T12:00:00Z,0.0,-64.802086,-62.677082,NaN
2023-06-27T12:00:00Z,0.0,-64.802086,-62.677082,NaN
2023-06-28T12:00:00Z,0.0,-64.802086,-62.677082,NaN
2023-06-29T12:00:00Z,0.0,-64.802086,-62.677082,NaN
2023-06-30T12:00:00Z,0.0,-64.802086,-62.677082,NaN
2023-07-01T12:00:00Z,0.0,-64.802086,-62.677082,NaN
2023-07-02T12:00:00Z,0.0,-64.802086,-62.677082,NaN
2023-07-03T12:00:00Z,0.0,-64.802086,-62.677082,NaN
2023-07-04T12:00:00Z,0.0,-64.802086,-62.677082,NaN
2023-07-05T12:00:00Z,0.0,-64.802086,-62.677082,NaN
2023-07-06T12:00:00Z,0.0,-64.802086,-62.677082,NaN
2023-07-07T12:00:00Z,0.0,-64.802086,-62.677082,NaN
2023-07-08T12:00:00Z,0.0,-64.802086,-62.677082,NaN
2023-07-09T12:00:00Z,0.0,-64.802086,-62.677082,NaN
2023-07-10T12:00:00Z,0.0,-64.802086,-62.677082,NaN
2023-07-11T12:00:00Z,0.0,-64.802086,-62.677082,NaN
2023-07-12T12:00:00Z,0.0,-64.802086,-62.677082,NaN
2023-07-13T12:00:00Z,0.0,-64.802086,-62.677082,NaN
2023-07-14T12:00:00Z,0.0,-64.802086,-62.677082,NaN
2023-07-15T12:00:00Z,0.0,-64.802086,-62.677082,NaN
2023-07-16T12:00:00Z,0.0,-64.802086,-62.677082,NaN
2023-07-17T12:00:00Z,0.0,-64.802086,-62.677082,NaN
2023-07-18T12:00:00Z,0.0,-64.802086,-62.677082,NaN
2023-07-19T12:00:00Z,0.0,-64.802086,-62.677082,NaN
2023-07-20T12:00:00Z,0.0,-64.802086,-62.677082,NaN
2023-07-21T12:00:00Z,0.0,-64.802086,-62.677082,NaN
2023-07-22T12:00:00Z,0.0,-64.802086,-62.677082,NaN
2023-07-23T12:00:00Z,0.0,-64.802086,-62.677082,NaN
2023-07-24T12:00:00Z,0.0,-64.802086,-62.677082,NaN
2023-07-25T12:00:00Z,0.0,-64.802086,-62.677082,NaN
2023-07-26T12:00:00Z,0.0,-64.802086,-62.677082,NaN
2023-07-27T12:00:00Z,0.0,-64.802086,-62.677082,NaN
2023-07-28T12:00:00Z,0.0,-64.802086,-62.677082,NaN
2023-07-29T12:00:00Z,0.0,-64.802086,-62.677082,NaN
2023-07-30T12:00:00Z,0.0,-64.802086,-62.677082,NaN
2023-07-31T12:00:00Z,0.0,-64.802086,-62.677082,NaN
2023-08-01T12:00:00Z,0.0,-64.802086,-62.677082,NaN
2023-08-02T12:00:00Z,0.0,-64.802086,-62.677082,NaN
2023-08-03T12:00:00Z,0.0,-64.802086,-62.677082,NaN
2023-08-04T12:00:00Z,0.0,-64.802086,-62.677082,NaN
2023-08-05T12:00:00Z,0.0,-64.802086,-62.677082,NaN
2023-08-06T12:00:00Z,0.0,-64.802086,-62.677082,NaN
2023-08-07T12:00:00Z,0.0,-64.802086,-62.677082,NaN
2023-08-08T12:00:00Z,0.0,-64.802086,-62.677082,NaN
2023-08-09T12:00:00Z,0.0,-64.802086,-62.677082,NaN
2023-08-10T12:00:00Z,0.0,-64.802086,-62.677082,NaN
2023-08-11T12:00:00Z,0.0,-64.802086,-62.677082,NaN
2023-08-12T12:00:00Z,0.0,-64.802086,-62.677082,NaN
2023-08-13T12:00:00Z,0.0,-64.802086,-62.677082,NaN
2023-08-14T12:00:00Z,0.0,-64.802086,-62.677082,NaN
2023-08-15T12:00:00Z,0.0,-64.802086,-62.677082,NaN
2023-08-16T12:00:00Z,0.0,-64.802086,-62.677082,NaN
2023-08-17T12:00:00Z,0.0,-64.802086,-62.677082,NaN
2023-08-18T12:00:00Z,0.0,-64.802086,-62.677082,NaN
2023-08-19T12:00:00Z,0.0,-64.802086,-62.677082,NaN
2023-08-20T12:00:00Z,0.0,-64.802086,-62.677082,NaN
2023-08-21T12:00:00Z,0.0,-64.802086,-62.677082,NaN
2023-08-22T12:00:00Z,0.0,-64.802086,-62.677082,NaN
2023-08-23T12:00:00Z,0.0,-64.802086,-62.677082,NaN
2023-08-24T12:00:00Z,0.0,-64.802086,-62.677082,NaN
2023-08-25T12:00:00Z,0.0,-64.802086,-62.677082,NaN
2023-08-26T12:00:00Z,0.0,-64.802086,-62.677082,NaN
2023-08-27T12:00:00Z,0.0,-64.802086,-62.677082,NaN
2023-08-28T12:00:00Z,0.0,-64.802086,-62.677082,NaN
2023-08-29T12:00:00Z,0.0,-64.802086,-62.677082,NaN
2023-08-30T12:00:00Z,0.0,-64.802086,-62.677082,NaN
2023-08-31T12:00:00Z,0.0,-64.802086,-62.677082,NaN
2023-09-01T12:00:00Z,0.0,-64.802086,-62.677082,NaN
2023-09-02T12:00:00Z,0.0,-64.802086,-62.677082,NaN
2023-09-03T12:00:00Z,0.0,-64.802086,-62.677082,NaN
2023-09-04T12:00:00Z,0.0,-64.802086,-62.677082,NaN
2023-09-05T12:00:00Z,0.0,-64.802086,-62.677082,NaN
2023-09-06T12:00:00Z,0.0,-64.802086,-62.677082,NaN
2023-09-07T12:00:00Z,0.0,-64.802086,-62.677082,NaN
2023-09-08T12:00:00Z,0.0,-64.802086,-62.677082,NaN
2023-09-09T12:00:00Z,0.0,-64.802086,-62.677082,NaN
2023-09-10T12:00:00Z,0.0,-64.802086,-62.677082,NaN
2023-09-11T12:00:00Z,0.0,-64.802086,-62.677082,NaN
2023-09-12T12:00:00Z,0.0,-64.802086,-62.677082,NaN
2023-09-13T12:00:00Z,0.0,-64.802086,-62.677082,NaN
2023-09-14T12:00:00Z,0.0,-64.802086,-62.677082,NaN
2023-09-15T12:00:00Z,0.0,-64.802086,-62.677082,NaN
2023-09-16T12:00:00Z,0.0,-64.802086,-62.677082,NaN
2023-09-17T12:00:00Z,0.0,-64.802086,-62.677082,NaN
2023-09-18T12:00:00Z,0.0,-64.802086,-62.677082,NaN
2023-09-19T12:00:00Z,0.0,-64.802086,-62.677082,NaN
2023-09-20T12:00:00Z,0.0,-64.802086,-62.677082,NaN
2023-09-21T12:00:00Z,0.0,-64.802086,-62.677082,NaN
2023-09-22T12:00:00Z,0.0,-64.802086,-62.677082,NaN
2023-09-23T12:00:00Z,0.0,-64.802086,-62.677082,NaN
2023-09-24T12:00:00Z,0.0,-64.802086,-62.677082,NaN
2023-09-25T12:00:00Z,0.0,-64.802086,-62.677082,NaN
2023-09-26T12:00:00Z,0.0,-64.802086,-62.677082,NaN
2023-09-27T12:00:00Z,0.0,-64.802086,-62.677082,NaN
2023-09-28T12:00:00Z,0.0,-64.802086,-62.677082,NaN
2023-09-29T12:00:00Z,0.0,-64.802086,-62.677082,NaN
2023-09-30T12:00:00Z,0.0,-64.802086,-62.677082,NaN
2023-10-01T12:00:00Z,0.0,-64.802086,-62.677082,NaN
2023-10-02T12:00:00Z,0.0,-64.802086,-62.677082,NaN
2023-10-03T12:00:00Z,0.0,-64.802086,-62.677082,NaN
2023-10-04T12:00:00Z,0.0,-64.802086,-62.677082,NaN
2023-10-05T12:00:00Z,0.0,-64.802086,-62.677082,NaN
2023-10-06T12:00:00Z,0.0,-64.802086,-62.677082,NaN
2023-10-07T12:00:00Z,0.0,-64.802086,-62.677082,NaN
2023-10-08T12:00:00Z,0.0,-64.802086,-62.677082,NaN
2023-10-09T12:00:00Z,0.0,-64.802086,-62.677082,NaN
2023-10-10T12:00:00Z,0.0,-64.802086,-62.677082,NaN
2023-10-11T12:00:00Z,0.0,-64.802086,-62.677082,NaN
2023-10-12T12:00:00Z,0.0,-64.802086,-62.677082,NaN
2023-10-13T12:00:00Z,0.0,-64.802086,-62.677082,NaN
2023-10-14T12:00:00Z,0.0,-64.802086,-62.677082,NaN
2023-10-15T12:00:00Z,0.0,-64.802086,-62.677082,NaN
2023-10-16T12:00:00Z,0.0,-64.802086,-62.677082,NaN
2023-10-17T12:00:00Z,0.0,-64.802086,-62.677082,NaN
2023-10-18T12:00:00Z,0.0,-64.802086,-62.677082,NaN
2023-10-19T12:00:00Z,0.0,-64.802086,-62.677082,NaN
2023-10-20T12:00:00Z,0.0,-64.802086,-62.677082,NaN
2023-10-21T12:00:00Z,0.0,-64.802086,-62.677082,0.15513599
2023-10-22T12:00:00Z,0.0,-64.802086,-62.677082,0.15505369
2023-10-23T12:00:00Z,0.0,-64.802086,-62.677082,0.1006232
2023-10-24T12:00:00Z,0.0,-64.802086,-62.677082,0.10125663
2023-10-25T12:00:00Z,0.0,-64.802086,-62.677082,0.15589036
2023-10-26T12:00:00Z,0.0,-64.802086,-62.677082,0.15621075
2023-10-27T12:00:00Z,0.0,-64.802086,-62.677082,0.0882978
2023-10-28T12:00:00Z,0.0,-64.802086,-62.677082,0.08284335
2023-10-29T12:00:00Z,0.0,-64.802086,-62.677082,0.060966574
2023-10-30T12:00:00Z,0.0,-64.802086,-62.677082,0.050160345
2023-10-31T12:00:00Z,0.0,-64.802086,-62.677082,0.07017506
2023-11-01T12:00:00Z,0.0,-64.802086,-62.677082,0.05227866
2023-11-02T12:00:00Z,0.0,-64.802086,-62.677082,0.042135242
2023-11-03T12:00:00Z,0.0,-64.802086,-62.677082,0.048609775
2023-11-04T12:00:00Z,0.0,-64.802086,-62.677082,0.042780094
2023-11-05T12:00:00Z,0.0,-64.802086,-62.677082,0.058925774
2023-11-06T12:00:00Z,0.0,-64.802086,-62.677082,0.039800562
2023-11-07T12:00:00Z,0.0,-64.802086,-62.677082,0.049706608
2023-11-08T12:00:00Z,0.0,-64.802086,-62.677082,0.029668683
2023-11-09T12:00:00Z,0.0,-64.802086,-62.677082,0.06294745
2023-11-10T12:00:00Z,0.0,-64.802086,-62.677082,0.09970767
2023-11-11T12:00:00Z,0.0,-64.802086,-62.677082,0.09637416
2023-11-12T12:00:00Z,0.0,-64.802086,-62.677082,0.08264477
2023-11-13T12:00:00Z,0.0,-64.802086,-62.677082,0.057993297
2023-11-14T12:00:00Z,0.0,-64.802086,-62.677082,0.058253147
2023-11-15T12:00:00Z,0.0,-64.802086,-62.677082,0.05114777
2023-11-16T12:00:00Z,0.0,-64.802086,-62.677082,0.06825263
2023-11-17T12:00:00Z,0.0,-64.802086,-62.677082,0.074147955
2023-11-18T12:00:00Z,0.0,-64.802086,-62.677082,0.08592268
2023-11-19T12:00:00Z,0.0,-64.802086,-62.677082,0.08792361
2023-11-20T12:00:00Z,0.0,-64.802086,-62.677082,0.12070471
2023-11-21T12:00:00Z,0.0,-64.802086,-62.677082,0.11655137
2023-11-22T12:00:00Z,0.0,-64.802086,-62.677082,0.1083348
2023-11-23T12:00:00Z,0.0,-64.802086,-62.677082,0.11827333
2023-11-24T12:00:00Z,0.0,-64.802086,-62.677082,0.13320208
2023-11-25T12:00:00Z,0.0,-64.802086,-62.677082,0.11762096
2023-11-26T12:00:00Z,0.0,-64.802086,-62.677082,0.15306763
2023-11-27T12:00:00Z,0.0,-64.802086,-62.677082,0.17071222
2023-11-28T12:00:00Z,0.0,-64.802086,-62.677082,0.07740115
2023-11-29T12:00:00Z,0.0,-64.802086,-62.677082,0.059070934
2023-11-30T12:00:00Z,0.0,-64.802086,-62.677082,0.06631366
2023-12-02T12:00:00Z,0.0,-64.802086,-62.677082,0.13694029
2023-12-03T12:00:00Z,0.0,-64.802086,-62.677082,0.14888813
2023-12-04T12:00:00Z,0.0,-64.802086,-62.677082,0.13682665
2023-12-05T12:00:00Z,0.0,-64.802086,-62.677082,0.17767522
2023-12-06T12:00:00Z,0.0,-64.802086,-62.677082,0.16543132
2023-12-07T12:00:00Z,0.0,-64.802086,-62.677082,0.16416378
2023-12-08T12:00:00Z,0.0,-64.802086,-62.677082,0.15364408
2023-12-09T12:00:00Z,0.0,-64.802086,-62.677082,0.1657535
2023-12-10T12:00:00Z,0.0,-64.802086,-62.677082,0.19260827
2023-12-11T12:00:00Z,0.0,-64.802086,-62.677082,0.2043754
2023-12-12T12:00:00Z,0.0,-64.802086,-62.677082,0.21389557
2023-12-13T12:00:00Z,0.0,-64.802086,-62.677082,0.22606279
2023-12-14T12:00:00Z,0.0,-64.802086,-62.677082,0.22056612
2023-12-15T12:00:00Z,0.0,-64.802086,-62.677082,0.22114007
2023-12-16T12:00:00Z,0.0,-64.802086,-62.677082,0.2624035
2023-12-17T12:00:00Z,0.0,-64.802086,-62.677082,0.2744515
2023-12-18T12:00:00Z,0.0,-64.802086,-62.677082,0.3206421
2023-12-19T12:00:00Z,0.0,-64.802086,-62.677082,0.514473
2023-12-20T12:00:00Z,0.0,-64.802086,-62.677082,0.23949184
2023-12-21T12:00:00Z,0.0,-64.802086,-62.677082,0.21089554
2023-12-22T12:00:00Z,0.0,-64.802086,-62.677082,0.16664815
2023-12-23T12:00:00Z,0.0,-64.802086,-62.677082,0.15995285
2023-12-25T12:00:00Z,0.0,-64.802086,-62.677082,0.2089404
2023-12-26T12:00:00Z,0.0,-64.802086,-62.677082,0.20365164
2023-12-27T12:00:00Z,0.0,-64.802086,-62.677082,0.18859094
2023-12-28T12:00:00Z,0.0,-64.802086,-62.677082,0.18917285
2023-12-29T12:00:00Z,0.0,-64.802086,-62.677082,0.18739997
2023-12-30T12:00:00Z,0.0,-64.802086,-62.677082,0.14975914
2023-12-31T12:00:00Z,0.0,-64.802086,-62.677082,0.15270734
