time,altitude,latitude,longitude,chlor_a
UTC,m,degrees_north,degrees_east,mg m^-3
2018-01-01T12:00:00Z,0.0,-63.42709,-54.69791,0.24974114
2018-01-02T12:00:00Z,0.0,-63.42709,-54.69791,0.2500219
2018-01-03T12:00:00Z,0.0,-63.42709,-54.69791,0.2560711
2018-01-04T12:00:00Z,0.0,-63.42709,-54.69791,0.4585763
2018-01-05T12:00:00Z,0.0,-63.42709,-54.69791,0.35434565
2018-01-06T12:00:00Z,0.0,-63.42709,-54.69791,0.35832515
2018-01-07T12:00:00Z,0.0,-63.42709,-54.69791,0.36875173
2018-01-08T12:00:00Z,0.0,-63.42709,-54.69791,0.36291254
2018-01-09T12:00:00Z,0.0,-63.42709,-54.69791,0.3670595
2018-01-10T12:00:00Z,0.0,-63.42709,-54.69791,0.3451075
2018-01-11T12:00:00Z,0.0,-63.42709,-54.69791,0.3415285
2018-01-12T12:00:00Z,0.0,-63.42709,-54.69791,0.3305343
2018-01-13T12:00:00Z,0.0,-63.42709,-54.69791,0.3276001
2018-01-14T12:00:00Z,0.0,-63.42709,-54.69791,0.28454784
2018-01-15T12:00:00Z,0.0,-63.42709,-54.69791,0.2593109
2018-01-16T12:00:00Z,0.0,-63.42709,-54.69791,0.21880746
2018-01-17T12:00:00Z,0.0,-63.42709,-54.69791,0.21416104
2018-01-18T12:00:00Z,0.0,-63.42709,-54.69791,0.21612532
2018-01-19T12:00:00Z,0.0,-63.42709,-54.69791,0.20926568
2018-01-20T12:00:00Z,0.0,-63.42709,-54.69791,0.20545784
2018-01-21T12:00:00Z,0.0,-63.42709,-54.69791,0.21172288
2018-01-22T12:00:00Z,0.0,-63.42709,-54.69791,0.18760686
2018-01-23T12:00:00Z,0.0,-63.42709,-54.69791,0.20192158
2018-01-24T12:00:00Z,0.0,-63.42709,-54.69791,0.18121031
2018-01-25T12:00:00Z,0.0,-63.42709,-54.69791,0.18101184
2018-01-26T12:00:00Z,0.0,-63.42709,-54.69791,0.196839
2018-01-27T12:00:00Z,0.0,-63.42709,-54.69791,0.193558
2018-01-28T12:00:00Z,0.0,-63.42709,-54.69791,0.19330536
2018-01-29T12:00:00Z,0.0,-63.42709,-54.69791,0.17780401
2018-01-30T12:00:00Z,0.0,-63.42709,-54.69791,0.20775814
2018-01-31T12:00:00Z,0.0,-63.42709,-54.69791,0.200494
2018-02-01T12:00:00Z,0.0,-63.42709,-54.69791,0.20635371
2018-02-02T12:00:00Z,0.0,-63.42709,-54.69791,0.22247207
2018-02-03T12:00:00Z,0.0,-63.42709,-54.69791,0.24837048
2018-02-04T12:00:00Z,0.0,-63.42709,-54.69791,0.26390108
2018-02-05T12:00:00Z,0.0,-63.42709,-54.69791,0.27185813
2018-02-06T12:00:00Z,0.0,-63.42709,-54.69791,0.26162946
2018-02-07T12:00:00Z,0.0,-63.42709,-54.69791,0.24272442
2018-02-08T12:00:00Z,0.0,-63.42709,-54.69791,0.24355885
2018-02-09T12:00:00Z,0.0,-63.42709,-54.69791,0.26106992
2018-02-10T12:00:00Z,0.0,-63.42709,-54.69791,0.28269035
2018-02-11T12:00:00Z,0.0,-63.42709,-54.69791,0.2500264
2018-02-12T12:00:00Z,0.0,-63.42709,-54.69791,0.24763064
2018-02-13T12:00:00Z,0.0,-63.42709,-54.69791,0.25018242
2018-02-14T12:00:00Z,0.0,-63.42709,-54.69791,0.2449569
2018-02-15T12:00:00Z,0.0,-63.42709,-54.69791,0.24233836
2018-02-16T12:00:00Z,0.0,-63.42709,-54.69791,0.23865502
2018-02-17T12:00:00Z,0.0,-63.42709,-54.69791,0.239942
2018-02-18T12:00:00Z,0.0,-63.42709,-54.69791,0.23822458
2018-02-19T12:00:00Z,0.0,-63.42709,-54.69791,0.24129161
2018-02-20T12:00:00Z,0.0,-63.42709,-54.69791,0.20668417
2018-02-21T12:00:00Z,0.0,-63.42709,-54.69791,0.19040501
2018-02-22T12:00:00Z,0.0,-63.42709,-54.69791,0.20126973
2018-02-23T12:00:00Z,0.0,-63.42709,-54.69791,0.18604125
2018-02-24T12:00:00Z,0.0,-63.42709,-54.69791,0.17563756
2018-02-25T12:00:00Z,0.0,-63.42709,-54.69791,0.17288189
2018-02-26T12:00:00Z,0.0,-63.42709,-54.69791,0.18161829
2018-02-27T12:00:00Z,0.0,-63.42709,-54.69791,0.17207432
2018-02-28T12:00:00Z,0.0,-63.42709,-54.69791,0.16713823
2018-03-01T12:00:00Z,0.0,-63.42709,-54.69791,0.15870829
2018-03-02T12:00:00Z,0.0,-63.42709,-54.69791,0.15730253
2018-03-03T12:00:00Z,0.0,-63.42709,-54.69791,0.16089328
2018-03-04T12:00:00Z,0.0,-63.42709,-54.69791,0.15839736
2018-03-05T12:00:00Z,0.0,-63.42709,-54.69791,0.17717922
2018-03-06T12:00:00Z,0.0,-63.42709,-54.69791,0.17358996
2018-03-07T12:00:00Z,0.0,-63.42709,-54.69791,0.1787861
2018-03-08T12:00:00Z,0.0,-63.42709,-54.69791,0.17605469
2018-03-09T12:00:00Z,0.0,-63.42709,-54.69791,0.1644742
2018-03-10T12:00:00Z,0.0,-63.42709,-54.69791,0.16221206
2018-03-11T12:00:00Z,0.0,-63.42709,-54.69791,0.15955637
2018-03-12T12:00:00Z,0.0,-63.42709,-54.69791,0.15650845
2018-03-13T12:00:00Z,0.0,-63.42709,-54.69791,0.15423381
2018-03-14T12:00:00Z,0.0,-63.42709,-54.69791,0.14369394
2018-03-15T12:00:00Z,0.0,-63.42709,-54.69791,0.1771208
2018-03-16T12:00:00Z,0.0,-63.42709,-54.69791,0.17778912
2018-03-17T12:00:00Z,0.0,-63.42709,-54.69791,0.17636393
2018-03-18T12:00:00Z,0.0,-63.42709,-54.69791,0.15984198
2018-03-19T12:00:00Z,0.0,-63.42709,-54.69791,0.29834947
2018-03-20T12:00:00Z,0.0,-63.42709,-54.69791,NaN
2018-03-21T12:00:00Z,0.0,-63.42709,-54.69791,NaN
2018-03-22T12:00:00Z,0.0,-63.42709,-54.69791,NaN
2018-03-23T12:00:00Z,0.0,-63.42709,-54.69791,NaN
2018-03-24T12:00:00Z,0.0,-63.42709,-54.69791,NaN
2018-03-25T12:00:00Z,0.0,-63.42709,-54.69791,NaN
2018-03-26T12:00:00Z,0.0,-63.42709,-54.69791,NaN
2018-03-27T12:00:00Z,0.0,-63.42709,-54.69791,NaN
2018-03-28T12:00:00Z,0.0,-63.42709,-54.69791,NaN
2018-03-29T12:00:00Z,0.0,-63.42709,-54.69791,NaN
2018-03-30T12:00:00Z,0.0,-63.42709,-54.69791,NaN
2018-03-31T12:00:00Z,0.0,-63.42709,-54.69791,NaN
2018-04-01T12:00:00Z,0.0,-63.42709,-54.69791,NaN
2018-04-02T12:00:00Z,0.0,-63.42709,-54.69791,NaN
2018-04-03T12:00:00Z,0.0,-63.42709,-54.69791,NaN
2018-04-04T12:00:00Z,0.0,-63.42709,-54.69791,NaN
2018-04-05T12:00:00Z,0.0,-63.42709,-54.69791,NaN
2018-04-06T12:00:00Z,0.0,-63.42709,-54.69791,NaN
2018-04-07T12:00:00Z,0.0,-63.42709,-54.69791,NaN
2018-04-08T12:00:00Z,0.0,-63.42709,-54.69791,NaN
2018-04-09T12:00:00Z,0.0,-63.42709,-54.69791,NaN
2018-04-10T12:00:00Z,0.0,-63.42709,-54.69791,NaN
2018-04-11T12:00:00Z,0.0,-63.42709,-54.69791,NaN
2018-04-12T12:00:00Z,0.0,-63.42709,-54.69791,NaN
2018-04-13T12:00:00Z,0.0,-63.42709,-54.69791,NaN
2018-04-14T12:00:00Z,0.0,-63.42709,-54.69791,NaN
2018-04-15T12:00:00Z,0.0,-63.42709,-54.69791,NaN
2018-04-16T12:00:00Z,0.0,-63.42709,-54.69791,NaN
2018-04-17T12:00:00Z,0.0,-63.42709,-54.69791,NaN
2018-04-18T12:00:00Z,0.0,-63.42709,-54.69791,NaN
2018-04-19T12:00:00Z,0.0,-63.42709,-54.69791,NaN
2018-04-20T12:00:00Z,0.0,-63.42709,-54.69791,NaN
2018-04-21T12:00:00Z,0.0,-63.42709,-54.69791,NaN
2018-04-22T12:00:00Z,0.0,-63.42709,-54.69791,NaN
2018-04-23T12:00:00Z,0.0,-63.42709,-54.69791,NaN
2018-04-24T12:00:00Z,0.0,-63.42709,-54.69791,NaN
2018-04-25T12:00:00Z,0.0,-63.42709,-54.69791,NaN
2018-04-26T12:00:00Z,0.0,-63.42709,-54.69791,NaN
2018-04-27T12:00:00Z,0.0,-63.42709,-54.69791,NaN
2018-04-28T12:00:00Z,0.0,-63.42709,-54.69791,NaN
2018-04-29T12:00:00Z,0.0,-63.42709,-54.69791,NaN
2018-04-30T12:00:00Z,0.0,-63.42709,-54.69791,NaN
2018-05-01T12:00:00Z,0.0,-63.42709,-54.69791,NaN
2018-05-02T12:00:00Z,0.0,-63.42709,-54.69791,NaN
2018-05-03T12:00:00Z,0.0,-63.42709,-54.69791,NaN
2018-05-04T12:00:00Z,0.0,-63.42709,-54.69791,NaN
2018-05-05T12:00:00Z,0.0,-63.42709,-54.69791,NaN
2018-05-06T12:00:00Z,0.0,-63.42709,-54.69791,NaN
2018-05-07T12:00:00Z,0.0,-63.42709,-54.69791,NaN
2018-05-08T12:00:00Z,0.0,-63.42709,-54.69791,NaN
2018-05-09T12:00:00Z,0.0,-63.42709,-54.69791,NaN
2018-05-10T12:00:00Z,0.0,-63.42709,-54.69791,NaN
2018-05-11T12:00:00Z,0.0,-63.42709,-54.69791,NaN
2018-05-12T12:00:00Z,0.0,-63.42709,-54.69791,NaN
2018-05-13T12:00:00Z,0.0,-63.42709,-54.69791,NaN
2018-05-14T12:00:00Z,0.0,-63.42709,-54.69791,NaN
2018-05-15T12:00:00Z,0.0,-63.42709,-54.69791,NaN
2018-05-16T12:00:00Z,0.0,-63.42709,-54.69791,NaN
2018-05-17T12:00:00Z,0.0,-63.42709,-54.69791,NaN
2018-05-18T12:00:00Z,0.0,-63.42709,-54.69791,NaN
2018-05-19T12:00:00Z,0.0,-63.42709,-54.69791,NaN
2018-05-20T12:00:00Z,0.0,-63.42709,-54.69791,NaN
2018-05-21T12:00:00Z,0.0,-63.42709,-54.69791,NaN
2018-05-22T12:00:00Z,0.0,-63.42709,-54.69791,NaN
2018-05-23T12:00:00Z,0.0,-63.42709,-54.69791,NaN
2018-05-24T12:00:00Z,0.0,-63.42709,-54.69791,NaN
2018-05-25T12:00:00Z,0.0,-63.42709,-54.69791,NaN
2018-05-26T12:00:00Z,0.0,-63.42709,-54.69791,NaN
2018-05-27T12:00:00Z,0.0,-63.42709,-54.69791,NaN
2018-05-28T12:00:00Z,0.0,-63.42709,-54.69791,NaN
2018-05-29T12:00:00Z,0.0,-63.42709,-54.69791,NaN
2018-05-30T12:00:00Z,0.0,-63.42709,-54.69791,NaN
2018-05-31T12:00:00Z,0.0,-63.42709,-54.69791,NaN
2018-06-01T12:00:00Z,0.0,-63.42709,-54.69791,NaN
2018-06-02T12:00:00Z,0.0,-63.42709,-54.69791,NaN
2018-06-03T12:00:00Z,0.0,-63.42709,-54.69791,NaN
2018-06-04T12:00:00Z,0.0,-63.42709,-54.69791,NaN
2018-06-05T12:00:00Z,0.0,-63.42709,-54.69791,NaN
2018-06-06T12:00:00Z,0.0,-63.42709,-54.69791,NaN
2018-06-07T12:00:00Z,0.0,-63.42709,-54.69791,NaN
2018-06-08T12:00:00Z,0.0,-63.42709,-54.69791,NaN
2018-06-09T12:00:00Z,0.0,-63.42709,-54.69791,NaN
2018-06-10T12:00:00Z,0.0,-63.42709,-54.69791,NaN
2018-06-11T12:00:00Z,0.0,-63.42709,-54.69791,NaN
2018-06-12T12:00:00Z,0.0,-63.42709,-54.69791,NaN
2018-06-13T12:00:00Z,0.0,-63.42709,-54.69791,NaN
2018-06-14T12:00:00Z,0.0,-63.42709,-54.69791,NaN
2018-06-15T12:00:00Z,0.0,-63.42709,-54.69791,NaN
2018-06-16T12:00:00Z,0.0,-63.42709,-54.69791,NaN
2018-06-17T12:00:00Z,0.0,-63.42709,-54.69791,NaN
2018-06-18T12:00:00Z,0.0,-63.42709,-54.69791,NaN
2018-06-19T12:00:00Z,0.0,-63.42709,-54.69791,NaN
2018-06-20T12:00:00Z,0.0,-63.42709,-54.69791,NaN
2018-06-21T12:00:00Z,0.0,-63.42709,-54.69791,NaN
2018-06-22T12:00:00Z,0.0,-63.42709,-54.69791,NaN
2018-06-23T12:00:00Z,0.0,-63.42709,-54.69791,NaN
2018-06-24T12:00:00Z,0.0,-63.42709,-54.69791,NaN
2018-06-25T12:00:00Z,0.0,-63.42709,-54.69791,NaN
2018-06-26T12:00:00Z,0.0,-63.42709,-54.69791,NaN
2018-06-27T12:00:00Z,0.0,-63.42709,-54.69791,NaN
2018-06-28T12:00:00Z,0.0,-63.42709,-54.69791,NaN
2018-06-29T12:00:00Z,0.0,-63.42709,-54.69791,NaN
2018-06-30T12:00:00Z,0.0,-63.42709,-54.69791,NaN
2018-07-01T12:00:00Z,0.0,-63.42709,-54.69791,NaN
2018-07-02T12:00:00Z,0.0,-63.42709,-54.69791,NaN
2018-07-03T12:00:00Z,0.0,-63.42709,-54.69791,NaN
2018-07-04T12:00:00Z,0.0,-63.42709,-54.69791,NaN
2018-07-05T12:00:00Z,0.0,-63.42709,-54.69791,NaN
2018-07-06T12:00:00Z,0.0,-63.42709,-54.69791,NaN
2018-07-07T12:00:00Z,0.0,-63.42709,-54.69791,NaN
2018-07-08T12:00:00Z,0.0,-63.42709,-54.69791,NaN
2018-07-09T12:00:00Z,0.0,-63.42709,-54.69791,NaN
2018-07-10T12:00:00Z,0.0,-63.42709,-54.69791,NaN
2018-07-11T12:00:00Z,0.0,-63.42709,-54.69791,NaN
2018-07-12T12:00:00Z,0.0,-63.42709,-54.69791,NaN
2018-07-13T12:00:00Z,0.0,-63.42709,-54.69791,NaN
2018-07-14T12:00:00Z,0.0,-63.42709,-54.69791,NaN
2018-07-15T12:00:00Z,0.0,-63.42709,-54.69791,NaN
2018-07-16T12:00:00Z,0.0,-63.42709,-54.69791,NaN
2018-07-17T12:00:00Z,0.0,-63.42709,-54.69791,NaN
2018-07-18T12:00:00Z,0.0,-63.42709,-54.69791,NaN
2018-07-19T12:00:00Z,0.0,-63.42709,-54.69791,NaN
2018-07-20T12:00:00Z,0.0,-63.42709,-54.69791,NaN
2018-07-21T12:00:00Z,0.0,-63.42709,-54.69791,NaN
2018-07-22T12:00:00Z,0.0,-63.42709,-54.69791,NaN
2018-07-23T12:00:00Z,0.0,-63.42709,-54.69791,NaN
2018-07-24T12:00:00Z,0.0,-63.42709,-54.69791,NaN
2018-07-25T12:00:00Z,0.0,-63.42709,-54.69791,NaN
2018-07-26T12:00:00Z,0.0,-63.42709,-54.69791,NaN
2018-07-27T12:00:00Z,0.0,-63.42709,-54.69791,NaN
2018-07-28T12:00:00Z,0.0,-63.42709,-54.69791,NaN
2018-07-29T12:00:00Z,0.0,-63.42709,-54.69791,NaN
2018-07-30T12:00:00Z,0.0,-63.42709,-54.69791,NaN
2018-07-31T12:00:00Z,0.0,-63.42709,-54.69791,NaN
2018-08-01T12:00:00Z,0.0,-63.42709,-54.69791,NaN
2018-08-02T12:00:00Z,0.0,-63.42709,-54.69791,NaN
2018-08-03T12:00:00Z,0.0,-63.42709,-54.69791,NaN
2018-08-04T12:00:00Z,0.0,-63.42709,-54.69791,NaN
2018-08-05T12:00:00Z,0.0,-63.42709,-54.69791,NaN
2018-08-06T12:00:00Z,0.0,-63.42709,-54.69791,NaN
2018-08-07T12:00:00Z,0.0,-63.42709,-54.69791,NaN
2018-08-08T12:00:00Z,0.0,-63.42709,-54.69791,NaN
2018-08-09T12:00:00Z,0.0,-63.42709,-54.69791,NaN
2018-08-10T12:00:00Z,0.0,-63.42709,-54.69791,NaN
2018-08-11T12:00:00Z,0.0,-63.42709,-54.69791,NaN
2018-08-12T12:00:00Z,0.0,-63.42709,-54.69791,NaN
2018-08-13T12:00:00Z,0.0,-63.42709,-54.69791,NaN
2018-08-14T12:00:00Z,0.0,-63.42709,-54.69791,NaN
2018-08-15T12:00:00Z,0.0,-63.42709,-54.69791,NaN
2018-08-16T12:00:00Z,0.0,-63.42709,-54.69791,NaN
2018-08-17T12:00:00Z,0.0,-63.42709,-54.69791,NaN
2018-08-18T12:00:00Z,0.0,-63.42709,-54.69791,NaN
2018-08-19T12:00:00Z,0.0,-63.42709,-54.69791,NaN
2018-08-20T12:00:00Z,0.0,-63.42709,-54.69791,NaN
2018-08-21T12:00:00Z,0.0,-63.42709,-54.69791,NaN
2018-08-22T12:00:00Z,0.0,-63.42709,-54.69791,NaN
2018-08-23T12:00:00Z,0.0,-63.42709,-54.69791,NaN
2018-08-24T12:00:00Z,0.0,-63.42709,-54.69791,NaN
2018-08-25T12:00:00Z,0.0,-63.42709,-54.69791,NaN
2018-08-26T12:00:00Z,0.0,-63.42709,-54.69791,NaN
2018-08-27T12:00:00Z,0.0,-63.42709,-54.69791,NaN
2018-08-28T12:00:00Z,0.0,-63.42709,-54.69791,NaN
2018-08-29T12:00:00Z,0.0,-63.42709,-54.69791,NaN
2018-08-30T12:00:00Z,0.0,-63.42709,-54.69791,NaN
2018-08-31T12:00:00Z,0.0,-63.42709,-54.69791,NaN
2018-09-01T12:00:00Z,0.0,-63.42709,-54.69791,NaN
2018-09-02T12:00:00Z,0.0,-63.42709,-54.69791,NaN
2018-09-03T12:00:00Z,0.0,-63.42709,-54.69791,NaN
2018-09-04T12:00:00Z,0.0,-63.42709,-54.69791,NaN
2018-09-05T12:00:00Z,0.0,-63.42709,-54.69791,NaN
2018-09-06T12:00:00Z,0.0,-63.42709,-54.69791,NaN
2018-09-07T12:00:00Z,0.0,-63.42709,-54.69791,NaN
2018-09-08T12:00:00Z,0.0,-63.42709,-54.69791,NaN
2018-09-09T12:00:00Z,0.0,-63.42709,-54.69791,NaN
2018-09-10T12:00:00Z,0.0,-63.42709,-54.69791,NaN
2018-09-11T12:00:00Z,0.0,-63.42709,-54.69791,NaN
2018-09-12T12:00:00Z,0.0,-63.42709,-54.69791,NaN
2018-09-13T12:00:00Z,0.0,-63.42709,-54.69791,NaN
2018-09-14T12:00:00Z,0.0,-63.42709,-54.69791,NaN
2018-09-15T12:00:00Z,0.0,-63.42709,-54.69791,NaN
2018-09-16T12:00:00Z,0.0,-63.42709,-54.69791,NaN
2018-09-17T12:00:00Z,0.0,-63.42709,-54.69791,NaN
2018-09-18T12:00:00Z,0.0,-63.42709,-54.69791,NaN
2018-09-19T12:00:00Z,0.0,-63.42709,-54.69791,NaN
2018-09-20T12:00:00Z,0.0,-63.42709,-54.69791,NaN
2018-09-21T12:00:00Z,0.0,-63.42709,-54.69791,NaN
2018-09-22T12:00:00Z,0.0,-63.42709,-54.69791,NaN
2018-09-23T12:00:00Z,0.0,-63.42709,-54.69791,NaN
2018-09-24T12:00:00Z,0.0,-63.42709,-54.69791,NaN
2018-09-25T12:00:00Z,0.0,-63.42709,-54.69791,NaN
2018-09-26T12:00:00Z,0.0,-63.42709,-54.69791,NaN
2018-09-27T12:00:00Z,0.0,-63.42709,-54.69791,NaN
2018-09-28T12:00:00Z,0.0,-63.42709,-54.69791,NaN
2018-09-29T12:00:00Z,0.0,-63.42709,-54.69791,NaN
2018-09-30T12:00:00Z,0.0,-63.42709,-54.69791,NaN
2018-10-01T12:00:00Z,0.0,-63.42709,-54.69791,NaN
2018-10-02T12:00:00Z,0.0,-63.42709,-54.69791,NaN
2018-10-03T12:00:00Z,0.0,-63.42709,-54.69791,NaN
2018-10-04T12:00:00Z,0.0,-63.42709,-54.69791,NaN
2018-10-05T12:00:00Z,0.0,-63.42709,-54.69791,NaN
2018-10-06T12:00:00Z,0.0,-63.42709,-54.69791,NaN
2018-10-07T12:00:00Z,0.0,-63.42709,-54.69791,NaN
2018-10-08T12:00:00Z,0.0,-63.42709,-54.69791,NaN
2018-10-09T12:00:00Z,0.0,-63.42709,-54.69791,NaN
2018-10-10T12:00:00Z,0.0,-63.42709,-54.69791,NaN
2018-10-11T12:00:00Z,0.0,-63.42709,-54.69791,NaN
2018-10-12T12:00:00Z,0.0,-63.42709,-54.69791,NaN
2018-10-13T12:00:00Z,0.0,-63.42709,-54.69791,NaN
2018-10-14T12:00:00Z,0.0,-63.42709,-54.69791,NaN
2018-10-15T12:00:00Z,0.0,-63.42709,-54.69791,NaN
2018-10-16T12:00:00Z,0.0,-63.42709,-54.69791,0.15218592
2018-10-17T12:00:00Z,0.0,-63.42709,-54.69791,0.15252136
2018-10-18T12:00:00Z,0.0,-63.42709,-54.69791,0.15238233
2018-10-19T12:00:00Z,0.0,-63.42709,-54.69791,0.15210877
2018-10-20T12:00:00Z,0.0,-63.42709,-54.69791,0.15694527
2018-10-21T12:00:00Z,0.0,-63.42709,-54.69791,0.15643406
2018-10-22T12:00:00Z,0.0,-63.42709,-54.69791,0.15746999
2018-10-23T12:00:00Z,0.0,-63.42709,-54.69791,0.15528776
2018-10-24T12:00:00Z,0.0,-63.42709,-54.69791,0.15448606
2018-10-25T12:00:00Z,0.0,-63.42709,-54.69791,0.15476029
2018-10-26T12:00:00Z,0.0,-63.42709,-54.69791,0.15600653
2018-10-27T12:00:00Z,0.0,-63.42709,-54.69791,0.15663706
2018-10-28T12:00:00Z,0.0,-63.42709,-54.69791,0.15892005
2018-10-29T12:00:00Z,0.0,-63.42709,-54.69791,0.1589046
2018-10-30T12:00:00Z,0.0,-63.42709,-54.69791,0.18431772
2018-10-31T12:00:00Z,0.0,-63.42709,-54.69791,0.19087978
2018-11-01T12:00:00Z,0.0,-63.42709,-54.69791,0.18967067
2018-11-02T12:00:00Z,0.0,-63.42709,-54.69791,0.20278317
2018-11-03T12:00:00Z,0.0,-63.42709,-54.69791,0.20108996
2018-11-04T12:00:00Z,0.0,-63.42709,-54.69791,0.19441058
2018-11-05T12:00:00Z,0.0,-63.42709,-54.69791,0.20089146
2018-11-06T12:00:00Z,0.0,-63.42709,-54.69791,0.20318052
2018-11-07T12:00:00Z,0.0,-63.42709,-54.69791,0.2103621
2018-11-08T12:00:00Z,0.0,-63.42709,-54.69791,0.21220264
2018-11-09T12:00:00Z,0.0,-63.42709,-54.69791,0.22462192
2018-11-10T12:00:00Z,0.0,-63.42709,-54.69791,0.22517468
2018-11-11T12:00:00Z,0.0,-63.42709,-54.69791,0.2525051
2018-11-12T12:00:00Z,0.0,-63.42709,-54.69791,0.25749475
2018-11-13T12:00:00Z,0.0,-63.42709,-54.69791,0.31833476
2018-11-14T12:00:00Z,0.0,-63.42709,-54.69791,0.31622377
2018-11-15T12:00:00Z,0.0,-63.42709,-54.69791,0.31947163
2018-11-16T12:00:00Z,0.0,-63.42709,-54.69791,0.3270094
2018-11-17T12:00:00Z,0.0,-63.42709,-54.69791,0.32713318
2018-11-18T12:00:00Z,0.0,-63.42709,-54.69791,0.33613545
2018-11-19T12:00:00Z,0.0,-63.42709,-54.69791,0.37234914
2018-11-20T12:00:00Z,0.0,-63.42709,-54.69791,0.3487371
2018-11-21T12:00:00Z,0.0,-63.42709,-54.69791,0.33657733
2018-11-22T12:00:00Z,0.0,-63.42709,-54.69791,0.33302727
2018-11-23T12:00:00Z,0.0,-63.42709,-54.69791,0.36713415
2018-11-24T12:00:00Z,0.0,-63.42709,-54.69791,0.37215403
2018-11-25T12:00:00Z,0.0,-63.42709,-54.69791,0.37062815
2018-11-26T12:00:00Z,0.0,-63.42709,-54.69791,0.3905364
2018-11-27T12:00:00Z,0.0,-63.42709,-54.69791,0.40880734
2018-11-28T12:00:00Z,0.0,-63.42709,-54.69791,0.42121044
2018-11-29T12:00:00Z,0.0,-63.42709,-54.69791,0.43288895
2018-11-30T12:00:00Z,0.0,-63.42709,-54.69791,0.4583122
2018-12-01T12:00:00Z,0.0,-63.42709,-54.69791,0.42938247
2018-12-02T12:00:00Z,0.0,-63.42709,-54.69791,0.4241814
2018-12-03T12:00:00Z,0.0,-63.42709,-54.69791,0.46613607
2018-12-04T12:00:00Z,0.0,-63.42709,-54.69791,0.503331
2018-12-05T12:00:00Z,0.0,-63.42709,-54.69791,0.51580006
2018-12-06T12:00:00Z,0.0,-63.42709,-54.69791,0.49373218
2018-12-07T12:00:00Z,0.0,-63.42709,-54.69791,0.5442285
2018-12-08T12:00:00Z,0.0,-63.42709,-54.69791,0.45785183
2018-12-09T12:00:00Z,0.0,-63.42709,-54.69791,0.45054856
2018-12-10T12:00:00Z,0.0,-63.42709,-54.69791,0.4886432
2018-12-11T12:00:00Z,0.0,-63.42709,-54.69791,0.54826224
2018-12-12T12:00:00Z,0.0,-63.42709,-54.69791,0.52977616
2018-12-13T12:00:00Z,0.0,-63.42709,-54.69791,0.53747046
2018-12-14T12:00:00Z,0.0,-63.42709,-54.69791,0.5574302
2018-12-15T12:00:00Z,0.0,-63.42709,-54.69791,0.5660017
2018-12-16T12:00:00Z,0.0,-63.42709,-54.69791,0.568763
2018-12-17T12:00:00Z,0.0,-63.42709,-54.69791,0.56624275
2018-12-18T12:00:00Z,0.0,-63.42709,-54.69791,0.5835938
2018-12-19T12:00:00Z,0.0,-63.42709,-54.69791,0.5858747
2018-12-20T12:00:00Z,0.0,-63.42709,-54.69791,0.61168057
2018-12-21T12:00:00Z,0.0,-63.42709,-54.69791,0.5408337
2018-12-22T12:00:00Z,0.0,-63.42709,-54.69791,0.51358914
2018-12-23T12:00:00Z,0.0,-63.42709,-54.69791,0.6082533
2018-12-24T12:00:00Z,0.0,-63.42709,-54.69791,0.59327644
2018-12-25T12:00:00Z,0.0,-63.42709,-54.69791,0.5070917
2018-12-26T12:00:00Z,0.0,-63.42709,-54.69791,0.4892095
2018-12-27T12:00:00Z,0.0,-63.42709,-54.69791,0.45049384
2018-12-28T12:00:00Z,0.0,-63.42709,-54.69791,0.48307264
2018-12-29T12:00:00Z,0.0,-63.42709,-54.69791,0.524087
2018-12-30T12:00:00Z,0.0,-63.42709,-54.69791,0.48158458
2018-12-31T12:00:00Z,0.0,-63.42709,-54.69791,0.4003927
2019-01-01T12:00:00Z,0.0,-63.42709,-54.69791,0.34601614
2019-01-02T12:00:00Z,0.0,-63.42709,-54.69791,0.34902677
2019-01-03T12:00:00Z,0.0,-63.42709,-54.69791,0.36212814
2019-01-04T12:00:00Z,0.0,-63.42709,-54.69791,0.32818198
2019-01-05T12:00:00Z,0.0,-63.42709,-54.69791,0.33402276
2019-01-06T12:00:00Z,0.0,-63.42709,-54.69791,0.30575293
2019-01-07T12:00:00Z,0.0,-63.42709,-54.69791,0.26253337
2019-01-08T12:00:00Z,0.0,-63.42709,-54.69791,0.31385058
2019-01-09T12:00:00Z,0.0,-63.42709,-54.69791,0.30354893
2019-01-10T12:00:00Z,0.0,-63.42709,-54.69791,0.29819638
2019-01-11T12:00:00Z,0.0,-63.42709,-54.69791,0.29310817
2019-01-12T12:00:00Z,0.0,-63.42709,-54.69791,0.27257866
2019-01-13T12:00:00Z,0.0,-63.42709,-54.69791,0.30118966
2019-01-14T12:00:00Z,0.0,-63.42709,-54.69791,0.28237015
2019-01-15T12:00:00Z,0.0,-63.42709,-54.69791,0.23589559
2019-01-16T12:00:00Z,0.0,-63.42709,-54.69791,0.23798405
2019-01-17T12:00:00Z,0.0,-63.42709,-54.69791,0.2504398
2019-01-18T12:00:00Z,0.0,-63.42709,-54.69791,0.24291931
2019-01-19T12:00:00Z,0.0,-63.42709,-54.69791,0.2680792
2019-01-20T12:00:00Z,0.0,-63.42709,-54.69791,0.26401526
2019-01-21T12:00:00Z,0.0,-63.42709,-54.69791,0.29744717
2019-01-22T12:00:00Z,0.0,-63.42709,-54.69791,0.2920055
2019-01-23T12:00:00Z,0.0,-63.42709,-54.69791,0.28903833
2019-01-24T12:00:00Z,0.0,-63.42709,-54.69791,0.27179015
2019-01-25T12:00:00Z,0.0,-63.42709,-54.69791,0.27956474
2019-01-26T12:00:00Z,0.0,-63.42709,-54.69791,0.29092872
2019-01-27T12:00:00Z,0.0,-63.42709,-54.69791,0.27995288
2019-01-28T12:00:00Z,0.0,-63.42709,-54.69791,0.28671482
2019-01-29T12:00:00Z,0.0,-63.42709,-54.69791,0.28030977
2019-01-30T12:00:00Z,0.0,-63.42709,-54.69791,0.31058103
2019-01-31T12:00:00Z,0.0,-63.42709,-54.69791,0.27025747
2019-02-01T12:00:00Z,0.0,-63.42709,-54.69791,0.28301358
2019-02-02T12:00:00Z,0.0,-63.42709,-54.69791,0.27308837
2019-02-03T12:00:00Z,0.0,-63.42709,-54.69791,0.26511365
2019-02-04T12:00:00Z,0.0,-63.42709,-54.69791,0.28963497
2019-02-05T12:00:00Z,0.0,-63.42709,-54.69791,0.28168958
2019-02-06T12:00:00Z,0.0,-63.42709,-54.69791,0.2777176
2019-02-07T12:00:00Z,0.0,-63.42709,-54.69791,0.28989887
2019-02-08T12:00:00Z,0.0,-63.42709,-54.69791,0.29680884
2019-02-09T12:00:00Z,0.0,-63.42709,-54.69791,0.2995813
2019-02-10T12:00:00Z,0.0,-63.42709,-54.69791,0.29376557
2019-02-11T12:00:00Z,0.0,-63.42709,-54.69791,0.29657063
2019-02-12T12:00:00Z,0.0,-63.42709,-54.69791,0.2921704
2019-02-13T12:00:00Z,0.0,-63.42709,-54.69791,0.27737692
2019-02-14T12:00:00Z,0.0,-63.42709,-54.69791,0.2588476
2019-02-15T12:00:00Z,0.0,-63.42709,-54.69791,0.25928646
2019-02-16T12:00:00Z,0.0,-63.42709,-54.69791,0.25023392
2019-02-17T12:00:00Z,0.0,-63.42709,-54.69791,0.26980644
2019-02-18T12:00:00Z,0.0,-63.42709,-54.69791,0.26097327
2019-02-19T12:00:00Z,0.0,-63.42709,-54.69791,0.2630158
2019-02-20T12:00:00Z,0.0,-63.42709,-54.69791,0.27711475
2019-02-21T12:00:00Z,0.0,-63.42709,-54.69791,0.27586952
2019-02-22T12:00:00Z,0.0,-63.42709,-54.69791,0.278341
2019-02-23T12:00:00Z,0.0,-63.42709,-54.69791,0.271675
2019-02-24T12:00:00Z,0.0,-63.42709,-54.69791,0.2529003
2019-02-25T12:00:00Z,0.0,-63.42709,-54.69791,0.26744282
2019-02-26T12:00:00Z,0.0,-63.42709,-54.69791,0.2603377
2019-02-27T12:00:00Z,0.0,-63.42709,-54.69791,0.19333419
2019-02-28T12:00:00Z,0.0,-63.42709,-54.69791,0.19162236
2019-03-01T12:00:00Z,0.0,-63.42709,-54.69791,0.21371816
2019-03-02T12:00:00Z,0.0,-63.42709,-54.69791,0.21468624
2019-03-03T12:00:00Z,0.0,-63.42709,-54.69791,0.18177603
2019-03-04T12:00:00Z,0.0,-63.42709,-54.69791,0.17935017
2019-03-05T12:00:00Z,0.0,-63.42709,-54.69791,0.20025186
2019-03-06T12:00:00Z,0.0,-63.42709,-54.69791,0.17444524
2019-03-07T12:00:00Z,0.0,-63.42709,-54.69791,0.17376408
2019-03-08T12:00:00Z,0.0,-63.42709,-54.69791,0.17195338
2019-03-09T12:00:00Z,0.0,-63.42709,-54.69791,0.17080504
2019-03-10T12:00:00Z,0.0,-63.42709,-54.69791,0.1680971
2019-03-11T12:00:00Z,0.0,-63.42709,-54.69791,0.16332248
2019-03-12T12:00:00Z,0.0,-63.42709,-54.69791,0.1686378
2019-03-13T12:00:00Z,0.0,-63.42709,-54.69791,0.17203607
2019-03-14T12:00:00Z,0.0,-63.42709,-54.69791,0.17382617
2019-03-15T12:00:00Z,0.0,-63.42709,-54.69791,0.17628358
2019-03-16T12:00:00Z,0.0,-63.42709,-54.69791,0.12963453
2019-03-17T12:00:00Z,0.0,-63.42709,-54.69791,0.15053843
2019-03-18T12:00:00Z,0.0,-63.42709,-54.69791,0.16427946
2019-03-19T12:00:00Z,0.0,-63.42709,-54.69791,0.28137907
2019-03-20T12:00:00Z,0.0,-63.42709,-54.69791,NaN
2019-03-21T12:00:00Z,0.0,-63.42709,-54.69791,NaN
2019-03-22T12:00:00Z,0.0,-63.42709,-54.69791,NaN
2019-03-23T12:00:00Z,0.0,-63.42709,-54.69791,NaN
2019-03-24T12:00:00Z,0.0,-63.42709,-54.69791,NaN
2019-03-25T12:00:00Z,0.0,-63.42709,-54.69791,NaN
2019-03-26T12:00:00Z,0.0,-63.42709,-54.69791,NaN
2019-03-27T12:00:00Z,0.0,-63.42709,-54.69791,NaN
2019-03-28T12:00:00Z,0.0,-63.42709,-54.69791,NaN
2019-03-29T12:00:00Z,0.0,-63.42709,-54.69791,NaN
2019-03-30T12:00:00Z,0.0,-63.42709,-54.69791,NaN
2019-03-31T12:00:00Z,0.0,-63.42709,-54.69791,NaN
2019-04-01T12:00:00Z,0.0,-63.42709,-54.69791,NaN
2019-04-02T12:00:00Z,0.0,-63.42709,-54.69791,NaN
2019-04-03T12:00:00Z,0.0,-63.42709,-54.69791,NaN
2019-04-04T12:00:00Z,0.0,-63.42709,-54.69791,NaN
2019-04-05T12:00:00Z,0.0,-63.42709,-54.69791,NaN
2019-04-06T12:00:00Z,0.0,-63.42709,-54.69791,NaN
2019-04-07T12:00:00Z,0.0,-63.42709,-54.69791,NaN
2019-04-08T12:00:00Z,0.0,-63.42709,-54.69791,NaN
2019-04-09T12:00:00Z,0.0,-63.42709,-54.69791,NaN
2019-04-10T12:00:00Z,0.0,-63.42709,-54.69791,NaN
2019-04-11T12:00:00Z,0.0,-63.42709,-54.69791,NaN
2019-04-12T12:00:00Z,0.0,-63.42709,-54.69791,NaN
2019-04-13T12:00:00Z,0.0,-63.42709,-54.69791,NaN
2019-04-14T12:00:00Z,0.0,-63.42709,-54.69791,NaN
2019-04-15T12:00:00Z,0.0,-63.42709,-54.69791,NaN
2019-04-16T12:00:00Z,0.0,-63.42709,-54.69791,NaN
2019-04-17T12:00:00Z,0.0,-63.42709,-54.69791,NaN
2019-04-18T12:00:00Z,0.0,-63.42709,-54.69791,NaN
2019-04-19T12:00:00Z,0.0,-63.42709,-54.69791,NaN
2019-04-20T12:00:00Z,0.0,-63.42709,-54.69791,NaN
2019-04-21T12:00:00Z,0.0,-63.42709,-54.69791,NaN
2019-04-22T12:00:00Z,0.0,-63.42709,-54.69791,NaN
2019-04-23T12:00:00Z,0.0,-63.42709,-54.69791,NaN
2019-04-24T12:00:00Z,0.0,-63.42709,-54.69791,NaN
2019-04-25T12:00:00Z,0.0,-63.42709,-54.69791,NaN
2019-04-26T12:00:00Z,0.0,-63.42709,-54.69791,NaN
2019-04-27T12:00:00Z,0.0,-63.42709,-54.69791,NaN
2019-04-28T12:00:00Z,0.0,-63.42709,-54.69791,NaN
2019-04-29T12:00:00Z,0.0,-63.42709,-54.69791,NaN
2019-04-30T12:00:00Z,0.0,-63.42709,-54.69791,NaN
2019-05-01T12:00:00Z,0.0,-63.42709,-54.69791,NaN
2019-05-02T12:00:00Z,0.0,-63.42709,-54.69791,NaN
2019-05-03T12:00:00Z,0.0,-63.42709,-54.69791,NaN
2019-05-04T12:00:00Z,0.0,-63.42709,-54.69791,NaN
2019-05-05T12:00:00Z,0.0,-63.42709,-54.69791,NaN
2019-05-06T12:00:00Z,0.0,-63.42709,-54.69791,NaN
2019-05-07T12:00:00Z,0.0,-63.42709,-54.69791,NaN
2019-05-08T12:00:00Z,0.0,-63.42709,-54.69791,NaN
2019-05-09T12:00:00Z,0.0,-63.42709,-54.69791,NaN
2019-05-10T12:00:00Z,0.0,-63.42709,-54.69791,NaN
2019-05-11T12:00:00Z,0.0,-63.42709,-54.69791,NaN
2019-05-12T12:00:00Z,0.0,-63.42709,-54.69791,NaN
2019-05-13T12:00:00Z,0.0,-63.42709,-54.69791,NaN
2019-05-14T12:00:00Z,0.0,-63.42709,-54.69791,NaN
2019-05-15T12:00:00Z,0.0,-63.42709,-54.69791,NaN
2019-05-16T12:00:00Z,0.0,-63.42709,-54.69791,NaN
2019-05-17T12:00:00Z,0.0,-63.42709,-54.69791,NaN
2019-05-18T12:00:00Z,0.0,-63.42709,-54.69791,NaN
2019-05-19T12:00:00Z,0.0,-63.42709,-54.69791,NaN
2019-05-20T12:00:00Z,0.0,-63.42709,-54.69791,NaN
2019-05-21T12:00:00Z,0.0,-63.42709,-54.69791,NaN
2019-05-22T12:00:00Z,0.0,-63.42709,-54.69791,NaN
2019-05-23T12:00:00Z,0.0,-63.42709,-54.69791,NaN
2019-05-24T12:00:00Z,0.0,-63.42709,-54.69791,NaN
2019-05-25T12:00:00Z,0.0,-63.42709,-54.69791,NaN
2019-05-26T12:00:00Z,0.0,-63.42709,-54.69791,NaN
2019-05-27T12:00:00Z,0.0,-63.42709,-54.69791,NaN
2019-05-28T12:00:00Z,0.0,-63.42709,-54.69791,NaN
2019-05-29T12:00:00Z,0.0,-63.42709,-54.69791,NaN
2019-05-30T12:00:00Z,0.0,-63.42709,-54.69791,NaN
2019-05-31T12:00:00Z,0.0,-63.42709,-54.69791,NaN
2019-06-01T12:00:00Z,0.0,-63.42709,-54.69791,NaN
2019-06-02T12:00:00Z,0.0,-63.42709,-54.69791,NaN
2019-06-03T12:00:00Z,0.0,-63.42709,-54.69791,NaN
2019-06-04T12:00:00Z,0.0,-63.42709,-54.69791,NaN
2019-06-05T12:00:00Z,0.0,-63.42709,-54.69791,NaN
2019-06-06T12:00:00Z,0.0,-63.42709,-54.69791,NaN
2019-06-07T12:00:00Z,0.0,-63.42709,-54.69791,NaN
2019-06-08T12:00:00Z,0.0,-63.42709,-54.69791,NaN
2019-06-09T12:00:00Z,0.0,-63.42709,-54.69791,NaN
2019-06-10T12:00:00Z,0.0,-63.42709,-54.69791,NaN
2019-06-11T12:00:00Z,0.0,-63.42709,-54.69791,NaN
2019-06-12T12:00:00Z,0.0,-63.42709,-54.69791,NaN
2019-06-13T12:00:00Z,0.0,-63.42709,-54.69791,NaN
2019-06-14T12:00:00Z,0.0,-63.42709,-54.69791,NaN
2019-06-15T12:00:00Z,0.0,-63.42709,-54.69791,NaN
2019-06-16T12:00:00Z,0.0,-63.42709,-54.69791,NaN
2019-06-17T12:00:00Z,0.0,-63.42709,-54.69791,NaN
2019-06-18T12:00:00Z,0.0,-63.42709,-54.69791,NaN
2019-06-19T12:00:00Z,0.0,-63.42709,-54.69791,NaN
2019-06-20T12:00:00Z,0.0,-63.42709,-54.69791,NaN
2019-06-21T12:00:00Z,0.0,-63.42709,-54.69791,NaN
2019-06-22T12:00:00Z,0.0,-63.42709,-54.69791,NaN
2019-06-23T12:00:00Z,0.0,-63.42709,-54.69791,NaN
2019-06-24T12:00:00Z,0.0,-63.42709,-54.69791,NaN
2019-06-25T12:00:00Z,0.0,-63.42709,-54.69791,NaN
2019-06-26T12:00:00Z,0.0,-63.42709,-54.69791,NaN
2019-06-27T12:00:00Z,0.0,-63.42709,-54.69791,NaN
2019-06-28T12:00:00Z,0.0,-63.42709,-54.69791,NaN
2019-06-29T12:00:00Z,0.0,-63.42709,-54.69791,NaN
2019-06-30T12:00:00Z,0.0,-63.42709,-54.69791,NaN
2019-07-01T12:00:00Z,0.0,-63.42709,-54.69791,NaN
2019-07-02T12:00:00Z,0.0,-63.42709,-54.69791,NaN
2019-07-03T12:00:00Z,0.0,-63.42709,-54.69791,NaN
2019-07-04T12:00:00Z,0.0,-63.42709,-54.69791,NaN
2019-07-05T12:00:00Z,0.0,-63.42709,-54.69791,NaN
2019-07-06T12:00:00Z,0.0,-63.42709,-54.69791,NaN
2019-07-07T12:00:00Z,0.0,-63.42709,-54.69791,NaN
2019-07-08T12:00:00Z,0.0,-63.42709,-54.69791,NaN
2019-07-09T12:00:00Z,0.0,-63.42709,-54.69791,NaN
2019-07-10T12:00:00Z,0.0,-63.42709,-54.69791,NaN
2019-07-11T12:00:00Z,0.0,-63.42709,-54.69791,NaN
2019-07-12T12:00:00Z,0.0,-63.42709,-54.69791,NaN
2019-07-13T12:00:00Z,0.0,-63.42709,-54.69791,NaN
2019-07-14T12:00:00Z,0.0,-63.42709,-54.69791,NaN
2019-07-15T12:00:00Z,0.0,-63.42709,-54.69791,NaN
2019-07-16T12:00:00Z,0.0,-63.42709,-54.69791,NaN
2019-07-17T12:00:00Z,0.0,-63.42709,-54.69791,NaN
2019-07-18T12:00:00Z,0.0,-63.42709,-54.69791,NaN
2019-07-19T12:00:00Z,0.0,-63.42709,-54.69791,NaN
2019-07-20T12:00:00Z,0.0,-63.42709,-54.69791,NaN
2019-07-21T12:00:00Z,0.0,-63.42709,-54.69791,NaN
2019-07-22T12:00:00Z,0.0,-63.42709,-54.69791,NaN
2019-07-23T12:00:00Z,0.0,-63.42709,-54.69791,NaN
2019-07-24T12:00:00Z,0.0,-63.42709,-54.69791,NaN
2019-07-25T12:00:00Z,0.0,-63.42709,-54.69791,NaN
2019-07-26T12:00:00Z,0.0,-63.42709,-54.69791,NaN
2019-07-27T12:00:00Z,0.0,-63.42709,-54.69791,NaN
2019-07-28T12:00:00Z,0.0,-63.42709,-54.69791,NaN
2019-07-29T12:00:00Z,0.0,-63.42709,-54.69791,NaN
2019-07-30T12:00:00Z,0.0,-63.42709,-54.69791,NaN
2019-07-31T12:00:00Z,0.0,-63.42709,-54.69791,NaN
2019-08-01T12:00:00Z,0.0,-63.42709,-54.69791,NaN
2019-08-02T12:00:00Z,0.0,-63.42709,-54.69791,NaN
2019-08-03T12:00:00Z,0.0,-63.42709,-54.69791,NaN
2019-08-04T12:00:00Z,0.0,-63.42709,-54.69791,NaN
2019-08-05T12:00:00Z,0.0,-63.42709,-54.69791,NaN
2019-08-06T12:00:00Z,0.0,-63.42709,-54.69791,NaN
2019-08-07T12:00:00Z,0.0,-63.42709,-54.69791,NaN
2019-08-08T12:00:00Z,0.0,-63.42709,-54.69791,NaN
2019-08-09T12:00:00Z,0.0,-63.42709,-54.69791,NaN
2019-08-10T12:00:00Z,0.0,-63.42709,-54.69791,NaN
2019-08-11T12:00:00Z,0.0,-63.42709,-54.69791,NaN
2019-08-12T12:00:00Z,0.0,-63.42709,-54.69791,NaN
2019-08-13T12:00:00Z,0.0,-63.42709,-54.69791,NaN
2019-08-14T12:00:00Z,0.0,-63.42709,-54.69791,NaN
2019-08-15T12:00:00Z,0.0,-63.42709,-54.69791,NaN
2019-08-16T12:00:00Z,0.0,-63.42709,-54.69791,NaN
2019-08-17T12:00:00Z,0.0,-63.42709,-54.69791,NaN
2019-08-18T12:00:00Z,0.0,-63.42709,-54.69791,NaN
2019-08-19T12:00:00Z,0.0,-63.42709,-54.69791,NaN
2019-08-20T12:00:00Z,0.0,-63.42709,-54.69791,NaN
2019-08-21T12:00:00Z,0.0,-63.42709,-54.69791,NaN
2019-08-22T12:00:00Z,0.0,-63.42709,-54.69791,NaN
2019-08-23T12:00:00Z,0.0,-63.42709,-54.69791,NaN
2019-08-24T12:00:00Z,0.0,-63.42709,-54.69791,NaN
2019-08-25T12:00:00Z,0.0,-63.42709,-54.69791,NaN
2019-08-26T12:00:00Z,0.0,-63.42709,-54.69791,NaN
2019-08-27T12:00:00Z,0.0,-63.42709,-54.69791,NaN
2019-08-28T12:00:00Z,0.0,-63.42709,-54.69791,NaN
2019-08-29T12:00:00Z,0.0,-63.42709,-54.69791,NaN
2019-08-30T12:00:00Z,0.0,-63.42709,-54.69791,NaN
2019-08-31T12:00:00Z,0.0,-63.42709,-54.69791,NaN
2019-09-01T12:00:00Z,0.0,-63.42709,-54.69791,NaN
2019-09-02T12:00:00Z,0.0,-63.42709,-54.69791,NaN
2019-09-03T12:00:00Z,0.0,-63.42709,-54.69791,NaN
2019-09-04T12:00:00Z,0.0,-63.42709,-54.69791,NaN
2019-09-05T12:00:00Z,0.0,-63.42709,-54.69791,NaN
2019-09-06T12:00:00Z,0.0,-63.42709,-54.69791,NaN
2019-09-07T12:00:00Z,0.0,-63.42709,-54.69791,NaN
2019-09-08T12:00:00Z,0.0,-63.42709,-54.69791,NaN
2019-09-09T12:00:00Z,0.0,-63.42709,-54.69791,NaN
2019-09-10T12:00:00Z,0.0,-63.42709,-54.69791,NaN
2019-09-11T12:00:00Z,0.0,-63.42709,-54.69791,NaN
2019-09-12T12:00:00Z,0.0,-63.42709,-54.69791,NaN
2019-09-13T12:00:00Z,0.0,-63.42709,-54.69791,NaN
2019-09-14T12:00:00Z,0.0,-63.42709,-54.69791,NaN
2019-09-15T12:00:00Z,0.0,-63.42709,-54.69791,NaN
2019-09-16T12:00:00Z,0.0,-63.42709,-54.69791,NaN
2019-09-17T12:00:00Z,0.0,-63.42709,-54.69791,NaN
2019-09-18T12:00:00Z,0.0,-63.42709,-54.69791,NaN
2019-09-19T12:00:00Z,0.0,-63.42709,-54.69791,NaN
2019-09-20T12:00:00Z,0.0,-63.42709,-54.69791,NaN
2019-09-21T12:00:00Z,0.0,-63.42709,-54.69791,NaN
2019-09-22T12:00:00Z,0.0,-63.42709,-54.69791,NaN
2019-09-23T12:00:00Z,0.0,-63.42709,-54.69791,NaN
2019-09-24T12:00:00Z,0.0,-63.42709,-54.69791,NaN
2019-09-25T12:00:00Z,0.0,-63.42709,-54.69791,NaN
2019-09-26T12:00:00Z,0.0,-63.42709,-54.69791,NaN
2019-09-27T12:00:00Z,0.0,-63.42709,-54.69791,NaN
2019-09-28T12:00:00Z,0.0,-63.42709,-54.69791,NaN
2019-09-29T12:00:00Z,0.0,-63.42709,-54.69791,NaN
2019-09-30T12:00:00Z,0.0,-63.42709,-54.69791,NaN
2019-10-01T12:00:00Z,0.0,-63.42709,-54.69791,NaN
2019-10-02T12:00:00Z,0.0,-63.42709,-54.69791,NaN
2019-10-03T12:00:00Z,0.0,-63.42709,-54.69791,NaN
2019-10-04T12:00:00Z,0.0,-63.42709,-54.69791,NaN
2019-10-05T12:00:00Z,0.0,-63.42709,-54.69791,NaN
2019-10-06T12:00:00Z,0.0,-63.42709,-54.69791,NaN
2019-10-07T12:00:00Z,0.0,-63.42709,-54.69791,NaN
2019-10-08T12:00:00Z,0.0,-63.42709,-54.69791,NaN
2019-10-09T12:00:00Z,0.0,-63.42709,-54.69791,NaN
2019-10-10T12:00:00Z,0.0,-63.42709,-54.69791,NaN
2019-10-11T12:00:00Z,0.0,-63.42709,-54.69791,NaN
2019-10-12T12:00:00Z,0.0,-63.42709,-54.69791,NaN
2019-10-13T12:00:00Z,0.0,-63.42709,-54.69791,NaN
2019-10-14T12:00:00Z,0.0,-63.42709,-54.69791,NaN
2019-10-15T12:00:00Z,0.0,-63.42709,-54.69791,NaN
2019-10-16T12:00:00Z,0.0,-63.42709,-54.69791,NaN
2019-10-17T12:00:00Z,0.0,-63.42709,-54.69791,NaN
2019-10-18T12:00:00Z,0.0,-63.42709,-54.69791,NaN
2019-10-19T12:00:00Z,0.0,-63.42709,-54.69791,NaN
2019-10-20T12:00:00Z,0.0,-63.42709,-54.69791,NaN
2019-10-21T12:00:00Z,0.0,-63.42709,-54.69791,NaN
2019-10-22T12:00:00Z,0.0,-63.42709,-54.69791,0.10973609
2019-10-23T12:00:00Z,0.0,-63.42709,-54.69791,0.1223589
2019-10-24T12:00:00Z,0.0,-63.42709,-54.69791,0.12233092
2019-10-25T12:00:00Z,0.0,-63.42709,-54.69791,0.1209362
2019-10-26T12:00:00Z,0.0,-63.42709,-54.69791,0.12154448
2019-10-27T12:00:00Z,0.0,-63.42709,-54.69791,0.12277042
2019-10-28T12:00:00Z,0.0,-63.42709,-54.69791,0.1148776
2019-10-29T12:00:00Z,0.0,-63.42709,-54.69791,0.11505632
2019-10-30T12:00:00Z,0.0,-63.42709,-54.69791,0.10759251
2019-10-31T12:00:00Z,0.0,-63.42709,-54.69791,0.11798126
2019-11-01T12:00:00Z,0.0,-63.42709,-54.69791,0.11773489
2019-11-02T12:00:00Z,0.0,-63.42709,-54.69791,0.11654274
2019-11-03T12:00:00Z,0.0,-63.42709,-54.69791,0.121565945
2019-11-04T12:00:00Z,0.0,-63.42709,-54.69791,0.11275234
2019-11-05T12:00:00Z,0.0,-63.42709,-54.69791,0.13064957
2019-11-06T12:00:00Z,0.0,-63.42709,-54.69791,0.11468772
2019-11-07T12:00:00Z,0.0,-63.42709,-54.69791,0.115722716
2019-11-08T12:00:00Z,0.0,-63.42709,-54.69791,0.12587225
2019-11-09T12:00:00Z,0.0,-63.42709,-54.69791,0.118926756
2019-11-10T12:00:00Z,0.0,-63.42709,-54.69791,0.09296238
2019-11-11T12:00:00Z,0.0,-63.42709,-54.69791,0.11963499
2019-11-12T12:00:00Z,0.0,-63.42709,-54.69791,0.10387533
2019-11-13T12:00:00Z,0.0,-63.42709,-54.69791,0.12397685
2019-11-14T12:00:00Z,0.0,-63.42709,-54.69791,0.22067186
2019-11-15T12:00:00Z,0.0,-63.42709,-54.69791,0.24556085
2019-11-16T12:00:00Z,0.0,-63.42709,-54.69791,0.23161787
2019-11-17T12:00:00Z,0.0,-63.42709,-54.69791,0.24811707
2019-11-18T12:00:00Z,0.0,-63.42709,-54.69791,0.2491646
2019-11-19T12:00:00Z,0.0,-63.42709,-54.69791,0.25934294
2019-11-20T12:00:00Z,0.0,-63.42709,-54.69791,0.27022377
2019-11-21T12:00:00Z,0.0,-63.42709,-54.69791,0.27785283
2019-11-22T12:00:00Z,0.0,-63.42709,-54.69791,0.27880892
2019-11-23T12:00:00Z,0.0,-63.42709,-54.69791,0.27629882
2019-11-24T12:00:00Z,0.0,-63.42709,-54.69791,0.2828947
2019-11-25T12:00:00Z,0.0,-63.42709,-54.69791,0.27681938
2019-11-26T12:00:00Z,0.0,-63.42709,-54.69791,0.27724546
2019-11-27T12:00:00Z,0.0,-63.42709,-54.69791,0.2592187
2019-11-28T12:00:00Z,0.0,-63.42709,-54.69791,0.256094
2019-11-29T12:00:00Z,0.0,-63.42709,-54.69791,0.27068183
2019-11-30T12:00:00Z,0.0,-63.42709,-54.69791,0.274958
2019-12-01T12:00:00Z,0.0,-63.42709,-54.69791,0.27405712
2019-12-02T12:00:00Z,0.0,-63.42709,-54.69791,0.2847242
2019-12-03T12:00:00Z,0.0,-63.42709,-54.69791,0.29147303
2019-12-04T12:00:00Z,0.0,-63.42709,-54.69791,0.28794363
2019-12-05T12:00:00Z,0.0,-63.42709,-54.69791,0.28741696
2019-12-06T12:00:00Z,0.0,-63.42709,-54.69791,0.28152376
2019-12-07T12:00:00Z,0.0,-63.42709,-54.69791,0.35047838
2019-12-08T12:00:00Z,0.0,-63.42709,-54.69791,0.33426794
2019-12-09T12:00:00Z,0.0,-63.42709,-54.69791,0.35888565
2019-12-10T12:00:00Z,0.0,-63.42709,-54.69791,0.34846804
2019-12-11T12:00:00Z,0.0,-63.42709,-54.69791,0.3470427
2019-12-12T12:00:00Z,0.0,-63.42709,-54.69791,0.36328223
2019-12-13T12:00:00Z,0.0,-63.42709,-54.69791,0.39358744
2019-12-14T12:00:00Z,0.0,-63.42709,-54.69791,0.43204126
2019-12-15T12:00:00Z,0.0,-63.42709,-54.69791,0.41251636
2019-12-16T12:00:00Z,0.0,-63.42709,-54.69791,0.38864398
2019-12-17T12:00:00Z,0.0,-63.42709,-54.69791,0.3119266
2019-12-18T12:00:00Z,0.0,-63.42709,-54.69791,0.32322207
2019-12-19T12:00:00Z,0.0,-63.42709,-54.69791,0.33488658
2019-12-20T12:00:00Z,0.0,-63.42709,-54.69791,0.32853258
2019-12-21T12:00:00Z,0.0,-63.42709,-54.69791,0.24297339
2019-12-22T12:00:00Z,0.0,-63.42709,-54.69791,0.21261811
2019-12-23T12:00:00Z,0.0,-63.42709,-54.69791,0.20843685
2019-12-24T12:00:00Z,0.0,-63.42709,-54.69791,0.20280538
2019-12-25T12:00:00Z,0.0,-63.42709,-54.69791,0.19835563
2019-12-26T12:00:00Z,0.0,-63.42709,-54.69791,0.18174723
2019-12-27T12:00:00Z,0.0,-63.42709,-54.69791,0.19021812
2019-12-28T12:00:00Z,0.0,-63.42709,-54.69791,0.17982373
2019-12-29T12:00:00Z,0.0,-63.42709,-54.69791,0.1973747
2019-12-30T12:00:00Z,0.0,-63.42709,-54.69791,0.1958752
2019-12-31T12:00:00Z,0.0,-63.42709,-54.69791,0.18597293
2020-01-01T12:00:00Z,0.0,-63.42709,-54.69791,0.24411097
2020-01-02T12:00:00Z,0.0,-63.42709,-54.69791,0.24660112
2020-01-03T12:00:00Z,0.0,-63.42709,-54.69791,0.2399825
2020-01-04T12:00:00Z,0.0,-63.42709,-54.69791,0.24505924
2020-01-05T12:00:00Z,0.0,-63.42709,-54.69791,0.22529902
2020-01-06T12:00:00Z,0.0,-63.42709,-54.69791,0.24635257
2020-01-07T12:00:00Z,0.0,-63.42709,-54.69791,0.25115645
2020-01-08T12:00:00Z,0.0,-63.42709,-54.69791,0.24147002
2020-01-09T12:00:00Z,0.0,-63.42709,-54.69791,0.24317561
2020-01-10T12:00:00Z,0.0,-63.42709,-54.69791,0.24609862
2020-01-11T12:00:00Z,0.0,-63.42709,-54.69791,0.37314114
2020-01-12T12:00:00Z,0.0,-63.42709,-54.69791,0.37521848
2020-01-13T12:00:00Z,0.0,-63.42709,-54.69791,0.41019255
2020-01-14T12:00:00Z,0.0,-63.42709,-54.69791,0.46186325
2020-01-15T12:00:00Z,0.0,-63.42709,-54.69791,0.45972618
2020-01-16T12:00:00Z,0.0,-63.42709,-54.69791,0.4494159
2020-01-17T12:00:00Z,0.0,-63.42709,-54.69791,0.46370056
2020-01-18T12:00:00Z,0.0,-63.42709,-54.69791,0.4685047
2020-01-19T12:00:00Z,0.0,-63.42709,-54.69791,0.43933135
2020-01-20T12:00:00Z,0.0,-63.42709,-54.69791,0.41969907
2020-01-21T12:00:00Z,0.0,-63.42709,-54.69791,0.38338634
2020-01-22T12:00:00Z,0.0,-63.42709,-54.69791,0.39199543
2020-01-23T12:00:00Z,0.0,-63.42709,-54.69791,0.36918792
2020-01-24T12:00:00Z,0.0,-63.42709,-54.69791,0.3636352
2020-01-25T12:00:00Z,0.0,-63.42709,-54.69791,0.3669299
2020-01-26T12:00:00Z,0.0,-63.42709,-54.69791,0.370003
2020-01-27T12:00:00Z,0.0,-63.42709,-54.69791,0.37248865
2020-01-28T12:00:00Z,0.0,-63.42709,-54.69791,0.37035176
2020-01-29T12:00:00Z,0.0,-63.42709,-54.69791,0.34206456
2020-01-30T12:00:00Z,0.0,-63.42709,-54.69791,0.33241728
2020-01-31T12:00:00Z,0.0,-63.42709,-54.69791,0.32279706
2020-02-01T12:00:00Z,0.0,-63.42709,-54.69791,0.30794552
2020-02-02T12:00:00Z,0.0,-63.42709,-54.69791,0.3184093
2020-02-03T12:00:00Z,0.0,-63.42709,-54.69791,0.39953843
2020-02-04T12:00:00Z,0.0,-63.42709,-54.69791,0.3518547
2020-02-05T12:00:00Z,0.0,-63.42709,-54.69791,0.37394243
2020-02-06T12:00:00Z,0.0,-63.42709,-54.69791,0.3325005
2020-02-07T12:00:00Z,0.0,-63.42709,-54.69791,0.36127076
2020-02-08T12:00:00Z,0.0,-63.42709,-54.69791,0.3653793
2020-02-09T12:00:00Z,0.0,-63.42709,-54.69791,0.37093762
2020-02-10T12:00:00Z,0.0,-63.42709,-54.69791,0.39048094
2020-02-11T12:00:00Z,0.0,-63.42709,-54.69791,0.38644582
2020-02-12T12:00:00Z,0.0,-63.42709,-54.69791,0.37804696
2020-02-13T12:00:00Z,0.0,-63.42709,-54.69791,0.3876821
2020-02-14T12:00:00Z,0.0,-63.42709,-54.69791,0.39226168
2020-02-15T12:00:00Z,0.0,-63.42709,-54.69791,0.40586972
2020-02-16T12:00:00Z,0.0,-63.42709,-54.69791,0.39862695
2020-02-17T12:00:00Z,0.0,-63.42709,-54.69791,0.3929864
2020-02-18T12:00:00Z,0.0,-63.42709,-54.69791,0.39088053
2020-02-19T12:00:00Z,0.0,-63.42709,-54.69791,0.3985057
2020-02-20T12:00:00Z,0.0,-63.42709,-54.69791,0.37517336
2020-02-21T12:00:00Z,0.0,-63.42709,-54.69791,0.32668504
2020-02-22T12:00:00Z,0.0,-63.42709,-54.69791,0.3119308
2020-02-23T12:00:00Z,0.0,-63.42709,-54.69791,0.3021117
2020-02-24T12:00:00Z,0.0,-63.42709,-54.69791,0.3053843
2020-02-25T12:00:00Z,0.0,-63.42709,-54.69791,0.30755454
2020-02-26T12:00:00Z,0.0,-63.42709,-54.69791,0.31305125
2020-02-27T12:00:00Z,0.0,-63.42709,-54.69791,0.29189804
2020-02-28T12:00:00Z,0.0,-63.42709,-54.69791,0.3026202
2020-02-29T12:00:00Z,0.0,-63.42709,-54.69791,0.2949825
2020-03-01T12:00:00Z,0.0,-63.42709,-54.69791,0.270265
2020-03-02T12:00:00Z,0.0,-63.42709,-54.69791,0.27624235
2020-03-03T12:00:00Z,0.0,-63.42709,-54.69791,0.25296396
2020-03-04T12:00:00Z,0.0,-63.42709,-54.69791,0.24393004
2020-03-05T12:00:00Z,0.0,-63.42709,-54.69791,0.26506847
2020-03-06T12:00:00Z,0.0,-63.42709,-54.69791,0.2552169
2020-03-07T12:00:00Z,0.0,-63.42709,-54.69791,0.25467145
2020-03-08T12:00:00Z,0.0,-63.42709,-54.69791,0.23016956
2020-03-09T12:00:00Z,0.0,-63.42709,-54.69791,0.23645923
2020-03-10T12:00:00Z,0.0,-63.42709,-54.69791,0.23964511
2020-03-11T12:00:00Z,0.0,-63.42709,-54.69791,0.31813997
2020-03-12T12:00:00Z,0.0,-63.42709,-54.69791,0.34380394
2020-03-13T12:00:00Z,0.0,-63.42709,-54.69791,0.3420966
2020-03-14T12:00:00Z,0.0,-63.42709,-54.69791,0.32593688
2020-03-15T12:00:00Z,0.0,-63.42709,-54.69791,0.33906835
2020-03-16T12:00:00Z,0.0,-63.42709,-54.69791,0.34028676
2020-03-17T12:00:00Z,0.0,-63.42709,-54.69791,0.3431445
2020-03-18T12:00:00Z,0.0,-63.42709,-54.69791,0.3510077
2020-03-19T12:00:00Z,0.0,-63.42709,-54.69791,NaN
2020-03-20T12:00:00Z,0.0,-63.42709,-54.69791,NaN
2020-03-21T12:00:00Z,0.0,-63.42709,-54.69791,NaN
2020-03-22T12:00:00Z,0.0,-63.42709,-54.69791,NaN
2020-03-23T12:00:00Z,0.0,-63.42709,-54.69791,NaN
2020-03-24T12:00:00Z,0.0,-63.42709,-54.69791,NaN
2020-03-25T12:00:00Z,0.0,-63.42709,-54.69791,NaN
2020-03-26T12:00:00Z,0.0,-63.42709,-54.69791,NaN
2020-03-27T12:00:00Z,0.0,-63.42709,-54.69791,NaN
2020-03-28T12:00:00Z,0.0,-63.42709,-54.69791,NaN
2020-03-29T12:00:00Z,0.0,-63.42709,-54.69791,NaN
2020-03-30T12:00:00Z,0.0,-63.42709,-54.69791,NaN
2020-03-31T12:00:00Z,0.0,-63.42709,-54.69791,NaN
2020-04-01T12:00:00Z,0.0,-63.42709,-54.69791,NaN
2020-04-02T12:00:00Z,0.0,-63.42709,-54.69791,NaN
2020-04-03T12:00:00Z,0.0,-63.42709,-54.69791,NaN
2020-04-04T12:00:00Z,0.0,-63.42709,-54.69791,NaN
2020-04-05T12:00:00Z,0.0,-63.42709,-54.69791,NaN
2020-04-06T12:00:00Z,0.0,-63.42709,-54.69791,NaN
2020-04-07T12:00:00Z,0.0,-63.42709,-54.69791,NaN
2020-04-08T12:00:00Z,0.0,-63.42709,-54.69791,NaN
2020-04-09T12:00:00Z,0.0,-63.42709,-54.69791,NaN
2020-04-10T12:00:00Z,0.0,-63.42709,-54.69791,NaN
2020-04-11T12:00:00Z,0.0,-63.42709,-54.69791,NaN
2020-04-12T12:00:00Z,0.0,-63.42709,-54.69791,NaN
2020-04-13T12:00:00Z,0.0,-63.42709,-54.69791,NaN
2020-04-14T12:00:00Z,0.0,-63.42709,-54.69791,NaN
2020-04-15T12:00:00Z,0.0,-63.42709,-54.69791,NaN
2020-04-16T12:00:00Z,0.0,-63.42709,-54.69791,NaN
2020-04-17T12:00:00Z,0.0,-63.42709,-54.69791,NaN
2020-04-18T12:00:00Z,0.0,-63.42709,-54.69791,NaN
2020-04-19T12:00:00Z,0.0,-63.42709,-54.69791,NaN
2020-04-20T12:00:00Z,0.0,-63.42709,-54.69791,NaN
2020-04-21T12:00:00Z,0.0,-63.42709,-54.69791,NaN
2020-04-22T12:00:00Z,0.0,-63.42709,-54.69791,NaN
2020-04-23T12:00:00Z,0.0,-63.42709,-54.69791,NaN
2020-04-24T12:00:00Z,0.0,-63.42709,-54.69791,NaN
2020-04-25T12:00:00Z,0.0,-63.42709,-54.69791,NaN
2020-04-26T12:00:00Z,0.0,-63.42709,-54.69791,NaN
2020-04-27T12:00:00Z,0.0,-63.42709,-54.69791,NaN
2020-04-28T12:00:00Z,0.0,-63.42709,-54.69791,NaN
2020-04-29T12:00:00Z,0.0,-63.42709,-54.69791,NaN
2020-04-30T12:00:00Z,0.0,-63.42709,-54.69791,NaN
2020-05-01T12:00:00Z,0.0,-63.42709,-54.69791,NaN
2020-05-02T12:00:00Z,0.0,-63.42709,-54.69791,NaN
2020-05-03T12:00:00Z,0.0,-63.42709,-54.69791,NaN
2020-05-04T12:00:00Z,0.0,-63.42709,-54.69791,NaN
2020-05-05T12:00:00Z,0.0,-63.42709,-54.69791,NaN
2020-05-06T12:00:00Z,0.0,-63.42709,-54.69791,NaN
2020-05-07T12:00:00Z,0.0,-63.42709,-54.69791,NaN
2020-05-08T12:00:00Z,0.0,-63.42709,-54.69791,NaN
2020-05-09T12:00:00Z,0.0,-63.42709,-54.69791,NaN
2020-05-10T12:00:00Z,0.0,-63.42709,-54.69791,NaN
2020-05-11T12:00:00Z,0.0,-63.42709,-54.69791,NaN
2020-05-12T12:00:00Z,0.0,-63.42709,-54.69791,NaN
2020-05-13T12:00:00Z,0.0,-63.42709,-54.69791,NaN
2020-05-14T12:00:00Z,0.0,-63.42709,-54.69791,NaN
2020-05-15T12:00:00Z,0.0,-63.42709,-54.69791,NaN
2020-05-16T12:00:00Z,0.0,-63.42709,-54.69791,NaN
2020-05-17T12:00:00Z,0.0,-63.42709,-54.69791,NaN
2020-05-18T12:00:00Z,0.0,-63.42709,-54.69791,NaN
2020-05-19T12:00:00Z,0.0,-63.42709,-54.69791,NaN
2020-05-20T12:00:00Z,0.0,-63.42709,-54.69791,NaN
2020-05-21T12:00:00Z,0.0,-63.42709,-54.69791,NaN
2020-05-22T12:00:00Z,0.0,-63.42709,-54.69791,NaN
2020-05-23T12:00:00Z,0.0,-63.42709,-54.69791,NaN
2020-05-24T12:00:00Z,0.0,-63.42709,-54.69791,NaN
2020-05-25T12:00:00Z,0.0,-63.42709,-54.69791,NaN
2020-05-26T12:00:00Z,0.0,-63.42709,-54.69791,NaN
2020-05-27T12:00:00Z,0.0,-63.42709,-54.69791,NaN
2020-05-28T12:00:00Z,0.0,-63.42709,-54.69791,NaN
2020-05-29T12:00:00Z,0.0,-63.42709,-54.69791,NaN
2020-05-30T12:00:00Z,0.0,-63.42709,-54.69791,NaN
2020-05-31T12:00:00Z,0.0,-63.42709,-54.69791,NaN
2020-06-01T12:00:00Z,0.0,-63.42709,-54.69791,NaN
2020-06-02T12:00:00Z,0.0,-63.42709,-54.69791,NaN
2020-06-03T12:00:00Z,0.0,-63.42709,-54.69791,NaN
2020-06-04T12:00:00Z,0.0,-63.42709,-54.69791,NaN
2020-06-05T12:00:00Z,0.0,-63.42709,-54.69791,NaN
2020-06-06T12:00:00Z,0.0,-63.42709,-54.69791,NaN
2020-06-07T12:00:00Z,0.0,-63.42709,-54.69791,NaN
2020-06-08T12:00:00Z,0.0,-63.42709,-54.69791,NaN
2020-06-09T12:00:00Z,0.0,-63.42709,-54.69791,NaN
2020-06-10T12:00:00Z,0.0,-63.42709,-54.69791,NaN
2020-06-11T12:00:00Z,0.0,-63.42709,-54.69791,NaN
2020-06-12T12:00:00Z,0.0,-63.42709,-54.69791,NaN
2020-06-13T12:00:00Z,0.0,-63.42709,-54.69791,NaN
2020-06-14T12:00:00Z,0.0,-63.42709,-54.69791,NaN
2020-06-15T12:00:00Z,0.0,-63.42709,-54.69791,NaN
2020-06-16T12:00:00Z,0.0,-63.42709,-54.69791,NaN
2020-06-17T12:00:00Z,0.0,-63.42709,-54.69791,NaN
2020-06-18T12:00:00Z,0.0,-63.42709,-54.69791,NaN
2020-06-19T12:00:00Z,0.0,-63.42709,-54.69791,NaN
2020-06-20T12:00:00Z,0.0,-63.42709,-54.69791,NaN
2020-06-21T12:00:00Z,0.0,-63.42709,-54.69791,NaN
2020-06-22T12:00:00Z,0.0,-63.42709,-54.69791,NaN
2020-06-23T12:00:00Z,0.0,-63.42709,-54.69791,NaN
2020-06-24T12:00:00Z,0.0,-63.42709,-54.69791,NaN
2020-06-25T12:00:00Z,0.0,-63.42709,-54.69791,NaN
2020-06-26T12:00:00Z,0.0,-63.42709,-54.69791,NaN
2020-06-27T12:00:00Z,0.0,-63.42709,-54.69791,NaN
2020-06-28T12:00:00Z,0.0,-63.42709,-54.69791,NaN
2020-06-29T12:00:00Z,0.0,-63.42709,-54.69791,NaN
2020-06-30T12:00:00Z,0.0,-63.42709,-54.69791,NaN
2020-07-01T12:00:00Z,0.0,-63.42709,-54.69791,NaN
2020-07-02T12:00:00Z,0.0,-63.42709,-54.69791,NaN
2020-07-03T12:00:00Z,0.0,-63.42709,-54.69791,NaN
2020-07-04T12:00:00Z,0.0,-63.42709,-54.69791,NaN
2020-07-05T12:00:00Z,0.0,-63.42709,-54.69791,NaN
2020-07-06T12:00:00Z,0.0,-63.42709,-54.69791,NaN
2020-07-07T12:00:00Z,0.0,-63.42709,-54.69791,NaN
2020-07-08T12:00:00Z,0.0,-63.42709,-54.69791,NaN
2020-07-09T12:00:00Z,0.0,-63.42709,-54.69791,NaN
2020-07-10T12:00:00Z,0.0,-63.42709,-54.69791,NaN
2020-07-11T12:00:00Z,0.0,-63.42709,-54.69791,NaN
2020-07-12T12:00:00Z,0.0,-63.42709,-54.69791,NaN
2020-07-13T12:00:00Z,0.0,-63.42709,-54.69791,NaN
2020-07-14T12:00:00Z,0.0,-63.42709,-54.69791,NaN
2020-07-15T12:00:00Z,0.0,-63.42709,-54.69791,NaN
2020-07-16T12:00:00Z,0.0,-63.42709,-54.69791,NaN
2020-07-17T12:00:00Z,0.0,-63.42709,-54.69791,NaN
2020-07-18T12:00:00Z,0.0,-63.42709,-54.69791,NaN
2020-07-19T12:00:00Z,0.0,-63.42709,-54.69791,NaN
2020-07-20T12:00:00Z,0.0,-63.42709,-54.69791,NaN
2020-07-21T12:00:00Z,0.0,-63.42709,-54.69791,NaN
2020-07-22T12:00:00Z,0.0,-63.42709,-54.69791,NaN
2020-07-23T12:00:00Z,0.0,-63.42709,-54.69791,NaN
2020-07-24T12:00:00Z,0.0,-63.42709,-54.69791,NaN
2020-07-25T12:00:00Z,0.0,-63.42709,-54.69791,NaN
2020-07-26T12:00:00Z,0.0,-63.42709,-54.69791,NaN
2020-07-27T12:00:00Z,0.0,-63.42709,-54.69791,NaN
2020-07-28T12:00:00Z,0.0,-63.42709,-54.69791,NaN
2020-07-29T12:00:00Z,0.0,-63.42709,-54.69791,NaN
2020-07-30T12:00:00Z,0.0,-63.42709,-54.69791,NaN
2020-07-31T12:00:00Z,0.0,-63.42709,-54.69791,NaN
2020-08-01T12:00:00Z,0.0,-63.42709,-54.69791,NaN
2020-08-02T12:00:00Z,0.0,-63.42709,-54.69791,NaN
2020-08-03T12:00:00Z,0.0,-63.42709,-54.69791,NaN
2020-08-04T12:00:00Z,0.0,-63.42709,-54.69791,NaN
2020-08-05T12:00:00Z,0.0,-63.42709,-54.69791,NaN
2020-08-06T12:00:00Z,0.0,-63.42709,-54.69791,NaN
2020-08-07T12:00:00Z,0.0,-63.42709,-54.69791,NaN
2020-08-08T12:00:00Z,0.0,-63.42709,-54.69791,NaN
2020-08-09T12:00:00Z,0.0,-63.42709,-54.69791,NaN
2020-08-10T12:00:00Z,0.0,-63.42709,-54.69791,NaN
2020-08-11T12:00:00Z,0.0,-63.42709,-54.69791,NaN
2020-08-12T12:00:00Z,0.0,-63.42709,-54.69791,NaN
2020-08-13T12:00:00Z,0.0,-63.42709,-54.69791,NaN
2020-08-14T12:00:00Z,0.0,-63.42709,-54.69791,NaN
2020-08-15T12:00:00Z,0.0,-63.42709,-54.69791,NaN
2020-08-16T12:00:00Z,0.0,-63.42709,-54.69791,NaN
2020-08-17T12:00:00Z,0.0,-63.42709,-54.69791,NaN
2020-08-18T12:00:00Z,0.0,-63.42709,-54.69791,NaN
2020-08-19T12:00:00Z,0.0,-63.42709,-54.69791,NaN
2020-08-20T12:00:00Z,0.0,-63.42709,-54.69791,NaN
2020-08-21T12:00:00Z,0.0,-63.42709,-54.69791,NaN
2020-08-22T12:00:00Z,0.0,-63.42709,-54.69791,NaN
2020-08-23T12:00:00Z,0.0,-63.42709,-54.69791,NaN
2020-08-24T12:00:00Z,0.0,-63.42709,-54.69791,NaN
2020-08-25T12:00:00Z,0.0,-63.42709,-54.69791,NaN
2020-08-26T12:00:00Z,0.0,-63.42709,-54.69791,NaN
2020-08-27T12:00:00Z,0.0,-63.42709,-54.69791,NaN
2020-08-28T12:00:00Z,0.0,-63.42709,-54.69791,NaN
2020-08-29T12:00:00Z,0.0,-63.42709,-54.69791,NaN
2020-08-30T12:00:00Z,0.0,-63.42709,-54.69791,NaN
2020-08-31T12:00:00Z,0.0,-63.42709,-54.69791,NaN
2020-09-01T12:00:00Z,0.0,-63.42709,-54.69791,NaN
2020-09-02T12:00:00Z,0.0,-63.42709,-54.69791,NaN
2020-09-03T12:00:00Z,0.0,-63.42709,-54.69791,NaN
2020-09-04T12:00:00Z,0.0,-63.42709,-54.69791,NaN
2020-09-05T12:00:00Z,0.0,-63.42709,-54.69791,NaN
2020-09-06T12:00:00Z,0.0,-63.42709,-54.69791,NaN
2020-09-07T12:00:00Z,0.0,-63.42709,-54.69791,NaN
2020-09-08T12:00:00Z,0.0,-63.42709,-54.69791,NaN
2020-09-09T12:00:00Z,0.0,-63.42709,-54.69791,NaN
2020-09-10T12:00:00Z,0.0,-63.42709,-54.69791,NaN
2020-09-11T12:00:00Z,0.0,-63.42709,-54.69791,NaN
2020-09-12T12:00:00Z,0.0,-63.42709,-54.69791,NaN
2020-09-13T12:00:00Z,0.0,-63.42709,-54.69791,NaN
2020-09-14T12:00:00Z,0.0,-63.42709,-54.69791,NaN
2020-09-15T12:00:00Z,0.0,-63.42709,-54.69791,NaN
2020-09-16T12:00:00Z,0.0,-63.42709,-54.69791,NaN
2020-09-17T12:00:00Z,0.0,-63.42709,-54.69791,NaN
2020-09-18T12:00:00Z,0.0,-63.42709,-54.69791,NaN
2020-09-19T12:00:00Z,0.0,-63.42709,-54.69791,NaN
2020-09-20T12:00:00Z,0.0,-63.42709,-54.69791,NaN
2020-09-21T12:00:00Z,0.0,-63.42709,-54.69791,NaN
2020-09-22T12:00:00Z,0.0,-63.42709,-54.69791,NaN
2020-09-23T12:00:00Z,0.0,-63.42709,-54.69791,NaN
2020-09-24T12:00:00Z,0.0,-63.42709,-54.69791,NaN
2020-09-25T12:00:00Z,0.0,-63.42709,-54.69791,NaN
2020-09-26T12:00:00Z,0.0,-63.42709,-54.69791,NaN
2020-09-27T12:00:00Z,0.0,-63.42709,-54.69791,NaN
2020-09-28T12:00:00Z,0.0,-63.42709,-54.69791,NaN
2020-09-29T12:00:00Z,0.0,-63.42709,-54.69791,NaN
2020-09-30T12:00:00Z,0.0,-63.42709,-54.69791,NaN
2020-10-01T12:00:00Z,0.0,-63.42709,-54.69791,NaN
2020-10-02T12:00:00Z,0.0,-63.42709,-54.69791,NaN
2020-10-03T12:00:00Z,0.0,-63.42709,-54.69791,NaN
2020-10-04T12:00:00Z,0.0,-63.42709,-54.69791,NaN
2020-10-05T12:00:00Z,0.0,-63.42709,-54.69791,NaN
2020-10-06T12:00:00Z,0.0,-63.42709,-54.69791,NaN
2020-10-07T12:00:00Z,0.0,-63.42709,-54.69791,NaN
2020-10-08T12:00:00Z,0.0,-63.42709,-54.69791,NaN
2020-10-09T12:00:00Z,0.0,-63.42709,-54.69791,NaN
2020-10-10T12:00:00Z,0.0,-63.42709,-54.69791,NaN
2020-10-11T12:00:00Z,0.0,-63.42709,-54.69791,NaN
2020-10-12T12:00:00Z,0.0,-63.42709,-54.69791,NaN
2020-10-13T12:00:00Z,0.0,-63.42709,-54.69791,NaN
2020-10-14T12:00:00Z,0.0,-63.42709,-54.69791,NaN
2020-10-15T12:00:00Z,0.0,-63.42709,-54.69791,0.16266464
2020-10-16T12:00:00Z,0.0,-63.42709,-54.69791,0.16295785
2020-10-17T12:00:00Z,0.0,-63.42709,-54.69791,0.1635298
2020-10-18T12:00:00Z,0.0,-63.42709,-54.69791,0.16406663
2020-10-19T12:00:00Z,0.0,-63.42709,-54.69791,0.16421705
2020-10-20T12:00:00Z,0.0,-63.42709,-54.69791,0.16386907
2020-10-21T12:00:00Z,0.0,-63.42709,-54.69791,0.16412938
2020-10-22T12:00:00Z,0.0,-63.42709,-54.69791,0.1648462
2020-10-23T12:00:00Z,0.0,-63.42709,-54.69791,0.16520184
2020-10-24T12:00:00Z,0.0,-63.42709,-54.69791,0.16623254
2020-10-25T12:00:00Z,0.0,-63.42709,-54.69791,0.16618277
2020-10-26T12:00:00Z,0.0,-63.42709,-54.69791,0.16680191
2020-10-27T12:00:00Z,0.0,-63.42709,-54.69791,0.1665642
2020-10-28T12:00:00Z,0.0,-63.42709,-54.69791,0.15517636
2020-10-29T12:00:00Z,0.0,-63.42709,-54.69791,0.16766492
2020-10-30T12:00:00Z,0.0,-63.42709,-54.69791,0.16757761
2020-10-31T12:00:00Z,0.0,-63.42709,-54.69791,0.1588496
2020-11-01T12:00:00Z,0.0,-63.42709,-54.69791,0.16756482
2020-11-02T12:00:00Z,0.0,-63.42709,-54.69791,0.16797028
2020-11-03T12:00:00Z,0.0,-63.42709,-54.69791,0.11369192
2020-11-04T12:00:00Z,0.0,-63.42709,-54.69791,0.11845473
2020-11-05T12:00:00Z,0.0,-63.42709,-54.69791,0.107113905
2020-11-06T12:00:00Z,0.0,-63.42709,-54.69791,0.13800307
2020-11-07T12:00:00Z,0.0,-63.42709,-54.69791,0.1310992
2020-11-08T12:00:00Z,0.0,-63.42709,-54.69791,0.13438748
2020-11-09T12:00:00Z,0.0,-63.42709,-54.69791,0.14979517
2020-11-10T12:00:00Z,0.0,-63.42709,-54.69791,0.15834855
2020-11-11T12:00:00Z,0.0,-63.42709,-54.69791,0.16055524
2020-11-12T12:00:00Z,0.0,-63.42709,-54.69791,0.1617082
2020-11-13T12:00:00Z,0.0,-63.42709,-54.69791,0.16050471
2020-11-14T12:00:00Z,0.0,-63.42709,-54.69791,0.16062395
2020-11-15T12:00:00Z,0.0,-63.42709,-54.69791,0.16561311
2020-11-16T12:00:00Z,0.0,-63.42709,-54.69791,0.15349473
2020-11-17T12:00:00Z,0.0,-63.42709,-54.69791,0.16242726
2020-11-18T12:00:00Z,0.0,-63.42709,-54.69791,0.16921161
2020-11-19T12:00:00Z,0.0,-63.42709,-54.69791,0.18104649
2020-11-20T12:00:00Z,0.0,-63.42709,-54.69791,0.18627068
2020-11-21T12:00:00Z,0.0,-63.42709,-54.69791,0.19908588
2020-11-22T12:00:00Z,0.0,-63.42709,-54.69791,0.20495544
2020-11-23T12:00:00Z,0.0,-63.42709,-54.69791,0.2068577
2020-11-24T12:00:00Z,0.0,-63.42709,-54.69791,0.45388207
2020-11-25T12:00:00Z,0.0,-63.42709,-54.69791,0.39340258
2020-11-26T12:00:00Z,0.0,-63.42709,-54.69791,0.40599245
2020-11-27T12:00:00Z,0.0,-63.42709,-54.69791,0.47484967
2020-11-28T12:00:00Z,0.0,-63.42709,-54.69791,0.4425763
2020-11-29T12:00:00Z,0.0,-63.42709,-54.69791,0.44265777
2020-11-30T12:00:00Z,0.0,-63.42709,-54.69791,0.35018128
2020-12-01T12:00:00Z,0.0,-63.42709,-54.69791,0.38688904
2020-12-02T12:00:00Z,0.0,-63.42709,-54.69791,0.39620575
2020-12-03T12:00:00Z,0.0,-63.42709,-54.69791,0.39565507
2020-12-04T12:00:00Z,0.0,-63.42709,-54.69791,0.3962859
2020-12-05T12:00:00Z,0.0,-63.42709,-54.69791,0.38306028
2020-12-06T12:00:00Z,0.0,-63.42709,-54.69791,0.34513333
2020-12-07T12:00:00Z,0.0,-63.42709,-54.69791,0.38474303
2020-12-08T12:00:00Z,0.0,-63.42709,-54.69791,0.47398105
2020-12-09T12:00:00Z,0.0,-63.42709,-54.69791,0.4384445
2020-12-10T12:00:00Z,0.0,-63.42709,-54.69791,0.45552024
2020-12-11T12:00:00Z,0.0,-63.42709,-54.69791,0.44398463
2020-12-12T12:00:00Z,0.0,-63.42709,-54.69791,0.4988142
2020-12-13T12:00:00Z,0.0,-63.42709,-54.69791,0.5434547
2020-12-14T12:00:00Z,0.0,-63.42709,-54.69791,0.58595675
2020-12-15T12:00:00Z,0.0,-63.42709,-54.69791,0.57575464
2020-12-16T12:00:00Z,0.0,-63.42709,-54.69791,0.5458157
2020-12-17T12:00:00Z,0.0,-63.42709,-54.69791,0.5034408
2020-12-18T12:00:00Z,0.0,-63.42709,-54.69791,0.6056976
2020-12-19T12:00:00Z,0.0,-63.42709,-54.69791,0.7285731
2020-12-20T12:00:00Z,0.0,-63.42709,-54.69791,0.61082834
2020-12-21T12:00:00Z,0.0,-63.42709,-54.69791,0.8108609
2020-12-22T12:00:00Z,0.0,-63.42709,-54.69791,0.85658514
2020-12-23T12:00:00Z,0.0,-63.42709,-54.69791,0.97703826
2020-12-24T12:00:00Z,0.0,-63.42709,-54.69791,0.94107205
2020-12-25T12:00:00Z,0.0,-63.42709,-54.69791,1.0772434
2020-12-26T12:00:00Z,0.0,-63.42709,-54.69791,1.0058109
2020-12-27T12:00:00Z,0.0,-63.42709,-54.69791,1.0325625
2020-12-28T12:00:00Z,0.0,-63.42709,-54.69791,1.0075495
2020-12-29T12:00:00Z,0.0,-63.42709,-54.69791,0.85694265
2020-12-30T12:00:00Z,0.0,-63.42709,-54.69791,1.0449452
2020-12-31T12:00:00Z,0.0,-63.42709,-54.69791,1.0400721
2021-01-01T12:00:00Z,0.0,-63.42709,-54.69791,0.9274368
2021-01-02T12:00:00Z,0.0,-63.42709,-54.69791,0.87980074
2021-01-03T12:00:00Z,0.0,-63.42709,-54.69791,0.95643824
2021-01-04T12:00:00Z,0.0,-63.42709,-54.69791,0.96121657
2021-01-05T12:00:00Z,0.0,-63.42709,-54.69791,0.9037436
2021-01-06T12:00:00Z,0.0,-63.42709,-54.69791,0.9539081
2021-01-07T12:00:00Z,0.0,-63.42709,-54.69791,0.9060685
2021-01-08T12:00:00Z,0.0,-63.42709,-54.69791,0.74168634
2021-01-09T12:00:00Z,0.0,-63.42709,-54.69791,0.7245472
2021-01-10T12:00:00Z,0.0,-63.42709,-54.69791,0.72402257
2021-01-11T12:00:00Z,0.0,-63.42709,-54.69791,0.7593952
2021-01-12T12:00:00Z,0.0,-63.42709,-54.69791,0.8214609
2021-01-13T12:00:00Z,0.0,-63.42709,-54.69791,0.77955645
2021-01-14T12:00:00Z,0.0,-63.42709,-54.69791,0.8281251
2021-01-15T12:00:00Z,0.0,-63.42709,-54.69791,0.6739497
2021-01-16T12:00:00Z,0.0,-63.42709,-54.69791,0.68782294
2021-01-17T12:00:00Z,0.0,-63.42709,-54.69791,0.72648454
2021-01-18T12:00:00Z,0.0,-63.42709,-54.69791,0.70912933
2021-01-19T12:00:00Z,0.0,-63.42709,-54.69791,0.67388815
2021-01-20T12:00:00Z,0.0,-63.42709,-54.69791,0.63212895
2021-01-21T12:00:00Z,0.0,-63.42709,-54.69791,0.56575847
2021-01-22T12:00:00Z,0.0,-63.42709,-54.69791,0.57557625
2021-01-23T12:00:00Z,0.0,-63.42709,-54.69791,0.41968417
2021-01-24T12:00:00Z,0.0,-63.42709,-54.69791,0.44064954
2021-01-25T12:00:00Z,0.0,-63.42709,-54.69791,0.47271046
2021-01-26T12:00:00Z,0.0,-63.42709,-54.69791,0.4697034
2021-01-27T12:00:00Z,0.0,-63.42709,-54.69791,0.41261035
2021-01-28T12:00:00Z,0.0,-63.42709,-54.69791,0.37385786
2021-01-29T12:00:00Z,0.0,-63.42709,-54.69791,0.38154358
2021-01-30T12:00:00Z,0.0,-63.42709,-54.69791,0.33108726
2021-01-31T12:00:00Z,0.0,-63.42709,-54.69791,0.34498847
2021-02-01T12:00:00Z,0.0,-63.42709,-54.69791,0.34063852
2021-02-02T12:00:00Z,0.0,-63.42709,-54.69791,0.28318354
2021-02-03T12:00:00Z,0.0,-63.42709,-54.69791,0.29399866
2021-02-04T12:00:00Z,0.0,-63.42709,-54.69791,0.39192134
2021-02-05T12:00:00Z,0.0,-63.42709,-54.69791,0.4077407
2021-02-06T12:00:00Z,0.0,-63.42709,-54.69791,0.41606817
2021-02-07T12:00:00Z,0.0,-63.42709,-54.69791,0.37950936
2021-02-08T12:00:00Z,0.0,-63.42709,-54.69791,0.44554242
2021-02-09T12:00:00Z,0.0,-63.42709,-54.69791,0.40200898
2021-02-10T12:00:00Z,0.0,-63.42709,-54.69791,0.40895206
2021-02-11T12:00:00Z,0.0,-63.42709,-54.69791,0.45062965
2021-02-12T12:00:00Z,0.0,-63.42709,-54.69791,0.44816193
2021-02-13T12:00:00Z,0.0,-63.42709,-54.69791,0.47767445
2021-02-14T12:00:00Z,0.0,-63.42709,-54.69791,0.46869653
2021-02-15T12:00:00Z,0.0,-63.42709,-54.69791,0.46979374
2021-02-16T12:00:00Z,0.0,-63.42709,-54.69791,0.49368522
2021-02-17T12:00:00Z,0.0,-63.42709,-54.69791,0.5189773
2021-02-18T12:00:00Z,0.0,-63.42709,-54.69791,0.51764387
2021-02-19T12:00:00Z,0.0,-63.42709,-54.69791,0.4703977
2021-02-20T12:00:00Z,0.0,-63.42709,-54.69791,0.53619856
2021-02-21T12:00:00Z,0.0,-63.42709,-54.69791,0.5206075
2021-02-22T12:00:00Z,0.0,-63.42709,-54.69791,0.48049843
2021-02-23T12:00:00Z,0.0,-63.42709,-54.69791,0.48997375
2021-02-24T12:00:00Z,0.0,-63.42709,-54.69791,0.48056373
2021-02-25T12:00:00Z,0.0,-63.42709,-54.69791,0.47192702
2021-02-26T12:00:00Z,0.0,-63.42709,-54.69791,0.42658392
2021-02-27T12:00:00Z,0.0,-63.42709,-54.69791,0.4897944
2021-02-28T12:00:00Z,0.0,-63.42709,-54.69791,0.4396138
2021-03-01T12:00:00Z,0.0,-63.42709,-54.69791,0.48840728
2021-03-02T12:00:00Z,0.0,-63.42709,-54.69791,0.493068
2021-03-03T12:00:00Z,0.0,-63.42709,-54.69791,0.49724367
2021-03-04T12:00:00Z,0.0,-63.42709,-54.69791,0.50544167
2021-03-05T12:00:00Z,0.0,-63.42709,-54.69791,0.45932007
2021-03-06T12:00:00Z,0.0,-63.42709,-54.69791,0.43929568
2021-03-07T12:00:00Z,0.0,-63.42709,-54.69791,0.44597715
2021-03-08T12:00:00Z,0.0,-63.42709,-54.69791,0.48200002
2021-03-09T12:00:00Z,0.0,-63.42709,-54.69791,0.41507414
2021-03-10T12:00:00Z,0.0,-63.42709,-54.69791,0.40929565
2021-03-11T12:00:00Z,0.0,-63.42709,-54.69791,0.41018686
2021-03-12T12:00:00Z,0.0,-63.42709,-54.69791,0.41975415
2021-03-13T12:00:00Z,0.0,-63.42709,-54.69791,0.38932866
2021-03-14T12:00:00Z,0.0,-63.42709,-54.69791,0.33754653
2021-03-15T12:00:00Z,0.0,-63.42709,-54.69791,0.37117577
2021-03-16T12:00:00Z,0.0,-63.42709,-54.69791,0.3979432
2021-03-17T12:00:00Z,0.0,-63.42709,-54.69791,0.36339325
2021-03-18T12:00:00Z,0.0,-63.42709,-54.69791,0.29920024
2021-03-19T12:00:00Z,0.0,-63.42709,-54.69791,0.37941974
2021-03-20T12:00:00Z,0.0,-63.42709,-54.69791,NaN
2021-03-21T12:00:00Z,0.0,-63.42709,-54.69791,NaN
2021-03-22T12:00:00Z,0.0,-63.42709,-54.69791,NaN
2021-03-23T12:00:00Z,0.0,-63.42709,-54.69791,NaN
2021-03-24T12:00:00Z,0.0,-63.42709,-54.69791,NaN
2021-03-25T12:00:00Z,0.0,-63.42709,-54.69791,NaN
2021-03-26T12:00:00Z,0.0,-63.42709,-54.69791,NaN
2021-03-27T12:00:00Z,0.0,-63.42709,-54.69791,NaN
2021-03-28T12:00:00Z,0.0,-63.42709,-54.69791,NaN
2021-03-29T12:00:00Z,0.0,-63.42709,-54.69791,NaN
2021-03-30T12:00:00Z,0.0,-63.42709,-54.69791,NaN
2021-03-31T12:00:00Z,0.0,-63.42709,-54.69791,NaN
2021-04-01T12:00:00Z,0.0,-63.42709,-54.69791,NaN
2021-04-02T12:00:00Z,0.0,-63.42709,-54.69791,NaN
2021-04-03T12:00:00Z,0.0,-63.42709,-54.69791,NaN
2021-04-04T12:00:00Z,0.0,-63.42709,-54.69791,NaN
2021-04-05T12:00:00Z,0.0,-63.42709,-54.69791,NaN
2021-04-06T12:00:00Z,0.0,-63.42709,-54.69791,NaN
2021-04-07T12:00:00Z,0.0,-63.42709,-54.69791,NaN
2021-04-08T12:00:00Z,0.0,-63.42709,-54.69791,NaN
2021-04-09T12:00:00Z,0.0,-63.42709,-54.69791,NaN
2021-04-10T12:00:00Z,0.0,-63.42709,-54.69791,NaN
2021-04-11T12:00:00Z,0.0,-63.42709,-54.69791,NaN
2021-04-12T12:00:00Z,0.0,-63.42709,-54.69791,NaN
2021-04-13T12:00:00Z,0.0,-63.42709,-54.69791,NaN
2021-04-14T12:00:00Z,0.0,-63.42709,-54.69791,NaN
2021-04-15T12:00:00Z,0.0,-63.42709,-54.69791,NaN
2021-04-16T12:00:00Z,0.0,-63.42709,-54.69791,NaN
2021-04-17T12:00:00Z,0.0,-63.42709,-54.69791,NaN
2021-04-18T12:00:00Z,0.0,-63.42709,-54.69791,NaN
2021-04-19T12:00:00Z,0.0,-63.42709,-54.69791,NaN
2021-04-20T12:00:00Z,0.0,-63.42709,-54.69791,NaN
2021-04-21T12:00:00Z,0.0,-63.42709,-54.69791,NaN
2021-04-22T12:00:00Z,0.0,-63.42709,-54.69791,NaN
2021-04-23T12:00:00Z,0.0,-63.42709,-54.69791,NaN
2021-04-24T12:00:00Z,0.0,-63.42709,-54.69791,NaN
2021-04-25T12:00:00Z,0.0,-63.42709,-54.69791,NaN
2021-04-26T12:00:00Z,0.0,-63.42709,-54.69791,NaN
2021-04-27T12:00:00Z,0.0,-63.42709,-54.69791,NaN
2021-04-28T12:00:00Z,0.0,-63.42709,-54.69791,NaN
2021-04-29T12:00:00Z,0.0,-63.42709,-54.69791,NaN
2021-04-30T12:00:00Z,0.0,-63.42709,-54.69791,NaN
2021-05-01T12:00:00Z,0.0,-63.42709,-54.69791,NaN
2021-05-02T12:00:00Z,0.0,-63.42709,-54.69791,NaN
2021-05-03T12:00:00Z,0.0,-63.42709,-54.69791,NaN
2021-05-04T12:00:00Z,0.0,-63.42709,-54.69791,NaN
2021-05-05T12:00:00Z,0.0,-63.42709,-54.69791,NaN
2021-05-06T12:00:00Z,0.0,-63.42709,-54.69791,NaN
2021-05-07T12:00:00Z,0.0,-63.42709,-54.69791,NaN
2021-05-08T12:00:00Z,0.0,-63.42709,-54.69791,NaN
2021-05-09T12:00:00Z,0.0,-63.42709,-54.69791,NaN
2021-05-10T12:00:00Z,0.0,-63.42709,-54.69791,NaN
2021-05-11T12:00:00Z,0.0,-63.42709,-54.69791,NaN
2021-05-12T12:00:00Z,0.0,-63.42709,-54.69791,NaN
2021-05-13T12:00:00Z,0.0,-63.42709,-54.69791,NaN
2021-05-14T12:00:00Z,0.0,-63.42709,-54.69791,NaN
2021-05-15T12:00:00Z,0.0,-63.42709,-54.69791,NaN
2021-05-16T12:00:00Z,0.0,-63.42709,-54.69791,NaN
2021-05-17T12:00:00Z,0.0,-63.42709,-54.69791,NaN
2021-05-18T12:00:00Z,0.0,-63.42709,-54.69791,NaN
2021-05-19T12:00:00Z,0.0,-63.42709,-54.69791,NaN
2021-05-20T12:00:00Z,0.0,-63.42709,-54.69791,NaN
2021-05-21T12:00:00Z,0.0,-63.42709,-54.69791,NaN
2021-05-22T12:00:00Z,0.0,-63.42709,-54.69791,NaN
2021-05-23T12:00:00Z,0.0,-63.42709,-54.69791,NaN
2021-05-24T12:00:00Z,0.0,-63.42709,-54.69791,NaN
2021-05-25T12:00:00Z,0.0,-63.42709,-54.69791,NaN
2021-05-26T12:00:00Z,0.0,-63.42709,-54.69791,NaN
2021-05-27T12:00:00Z,0.0,-63.42709,-54.69791,NaN
2021-05-28T12:00:00Z,0.0,-63.42709,-54.69791,NaN
2021-05-29T12:00:00Z,0.0,-63.42709,-54.69791,NaN
2021-05-30T12:00:00Z,0.0,-63.42709,-54.69791,NaN
2021-05-31T12:00:00Z,0.0,-63.42709,-54.69791,NaN
2021-06-01T12:00:00Z,0.0,-63.42709,-54.69791,NaN
2021-06-02T12:00:00Z,0.0,-63.42709,-54.69791,NaN
2021-06-03T12:00:00Z,0.0,-63.42709,-54.69791,NaN
2021-06-04T12:00:00Z,0.0,-63.42709,-54.69791,NaN
2021-06-05T12:00:00Z,0.0,-63.42709,-54.69791,NaN
2021-06-06T12:00:00Z,0.0,-63.42709,-54.69791,NaN
2021-06-07T12:00:00Z,0.0,-63.42709,-54.69791,NaN
2021-06-08T12:00:00Z,0.0,-63.42709,-54.69791,NaN
2021-06-09T12:00:00Z,0.0,-63.42709,-54.69791,NaN
2021-06-10T12:00:00Z,0.0,-63.42709,-54.69791,NaN
2021-06-11T12:00:00Z,0.0,-63.42709,-54.69791,NaN
2021-06-12T12:00:00Z,0.0,-63.42709,-54.69791,NaN
2021-06-13T12:00:00Z,0.0,-63.42709,-54.69791,NaN
2021-06-14T12:00:00Z,0.0,-63.42709,-54.69791,NaN
2021-06-15T12:00:00Z,0.0,-63.42709,-54.69791,NaN
2021-06-16T12:00:00Z,0.0,-63.42709,-54.69791,NaN
2021-06-17T12:00:00Z,0.0,-63.42709,-54.69791,NaN
2021-06-18T12:00:00Z,0.0,-63.42709,-54.69791,NaN
2021-06-19T12:00:00Z,0.0,-63.42709,-54.69791,NaN
2021-06-20T12:00:00Z,0.0,-63.42709,-54.69791,NaN
2021-06-21T12:00:00Z,0.0,-63.42709,-54.69791,NaN
2021-06-22T12:00:00Z,0.0,-63.42709,-54.69791,NaN
2021-06-23T12:00:00Z,0.0,-63.42709,-54.69791,NaN
2021-06-24T12:00:00Z,0.0,-63.42709,-54.69791,NaN
2021-06-25T12:00:00Z,0.0,-63.42709,-54.69791,NaN
2021-06-26T12:00:00Z,0.0,-63.42709,-54.69791,NaN
2021-06-27T12:00:00Z,0.0,-63.42709,-54.69791,NaN
2021-06-28T12:00:00Z,0.0,-63.42709,-54.69791,NaN
2021-06-29T12:00:00Z,0.0,-63.42709,-54.69791,NaN
2021-06-30T12:00:00Z,0.0,-63.42709,-54.69791,NaN
2021-07-01T12:00:00Z,0.0,-63.42709,-54.69791,NaN
2021-07-02T12:00:00Z,0.0,-63.42709,-54.69791,NaN
2021-07-03T12:00:00Z,0.0,-63.42709,-54.69791,NaN
2021-07-04T12:00:00Z,0.0,-63.42709,-54.69791,NaN
2021-07-05T12:00:00Z,0.0,-63.42709,-54.69791,NaN
2021-07-06T12:00:00Z,0.0,-63.42709,-54.69791,NaN
2021-07-07T12:00:00Z,0.0,-63.42709,-54.69791,NaN
2021-07-08T12:00:00Z,0.0,-63.42709,-54.69791,NaN
2021-07-09T12:00:00Z,0.0,-63.42709,-54.69791,NaN
2021-07-10T12:00:00Z,0.0,-63.42709,-54.69791,NaN
2021-07-11T12:00:00Z,0.0,-63.42709,-54.69791,NaN
2021-07-12T12:00:00Z,0.0,-63.42709,-54.69791,NaN
2021-07-13T12:00:00Z,0.0,-63.42709,-54.69791,NaN
2021-07-14T12:00:00Z,0.0,-63.42709,-54.69791,NaN
2021-07-15T12:00:00Z,0.0,-63.42709,-54.69791,NaN
2021-07-16T12:00:00Z,0.0,-63.42709,-54.69791,NaN
2021-07-17T12:00:00Z,0.0,-63.42709,-54.69791,NaN
2021-07-18T12:00:00Z,0.0,-63.42709,-54.69791,NaN
2021-07-19T12:00:00Z,0.0,-63.42709,-54.69791,NaN
2021-07-20T12:00:00Z,0.0,-63.42709,-54.69791,NaN
2021-07-21T12:00:00Z,0.0,-63.42709,-54.69791,NaN
2021-07-22T12:00:00Z,0.0,-63.42709,-54.69791,NaN
2021-07-23T12:00:00Z,0.0,-63.42709,-54.69791,NaN
2021-07-24T12:00:00Z,0.0,-63.42709,-54.69791,NaN
2021-07-25T12:00:00Z,0.0,-63.42709,-54.69791,NaN
2021-07-26T12:00:00Z,0.0,-63.42709,-54.69791,NaN
2021-07-27T12:00:00Z,0.0,-63.42709,-54.69791,NaN
2021-07-28T12:00:00Z,0.0,-63.42709,-54.69791,NaN
2021-07-29T12:00:00Z,0.0,-63.42709,-54.69791,NaN
2021-07-30T12:00:00Z,0.0,-63.42709,-54.69791,NaN
2021-07-31T12:00:00Z,0.0,-63.42709,-54.69791,NaN
2021-08-01T12:00:00Z,0.0,-63.42709,-54.69791,NaN
2021-08-02T12:00:00Z,0.0,-63.42709,-54.69791,NaN
2021-08-03T12:00:00Z,0.0,-63.42709,-54.69791,NaN
2021-08-04T12:00:00Z,0.0,-63.42709,-54.69791,NaN
2021-08-05T12:00:00Z,0.0,-63.42709,-54.69791,NaN
2021-08-06T12:00:00Z,0.0,-63.42709,-54.69791,NaN
2021-08-07T12:00:00Z,0.0,-63.42709,-54.69791,NaN
2021-08-08T12:00:00Z,0.0,-63.42709,-54.69791,NaN
2021-08-09T12:00:00Z,0.0,-63.42709,-54.69791,NaN
2021-08-10T12:00:00Z,0.0,-63.42709,-54.69791,NaN
2021-08-11T12:00:00Z,0.0,-63.42709,-54.69791,NaN
2021-08-12T12:00:00Z,0.0,-63.42709,-54.69791,NaN
2021-08-13T12:00:00Z,0.0,-63.42709,-54.69791,NaN
2021-08-14T12:00:00Z,0.0,-63.42709,-54.69791,NaN
2021-08-15T12:00:00Z,0.0,-63.42709,-54.69791,NaN
2021-08-16T12:00:00Z,0.0,-63.42709,-54.69791,NaN
2021-08-17T12:00:00Z,0.0,-63.42709,-54.69791,NaN
2021-08-18T12:00:00Z,0.0,-63.42709,-54.69791,NaN
2021-08-19T12:00:00Z,0.0,-63.42709,-54.69791,NaN
2021-08-20T12:00:00Z,0.0,-63.42709,-54.69791,NaN
2021-08-21T12:00:00Z,0.0,-63.42709,-54.69791,NaN
2021-08-22T12:00:00Z,0.0,-63.42709,-54.69791,NaN
2021-08-23T12:00:00Z,0.0,-63.42709,-54.69791,NaN
2021-08-24T12:00:00Z,0.0,-63.42709,-54.69791,NaN
2021-08-25T12:00:00Z,0.0,-63.42709,-54.69791,NaN
2021-08-26T12:00:00Z,0.0,-63.42709,-54.69791,NaN
2021-08-27T12:00:00Z,0.0,-63.42709,-54.69791,NaN
2021-08-28T12:00:00Z,0.0,-63.42709,-54.69791,NaN
2021-08-29T12:00:00Z,0.0,-63.42709,-54.69791,NaN
2021-08-30T12:00:00Z,0.0,-63.42709,-54.69791,NaN
2021-08-31T12:00:00Z,0.0,-63.42709,-54.69791,NaN
2021-09-01T12:00:00Z,0.0,-63.42709,-54.69791,NaN
2021-09-02T12:00:00Z,0.0,-63.42709,-54.69791,NaN
2021-09-03T12:00:00Z,0.0,-63.42709,-54.69791,NaN
2021-09-04T12:00:00Z,0.0,-63.42709,-54.69791,NaN
2021-09-05T12:00:00Z,0.0,-63.42709,-54.69791,NaN
2021-09-06T12:00:00Z,0.0,-63.42709,-54.69791,NaN
2021-09-07T12:00:00Z,0.0,-63.42709,-54.69791,NaN
2021-09-08T12:00:00Z,0.0,-63.42709,-54.69791,NaN
2021-09-09T12:00:00Z,0.0,-63.42709,-54.69791,NaN
2021-09-10T12:00:00Z,0.0,-63.42709,-54.69791,NaN
2021-09-11T12:00:00Z,0.0,-63.42709,-54.69791,NaN
2021-09-12T12:00:00Z,0.0,-63.42709,-54.69791,NaN
2021-09-13T12:00:00Z,0.0,-63.42709,-54.69791,NaN
2021-09-14T12:00:00Z,0.0,-63.42709,-54.69791,NaN
2021-09-15T12:00:00Z,0.0,-63.42709,-54.69791,NaN
2021-09-16T12:00:00Z,0.0,-63.42709,-54.69791,NaN
2021-09-17T12:00:00Z,0.0,-63.42709,-54.69791,NaN
2021-09-18T12:00:00Z,0.0,-63.42709,-54.69791,NaN
2021-09-19T12:00:00Z,0.0,-63.42709,-54.69791,NaN
2021-09-20T12:00:00Z,0.0,-63.42709,-54.69791,NaN
2021-09-21T12:00:00Z,0.0,-63.42709,-54.69791,NaN
2021-09-22T12:00:00Z,0.0,-63.42709,-54.69791,NaN
2021-09-23T12:00:00Z,0.0,-63.42709,-54.69791,NaN
2021-09-24T12:00:00Z,0.0,-63.42709,-54.69791,NaN
2021-09-25T12:00:00Z,0.0,-63.42709,-54.69791,NaN
2021-09-26T12:00:00Z,0.0,-63.42709,-54.69791,NaN
2021-09-27T12:00:00Z,0.0,-63.42709,-54.69791,NaN
2021-09-28T12:00:00Z,0.0,-63.42709,-54.69791,NaN
2021-09-29T12:00:00Z,0.0,-63.42709,-54.69791,NaN
2021-09-30T12:00:00Z,0.0,-63.42709,-54.69791,NaN
2021-10-01T12:00:00Z,0.0,-63.42709,-54.69791,NaN
2021-10-02T12:00:00Z,0.0,-63.42709,-54.69791,NaN
2021-10-03T12:00:00Z,0.0,-63.42709,-54.69791,NaN
2021-10-04T12:00:00Z,0.0,-63.42709,-54.69791,NaN
2021-10-05T12:00:00Z,0.0,-63.42709,-54.69791,NaN
2021-10-06T12:00:00Z,0.0,-63.42709,-54.69791,NaN
2021-10-07T12:00:00Z,0.0,-63.42709,-54.69791,NaN
2021-10-08T12:00:00Z,0.0,-63.42709,-54.69791,NaN
2021-10-09T12:00:00Z,0.0,-63.42709,-54.69791,NaN
2021-10-10T12:00:00Z,0.0,-63.42709,-54.69791,NaN
2021-10-11T12:00:00Z,0.0,-63.42709,-54.69791,NaN
2021-10-12T12:00:00Z,0.0,-63.42709,-54.69791,NaN
2021-10-13T12:00:00Z,0.0,-63.42709,-54.69791,NaN
2021-10-14T12:00:00Z,0.0,-63.42709,-54.69791,NaN
2021-10-15T12:00:00Z,0.0,-63.42709,-54.69791,NaN
2021-10-16T12:00:00Z,0.0,-63.42709,-54.69791,0.14914185
2021-10-17T12:00:00Z,0.0,-63.42709,-54.69791,0.15458533
2021-10-18T12:00:00Z,0.0,-63.42709,-54.69791,0.1531663
2021-10-19T12:00:00Z,0.0,-63.42709,-54.69791,0.15909873
2021-10-20T12:00:00Z,0.0,-63.42709,-54.69791,0.14878422
2021-10-21T12:00:00Z,0.0,-63.42709,-54.69791,0.16151863
2021-10-22T12:00:00Z,0.0,-63.42709,-54.69791,0.17525306
2021-10-23T12:00:00Z,0.0,-63.42709,-54.69791,0.15036641
2021-10-24T12:00:00Z,0.0,-63.42709,-54.69791,0.16107638
2021-10-25T12:00:00Z,0.0,-63.42709,-54.69791,0.1563926
2021-10-26T12:00:00Z,0.0,-63.42709,-54.69791,0.26761162
2021-10-27T12:00:00Z,0.0,-63.42709,-54.69791,0.24855605
2021-10-28T12:00:00Z,0.0,-63.42709,-54.69791,0.1923246
2021-10-29T12:00:00Z,0.0,-63.42709,-54.69791,0.1704149
2021-10-30T12:00:00Z,0.0,-63.42709,-54.69791,0.2565619
2021-10-31T12:00:00Z,0.0,-63.42709,-54.69791,0.21114859
2021-11-01T12:00:00Z,0.0,-63.42709,-54.69791,0.20244797
2021-11-02T12:00:00Z,0.0,-63.42709,-54.69791,0.18309371
2021-11-03T12:00:00Z,0.0,-63.42709,-54.69791,0.20418577
2021-11-04T12:00:00Z,0.0,-63.42709,-54.69791,0.18713276
2021-11-05T12:00:00Z,0.0,-63.42709,-54.69791,0.18680626
2021-11-06T12:00:00Z,0.0,-63.42709,-54.69791,0.20053554
2021-11-07T12:00:00Z,0.0,-63.42709,-54.69791,0.19211636
2021-11-08T12:00:00Z,0.0,-63.42709,-54.69791,0.19857481
2021-11-09T12:00:00Z,0.0,-63.42709,-54.69791,0.19552608
2021-11-10T12:00:00Z,0.0,-63.42709,-54.69791,0.210127
2021-11-11T12:00:00Z,0.0,-63.42709,-54.69791,0.20587295
2021-11-12T12:00:00Z,0.0,-63.42709,-54.69791,0.20984027
2021-11-13T12:00:00Z,0.0,-63.42709,-54.69791,0.20398416
2021-11-14T12:00:00Z,0.0,-63.42709,-54.69791,0.20321228
2021-11-15T12:00:00Z,0.0,-63.42709,-54.69791,0.21986169
2021-11-16T12:00:00Z,0.0,-63.42709,-54.69791,0.21786903
2021-11-17T12:00:00Z,0.0,-63.42709,-54.69791,0.20853053
2021-11-18T12:00:00Z,0.0,-63.42709,-54.69791,0.21725787
2021-11-19T12:00:00Z,0.0,-63.42709,-54.69791,0.24388799
2021-11-20T12:00:00Z,0.0,-63.42709,-54.69791,0.2530051
2021-11-21T12:00:00Z,0.0,-63.42709,-54.69791,0.2568448
2021-11-22T12:00:00Z,0.0,-63.42709,-54.69791,0.33130252
2021-11-23T12:00:00Z,0.0,-63.42709,-54.69791,0.3683159
2021-11-24T12:00:00Z,0.0,-63.42709,-54.69791,0.3947993
2021-11-25T12:00:00Z,0.0,-63.42709,-54.69791,0.40787587
2021-11-26T12:00:00Z,0.0,-63.42709,-54.69791,0.49637726
2021-11-27T12:00:00Z,0.0,-63.42709,-54.69791,0.53617275
2021-11-28T12:00:00Z,0.0,-63.42709,-54.69791,0.52078205
2021-11-29T12:00:00Z,0.0,-63.42709,-54.69791,0.46254873
2021-11-30T12:00:00Z,0.0,-63.42709,-54.69791,0.5477735
2021-12-01T12:00:00Z,0.0,-63.42709,-54.69791,0.6200942
2021-12-02T12:00:00Z,0.0,-63.42709,-54.69791,0.69970375
2021-12-03T12:00:00Z,0.0,-63.42709,-54.69791,0.703731
2021-12-04T12:00:00Z,0.0,-63.42709,-54.69791,0.75481814
2021-12-05T12:00:00Z,0.0,-63.42709,-54.69791,0.5719823
2021-12-06T12:00:00Z,0.0,-63.42709,-54.69791,0.5962964
2021-12-07T12:00:00Z,0.0,-63.42709,-54.69791,0.6528115
2021-12-08T12:00:00Z,0.0,-63.42709,-54.69791,0.65566903
2021-12-09T12:00:00Z,0.0,-63.42709,-54.69791,0.63672835
2021-12-10T12:00:00Z,0.0,-63.42709,-54.69791,0.6530942
2021-12-11T12:00:00Z,0.0,-63.42709,-54.69791,0.7050659
2021-12-12T12:00:00Z,0.0,-63.42709,-54.69791,0.6619113
2021-12-13T12:00:00Z,0.0,-63.42709,-54.69791,0.66515094
2021-12-14T12:00:00Z,0.0,-63.42709,-54.69791,0.6834907
2021-12-15T12:00:00Z,0.0,-63.42709,-54.69791,0.65156573
2021-12-16T12:00:00Z,0.0,-63.42709,-54.69791,0.55765915
2021-12-17T12:00:00Z,0.0,-63.42709,-54.69791,0.7923019
2021-12-18T12:00:00Z,0.0,-63.42709,-54.69791,0.7786746
2021-12-19T12:00:00Z,0.0,-63.42709,-54.69791,0.7371644
2021-12-20T12:00:00Z,0.0,-63.42709,-54.69791,0.64768195
2021-12-21T12:00:00Z,0.0,-63.42709,-54.69791,0.88153726
2021-12-22T12:00:00Z,0.0,-63.42709,-54.69791,0.9362989
2021-12-23T12:00:00Z,0.0,-63.42709,-54.69791,0.9363253
2021-12-24T12:00:00Z,0.0,-63.42709,-54.69791,0.91944104
2021-12-25T12:00:00Z,0.0,-63.42709,-54.69791,0.7843466
2021-12-26T12:00:00Z,0.0,-63.42709,-54.69791,0.7069598
2021-12-27T12:00:00Z,0.0,-63.42709,-54.69791,0.73439646
2021-12-28T12:00:00Z,0.0,-63.42709,-54.69791,0.7056952
2021-12-29T12:00:00Z,0.0,-63.42709,-54.69791,0.6429504
2021-12-30T12:00:00Z,0.0,-63.42709,-54.69791,0.597705
2021-12-31T12:00:00Z,0.0,-63.42709,-54.69791,0.55370873
2022-01-01T12:00:00Z,0.0,-63.42709,-54.69791,0.57241774
2022-01-02T12:00:00Z,0.0,-63.42709,-54.69791,0.5368865
2022-01-03T12:00:00Z,0.0,-63.42709,-54.69791,0.5493678
2022-01-04T12:00:00Z,0.0,-63.42709,-54.69791,0.5328821
2022-01-05T12:00:00Z,0.0,-63.42709,-54.69791,0.49302676
2022-01-06T12:00:00Z,0.0,-63.42709,-54.69791,0.45409757
2022-01-07T12:00:00Z,0.0,-63.42709,-54.69791,0.49808022
2022-01-08T12:00:00Z,0.0,-63.42709,-54.69791,0.4423976
2022-01-09T12:00:00Z,0.0,-63.42709,-54.69791,0.4215148
2022-01-10T12:00:00Z,0.0,-63.42709,-54.69791,0.36330694
2022-01-11T12:00:00Z,0.0,-63.42709,-54.69791,0.38424686
2022-01-12T12:00:00Z,0.0,-63.42709,-54.69791,0.36459118
2022-01-13T12:00:00Z,0.0,-63.42709,-54.69791,0.3406765
2022-01-14T12:00:00Z,0.0,-63.42709,-54.69791,0.2872535
2022-01-15T12:00:00Z,0.0,-63.42709,-54.69791,0.32138392
2022-01-16T12:00:00Z,0.0,-63.42709,-54.69791,0.3959459
2022-01-17T12:00:00Z,0.0,-63.42709,-54.69791,0.41390058
2022-01-18T12:00:00Z,0.0,-63.42709,-54.69791,0.41650397
2022-01-19T12:00:00Z,0.0,-63.42709,-54.69791,0.46112275
2022-01-20T12:00:00Z,0.0,-63.42709,-54.69791,0.46286583
2022-01-21T12:00:00Z,0.0,-63.42709,-54.69791,0.47517142
2022-01-22T12:00:00Z,0.0,-63.42709,-54.69791,0.4565562
2022-01-23T12:00:00Z,0.0,-63.42709,-54.69791,0.44828248
2022-01-24T12:00:00Z,0.0,-63.42709,-54.69791,0.43219405
2022-01-25T12:00:00Z,0.0,-63.42709,-54.69791,0.38318485
2022-01-26T12:00:00Z,0.0,-63.42709,-54.69791,0.4168595
2022-01-27T12:00:00Z,0.0,-63.42709,-54.69791,0.40689868
2022-01-28T12:00:00Z,0.0,-63.42709,-54.69791,0.40458575
2022-01-29T12:00:00Z,0.0,-63.42709,-54.69791,0.4012547
2022-01-30T12:00:00Z,0.0,-63.42709,-54.69791,0.38680893
2022-01-31T12:00:00Z,0.0,-63.42709,-54.69791,0.38803056
2022-02-01T12:00:00Z,0.0,-63.42709,-54.69791,0.35129294
2022-02-02T12:00:00Z,0.0,-63.42709,-54.69791,0.35247737
2022-02-03T12:00:00Z,0.0,-63.42709,-54.69791,0.4751405
2022-02-04T12:00:00Z,0.0,-63.42709,-54.69791,0.53884345
2022-02-05T12:00:00Z,0.0,-63.42709,-54.69791,0.5047916
2022-02-06T12:00:00Z,0.0,-63.42709,-54.69791,0.47861883
2022-02-07T12:00:00Z,0.0,-63.42709,-54.69791,0.4530705
2022-02-08T12:00:00Z,0.0,-63.42709,-54.69791,0.43716618
2022-02-09T12:00:00Z,0.0,-63.42709,-54.69791,0.40610144
2022-02-10T12:00:00Z,0.0,-63.42709,-54.69791,0.41910353
2022-02-11T12:00:00Z,0.0,-63.42709,-54.69791,0.39984804
2022-02-12T12:00:00Z,0.0,-63.42709,-54.69791,0.3610958
2022-02-13T12:00:00Z,0.0,-63.42709,-54.69791,0.37437978
2022-02-14T12:00:00Z,0.0,-63.42709,-54.69791,0.36904636
2022-02-15T12:00:00Z,0.0,-63.42709,-54.69791,0.34500885
2022-02-16T12:00:00Z,0.0,-63.42709,-54.69791,0.35509112
2022-02-17T12:00:00Z,0.0,-63.42709,-54.69791,0.35465163
2022-02-18T12:00:00Z,0.0,-63.42709,-54.69791,0.32644543
2022-02-19T12:00:00Z,0.0,-63.42709,-54.69791,0.350701
2022-02-20T12:00:00Z,0.0,-63.42709,-54.69791,0.36859864
2022-02-21T12:00:00Z,0.0,-63.42709,-54.69791,0.39393845
2022-02-22T12:00:00Z,0.0,-63.42709,-54.69791,0.42825148
2022-02-23T12:00:00Z,0.0,-63.42709,-54.69791,0.40653163
2022-02-24T12:00:00Z,0.0,-63.42709,-54.69791,0.39156812
2022-02-25T12:00:00Z,0.0,-63.42709,-54.69791,0.38022804
2022-02-26T12:00:00Z,0.0,-63.42709,-54.69791,0.43405426
2022-02-27T12:00:00Z,0.0,-63.42709,-54.69791,0.4038551
2022-02-28T12:00:00Z,0.0,-63.42709,-54.69791,0.3835434
2022-03-01T12:00:00Z,0.0,-63.42709,-54.69791,0.39256003
2022-03-02T12:00:00Z,0.0,-63.42709,-54.69791,0.3715185
2022-03-03T12:00:00Z,0.0,-63.42709,-54.69791,0.3940114
2022-03-04T12:00:00Z,0.0,-63.42709,-54.69791,0.41395268
2022-03-05T12:00:00Z,0.0,-63.42709,-54.69791,0.43522766
2022-03-06T12:00:00Z,0.0,-63.42709,-54.69791,0.45194533
2022-03-07T12:00:00Z,0.0,-63.42709,-54.69791,0.40116158
2022-03-08T12:00:00Z,0.0,-63.42709,-54.69791,0.37864628
2022-03-09T12:00:00Z,0.0,-63.42709,-54.69791,0.35533133
2022-03-10T12:00:00Z,0.0,-63.42709,-54.69791,0.40165713
2022-03-11T12:00:00Z,0.0,-63.42709,-54.69791,0.446476
2022-03-12T12:00:00Z,0.0,-63.42709,-54.69791,0.40367347
2022-03-13T12:00:00Z,0.0,-63.42709,-54.69791,0.3882801
2022-03-14T12:00:00Z,0.0,-63.42709,-54.69791,0.36834913
2022-03-15T12:00:00Z,0.0,-63.42709,-54.69791,0.39061704
2022-03-16T12:00:00Z,0.0,-63.42709,-54.69791,0.34579226
2022-03-17T12:00:00Z,0.0,-63.42709,-54.69791,0.35614052
2022-03-18T12:00:00Z,0.0,-63.42709,-54.69791,0.30131498
2022-03-19T12:00:00Z,0.0,-63.42709,-54.69791,0.3567247
2022-03-20T12:00:00Z,0.0,-63.42709,-54.69791,NaN
2022-03-21T12:00:00Z,0.0,-63.42709,-54.69791,NaN
2022-03-22T12:00:00Z,0.0,-63.42709,-54.69791,NaN
2022-03-23T12:00:00Z,0.0,-63.42709,-54.69791,NaN
2022-03-24T12:00:00Z,0.0,-63.42709,-54.69791,NaN
2022-03-25T12:00:00Z,0.0,-63.42709,-54.69791,NaN
2022-03-26T12:00:00Z,0.0,-63.42709,-54.69791,NaN
2022-03-27T12:00:00Z,0.0,-63.42709,-54.69791,NaN
2022-03-28T12:00:00Z,0.0,-63.42709,-54.69791,NaN
2022-03-29T12:00:00Z,0.0,-63.42709,-54.69791,NaN
2022-03-30T12:00:00Z,0.0,-63.42709,-54.69791,NaN
2022-03-31T12:00:00Z,0.0,-63.42709,-54.69791,NaN
2022-04-01T12:00:00Z,0.0,-63.42709,-54.69791,NaN
2022-04-02T12:00:00Z,0.0,-63.42709,-54.69791,NaN
2022-04-03T12:00:00Z,0.0,-63.42709,-54.69791,NaN
2022-04-04T12:00:00Z,0.0,-63.42709,-54.69791,NaN
2022-04-05T12:00:00Z,0.0,-63.42709,-54.69791,NaN
2022-04-06T12:00:00Z,0.0,-63.42709,-54.69791,NaN
2022-04-07T12:00:00Z,0.0,-63.42709,-54.69791,NaN
2022-04-08T12:00:00Z,0.0,-63.42709,-54.69791,NaN
2022-04-09T12:00:00Z,0.0,-63.42709,-54.69791,NaN
2022-04-10T12:00:00Z,0.0,-63.42709,-54.69791,NaN
2022-04-11T12:00:00Z,0.0,-63.42709,-54.69791,NaN
2022-04-12T12:00:00Z,0.0,-63.42709,-54.69791,NaN
2022-04-13T12:00:00Z,0.0,-63.42709,-54.69791,NaN
2022-04-14T12:00:00Z,0.0,-63.42709,-54.69791,NaN
2022-04-15T12:00:00Z,0.0,-63.42709,-54.69791,NaN
2022-04-16T12:00:00Z,0.0,-63.42709,-54.69791,NaN
2022-04-17T12:00:00Z,0.0,-63.42709,-54.69791,NaN
2022-04-18T12:00:00Z,0.0,-63.42709,-54.69791,NaN
2022-04-19T12:00:00Z,0.0,-63.42709,-54.69791,NaN
2022-04-20T12:00:00Z,0.0,-63.42709,-54.69791,NaN
2022-04-21T12:00:00Z,0.0,-63.42709,-54.69791,NaN
2022-04-22T12:00:00Z,0.0,-63.42709,-54.69791,NaN
2022-04-23T12:00:00Z,0.0,-63.42709,-54.69791,NaN
2022-04-24T12:00:00Z,0.0,-63.42709,-54.69791,NaN
2022-04-25T12:00:00Z,0.0,-63.42709,-54.69791,NaN
2022-04-26T12:00:00Z,0.0,-63.42709,-54.69791,NaN
2022-04-27T12:00:00Z,0.0,-63.42709,-54.69791,NaN
2022-04-28T12:00:00Z,0.0,-63.42709,-54.69791,NaN
2022-04-29T12:00:00Z,0.0,-63.42709,-54.69791,NaN
2022-04-30T12:00:00Z,0.0,-63.42709,-54.69791,NaN
2022-05-01T12:00:00Z,0.0,-63.42709,-54.69791,NaN
2022-05-02T12:00:00Z,0.0,-63.42709,-54.69791,NaN
2022-05-03T12:00:00Z,0.0,-63.42709,-54.69791,NaN
2022-05-04T12:00:00Z,0.0,-63.42709,-54.69791,NaN
2022-05-05T12:00:00Z,0.0,-63.42709,-54.69791,NaN
2022-05-06T12:00:00Z,0.0,-63.42709,-54.69791,NaN
2022-05-07T12:00:00Z,0.0,-63.42709,-54.69791,NaN
2022-05-08T12:00:00Z,0.0,-63.42709,-54.69791,NaN
2022-05-09T12:00:00Z,0.0,-63.42709,-54.69791,NaN
2022-05-10T12:00:00Z,0.0,-63.42709,-54.69791,NaN
2022-05-11T12:00:00Z,0.0,-63.42709,-54.69791,NaN
2022-05-12T12:00:00Z,0.0,-63.42709,-54.69791,NaN
2022-05-13T12:00:00Z,0.0,-63.42709,-54.69791,NaN
2022-05-14T12:00:00Z,0.0,-63.42709,-54.69791,NaN
2022-05-15T12:00:00Z,0.0,-63.42709,-54.69791,NaN
2022-05-16T12:00:00Z,0.0,-63.42709,-54.69791,NaN
2022-05-17T12:00:00Z,0.0,-63.42709,-54.69791,NaN
2022-05-18T12:00:00Z,0.0,-63.42709,-54.69791,NaN
2022-05-19T12:00:00Z,0.0,-63.42709,-54.69791,NaN
2022-05-20T12:00:00Z,0.0,-63.42709,-54.69791,NaN
2022-05-21T12:00:00Z,0.0,-63.42709,-54.69791,NaN
2022-05-22T12:00:00Z,0.0,-63.42709,-54.69791,NaN
2022-05-23T12:00:00Z,0.0,-63.42709,-54.69791,NaN
2022-05-24T12:00:00Z,0.0,-63.42709,-54.69791,NaN
2022-05-25T12:00:00Z,0.0,-63.42709,-54.69791,NaN
2022-05-26T12:00:00Z,0.0,-63.42709,-54.69791,NaN
2022-05-27T12:00:00Z,0.0,-63.42709,-54.69791,NaN
2022-05-28T12:00:00Z,0.0,-63.42709,-54.69791,NaN
2022-05-29T12:00:00Z,0.0,-63.42709,-54.69791,NaN
2022-05-30T12:00:00Z,0.0,-63.42709,-54.69791,NaN
2022-05-31T12:00:00Z,0.0,-63.42709,-54.69791,NaN
2022-06-01T12:00:00Z,0.0,-63.42709,-54.69791,NaN
2022-06-02T12:00:00Z,0.0,-63.42709,-54.69791,NaN
2022-06-03T12:00:00Z,0.0,-63.42709,-54.69791,NaN
2022-06-04T12:00:00Z,0.0,-63.42709,-54.69791,NaN
2022-06-05T12:00:00Z,0.0,-63.42709,-54.69791,NaN
2022-06-06T12:00:00Z,0.0,-63.42709,-54.69791,NaN
2022-06-07T12:00:00Z,0.0,-63.42709,-54.69791,NaN
2022-06-08T12:00:00Z,0.0,-63.42709,-54.69791,NaN
2022-06-09T12:00:00Z,0.0,-63.42709,-54.69791,NaN
2022-06-10T12:00:00Z,0.0,-63.42709,-54.69791,NaN
2022-06-11T12:00:00Z,0.0,-63.42709,-54.69791,NaN
2022-06-12T12:00:00Z,0.0,-63.42709,-54.69791,NaN
2022-06-13T12:00:00Z,0.0,-63.42709,-54.69791,NaN
2022-06-14T12:00:00Z,0.0,-63.42709,-54.69791,NaN
2022-06-15T12:00:00Z,0.0,-63.42709,-54.69791,NaN
2022-06-16T12:00:00Z,0.0,-63.42709,-54.69791,NaN
2022-06-17T12:00:00Z,0.0,-63.42709,-54.69791,NaN
2022-06-18T12:00:00Z,0.0,-63.42709,-54.69791,NaN
2022-06-19T12:00:00Z,0.0,-63.42709,-54.69791,NaN
2022-06-20T12:00:00Z,0.0,-63.42709,-54.69791,NaN
2022-06-21T12:00:00Z,0.0,-63.42709,-54.69791,NaN
2022-06-22T12:00:00Z,0.0,-63.42709,-54.69791,NaN
2022-06-23T12:00:00Z,0.0,-63.42709,-54.69791,NaN
2022-06-24T12:00:00Z,0.0,-63.42709,-54.69791,NaN
2022-06-25T12:00:00Z,0.0,-63.42709,-54.69791,NaN
2022-06-26T12:00:00Z,0.0,-63.42709,-54.69791,NaN
2022-06-27T12:00:00Z,0.0,-63.42709,-54.69791,NaN
2022-06-28T12:00:00Z,0.0,-63.42709,-54.69791,NaN
2022-06-29T12:00:00Z,0.0,-63.42709,-54.69791,NaN
2022-06-30T12:00:00Z,0.0,-63.42709,-54.69791,NaN
2022-07-01T12:00:00Z,0.0,-63.42709,-54.69791,NaN
2022-07-02T12:00:00Z,0.0,-63.42709,-54.69791,NaN
2022-07-03T12:00:00Z,0.0,-63.42709,-54.69791,NaN
2022-07-04T12:00:00Z,0.0,-63.42709,-54.69791,NaN
2022-07-05T12:00:00Z,0.0,-63.42709,-54.69791,NaN
2022-07-06T12:00:00Z,0.0,-63.42709,-54.69791,NaN
2022-07-07T12:00:00Z,0.0,-63.42709,-54.69791,NaN
2022-07-08T12:00:00Z,0.0,-63.42709,-54.69791,NaN
2022-07-09T12:00:00Z,0.0,-63.42709,-54.69791,NaN
2022-07-10T12:00:00Z,0.0,-63.42709,-54.69791,NaN
2022-07-11T12:00:00Z,0.0,-63.42709,-54.69791,NaN
2022-07-12T12:00:00Z,0.0,-63.42709,-54.69791,NaN
2022-07-13T12:00:00Z,0.0,-63.42709,-54.69791,NaN
2022-07-14T12:00:00Z,0.0,-63.42709,-54.69791,NaN
2022-07-15T12:00:00Z,0.0,-63.42709,-54.69791,NaN
2022-07-16T12:00:00Z,0.0,-63.42709,-54.69791,NaN
2022-07-17T12:00:00Z,0.0,-63.42709,-54.69791,NaN
2022-07-18T12:00:00Z,0.0,-63.42709,-54.69791,NaN
2022-07-19T12:00:00Z,0.0,-63.42709,-54.69791,NaN
2022-07-20T12:00:00Z,0.0,-63.42709,-54.69791,NaN
2022-07-21T12:00:00Z,0.0,-63.42709,-54.69791,NaN
2022-07-22T12:00:00Z,0.0,-63.42709,-54.69791,NaN
2022-07-23T12:00:00Z,0.0,-63.42709,-54.69791,NaN
2022-07-24T12:00:00Z,0.0,-63.42709,-54.69791,NaN
2022-07-25T12:00:00Z,0.0,-63.42709,-54.69791,NaN
2022-07-26T12:00:00Z,0.0,-63.42709,-54.69791,NaN
2022-07-27T12:00:00Z,0.0,-63.42709,-54.69791,NaN
2022-07-28T12:00:00Z,0.0,-63.42709,-54.69791,NaN
2022-07-29T12:00:00Z,0.0,-63.42709,-54.69791,NaN
2022-07-30T12:00:00Z,0.0,-63.42709,-54.69791,NaN
2022-07-31T12:00:00Z,0.0,-63.42709,-54.69791,NaN
2022-08-01T12:00:00Z,0.0,-63.42709,-54.69791,NaN
2022-08-02T12:00:00Z,0.0,-63.42709,-54.69791,NaN
2022-08-03T12:00:00Z,0.0,-63.42709,-54.69791,NaN
2022-08-04T12:00:00Z,0.0,-63.42709,-54.69791,NaN
2022-08-05T12:00:00Z,0.0,-63.42709,-54.69791,NaN
2022-08-06T12:00:00Z,0.0,-63.42709,-54.69791,NaN
2022-08-07T12:00:00Z,0.0,-63.42709,-54.69791,NaN
2022-08-08T12:00:00Z,0.0,-63.42709,-54.69791,NaN
2022-08-09T12:00:00Z,0.0,-63.42709,-54.69791,NaN
2022-08-10T12:00:00Z,0.0,-63.42709,-54.69791,NaN
2022-08-11T12:00:00Z,0.0,-63.42709,-54.69791,NaN
2022-08-12T12:00:00Z,0.0,-63.42709,-54.69791,NaN
2022-08-13T12:00:00Z,0.0,-63.42709,-54.69791,NaN
2022-08-14T12:00:00Z,0.0,-63.42709,-54.69791,NaN
2022-08-15T12:00:00Z,0.0,-63.42709,-54.69791,NaN
2022-08-16T12:00:00Z,0.0,-63.42709,-54.69791,NaN
2022-08-17T12:00:00Z,0.0,-63.42709,-54.69791,NaN
2022-08-18T12:00:00Z,0.0,-63.42709,-54.69791,NaN
2022-08-19T12:00:00Z,0.0,-63.42709,-54.69791,NaN
2022-08-20T12:00:00Z,0.0,-63.42709,-54.69791,NaN
2022-08-21T12:00:00Z,0.0,-63.42709,-54.69791,NaN
2022-08-22T12:00:00Z,0.0,-63.42709,-54.69791,NaN
2022-08-23T12:00:00Z,0.0,-63.42709,-54.69791,NaN
2022-08-24T12:00:00Z,0.0,-63.42709,-54.69791,NaN
2022-08-25T12:00:00Z,0.0,-63.42709,-54.69791,NaN
2022-08-26T12:00:00Z,0.0,-63.42709,-54.69791,NaN
2022-08-27T12:00:00Z,0.0,-63.42709,-54.69791,NaN
2022-08-28T12:00:00Z,0.0,-63.42709,-54.69791,NaN
2022-08-29T12:00:00Z,0.0,-63.42709,-54.69791,NaN
2022-08-30T12:00:00Z,0.0,-63.42709,-54.69791,NaN
2022-08-31T12:00:00Z,0.0,-63.42709,-54.69791,NaN
2022-09-01T12:00:00Z,0.0,-63.42709,-54.69791,NaN
2022-09-02T12:00:00Z,0.0,-63.42709,-54.69791,NaN
2022-09-03T12:00:00Z,0.0,-63.42709,-54.69791,NaN
2022-09-04T12:00:00Z,0.0,-63.42709,-54.69791,NaN
2022-09-05T12:00:00Z,0.0,-63.42709,-54.69791,NaN
2022-09-06T12:00:00Z,0.0,-63.42709,-54.69791,NaN
2022-09-07T12:00:00Z,0.0,-63.42709,-54.69791,NaN
2022-09-08T12:00:00Z,0.0,-63.42709,-54.69791,NaN
2022-09-09T12:00:00Z,0.0,-63.42709,-54.69791,NaN
2022-09-10T12:00:00Z,0.0,-63.42709,-54.69791,NaN
2022-09-11T12:00:00Z,0.0,-63.42709,-54.69791,NaN
2022-09-12T12:00:00Z,0.0,-63.42709,-54.69791,NaN
2022-09-13T12:00:00Z,0.0,-63.42709,-54.69791,NaN
2022-09-14T12:00:00Z,0.0,-63.42709,-54.69791,NaN
2022-09-15T12:00:00Z,0.0,-63.42709,-54.69791,NaN
2022-09-16T12:00:00Z,0.0,-63.42709,-54.69791,NaN
2022-09-17T12:00:00Z,0.0,-63.42709,-54.69791,NaN
2022-09-18T12:00:00Z,0.0,-63.42709,-54.69791,NaN
2022-09-19T12:00:00Z,0.0,-63.42709,-54.69791,NaN
2022-09-20T12:00:00Z,0.0,-63.42709,-54.69791,NaN
2022-09-21T12:00:00Z,0.0,-63.42709,-54.69791,NaN
2022-09-22T12:00:00Z,0.0,-63.42709,-54.69791,NaN
2022-09-23T12:00:00Z,0.0,-63.42709,-54.69791,NaN
2022-09-24T12:00:00Z,0.0,-63.42709,-54.69791,NaN
2022-09-25T12:00:00Z,0.0,-63.42709,-54.69791,NaN
2022-09-26T12:00:00Z,0.0,-63.42709,-54.69791,NaN
2022-09-27T12:00:00Z,0.0,-63.42709,-54.69791,NaN
2022-09-28T12:00:00Z,0.0,-63.42709,-54.69791,NaN
2022-09-29T12:00:00Z,0.0,-63.42709,-54.69791,NaN
2022-09-30T12:00:00Z,0.0,-63.42709,-54.69791,NaN
2022-10-01T12:00:00Z,0.0,-63.42709,-54.69791,NaN
2022-10-02T12:00:00Z,0.0,-63.42709,-54.69791,NaN
2022-10-03T12:00:00Z,0.0,-63.42709,-54.69791,NaN
2022-10-04T12:00:00Z,0.0,-63.42709,-54.69791,NaN
2022-10-05T12:00:00Z,0.0,-63.42709,-54.69791,NaN
2022-10-06T12:00:00Z,0.0,-63.42709,-54.69791,NaN
2022-10-07T12:00:00Z,0.0,-63.42709,-54.69791,NaN
2022-10-08T12:00:00Z,0.0,-63.42709,-54.69791,NaN
2022-10-09T12:00:00Z,0.0,-63.42709,-54.69791,NaN
2022-10-10T12:00:00Z,0.0,-63.42709,-54.69791,NaN
2022-10-11T12:00:00Z,0.0,-63.42709,-54.69791,NaN
2022-10-12T12:00:00Z,0.0,-63.42709,-54.69791,NaN
2022-10-13T12:00:00Z,0.0,-63.42709,-54.69791,NaN
2022-10-14T12:00:00Z,0.0,-63.42709,-54.69791,NaN
2022-10-15T12:00:00Z,0.0,-63.42709,-54.69791,NaN
2022-10-16T12:00:00Z,0.0,-63.42709,-54.69791,0.2288245
2022-10-17T12:00:00Z,0.0,-63.42709,-54.69791,0.22066696
2022-10-18T12:00:00Z,0.0,-63.42709,-54.69791,0.21546829
2022-10-19T12:00:00Z,0.0,-63.42709,-54.69791,0.20232897
2022-10-20T12:00:00Z,0.0,-63.42709,-54.69791,0.19361846
2022-10-21T12:00:00Z,0.0,-63.42709,-54.69791,0.2040346
2022-10-22T12:00:00Z,0.0,-63.42709,-54.69791,0.19307598
2022-10-23T12:00:00Z,0.0,-63.42709,-54.69791,0.21180475
2022-10-24T12:00:00Z,0.0,-63.42709,-54.69791,0.21196207
2022-10-25T12:00:00Z,0.0,-63.42709,-54.69791,0.21781746
2022-10-26T12:00:00Z,0.0,-63.42709,-54.69791,0.20401688
2022-10-27T12:00:00Z,0.0,-63.42709,-54.69791,0.19717436
2022-10-28T12:00:00Z,0.0,-63.42709,-54.69791,0.20068167
2022-10-29T12:00:00Z,0.0,-63.42709,-54.69791,0.22017908
2022-10-30T12:00:00Z,0.0,-63.42709,-54.69791,0.19532467
2022-10-31T12:00:00Z,0.0,-63.42709,-54.69791,0.20119053
2022-11-01T12:00:00Z,0.0,-63.42709,-54.69791,0.1991248
2022-11-02T12:00:00Z,0.0,-63.42709,-54.69791,0.20779239
2022-11-03T12:00:00Z,0.0,-63.42709,-54.69791,0.1958181
2022-11-04T12:00:00Z,0.0,-63.42709,-54.69791,0.19632484
2022-11-05T12:00:00Z,0.0,-63.42709,-54.69791,0.19959266
2022-11-06T12:00:00Z,0.0,-63.42709,-54.69791,0.1939268
2022-11-07T12:00:00Z,0.0,-63.42709,-54.69791,0.19390611
2022-11-08T12:00:00Z,0.0,-63.42709,-54.69791,0.19825348
2022-11-09T12:00:00Z,0.0,-63.42709,-54.69791,0.21589896
2022-11-10T12:00:00Z,0.0,-63.42709,-54.69791,0.20887873
2022-11-11T12:00:00Z,0.0,-63.42709,-54.69791,0.2096524
2022-11-12T12:00:00Z,0.0,-63.42709,-54.69791,0.21341345
2022-11-13T12:00:00Z,0.0,-63.42709,-54.69791,0.21173996
2022-11-14T12:00:00Z,0.0,-63.42709,-54.69791,0.21148153
2022-11-15T12:00:00Z,0.0,-63.42709,-54.69791,0.20410323
2022-11-16T12:00:00Z,0.0,-63.42709,-54.69791,0.2017604
2022-11-17T12:00:00Z,0.0,-63.42709,-54.69791,0.21514776
2022-11-18T12:00:00Z,0.0,-63.42709,-54.69791,0.18383802
2022-11-19T12:00:00Z,0.0,-63.42709,-54.69791,0.18218519
2022-11-20T12:00:00Z,0.0,-63.42709,-54.69791,0.1841358
2022-11-21T12:00:00Z,0.0,-63.42709,-54.69791,0.18542829
2022-11-22T12:00:00Z,0.0,-63.42709,-54.69791,0.16824354
2022-11-23T12:00:00Z,0.0,-63.42709,-54.69791,0.16390947
2022-11-24T12:00:00Z,0.0,-63.42709,-54.69791,0.17031047
2022-11-25T12:00:00Z,0.0,-63.42709,-54.69791,0.16000108
2022-11-26T12:00:00Z,0.0,-63.42709,-54.69791,0.18064344
2022-11-27T12:00:00Z,0.0,-63.42709,-54.69791,0.1977735
2022-11-28T12:00:00Z,0.0,-63.42709,-54.69791,0.20295526
2022-11-29T12:00:00Z,0.0,-63.42709,-54.69791,0.22713147
2022-11-30T12:00:00Z,0.0,-63.42709,-54.69791,0.23505117
2022-12-01T12:00:00Z,0.0,-63.42709,-54.69791,0.25385052
2022-12-02T12:00:00Z,0.0,-63.42709,-54.69791,0.28365985
2022-12-03T12:00:00Z,0.0,-63.42709,-54.69791,0.27911305
2022-12-04T12:00:00Z,0.0,-63.42709,-54.69791,0.27883604
2022-12-05T12:00:00Z,0.0,-63.42709,-54.69791,0.2822831
2022-12-06T12:00:00Z,0.0,-63.42709,-54.69791,0.2787886
2022-12-07T12:00:00Z,0.0,-63.42709,-54.69791,0.29048952
2022-12-08T12:00:00Z,0.0,-63.42709,-54.69791,0.2874634
2022-12-09T12:00:00Z,0.0,-63.42709,-54.69791,0.29935953
2022-12-10T12:00:00Z,0.0,-63.42709,-54.69791,0.30317348
2022-12-11T12:00:00Z,0.0,-63.42709,-54.69791,0.31313205
2022-12-12T12:00:00Z,0.0,-63.42709,-54.69791,0.34166387
2022-12-13T12:00:00Z,0.0,-63.42709,-54.69791,0.35011336
2022-12-14T12:00:00Z,0.0,-63.42709,-54.69791,0.36267176
2022-12-15T12:00:00Z,0.0,-63.42709,-54.69791,0.35550702
2022-12-16T12:00:00Z,0.0,-63.42709,-54.69791,0.32432717
2022-12-17T12:00:00Z,0.0,-63.42709,-54.69791,0.3381363
2022-12-18T12:00:00Z,0.0,-63.42709,-54.69791,0.3386485
2022-12-19T12:00:00Z,0.0,-63.42709,-54.69791,0.32868165
2022-12-20T12:00:00Z,0.0,-63.42709,-54.69791,0.339964
2022-12-21T12:00:00Z,0.0,-63.42709,-54.69791,0.3163268
2022-12-22T12:00:00Z,0.0,-63.42709,-54.69791,0.3327049
2022-12-23T12:00:00Z,0.0,-63.42709,-54.69791,0.32588333
2022-12-24T12:00:00Z,0.0,-63.42709,-54.69791,0.3499649
2022-12-25T12:00:00Z,0.0,-63.42709,-54.69791,0.3416079
2022-12-26T12:00:00Z,0.0,-63.42709,-54.69791,0.32902265
2022-12-27T12:00:00Z,0.0,-63.42709,-54.69791,0.34062025
2022-12-28T12:00:00Z,0.0,-63.42709,-54.69791,0.3807549
2022-12-29T12:00:00Z,0.0,-63.42709,-54.69791,0.4230038
2022-12-30T12:00:00Z,0.0,-63.42709,-54.69791,0.46254474
2022-12-31T12:00:00Z,0.0,-63.42709,-54.69791,0.47878614
2023-01-01T12:00:00Z,0.0,-63.42709,-54.69791,0.4294457
2023-01-02T12:00:00Z,0.0,-63.42709,-54.69791,0.5370178
2023-01-03T12:00:00Z,0.0,-63.42709,-54.69791,0.53883713
2023-01-04T12:00:00Z,0.0,-63.42709,-54.69791,0.5669617
2023-01-05T12:00:00Z,0.0,-63.42709,-54.69791,0.6224138
2023-01-06T12:00:00Z,0.0,-63.42709,-54.69791,0.6514237
2023-01-07T12:00:00Z,0.0,-63.42709,-54.69791,0.6763858
2023-01-08T12:00:00Z,0.0,-63.42709,-54.69791,0.72817916
2023-01-09T12:00:00Z,0.0,-63.42709,-54.69791,0.7390217
2023-01-10T12:00:00Z,0.0,-63.42709,-54.69791,0.8014333
2023-01-11T12:00:00Z,0.0,-63.42709,-54.69791,0.93215114
2023-01-12T12:00:00Z,0.0,-63.42709,-54.69791,0.98829406
2023-01-13T12:00:00Z,0.0,-63.42709,-54.69791,0.87216663
2023-01-14T12:00:00Z,0.0,-63.42709,-54.69791,0.83800393
2023-01-15T12:00:00Z,0.0,-63.42709,-54.69791,0.8246951
2023-01-16T12:00:00Z,0.0,-63.42709,-54.69791,0.7409173
2023-01-17T12:00:00Z,0.0,-63.42709,-54.69791,0.71539515
2023-01-18T12:00:00Z,0.0,-63.42709,-54.69791,0.7034624
2023-01-19T12:00:00Z,0.0,-63.42709,-54.69791,0.617245
2023-01-20T12:00:00Z,0.0,-63.42709,-54.69791,0.59553444
2023-01-21T12:00:00Z,0.0,-63.42709,-54.69791,0.6176318
2023-01-22T12:00:00Z,0.0,-63.42709,-54.69791,0.55358577
2023-01-23T12:00:00Z,0.0,-63.42709,-54.69791,0.56549597
2023-01-24T12:00:00Z,0.0,-63.42709,-54.69791,0.5826769
2023-01-25T12:00:00Z,0.0,-63.42709,-54.69791,0.51183975
2023-01-26T12:00:00Z,0.0,-63.42709,-54.69791,0.49713787
2023-01-27T12:00:00Z,0.0,-63.42709,-54.69791,0.49121428
2023-01-28T12:00:00Z,0.0,-63.42709,-54.69791,0.45276645
2023-01-29T12:00:00Z,0.0,-63.42709,-54.69791,0.41396615
2023-01-30T12:00:00Z,0.0,-63.42709,-54.69791,0.37946895
2023-01-31T12:00:00Z,0.0,-63.42709,-54.69791,0.318688
2023-02-01T12:00:00Z,0.0,-63.42709,-54.69791,0.27524662
2023-02-02T12:00:00Z,0.0,-63.42709,-54.69791,0.26231694
2023-02-03T12:00:00Z,0.0,-63.42709,-54.69791,0.29379535
2023-02-04T12:00:00Z,0.0,-63.42709,-54.69791,0.2879249
2023-02-05T12:00:00Z,0.0,-63.42709,-54.69791,0.2525008
2023-02-06T12:00:00Z,0.0,-63.42709,-54.69791,0.24932797
2023-02-07T12:00:00Z,0.0,-63.42709,-54.69791,0.22676538
2023-02-08T12:00:00Z,0.0,-63.42709,-54.69791,0.21018249
2023-02-09T12:00:00Z,0.0,-63.42709,-54.69791,0.2367746
2023-02-10T12:00:00Z,0.0,-63.42709,-54.69791,0.24887905
2023-02-11T12:00:00Z,0.0,-63.42709,-54.69791,0.26567692
2023-02-12T12:00:00Z,0.0,-63.42709,-54.69791,0.2538419
2023-02-13T12:00:00Z,0.0,-63.42709,-54.69791,0.2502651
2023-02-14T12:00:00Z,0.0,-63.42709,-54.69791,0.22845119
2023-02-15T12:00:00Z,0.0,-63.42709,-54.69791,0.21429989
2023-02-16T12:00:00Z,0.0,-63.42709,-54.69791,0.1965784
2023-02-17T12:00:00Z,0.0,-63.42709,-54.69791,0.19682029
2023-02-18T12:00:00Z,0.0,-63.42709,-54.69791,0.1934306
2023-02-19T12:00:00Z,0.0,-63.42709,-54.69791,0.20579106
2023-02-20T12:00:00Z,0.0,-63.42709,-54.69791,0.21081974
2023-02-21T12:00:00Z,0.0,-63.42709,-54.69791,0.2476827
2023-02-22T12:00:00Z,0.0,-63.42709,-54.69791,0.23952322
2023-02-23T12:00:00Z,0.0,-63.42709,-54.69791,0.25010824
2023-02-24T12:00:00Z,0.0,-63.42709,-54.69791,0.2248717
2023-02-25T12:00:00Z,0.0,-63.42709,-54.69791,0.23009041
2023-02-26T12:00:00Z,0.0,-63.42709,-54.69791,0.21626006
2023-02-27T12:00:00Z,0.0,-63.42709,-54.69791,0.21829279
2023-02-28T12:00:00Z,0.0,-63.42709,-54.69791,0.21571755
2023-03-01T12:00:00Z,0.0,-63.42709,-54.69791,0.2287235
2023-03-02T12:00:00Z,0.0,-63.42709,-54.69791,0.22115935
2023-03-03T12:00:00Z,0.0,-63.42709,-54.69791,0.2150436
2023-03-04T12:00:00Z,0.0,-63.42709,-54.69791,0.20632826
2023-03-05T12:00:00Z,0.0,-63.42709,-54.69791,0.22590937
2023-03-06T12:00:00Z,0.0,-63.42709,-54.69791,0.2412076
2023-03-07T12:00:00Z,0.0,-63.42709,-54.69791,0.23099095
2023-03-08T12:00:00Z,0.0,-63.42709,-54.69791,0.23508278
2023-03-09T12:00:00Z,0.0,-63.42709,-54.69791,0.24348685
2023-03-10T12:00:00Z,0.0,-63.42709,-54.69791,0.24735811
2023-03-11T12:00:00Z,0.0,-63.42709,-54.69791,0.24877384
2023-03-12T12:00:00Z,0.0,-63.42709,-54.69791,0.24046598
2023-03-13T12:00:00Z,0.0,-63.42709,-54.69791,0.23729344
2023-03-14T12:00:00Z,0.0,-63.42709,-54.69791,0.23525251
2023-03-15T12:00:00Z,0.0,-63.42709,-54.69791,0.22584505
2023-03-16T12:00:00Z,0.0,-63.42709,-54.69791,0.21187946
2023-03-17T12:00:00Z,0.0,-63.42709,-54.69791,0.21387447
2023-03-18T12:00:00Z,0.0,-63.42709,-54.69791,0.20348698
2023-03-19T12:00:00Z,0.0,-63.42709,-54.69791,0.2181921
2023-03-20T12:00:00Z,0.0,-63.42709,-54.69791,NaN
2023-03-21T12:00:00Z,0.0,-63.42709,-54.69791,NaN
2023-03-22T12:00:00Z,0.0,-63.42709,-54.69791,NaN
2023-03-23T12:00:00Z,0.0,-63.42709,-54.69791,NaN
2023-03-24T12:00:00Z,0.0,-63.42709,-54.69791,NaN
2023-03-25T12:00:00Z,0.0,-63.42709,-54.69791,NaN
2023-03-26T12:00:00Z,0.0,-63.42709,-54.69791,NaN
2023-03-27T12:00:00Z,0.0,-63.42709,-54.69791,NaN
2023-03-28T12:00:00Z,0.0,-63.42709,-54.69791,NaN
2023-03-29T12:00:00Z,0.0,-63.42709,-54.69791,NaN
2023-03-30T12:00:00Z,0.0,-63.42709,-54.69791,NaN
2023-03-31T12:00:00Z,0.0,-63.42709,-54.69791,NaN
2023-04-01T12:00:00Z,0.0,-63.42709,-54.69791,NaN
2023-04-02T12:00:00Z,0.0,-63.42709,-54.69791,NaN
2023-04-03T12:00:00Z,0.0,-63.42709,-54.69791,NaN
2023-04-04T12:00:00Z,0.0,-63.42709,-54.69791,NaN
2023-04-05T12:00:00Z,0.0,-63.42709,-54.69791,NaN
2023-04-06T12:00:00Z,0.0,-63.42709,-54.69791,NaN
2023-04-07T12:00:00Z,0.0,-63.42709,-54.69791,NaN
2023-04-08T12:00:00Z,0.0,-63.42709,-54.69791,NaN
2023-04-09T12:00:00Z,0.0,-63.42709,-54.69791,NaN
2023-04-10T12:00:00Z,0.0,-63.42709,-54.69791,NaN
2023-04-11T12:00:00Z,0.0,-63.42709,-54.69791,NaN
2023-04-12T12:00:00Z,0.0,-63.42709,-54.69791,NaN
2023-04-13T12:00:00Z,0.0,-63.42709,-54.69791,NaN
2023-04-14T12:00:00Z,0.0,-63.42709,-54.69791,NaN
2023-04-15T12:00:00Z,0.0,-63.42709,-54.69791,NaN
2023-04-16T12:00:00Z,0.0,-63.42709,-54.69791,NaN
2023-04-17T12:00:00Z,0.0,-63.42709,-54.69791,NaN
2023-04-18T12:00:00Z,0.0,-63.42709,-54.69791,NaN
2023-04-19T12:00:00Z,0.0,-63.42709,-54.69791,NaN
2023-04-20T12:00:00Z,0.0,-63.42709,-54.69791,NaN
2023-04-21T12:00:00Z,0.0,-63.42709,-54.69791,NaN
2023-04-22T12:00:00Z,0.0,-63.42709,-54.69791,NaN
2023-04-23T12:00:00Z,0.0,-63.42709,-54.69791,NaN
2023-04-24T12:00:00Z,0.0,-63.42709,-54.69791,NaN
2023-04-25T12:00:00Z,0.0,-63.42709,-54.69791,NaN
2023-04-26T12:00:00Z,0.0,-63.42709,-54.69791,NaN
2023-04-27T12:00:00Z,0.0,-63.42709,-54.69791,NaN
2023-04-28T12:00:00Z,0.0,-63.42709,-54.69791,NaN
2023-04-29T12:00:00Z,0.0,-63.42709,-54.69791,NaN
2023-04-30T12:00:00Z,0.0,-63.42709,-54.69791,NaN
2023-05-01T12:00:00Z,0.0,-63.42709,-54.69791,NaN
2023-05-02T12:00:00Z,0.0,-63.42709,-54.69791,NaN
2023-05-03T12:00:00Z,0.0,-63.42709,-54.69791,NaN
2023-05-04T12:00:00Z,0.0,-63.42709,-54.69791,NaN
2023-05-05T12:00:00Z,0.0,-63.42709,-54.69791,NaN
2023-05-06T12:00:00Z,0.0,-63.42709,-54.69791,NaN
2023-05-07T12:00:00Z,0.0,-63.42709,-54.69791,NaN
2023-05-08T12:00:00Z,0.0,-63.42709,-54.69791,NaN
2023-05-09T12:00:00Z,0.0,-63.42709,-54.69791,NaN
2023-05-10T12:00:00Z,0.0,-63.42709,-54.69791,NaN
2023-05-11T12:00:00Z,0.0,-63.42709,-54.69791,NaN
2023-05-12T12:00:00Z,0.0,-63.42709,-54.69791,NaN
2023-05-13T12:00:00Z,0.0,-63.42709,-54.69791,NaN
2023-05-14T12:00:00Z,0.0,-63.42709,-54.69791,NaN
2023-05-15T12:00:00Z,0.0,-63.42709,-54.69791,NaN
2023-05-16T12:00:00Z,0.0,-63.42709,-54.69791,NaN
2023-05-17T12:00:00Z,0.0,-63.42709,-54.69791,NaN
2023-05-18T12:00:00Z,0.0,-63.42709,-54.69791,NaN
2023-05-19T12:00:00Z,0.0,-63.42709,-54.69791,NaN
2023-05-20T12:00:00Z,0.0,-63.42709,-54.69791,NaN
2023-05-21T12:00:00Z,0.0,-63.42709,-54.69791,NaN
2023-05-22T12:00:00Z,0.0,-63.42709,-54.69791,NaN
2023-05-23T12:00:00Z,0.0,-63.42709,-54.69791,NaN
2023-05-24T12:00:00Z,0.0,-63.42709,-54.69791,NaN
2023-05-25T12:00:00Z,0.0,-63.42709,-54.69791,NaN
2023-05-26T12:00:00Z,0.0,-63.42709,-54.69791,NaN
2023-05-27T12:00:00Z,0.0,-63.42709,-54.69791,NaN
2023-05-28T12:00:00Z,0.0,-63.42709,-54.69791,NaN
2023-05-29T12:00:00Z,0.0,-63.42709,-54.69791,NaN
2023-05-30T12:00:00Z,0.0,-63.42709,-54.69791,NaN
2023-05-31T12:00:00Z,0.0,-63.42709,-54.69791,NaN
2023-06-01T12:00:00Z,0.0,-63.42709,-54.69791,NaN
2023-06-02T12:00:00Z,0.0,-63.42709,-54.69791,NaN
2023-06-03T12:00:00Z,0.0,-63.42709,-54.69791,NaN
2023-06-04T12:00:00Z,0.0,-63.42709,-54.69791,NaN
2023-06-05T12:00:00Z,0.0,-63.42709,-54.69791,NaN
2023-06-06T12:00:00Z,0.0,-63.42709,-54.69791,NaN
2023-06-07T12:00:00Z,0.0,-63.42709,-54.69791,NaN
2023-06-08T12:00:00Z,0.0,-63.42709,-54.69791,NaN
2023-06-09T12:00:00Z,0.0,-63.42709,-54.69791,NaN
2023-06-10T12:00:00Z,0.0,-63.42709,-54.69791,NaN
2023-06-11T12:00:00Z,0.0,-63.42709,-54.69791,NaN
2023-06-12T12:00:00Z,0.0,-63.42709,-54.69791,NaN
2023-06-13T12:00:00Z,0.0,-63.42709,-54.69791,NaN
2023-06-14T12:00:00Z,0.0,-63.42709,-54.69791,NaN
2023-06-15T12:00:00Z,0.0,-63.42709,-54.69791,NaN
2023-06-16T12:00:00Z,0.0,-63.42709,-54.69791,NaN
2023-06-17T12:00:00Z,0.0,-63.42709,-54.69791,NaN
2023-06-18T12:00:00Z,0.0,-63.42709,-54.69791,NaN
2023-06-19T12:00:00Z,0.0,-63.42709,-54.69791,NaN
2023-06-20T12:00:00Z,0.0,-63.42709,-54.69791,NaN
2023-06-21T12:00:00Z,0.0,-63.42709,-54.69791,NaN
2023-06-22T12:00:00Z,0.0,-63.42709,-54.69791,NaN
2023-06-23T12:00:00Z,0.0,-63.42709,-54.69791,NaN
2023-06-24T12:00:00Z,0.0,-63.42709,-54.69791,NaN
2023-06-25T12:00:00Z,0.0,-63.42709,-54.69791,NaN
2023-06-26T12:00:00Z,0.0,-63.42709,-54.69791,NaN
2023-06-27T12:00:00Z,0.0,-63.42709,-54.69791,NaN
2023-06-28T12:00:00Z,0.0,-63.42709,-54.69791,NaN
2023-06-29T12:00:00Z,0.0,-63.42709,-54.69791,NaN
2023-06-30T12:00:00Z,0.0,-63.42709,-54.69791,NaN
2023-07-01T12:00:00Z,0.0,-63.42709,-54.69791,NaN
2023-07-02T12:00:00Z,0.0,-63.42709,-54.69791,NaN
2023-07-03T12:00:00Z,0.0,-63.42709,-54.69791,NaN
2023-07-04T12:00:00Z,0.0,-63.42709,-54.69791,NaN
2023-07-05T12:00:00Z,0.0,-63.42709,-54.69791,NaN
2023-07-06T12:00:00Z,0.0,-63.42709,-54.69791,NaN
2023-07-07T12:00:00Z,0.0,-63.42709,-54.69791,NaN
2023-07-08T12:00:00Z,0.0,-63.42709,-54.69791,NaN
2023-07-09T12:00:00Z,0.0,-63.42709,-54.69791,NaN
2023-07-10T12:00:00Z,0.0,-63.42709,-54.69791,NaN
2023-07-11T12:00:00Z,0.0,-63.42709,-54.69791,NaN
2023-07-12T12:00:00Z,0.0,-63.42709,-54.69791,NaN
2023-07-13T12:00:00Z,0.0,-63.42709,-54.69791,NaN
2023-07-14T12:00:00Z,0.0,-63.42709,-54.69791,NaN
2023-07-15T12:00:00Z,0.0,-63.42709,-54.69791,NaN
2023-07-16T12:00:00Z,0.0,-63.42709,-54.69791,NaN
2023-07-17T12:00:00Z,0.0,-63.42709,-54.69791,NaN
2023-07-18T12:00:00Z,0.0,-63.42709,-54.69791,NaN
2023-07-19T12:00:00Z,0.0,-63.42709,-54.69791,NaN
2023-07-20T12:00:00Z,0.0,-63.42709,-54.69791,NaN
2023-07-21T12:00:00Z,0.0,-63.42709,-54.69791,NaN
2023-07-22T12:00:00Z,0.0,-63.42709,-54.69791,NaN
2023-07-23T12:00:00Z,0.0,-63.42709,-54.69791,NaN
2023-07-24T12:00:00Z,0.0,-63.42709,-54.69791,NaN
2023-07-25T12:00:00Z,0.0,-63.42709,-54.69791,NaN
2023-07-26T12:00:00Z,0.0,-63.42709,-54.69791,NaN
2023-07-27T12:00:00Z,0.0,-63.42709,-54.69791,NaN
2023-07-28T12:00:00Z,0.0,-63.42709,-54.69791,NaN
2023-07-29T12:00:00Z,0.0,-63.42709,-54.69791,NaN
2023-07-30T12:00:00Z,0.0,-63.42709,-54.69791,NaN
2023-07-31T12:00:00Z,0.0,-63.42709,-54.69791,NaN
2023-08-01T12:00:00Z,0.0,-63.42709,-54.69791,NaN
2023-08-02T12:00:00Z,0.0,-63.42709,-54.69791,NaN
2023-08-03T12:00:00Z,0.0,-63.42709,-54.69791,NaN
2023-08-04T12:00:00Z,0.0,-63.42709,-54.69791,NaN
2023-08-05T12:00:00Z,0.0,-63.42709,-54.69791,NaN
2023-08-06T12:00:00Z,0.0,-63.42709,-54.69791,NaN
2023-08-07T12:00:00Z,0.0,-63.42709,-54.69791,NaN
2023-08-08T12:00:00Z,0.0,-63.42709,-54.69791,NaN
2023-08-09T12:00:00Z,0.0,-63.42709,-54.69791,NaN
2023-08-10T12:00:00Z,0.0,-63.42709,-54.69791,NaN
2023-08-11T12:00:00Z,0.0,-63.42709,-54.69791,NaN
2023-08-12T12:00:00Z,0.0,-63.42709,-54.69791,NaN
2023-08-13T12:00:00Z,0.0,-63.42709,-54.69791,NaN
2023-08-14T12:00:00Z,0.0,-63.42709,-54.69791,NaN
2023-08-15T12:00:00Z,0.0,-63.42709,-54.69791,NaN
2023-08-16T12:00:00Z,0.0,-63.42709,-54.69791,NaN
2023-08-17T12:00:00Z,0.0,-63.42709,-54.69791,NaN
2023-08-18T12:00:00Z,0.0,-63.42709,-54.69791,NaN
2023-08-19T12:00:00Z,0.0,-63.42709,-54.69791,NaN
2023-08-20T12:00:00Z,0.0,-63.42709,-54.69791,NaN
2023-08-21T12:00:00Z,0.0,-63.42709,-54.69791,NaN
2023-08-22T12:00:00Z,0.0,-63.42709,-54.69791,NaN
2023-08-23T12:00:00Z,0.0,-63.42709,-54.69791,NaN
2023-08-24T12:00:00Z,0.0,-63.42709,-54.69791,NaN
2023-08-25T12:00:00Z,0.0,-63.42709,-54.69791,NaN
2023-08-26T12:00:00Z,0.0,-63.42709,-54.69791,NaN
2023-08-27T12:00:00Z,0.0,-63.42709,-54.69791,NaN
2023-08-28T12:00:00Z,0.0,-63.42709,-54.69791,NaN
2023-08-29T12:00:00Z,0.0,-63.42709,-54.69791,NaN
2023-08-30T12:00:00Z,0.0,-63.42709,-54.69791,NaN
2023-08-31T12:00:00Z,0.0,-63.42709,-54.69791,NaN
2023-09-01T12:00:00Z,0.0,-63.42709,-54.69791,NaN
2023-09-02T12:00:00Z,0.0,-63.42709,-54.69791,NaN
2023-09-03T12:00:00Z,0.0,-63.42709,-54.69791,NaN
2023-09-04T12:00:00Z,0.0,-63.42709,-54.69791,NaN
2023-09-05T12:00:00Z,0.0,-63.42709,-54.69791,NaN
2023-09-06T12:00:00Z,0.0,-63.42709,-54.69791,NaN
2023-09-07T12:00:00Z,0.0,-63.42709,-54.69791,NaN
2023-09-08T12:00:00Z,0.0,-63.42709,-54.69791,NaN
2023-09-09T12:00:00Z,0.0,-63.42709,-54.69791,NaN
2023-09-10T12:00:00Z,0.0,-63.42709,-54.69791,NaN
2023-09-11T12:00:00Z,0.0,-63.42709,-54.69791,NaN
2023-09-12T12:00:00Z,0.0,-63.42709,-54.69791,NaN
2023-09-13T12:00:00Z,0.0,-63.42709,-54.69791,NaN
2023-09-14T12:00:00Z,0.0,-63.42709,-54.69791,NaN
2023-09-15T12:00:00Z,0.0,-63.42709,-54.69791,NaN
2023-09-16T12:00:00Z,0.0,-63.42709,-54.69791,NaN
2023-09-17T12:00:00Z,0.0,-63.42709,-54.69791,NaN
2023-09-18T12:00:00Z,0.0,-63.42709,-54.69791,NaN
2023-09-19T12:00:00Z,0.0,-63.42709,-54.69791,NaN
2023-09-20T12:00:00Z,0.0,-63.42709,-54.69791,NaN
2023-09-21T12:00:00Z,0.0,-63.42709,-54.69791,NaN
2023-09-22T12:00:00Z,0.0,-63.42709,-54.69791,NaN
2023-09-23T12:00:00Z,0.0,-63.42709,-54.69791,NaN
2023-09-24T12:00:00Z,0.0,-63.42709,-54.69791,NaN
2023-09-25T12:00:00Z,0.0,-63.42709,-54.69791,NaN
2023-09-26T12:00:00Z,0.0,-63.42709,-54.69791,NaN
2023-09-27T12:00:00Z,0.0,-63.42709,-54.69791,NaN
2023-09-28T12:00:00Z,0.0,-63.42709,-54.69791,NaN
2023-09-29T12:00:00Z,0.0,-63.42709,-54.69791,NaN
2023-09-30T12:00:00Z,0.0,-63.42709,-54.69791,NaN
2023-10-01T12:00:00Z,0.0,-63.42709,-54.69791,NaN
2023-10-02T12:00:00Z,0.0,-63.42709,-54.69791,NaN
2023-10-03T12:00:00Z,0.0,-63.42709,-54.69791,NaN
2023-10-04T12:00:00Z,0.0,-63.42709,-54.69791,NaN
2023-10-05T12:00:00Z,0.0,-63.42709,-54.69791,NaN
2023-10-06T12:00:00Z,0.0,-63.42709,-54.69791,NaN
2023-10-07T12:00:00Z,0.0,-63.42709,-54.69791,NaN
2023-10-08T12:00:00Z,0.0,-63.42709,-54.69791,NaN
2023-10-09T12:00:00Z,0.0,-63.42709,-54.69791,NaN
2023-10-10T12:00:00Z,0.0,-63.42709,-54.69791,NaN
2023-10-11T12:00:00Z,0.0,-63.42709,-54.69791,NaN
2023-10-12T12:00:00Z,0.0,-63.42709,-54.69791,NaN
2023-10-13T12:00:00Z,0.0,-63.42709,-54.69791,NaN
2023-10-14T12:00:00Z,0.0,-63.42709,-54.69791,NaN
2023-10-15T12:00:00Z,0.0,-63.42709,-54.69791,NaN
2023-10-16T12:00:00Z,0.0,-63.42709,-54.69791,0.15605603
2023-10-17T12:00:00Z,0.0,-63.42709,-54.69791,0.10041214
2023-10-18T12:00:00Z,0.0,-63.42709,-54.69791,0.120596014
2023-10-19T12:00:00Z,0.0,-63.42709,-54.69791,0.15486817
2023-10-20T12:00:00Z,0.0,-63.42709,-54.69791,0.15522788
2023-10-21T12:00:00Z,0.0,-63.42709,-54.69791,0.15517867
2023-10-22T12:00:00Z,0.0,-63.42709,-54.69791,0.15505286
2023-10-23T12:00:00Z,0.0,-63.42709,-54.69791,0.0907238
2023-10-24T12:00:00Z,0.0,-63.42709,-54.69791,0.0920609
2023-10-25T12:00:00Z,0.0,-63.42709,-54.69791,0.15589078
2023-10-26T12:00:00Z,0.0,-63.42709,-54.69791,0.15621023
2023-10-27T12:00:00Z,0.0,-63.42709,-54.69791,0.09996468
2023-10-28T12:00:00Z,0.0,-63.42709,-54.69791,0.09954642
2023-10-29T12:00:00Z,0.0,-63.42709,-54.69791,0.09861546
2023-10-30T12:00:00Z,0.0,-63.42709,-54.69791,0.09603832
2023-10-31T12:00:00Z,0.0,-63.42709,-54.69791,0.091761746
2023-11-01T12:00:00Z,0.0,-63.42709,-54.69791,0.086613715
2023-11-02T12:00:00Z,0.0,-63.42709,-54.69791,0.13152248
2023-11-03T12:00:00Z,0.0,-63.42709,-54.69791,0.16080149
2023-11-04T12:00:00Z,0.0,-63.42709,-54.69791,0.085940465
2023-11-05T12:00:00Z,0.0,-63.42709,-54.69791,0.09091062
2023-11-06T12:00:00Z,0.0,-63.42709,-54.69791,0.12549801
2023-11-07T12:00:00Z,0.0,-63.42709,-54.69791,0.12831764
2023-11-08T12:00:00Z,0.0,-63.42709,-54.69791,0.15203737
2023-11-09T12:00:00Z,0.0,-63.42709,-54.69791,0.12488896
2023-11-10T12:00:00Z,0.0,-63.42709,-54.69791,0.12446549
2023-11-11T12:00:00Z,0.0,-63.42709,-54.69791,0.12541115
2023-11-12T12:00:00Z,0.0,-63.42709,-54.69791,0.13169846
2023-11-13T12:00:00Z,0.0,-63.42709,-54.69791,0.1349421
2023-11-14T12:00:00Z,0.0,-63.42709,-54.69791,0.14223252
2023-11-15T12:00:00Z,0.0,-63.42709,-54.69791,0.1562336
2023-11-16T12:00:00Z,0.0,-63.42709,-54.69791,0.15606518
2023-11-17T12:00:00Z,0.0,-63.42709,-54.69791,0.1563724
2023-11-18T12:00:00Z,0.0,-63.42709,-54.69791,0.15679175
2023-11-19T12:00:00Z,0.0,-63.42709,-54.69791,0.16231261
2023-11-20T12:00:00Z,0.0,-63.42709,-54.69791,0.2635712
2023-11-21T12:00:00Z,0.0,-63.42709,-54.69791,0.28745586
2023-11-22T12:00:00Z,0.0,-63.42709,-54.69791,0.26593328
2023-11-23T12:00:00Z,0.0,-63.42709,-54.69791,0.33217484
2023-11-24T12:00:00Z,0.0,-63.42709,-54.69791,0.28592885
2023-11-25T12:00:00Z,0.0,-63.42709,-54.69791,0.32137597
2023-11-26T12:00:00Z,0.0,-63.42709,-54.69791,0.31071633
2023-11-27T12:00:00Z,0.0,-63.42709,-54.69791,0.23549458
2023-11-28T12:00:00Z,0.0,-63.42709,-54.69791,0.23636727
2023-11-29T12:00:00Z,0.0,-63.42709,-54.69791,0.25667426
2023-11-30T12:00:00Z,0.0,-63.42709,-54.69791,0.24548899
2023-12-02T12:00:00Z,0.0,-63.42709,-54.69791,0.23683983
2023-12-03T12:00:00Z,0.0,-63.42709,-54.69791,0.23500158
2023-12-04T12:00:00Z,0.0,-63.42709,-54.69791,0.22987932
2023-12-05T12:00:00Z,0.0,-63.42709,-54.69791,0.23707199
2023-12-06T12:00:00Z,0.0,-63.42709,-54.69791,0.23071687
2023-12-07T12:00:00Z,0.0,-63.42709,-54.69791,0.24155962
2023-12-08T12:00:00Z,0.0,-63.42709,-54.69791,0.22758093
2023-12-09T12:00:00Z,0.0,-63.42709,-54.69791,0.21865153
2023-12-10T12:00:00Z,0.0,-63.42709,-54.69791,0.22599697
2023-12-11T12:00:00Z,0.0,-63.42709,-54.69791,0.21292223
2023-12-12T12:00:00Z,0.0,-63.42709,-54.69791,0.20359579
2023-12-13T12:00:00Z,0.0,-63.42709,-54.69791,0.20355405
2023-12-14T12:00:00Z,0.0,-63.42709,-54.69791,0.19559614
2023-12-15T12:00:00Z,0.0,-63.42709,-54.69791,0.19773078
2023-12-16T12:00:00Z,0.0,-63.42709,-54.69791,0.19441472
2023-12-17T12:00:00Z,0.0,-63.42709,-54.69791,0.21465726
2023-12-18T12:00:00Z,0.0,-63.42709,-54.69791,0.21389621
2023-12-19T12:00:00Z,0.0,-63.42709,-54.69791,0.25754273
2023-12-20T12:00:00Z,0.0,-63.42709,-54.69791,0.25987715
2023-12-21T12:00:00Z,0.0,-63.42709,-54.69791,0.26181808
2023-12-22T12:00:00Z,0.0,-63.42709,-54.69791,0.26396242
2023-12-23T12:00:00Z,0.0,-63.42709,-54.69791,0.27624252
2023-12-25T12:00:00Z,0.0,-63.42709,-54.69791,0.25796136
2023-12-26T12:00:00Z,0.0,-63.42709,-54.69791,0.25270054
2023-12-27T12:00:00Z,0.0,-63.42709,-54.69791,0.25626612
2023-12-28T12:00:00Z,0.0,-63.42709,-54.69791,0.25215644
2023-12-29T12:00:00Z,0.0,-63.42709,-54.69791,0.25893116
2023-12-30T12:00:00Z,0.0,-63.42709,-54.69791,0.30182013
2023-12-31T12:00:00Z,0.0,-63.42709,-54.69791,0.29675925
