Feature.ID,sample.sample_001_ATCGTACG,sample.sample_002_ACTATCTG,sample.sample_003_TAGCGAGT,sample.sample_004_CTGCGTGT,sample.sample_005_TCATCGAG,sample.sample_006_CGTGAGTG,sample.sample_007_GGATATCT,sample.sample_008_GACACCGT,sample.sample_009_ATCGTACG,sample.sample_010_ACTATCTG,sample.sample_011_TAGCGAGT,sample.sample_012_CTGCGTGT,sample.sample_013_TCATCGAG,sample.sample_014_CGTGAGTG,sample.sample_015_GGATATCT,sample.sample_016_GACACCGT,sample.sample_017_ATCGTACG,sample.sample_018_ACTATCTG,sample.sample_019_TAGCGAGT,sample.sample_020_CTGCGTGT,sample.sample_021_TCATCGAG,sample.sample_022_CGTGAGTG,sample.sample_023_GGATATCT,sample.sample_024_GACACCGT,sample.sample_025_ATCGTACG,sample.sample_026_ACTATCTG,sample.sample_027_TAGCGAGT,sample.sample_028_CTGCGTGT,sample.sample_029_TCATCGAG,sample.sample_030_CGTGAGTG,sample.sample_031_GGATATCT,sample.sample_032_GACACCGT,sample.sample_033_ATCGTACG,sample.sample_034_ACTATCTG,sample.sample_035_TAGCGAGT,sample.sample_036_CTGCGTGT,sample.sample_037_TCATCGAG,sample.sample_038_CGTGAGTG,sample.sample_039_GGATATCT,sample.sample_040_GACACCGT,sample.sample_041_ATCGTACG,sample.sample_042_ACTATCTG,sample.sample_043_TAGCGAGT,sample.sample_044_CTGCGTGT,sample.sample_045_TCATCGAG,sample.sample_046_CGTGAGTG,sample.sample_047_GGATATCT,sample.sample_048_GACACCGT,sample.sample_049_ATCGTACG,sample.sample_050_ACTATCTG,sample.sample_051_TAGCGAGT,sample.sample_052_CTGCGTGT,sample.sample_053_TCATCGAG,sample.sample_054_CGTGAGTG,sample.sample_055_GGATATCT,sample.sample_056_GACACCGT,sample.sample_057_ATCGTACG,sample.sample_058_ACTATCTG,sample.sample_059_TAGCGAGT,sample.sample_060_CTGCGTGT,sample.sample_061_TCATCGAG,sample.sample_062_CGTGAGTG,sample.sample_063_GGATATCT,sample.sample_064_GACACCGT,sample.sample_065_CTACTATA,sample.sample_066_CGTTACTA,sample.sample_067_AGAGTCAC,sample.sample_068_TACGAGAC,sample.sample_069_ACGTCTCG,sample.sample_070_TCGACGAG,sample.sample_071_GATCGTGT,sample.sample_072_GTCAGATA,sample.sample_073_CTACTATA,sample.sample_074_CGTTACTA,sample.sample_075_AGAGTCAC,sample.sample_076_TACGAGAC,sample.sample_077_ACGTCTCG,sample.sample_078_TCGACGAG,sample.sample_079_GATCGTGT,sample.sample_080_GTCAGATA,sample.sample_081_CTACTATA,sample.sample_082_CGTTACTA,sample.sample_083_AGAGTCAC,sample.sample_084_TACGAGAC,sample.sample_085_ACGTCTCG,sample.sample_086_TCGACGAG,sample.sample_087_GATCGTGT,pr2_Taxon,pr2_Confidence
00097b46a6cd535d67ddbf9b853def2b,0,0,0,0,0,0,0,0,0,0,0,0,0,0,0,0,0,0,0,0,0,0,0,0,0,0,0,0,0,0,0,0,0,0,0,0,0,0,0,0,0,0,0,0,0,0,0,0,0,0,0,0,0,0,0,0,0,0,0,0,0,0,0,0,0,0,0,0,0,31,10,0,0,8,0,0,0,0,0,0,0,0,0,0,0,0,0,Eukaryota;Stramenopiles;Ochrophyta;Bacillariophyta;Bacillariophyta_X,0.999999164494542
00eee0e75b79321c98633739d6235435,0,0,0,0,5,0,3,0,0,0,0,0,0,0,0,0,0,5,0,0,0,0,0,0,0,0,3,0,0,0,0,0,0,0,0,0,0,0,0,0,0,0,0,0,0,0,0,0,0,0,4,0,0,0,0,0,0,0,0,0,0,0,0,0,0,0,0,0,0,0,0,0,0,0,4,3,0,0,0,0,0,12,28,8,0,17,0,Eukaryota,1
0120884035cefc755d4510234dc36b75,34,0,11,7,9,0,39,0,97,0,14,837,0,18,23,17,19,0,15,0,27,74,6,23,51,27,0,19,22,0,0,4,42,0,0,0,0,0,43,61,33,12,31,0,0,0,0,0,0,9,32,0,10,0,0,25,6,0,0,1421,0,0,0,14,0,0,0,11,0,0,8,0,0,5,0,0,0,0,0,11,71,47,16,0,0,0,0,Eukaryota;Alveolata;Ciliophora;Spirotrichea;Strombidiida_F;Strombidiida_F_X;Strombidiida_F_XX;Strombidiida_F_XX_sp.;,0.91800250927354
01d5fd2ce300aec9cc34f899b791ffed,0,0,0,0,0,0,0,0,0,0,0,0,0,0,0,0,2,0,0,0,0,0,0,0,0,0,0,0,0,0,0,0,0,0,0,0,0,0,0,0,0,0,0,0,0,0,0,0,0,0,0,0,0,0,0,0,0,0,0,0,0,0,0,0,0,0,0,0,0,0,0,0,0,0,2,0,0,0,0,0,0,0,0,0,0,0,0,Eukaryota;Opisthokonta;Fungi;Ascomycota;Saccharomycotina;Saccharomycetales,0.9985591781967
02a9bad9df18e2b0a29630c13a383175,0,0,0,0,0,0,0,0,0,0,0,0,0,0,0,0,0,0,0,0,0,0,0,0,0,0,0,0,0,0,0,0,0,0,0,0,0,0,0,0,0,0,0,0,0,0,0,0,0,0,0,0,0,0,0,0,0,0,0,0,0,0,0,0,0,0,0,0,0,0,0,0,0,0,0,0,0,0,0,0,3,0,0,0,0,0,0,Eukaryota;Rhizaria;Cercozoa;Phaeodarea;Phaeogromida;Challengeriidae;Protocystis;Protocystis_thomsoni;,0.913443062550023
03b3a112b65f667e6f43284ce2d8ef60,0,0,0,0,0,0,0,0,0,0,0,0,0,0,0,0,0,0,2,0,0,0,0,0,0,0,4,0,0,0,0,0,0,0,0,0,0,0,0,0,0,0,0,0,0,0,0,0,0,0,0,0,0,0,0,0,0,0,0,0,0,0,0,0,0,0,0,0,0,0,0,0,0,0,0,0,0,0,0,0,0,0,0,0,0,0,0,Eukaryota;Alveolata,0.958357598660614
03c596479d46cb0ae845b42f4b45e233,0,0,0,0,0,0,0,0,0,0,0,0,0,0,0,0,0,0,0,0,0,5,0,0,0,0,0,0,0,0,0,0,0,0,0,0,0,0,0,0,0,0,0,0,0,0,0,0,0,0,0,0,0,0,0,0,0,0,0,0,0,0,0,0,0,0,0,0,0,0,0,0,0,0,0,0,0,0,0,0,0,0,0,0,0,0,0,Eukaryota;Opisthokonta;Metazoa;Arthropoda;Crustacea;Maxillopoda;Eucyclops,0.87167825020446
040cc0477a7904e41a3b997d28921901,0,0,0,8,0,0,0,0,0,1414,4,48,124,6,103,0,415,2553,0,0,0,62,102,286,9,0,0,61,4,0,59,220,165,132,2562,326,286,0,4,0,71,28,15,2935,0,0,164,0,10,7,65,0,0,4,0,20,0,4,0,25,0,6,3420,111,7,0,0,0,172,0,0,0,52,0,0,0,11,0,805,11571,28208,12,0,0,0,0,99,Eukaryota;Opisthokonta;Metazoa;Arthropoda;Crustacea;Maxillopoda;Metridia,0.993191338501117
04dd1ee51056f811f3d0f21d35be0abf,0,0,0,2,4,0,0,4,6,0,0,0,0,0,0,0,5,0,24,8,13,5,0,0,0,2,10,0,12,0,0,0,0,0,0,0,0,0,0,0,0,0,0,0,3,16,0,0,4,13,0,0,7,0,0,0,0,0,0,0,0,2,4,12,0,0,0,0,6,0,4,0,0,0,0,4,15,0,0,2,0,27,3,0,0,0,0,Eukaryota;Alveolata;Dinoflagellata;Syndiniales;Dino-Group-II;Dino-Group-II-Clade-16;Dino-Group-II-Clade-16_X;Dino-Group-II-Clade-16_X_sp.;,0.999911580537623
04de28f86d0b8b0e7c72894d825c848b,0,0,0,0,0,0,0,0,0,0,0,0,0,0,0,0,0,2,0,0,0,5,0,0,0,0,0,0,0,3,0,0,0,0,0,0,0,0,0,0,0,0,0,0,0,0,0,0,0,0,0,0,0,0,0,0,2,0,0,0,0,14,4,0,0,0,0,0,11,0,0,0,10,0,4,0,0,0,0,0,0,0,7,23,0,0,0,Eukaryota;Opisthokonta;Metazoa;Mollusca;Bivalvia;Heteroconchia;Saxidomus;Saxidomus_purpuratus;,0.793436562173939
051a524fca52a53aed630ce6dfbfdc01,0,0,0,0,0,0,4,0,0,0,0,0,0,0,0,0,14,31,36,40,14,0,0,0,0,0,11,8,20,0,0,0,0,0,0,0,0,0,0,0,0,0,0,0,12,29,0,15,9,8,0,0,36,0,0,0,0,0,0,0,10,7,15,15,0,0,0,0,0,0,8,0,5,0,11,24,0,0,0,0,0,32,7,8,0,0,0,Eukaryota;Hacrobia;Haptophyta;Prymnesiophyceae;Prymnesiales;Prymnesiaceae,0.78345908196539
051e1d723d0c3a2c56b0eb66cfd9893e,0,0,0,0,0,0,0,0,0,0,0,0,0,0,0,0,0,0,0,0,0,0,0,0,0,0,0,0,0,0,0,0,0,0,0,0,0,0,0,0,0,0,0,0,0,0,0,0,0,0,0,0,0,0,0,0,0,0,0,0,0,0,0,0,0,0,0,0,0,0,0,0,0,0,0,0,0,0,0,0,0,0,0,2,0,0,0,Eukaryota;Excavata;Discoba;Euglenozoa;Diplonemea;Diplonemida;Diplonema,0.989345100804609
05c081de33993a2a11324f6ea87f4a0d,2,0,0,0,2,0,0,5,0,0,0,0,0,0,0,0,0,0,0,0,0,9,0,0,0,0,0,0,0,0,0,0,2,0,0,0,0,0,0,0,0,0,0,0,0,0,0,0,0,0,0,0,0,0,0,0,0,0,0,0,0,0,0,3,0,0,0,0,0,0,0,0,0,0,0,0,3,0,0,0,0,0,0,0,0,0,0,Eukaryota;Hacrobia;Haptophyta;Prymnesiophyceae,0.719546975966175
073a98a6743f05f42597ac86cd536906,0,0,0,0,50,0,13,14,0,0,0,0,0,0,8,0,11,8,57,150,77,53,7,0,0,40,18,8,11,0,0,0,0,0,0,0,0,0,0,0,0,0,0,0,28,23,0,15,67,26,0,0,42,0,0,0,7,0,0,61,13,15,17,44,0,0,0,0,89,0,165,0,156,0,0,0,10,0,0,7,0,43,12,3,0,0,0,Eukaryota;Stramenopiles;Sagenista;MAST-7;MAST-7A;MAST-7A_X;MAST-7A_XX;MAST-7A_XX_sp.;,0.999999781229167
07ab3a49b999409d4810226f8ad9e278,0,0,0,0,0,0,5,5,0,0,0,0,0,0,0,0,0,0,18,20,9,20,0,0,0,4,7,3,4,0,0,0,10,0,0,0,0,0,0,0,0,0,0,0,0,3,0,0,9,7,0,0,23,0,0,0,0,0,0,8,0,3,0,15,0,0,0,0,5,0,127,0,15,0,0,8,11,8,0,0,0,37,11,0,0,0,2,Eukaryota;Stramenopiles;Ochrophyta;Bolidophyceae;Parmales;Triparmaceae;Triparma;Triparma_pacifica;,0.810394409884223
07d91b765ec9ac7ceed1f02762894d02,0,0,9,25,237,77,165,27,5,0,0,0,0,46,42,41,72,30,24,26,18,29,0,0,17,99,79,4,0,0,0,0,0,0,0,0,0,0,30,65,16,30,39,16,106,74,0,0,30,6,42,499,23,0,0,0,67,7,14,5,0,0,0,13,0,0,9,3,42,29,1626,37,28,0,17,121,0,4,0,0,0,204,94,7,0,0,0,Eukaryota;Stramenopiles;Sagenista;MAST-8;MAST-8D;MAST-8D_X;MAST-8D_XX;MAST-8D_XX_sp.;,0.999998138614926
07f7cc8561745d8495a37bd2afe6035c,6,0,27,42,57,16,49,108,38,0,0,0,0,24,20,18,59,23,249,263,226,501,15,0,29,110,84,65,111,7,26,3,24,0,0,0,0,0,22,44,19,10,32,12,200,283,0,0,285,126,52,148,422,0,0,0,16,8,20,414,47,88,23,228,4,52,64,12,15,202,981,12,104,9,12,152,22,27,0,3,6,239,50,25,0,0,0,Eukaryota;Opisthokonta;Fungi;Chytridiomycota;Chytridiomycotina;Chytridiomycetes;Spizellomycetales-and-Rhizophlyctidales;Spizellomycetales-and-Rhizophlyctidales_sp.;,0.999998587574129
0a0b4b3d90d10bed6ecc2b93c2226053,0,0,0,0,0,0,0,0,0,0,0,0,0,0,0,0,0,0,0,0,0,0,0,0,0,6,0,0,0,0,0,0,0,0,0,0,0,0,0,0,0,0,0,0,0,121,0,0,0,0,0,0,0,0,0,0,0,0,0,0,0,0,0,0,0,0,0,0,63,0,0,0,0,0,0,0,0,0,0,0,0,0,0,0,0,0,0,Eukaryota;Opisthokonta;Metazoa;Arthropoda;Crustacea;Maxillopoda,0.999999370813732
0a13a2677302b8fed738e37ac7026ea9,0,0,0,0,7,0,0,3,0,0,0,0,0,0,0,0,0,3,0,0,0,0,0,0,0,0,0,0,0,0,0,0,0,0,0,0,0,0,0,0,0,0,0,6,0,0,0,0,0,0,0,0,0,0,0,0,0,0,0,0,0,0,0,0,0,0,0,0,0,0,0,0,0,0,0,0,9,15,0,6,21,0,0,0,0,0,0,Eukaryota;Rhizaria;Radiolaria;Acantharea;Arthracanthida-Symphyacanthida;Arthracanthida-Symphyacanthida_X;Arthracanthida-Symphyacanthida_XX;Arthracanthida-Symphyacanthida_XX_sp.;,0.974445707847138
0a8c9e9cabaf7b3dcd83f02363d6b130,0,0,4,9,9,0,6,0,0,13,4,28,51,9,0,6,4,0,0,0,0,0,0,23,4,5,0,0,0,0,0,6,7,0,0,0,11,5,8,9,4,0,0,0,0,0,0,0,0,0,20,6,0,15,4,5,0,0,0,0,0,0,0,0,0,0,0,0,0,22,0,0,0,0,4,0,0,98,0,0,4,13,0,0,0,13,0,Eukaryota;Stramenopiles;Ochrophyta;Bacillariophyta;Bacillariophyta_X;Raphid-pennate,0.752243233442743
0a94a55f0de7980e36bee5e488863a89,0,0,0,0,0,0,0,0,0,0,0,0,0,0,0,0,0,0,0,18,0,0,0,0,0,0,0,19,0,0,0,0,0,0,0,0,0,0,0,0,0,0,0,0,0,0,0,0,0,0,0,0,0,0,0,0,0,0,0,0,0,0,0,0,0,0,0,0,0,0,0,0,0,0,0,0,0,0,0,0,0,0,0,0,0,0,0,Eukaryota;Alveolata;Apicomplexa;Gregarinomorphea;Eugregarinorida;Cephaloidophoridae;Cephaloidophora,0.779069206929403
0aab0d2015daa9b6b61c9ab08b5cf338,0,0,0,0,0,0,0,0,0,0,0,0,0,0,0,0,0,0,0,0,0,0,0,0,0,0,0,0,0,0,0,0,0,0,0,0,0,0,0,0,0,0,0,0,0,0,0,0,0,0,0,0,0,0,0,0,0,0,0,0,0,0,0,0,0,0,0,0,0,0,0,0,0,0,0,0,0,0,0,3,0,0,0,0,0,0,0,Eukaryota;Amoebozoa;Lobosa;Discosea-Flabellinia;Dactylopodida;Paramoebidae;Neoparamoeba;Neoparamoeba_aestuarina;,0.999999999999659
0b04a0e165deb280d84b621de918a4c4,20,4,61,110,147,87,117,108,53,2,0,4,2,0,15,47,232,124,899,578,252,266,0,0,2,318,250,72,319,21,54,3,35,0,0,0,0,0,2,7,9,13,5,5,309,540,6,18,392,81,2,4,548,2,0,3,85,11,49,1495,152,212,35,190,0,16,10,6,95,23,924,59,280,40,19,42,37,23,0,4,4,445,69,35,0,0,0,Eukaryota;Stramenopiles;Pseudofungi;MAST-1;MAST-1A;MAST-1A_X;MAST-1A_XX;MAST-1A_XX_sp.;,0.99999999999801
0c17e8fc2d3bfd69cb54d171d6f99f0e,0,0,0,0,0,0,0,0,0,0,0,0,0,0,0,4,0,0,0,2,5,0,7,0,0,0,0,0,0,0,0,0,0,0,0,0,0,0,0,0,0,0,0,0,0,0,0,0,0,0,0,0,0,0,0,0,0,0,0,0,0,0,0,0,0,0,3,3,0,0,0,0,0,0,0,0,0,0,0,0,0,0,0,0,12,0,0,Eukaryota,0.999999999999991
0c9699f21843e1fd206fb952f0aba469,0,0,0,0,0,0,0,0,0,0,0,0,0,0,0,0,0,0,0,0,0,0,0,0,0,0,0,0,0,0,0,0,0,0,0,0,0,0,0,0,0,0,0,0,0,0,0,0,0,0,0,0,0,0,0,0,0,0,0,0,0,0,0,0,0,0,0,0,0,0,0,0,4,0,0,0,0,0,0,0,0,0,0,0,0,0,0,Eukaryota;Stramenopiles;Ochrophyta;Chrysophyceae;Chrysophyceae_X;Chrysophyceae_Clade-C,0.998442450464313
0cf2fa6c4b76f9d34484d6ce08a84a5f,0,0,0,0,0,0,0,0,3,0,0,0,0,0,0,0,0,0,0,0,0,0,0,0,0,0,0,0,0,0,0,0,0,0,0,0,0,0,0,0,0,0,0,0,0,0,0,0,0,0,0,0,0,0,0,0,0,0,0,0,0,0,0,0,0,0,0,0,0,0,0,0,0,0,0,0,0,0,0,0,0,0,0,0,0,0,0,Eukaryota;Opisthokonta;Metazoa;Arthropoda;Crustacea;Maxillopoda;Stenopontius;Stenopontius_sp.;,0.795377066847107
0cf545718918768f65acd9cbf21099f2,0,0,0,0,0,0,0,0,0,0,0,0,0,0,0,0,2,0,7,5,6,4,0,0,0,0,0,0,0,0,0,0,3,0,0,0,0,0,0,0,0,0,0,0,0,0,0,0,9,5,0,0,0,0,0,0,0,0,0,0,0,0,0,0,0,0,0,0,0,0,0,0,0,0,0,0,0,0,0,0,0,0,0,0,0,0,0,Eukaryota;Stramenopiles;Ochrophyta,0.762389821589915
0d3d570a4907dc075e05e999c64a8481,0,0,0,0,5,4,7,0,0,0,0,0,0,0,0,0,0,0,7,18,7,25,0,0,0,10,3,0,0,0,0,0,0,0,0,0,0,0,0,0,0,0,0,0,8,12,0,0,14,5,0,0,0,0,0,0,0,0,4,3,0,4,0,6,0,0,5,0,0,0,103,0,44,0,0,0,0,0,0,0,0,13,0,3,0,0,0,Eukaryota;Hacrobia;Haptophyta;Prymnesiophyceae,0.96698536945056
0db6be4b8b1079efd4751989837f2ca0,0,0,16,14,67,17,11,5,16,0,0,0,0,0,0,0,38,77,0,46,21,16,0,0,0,0,22,0,40,0,0,0,0,0,0,0,0,0,0,0,0,0,0,0,0,10,0,6,5,10,0,0,698,0,0,0,0,0,0,0,0,11,0,0,0,0,0,0,29,0,0,35,93,0,12,30,0,0,0,0,0,8,49,77,0,0,0,Eukaryota;Stramenopiles;Ochrophyta;Bacillariophyta;Bacillariophyta_X,0.999972667134578
0edcf63297edc5009492a836c83b2431,0,0,0,0,0,0,0,0,0,0,0,0,0,0,0,0,0,0,0,0,0,0,0,0,0,0,0,0,0,0,0,0,0,0,0,0,0,0,0,0,0,0,0,0,0,0,0,0,0,2,0,0,0,0,0,0,0,0,0,0,0,0,0,0,0,0,0,0,0,0,0,0,0,0,0,0,0,0,0,0,0,0,0,0,0,0,0,Eukaryota;Opisthokonta,0.962202969621192
0eedde69b0c270ef41b743118213ec83,0,0,0,0,0,0,0,0,0,0,0,0,0,0,0,0,0,4,0,0,0,0,0,0,0,0,0,0,0,0,0,0,0,0,0,0,0,0,0,0,0,0,0,0,0,0,0,0,0,0,0,0,0,0,0,0,0,0,0,0,0,0,0,0,0,0,0,0,0,0,0,0,0,0,0,0,0,0,0,0,0,0,0,0,0,0,0,Eukaryota;Apusozoa;Apusomonadidae;Apusomonadidae_Group-1;Apusomonadidae_Group-1_X;Apusomonadidae_Group-1_XX;Amastigomonas;Amastigomonas_mutabilis;,0.999981303376776
0f4533fb30c85c953cf439d5e599e28c,0,0,0,0,0,0,0,0,0,0,0,0,0,0,0,0,0,0,0,0,0,0,0,0,0,0,0,0,0,0,0,0,0,0,0,0,0,0,0,0,0,0,0,0,0,0,0,0,0,0,0,0,0,0,0,0,0,0,0,0,0,0,0,0,3,0,0,0,0,0,0,0,0,0,0,0,0,0,0,0,8,0,0,0,0,0,0,Eukaryota;Opisthokonta;Metazoa;Rotifera;Rotifera_X;Rotifera_XX;Rotifera_XXX;Rotifera_XXX_sp.;,0.73087073240399
1069814de7c508dbe1458459fbdfb4ee,0,0,0,0,0,0,0,0,0,63,48,860,1098,2025,306,1402,120,350,0,0,0,0,20,779,2671,869,35,0,0,0,0,0,59,0,37,0,607,563,2433,1903,2132,1281,2298,497,38,0,0,0,0,0,331,1598,0,225,887,964,791,848,1485,0,0,0,0,78,0,0,0,125,0,0,0,0,0,0,0,83,1621,7637,30,134,129,0,0,0,29,740,188,Eukaryota;Alveolata;Dinoflagellata;Dinophyceae;Gymnodiniales;Gymnodiniaceae;Gyrodinium;Gyrodinium_rubrum;,0.998586930206678
106fd0eba1be13039c01e23181346ea5,0,0,0,0,0,0,0,0,0,0,0,0,0,0,0,0,0,0,0,0,0,0,10,0,0,0,0,0,0,0,0,0,0,0,0,0,0,0,0,0,0,0,0,0,4,0,0,0,0,0,0,0,0,0,0,0,0,0,0,0,0,0,0,0,0,0,0,0,0,0,0,0,0,0,0,2,0,0,0,0,0,0,0,0,0,0,0,Eukaryota;Rhizaria;Cercozoa;Filosa-Thecofilosea;Ventricleftida;Ventrifissuridae;Ventrifissuridae_X;Ventrifissuridae_X_sp.;,0.999999998813394
10895d6be3e2b3cd81823c3c24cfe1e9,0,0,0,0,0,0,0,0,0,0,0,0,7,0,0,0,0,0,0,0,0,0,0,0,0,0,0,0,0,0,0,0,0,0,0,0,0,0,0,0,0,0,0,0,2,0,0,0,0,0,0,0,0,0,0,0,0,0,0,0,0,0,0,0,0,0,0,0,0,0,0,0,0,0,0,0,8,785,0,0,27,92,0,0,0,3,0,Eukaryota;Rhizaria;Radiolaria;Acantharea;Chaunacanthida;Chaunacanthida_X;Chaunacanthida_XX;Chaunacanthida_XX_sp.;,0.999705010185555
10c27a70fbde9c343ee5c4624ae97d8d,0,0,0,10,13,0,0,0,0,28,0,26,42,71,17,42,27,0,0,0,0,0,0,33,78,27,43,0,0,0,0,11,0,0,0,0,52,105,0,29,48,32,0,0,0,0,0,0,0,0,57,81,0,0,51,67,0,9,0,0,0,0,0,0,25,16,0,23,22,212,0,0,0,0,0,0,19,0,446,296,202,0,0,0,0,0,0,Eukaryota;Stramenopiles;Ochrophyta;Bacillariophyta;Bacillariophyta_X;Raphid-pennate;Pleurosigma;Pleurosigma_intermedium;,0.996219225475017
10ee54926db61f288bba76cb43046de4,0,0,0,0,0,0,0,0,0,0,0,0,0,0,0,0,11,0,0,17,10,0,0,0,0,0,0,0,0,0,0,0,0,0,0,0,0,0,0,0,0,0,0,0,0,0,0,0,8,0,0,0,3,0,0,0,0,0,0,0,0,5,0,125,0,0,0,0,0,0,0,0,0,0,0,0,0,0,0,0,0,6,0,0,0,0,0,Eukaryota;Opisthokonta;Metazoa;Annelida;Annelida_X;Annelida_XX;Polycirrus,0.997959882390599
112787e7d29f65c24974506099ab3517,0,0,0,0,0,0,0,0,0,0,0,71,11,18,22,45,60,73,194,0,96,252,0,0,106,66,25,13,41,0,21,0,0,0,0,0,0,0,30,32,38,6,60,8,43,35,0,0,0,36,11,30,41,0,7,14,272,92,43,407,38,12,0,686,0,0,39,59,0,0,5,0,0,0,7,0,18,10,0,0,0,204,0,0,0,0,0,Eukaryota;Alveolata;Dinoflagellata;Dinophyceae;Gymnodiniales;Gymnodiniaceae,0.941244606308462
115ca864c77c2f7cf9a7ccf5adfac5f4,0,0,0,0,0,0,0,11,0,0,0,0,0,0,0,0,0,0,0,0,0,0,0,0,0,0,0,5,0,0,0,0,0,0,0,0,0,0,0,0,0,0,0,0,0,0,0,0,0,0,0,0,0,0,0,0,0,0,0,0,0,0,0,0,0,0,0,0,0,0,0,0,0,0,0,0,12,943,8,565,364,0,0,0,0,4,0,Eukaryota;Rhizaria;Radiolaria;Acantharea;Arthracanthida-Symphyacanthida;Arthracanthida-Symphyacanthida_X;Amphibelone;Amphibelone_anomala;,0.857636445934484
11e44c778806a603799a247396a8de05,0,0,0,0,0,0,0,0,0,0,0,0,0,0,0,0,0,0,0,0,0,0,0,0,0,0,0,0,0,0,0,0,0,0,0,0,0,0,0,0,0,0,0,0,0,0,0,0,0,0,9,0,0,0,0,0,0,0,0,0,0,0,0,0,0,0,0,0,0,0,0,0,0,0,0,0,0,0,0,0,0,0,0,0,0,0,0,Eukaryota;Opisthokonta;Metazoa;Arthropoda;Crustacea;Maxillopoda;Archinotodelphys;Archinotodelphys_sp.;,0.975152474282112
12452dd95e035029f8ed9a8b97ee9cbe,0,0,0,0,31,4,4,0,0,0,0,0,0,3,0,0,0,0,6,15,26,44,0,0,0,0,0,0,0,0,0,0,0,0,0,0,0,0,0,0,0,0,0,0,0,0,0,0,17,12,2,6,0,0,0,0,0,0,0,3,0,3,0,11,0,0,0,0,12,6,8,0,0,0,0,2,0,0,0,0,0,4,4,0,0,0,0,Eukaryota;Stramenopiles,0.821281209120501
1268b623bbde942ea9df85d5cc592fb3,0,0,48,24,243,0,0,0,0,132,351,967,4451,923,77,341,203,1814,0,15,0,0,72,2081,3774,323,0,0,0,0,0,19,110,812,0,20,1000,1276,2855,1629,1353,5064,2647,218,96,0,0,0,0,0,269,328,0,153,1800,184,760,857,167,0,0,0,0,0,13,161,0,0,0,37,13,0,0,0,196,0,180,454,93,478,87,161,21,0,115,227,248,Eukaryota;Alveolata;Dinoflagellata;Dinophyceae;Gymnodiniales;Gymnodiniaceae;Gyrodinium;Gyrodinium_fusiforme;,0.975965828564981
12e1c3ef1cfe8aa14224693866d8d4b6,1847,3897,20782,27623,27200,32735,46259,11617,10427,3120,14806,9442,8126,854,1991,1339,12815,10186,4843,1720,12141,31328,11614,8766,986,5330,5358,1047,2357,1569,3860,3816,6858,34885,36138,33045,1985,477,45,904,316,31,47,18,13,3758,223,118,362,3617,866,731,5125,31275,14422,9415,118,112,523,461,1974,6476,16206,7446,16030,535,52,45,62,23403,2076,31080,11050,4782,46306,9903,1315,239,36465,6647,3112,247,37348,61563,33,51,31,Eukaryota;Stramenopiles;Ochrophyta;Bacillariophyta;Bacillariophyta_X;Polar-centric-Mediophyceae;Porosira,0.999999999978037
1319da64a59936da7a5293e1b6c18fc9,0,0,0,0,0,0,0,0,0,0,0,0,0,0,0,0,0,0,0,0,0,0,0,0,0,0,0,0,0,0,0,0,0,0,0,2,0,0,0,0,0,0,0,0,0,0,0,0,0,0,0,0,0,0,0,0,0,0,0,0,0,0,0,0,0,0,0,0,0,0,0,0,0,0,0,0,0,0,0,0,0,0,0,0,0,0,0,Eukaryota;Stramenopiles;Opalozoa;Bicoecea;Anoecales;Cafeteriaceae;Cafeteria;Cafeteria_roenbergensis;,0.771993046736067
143e87d061077af2bcef1b9e75aadbc6,0,0,12,95,89,0,14,148,152,0,0,166,45,156,453,812,1003,554,1002,98,834,693,0,132,551,436,939,179,115,11,48,0,36,0,0,7,0,0,195,556,374,181,159,41,982,165,0,0,21,140,166,85,353,0,42,108,535,210,109,2031,120,61,70,6694,0,27,105,93,0,52,61,101,6,9,41,18,22,45,0,0,55,3758,112,0,0,0,0,Eukaryota;Alveolata;Dinoflagellata;Dinophyceae;Gymnodiniales;Gymnodiniaceae,0.925121603485446
1450ff2c770888e8863d82f0163f6b53,0,0,0,0,0,0,0,0,0,0,0,0,0,0,0,0,0,0,0,0,0,0,0,0,0,0,0,0,0,0,0,0,0,0,0,0,0,0,19,20,0,21,0,0,0,0,0,0,0,0,0,0,0,0,0,0,0,0,0,0,0,0,0,0,0,0,0,0,0,0,0,0,0,0,0,0,0,0,0,33,0,0,0,0,305,1381,272,Eukaryota;Stramenopiles;Ochrophyta;Bacillariophyta;Bacillariophyta_X;Polar-centric-Mediophyceae;Chaetoceros;Chaetoceros_peruvianus;,0.999946994237219
1469999244c4820d040e92db0eac41c4,0,0,0,0,0,0,0,0,0,0,0,0,0,0,0,0,0,0,15,0,0,0,0,0,0,0,0,0,0,0,0,0,0,0,0,0,0,0,0,0,0,0,0,0,0,9,0,0,0,0,0,0,0,0,0,0,0,0,0,0,0,0,0,12,0,0,0,0,0,0,0,0,0,0,0,0,0,0,0,0,0,16,0,0,0,0,0,Eukaryota;Hacrobia;Picozoa;Picozoa_X;Picozoa_XX;Picozoa_XXX;Picozoa_XXXX;Picozoa_XXXX_sp.;,0.999960009471875
14b8afcdf2ac30dfdcb015140eeda4cb,0,0,0,0,0,0,0,0,0,0,0,0,0,0,0,0,0,0,0,0,0,0,0,0,0,0,0,0,0,0,0,0,0,0,0,0,0,0,0,0,0,0,0,0,0,0,0,0,0,0,0,0,0,0,0,0,0,0,0,0,0,0,0,0,0,0,0,0,6,0,0,0,0,0,0,0,0,0,0,0,0,0,0,0,0,0,0,Eukaryota;Opisthokonta;Metazoa;Cnidaria;Cnidaria_X;Anthozoa,0.707681093229548
14c47605f6de572d62f15affd1c358b5,0,0,0,0,0,0,0,0,0,0,0,0,0,0,0,0,0,0,0,0,0,0,0,0,0,0,0,0,0,0,0,0,0,0,0,0,0,0,0,0,0,0,0,0,0,0,0,0,0,0,0,0,0,0,0,0,0,0,0,0,0,0,0,0,0,0,0,0,0,9,0,0,0,0,0,0,0,3,0,0,0,0,0,0,0,0,0,Eukaryota;Alveolata;Dinoflagellata;Dinophyceae;Suessiales;Suessiaceae;Polarella;Polarella_glacialis;,0.999664393108738
15a587ca36436be508abbcba69c0cf55,0,0,0,0,0,0,0,0,0,0,0,0,0,0,0,0,0,0,5,0,0,0,0,0,0,0,0,4,0,0,0,0,0,0,0,0,0,0,0,0,0,0,0,0,0,0,0,0,0,0,0,0,0,0,0,0,0,0,0,0,0,0,0,0,0,0,0,0,0,0,0,0,0,0,0,0,3,0,0,0,0,0,0,0,0,0,0,Eukaryota;Alveolata;Dinoflagellata;Syndiniales;Dino-Group-II;Dino-Group-II-Clade-1;Dino-Group-II-Clade-1_X;Dino-Group-II-Clade-1_X_sp.;,0.99888434990192
16313c46f1902cbd6f94b3974dc1328a,0,0,0,0,0,0,0,0,0,0,0,0,0,0,0,0,0,0,0,0,0,0,0,0,0,0,0,0,0,0,0,0,0,0,0,0,0,0,0,0,0,0,0,0,0,0,0,0,0,0,0,13,0,0,0,0,0,0,0,0,0,0,0,0,0,0,0,0,0,0,0,0,0,0,0,0,0,0,0,0,0,0,0,0,0,0,0,Eukaryota;Opisthokonta;Metazoa;Arthropoda;Crustacea;Maxillopoda,0.999979956243869
169446a7104494f42872a59d92fd2102,0,0,0,0,0,0,11,16,0,0,0,0,0,0,0,0,0,0,0,23,28,0,0,0,0,0,0,0,0,0,0,0,0,0,0,0,0,0,0,0,0,0,0,0,0,0,0,0,36,0,0,0,0,0,0,0,0,0,0,0,0,0,0,17,0,0,18,30,220,0,0,0,0,0,0,0,0,0,0,0,0,0,0,0,0,0,0,Eukaryota;Stramenopiles;Ochrophyta;Bacillariophyta;Bacillariophyta_X;Raphid-pennate,0.999785540870748
17d09ca2ccf272fc736acac5fd1099bb,0,0,0,0,0,0,0,0,0,0,0,0,0,0,0,0,0,0,0,0,0,0,0,0,0,0,0,0,0,0,0,0,0,0,0,0,0,0,0,0,0,0,0,0,0,0,0,0,0,0,0,0,0,0,0,0,0,0,0,0,0,0,0,0,4,0,0,0,0,0,0,0,0,0,0,0,0,0,0,0,0,0,0,0,0,0,0,Eukaryota;Opisthokonta;Fungi,0.999770210401924
187ac8f6ed9dfc6744eeae713dd36031,0,0,0,0,0,0,0,0,0,0,0,0,0,0,0,0,0,0,0,0,0,0,0,0,0,0,0,2,0,0,0,0,0,0,0,0,0,0,0,0,0,0,0,0,0,0,0,0,0,0,0,0,2,0,0,0,0,0,0,0,0,4,0,3,0,0,0,0,0,0,0,0,3,0,0,0,0,0,0,0,0,0,0,0,0,0,0,Eukaryota;Alveolata;Dinoflagellata;Syndiniales;Dino-Group-II;Dino-Group-II-Clade-13;Dino-Group-II-Clade-13_X;Dino-Group-II-Clade-13_X_sp.;,0.983620574515582
188fcab13256c51d6babd6b810564364,0,0,0,0,0,0,0,0,0,0,0,0,0,0,0,0,0,0,0,0,0,0,0,0,0,0,0,0,162,0,0,0,0,0,0,0,0,0,0,0,0,0,0,0,0,0,0,0,0,0,0,0,0,0,0,0,0,0,0,0,0,0,0,0,0,0,0,0,0,0,0,0,0,0,0,0,0,0,0,0,0,0,0,0,0,0,0,Eukaryota;Opisthokonta;Metazoa;Arthropoda;Crustacea;Maxillopoda,0.999996581033146
18e3dce9960b7e52fb4e7bcdbdfec31d,0,0,0,0,0,3,0,0,0,0,0,0,0,0,0,2,2,0,0,0,0,0,0,0,0,0,0,0,0,0,0,0,0,0,0,0,0,0,0,0,0,0,0,0,0,0,0,0,0,0,0,0,0,0,0,0,0,0,0,4,0,0,0,0,0,0,0,0,0,0,0,0,0,0,0,0,0,0,0,0,2,0,0,0,0,0,0,Eukaryota;Stramenopiles;Ochrophyta;Chrysophyceae;Chrysophyceae_X;Chrysophyceae_Clade-H;Chrysophyceae_Clade-H_X;Chrysophyceae_Clade-H_X_sp.;,0.999999945468205
1a6150ba0bea4fe473456de10a01f6d7,0,0,0,0,0,0,0,0,0,0,0,0,0,0,0,0,0,6,0,2,6,0,0,0,0,0,0,0,0,0,0,0,0,0,0,0,0,0,0,0,0,0,0,0,0,0,0,0,0,0,0,0,0,0,0,0,0,0,0,0,0,0,0,2,0,0,0,0,0,0,0,0,0,0,0,0,0,0,0,0,0,0,0,0,0,0,0,Eukaryota;Opisthokonta;Metazoa;Urochordata;Urochordata_X;Ascidiacea;Molgula;Molgula_arenata;,0.887192281847933
1b9525eb1cf11da9a4931af1df29f559,0,0,0,0,0,0,0,0,0,0,0,0,0,0,0,0,0,0,0,0,0,0,0,0,0,0,0,0,0,0,0,0,0,0,0,0,0,0,0,0,0,0,0,0,0,0,0,0,0,0,0,0,0,0,0,0,0,0,0,0,0,0,0,0,0,0,0,0,0,0,0,0,0,0,0,0,0,0,0,0,0,0,0,0,41,19,42,Eukaryota;Alveolata;Dinoflagellata;Dinophyceae;Peridiniales;Protoperidiniaceae;Protoperidinium;Protoperidinium_sp.;,0.971974372095314
1c26eb970030076827175597a62271ab,0,0,0,0,0,0,0,0,0,0,0,0,0,0,0,0,0,0,0,0,0,0,0,0,0,0,0,4,0,0,0,0,0,0,0,0,0,0,0,0,0,0,0,0,0,0,0,0,0,0,0,0,0,0,0,0,0,0,0,0,0,0,0,0,0,0,0,0,0,0,0,0,0,0,0,0,0,0,0,0,0,0,0,0,0,0,0,Eukaryota;Opisthokonta;Metazoa;Arthropoda;Crustacea;Maxillopoda,0.961342166168317
1d651d7df226da7a757cfe5bf94d457a,52,0,10,6,163,96,0,78,0,21,125,22,184,39,25,169,208,1036,0,0,1328,17,0,15,22,0,93,3,0,0,7,0,5,46,0,0,243,246,95,0,286,0,172,163,0,0,4,0,18,801,24,38,33,0,0,0,15,0,157,0,0,0,515,13620,0,0,6,2,924,0,3,0,7,0,46,0,1544,754,414,8231,7358,9,32,62,767,2359,3577,Eukaryota;Opisthokonta;Metazoa;Arthropoda;Crustacea;Maxillopoda;Maxillopoda_X;Maxillopoda_X_sp.;,0.87778745557355
1d6edd03bf480178d929833d45a57f2c,0,0,20,191,280,3,32,330,34,12,3,0,0,5,30,26,112,61,83,24,32,23,0,23,10,233,61,20,28,4,6,8,63,0,0,0,3,3,31,8,5,0,0,0,47,69,2,2,0,10,15,11,42,0,6,7,210,59,21,43,15,8,2,143,0,28,3,23,19,277,127,24,0,12,14,43,35,36,0,0,0,379,35,0,7,0,0,Eukaryota;Archaeplastida;Chlorophyta;Pyramimonadophyceae;Pyramimonadales;Pyramimonadaceae;Pyramimonas;Pyramimonas_gelidicola;,0.997759056537147
1de77901fd7bfaa7d2f0db356becba40,0,0,0,0,0,0,0,0,0,0,0,0,0,0,0,0,0,0,0,0,0,0,0,0,0,0,0,0,0,0,0,0,0,0,0,0,0,0,0,0,0,0,0,0,0,0,0,0,0,0,0,0,0,0,0,0,0,0,0,0,0,0,0,0,0,0,0,0,0,0,0,0,0,0,0,0,0,0,0,6,0,0,0,3,0,0,0,Eukaryota;Rhizaria;Cercozoa;Filosa-Imbricatea;Thaumatomonadida;Thaumatomonadidae,0.909382870407047
1deb9ca5341f0436218bd906b12cccbd,0,0,0,0,0,0,0,0,0,0,0,0,0,0,0,0,0,0,0,0,0,0,0,0,0,0,0,0,0,0,0,0,0,0,0,0,0,0,0,0,0,0,0,0,0,0,0,0,0,0,0,0,0,0,0,0,0,0,0,0,0,0,0,11,0,0,0,0,0,0,0,0,0,0,0,0,0,0,0,0,0,0,0,0,0,0,0,Eukaryota;Stramenopiles;Ochrophyta;Dictyochophyceae;Dictyochophyceae_X;Dictyochophyceae_XX;Dictyochophyceae_XXX;Dictyochophyceae_XXX_sp.;,0.818479925941054
1e336ba492a7e1c6963c5c3b90a44eea,0,0,0,0,0,0,0,0,0,0,0,0,0,0,0,0,0,0,0,0,0,0,0,0,0,0,0,0,0,0,0,0,0,0,0,0,0,0,0,0,0,0,0,0,0,0,0,0,0,0,0,0,0,0,0,0,0,0,0,0,0,0,0,0,0,9,0,0,0,0,0,0,0,0,0,0,0,0,0,0,0,0,0,0,835,732,49,Eukaryota;Alveolata;Ciliophora,0.852273596967432
1f45f4fe7a66f2d4328b9f64071d17dd,0,0,4,7,13,13,22,0,0,0,8,0,2,0,0,0,9,4,0,0,4,24,0,0,0,0,0,0,0,0,0,4,0,9,8,32,0,0,0,0,0,0,0,0,0,0,0,0,0,0,0,0,4,7,0,0,0,0,0,0,0,0,9,7,0,0,0,0,0,6,0,12,4,0,48,4,0,0,14,0,0,0,23,37,0,0,0,Eukaryota;Stramenopiles;Ochrophyta;Bacillariophyta;Bacillariophyta_X;Polar-centric-Mediophyceae;Porosira,0.96238419913853
1f4615e457328d6fd31eb7737aa8205c,0,0,0,0,27,2,11,36,50,0,0,0,0,0,4,20,125,94,59,463,569,173,4,0,12,22,81,32,243,20,18,0,0,0,0,0,0,6,0,0,0,0,0,8,43,28,5,12,483,76,4,5,1165,0,0,3,4,9,41,458,185,531,94,107,0,0,0,0,4,0,8,6,20,0,67,6,3,0,0,9,0,150,23,736,0,16,0,Eukaryota;Archaeplastida;Rhodophyta;Florideophyceae;Colaconematales;Colaconematales_X,0.999998960851967
1fd9166056d726b53df89cda049cb8ea,0,0,10,61,41,0,13,31,10,0,0,4,3,8,21,26,31,15,95,148,271,568,6,0,32,30,9,39,29,0,11,0,0,0,0,0,0,0,12,12,0,0,3,0,7,26,0,21,24,107,16,16,125,0,0,8,8,3,3,13,11,12,9,564,0,30,13,14,88,295,9,0,12,0,23,7,0,4,0,0,0,88,0,9,3,0,0,Eukaryota,0.999999999999992
2024a45380822b5e8f5cd359abf467e2,0,0,0,0,0,0,0,0,0,0,0,0,0,0,0,0,0,0,0,0,0,0,0,0,0,0,5,0,0,0,0,0,0,0,0,0,0,0,0,0,0,0,0,0,0,0,0,0,0,0,0,0,0,0,0,0,0,0,0,0,0,0,0,0,0,0,0,0,0,0,0,0,0,0,0,0,0,0,0,0,0,0,0,0,0,0,0,Eukaryota;Opisthokonta;Metazoa;Arthropoda;Crustacea;Maxillopoda,0.999998838381787
20d83ed8ef5772074da8f0ece26af50e,0,0,0,0,0,0,0,0,0,0,0,0,0,0,0,0,0,0,0,0,0,0,0,0,0,0,0,0,0,0,0,0,0,0,0,0,0,0,0,0,0,0,0,0,0,0,0,0,0,0,0,0,0,0,0,0,0,0,0,0,0,0,0,0,0,0,0,0,0,0,0,0,0,0,0,0,0,0,0,37,24,0,0,0,0,0,0,Eukaryota;Rhizaria;Radiolaria;RAD-B;RAD-B_X;RAD-B-Group-IV;RAD-B-Group-IV_X;RAD-B-Group-IV_X_sp.;,0.999896681772042
20fbf523b8d76525303498c76eaffb69,20,0,0,45,12,17,0,0,0,90,53,59,56,46,24,21,0,0,0,0,0,0,0,43,40,0,0,0,0,0,0,160,259,17,0,8,91,0,0,0,0,0,0,0,0,0,0,0,0,0,55,16,0,70,15,27,0,0,0,0,0,0,0,0,28,0,0,0,0,46,0,0,0,0,0,0,0,18,0,56,32,0,0,0,239,3097,1264,Eukaryota;Stramenopiles;Ochrophyta;Bacillariophyta;Bacillariophyta_X;Polar-centric-Mediophyceae;Chaetoceros;Chaetoceros_peruvianus;,0.999980546219628
237606260514f452800a409434c74fff,0,0,0,0,0,0,0,0,0,0,0,0,0,0,0,0,0,0,0,6,0,0,0,0,0,0,0,0,0,0,0,0,0,0,0,0,0,0,0,0,0,0,0,0,0,0,0,0,0,5,0,0,0,0,0,0,0,0,0,0,0,0,4,5,0,0,0,5,6,0,0,0,0,0,0,0,0,0,0,0,0,0,0,0,0,0,0,Eukaryota;Opisthokonta,0.933696609736774
2492b2d11a26080079b22c8f5e12b862,0,0,3,0,18,8,0,14,6,0,11,8,0,5,0,6,12,17,22,15,7,0,0,15,14,22,7,0,6,0,7,0,7,0,0,0,0,0,3,5,0,0,0,0,0,13,0,0,3,12,9,6,0,0,13,7,8,0,0,0,3,3,8,8,0,0,0,3,9,12,4,0,0,0,0,0,16,10,0,0,0,150,8,0,24,198,232,Eukaryota;Opisthokonta;Choanoflagellida;Choanoflagellatea;Acanthoecida;Stephanoecidae_Group_D;Stephanoecidae_Group_D_X;Stephanoecidae_Group_D_X_sp.;,0.828746981520817
24ff7b069020b826952fa9e0096e0623,0,0,0,0,0,0,0,0,0,0,0,0,0,0,0,0,47,140,0,0,0,0,0,0,0,64,0,0,0,0,0,0,0,0,0,0,0,0,0,0,0,0,0,0,0,0,0,0,0,0,0,0,0,0,0,0,0,0,0,0,0,0,0,136,0,0,0,62,0,0,0,0,0,0,0,0,0,0,0,0,0,135,0,0,0,0,0,Eukaryota;Alveolata;Ciliophora;Spirotrichea;Strombidiida,0.719667212310221
2519aee9294037e07da9d0059327daea,0,0,0,2,0,0,0,25,2,0,0,0,0,0,0,0,2,0,2,14,0,0,0,0,0,0,0,0,0,0,0,0,13,0,0,0,0,0,0,0,0,0,0,0,0,0,0,0,10,0,0,0,3,0,0,0,0,0,0,0,0,3,2,13,0,0,0,0,0,3,0,0,0,0,0,2,7,0,0,0,0,5,0,0,0,0,0,Eukaryota;Hacrobia;Telonemia;Telonemia_X;Telonemia_XX;Telonemia-Group-1;Telonemia-Group-1_X;Telonemia-Group-1_X_sp.;,0.999997294552096
2661d608fc4a1db49cb7ce1a727a30e6,0,0,0,0,0,0,0,0,0,0,0,0,0,0,0,0,0,0,0,0,0,0,0,0,0,0,0,0,0,0,0,0,0,0,0,0,0,0,0,0,0,0,0,0,0,0,0,0,0,0,0,0,0,0,0,0,0,0,0,0,0,0,0,0,0,0,0,0,0,0,0,0,0,0,0,0,0,0,0,91,0,0,0,0,0,0,0,Eukaryota;Opisthokonta;Metazoa;Arthropoda;Crustacea;Maxillopoda,0.999998721177007
268a8e23c354f2cb27dbf0d57b9add6b,0,0,0,0,0,0,0,0,0,9,0,23,0,0,0,0,0,0,0,0,0,0,0,0,9,0,0,0,0,0,0,0,10,0,0,5,0,5,0,0,0,6,0,0,0,0,0,0,0,3,0,0,0,0,0,0,6,0,0,0,0,0,0,0,0,0,0,0,5,0,0,0,0,0,0,0,7,0,0,13,0,0,0,0,229,3840,574,Eukaryota;Alveolata;Ciliophora;Spirotrichea;Tintinnida;Tintinnidae;Tintinnidae_X;Tintinnidae_X_sp.;,0.999487541459367
269e74f41e7ebb32563a26fa592eee5e,0,0,0,0,0,0,0,0,0,0,0,0,0,0,0,0,0,0,0,0,5,0,0,0,0,0,0,0,0,0,0,0,0,0,0,2,0,0,0,0,0,0,0,0,0,0,0,0,0,0,0,0,0,0,0,0,0,0,0,0,0,0,0,0,0,0,0,0,0,0,0,0,0,0,0,0,0,0,0,14,3,0,0,0,0,2,3,Eukaryota;Stramenopiles;Opalozoa;MAST-3;MAST-3I;MAST-3I_X;MAST-3I_XX;MAST-3I_XX_sp.;,0.999996079388734
26a1c6b6b2f696a7d389057fab521c05,0,0,0,4,0,0,0,0,0,0,0,0,0,0,0,0,0,0,0,0,0,0,0,0,0,0,0,0,0,0,0,0,0,0,0,0,0,0,0,0,0,0,0,0,0,0,0,0,0,0,0,0,0,0,0,0,0,0,0,0,0,0,0,0,0,0,0,0,0,0,0,0,0,0,0,0,0,0,0,0,0,0,0,0,0,0,0,Eukaryota;Stramenopiles;Sagenista;Labyrinthulomycetes;Labyrinthulales;Labyrinthulaceae;Oblongichytrium;Oblongichytrium_sp.;,0.892265967578384
27fbca6c4fe13ba60162a969fdd80c7c,0,0,0,0,0,0,0,0,0,0,0,0,0,0,0,0,0,0,0,21,0,0,0,0,0,0,0,0,0,0,0,0,0,0,0,0,0,0,0,0,0,0,0,0,0,0,0,0,0,66,0,0,0,0,0,0,0,0,0,0,0,0,0,0,0,0,0,0,0,0,0,0,0,0,0,0,0,0,0,22,35,0,0,19,0,0,0,Eukaryota;Stramenopiles;Ochrophyta;Bacillariophyta;Bacillariophyta_X;Raphid-pennate;Pleurosigma;Pleurosigma_intermedium;,0.995762760240516
288466bdedfeeef7a3aa48131ae58c1d,0,0,0,0,0,0,0,0,0,0,0,0,0,0,0,0,0,4,0,0,0,0,0,0,0,0,0,0,0,0,0,0,0,0,0,0,0,0,0,0,0,0,0,0,0,0,0,0,0,0,0,0,0,0,0,0,0,0,0,0,0,0,0,0,0,0,0,0,0,0,0,0,4,0,0,0,0,0,0,0,0,0,0,0,0,0,0,Eukaryota;Archaeplastida;Streptophyta;Embryophyceae;Embryophyceae_X;Embryophyceae_XX,0.999999810851634
290f70e9de482f93dfc2e41f8285aab6,0,0,0,0,0,0,0,0,0,0,0,0,0,0,0,0,0,0,0,0,0,0,0,0,0,0,0,0,0,0,0,0,0,0,0,0,0,2,0,0,0,0,0,0,0,0,0,0,0,0,0,0,0,0,0,0,0,0,0,0,0,0,0,0,0,0,0,0,0,0,0,0,0,0,0,0,0,0,0,0,0,0,0,0,0,0,0,Eukaryota,1
295e54ce65ef59ed605ab3a17fa296d7,0,0,0,0,0,0,0,0,0,0,0,0,0,0,0,0,0,8,0,0,0,0,0,0,0,0,0,0,0,0,0,0,0,0,0,0,0,0,0,0,0,0,0,0,0,0,0,0,0,0,0,0,0,0,0,0,0,0,0,0,0,0,0,0,0,0,0,0,0,0,0,0,0,0,0,0,0,0,0,2,0,0,0,0,0,0,0,Eukaryota;Rhizaria;Cercozoa;Filosa-Imbricatea;Thaumatomonadida;Thaumatomonadidae;Thaumatomastix;Thaumatomastix_sp.;,0.999999299321676
29e6551d191578686517b47f87194d0c,0,0,0,0,0,0,0,0,0,0,0,0,0,0,0,0,0,0,0,0,0,0,0,0,0,0,0,0,0,0,0,0,0,0,0,0,0,0,0,0,0,0,0,0,0,0,0,0,9,0,0,0,0,0,0,0,0,0,0,0,0,0,0,0,0,0,2,0,0,0,0,0,0,0,0,0,0,0,0,0,0,0,0,0,0,0,0,Eukaryota;Stramenopiles,0.959871032312923
2ac941b6e28a01b409c525aa50314a57,0,0,0,0,0,0,0,0,0,0,0,9,0,0,0,0,0,0,0,0,0,0,0,0,0,0,0,0,0,0,0,0,0,0,0,0,0,0,0,0,0,0,0,0,0,0,0,0,0,0,0,0,0,0,3,0,0,0,0,0,0,0,0,0,0,0,0,0,0,0,0,0,0,0,0,0,0,0,0,3,2,0,0,0,0,0,0,Eukaryota;Alveolata;Dinoflagellata;Syndiniales;Dino-Group-II;Dino-Group-II-Clade-1;Dino-Group-II-Clade-1_X;Dino-Group-II-Clade-1_X_sp.;,0.999999857949841
2ae091636ec825effa377850eff0dd39,0,0,0,4,0,0,0,0,0,0,0,0,0,0,0,0,0,0,0,0,0,0,0,0,0,0,0,0,0,0,0,0,0,0,0,0,0,0,0,0,0,0,0,0,0,0,0,0,0,0,0,0,0,0,0,0,0,0,0,0,0,0,0,0,0,0,0,0,0,0,0,0,0,0,0,0,8,0,0,0,5,0,0,0,0,0,0,Eukaryota,0.999999999999979
2c19b3627a268b01780affe200fc9680,0,0,8,92,105,22,118,66,37,0,0,0,0,7,8,10,188,81,161,199,107,95,0,0,0,50,96,64,70,3,9,0,8,0,0,0,0,0,0,6,0,0,0,0,24,212,0,11,64,84,10,23,349,0,0,0,11,0,5,107,29,42,11,140,11,26,23,20,122,56,854,168,83,5,25,284,44,32,0,14,10,100,75,19,0,0,0,Eukaryota;Hacrobia;Picozoa;Picozoa_X;Picozoa_XX;Picozoa_XXX;Picozoa_XXXX;Picozoa_XXXX_sp.;,0.999988776856324
2c411fadae7dc30cf98d4ee506ce16e0,0,0,0,0,0,0,0,0,0,0,0,0,0,0,0,0,0,0,0,0,4,0,0,0,0,0,0,0,0,0,0,0,0,0,0,0,0,0,0,0,0,0,0,0,0,0,0,0,0,0,0,0,0,0,0,0,0,0,0,0,0,0,0,0,0,0,0,0,0,0,0,0,0,0,0,0,0,0,0,0,0,0,0,0,0,0,0,Eukaryota;Opisthokonta;Metazoa;Mollusca;Bivalvia;Heteroconchia,0.999999999950208
2d9e82278c75751d511325461183c377,0,0,0,0,0,0,4,0,0,0,0,0,0,0,0,0,0,0,0,0,0,0,0,0,0,0,0,0,0,0,0,0,0,0,0,0,0,0,0,0,0,0,0,0,0,0,0,0,0,0,0,0,0,0,0,0,0,0,0,0,0,0,0,0,0,0,0,0,0,0,0,0,0,0,0,0,0,0,0,0,0,0,0,0,0,0,0,Eukaryota;Archaeplastida;Rhodophyta;Florideophyceae,0.99999993852946
2e4bc76d0afa515bbe6702552186b79e,0,0,0,0,0,0,0,0,0,0,0,0,0,0,0,0,0,0,0,0,0,0,0,0,0,0,0,0,0,0,0,0,0,0,0,0,0,168,0,0,0,0,0,0,0,0,0,0,0,0,0,0,0,0,0,0,0,0,0,0,0,0,0,0,0,0,0,0,0,0,0,0,0,0,0,0,0,0,0,0,0,0,0,0,0,0,0,Eukaryota;Opisthokonta;Metazoa;Platyhelminthes;Turbellaria,0.742897988657215
2f07d84e0e36f4cd31726c87685a2b74,0,0,0,0,0,0,0,0,0,0,0,0,0,0,0,0,0,5,0,0,0,0,0,0,0,0,0,0,0,0,0,0,0,0,0,0,0,0,0,0,0,0,0,0,0,0,0,0,0,0,0,0,0,0,0,0,0,0,0,0,0,0,0,0,0,0,0,0,0,0,0,0,0,0,0,0,0,0,0,0,0,2,0,0,0,0,0,Eukaryota;Archaeplastida;Chlorophyta;Chlorophyceae;Chlamydomonadales;Chlamydomonadales_X;Chloromonas;Chloromonas_sp.;,0.948565852502334
2f4bb9a88bfb191abf14d2fa0cc74e90,0,0,0,0,0,0,0,0,0,0,0,0,0,0,0,0,0,0,0,0,2,0,0,0,0,0,0,0,0,0,0,0,0,0,0,0,0,0,0,0,0,0,0,0,0,0,0,0,0,0,0,0,0,0,0,0,0,0,0,0,0,0,0,0,0,0,0,0,0,0,0,0,0,0,0,0,0,0,0,0,0,0,0,0,0,0,0,Eukaryota;Opisthokonta;Metazoa,0.947031120590133
2f64c089d4e4cb471664ccc9eb9364fc,0,0,0,0,0,0,0,0,0,0,0,0,0,0,0,0,0,0,0,0,0,0,0,0,0,0,0,0,15,0,0,0,0,0,0,0,0,0,0,0,0,0,0,0,0,0,0,0,0,0,0,0,0,0,0,0,0,0,0,0,0,0,0,0,0,0,0,0,0,0,0,0,0,0,0,0,0,0,0,0,0,0,0,0,0,0,0,Eukaryota;Archaeplastida;Streptophyta;Embryophyceae;Embryophyceae_X;Embryophyceae_XX;Cirsium,0.761691859733776
2f6c7c75c3cf71b207e1a15b79db0ce8,10,0,6,14,31,12,42,260,8,4,0,0,0,0,7,5,8,9,84,452,130,127,0,3,0,17,14,12,31,7,8,0,4,0,0,0,4,5,0,3,3,3,0,4,16,10,3,33,150,143,0,5,54,0,0,6,0,0,0,16,19,45,32,319,0,7,2,5,76,0,248,0,24,0,0,0,42,8,0,177,32,74,20,5,0,0,0,Eukaryota;Stramenopiles;Ochrophyta;Pelagophyceae;Pelagomonadales;Pelagomonadaceae;Aureococcus;Aureococcus_anophagefferens;,0.99999993836621
2fe97efd5eee31dd1d77710ba2b929c7,2695,1029,5736,7902,1947,1757,513,121,43,76,71,376,531,1840,1738,1816,138,110,15,0,11,0,10,654,1085,351,147,55,9,0,0,44,26,20,174,10,784,2965,1505,1030,1157,854,924,75,15,306,0,3,0,0,956,432,10,543,778,1765,104,470,1127,17,0,5,0,0,6365,293,10,0,0,433,152,38,6,173,19,13,18,102,9244,4848,2110,31,72,0,0,9,8,Eukaryota;Stramenopiles;Ochrophyta;Bacillariophyta;Bacillariophyta_X;Radial-centric-basal-Coscinodiscophyceae;Stellarima;Stellarima_microtrias;,0.999996218514243
3129ff41f82e5b5f7a5cd9259505347f,0,0,0,0,6,0,0,0,0,0,0,0,0,0,0,0,0,0,0,0,0,0,0,0,0,0,6,0,0,0,0,0,0,0,0,0,0,0,0,12,0,0,0,0,5,0,0,0,0,0,0,0,0,0,13,15,0,0,0,0,0,0,0,0,0,0,0,0,0,0,0,0,0,0,0,0,0,5,0,0,0,6,0,0,0,0,0,Eukaryota;Alveolata;Dinoflagellata;Dinophyceae;Peridiniales;Thoracosphaeraceae,0.774771592938943
3178d34716dc42620c86801369c8fd8d,0,0,0,0,0,0,0,0,0,0,0,0,0,0,0,0,0,0,0,0,0,0,0,0,0,0,0,0,0,0,0,0,0,0,0,0,0,0,0,0,0,0,0,0,0,0,0,0,0,0,0,0,0,0,0,0,0,0,0,0,0,0,0,0,5,0,0,0,0,0,0,0,0,0,0,0,0,0,0,0,0,0,0,0,0,0,0,Eukaryota;Alveolata;Ciliophora,0.994313372723386
332b0c3d52c2b9a9e912d0c2a0721d44,0,0,0,0,0,0,0,0,0,0,0,0,0,0,0,0,0,0,0,66,10,0,13,0,0,0,0,0,0,0,0,0,0,0,0,0,0,0,0,0,0,0,0,0,0,0,0,0,0,0,0,0,0,0,0,0,0,0,0,0,0,0,6,0,0,0,0,0,0,0,0,0,0,0,0,0,0,0,0,0,0,0,0,0,0,0,0,Eukaryota;Stramenopiles;Ochrophyta;Bacillariophyta;Bacillariophyta_X;Araphid-pennate,0.838672466097627
3368ce1efc2b4a410e35df679f1f5932,0,0,0,0,0,0,0,0,0,0,0,0,0,0,0,0,0,10,0,0,0,0,0,0,0,0,0,0,0,0,0,0,0,0,0,0,0,0,0,0,0,0,0,0,0,0,0,0,0,0,0,0,0,0,0,0,0,0,0,0,0,0,0,0,0,0,0,0,0,0,0,0,0,0,0,0,0,0,0,0,0,0,0,0,0,0,0,Eukaryota;Opisthokonta;Metazoa;Arthropoda;Crustacea;Maxillopoda;Tisbe;Tisbe_sp.;,0.955307500500065
34a0cd56366a2e3075c62544fe987a97,928,1070,4598,3166,1095,1394,608,252,183,550,233,200,153,0,254,124,584,895,236,0,68,0,0,96,0,441,605,94,111,40,119,207,256,96,380,0,63,328,0,31,0,0,0,0,0,147,0,0,0,0,35,39,35,225,93,108,13,11,34,33,46,135,60,64,20000,1572,0,0,0,504,248,105,0,703,25,118,54,722,3007,4978,1866,38,33,0,0,0,0,Eukaryota;Stramenopiles;Ochrophyta;Bacillariophyta;Bacillariophyta_X;Polar-centric-Mediophyceae;Shionodiscus;Shionodiscus_ritscheri;,0.981364307030025
35dc2c4032e28e23cc4eec170d54fbe1,0,0,0,0,0,0,0,0,0,0,0,0,0,0,0,0,12,0,0,0,0,0,0,0,0,0,0,0,0,0,0,0,0,0,0,0,0,0,0,0,0,0,0,0,0,0,0,0,0,0,0,0,6,0,0,0,0,0,0,0,0,0,0,0,0,0,0,0,0,0,0,0,35,0,0,0,0,0,0,0,0,14,30,15,0,0,0,Eukaryota;Stramenopiles;Ochrophyta;Bacillariophyta;Bacillariophyta_X;Araphid-pennate,0.802770268027143
35dd9e8f7cf15c37853ca06724dc5f2c,0,0,0,0,0,0,0,0,0,0,0,0,0,0,0,0,0,0,0,0,0,0,0,0,0,0,0,0,0,0,0,0,0,0,0,0,0,0,0,0,0,0,0,0,0,0,0,0,0,0,0,0,0,0,0,0,0,0,0,0,0,0,0,0,0,16,0,0,0,0,0,0,0,0,0,0,0,0,0,0,0,0,0,0,0,0,0,Eukaryota;Stramenopiles;Ochrophyta;Bacillariophyta;Bacillariophyta_X;Raphid-pennate,0.828232535922359
373c354806b8bc0b51cf09353f55a421,0,0,0,0,0,7,15,7,0,0,0,0,0,0,0,0,13,0,10,10,0,15,4,0,0,45,7,4,9,0,0,0,0,0,0,0,0,0,0,0,0,0,0,0,33,48,0,0,0,0,0,0,11,0,0,0,0,0,0,15,3,0,0,7,0,0,2,0,0,0,44,0,0,0,0,0,0,0,0,0,0,51,0,0,0,0,0,Eukaryota;Archaeplastida,0.96175009453681
3774cbfe2bbb118b92b1947a17445b79,0,0,0,0,0,0,0,0,0,0,0,0,0,0,0,0,0,0,0,0,0,0,0,0,0,0,0,0,0,0,0,0,0,0,0,0,0,0,0,0,0,0,0,0,0,0,0,0,0,0,0,0,0,0,0,0,0,0,0,0,0,0,0,2,0,0,0,0,0,0,0,0,0,0,0,0,0,0,0,0,0,0,0,0,0,0,0,Eukaryota;Opisthokonta;Metazoa;Annelida;Annelida_X;Annelida_XX,0.881108390144019
3787a1e6294466afbfb39eaa6e94e530,0,0,0,0,35,0,21,32,0,0,0,0,0,0,0,0,16,13,0,16,39,16,0,0,0,0,12,0,20,0,0,0,22,0,0,0,0,0,0,0,0,0,0,0,0,5,0,5,13,26,56,39,153,0,0,0,0,0,0,0,0,0,0,0,0,0,0,0,0,0,0,0,0,0,0,38,0,0,0,0,0,52,0,0,0,0,0,Eukaryota;Stramenopiles;Ochrophyta;Bacillariophyta;Bacillariophyta_X,0.999816735729808
38451dcad0552a6e6fc3435fcddc1565,0,0,0,0,0,0,0,0,0,0,0,0,0,0,0,0,0,0,0,0,0,0,0,0,0,0,0,0,0,0,0,0,0,0,0,0,0,0,0,0,0,0,0,0,0,0,0,0,0,0,0,0,0,0,0,0,0,0,0,0,0,0,0,0,0,0,0,0,0,0,0,0,0,0,0,0,0,0,0,0,0,11,0,0,0,0,0,Eukaryota,1.00000000000001
38a14ebd84aab73177702bb1fd757205,5,0,0,71,52,26,0,5,0,7,32,42,26,5,0,0,11,0,0,0,0,0,0,38,24,0,4,0,0,0,5,46,53,4,0,0,0,5,0,0,7,0,0,0,0,0,0,0,0,0,14,12,0,9,17,5,0,0,0,0,0,0,0,4,9,17,0,0,0,43,0,0,0,0,0,0,0,0,0,26,10,0,0,0,5,34,16,Eukaryota;Stramenopiles;Ochrophyta;Bacillariophyta;Bacillariophyta_X;Radial-centric-basal-Coscinodiscophyceae;Rhizosolenia;Rhizosolenia_setigera;,0.733462700072041
38b19c4f4e8a994da10f1cdbff636d00,0,0,0,0,0,0,0,0,0,0,18,59,19,0,0,0,0,0,0,0,0,0,57,44,0,7,0,0,0,0,0,4,7,112,66,60,0,0,0,0,0,0,0,0,0,0,0,0,0,0,0,0,0,17,17,20,0,0,0,12,0,0,0,0,4,0,0,0,0,7,0,0,0,5,0,0,0,2,185,6,0,14,0,0,0,0,0,Eukaryota;Stramenopiles;Ochrophyta,0.826389207017174
391727626948265b78c7bbfd87a35065,129,59,328,1153,738,1574,348,149,222,753,1697,5401,5673,4532,500,115,68,90,42,12,0,0,432,2894,7024,20,124,19,66,14,14,3197,7093,600,13,192,5753,871,789,1164,2157,287,1213,6,4,27,0,0,0,0,3739,537,8,1502,1158,2785,5,2,10,13,18,3,0,0,24,0,0,0,0,905,14,124,7,44,780,18,15,28,18,241,1109,22,978,4,105,2190,1732,Eukaryota;Stramenopiles;Ochrophyta;Bacillariophyta;Bacillariophyta_X;Polar-centric-Mediophyceae;Chaetoceros;Chaetoceros_debilis_2;,0.999999999871598
3a831bb4267198dd3ad15f208ae1c21c,0,0,7,10,128,71,47,40,11,82,148,195,154,17,6,7,62,159,68,0,212,42,8,97,31,38,46,19,15,0,21,62,461,100,0,0,36,0,0,7,0,6,0,0,0,40,0,0,0,86,21,53,0,144,117,69,0,0,0,0,0,0,24,0,104,0,13,30,44,99,187,173,0,6,76,409,13,34,0,0,0,42,156,0,6,36,155,Eukaryota;Stramenopiles;Ochrophyta;Bacillariophyta;Bacillariophyta_X;Raphid-pennate;Pseudo-nitzschia;Pseudo-nitzschia_seriata;,0.999432027551893
3ac005340b31e7ae071b5ecb6eaac0bc,0,0,0,0,0,0,0,0,0,0,0,0,0,0,0,0,6,3,0,21,41,6,0,0,0,9,6,0,0,0,0,0,0,0,0,0,0,0,0,0,0,0,0,0,0,4,0,0,0,25,0,9,0,0,0,0,0,0,0,0,0,7,10,79,0,0,13,16,7,0,0,0,0,0,0,0,0,0,0,0,0,106,0,0,0,0,0,Eukaryota;Hacrobia;Telonemia;Telonemia_X;Telonemia_XX;Telonemia-Group-2;Telonema-Group-2;Telonema_antarcticum;,0.999959283534442
3bf54e65e207dbe451f8cd9c17c39c1e,132,22,625,5503,4725,7901,1285,818,1873,690,1838,3309,6853,1678,436,377,404,1152,162,14,99,24,70,5770,2137,358,472,56,68,20,64,1634,1045,404,451,70,2533,449,215,1021,297,131,153,7,5,145,0,0,0,36,2712,1050,11,2545,4164,4311,22,10,99,8,22,43,18,21,1046,115,64,40,38,3671,86,53,10,83,215,261,172,955,929,2939,1519,751,416,7,579,11756,3983,Eukaryota;Stramenopiles;Ochrophyta;Bacillariophyta;Bacillariophyta_X;Radial-centric-basal-Coscinodiscophyceae;Proboscia;Proboscia_alata;,0.999999962068714
3c4b07d839e6cb1119f266e2aa1362d6,0,0,0,0,0,0,0,0,0,0,0,0,0,0,0,0,0,0,0,0,0,0,0,0,0,0,0,0,0,0,0,0,0,0,0,0,0,0,0,0,0,0,0,0,0,0,0,0,0,0,3,0,0,0,0,0,0,0,0,0,0,0,0,0,0,0,0,0,0,0,0,0,0,0,0,0,0,0,0,0,0,0,0,0,0,0,0,Eukaryota;Opisthokonta;Metazoa;Arthropoda;Crustacea;Maxillopoda;Tigriopus,0.837989146748767
3cbffa66a57b5dac847eb89897836ef3,0,0,0,0,0,0,0,0,0,0,0,0,0,0,0,0,0,0,0,0,0,0,0,0,0,0,0,0,0,0,0,0,0,0,0,0,0,0,0,0,0,0,0,0,0,0,0,0,9,0,0,0,0,0,0,0,0,0,0,0,0,0,0,0,0,0,0,0,0,0,0,0,0,0,0,0,0,0,0,0,0,9,0,0,0,0,0,Eukaryota;Opisthokonta;Metazoa;Arthropoda;Crustacea;Maxillopoda,0.999998076881821
3cf6004f564447225ef216d427c7a420,0,0,0,8,9,0,5,16,0,0,0,0,0,0,0,0,0,0,22,101,40,84,0,0,0,0,0,0,4,0,0,0,0,0,0,0,0,0,0,0,0,0,0,0,0,4,0,11,71,32,0,0,10,0,0,0,0,0,0,0,4,4,0,36,0,0,0,0,0,0,13,0,11,0,0,0,0,0,0,0,0,7,0,0,0,0,0,Eukaryota;Stramenopiles;Ochrophyta;Pelagophyceae;Pelagomonadales;Pelagomonadaceae;Pelagomonas;Pelagomonas_calceolata;,0.999998815016176
3e2f0828db7f0f7225bfc69055761ed2,0,0,0,0,11,14,15,20,0,0,0,0,0,0,9,13,34,24,11,0,0,5,0,0,0,58,32,0,5,0,0,0,0,0,0,0,0,3,5,5,0,7,0,16,162,89,0,0,4,6,0,12,0,0,0,0,53,4,14,0,0,0,0,20,0,3,0,0,0,0,23,0,0,0,6,8,0,3,0,0,0,61,9,0,0,0,0,Eukaryota;Hacrobia;Haptophyta;Prymnesiophyceae,0.999997297004457
3e83caa0bad18fc38c1774853667a704,0,0,0,0,0,0,0,0,0,0,0,579,75,231,214,1094,0,0,5,0,0,0,17,154,664,107,0,0,0,0,0,0,0,0,0,0,5,0,1406,169,25,10,148,0,0,0,0,0,0,0,0,0,0,0,0,2,41,63,44,0,0,0,0,0,0,0,0,0,0,0,0,0,0,0,0,0,0,0,4,0,41,0,0,0,0,0,0,Eukaryota;Alveolata;Ciliophora;Cyclotrichium_like_organism;Cyclotrichium_like_organism_X;Cyclotrichium_like_organism_XX;Cyclotrichium,0.995495279722428
3f4fa5c6cdc240ba6046d664d416cfac,0,0,0,0,0,0,0,0,0,0,0,0,0,0,0,0,0,0,0,0,0,0,0,0,0,0,0,0,0,0,0,0,0,2,0,0,0,0,0,0,0,0,0,0,0,0,0,0,0,0,0,0,0,0,0,0,0,0,0,0,0,0,0,0,0,0,0,0,0,0,0,0,0,0,0,0,0,105,0,0,31,0,0,0,0,0,0,Eukaryota;Rhizaria;Radiolaria;Acantharea;Arthracanthida-Symphyacanthida;Arthracanthida-Symphyacanthida_X,0.999999924759232
3fb8816b5497f85137efc3ad99284dd4,0,0,0,0,6,0,0,0,0,0,0,0,0,0,0,0,0,5,4,13,17,0,4,0,0,0,0,0,0,0,0,0,0,0,0,0,0,0,0,0,0,0,0,0,0,0,0,0,0,0,0,0,25,0,0,0,0,0,0,0,0,0,0,0,0,0,0,0,10,0,0,0,0,0,0,0,0,0,0,0,0,0,0,0,0,0,0,Eukaryota;Stramenopiles;Ochrophyta;Bacillariophyta;Bacillariophyta_X;Raphid-pennate,0.917540229053951
3fef1294b9f244c8fea9eb68d8e29abb,2,0,13,38,74,14,30,15,13,0,0,0,0,4,5,7,39,18,81,51,27,26,0,0,5,26,74,30,47,0,5,0,9,0,0,0,0,0,7,4,0,4,7,0,50,147,0,0,8,15,9,45,117,0,0,0,10,0,3,111,9,7,8,18,0,7,8,4,20,31,296,54,13,3,17,60,12,26,0,0,0,70,25,0,0,0,0,Eukaryota;Hacrobia;Picozoa;Picozoa_X;Picozoa_XX;Picozoa_XXX;Picozoa_XXXX;Picozoa_XXXX_sp.;,0.871304275056144
40ff38bc8875ef3828e89f565dce1eb8,0,0,0,0,0,0,0,0,0,0,0,0,0,0,0,0,0,3,0,0,0,0,0,0,0,0,0,0,0,0,0,0,0,0,0,0,0,0,0,0,0,0,0,0,0,0,0,0,0,0,0,0,0,0,0,0,0,0,0,0,0,0,0,0,0,0,0,0,0,0,0,0,0,0,0,0,0,0,0,0,0,0,0,0,0,0,0,Eukaryota;Stramenopiles;Ochrophyta;Bacillariophyta;Bacillariophyta_X,0.994822776939042
416f7c78ced4357d886e4d8f96e9aca8,1568,5505,13429,2703,1393,1758,427,1124,27,1025,471,1177,3895,8142,12163,8538,2707,3142,248,99,81,0,335,2009,2162,3338,2465,52,4,5,0,105,206,370,829,255,1181,3314,6586,11129,6863,10908,8544,12278,3379,3105,3,0,24,14,10698,5778,0,676,747,2403,4363,12821,18347,453,6,4,0,106,12819,58797,37,8,36,939,1138,29,5,52,15,101,586,16682,434,2623,737,1665,53,0,37,19,20,Eukaryota;Stramenopiles;Ochrophyta;Bacillariophyta;Bacillariophyta_X,0.926530841304497
417fc346bda3dd55caa6d6190814787b,0,0,0,0,0,0,0,0,0,0,0,0,0,0,0,0,5,20,0,16,5,0,0,0,0,0,0,0,0,0,0,0,0,0,0,0,0,0,0,0,0,0,0,0,4,2,0,0,0,14,0,0,8,0,0,0,0,0,0,0,0,3,0,0,0,0,0,0,0,0,0,0,0,0,3,0,0,0,0,8,0,4,0,10,0,0,0,Eukaryota;Rhizaria;Cercozoa;Filosa-Thecofilosea;Ventricleftida;Ventrifissuridae;Ventrifissuridae_X;Ventrifissuridae_X_sp.;,0.999999989566163
4192d8223af7dba445449fb706d443a3,6,0,0,19,25,8,19,174,0,0,0,4,0,0,0,0,0,0,27,40,20,13,0,0,2,5,0,0,3,0,0,8,44,0,0,0,0,0,0,0,0,0,0,0,0,0,0,0,10,0,0,2,0,0,3,0,0,0,0,4,9,14,4,31,0,0,0,0,0,0,49,0,3,0,0,0,32,7,0,20,9,0,2,0,0,0,0,Eukaryota;Archaeplastida;Chlorophyta;Mamiellophyceae;Mamiellales;Mamiellaceae;Micromonas;Micromonas_polaris;,0.880250420598342
41b8caf5edf602f15e91b5e3331acd12,0,0,0,0,0,0,0,0,0,0,0,0,0,0,0,0,0,0,0,0,2,0,0,0,0,0,0,0,0,0,0,0,0,0,0,0,0,0,0,0,0,0,0,0,0,0,0,0,0,4,0,0,0,0,0,0,0,0,0,0,0,0,0,0,0,0,0,0,0,0,0,0,0,0,0,0,0,0,0,0,0,0,0,0,0,0,0,Eukaryota;Stramenopiles;Opalozoa;MAST-12;MAST-12A;MAST-12A_X;MAST-12A_XX;MAST-12A_XX_sp.;,0.999766843923106
41f7f24e248966808633661d1ae70202,133,641,5476,933,497,2885,776,463,237,96,37,479,392,1540,20245,8182,22553,36207,8353,378,535,83,184,420,947,20353,37010,447,1111,90,416,190,515,216,929,102,714,13334,4560,6532,6625,6742,2584,68,87,22046,15,31,89,102,4066,17445,529,219,3397,8961,9161,13638,9735,1785,46,1001,606,733,1255,5523,63,174,225,1509,6489,431,60,40,231,3289,298,179,18,355,342,4407,1063,101,0,0,0,Eukaryota;Stramenopiles;Ochrophyta;Bacillariophyta;Bacillariophyta_X;Radial-centric-basal-Coscinodiscophyceae;Actinocyclus;Actinocyclus_curvatulus;,0.930400558358959
4201cdd72fc2c2e49ff01d241d4c0efc,0,0,0,13,40,6,15,5,0,0,0,0,0,3,4,4,3,6,10,23,10,16,0,0,0,16,4,0,7,0,0,0,0,0,0,0,3,9,3,5,14,22,0,5,8,8,0,8,22,3,3,20,0,0,0,0,0,2,0,5,0,0,4,9,0,0,6,3,15,2,185,0,26,0,0,8,0,2,0,7,2,87,7,5,0,0,0,Eukaryota;Stramenopiles;Opalozoa;MAST-3;MAST-3L;MAST-3L_X;MAST-3L_XX;MAST-3L_XX_sp.;,0.999981262177053
422e1561a3f8c4fe6fa12554ccc2afaf,0,0,0,0,0,0,0,0,0,0,0,0,0,0,0,0,0,0,0,0,0,0,0,0,0,0,0,0,0,0,0,0,0,0,0,0,0,0,0,0,0,0,0,0,0,0,0,0,0,0,0,0,0,0,0,0,0,0,0,0,0,0,0,0,0,0,0,0,0,0,0,0,0,0,0,0,0,0,0,2,0,2,2,0,0,0,0,Eukaryota;Amoebozoa;Conosa;Mycetozoa-Dictyostelea;Dictyosteliida;Dictyosteliida-Group-III;Dictyostelium-Group-III,0.733990778799611
437fbf493f5eda91a1277dad89478b49,0,4,0,0,0,0,0,0,0,0,0,0,0,0,0,0,0,0,0,0,7,0,4,0,0,0,0,0,0,0,0,0,0,0,0,8,0,0,0,0,0,0,0,0,0,0,0,0,0,0,0,0,4,0,0,0,0,0,0,0,0,0,0,0,0,0,0,0,0,0,0,0,0,0,0,0,0,0,0,0,0,0,0,0,0,0,0,Eukaryota;Opisthokonta;Fungi;Basidiomycota;Pucciniomycotina;Cystobasidiomycetes;Rhodotorula,0.947719613901954
44690521d7d6fe204cbb4785efba51fe,0,0,0,0,0,0,0,0,0,0,0,0,0,0,0,0,0,0,0,0,0,0,0,0,0,0,0,0,0,0,0,0,0,0,0,0,0,0,2,0,2,0,2,0,0,0,0,0,0,0,0,3,0,0,0,0,0,0,0,0,0,0,0,0,0,0,0,0,0,0,0,0,0,0,0,0,0,0,0,8,0,0,0,0,0,0,0,Eukaryota;Opisthokonta,0.864567540383703
44c58c432afd298bdd893e9a58c699ee,0,0,0,0,10,6,0,0,0,0,0,0,0,0,0,0,0,0,0,0,0,0,0,0,0,0,0,0,0,0,0,0,0,0,0,0,0,0,0,0,0,0,0,0,0,0,0,0,0,0,0,0,8,0,0,0,0,0,0,0,0,0,0,0,0,0,0,0,17,0,0,0,0,0,0,0,0,0,0,27,0,43,0,0,0,0,0,Eukaryota;Stramenopiles;Ochrophyta;Phaeophyceae;Phaeophyceae_X;Phaeophyceae_XX,0.999999986694633
45801ae357ce1657387be867c99a378a,0,0,0,0,0,0,0,0,0,0,0,0,0,0,0,0,0,0,0,0,0,0,0,0,0,0,0,0,0,0,0,0,0,0,0,0,0,0,0,0,0,0,0,0,0,0,0,0,0,0,0,2,0,0,0,0,0,0,0,0,0,0,0,0,0,0,0,0,0,0,0,0,0,0,0,0,0,0,0,0,0,0,0,6,0,0,0,Eukaryota;Rhizaria;Cercozoa;Chlorarachniophyceae;Chlorarachnida;Minorisa-lineage;Minorisa;Minorisa_minuta;,0.998447082836926
45817cc31820354df6d652f4d0ffb90d,0,0,0,0,0,0,0,0,0,0,0,0,0,0,0,0,5,0,0,0,0,3,0,0,0,0,4,0,0,0,0,0,0,0,0,0,0,0,0,0,0,0,0,0,4,3,0,0,0,0,0,0,0,0,0,0,0,0,0,0,0,0,0,0,0,0,0,0,0,0,0,0,0,0,0,2,0,0,0,23,0,0,0,4,0,0,0,Eukaryota;Rhizaria;Cercozoa;Filosa-Thecofilosea;Ventricleftida;CCW10-lineage;CCW10-lineage_X;CCW10-lineage_X_sp.;,0.999999975497545
45f149219af3d777b86e689ba1f5ace8,0,0,0,0,15,0,8,7,21,0,0,0,0,17,29,23,109,118,31,26,18,0,0,0,8,225,92,13,13,0,0,0,0,0,0,0,0,4,24,30,7,12,11,14,104,151,0,0,0,5,25,117,25,0,2,0,107,10,20,26,0,7,4,22,0,6,0,10,12,17,62,55,0,0,33,168,9,11,0,0,0,525,20,0,0,0,0,Eukaryota;Amoebozoa;Breviatea;Breviatea_X;Breviatea_XX;Breviata-lineage,0.936494955748598
465f97d4bfe0f66b18b7fea87d4d2b98,0,0,0,0,0,0,0,0,0,0,0,0,0,0,0,2,0,0,0,0,0,0,0,0,0,0,0,0,0,0,0,0,7,0,0,0,0,0,0,0,0,0,0,11,278,0,0,0,0,0,0,0,0,0,0,0,0,0,0,0,0,0,0,0,0,0,0,0,0,0,0,0,0,0,0,0,0,0,0,0,0,0,0,0,0,0,0,Eukaryota;Opisthokonta;Metazoa;Cnidaria;Cnidaria_X;Hydrozoa;Aegina;Aegina_citrea;,0.99999999275564
47a4a101262e28fa5d5edcf0556ffa08,0,0,0,0,0,0,0,0,0,0,0,0,0,0,0,0,0,0,0,0,11,8,0,0,2,0,0,0,4,0,0,0,0,0,0,0,0,0,0,0,0,0,0,0,0,0,0,0,0,11,0,0,0,0,0,0,0,0,0,0,0,0,0,36,0,0,0,0,0,0,0,0,0,0,0,0,0,0,0,0,0,0,0,3,0,0,0,Eukaryota;Alveolata;Ciliophora;Spirotrichea;Choreotrichida;Strobilidiidae_G;Strobilidiidae_G_X;Strobilidiidae_G_X_sp.;,0.999999932972559
47ba3a6f0122e70e7361983a5be74129,0,0,0,0,0,0,0,0,0,0,0,0,0,0,0,0,0,0,0,0,0,0,0,0,0,0,0,0,0,0,0,0,0,0,0,0,0,0,0,0,0,0,0,0,0,0,0,0,0,0,0,0,0,0,0,0,0,0,0,0,0,0,0,0,0,0,0,0,111,0,0,0,0,0,0,0,0,0,0,0,0,0,3,0,0,0,0,Eukaryota;Stramenopiles;Ochrophyta;Bacillariophyta;Bacillariophyta_X;Radial-centric-basal-Coscinodiscophyceae;Melosira;Melosira_dubia;,0.923659397807331
490f1c0e530f6f3e9f1c7ee1aeb71af4,0,0,0,0,0,0,0,7,4,0,0,0,0,0,0,0,0,0,25,0,0,0,0,0,0,0,0,5,8,0,0,0,0,0,0,0,0,0,0,0,0,0,0,0,8,14,0,0,0,0,0,0,6,0,0,0,0,0,0,0,0,0,0,12,0,0,0,0,0,0,0,0,0,0,0,0,0,0,0,0,0,9,0,0,0,0,0,Eukaryota;Stramenopiles;Ochrophyta;Dictyochophyceae;Dictyochophyceae_X;Pedinellales;Pedinellales_X;Pedinellales_X_sp.;,0.747528056600578
498cce56a264b1bb47350b044cc41542,0,0,0,0,0,0,0,0,0,0,0,0,0,0,0,0,0,0,0,4,5,9,0,0,0,0,0,0,0,0,0,0,0,0,0,0,0,0,0,0,0,0,0,0,0,0,0,0,0,0,0,0,0,0,0,0,0,0,0,6,0,0,0,8,0,0,0,0,0,0,0,0,0,0,0,0,0,0,0,0,0,0,0,0,0,0,0,Eukaryota;Stramenopiles;Ochrophyta;Bolidophyceae;Parmales;Triparmaceae;Triparma;Triparma_mediterranea;,0.890140705089024
4acbd94a6fc7749480f33a42ba5587c7,0,0,0,0,13,0,0,0,0,0,0,0,0,0,0,0,0,0,0,0,2,0,0,0,0,0,3,0,0,0,0,0,0,0,0,0,0,0,0,0,0,0,0,0,0,0,0,0,0,9,0,0,0,0,0,0,0,0,0,0,0,0,0,0,0,0,0,0,0,0,0,0,0,0,0,0,0,0,0,0,0,5,0,0,0,0,0,Eukaryota;Alveolata,0.769034789296821
4bb3a6c72992b23240460241eca8020b,0,0,0,0,0,0,0,0,0,0,0,0,0,0,0,0,0,0,0,0,0,0,0,5,0,0,0,0,0,0,0,0,0,0,0,0,0,102,0,0,0,0,0,0,0,0,0,0,0,0,0,0,0,0,0,0,0,2,0,0,0,0,0,0,0,0,0,0,0,0,0,0,0,0,0,0,0,0,0,0,0,0,0,0,0,0,0,Eukaryota;Archaeplastida;Streptophyta;Embryophyceae;Embryophyceae_X;Embryophyceae_XX,0.718854374955649
4bda67504b42e086403d8a4015fb4d0c,0,0,0,0,6,0,0,0,0,0,0,0,0,0,0,0,0,9,0,0,5,0,0,0,0,0,0,0,0,0,0,0,0,0,0,0,0,0,0,0,0,0,0,0,0,0,0,0,0,0,0,0,12,0,0,0,0,0,0,0,0,0,0,0,0,0,0,0,0,0,0,0,0,0,0,9,0,0,0,0,0,11,0,11,0,0,0,Eukaryota;Rhizaria;Cercozoa;Filosa-Thecofilosea;Cryomonadida;Protaspa-lineage;Protaspa;Protaspa_sp.;,0.95755980861837
4c3810bf08542a7dee6bfb2e528231ba,11,0,0,0,0,0,0,0,0,12,0,0,0,0,0,0,0,0,0,0,0,0,0,0,0,0,0,0,0,20,10,0,0,0,0,0,0,0,0,0,0,0,0,0,0,0,0,0,0,9,0,0,0,0,0,0,0,0,0,0,11,0,14,0,0,0,0,0,0,0,0,0,0,17,0,0,0,0,0,0,0,0,0,0,0,0,0,Eukaryota;Stramenopiles;Ochrophyta;Bacillariophyta;Bacillariophyta_X,0.974405664421294
4d5e337ec92979c9451521692ab30b78,0,0,34,0,0,0,0,0,0,0,0,0,0,0,0,0,5,0,22,11,0,3,0,0,0,5,8,4,0,0,0,0,109,0,0,0,0,0,0,0,0,0,0,0,32,19,0,0,0,0,0,0,0,0,0,0,0,0,0,12,0,0,0,32,0,0,0,4,4,0,21,0,0,0,0,0,0,0,0,0,0,12,0,0,0,0,0,Eukaryota;Stramenopiles;Ochrophyta;Dictyochophyceae;Dictyochophyceae_X;Pedinellales;Pseudopedinella;Pseudopedinella_elastica;,0.898906766666053
4d8fda3492e24b9f9eea925dd06b9e23,0,0,6,11,21,8,35,17,18,0,0,0,0,0,0,0,20,15,85,120,70,94,0,0,0,0,27,28,35,8,13,0,0,0,0,0,0,2,0,0,0,0,0,0,16,60,0,0,47,34,0,0,103,0,0,0,0,0,0,94,21,28,9,81,0,0,6,4,22,7,46,39,23,0,13,33,4,0,0,4,10,13,8,4,0,0,0,Eukaryota;Hacrobia;Picozoa;Picozoa_X;Picozoa_XX;Picozoa_XXX;Picozoa_XXXX;Picozoa_XXXX_sp.;,0.963926469135919
4ef9220a936c1fa6fd30d6da31fd2301,0,0,3,3,10,0,5,22,11,0,0,3,0,0,0,9,3,5,0,0,0,0,0,0,3,28,6,0,0,0,0,0,29,0,0,0,0,0,0,0,0,0,3,0,9,3,0,0,0,0,3,2,0,0,0,6,7,9,19,0,0,0,0,0,0,3,0,0,0,4,0,0,0,0,0,0,6,0,0,11,3,22,2,0,0,0,0,Eukaryota,1
4f06947ce5722f16a315c02fcef91aed,0,0,0,0,2,0,0,0,0,0,0,0,0,0,0,0,0,10,0,0,0,0,0,0,0,0,0,0,0,0,0,0,0,0,0,0,0,0,0,0,0,0,0,0,0,0,0,0,0,0,0,0,0,0,0,0,0,0,0,0,0,0,0,0,0,0,0,0,0,0,0,0,0,0,0,0,0,0,0,0,0,0,3,0,0,0,0,Eukaryota;Opisthokonta;Fungi;Ascomycota,0.701361171537716
4f506fe17331e5c1007d4dba9a2ddde9,0,0,6,43,75,23,53,42,26,0,0,6,0,4,9,16,133,70,243,156,52,41,0,0,18,36,105,90,102,5,9,0,11,0,0,0,0,6,11,19,5,8,9,8,255,551,0,2,25,49,10,27,210,0,0,3,22,0,12,192,46,57,14,157,0,12,49,28,42,54,625,112,38,4,24,254,12,146,0,27,23,49,45,12,0,0,0,Eukaryota;Hacrobia;Picozoa;Picozoa_X;Picozoa_XX;Picozoa_XXX;Picozoa_XXXX;Picozoa_XXXX_sp.;,0.999993730615585
502e812f132723be35704a6cb6d5d7e7,0,0,0,0,0,0,0,0,0,0,0,0,0,0,0,0,0,0,0,0,0,0,0,0,0,0,0,0,0,0,0,0,0,0,0,0,0,0,0,0,0,0,0,0,0,0,0,0,0,0,0,0,0,0,0,0,0,0,0,0,0,0,0,0,0,0,0,0,0,0,0,0,0,0,0,0,0,0,0,0,22,0,0,0,0,0,0,Eukaryota;Alveolata;Dinoflagellata;Dinophyceae,0.927597104445322
50347d4c111a327d97e1cffdd3d6eb73,0,0,0,0,0,0,0,0,0,0,0,0,0,0,0,0,0,0,0,0,0,0,0,0,0,0,0,0,0,0,0,0,0,0,0,0,0,0,0,0,0,0,0,0,0,0,0,0,0,0,0,0,0,0,0,0,0,0,0,0,0,0,0,0,0,0,0,0,0,0,0,0,0,0,0,0,0,0,0,6,0,0,0,0,0,0,0,Eukaryota;Rhizaria;Radiolaria;Acantharea;Arthracanthida-Symphyacanthida;Arthracanthida-Symphyacanthida_X;Arthracanthida-Symphyacanthida_XX;Arthracanthida-Symphyacanthida_XX_sp.;,0.999191401187408
517051039f027e6c3669cbaa9b455904,2658,0,242,283,25,0,0,65,0,70,0,0,0,0,0,0,0,54,0,0,0,0,0,0,0,0,0,0,0,0,0,107,0,29,0,0,0,0,7,0,0,0,0,0,0,12,0,0,0,0,0,26,0,0,0,0,0,0,0,0,0,0,0,0,0,0,0,0,0,59,31,0,0,83,0,0,0,71,0,265,213,0,0,0,0,0,0,Eukaryota;Opisthokonta;Metazoa;Arthropoda;Crustacea;Maxillopoda;Pseudocalanus;Pseudocalanus_elongatus;,0.948839917290872
519fd0cb22c61795277b51630556680d,0,0,0,4,0,0,0,0,0,3,0,0,0,0,0,0,0,0,10,0,10,8,0,0,0,0,0,2,0,0,0,0,0,0,0,0,0,0,0,0,0,0,0,0,0,2,0,0,8,19,0,0,0,0,0,0,0,0,3,0,0,0,4,5,0,0,0,0,5,0,0,0,0,0,0,0,0,0,0,9,0,0,0,0,0,0,0,Eukaryota;Alveolata;Dinoflagellata;Syndiniales;Dino-Group-I;Dino-Group-I-Clade-1;Dino-Group-I-Clade-1_X;Dino-Group-I-Clade-1_X_sp.;,0.999969957879892
51cc4f533d3395c5b89a1c3e6f198b7b,0,0,0,0,0,0,4,0,4,0,0,0,0,0,0,0,0,0,4,0,0,0,0,0,0,0,0,0,0,0,0,0,0,0,0,0,0,0,0,0,0,0,0,0,0,0,0,0,0,0,0,0,0,0,0,0,0,0,0,0,0,0,0,0,0,0,0,0,0,0,0,0,0,0,0,0,0,0,0,0,0,0,0,0,0,0,0,Eukaryota;Archaeplastida;Chlorophyta;Ulvophyceae;Ulotrichales;Ulotrichales_X,0.999843897508517
51e97668c528db3e68e281f0fb8908ae,0,0,0,0,0,0,0,0,0,13,0,0,47,22,0,258,0,0,0,0,0,0,0,3,96,0,0,0,0,0,0,0,0,0,0,0,0,5,138,0,0,0,0,0,135,0,0,0,0,0,0,0,0,0,0,7,0,9,148,0,0,0,0,0,0,0,0,0,0,0,0,0,0,0,0,0,0,0,3,0,0,0,0,0,0,0,0,Eukaryota;Opisthokonta;Metazoa;Annelida;Annelida_X;Annelida_XX;Kefersteinia;Kefersteinia_cirrata;,0.995435079536072
5260d917adbb8a94ec7b3d118abd3e8b,0,0,0,4,4,0,0,7,4,0,0,9,0,0,5,0,53,17,14,0,0,0,6,0,10,33,69,22,8,0,0,0,0,0,0,0,0,0,9,12,7,11,14,12,20,95,0,0,0,0,0,0,5,4,0,6,51,10,15,0,0,0,0,0,0,0,0,0,0,0,3,0,0,0,0,0,0,0,0,0,4,29,0,0,0,0,0,Eukaryota;Alveolata;Dinoflagellata;Syndiniales;Dino-Group-II;Dino-Group-II_X;Dino-Group-II-Clade-52_X;Dino-Group-II-Clade-52_X_sp.;,0.993522940757147
5342397aafa5274e9778ae7f1cd1ca9e,0,0,0,0,0,0,0,0,0,0,0,0,0,0,0,0,0,0,0,0,0,5,0,0,0,0,0,0,0,0,0,0,0,0,0,0,0,0,0,0,0,0,0,0,0,0,0,0,6,0,0,0,0,0,0,0,0,0,0,0,0,0,0,0,0,0,0,0,0,0,0,0,2,0,0,0,0,0,0,0,0,0,0,8,0,0,0,Eukaryota;Opisthokonta;Choanoflagellida;Choanoflagellatea;Acanthoecida;Stephanoecidae_Group_H;Diaphanoeca;Diaphanoeca_grandis;,0.979813733486699
53aab3ec838bc360e3cec50c9e542de8,0,0,0,0,0,0,0,0,0,0,0,0,0,0,0,0,0,0,0,0,0,0,0,0,0,0,0,0,0,0,0,0,0,0,0,0,0,0,0,0,0,0,0,0,0,0,0,0,0,0,0,0,0,0,0,0,0,0,0,0,0,0,0,0,0,0,0,0,0,0,0,0,0,0,0,0,0,0,0,0,3,0,0,0,0,0,0,Eukaryota;Alveolata;Dinoflagellata;Syndiniales;Dino-Group-II,0.894939196096855
53b5f92fe82bf5266133b2fc0ddaa353,23,22,10,96,1008,141,1076,3187,227,0,0,0,0,14,15,20,1125,496,1129,3307,789,1178,25,0,24,189,566,579,516,92,72,0,16,0,0,0,0,0,7,11,5,5,0,15,28,146,41,244,996,261,36,94,890,0,0,4,19,0,0,301,148,390,647,176,0,80,20,29,180,117,862,1004,1561,67,171,5275,24,20,0,12,0,1478,1250,190,0,0,0,Eukaryota;Hacrobia;Telonemia;Telonemia_X;Telonemia_XX;Telonemia-Group-1;Telonemia-Group-1_X;Telonemia-Group-1_X_sp.;,0.999999423958424
53fae05a4abcd67329d4a318e55ce4d7,0,0,0,0,0,0,0,0,0,0,0,0,0,0,0,0,0,0,0,4,4,2,0,0,0,0,0,0,0,0,0,0,0,0,0,0,0,0,0,0,0,0,0,0,0,0,0,0,0,0,0,0,0,0,0,0,0,0,0,0,0,0,0,0,0,0,0,0,0,0,0,0,0,0,0,0,0,0,0,0,0,0,0,2,0,0,0,Eukaryota;Opisthokonta,0.948667502765455
546d2bdd3677c2fc3cec7baccede1498,2,0,0,6,82,32,0,11,0,15,44,259,83,19,5,24,33,34,28,12,24,0,0,86,118,41,28,6,5,2,20,0,107,4,4,0,31,35,32,24,29,8,48,7,0,14,0,0,0,6,42,14,0,35,49,104,0,0,6,0,0,4,4,0,39,0,2,0,0,21,28,2,0,7,15,0,332,137,8,70,33,192,18,0,11,22,156,Eukaryota;Opisthokonta,0.999953076328717
54ef2b0963ff373f267b063106df62d1,9,0,0,0,0,0,0,0,2,31,37,6,91,12,0,49,0,118,0,0,0,0,3,8,29,0,0,3,0,0,0,0,0,82,12,0,87,306,53,18,5,16,13,3,0,0,0,0,0,0,0,0,0,0,24,10,8,0,27,0,0,0,4,8,0,0,0,0,0,0,0,0,0,0,0,0,4,10,219,437,295,0,0,0,14,8,13,Eukaryota;Opisthokonta;Metazoa;Arthropoda;Crustacea;Maxillopoda;Maxillopoda_X;Maxillopoda_X_sp.;,0.991163758108841
54fddf33f866d95f9c223b0996631c10,0,0,0,0,0,0,0,0,0,0,0,0,0,0,0,0,0,0,0,0,0,0,0,0,0,0,0,0,0,0,0,0,0,0,0,0,0,0,0,0,0,0,0,0,0,0,0,0,0,0,0,0,0,0,0,0,0,0,0,3,0,0,0,5,0,0,0,0,0,0,0,0,0,0,0,0,0,0,0,0,0,0,0,0,0,0,0,Eukaryota;Alveolata;Dinoflagellata;Syndiniales;Dino-Group-II,0.985761043772939
563d8f19fb3d5306dd8cf987f8fe8fa5,0,0,0,0,5,0,0,3,0,0,0,261,200,110,11,25,7,7,0,6,0,0,0,58,640,0,5,3,0,0,0,0,19,0,0,5,620,410,299,283,872,198,714,17,8,0,0,0,0,0,29,0,5,0,26,27,7,6,13,0,0,0,0,5,0,0,0,0,0,0,0,0,0,0,0,0,14,6,46,35,10,11,0,0,11,35,192,Eukaryota;Opisthokonta;Choanoflagellida;Choanoflagellatea;Acanthoecida;Stephanoecidae_Group_H;Stephanoecidae_Group_H_X;Stephanoecidae_Group_H_X_sp.;,0.999891256139113
56867a9e3f3511cae2db77d6fd825f7b,0,0,0,0,0,0,0,0,0,0,0,0,0,0,0,0,0,0,0,0,0,0,0,0,0,0,0,0,0,0,0,0,0,0,0,0,0,0,0,0,0,0,0,0,3,0,0,0,0,0,0,0,0,0,0,0,0,0,0,0,0,0,0,0,0,0,0,0,0,0,0,0,0,0,0,0,0,0,0,0,0,0,0,0,0,0,0,Eukaryota;Archaeplastida;Chlorophyta;Ulvophyceae;Ulotrichales;Ulotrichales_X,0.999999984722063
56c1f651e471e0252b4caa41aa0fe076,0,0,0,0,0,0,0,0,0,0,0,0,0,0,0,0,0,0,0,0,0,0,0,0,0,0,0,0,0,0,0,0,0,0,0,0,0,5,0,0,0,0,0,0,0,0,0,0,0,0,0,0,0,0,0,0,0,0,0,0,0,0,0,0,0,0,0,0,0,0,0,0,0,0,0,0,0,0,0,0,0,0,0,0,0,0,0,Eukaryota;Opisthokonta;Metazoa;Arthropoda;Crustacea;Maxillopoda;Dactylopusia;Dactylopusia_sp.;,0.952858829618203
5773f5ff0d2e298ee4df705b7bad9045,0,0,0,0,0,0,0,0,0,0,0,0,0,0,0,0,0,0,0,0,0,0,0,0,0,0,0,0,0,0,0,0,0,0,0,0,0,0,0,0,0,0,0,0,0,0,0,0,0,0,0,0,0,0,0,0,0,0,0,0,0,0,0,0,10,0,0,0,0,0,0,0,0,0,0,0,0,0,0,0,0,0,0,0,0,0,0,Eukaryota;Rhizaria;Cercozoa;Filosa-Imbricatea;Thaumatomonadida;Thaumatomonadida_X;Thaumatomonadida_XX;Thaumatomonadida_XX_sp.;,0.983765946424438
578d950242ada8e23b5044064ff08c5f,0,0,0,0,0,0,0,0,0,0,0,0,0,0,0,0,2,0,0,0,5,0,0,0,0,0,0,0,0,0,0,0,0,0,0,0,0,0,0,0,0,0,0,0,0,0,0,0,0,0,0,0,0,0,0,0,0,0,0,0,0,0,0,0,0,0,0,0,3,0,0,0,0,0,0,0,0,0,0,0,0,0,0,0,0,0,0,Eukaryota;Stramenopiles;Ochrophyta;Bacillariophyta;Bacillariophyta_X;Raphid-pennate,0.775756572217587
58aa91996a1dfaae8f0d98c878748475,2,0,0,25,36,10,0,17,0,0,0,4,0,0,0,0,17,5,36,53,21,21,0,0,3,21,29,10,0,0,0,0,0,0,0,0,2,0,0,9,0,9,4,0,26,33,0,0,18,13,3,0,11,0,0,5,0,0,0,0,0,0,15,28,0,0,0,0,25,0,19,0,9,0,0,0,47,46,0,20,9,28,0,0,0,0,0,Eukaryota;Stramenopiles;Sagenista;MAST-7;MAST-7A;MAST-7A_X;MAST-7A_XX;MAST-7A_XX_sp.;,0.999998041888537
58f6c4aba28f63780939393a89212d74,0,0,0,0,7,0,0,5,5,0,0,0,0,0,0,6,9,9,16,5,0,0,0,0,0,21,5,10,13,0,3,0,0,0,0,0,0,0,0,0,0,0,0,0,14,32,0,0,0,0,0,0,19,0,0,0,11,0,0,0,9,0,4,7,0,0,0,6,0,0,10,0,0,0,4,14,0,0,0,0,0,43,9,0,0,0,0,Eukaryota;Hacrobia;Haptophyta;Prymnesiophyceae;Prymnesiales;Chrysochromulinaceae;Chrysochromulina;Chrysochromulina_sp.;,0.740969459732581
597ab0bf45db48083c3bb9620498766e,0,0,11,168,155,18,20,15,3,0,0,5,5,16,10,17,21,15,27,138,63,172,5,8,24,40,11,14,17,0,0,0,11,0,0,0,2,2,12,21,10,13,10,10,21,19,0,17,117,43,60,87,93,0,0,6,9,0,7,8,12,21,16,98,0,56,9,8,45,196,63,3,20,4,4,31,6,9,0,0,0,79,21,17,0,0,0,Eukaryota;Stramenopiles;Sagenista;MAST-8;MAST-8A;MAST-8A_X;MAST-8A_XX;MAST-8A_XX_sp.;,0.999708835044767
5a44086b50245721a96578d74f89964c,0,0,0,0,0,0,3,8,4,0,0,0,0,0,0,3,16,30,53,25,49,95,3,0,0,23,33,10,20,0,0,0,0,0,0,0,0,0,0,0,0,0,0,4,15,59,0,5,11,17,0,0,57,0,0,0,6,0,3,18,0,0,15,6,0,0,3,3,12,0,107,6,54,2,0,121,3,2,0,0,0,182,11,2,0,0,0,Eukaryota,1.00000000000001
5a5639171577dd55f2e5f6cfd98daebe,0,0,0,0,0,0,0,0,0,0,0,0,0,0,0,0,0,0,0,0,4,0,0,0,0,0,0,0,0,0,0,0,0,0,0,0,0,0,0,0,0,0,0,0,0,0,0,0,0,0,0,0,0,0,0,0,0,0,0,0,0,0,0,0,0,0,0,0,0,0,0,0,0,0,0,0,0,0,0,3,0,0,0,0,0,0,0,Eukaryota;Excavata;Discoba;Euglenozoa;Diplonemea;Diplonemea_X;Rhynchopus;Rhynchopus_sp.;,0.986146947052762
5ae0cfb35fc4a89db375751d16aa4a4e,0,0,0,0,0,0,0,0,0,0,0,0,0,0,0,0,0,0,0,0,0,0,0,0,0,0,0,0,0,0,0,0,0,0,0,0,0,0,0,0,0,0,0,0,0,0,0,0,0,0,0,0,0,0,0,0,0,0,0,0,0,0,0,0,0,0,0,0,0,3,0,0,0,0,0,0,0,0,0,0,0,0,0,2,0,0,0,Eukaryota,0.999999999999981
5ae262881a236b377c21d13c314ec5ea,0,0,0,0,0,0,0,0,0,0,0,0,0,0,0,0,0,0,0,0,0,0,0,13,0,0,0,0,0,0,0,0,0,0,0,0,0,0,0,0,0,0,0,0,0,0,0,0,0,0,0,0,0,0,0,0,0,0,0,0,0,0,0,0,62,0,0,0,0,0,0,0,0,0,0,0,0,0,0,0,0,0,0,0,0,0,0,Eukaryota;Stramenopiles;Ochrophyta;Bacillariophyta;Bacillariophyta_X;Polar-centric-Mediophyceae;Porosira;Porosira_sp.;,0.878361476501895
5bc5a5890710aeac78d8332198a0d93c,0,0,0,0,0,0,0,0,0,0,0,0,0,0,0,0,0,0,0,0,0,0,0,0,0,0,0,0,0,0,0,0,0,0,0,0,0,0,0,0,0,0,0,0,0,0,0,0,0,0,0,0,0,0,0,0,0,0,0,0,0,0,0,0,0,0,0,0,0,0,0,0,0,0,0,0,0,0,0,0,0,0,0,0,0,4,0,Eukaryota;Rhizaria;Cercozoa;Filosa-Thecofilosea;Ventricleftida;CCW10-lineage;CCW10-lineage_X;CCW10-lineage_X_sp.;,0.999999940236551
5c2ff629642d4be096da4c6995148959,0,0,0,0,2,0,0,4,3,0,0,0,0,0,0,0,0,0,0,4,30,20,0,0,0,0,4,0,0,0,0,0,0,0,0,0,0,0,0,0,0,0,0,0,0,0,0,0,0,18,0,0,9,0,0,0,0,0,0,2,2,0,0,29,0,0,11,6,17,4,0,0,0,0,0,0,0,0,0,0,0,0,0,0,0,0,0,Eukaryota;Alveolata;Dinoflagellata;Syndiniales;Dino-Group-II;Dino-Group-II-Clade-1;Dino-Group-II-Clade-1_X;Dino-Group-II-Clade-1_X_sp.;,0.981317733480724
5c31a630dda94ea98b4b6bc662b97197,33,15,10,138,100,102,521,490,23,93,120,276,196,128,21,50,173,180,241,815,227,304,0,162,56,101,95,221,216,7,24,51,377,218,0,10,159,54,67,24,41,47,29,21,38,247,0,53,178,282,153,35,342,56,49,61,29,0,5,242,107,184,76,437,369,102,12,45,209,72,1203,7,77,11,7,359,70,117,83,137,84,546,160,10,0,0,0,Eukaryota;Hacrobia;Haptophyta;Prymnesiophyceae;Phaeocystales;Phaeocystaceae;Phaeocystis,0.999999999700393
5c5f856b8968cb18dbc523895e60b9e3,0,0,0,0,0,0,0,0,0,0,0,0,0,0,0,0,0,0,0,0,0,0,0,0,0,0,0,0,0,0,0,0,0,0,0,0,0,0,0,0,0,0,0,0,0,0,0,0,0,0,0,0,0,0,0,0,0,0,0,0,0,0,0,0,0,0,0,0,0,2,16,0,0,0,0,0,0,0,0,0,0,0,0,0,0,0,0,Eukaryota;Rhizaria;Cercozoa;Filosa-Thecofilosea;Filosa-Thecofilosea_X;Mataza-lineage;Mataza-lineage_X;Mataza-lineage_X_sp.;,0.999999708639507
5c9b1eea1403890d9c74564540359c2c,0,0,0,0,0,0,0,0,0,0,0,0,0,0,0,0,0,0,0,54,0,59,0,0,0,0,0,0,0,0,0,0,0,0,0,0,0,0,0,0,0,0,0,0,0,0,0,0,0,0,0,0,0,0,0,0,0,0,0,0,0,0,0,93,0,0,0,0,0,0,0,0,0,0,0,0,0,0,0,0,0,0,0,0,0,0,0,Eukaryota;Hacrobia;Cryptophyta;Cryptophyceae;Cryptomonadales;Cryptomonadales_X;Geminigera;Geminigera_cryophila;,0.979413914009306
5eb4531756d7e5428befaee21441302f,0,0,0,4,12,0,0,0,0,0,0,0,0,0,0,0,0,0,0,0,0,0,0,0,0,0,0,0,0,0,0,0,0,0,0,0,0,0,0,0,0,0,0,0,0,0,0,0,0,0,0,0,0,0,0,0,0,0,0,0,0,0,0,0,0,0,0,0,20,0,0,0,0,0,0,0,0,0,0,0,0,0,0,0,0,0,0,Eukaryota;Stramenopiles;Ochrophyta;Phaeophyceae;Phaeophyceae_X;Phaeophyceae_XX;Halothrix;Halothrix_ambigua;,0.998988168922668
5f970904ecb9d01e7474f98213e95db5,0,0,0,0,0,0,0,0,0,0,0,0,0,0,0,0,0,0,0,0,0,0,0,0,0,0,0,0,0,0,0,0,0,0,0,0,0,0,0,0,0,0,0,0,0,0,0,0,0,0,0,0,0,0,0,0,0,0,0,0,0,0,0,0,0,0,0,0,0,0,0,0,0,0,0,0,4,200,0,0,0,0,0,0,0,0,0,Eukaryota;Rhizaria;Foraminifera;Globothalamea;Rotaliida;Globorotaliidae;Neogloboquadrina;Neogloboquadrina_pachyderma;,0.999999998118369
5f99733bfc8cc9cca0716dc88d3b3599,0,0,0,0,5,0,2,2,0,0,0,0,0,0,0,4,20,13,4,0,0,0,0,0,2,22,19,11,0,0,0,0,0,0,0,0,0,2,0,0,0,0,0,0,7,45,0,0,0,3,0,9,2,0,0,0,4,0,0,4,0,0,0,0,0,0,0,0,13,0,27,0,0,0,0,7,5,2,0,3,3,44,9,0,0,0,0,Eukaryota;Opisthokonta,0.936660641055829
5ff4d48925fdffa74d316dd06f1682d2,0,0,4,0,0,0,0,0,0,0,0,0,0,7,4,3,0,0,0,0,0,0,0,4,0,0,0,0,0,0,0,0,0,0,0,0,0,0,0,3,4,7,4,3,0,0,0,0,0,0,7,0,0,0,0,2,0,6,8,0,0,0,0,0,8,32,0,0,0,0,0,0,0,0,0,0,0,6,0,4,0,0,0,0,0,0,0,Eukaryota;Stramenopiles;Ochrophyta;Bacillariophyta;Bacillariophyta_X,0.894042632718974
600022e3781e0b5f69299eccf33477b7,83,9,1430,4348,3777,214,621,210,1068,186,680,23535,9544,7298,575,390,527,115,73,95,30,337,2011,4686,14375,23,56,11,65,9,7,89,1692,356,30,852,16146,1714,4396,3645,6874,1405,5672,37,8,14,0,0,15,65,7312,3454,2566,1408,1134,1860,2,0,4,6,6,6,0,0,0,0,16,0,0,585,14,146,9,13,6453,96,53,0,267,2397,2018,25,1109,546,16,135,83,Eukaryota;Stramenopiles;Ochrophyta;Bacillariophyta;Bacillariophyta_X;Polar-centric-Mediophyceae;Chaetoceros;Chaetoceros_socialis;,0.999995698932592
60263b3d17b93d83c87e7dc4986dfb64,0,0,0,0,0,0,0,0,0,0,0,0,0,0,0,0,0,0,0,11,3,0,0,0,0,0,0,0,0,0,0,0,0,0,0,0,0,0,0,0,0,0,0,0,0,0,0,0,8,0,0,0,0,0,0,0,0,0,0,0,0,0,0,0,0,0,0,0,0,0,0,0,0,0,0,0,0,0,0,0,0,0,0,0,0,0,0,Eukaryota;Opisthokonta;Metazoa;Bryozoa;Bryozoa_X;Bryozoa_XX;Cryptosula;Cryptosula_pallasiana;,0.856855953971918
6062ad12e5f0e95cda67f26efaa3de44,0,0,0,0,0,0,0,0,0,0,0,0,0,0,0,0,18,0,0,37,36,0,0,0,0,0,0,0,14,0,0,0,0,0,0,0,0,0,0,0,0,0,0,0,0,0,0,0,0,0,0,0,19,0,0,0,0,0,0,0,0,14,18,0,0,0,0,0,0,0,0,11,123,0,16,0,0,0,0,0,0,0,31,113,0,0,0,Eukaryota;Stramenopiles;Ochrophyta;Bacillariophyta;Bacillariophyta_X;Raphid-pennate;Pleurosigma;Pleurosigma_intermedium;,0.984557835520785
607e979ce7c5f391dd3289189642395e,0,0,0,0,0,0,0,0,0,0,0,0,0,0,0,2,0,0,0,0,0,0,67,0,0,0,0,9,0,0,0,0,0,0,0,2,0,32,38,0,0,0,0,0,0,0,0,0,0,0,0,0,0,0,0,8,91,0,0,5,0,0,0,0,7,0,0,0,0,23,0,0,0,3,0,0,0,0,595,3157,35,2,0,0,26,75,33,Eukaryota;Opisthokonta;Metazoa,0.800756149040026
60fd3f0ecb1ce59efd4e85a4a5fa7917,115,62,118,461,789,1295,445,239,146,1699,3126,886,1793,625,24,18,433,451,186,33,291,40,2843,4061,456,26,493,206,735,234,509,2992,12757,2362,203,1684,721,81,26,65,28,18,17,0,0,52,21,0,0,66,363,217,271,9249,4429,1688,13,0,0,23,345,367,105,0,1481,16,54,147,38,4066,1534,7181,265,1893,2234,14186,70,67,9,17,11,0,1495,29,0,4,0,Eukaryota;Stramenopiles;Ochrophyta;Bacillariophyta;Bacillariophyta_X;Polar-centric-Mediophyceae;Chaetoceros,0.99999989585455
6153e3ad14e9d0c7c6dc08709ab46e11,0,0,0,0,0,0,0,0,0,0,2,0,0,0,0,0,0,0,0,0,0,0,0,0,0,0,0,0,0,0,0,0,0,0,0,0,0,0,0,0,0,0,0,0,0,0,0,0,0,0,0,0,0,0,0,0,0,0,0,0,0,0,0,0,0,0,0,0,0,0,0,0,0,0,0,0,0,0,0,0,0,0,0,0,0,0,0,Eukaryota;Opisthokonta;Metazoa;Echinodermata;Echinodermata_X;Echinodermata_XX,0.999999992089532
6173486cf2805b6030e0ff0aa36f164e,0,0,5,0,271,0,21,29,0,71,241,514,759,874,261,694,325,774,5,5,23,0,22,837,1797,1167,101,0,7,0,0,0,131,62,0,12,117,131,780,1076,805,563,1313,57,352,339,0,0,0,110,427,133,0,35,151,153,1312,1093,392,15,0,0,0,128,13,85,0,41,0,21,133,27,0,0,32,26,399,115,28,20,156,1906,70,0,2527,522,1287,Eukaryota;Alveolata;Dinoflagellata;Dinophyceae;Gymnodiniales;Gymnodiniaceae;Gyrodinium;Gyrodinium_fusiforme;,0.725461613459833
638c0772f165f7095a68bdcd073ec78f,0,0,0,0,13,0,0,0,0,41,57,1425,96,14,0,8,10,19,0,0,33,9,16,48,126,23,0,0,0,0,0,17,242,5,0,11,10,0,21,14,19,0,33,0,0,0,0,0,0,188,10,0,0,0,15,0,0,6,8,6,0,0,0,61,0,0,0,0,0,43,0,0,0,0,0,0,0,0,0,9,0,13,0,0,0,0,0,Eukaryota;Alveolata;Ciliophora;Spirotrichea;Strombidiida_B;Strombidiida_B_X;Strombidiida_B_XX;Strombidiida_B_XX_sp.;,0.999206111008226
63e6c74b3d8a13ef0e25d7f5eff0648b,0,0,0,0,3,0,8,0,0,0,0,0,0,0,0,0,0,0,0,0,2,0,0,0,0,0,0,0,0,0,0,0,0,0,0,0,0,0,0,0,0,0,0,0,0,0,0,0,0,0,0,0,0,0,0,0,0,0,0,0,0,0,0,0,0,0,0,0,0,0,0,0,0,0,0,0,0,0,0,0,0,0,3,0,0,0,0,Eukaryota,0.999999999999986
63ec60265dce3fb7076a810979db7957,0,0,0,0,0,0,0,0,0,0,0,0,0,0,0,0,0,0,0,0,0,0,0,0,0,0,0,0,0,0,0,0,0,0,0,0,0,0,0,0,0,0,0,0,0,0,0,0,0,0,0,0,0,0,0,0,0,0,0,0,0,0,0,0,0,0,0,0,0,5,0,0,0,0,0,0,0,0,0,5,3,0,0,7,0,0,0,Eukaryota;Opisthokonta;Choanoflagellida;Choanoflagellatea;Acanthoecida;Acanthoecidae_Group_G;Helgoeca;Helgoeca_nana;,0.951272821687032
641045505118bdfe01d6add91bcc032c,2,0,35,128,860,186,286,263,55,0,0,15,88,3547,719,785,603,548,80,45,42,30,0,419,2636,1552,382,46,37,0,8,0,0,0,0,0,9,165,1374,3345,1305,2238,2095,228,456,628,0,0,8,33,5481,13696,14,3,257,367,832,361,559,149,19,11,10,188,5,404,85,103,64,455,2737,129,4,0,53,2893,15,14,0,8,8,7654,453,0,0,0,0,Eukaryota;Hacrobia;Telonemia;Telonemia_X;Telonemia_XX;Telonemia-Group-2;Telonema-Group-2;Telonema_antarcticum;,0.999999981569879
642e592d0634e0aedd26cfc5f5759c6b,0,0,0,0,4,0,0,0,0,0,0,0,0,0,0,0,0,5,0,3,0,0,0,0,0,0,0,0,0,0,0,0,2,0,0,0,0,0,0,0,0,0,0,0,0,0,0,0,0,0,0,0,0,0,0,0,0,0,0,0,0,0,0,0,0,0,0,0,0,2,0,0,0,0,0,0,0,0,0,111,61,0,0,0,0,0,0,Eukaryota;Opisthokonta,0.973914637251562
647e6f837702d231ddc80d9c5e77eb90,0,0,0,0,0,0,0,0,0,0,0,0,0,0,0,0,0,0,0,8,5,9,7,0,0,0,0,0,0,0,0,0,0,0,0,0,0,0,0,0,0,0,0,0,0,0,0,0,0,0,0,0,0,0,0,0,0,0,0,0,5,9,2,0,0,0,0,0,10,0,0,0,7,0,0,0,0,0,0,43,0,0,6,8,0,0,0,Eukaryota;Stramenopiles;Ochrophyta;Phaeophyceae;Phaeophyceae_X;Phaeophyceae_XX;Halothrix;Halothrix_ambigua;,0.967888653599634
65f5d273164307cc3975395494552a6d,0,0,0,0,0,0,0,0,0,0,0,0,0,0,0,0,0,0,0,6,12,0,0,0,0,0,0,0,0,0,0,0,0,0,0,0,0,0,0,0,0,0,0,0,0,0,0,0,20,0,0,0,105,0,0,0,0,0,0,0,0,0,0,0,0,0,0,0,19,0,0,0,0,0,0,0,0,0,0,6,0,0,0,0,0,0,0,Eukaryota;Opisthokonta;Metazoa;Arthropoda;Crustacea;Maxillopoda;Archinotodelphys;Archinotodelphys_sp.;,0.824568135232235
661e872889eb2fff043c5bfe222bdeb0,0,0,0,0,28,0,7,0,0,0,0,0,0,0,0,0,5,24,2,6,0,0,0,0,0,0,0,0,0,0,0,0,0,0,0,0,0,0,0,0,0,0,0,0,5,3,0,0,3,0,7,0,0,0,0,0,0,0,0,0,0,2,0,0,0,0,0,0,0,0,2,0,5,0,5,12,0,0,0,0,0,17,29,14,0,45,0,Eukaryota;Hacrobia;Centroheliozoa;Centroheliozoa_X;Pterocystida,0.716872240933928
662a617f19de5c30504d764c99d82fcf,0,5,10,0,0,0,0,0,0,0,0,0,0,0,0,0,0,0,0,0,0,0,0,0,0,0,0,0,0,0,0,0,0,0,0,0,0,0,0,0,0,0,0,0,0,0,0,0,0,0,0,0,0,0,0,0,0,0,0,0,0,0,0,0,0,0,0,0,0,0,0,0,0,0,0,0,0,0,0,0,0,0,0,0,0,0,0,Eukaryota,0.999999999999975
66bba99e0cacef06b88582d289ba5542,0,0,0,0,0,0,0,0,0,0,0,0,0,0,0,0,0,0,0,0,0,0,0,0,0,0,0,0,0,0,0,0,0,0,0,0,0,0,0,0,0,0,0,0,0,0,0,0,0,0,0,0,0,0,0,0,0,0,0,0,0,0,0,0,0,0,0,0,0,0,0,0,0,0,0,4,0,0,0,0,0,0,0,0,0,0,0,Eukaryota,0.999999999999999
670b5ab85861846734bbf6a7556d7f19,55,6,27,86,81,49,10,0,4,110,71,128,102,143,163,163,34,36,10,0,0,0,0,130,382,31,52,5,0,0,0,93,96,8,0,0,154,271,161,109,224,63,103,5,6,54,0,0,0,7,221,177,0,47,74,204,10,15,89,0,0,0,0,0,14,0,0,0,4,75,9,0,0,20,15,3,68,185,7,49,47,22,31,0,73,243,92,Eukaryota;Stramenopiles;Ochrophyta;Bacillariophyta;Bacillariophyta_X;Polar-centric-Mediophyceae;Hemiaulus;Hemiaulus_sinensis;,0.999627353426561
670dc3438671b9f29a5f87de5aa2a2ce,0,0,0,0,0,0,0,0,0,0,0,0,0,0,0,0,0,0,0,0,0,0,0,0,0,0,0,0,0,0,0,0,0,0,0,0,0,0,0,0,0,0,0,0,0,5,0,0,0,0,0,0,4,0,0,0,0,0,0,0,0,0,0,0,0,0,0,0,0,0,0,0,0,0,0,7,0,0,0,0,0,0,0,0,0,0,0,Eukaryota;Archaeplastida;Chlorophyta;Ulvophyceae;Ulotrichales;Ulotrichales_X;Ulothrix;Ulothrix_sp.;,0.974488423572113
680dbc6ebe350cbadbe22c34ca3bd4d0,0,0,0,0,0,0,0,0,0,0,0,0,0,0,0,0,0,0,0,0,124,0,0,0,0,0,0,0,0,0,0,0,0,0,0,0,0,0,0,0,0,0,0,0,0,0,0,0,7,0,0,0,0,0,0,0,0,0,0,0,0,9,0,0,0,0,0,0,191,0,0,0,0,0,0,0,0,0,0,0,0,0,0,0,0,0,0,Eukaryota;Opisthokonta;Metazoa;Arthropoda;Crustacea;Maxillopoda,0.999809777478155
682a3ce56bed15d186e062ede6d7b74e,0,0,0,0,0,0,0,0,0,0,0,0,0,0,0,0,0,0,0,52,0,0,0,0,0,0,0,0,0,0,0,0,0,0,0,0,0,0,0,0,0,0,0,0,0,0,0,0,0,0,0,0,0,0,0,0,0,0,0,0,0,0,0,0,0,0,0,0,0,0,0,0,0,0,0,0,0,0,0,0,0,0,0,0,0,0,0,Eukaryota;Opisthokonta;Metazoa;Arthropoda;Crustacea;Malacostraca;Apherusa;Apherusa_glacialis;,0.90317485563736
689d901e46ac9114b7fb6786915351ea,0,0,0,0,0,0,0,0,0,0,0,0,0,0,0,0,0,0,0,0,0,0,0,0,0,0,0,0,0,0,0,0,0,0,0,0,0,0,0,0,0,0,0,0,0,0,0,0,0,0,0,0,0,0,0,0,0,0,0,0,0,0,0,0,0,0,0,0,0,0,0,0,7,0,0,0,0,0,0,0,0,0,0,0,0,0,0,Eukaryota;Archaeplastida;Chlorophyta;Trebouxiophyceae;Microthamniales;Microthamniales_X;Trebouxia;Trebouxia_arboricola;,0.856626489363226
6908faff05c93e629920739703200da7,0,0,0,5,4,0,0,0,0,0,0,0,0,0,0,0,0,0,0,0,0,0,0,0,0,0,0,0,0,0,0,0,0,0,0,0,0,0,0,0,0,0,0,0,0,0,0,0,0,0,0,2,0,0,0,0,0,0,0,0,0,0,0,0,0,0,0,0,0,0,0,0,0,0,0,0,0,0,0,0,0,0,0,0,0,0,0,Eukaryota;Alveolata;Dinoflagellata;Syndiniales;Dino-Group-II;Dino-Group-II-Clade-14;Dino-Group-II-Clade-14_X;Dino-Group-II-Clade-14_X_sp.;,0.999915931179499
6aa6cb9829c1616cc84d2e54c70919dc,0,0,0,0,128,0,0,0,0,0,0,0,9,0,0,0,62,81,19,39,24,0,0,0,9,230,0,0,0,0,0,0,0,0,0,0,0,0,0,0,0,0,0,9,0,0,0,0,0,494,0,61,0,0,0,0,27,0,0,0,0,0,0,7,0,0,0,60,0,0,0,0,0,0,0,0,0,0,0,0,0,556,0,0,0,0,0,Eukaryota;Alveolata;Dinoflagellata;Dinophyceae,0.999752461894004
6b1a44f5303f5689bd4fae12dc67fc44,0,0,0,0,0,0,0,0,0,0,0,0,0,0,0,0,0,0,2,0,0,0,0,0,0,0,0,0,0,0,0,0,0,0,0,0,0,0,0,0,0,0,0,0,0,0,0,0,0,0,0,0,0,0,0,0,0,0,0,0,0,0,0,0,0,0,0,0,0,0,0,0,0,0,0,0,0,0,0,0,0,0,0,0,0,0,0,Eukaryota;Opisthokonta;Metazoa,0.745366588946818
6bc1c829dd15cf518cbb87ff842a52c3,0,0,0,0,0,0,0,0,0,0,17,14,0,19,9,0,0,0,0,0,0,0,18,12,29,0,0,0,0,0,0,0,0,0,0,0,0,0,31,8,18,30,10,0,0,0,0,0,0,0,20,0,0,0,36,30,0,0,8,0,0,0,0,0,22,16,0,0,0,0,0,0,0,0,0,0,0,6,0,0,0,0,0,0,0,0,0,Eukaryota;Alveolata;Dinoflagellata;Dinophyceae,0.997553069471916
6c1b0238f80f9f02f4a2a7397f874d58,196,24,92,442,385,471,253,748,667,1309,740,1056,1877,1315,404,438,208,264,23,20,31,0,75,1741,1887,77,268,171,66,55,40,3125,1552,194,36,0,2104,1953,640,773,1337,1272,581,72,0,254,39,0,0,0,1757,811,39,928,1162,1392,16,16,111,60,0,25,0,0,535,80,37,38,79,339,54,26,0,182,55,62,94,78,11,62,41,171,118,0,0,57,31,Eukaryota;Stramenopiles;Ochrophyta;Bacillariophyta;Bacillariophyta_X;Polar-centric-Mediophyceae;Chaetoceros;Chaetoceros_rostratus;,0.999851237250139
6c231ac3221b8b4314ef172dd24835eb,0,0,0,0,0,0,0,0,0,0,0,0,0,0,0,0,0,0,0,0,0,0,0,0,0,0,0,0,0,0,0,0,0,0,0,0,0,0,0,0,0,0,0,0,2,0,0,0,0,0,0,0,0,0,0,0,0,0,0,3,0,0,0,0,0,0,0,0,0,0,0,0,0,0,0,0,0,0,0,0,0,0,0,4,0,0,0,Eukaryota;Amoebozoa;Lobosa;Lobosa_X;Himatismenida;Parvamoebidae;Parvamoeba;Parvamoeba_rugata;,0.75568623380998
6c88cfa5b65d796cb3d611bffe028b20,0,0,0,0,0,0,0,0,0,0,0,0,0,0,0,0,0,0,0,0,0,0,0,0,0,0,0,0,0,0,0,0,0,0,0,0,0,0,0,0,0,0,0,0,0,0,0,0,0,0,0,0,0,0,0,0,0,0,0,0,0,0,0,0,0,0,0,0,0,8,0,0,0,0,0,0,0,0,0,0,0,0,0,0,0,0,0,Eukaryota;Stramenopiles;Ochrophyta;Dictyochophyceae;Dictyochophyceae_X;Pedinellales;Pteridomonas;Pteridomonas_danica;,0.999877289859154
6cf6b98bda4ca05d3cd32d85a58ee261,0,0,7,0,0,0,0,0,0,0,0,0,0,0,0,0,0,0,0,7,11,0,0,0,0,0,0,0,0,0,0,0,0,0,0,0,0,0,0,0,0,0,0,0,0,0,0,0,0,0,0,0,9,0,0,0,0,0,0,0,0,0,0,0,0,0,0,0,23,0,0,0,0,0,0,0,0,0,0,0,0,0,0,0,0,0,0,Eukaryota;Stramenopiles;Ochrophyta;Bacillariophyta;Bacillariophyta_X,0.999309223892474
6d7192a47a8f7d8707323485812f270d,556,182,2607,3404,4007,2644,796,606,620,358,411,1117,2239,13040,12726,9554,577,983,529,40,450,108,43,2463,3308,719,904,93,158,70,175,376,248,122,32,70,5274,4850,12299,10396,8485,7971,7925,9231,307,261,4,0,15,68,6665,8945,41,1175,605,2699,76,1209,6523,16,54,88,19,308,424,25,15,32,18,897,56,52,0,30,105,31,46,222,6,294,1159,91,331,0,0,0,10,Eukaryota;Stramenopiles;Ochrophyta;Bacillariophyta;Bacillariophyta_X;Polar-centric-Mediophyceae;Eucampia,0.999862345137527
6dc2dcfd085086dd47310df74e7cc3aa,81,0,64,261,268,165,260,476,277,626,564,655,1148,853,694,406,403,237,0,0,0,0,0,772,830,68,472,218,30,33,0,867,455,103,0,16,975,2553,597,559,1189,1942,595,268,68,378,0,19,0,0,1319,916,0,421,622,328,0,20,129,27,0,0,11,0,0,0,0,0,0,279,0,0,0,48,0,0,239,1233,0,31,47,145,47,0,0,0,0,Eukaryota;Stramenopiles;Ochrophyta;Bacillariophyta;Bacillariophyta_X;Polar-centric-Mediophyceae;Chaetoceros;Chaetoceros_rostratus;,0.737181611484748
6ef78184ad886431913bfb1e0eb086b3,0,0,0,0,0,0,0,0,0,0,0,0,0,0,0,0,0,0,0,0,0,0,0,0,0,0,0,0,0,0,0,0,0,0,0,0,0,0,0,0,0,0,0,0,0,0,0,0,0,0,0,0,0,0,0,0,0,0,0,0,0,0,0,4,0,0,0,0,0,0,0,0,0,0,0,0,0,0,0,0,0,0,0,0,0,0,0,Eukaryota,0.999999999999978
6fa6882ef9556dea66b4361d0221bb21,0,0,0,0,0,0,0,0,0,0,0,0,0,0,0,0,0,0,0,3,0,0,0,0,0,0,0,0,0,0,0,0,0,0,0,0,0,0,0,0,0,0,0,0,0,0,0,0,0,0,0,0,0,0,0,0,0,0,0,0,0,0,0,0,0,0,0,0,0,0,0,0,0,0,0,0,0,0,0,0,0,0,0,4,0,0,0,Eukaryota;Opisthokonta;Metazoa;Mollusca;Gastropoda;Caenogastropoda,0.795448845954254
6fc96a1dfd76b4ae0d6113a02797e743,0,0,0,0,0,0,0,0,0,0,0,0,0,0,0,0,0,0,0,0,0,0,0,0,0,0,0,0,0,0,0,0,0,0,0,0,0,0,0,0,0,0,0,0,0,0,0,0,0,0,0,0,4,0,0,0,0,0,0,0,0,45,0,0,4,0,0,0,0,0,0,7,0,0,0,0,0,0,0,0,0,0,0,0,0,0,0,Eukaryota;Opisthokonta;Metazoa;Arthropoda;Crustacea;Maxillopoda,0.999999192208526
706c297e37d11a6c7beac4a8cf2a6ec2,0,0,0,0,0,0,0,0,0,0,0,0,0,0,0,0,8,0,0,0,0,0,54,0,0,14,11,0,0,0,0,0,12,0,13,0,0,0,0,0,0,0,0,0,0,0,0,0,0,0,0,23,0,0,0,0,0,0,0,0,0,0,0,0,0,0,0,0,0,0,0,0,0,0,0,0,0,0,0,0,0,9,0,0,0,0,0,Eukaryota;Stramenopiles;Ochrophyta;Bacillariophyta;Bacillariophyta_X;Polar-centric-Mediophyceae;Conticribra;Conticribra_weissflogii;,0.963324415251324
720c99fefaa59a540b8b589bfdedb885,0,0,0,26,371,142,188,1031,84,0,0,0,71,0,151,120,461,198,1850,3381,4525,1701,434,0,0,185,555,100,83,63,227,0,32,75,0,74,0,92,50,97,62,126,71,83,731,721,280,1631,17613,3766,27,280,391,0,60,0,49,22,0,60,39,261,3781,5116,55,483,1568,9112,42402,51,6568,134,758,0,16,739,236,414,33,319,56,2691,105,116,13812,1424,12218,Eukaryota;Stramenopiles;Ochrophyta;Bacillariophyta;Bacillariophyta_X;Raphid-pennate;Fragilariopsis;Fragilariopsis_cylindrus;,0.718056805397479
72dfb87bebcb9b8dfbf3ba97878ff3b4,0,0,0,0,0,0,0,0,0,0,0,6,0,0,0,0,0,0,0,0,0,0,0,0,0,0,0,0,0,0,0,0,5,0,0,5,0,0,0,0,0,0,0,0,0,0,0,0,0,0,0,0,0,0,0,0,0,0,0,0,0,0,0,0,0,0,0,0,21,0,0,0,0,0,0,0,0,4,0,0,0,3,0,0,0,0,0,Eukaryota;Rhizaria;Cercozoa;Filosa-Imbricatea;Filosa-Imbricatea_X;Novel-clade-2;Novel-clade-2_X;Novel-clade-2_X_sp.;,0.910648957666521
72eabf7f6664a7b326aa5b891c05a9f4,5,0,0,14,76,24,29,96,41,0,0,0,0,0,4,9,71,26,242,123,205,252,0,0,0,22,90,26,65,6,25,0,0,0,0,0,0,0,0,0,0,0,0,0,12,91,4,15,286,184,0,0,83,0,3,0,10,0,13,26,32,43,90,152,0,0,2,18,59,7,31,32,57,4,15,9,0,0,0,0,4,58,21,10,0,0,0,Eukaryota,0.999999999999985
7320df9c546785b6414a63a3c3670820,0,0,0,0,0,0,0,0,0,0,0,0,36,108,0,29,0,0,0,0,0,0,0,0,49,0,0,0,0,0,0,0,0,0,0,0,0,25,38,16,24,0,22,0,0,0,0,0,0,0,0,0,0,0,0,0,0,0,20,0,0,0,0,0,0,0,0,0,0,0,0,0,0,0,0,0,0,0,0,0,0,0,0,0,55,94,97,Eukaryota;Alveolata;Dinoflagellata;Dinophyceae,0.99922081777341
734275c398ea1ddcd94ca6ea10d3b7fe,0,0,0,0,0,0,0,0,0,0,7,0,0,0,0,0,0,0,0,0,0,0,0,0,0,0,0,0,0,0,0,2,6,0,0,0,0,0,0,0,0,0,0,0,0,10,0,16,389,0,0,0,508,0,0,0,0,0,0,0,3,66,0,0,0,0,0,0,97,0,0,8,0,0,10,0,0,0,0,0,0,0,130,238,0,0,0,Eukaryota;Opisthokonta;Metazoa;Arthropoda;Crustacea;Maxillopoda;Tisbe;Tisbe_sp.;,0.993920449107991
7363802588ab6684e292d5663158a629,0,0,0,0,0,0,0,0,0,0,0,0,0,0,0,0,0,0,0,0,0,0,0,0,0,0,0,0,0,0,0,0,0,0,0,0,0,0,0,0,0,0,0,0,0,0,0,0,0,0,0,0,0,0,0,0,0,12,0,0,0,0,0,0,0,0,0,0,0,0,0,0,0,0,0,0,0,0,0,0,0,0,0,0,0,0,0,Eukaryota;Stramenopiles;Pseudofungi;MAST-1;MAST-1C;MAST-1C_X;MAST-1C_XX;MAST-1C_XX_sp.;,0.999999996412313
7366c18b17ea547ca61743476fc828cc,0,0,0,0,28,4,0,0,0,0,0,0,0,0,0,0,0,0,0,0,0,0,0,0,0,0,0,0,0,0,0,0,3,0,0,0,0,0,0,0,0,0,0,0,0,0,0,0,0,0,0,0,0,0,0,28,0,0,0,0,0,0,0,0,0,0,0,0,0,0,0,0,0,0,0,4,0,0,0,0,2,905,0,0,0,0,0,Eukaryota;Archaeplastida;Chlorophyta;Ulvophyceae;Ulotrichales;Ulotrichales_X,0.999999816639508
73addf2cb4385f9ed8f758a78b6f66ca,5,0,20,196,214,91,244,279,34,0,0,0,0,0,0,0,82,61,193,205,75,165,8,26,0,8,18,6,54,13,7,0,7,0,0,0,0,0,0,5,0,0,0,0,4,10,8,50,76,31,8,0,219,0,0,0,0,0,0,18,33,44,58,190,0,27,25,13,19,132,52,80,31,10,62,81,0,0,0,8,0,52,99,24,0,0,0,Eukaryota;Hacrobia;Haptophyta;Prymnesiophyceae;Phaeocystales;Phaeocystaceae;Phaeocystis;Phaeocystis_sp.;,0.978061102300049
740b1bd9cabbf19f5352b48d17945e51,0,0,0,0,0,0,0,0,0,0,0,0,0,0,0,0,0,0,0,0,0,0,0,0,0,0,0,0,0,0,0,0,0,0,0,0,0,0,0,0,0,0,0,0,0,0,0,0,0,0,0,0,0,0,0,0,0,0,0,0,0,0,0,0,0,0,0,0,0,0,0,0,0,0,0,0,0,0,0,0,19,0,0,0,0,0,0,Eukaryota;Stramenopiles;Ochrophyta;Bacillariophyta;Bacillariophyta_X;Polar-centric-Mediophyceae;Attheya;Attheya_longicornis;,0.976345218481543
74254e324deaa59843d73de994a229c1,0,0,0,0,0,0,0,0,0,0,0,0,0,0,0,0,0,0,0,0,0,0,0,0,0,0,0,0,0,0,0,0,0,0,0,0,0,0,0,0,0,0,0,0,0,0,0,0,0,0,0,0,4,0,0,0,0,0,0,0,0,0,0,0,0,0,0,0,0,0,0,0,0,0,0,0,0,0,0,0,0,0,6,0,0,0,0,Eukaryota;Rhizaria;Cercozoa;Filosa-Thecofilosea;Ventricleftida;CCW10-lineage;CCW10-lineage_X;CCW10-lineage_X_sp.;,0.999999999984624
746447247cb46122919fb970df268618,0,0,0,0,0,0,0,0,0,0,0,0,0,0,0,0,56,36,0,0,0,0,0,0,9,97,17,0,0,0,0,0,0,0,0,0,0,17,0,7,0,9,0,13,37,40,0,0,0,0,0,0,0,0,0,0,109,13,9,0,0,0,0,0,0,0,0,0,0,0,0,0,0,0,0,17,0,0,0,0,0,188,0,0,0,0,0,Eukaryota;Rhizaria;Cercozoa;Filosa-Thecofilosea;Cryomonadida;Cryothecomonas-lineage;Cryothecomonas;Cryothecomonas_aestivalis;,0.970924156874425
7522851481c52063d2e0f71be4103937,0,0,0,0,0,0,0,0,0,0,0,0,0,0,0,0,0,0,0,0,0,0,0,0,0,0,0,0,0,0,0,0,0,0,0,0,0,0,0,0,0,0,0,0,0,0,0,0,42,0,0,0,14,0,0,0,0,0,0,0,0,0,0,0,0,0,0,0,0,0,0,0,0,0,0,0,0,0,0,0,0,0,0,10,0,0,0,Eukaryota;Rhizaria;Cercozoa;Filosa-Thecofilosea;Cryomonadida;Protaspa-lineage;Protaspa;Protaspa_sp.;,0.900200752666805
762aa03a2e96aa4466f1ea08b47e17cd,0,0,0,0,0,0,0,0,0,0,0,0,0,0,0,0,0,0,0,0,0,0,4,0,0,0,0,0,0,0,0,0,3,0,0,0,0,0,0,0,0,0,0,0,0,0,0,0,0,0,0,0,0,0,0,0,0,0,0,0,0,0,0,0,0,0,0,0,0,0,0,0,0,0,0,0,0,0,0,0,0,0,0,0,0,0,0,Eukaryota;Archaeplastida;Chlorophyta;Ulvophyceae;Ulotrichales;Ulotrichales_X;Capsosiphon;Capsosiphon_groenlandicus;,0.999910603324153
77809d3db596ae5f844f4d6b56764dd7,0,0,0,8,12,4,13,27,32,0,0,0,0,0,5,0,9,11,31,42,28,9,0,0,3,16,13,0,8,0,0,0,0,0,0,0,0,0,3,0,0,3,0,0,0,0,0,0,7,11,7,11,0,0,0,0,8,0,0,0,2,5,16,56,0,7,3,0,6,12,12,5,0,0,0,6,7,4,0,7,0,62,0,0,0,0,0,Eukaryota;Stramenopiles;Opalozoa;MAST-3;MAST-3E;MAST-3E_X;MAST-3E_XX;MAST-3E_XX_sp.;,0.99999880442552
778e635a814cdff0107765c83b514a08,0,0,0,0,0,0,0,3,0,0,0,0,0,0,0,0,0,0,0,0,0,0,0,0,0,0,0,0,0,0,0,0,0,0,0,0,0,0,0,0,0,0,0,0,0,0,0,0,0,0,0,0,0,0,0,0,0,0,0,0,0,0,2,0,0,0,0,0,0,0,0,0,0,0,0,0,0,0,0,0,0,0,0,0,0,0,0,Eukaryota;Alveolata;Dinoflagellata;Syndiniales;Dino-Group-II;Dino-Group-II-Clade-13;Dino-Group-II-Clade-13_X;Dino-Group-II-Clade-13_X_sp.;,0.999999986393696
780af0863c4827a6e36448b70a12b788,0,0,0,20,0,0,0,0,0,0,0,0,0,0,0,0,0,0,0,0,0,0,0,0,0,0,0,0,0,0,0,0,0,0,0,0,0,0,0,0,0,0,0,0,0,0,0,0,0,0,0,0,0,0,0,0,0,0,0,0,0,0,0,0,0,0,0,0,0,0,0,0,0,0,0,0,0,0,0,0,0,0,0,0,0,0,0,Eukaryota;Opisthokonta;Metazoa;Cnidaria;Cnidaria_X;Hydrozoa;Pantachogon;Pantachogon_haeckeli;,0.999999970980042
78c875089926e7c4b031dacb9e3a9521,0,0,0,0,0,0,2,0,0,0,0,0,0,0,0,0,0,31,0,13,35,0,0,0,0,0,0,0,0,0,0,0,0,0,0,0,0,0,0,0,0,0,0,0,0,0,0,0,3,2,3,3,7,0,0,0,0,0,0,0,0,0,0,0,0,0,0,0,0,0,0,0,2,0,0,11,0,0,0,44,26,0,0,5,0,2,0,Eukaryota;Rhizaria;Cercozoa;Filosa-Imbricatea;Euglyphida,0.998457372995313
78de5c7fa1624bbf2764ef0cd4a4f63d,0,0,0,29,572,0,0,0,0,36,0,194,69,220,110,164,137,155,152,43,166,80,0,92,583,546,53,0,0,0,0,0,94,0,0,0,0,90,83,232,181,84,159,82,94,36,0,0,0,882,186,514,80,0,131,75,128,73,71,0,0,0,0,726,0,0,0,250,158,113,0,0,0,0,0,0,594,113,0,39,79,568,0,0,272,884,138,Eukaryota;Alveolata;Dinoflagellata;Dinophyceae,0.999923565386362
79566ea3740fbcdff2c6940e206316ed,15,0,0,0,0,0,4,8,14,19,0,0,0,0,0,0,0,0,0,4,0,0,0,0,0,0,0,16,9,23,19,12,13,0,0,0,0,0,0,0,0,0,0,0,0,0,10,0,13,12,0,0,6,0,0,0,0,0,0,4,19,8,9,0,0,0,20,14,0,0,0,5,13,17,0,0,0,0,0,0,0,0,0,0,0,0,0,Eukaryota,1
796b97985b99a2563ad9abf89aca265f,0,0,0,0,0,0,0,0,0,0,0,0,0,0,0,0,0,0,0,0,0,0,0,0,0,0,0,0,9,0,0,0,0,0,0,0,0,0,0,0,0,0,0,0,0,0,0,0,0,0,0,0,0,0,0,22,0,0,0,0,0,0,0,0,0,0,0,0,0,0,0,0,0,0,0,0,0,0,0,0,0,0,0,5,0,0,0,Eukaryota;Opisthokonta;Metazoa;Arthropoda;Crustacea;Maxillopoda;Misophriopsis;Misophriopsis_sp.;,0.729223901079963
7a61ce8e2a935383c1a915ec9109e79c,0,0,0,0,0,0,0,0,0,0,0,0,0,0,0,0,0,6,0,0,0,0,0,0,0,0,0,0,0,0,0,0,0,0,0,0,0,0,0,0,0,0,0,0,0,0,0,0,0,0,0,0,0,0,0,0,0,0,0,0,0,3,0,0,0,0,0,0,7,0,0,0,0,0,0,0,0,0,0,0,0,2,0,0,0,0,0,Eukaryota;Opisthokonta,0.998809070731472
7b0d38488b5e170b059b16f2b7922173,0,0,0,0,0,0,0,0,0,0,0,0,0,0,0,0,0,0,0,0,0,0,0,0,0,0,0,0,0,0,0,0,0,0,0,0,0,0,0,0,0,0,0,0,0,0,0,0,0,7,0,0,0,0,0,0,0,0,0,0,0,0,0,0,0,0,0,0,0,0,0,0,0,0,0,0,0,0,0,0,0,0,0,0,0,0,0,Eukaryota;Opisthokonta;Metazoa;Arthropoda;Crustacea;Maxillopoda;Tigriopus,0.960512986251984
7b103d31d93ea33b381d741855acb04d,0,0,0,0,5,0,0,0,0,0,0,0,0,0,0,0,0,9,0,0,0,0,0,7,0,0,0,0,0,0,0,0,0,0,0,0,0,0,0,0,0,0,0,0,0,0,0,0,0,0,0,0,0,0,0,0,0,0,0,0,0,0,0,0,107,0,0,0,0,8,10,0,0,0,0,0,12,43,34,5,15,0,0,0,0,0,0,Eukaryota;Stramenopiles;Ochrophyta;Bacillariophyta;Bacillariophyta_X;Raphid-pennate,0.997136738924207
7bacd47b9438c9f615eb4d1f8c7ff1fc,0,0,0,0,6,0,0,0,0,0,0,0,0,0,0,0,0,0,0,0,0,0,0,0,0,0,0,0,0,0,0,0,0,0,0,0,0,0,0,0,0,0,0,0,0,0,0,62,0,0,0,0,0,0,0,0,0,0,0,0,0,4,0,0,0,0,0,0,0,0,0,0,0,0,0,0,0,0,0,0,0,0,0,0,0,0,0,Eukaryota;Opisthokonta;Metazoa;Arthropoda;Crustacea;Maxillopoda,0.999960515802052
7c32c418438d6fc2dc1760ee8ac3b53e,1421,1130,7538,13519,5631,7178,3180,742,210,6095,14464,18651,15695,5229,1119,1245,640,2988,522,29,45,0,1010,18091,5035,718,346,127,62,58,87,9831,7395,4478,10552,341,17680,5546,1234,1792,7638,4704,2520,894,66,1516,0,0,0,0,6531,2100,19,14639,31044,15109,16,27,126,39,38,37,0,0,4926,1631,0,0,0,4261,69,75,0,229,315,249,51,262,864,766,653,57,1385,0,49,146,40,Eukaryota;Stramenopiles;Ochrophyta;Bacillariophyta;Bacillariophyta_X;Polar-centric-Mediophyceae;Thalassiosira;Thalassiosira_tumida;,0.821305028871733
7d34abb77c8b7acadccf300ade337fe6,0,0,0,0,0,0,0,0,0,0,0,0,0,0,0,0,8,0,0,0,0,0,0,0,0,0,0,0,0,0,0,0,0,0,0,0,0,0,0,0,0,0,0,0,0,0,0,0,0,7,0,0,0,0,0,0,0,0,0,0,0,0,0,0,0,0,0,0,0,0,0,0,0,0,0,0,0,0,0,0,0,0,0,0,0,0,0,Eukaryota,1.00000000000001
7d5ebdc08ee80413f965e9b57df59403,0,0,0,0,0,0,0,0,0,0,0,0,42,6,0,0,0,0,0,0,0,0,0,12,16,0,0,0,0,0,0,0,0,0,25,0,32,0,0,0,0,0,0,0,0,0,0,0,0,0,0,0,0,0,0,0,0,0,0,0,0,0,0,0,0,0,0,0,0,0,0,0,0,0,0,0,0,5,258,0,0,0,0,0,0,0,0,Eukaryota;Alveolata;Dinoflagellata;Dinophyceae,0.995403961736191
7e01ce00a1ce124ce52109966b4f2bc5,0,0,0,0,0,0,0,0,0,0,0,0,0,0,0,0,0,0,0,0,0,0,0,0,0,0,0,0,0,0,0,0,0,0,0,0,0,0,0,0,0,0,0,0,0,0,0,0,0,0,0,0,0,0,0,0,0,0,0,0,0,0,0,0,0,0,0,0,0,0,0,0,0,0,0,0,0,0,0,3,0,0,0,0,0,0,0,Eukaryota,0.999999999999996
7ea9112a0ae1fe52bcef0837275f72f4,6,11,48,504,1732,101,355,924,23,6,4,5,7,62,46,62,1200,821,850,845,452,823,20,20,34,381,804,348,363,42,44,7,17,0,0,0,0,6,25,70,18,73,50,10,112,125,21,105,386,179,80,200,332,0,6,12,64,27,57,321,157,224,251,263,8,99,6,83,63,169,2469,545,1007,19,51,8868,71,93,0,42,51,2417,904,69,2,0,2,Eukaryota;Hacrobia;Telonemia;Telonemia_X;Telonemia_XX;Telonemia-Group-1;Telonemia-Group-1_X;Telonemia-Group-1_X_sp.;,0.999999999994088
7eac0bbb25473d232f425706a2846222,6,0,24,55,38,7,38,29,12,0,0,0,0,0,0,0,34,37,112,67,45,52,0,0,0,0,0,8,32,6,8,0,29,0,0,0,0,0,0,0,0,0,0,0,0,0,0,15,23,0,0,0,69,0,0,0,0,0,0,27,14,49,16,73,0,15,0,0,0,0,71,78,0,8,29,76,0,0,0,0,0,0,19,6,0,0,0,Eukaryota;Stramenopiles;Ochrophyta;Dictyochophyceae;Dictyochophyceae_X,0.987417370323189
7f82c70ee1a7856698efd4bb1ccc9a44,9,0,0,22,0,0,0,0,0,0,0,0,0,0,0,0,0,204,0,0,0,0,0,0,0,0,0,0,0,0,0,0,0,0,0,0,0,0,0,0,0,0,0,0,0,0,0,0,0,0,0,0,0,0,0,0,0,0,0,0,0,0,0,0,0,0,0,0,0,0,0,0,0,0,0,0,0,0,0,0,163,0,0,0,0,0,0,Eukaryota;Opisthokonta;Metazoa;Arthropoda;Crustacea;Maxillopoda,0.999986396805336
803331db243b173696d04a61b206007d,0,0,0,2,0,0,0,0,0,0,0,0,0,0,0,0,4,2,115,72,418,288,0,0,0,0,0,3,13,0,9,0,0,0,0,0,0,0,0,0,0,0,0,0,0,0,0,0,105,368,0,0,16,0,0,0,0,0,0,0,5,64,62,413,0,0,9,22,138,0,0,0,6,0,0,0,0,0,0,0,0,5,0,0,0,0,0,Eukaryota;Alveolata;Dinoflagellata;Syndiniales;Dino-Group-II;Dino-Group-II-Clade-10-and-11;Dino-Group-II-Clade-10-and-11_X;Dino-Group-II-Clade-10-and-11_X_sp.;,0.989418164862432
80f6c81582b3c25855a7edd7f8b25ebc,0,0,0,0,8,0,0,0,0,0,0,0,13,75,22,0,28,0,0,0,0,0,0,0,28,0,0,0,0,0,0,0,0,0,0,0,17,0,17,0,0,0,12,0,0,0,0,0,0,0,0,47,0,0,0,0,0,0,32,0,0,0,0,0,0,0,0,0,0,0,0,0,0,0,0,0,0,0,0,87,122,0,0,0,50,50,36,Eukaryota;Alveolata;Ciliophora;Spirotrichea;Tintinnida;Ptychocylididae;Cymatocylis,0.994079457516167
81844926572bcea501a51a1615307a9c,0,0,0,0,0,0,0,0,0,0,0,0,0,0,0,0,0,0,0,0,0,0,0,0,0,0,0,0,0,0,0,0,0,0,0,0,0,0,0,0,0,0,0,0,0,0,0,0,0,3,0,0,0,0,0,0,0,0,0,0,0,0,0,0,0,0,0,0,0,0,0,0,0,0,0,0,0,0,0,8,0,0,0,0,0,0,0,Eukaryota;Rhizaria;Cercozoa;Filosa-Imbricatea;Marimonadida;Marimonadida_X;Pseudopirsonia;Pseudopirsonia_mucosa;,0.999999997190912
8237b189738e7184b3c9eb95c8b4cc02,0,0,0,0,0,0,0,0,0,0,0,0,0,0,0,0,0,0,0,0,0,0,0,0,0,0,0,0,0,0,0,0,0,0,0,0,0,0,0,0,0,0,0,0,0,0,0,0,0,0,0,0,0,0,0,0,0,0,0,0,0,0,0,0,0,0,0,0,0,0,11,0,0,0,0,0,0,0,0,0,0,0,0,0,0,0,0,Eukaryota;Stramenopiles;Ochrophyta;Chrysophyceae;Chrysophyceae_X;Chrysophyceae_Clade-F;Chrysophyceae_Clade-F_X;Chrysophyceae_Clade-F_X_sp.;,0.999273572224156
829f0f7da636dcd846087aa36b389616,0,0,0,0,0,0,0,0,0,0,0,0,0,0,0,0,0,14,0,0,0,0,0,0,0,0,0,0,0,0,0,0,0,0,0,0,0,0,0,0,0,0,0,0,0,0,0,0,0,0,0,0,0,0,0,0,0,0,0,0,0,0,18,0,0,0,0,0,0,0,0,0,0,0,0,0,0,0,0,3,4,0,0,0,2,0,0,Eukaryota;Rhizaria;Cercozoa;Filosa-Thecofilosea;Cryomonadida,0.963600785505321
82a2a61db105bf8033eeaacffa77f7b8,0,0,0,0,0,0,0,0,0,0,0,0,0,0,0,0,0,0,0,0,0,0,0,0,0,0,0,0,0,0,0,0,0,0,0,0,0,0,0,0,0,0,0,0,0,0,0,0,0,0,0,0,0,0,0,17,0,0,0,0,0,0,0,0,0,0,0,0,0,0,0,0,0,0,0,0,0,0,0,0,0,0,0,0,0,0,0,Eukaryota;Opisthokonta;Metazoa;Arthropoda;Crustacea;Ostracoda;Conchoecia;Conchoecia_sp.;,0.999999692217363
8401362d818fb0bdf37275c6f04abb49,0,0,0,0,0,13,36,27,23,0,0,0,0,0,0,8,53,202,650,1448,1123,1592,32,0,0,65,117,102,271,13,27,0,0,0,0,0,0,0,0,0,0,0,0,0,52,195,17,31,921,505,0,0,596,0,0,0,24,0,6,149,14,14,177,200,0,11,32,107,1391,0,167,0,374,0,0,136,0,0,0,0,0,555,29,72,7,2,0,Eukaryota;Stramenopiles;Pseudofungi;MAST-1;MAST-1C;MAST-1C_X;MAST-1C_XX;MAST-1C_XX_sp.;,0.999999848392162
843b49344e38325de74d8fc33368061e,0,0,0,0,0,0,0,0,0,0,0,0,0,0,0,0,0,0,0,0,0,0,0,0,0,0,0,0,0,0,0,0,0,0,0,0,0,0,0,0,0,0,0,0,0,0,0,0,0,0,0,0,0,0,0,0,0,0,0,0,0,0,0,0,0,0,0,0,7,0,0,0,0,0,0,0,0,0,0,0,0,0,0,0,0,0,0,Eukaryota;Opisthokonta;Metazoa;Rotifera;Rotifera_X;Rotifera_XX,0.812710537306201
86358750d61d9b9d7c4f3b2f48c17b74,0,0,0,0,0,0,0,0,0,0,0,0,0,0,0,0,0,0,0,0,0,0,0,0,0,0,0,0,0,0,0,0,0,0,0,0,0,0,0,0,0,0,0,0,0,0,0,0,0,0,0,0,0,0,0,0,0,0,0,0,0,0,0,0,0,0,0,0,0,0,0,0,0,0,0,0,0,0,0,70,30,0,0,0,0,0,0,Eukaryota;Opisthokonta;Metazoa,0.999846249790837
872e1cc5f1d7730b22254c33214a5ea3,0,0,0,0,0,0,0,0,0,0,0,0,0,0,0,0,0,0,0,0,0,0,0,0,0,0,0,28,0,0,0,0,0,0,0,0,0,0,0,0,0,0,0,0,0,0,0,0,0,0,0,0,0,0,0,0,0,0,0,0,0,0,0,0,0,0,0,0,0,0,0,0,0,0,0,0,0,0,0,117,1838,3,0,0,0,0,0,Eukaryota;Rhizaria;Radiolaria;Polycystinea;Nassellaria;Plagiacanthoidea;Lithomelissa,0.999708659283831
8773d5d5b1a5b29ee7a71948559b139f,0,0,0,7,4,0,3,6,5,0,0,5,3,11,17,13,84,108,42,23,29,47,2,0,8,100,21,7,27,0,0,0,5,0,0,0,0,4,8,24,9,10,5,5,19,14,0,0,0,9,20,72,23,0,0,7,62,11,9,17,10,9,11,147,0,0,5,11,0,21,7,0,0,0,5,10,2,0,0,0,0,264,0,0,0,0,0,Eukaryota;Stramenopiles;Ochrophyta,0.942119664390801
881d2b4758b30fd8424b879725179613,0,0,0,0,0,0,0,0,0,0,0,0,0,0,0,0,0,0,0,0,0,0,4,0,0,0,0,0,0,0,0,0,0,0,0,0,0,0,0,0,0,0,0,0,0,0,0,0,0,0,0,0,0,0,0,0,0,0,0,0,0,0,0,0,0,0,0,0,0,0,0,0,0,0,0,0,0,0,0,0,0,0,0,0,0,0,0,Eukaryota;Opisthokonta,0.947677502145853
88b95fb8a468016b87bfc27239a59ef3,0,0,0,0,0,0,0,0,0,0,0,0,0,0,0,0,0,0,0,0,0,0,0,0,0,0,0,0,0,0,0,0,0,0,0,0,0,0,0,0,0,0,0,0,0,0,0,0,0,0,0,0,0,0,0,0,0,0,0,0,0,0,0,0,0,0,0,0,0,0,0,0,45,0,0,0,0,0,0,0,0,0,0,0,0,0,0,Eukaryota;Rhizaria;Cercozoa;Filosa-Imbricatea;Thaumatomonadida;Thaumatomonadida_X;Thaumatomonadida_XX;Thaumatomonadida_XX_sp.;,0.999919230651517
894ede45f4dab0f5e64769b8134153c9,0,0,0,0,0,0,0,0,0,0,0,0,0,0,0,0,0,0,0,0,0,0,0,0,0,0,0,0,0,0,0,0,0,0,0,0,0,0,0,0,0,0,0,0,0,0,0,0,0,0,0,0,0,0,0,0,0,0,0,0,0,0,0,0,11,0,0,0,0,0,0,0,0,0,0,0,0,11,0,0,0,0,0,0,0,0,0,Eukaryota;Rhizaria;Cercozoa;Filosa-Thecofilosea;Cryomonadida;Cryomonadida_X;Cryomonadida_XX;Cryomonadida_XX_sp.;,0.848958472008605
89872b75f32e08c4d9a96fa75799f175,0,0,0,0,7,0,0,0,0,2,0,0,3,0,0,0,54,0,20,0,0,9,0,0,2,16,8,0,0,0,0,0,0,0,0,0,0,0,0,0,0,0,0,0,0,0,0,0,0,16,0,0,0,0,0,0,0,0,5,0,0,0,0,0,0,0,3,3,2,0,0,0,0,0,0,0,53,0,0,6,0,0,0,0,3,0,0,Eukaryota;Rhizaria;Cercozoa;Endomyxa-Ascetosporea;Paradinida;Paradinidae;Paradinium;Paradinium_poucheti;,0.995108325388299
8a8c312df797fc7f5888852683c8ecc2,0,0,0,0,0,0,0,0,0,0,0,0,0,0,0,0,0,0,0,0,0,0,3,0,0,0,0,0,0,0,0,0,0,0,0,4,0,0,0,0,0,0,0,0,0,0,0,0,0,4,0,6,0,0,0,0,0,0,0,0,0,0,0,0,0,0,0,0,0,0,0,0,0,0,0,0,0,0,0,0,0,8,0,0,0,0,0,Eukaryota;Alveolata;Dinoflagellata;Syndiniales;Dino-Group-I;Dino-Group-I-Clade-1;Dino-Group-I-Clade-1_X;Dino-Group-I-Clade-1_X_sp.;,0.999997785596158
8ab2ee1499818eae81ff4a693b5b6c2e,0,0,0,0,0,0,0,0,0,0,0,0,0,0,0,0,0,0,0,0,0,0,0,0,0,0,0,0,0,0,0,0,0,0,0,13,0,0,0,0,0,0,0,0,0,0,0,0,0,0,0,0,0,0,0,0,0,0,0,0,0,0,0,0,0,0,0,0,0,0,0,0,0,0,0,0,0,0,0,0,6,0,0,0,0,0,0,Eukaryota;Archaeplastida;Streptophyta;Embryophyceae;Embryophyceae_X;Embryophyceae_XX,0.999999999547345
8b9ac9aa3286befadd4beb7ee9d5e3e4,0,0,0,0,0,0,0,0,0,0,0,0,0,0,0,0,4,0,9,0,0,0,0,0,0,12,7,0,0,0,0,0,0,0,0,0,0,3,0,0,4,0,0,0,6,10,0,0,0,0,0,0,0,0,0,2,0,0,7,0,0,0,0,0,0,0,0,0,0,0,9,0,0,0,0,0,0,0,0,0,0,13,0,0,0,0,0,Eukaryota;Archaeplastida;Chlorophyta;Mamiellophyceae;Dolichomastigales;Crustomastigaceae;Crustomastigaceae-AB;Crustomastigaceae-AB_sp.;,0.875904133124707
8bc50ad501086322808bea0420c02620,0,0,0,0,29,0,0,10,0,0,0,0,0,0,0,0,0,0,64,18,171,59,0,0,21,0,0,0,0,0,0,0,0,0,0,0,0,0,0,0,0,0,0,0,0,0,0,0,0,84,15,22,0,0,0,0,0,0,0,0,0,0,0,271,0,0,21,23,35,20,0,0,0,0,7,0,0,0,0,0,17,21,0,0,0,0,0,Eukaryota;Alveolata;Dinoflagellata;Dinophyceae;Gymnodiniales;Gymnodiniaceae,0.909296198970488
8bd2932852fe57d42ab100902199573d,0,0,0,0,0,0,0,0,0,0,0,0,0,0,0,0,0,0,0,0,0,0,0,0,0,0,0,0,0,0,0,0,0,0,0,0,0,0,0,0,0,0,0,0,0,0,0,0,0,0,0,0,9,0,0,0,0,0,0,0,0,0,0,0,0,0,0,0,0,0,0,0,0,0,0,0,0,0,0,0,0,0,0,0,0,0,0,Eukaryota;Opisthokonta;Metazoa;Craniata;Craniata_X;Teleostei;Salmo;Salmo_salar;,0.949214338383447
8bf9a75b9d51642476048e022899665f,0,0,0,0,0,0,0,0,0,0,0,0,0,0,0,0,0,0,0,0,0,0,0,0,0,0,0,0,0,0,0,0,0,0,0,0,0,0,0,0,0,0,0,0,0,0,0,0,0,17,0,0,0,0,0,0,0,0,0,0,0,0,0,0,0,0,0,0,0,0,0,0,0,0,0,0,0,0,0,27,0,0,0,0,0,0,0,Eukaryota;Rhizaria;Cercozoa;Filosa-Thecofilosea;Cryomonadida;Protaspa-lineage;Protaspa;Protaspa_sp.;,0.947000973711801
8cd0ac1597f657c6a77799fb64e0fb6d,0,0,0,0,0,0,0,0,0,0,0,0,0,0,0,0,0,0,0,0,0,0,0,0,0,0,0,0,0,0,0,10,0,38,0,0,0,26,0,0,0,0,0,0,168,0,0,0,0,0,0,0,59,0,0,0,0,0,0,0,0,0,0,0,0,0,0,0,0,0,0,0,68,0,0,329,0,0,0,0,0,236,0,0,0,0,0,Eukaryota;Stramenopiles;Ochrophyta;Bacillariophyta;Bacillariophyta_X;Araphid-pennate,0.99571951705268
8dbb5b161534cfbd5997c14de13b4301,0,0,0,0,0,0,0,0,0,0,0,0,0,0,0,0,0,0,0,0,0,0,0,0,0,0,0,0,0,0,0,0,0,0,0,0,0,0,0,0,0,0,0,0,0,0,0,0,0,15,0,0,0,0,0,0,0,0,0,0,0,0,0,12,0,0,0,0,0,0,0,0,0,0,0,0,0,0,0,0,0,0,0,0,0,0,0,Eukaryota;Alveolata;Dinoflagellata;Syndiniales;Dino-Group-II;Dino-Group-II_X;Dino-Group-II-Clade-52_X;Dino-Group-II-Clade-52_X_sp.;,0.93761596066858
8e587eec0422cc5e9c03849b79bcbfb6,9,0,0,12,13,0,0,0,0,37,23,17,26,16,0,0,0,0,0,0,0,0,0,23,25,0,0,0,0,0,0,36,43,0,8,0,19,11,0,15,0,0,10,0,0,0,0,0,0,0,13,9,0,12,12,11,0,0,0,0,0,0,0,0,0,0,0,0,0,21,0,0,0,0,0,0,0,0,27,128,97,0,0,0,0,0,0,Eukaryota;Stramenopiles;Ochrophyta;Bacillariophyta;Bacillariophyta_X;Radial-centric-basal-Coscinodiscophyceae;Corethron;Corethron_inerme;,0.999999798413916
8e863980c64442348fa5e1f063bd5974,0,0,0,0,0,0,0,0,0,0,0,0,0,0,0,0,0,0,0,0,8,0,0,0,0,0,0,0,0,0,0,0,0,0,0,0,0,0,0,0,0,0,0,0,0,0,0,0,0,0,0,11,15,0,0,0,0,0,0,0,0,0,0,0,0,0,0,0,0,0,0,0,0,0,10,0,0,0,0,0,0,14,16,11,0,0,0,Eukaryota;Stramenopiles;Ochrophyta;Bacillariophyta;Bacillariophyta_X;Raphid-pennate;Cylindrotheca;Cylindrotheca_closterium;,0.916499636221661
8ef5b8e6b5990db430277f24d21ee880,0,0,0,0,0,0,0,0,0,0,0,0,0,0,3,3,0,0,0,0,15,6,0,0,0,16,0,0,0,0,0,0,0,0,0,0,0,0,3,0,0,0,0,0,0,0,0,0,0,8,0,7,0,0,0,0,4,0,6,0,0,0,0,14,0,0,0,0,16,7,0,0,0,0,0,0,0,3,0,0,0,8,0,0,0,0,0,Eukaryota;Alveolata;Dinoflagellata;Syndiniales;Dino-Group-III;Dino-Group-III_X;Dino-Group-III_XX;Dino-Group-III_XX_sp.;,0.769630234732871
90011b408639e6a91ce402323e018e51,0,0,0,0,27,0,0,27,0,0,0,80,0,0,0,0,0,0,0,0,0,0,0,0,0,0,0,0,0,0,0,0,0,0,0,0,0,0,0,0,0,0,0,0,0,0,0,0,0,0,0,0,0,0,0,0,0,0,0,0,0,0,0,0,0,0,0,0,0,0,0,0,0,0,0,0,0,0,0,5,21,0,0,0,0,0,0,Eukaryota;Archaeplastida;Chlorophyta;Pyramimonadophyceae;Pyramimonadales,0.999854273807447
902dc33546897d76f8bdfefe48c2df37,0,0,0,0,0,0,0,0,0,0,0,0,0,0,0,0,0,0,3,3,0,0,0,0,0,0,0,0,0,0,0,0,0,0,0,0,0,0,0,0,0,0,0,0,0,0,0,0,0,0,0,0,3,0,0,0,0,0,0,0,0,0,0,0,0,0,0,0,0,0,15,0,2,0,0,0,0,0,0,0,0,0,0,0,0,0,0,Eukaryota;Stramenopiles,0.765417314826649
904554abb92367288a2a7d897d605631,0,0,0,0,0,0,0,0,0,0,0,0,0,0,0,0,0,0,0,0,0,0,8,0,0,0,0,0,0,0,0,0,0,0,0,0,0,0,0,0,0,0,0,0,0,0,0,0,0,0,0,0,0,0,0,0,0,0,0,0,0,0,0,0,0,0,0,0,0,0,0,0,0,0,5,0,0,0,0,0,0,0,62,0,0,0,0,Eukaryota;Opisthokonta;Metazoa;Echinodermata;Echinodermata_X;Echinodermata_XX,0.999994798180454
904b8933ef1bcbd764ee41869512d3f6,0,0,0,0,0,0,0,0,0,0,0,0,0,0,0,0,0,0,0,0,0,0,0,0,0,0,0,0,0,0,0,0,0,0,0,0,0,0,0,0,0,0,0,0,0,0,0,0,0,0,0,0,0,0,0,0,0,0,0,0,0,0,0,0,7,0,0,0,0,3,0,0,0,0,0,0,0,0,0,0,0,0,0,0,0,0,0,Eukaryota;Opisthokonta;Fungi,0.980749759141446
92b61d526319824f7c8775bbd7909af5,0,0,0,0,0,0,0,0,0,0,0,0,0,0,0,0,0,0,0,0,0,0,25,0,0,0,0,0,0,0,0,0,0,0,0,18,0,0,0,0,0,0,0,0,0,0,0,0,0,0,0,0,0,0,0,0,0,0,0,0,0,0,0,0,0,0,0,0,0,0,0,0,0,0,0,0,0,0,0,0,0,0,0,0,0,0,0,Eukaryota;Opisthokonta;Fungi;Ascomycota;Pezizomycotina;Eurotiomycetes;Penicillium,0.956823937809618
92b994ae99c5cd9a63f9dcbd7265ab1b,0,0,0,0,0,0,0,0,0,0,3,0,0,0,0,0,0,0,0,0,0,0,2,0,0,0,0,0,0,0,0,0,0,0,0,0,0,0,0,0,0,0,0,0,0,0,0,0,0,0,0,0,0,0,0,0,0,0,0,0,0,0,0,0,0,0,0,0,0,0,0,0,0,0,0,0,0,0,0,0,0,0,0,0,0,0,0,Eukaryota;Opisthokonta;Metazoa,0.921304946140488
92bc1cd37d824e30fbde7d2f3253c978,0,0,0,0,10,0,0,0,0,0,0,0,0,4,6,0,10,0,0,0,0,0,0,0,7,17,0,0,0,0,0,0,0,0,0,0,0,0,0,0,0,0,0,0,0,0,0,0,0,0,0,0,0,0,0,0,0,0,0,0,0,0,0,0,0,0,0,0,0,0,0,0,0,0,0,0,0,0,0,3,6,0,0,0,4,0,0,Eukaryota;Alveolata;Ciliophora;Spirotrichea;Strombidiida;Tontoniidae_A;Spirotontonia;Spirotontonia_sp.;,0.987782184298824
936bd9a9455f9f98f6cc0df713e196a0,0,0,0,0,0,0,0,0,0,0,0,0,0,0,0,0,0,0,0,0,0,0,0,0,0,8,0,0,0,0,0,0,0,0,0,0,0,0,0,0,0,0,0,0,0,0,0,0,0,3,0,0,0,0,0,0,0,0,0,0,0,0,0,4,0,0,0,0,0,0,0,0,0,0,0,0,0,0,0,0,0,15,0,0,0,0,0,Eukaryota,1.00000000000001
9443d7d95a9ad302a0d737590546db67,0,0,0,0,0,0,0,0,0,0,0,0,0,0,0,0,0,0,0,0,0,0,0,0,0,0,0,0,0,0,0,0,0,0,0,0,0,0,0,0,0,0,0,0,0,0,0,0,0,0,8,0,0,0,0,0,0,0,0,0,0,0,0,0,0,0,0,0,0,0,0,0,0,0,0,0,0,0,0,0,0,0,0,0,0,0,0,Eukaryota;Opisthokonta;Metazoa;Arthropoda;Crustacea;Maxillopoda,0.999998618623342
94bd19cb619dc24bec200c882b2c95df,0,0,0,0,0,0,0,0,0,0,0,0,0,0,0,0,0,0,5,12,0,15,0,0,0,0,0,0,0,0,0,0,0,0,0,0,0,0,0,0,0,0,0,0,0,0,0,0,0,5,0,0,0,0,0,0,0,0,0,0,0,0,0,0,0,0,0,0,0,0,0,0,0,0,0,0,0,0,0,0,0,0,0,0,0,0,0,Eukaryota;Stramenopiles;Sagenista;MAST-8;MAST-8D;MAST-8D_X;MAST-8D_XX;MAST-8D_XX_sp.;,0.702072868146275
95c1b1774bf7839f07faf1968fa5b437,0,0,24,48,65,7,3,81,30,4,6,4,11,14,59,54,34,26,89,135,120,50,7,60,56,226,39,0,15,0,0,3,107,0,0,0,3,22,56,45,22,23,26,24,310,53,0,3,49,82,32,15,5,0,8,64,723,183,259,7,4,8,58,206,0,7,6,111,801,142,12,6,0,8,0,0,61,17,0,5,2,254,7,0,0,0,0,Eukaryota;Stramenopiles;Pseudofungi;MAST-2;MAST-2B;MAST-2B_X;MAST-2B_XX;MAST-2B_XX_sp.;,0.720208947340556
95c2ebf2bba826a6a8f51cc3b8384141,0,0,0,0,0,0,0,2,0,0,0,0,0,0,0,0,0,0,0,0,0,0,0,0,0,3,0,0,0,0,0,0,0,0,0,0,0,0,0,0,0,0,0,0,0,0,0,0,0,0,0,0,0,0,0,0,0,0,0,0,0,0,0,0,0,0,0,0,0,0,0,0,0,0,0,0,0,0,0,0,0,0,0,0,0,0,0,Eukaryota;Alveolata;Dinoflagellata;Syndiniales;Dino-Group-II;Dino-Group-II-Clade-3;Dino-Group-II-Clade-3_X;Dino-Group-II-Clade-3_X_sp.;,0.999791066118452
966591b7e23007c5ca0c592ac00c491d,0,0,0,0,0,0,0,0,0,0,0,0,0,0,0,0,0,0,0,0,0,0,10,0,0,0,0,0,0,0,0,0,0,0,0,0,0,0,0,0,0,0,0,0,0,0,0,0,0,8,0,0,0,0,0,0,0,0,0,0,0,0,0,0,0,0,0,0,0,0,0,0,0,0,0,0,0,0,0,0,0,0,0,0,0,0,0,Eukaryota,1
97a0d604288068731387523bc9a147fe,0,0,0,0,0,0,0,0,0,0,0,0,0,0,0,0,0,12,0,0,0,0,0,0,0,0,0,0,0,0,0,0,0,0,0,0,0,0,0,0,0,0,0,0,0,0,0,0,0,0,0,0,0,0,0,0,0,0,0,0,0,0,0,0,0,0,0,0,0,0,0,0,0,0,0,0,0,0,0,0,0,0,0,0,0,0,0,Eukaryota;Opisthokonta;Metazoa;Cnidaria;Cnidaria_X;Hydrozoa;Cordagalma;Cordagalma_cordiforme;,0.884250189456541
97a6fa6d4000250fcf176aa408380162,0,0,0,0,0,0,0,0,0,0,0,0,0,0,0,0,0,0,0,622,160,0,0,0,0,0,0,0,0,0,0,0,0,0,0,0,0,0,0,0,0,0,0,0,0,0,0,0,0,0,0,0,0,0,0,0,0,0,0,0,0,0,0,0,0,0,0,0,0,0,0,0,0,0,3,0,0,0,0,0,0,0,0,0,0,0,0,Eukaryota;Opisthokonta;Metazoa;Arthropoda;Crustacea;Maxillopoda,0.999730336967523
9832ed142c35be208092b2621ad04ed8,0,0,0,0,0,8,25,89,49,0,4,0,0,0,9,17,166,316,337,488,278,697,21,0,0,206,186,100,191,0,8,0,10,0,0,0,0,0,0,9,0,0,0,0,96,485,9,23,114,138,0,11,470,0,0,0,62,0,26,107,9,18,68,59,0,0,16,14,122,0,454,31,240,0,12,396,15,0,0,0,0,863,38,31,0,0,0,Eukaryota;Stramenopiles;Pseudofungi;MAST-1;MAST-1C;MAST-1C_X;MAST-1C_XX;MAST-1C_XX_sp.;,0.999999999961489
98bf2d7041cf2f5eea8d42dafff639c6,0,0,0,0,0,0,0,0,0,7,0,0,0,5,0,73,0,0,0,0,0,0,0,0,0,0,0,0,3,0,0,9,0,0,0,0,0,0,70,0,0,0,0,0,0,0,0,0,0,0,10,0,0,0,0,0,0,0,0,0,0,0,0,0,13,175,0,0,0,231,0,0,0,77,0,0,188,529,619,101,502,0,0,0,0,0,0,Eukaryota;Opisthokonta;Metazoa;Arthropoda;Crustacea;Maxillopoda,0.999999515631625
99908150190e7240004004cdd7c6918f,0,0,0,0,4,0,46,0,0,0,0,0,0,0,0,0,2,6,0,6,0,0,0,0,0,0,0,0,0,0,0,0,0,0,0,0,0,0,0,0,0,0,0,0,0,0,0,0,0,0,4,9,3,0,0,0,0,0,0,0,0,0,0,0,0,0,0,0,0,0,0,0,0,0,0,5,0,0,0,6,0,0,8,5,0,3,0,Eukaryota,1.00000000000001
9991af738b78e5b6a1a7e69ca307c583,0,0,0,0,0,0,0,0,0,0,0,0,0,0,0,0,0,0,0,0,3,0,0,0,0,0,0,0,0,0,0,0,0,0,0,0,0,0,0,0,0,0,0,0,0,0,0,0,0,0,0,0,0,0,0,0,0,0,0,0,0,0,0,0,0,0,0,0,0,0,0,0,0,0,0,0,0,0,0,0,0,0,0,0,0,0,0,Eukaryota;Stramenopiles;Ochrophyta;Bacillariophyta;Bacillariophyta_X,0.999118511540798
99a4357e5eb9c8df2f46120067c52053,0,0,0,0,0,0,0,0,0,0,0,0,0,0,0,0,0,0,0,0,0,16,0,0,0,0,0,0,0,0,0,0,0,0,0,0,0,0,0,0,0,0,0,0,0,0,0,0,0,26,0,0,0,0,0,0,0,0,0,0,0,0,0,0,0,0,0,0,0,0,0,0,0,0,0,0,0,0,0,0,0,0,0,0,0,0,0,Eukaryota;Alveolata;Ciliophora;Spirotrichea;Strombidiida;Strombidiidae;Parallelostrombidium;Parallelostrombidium_conicum;,0.831110941383734
9a875d04aa7a45a4f14a2b0a7a696666,0,0,121,32,186,59,50,14,24,13,0,10,0,0,0,28,1132,227,48,89,38,24,288,16,39,27,178,0,54,0,14,0,34,0,30,17,0,0,0,14,0,0,0,17,315,31,62,0,114,30,147,195,942,0,34,12,0,0,21,0,0,56,0,0,59,14,0,0,72,70,304,795,3481,10,748,288,15,18,0,0,0,2092,2469,1258,0,175,19,Eukaryota;Stramenopiles;Ochrophyta;Bacillariophyta;Bacillariophyta_X;Araphid-pennate,0.992886221349763
9c750db51695b6dd59a86ec2ff676483,0,0,0,0,0,0,0,0,0,0,0,0,0,0,0,0,0,0,0,6,0,0,0,0,0,0,0,0,0,0,0,0,0,0,0,0,0,0,0,0,0,0,0,0,0,0,0,0,3,0,0,0,0,0,0,0,0,0,0,0,0,0,0,0,0,0,0,0,0,0,0,0,0,0,0,0,0,0,0,0,0,0,0,0,0,0,0,Eukaryota;Archaeplastida;Chlorophyta;Ulvophyceae;Ulvales-relatives;Ulvales-relatives_X;Ulva,0.807028784206161
9c968ce286e0f5c435ddb9b6d4d49c96,0,0,0,0,6,0,12,0,3,16,12,0,20,3,9,35,122,254,6,509,194,68,4,5,38,9,34,7,27,17,61,5,0,5,48,0,0,10,0,3,0,0,0,0,0,33,0,14,10,846,17,83,221,2,0,4,0,0,5,0,5,44,0,0,0,0,0,0,8,0,0,4,0,0,0,0,0,0,0,0,0,0,30,19,0,0,0,Eukaryota;Stramenopiles;Ochrophyta;Bacillariophyta;Bacillariophyta_X;Polar-centric-Mediophyceae;Biddulphia;Biddulphia_sp.;,0.912347447179441
9d2399ccdb516399b8317642da5e3d93,0,0,4,7,0,0,0,28,7,22,714,89,35,0,0,4,0,0,0,10,7,0,384,10,13,0,0,0,0,0,0,4,225,399,370,864,0,0,0,0,0,2,0,0,0,0,0,0,0,0,0,0,0,18,18,5,0,0,0,0,0,0,3,0,0,0,0,0,0,11,0,0,0,0,0,0,14,14,0,0,0,0,0,0,0,0,0,Eukaryota;Rhizaria;Cercozoa;Filosa-Thecofilosea;Ventricleftida;CCW10-lineage;CCW10-lineage_X;CCW10-lineage_X_sp.;,0.999999999680398
9d358e1c20b890c92eb84118529aca5d,0,0,17,59,448,121,195,916,100,20,11,30,39,15,43,28,64,32,367,222,196,57,3596,16,17,55,84,15,33,0,16,21,134,38,0,394,9,70,30,29,31,45,40,38,51,80,10,48,93,149,34,190,59,17,76,49,10,0,0,33,0,79,226,126,0,24,0,14,73,13,656,0,16,0,7,55,112,66,39,67,41,1214,166,13,0,0,0,Eukaryota;Stramenopiles;Ochrophyta;Bacillariophyta;Bacillariophyta_X;Polar-centric-Mediophyceae;Minidiscus,0.828278834631042
9d5e270af8114442125172b32dcd4854,0,0,0,7,59,0,9,0,0,14,49,2775,1151,1003,3298,4158,2052,2439,42,8,0,0,15,629,5688,13674,490,14,34,0,0,0,16,3,0,29,290,3967,8070,3507,1617,763,2966,5025,12389,654,0,0,8,8,273,621,13,142,733,1876,35535,23314,8755,29,5,0,0,8,0,12,4,0,0,89,455,0,2,0,10,0,12,692,0,0,0,10067,57,0,0,0,0,Eukaryota;Archaeplastida;Chlorophyta;Pyramimonadophyceae;Pyramimonadales;Pyramimonadaceae;Pyramimonas;Pyramimonas_olivacea;,0.796314061686068
9e4de441f755784a83b9082bf0e27867,0,0,0,0,0,0,0,0,0,0,0,0,0,0,0,0,0,0,0,0,0,0,0,1,0,0,0,0,0,0,0,0,0,0,0,1,0,0,0,0,0,0,0,0,0,0,0,0,0,0,0,0,0,0,0,0,0,0,0,0,0,0,0,0,0,0,0,0,0,0,0,0,0,0,0,0,0,0,0,0,0,0,0,0,0,0,0,Eukaryota;Stramenopiles;Ochrophyta;Bacillariophyta;Bacillariophyta_X;Polar-centric-Mediophyceae;Porosira,0.999999985532115
9e7a8e3d47eea9cc00bdc6d03d985c9e,0,0,0,0,0,0,0,0,0,0,0,0,0,12,0,0,0,0,0,0,0,0,0,0,12,5,0,0,0,0,0,0,0,0,0,0,0,83,8,36,0,0,8,0,0,4,0,0,0,0,44,0,0,0,0,0,11,13,6,0,0,0,0,0,0,9,0,0,0,0,14,0,0,0,0,0,0,0,0,0,5,0,0,0,30,287,44,Eukaryota;Alveolata;Dinoflagellata;Dinophyceae,0.990533873332836
9ee0210abffd370a9e78d7da128c6135,0,0,0,0,0,0,0,0,0,0,0,0,0,0,0,0,0,11,0,0,29,0,0,0,0,0,0,0,0,0,0,0,0,0,0,0,0,0,0,0,0,0,0,0,0,0,0,0,0,0,0,0,0,0,0,0,0,0,0,0,0,0,0,0,0,0,0,0,0,0,0,0,0,0,0,0,0,0,0,0,0,0,0,0,0,0,0,Eukaryota;Stramenopiles;Ochrophyta;Bacillariophyta;Bacillariophyta_X;Raphid-pennate,0.859797808507816
9f060d5b77a8cb097efd288c2ef0d049,0,0,0,0,0,0,0,0,0,0,0,0,0,0,0,0,0,7,0,0,0,0,0,0,0,0,0,0,0,0,0,0,0,0,0,0,0,0,0,0,0,0,0,0,0,0,0,0,0,0,0,0,0,0,0,0,0,0,0,0,0,0,0,0,0,0,0,0,0,0,0,0,0,0,0,0,0,0,0,0,0,0,0,0,0,0,0,Eukaryota;Rhizaria;Cercozoa;Filosa-Imbricatea;Thaumatomonadida;Thaumatomonadidae;Thaumatomonas;Thaumatomonas_sp.;,0.999934447286086
9fcae303e30258b8b4749676f9f5f793,0,0,0,0,0,0,0,6,0,0,0,0,0,0,0,7,13,9,32,4,7,9,0,0,4,15,19,4,5,0,0,0,0,0,0,0,0,0,10,5,0,14,0,0,20,8,0,0,0,36,0,0,0,0,0,8,71,11,5,719,0,8,0,166,0,0,0,0,21,0,14,0,0,0,4,0,35,21,0,0,20,134,0,0,0,0,0,Eukaryota;Alveolata;Dinoflagellata;Dinophyceae;Gymnodiniales;Gymnodiniaceae;Gyrodinium;Gyrodinium_dominans;,0.979911440512154
a04e7a7445c76d3e967c0adb48cd1a49,0,0,0,0,0,0,0,0,0,0,0,0,0,0,0,0,0,0,0,0,0,0,0,0,0,0,0,0,0,0,0,0,0,0,0,0,0,0,0,0,0,0,0,0,0,0,0,0,0,0,0,0,0,0,0,0,0,0,0,0,0,0,0,0,4,0,0,0,3,8,10,0,2,0,0,0,0,0,0,0,0,0,0,0,0,0,0,Eukaryota;Hacrobia;Centroheliozoa;Centroheliozoa_X,0.998867115317822
a121ebc7353a4a86e2fd3bbd8e983a3d,0,0,0,0,0,0,0,0,0,0,0,0,0,0,0,0,0,0,0,0,0,0,0,3,0,0,0,0,0,0,0,0,0,0,0,0,0,0,0,0,0,0,0,0,0,0,0,0,0,7,0,0,0,0,0,0,0,0,0,0,0,0,0,0,0,0,0,0,0,0,0,0,0,0,0,9,0,0,0,0,0,0,0,2,0,0,0,Eukaryota;Excavata;Discoba;Heterolobosea;Heterolobosea_X;Vahlkampfiidae,0.798408401788287
a1a596331713ec258809226f6c144d9c,0,0,0,0,0,0,0,0,0,0,0,0,0,0,0,0,0,0,0,27,0,0,0,0,0,0,0,0,0,0,0,0,0,0,0,0,0,0,0,0,0,0,0,0,0,0,0,0,13,0,0,0,14,0,0,0,0,0,0,0,0,0,0,0,0,0,0,0,0,0,0,0,0,0,0,0,0,0,0,0,0,16,0,0,0,0,0,Eukaryota;Stramenopiles;Ochrophyta;Bacillariophyta;Bacillariophyta_X;Raphid-pennate,0.991548048788153
a1f54d759b08f0d60b1cc3b2df7347a7,0,0,0,0,0,0,0,0,0,0,0,0,0,0,14,86,24,57,0,2,57,7,0,0,6,0,9,0,0,0,0,0,0,0,0,0,0,0,0,0,8,0,4,0,0,0,0,0,0,5,0,4,0,0,0,0,11,0,5,15,0,12,0,112,0,0,0,0,0,0,0,2,0,0,0,0,0,0,0,0,0,0,0,9,866,20,25,Eukaryota;Alveolata;Ciliophora;CONThreeP;CONThreeP_X;Urotrichidae;Urotricha;Urotricha_sp.;,0.999740903964246
a21a2dcb787e1eac669001833a49084f,95,31,581,298,741,400,190,380,347,367,3180,1432,2609,863,251,395,328,386,1768,1641,4701,2852,1908,1815,329,667,334,87,276,109,801,464,1536,8781,2334,1192,2006,407,1181,924,1348,910,834,1151,0,149,0,31,410,3436,550,205,214,3199,1106,827,46,37,235,33,303,879,2041,3770,2099,319,244,683,1035,499,106,315,130,133,105,1085,208,1286,801,338,235,2249,155,58,0,0,0,Eukaryota;Stramenopiles;Ochrophyta;Bacillariophyta;Bacillariophyta_X;Polar-centric-Mediophyceae;Thalassiosira,0.918257064504145
a22b030231aee94cb398d2c9c0f7e634,0,0,0,0,0,0,0,0,0,0,0,0,0,0,0,0,0,0,0,77,72,0,0,0,0,0,0,0,0,0,0,0,0,0,0,0,0,0,0,0,0,0,0,0,0,0,0,0,0,0,0,0,0,0,0,0,0,0,0,0,0,0,0,0,0,0,0,0,0,0,0,0,0,0,0,0,0,0,0,0,0,0,0,0,0,0,0,Eukaryota;Opisthokonta;Metazoa,0.999006993572508
a23b0d2f87caf6a735e740bee71a4e47,0,0,0,0,0,0,0,0,0,0,0,0,0,0,0,0,0,0,0,0,0,0,0,0,0,0,0,0,2,0,0,0,0,0,0,0,0,0,0,0,0,0,0,0,0,0,0,0,0,0,0,0,0,0,0,0,0,0,0,0,0,0,0,0,0,0,0,0,0,0,0,0,0,0,0,0,0,0,0,0,0,0,0,0,0,0,0,Eukaryota;Opisthokonta;Metazoa,0.781167821550496
a29592a7c25c11b2e86f6b0f659ca277,0,0,0,0,0,0,0,0,0,0,0,0,0,0,0,0,5,0,0,0,0,0,0,0,0,5,3,0,0,0,0,0,0,0,0,0,0,0,0,0,0,0,0,0,3,9,0,0,0,0,0,0,0,0,0,0,0,0,3,2,0,0,0,0,0,0,0,0,5,0,4,0,0,0,0,0,0,0,0,0,0,0,0,0,0,0,0,Eukaryota;Hacrobia;Haptophyta;Prymnesiophyceae;Prymnesiales;Prymnesiophyceae_Clade_B3;Prymnesiophyceae_Clade_B3_X;Prymnesiophyceae_Clade_B3_X_sp.;,0.999992775366571
a4b1d689cd473e003c22a89212d640cb,0,0,0,0,0,9,0,0,0,0,0,0,0,0,0,0,0,0,0,0,0,0,0,0,0,0,12,0,0,0,0,0,0,0,0,0,0,0,0,0,0,0,0,0,0,0,0,0,0,0,0,0,0,0,0,0,0,0,0,0,0,0,0,0,0,0,0,0,0,0,0,0,0,0,0,0,0,0,0,0,0,0,0,0,0,0,0,Eukaryota;Opisthokonta;Metazoa;Arthropoda;Crustacea;Maxillopoda;Maxillopoda_X;Maxillopoda_X_sp.;,0.992514116840057
a513327e2cd7a7343fb5a824fac5ceb5,0,0,0,0,56,0,18,7,18,0,0,0,0,0,0,6,30,48,2,42,97,3,0,0,0,5,0,9,64,5,0,0,0,0,0,0,0,0,0,0,0,0,0,2,31,35,0,31,367,7,17,15,415,0,4,0,0,0,20,45,10,55,0,20,0,0,0,6,0,0,6,6,22,0,37,0,2,0,0,0,0,0,200,64,0,25,0,Eukaryota;Archaeplastida;Chlorophyta;Ulvophyceae;Ulotrichales;Ulotrichales_X;Collinsiella;Collinsiella_tuberculata;,0.774591533784859
a6029439ad39aebe232b02bf297a5f4f,0,0,985,0,34,0,6,5,0,0,0,32,0,0,0,0,0,0,12,5,0,0,0,0,0,46,0,0,0,0,0,0,0,0,0,0,0,0,0,0,0,0,0,0,0,86,0,0,0,0,0,44,0,0,0,0,0,0,0,0,0,0,59,0,0,0,0,0,0,2,0,0,0,0,0,0,0,0,0,0,0,0,0,0,0,7,0,Eukaryota;Opisthokonta;Fungi;Basidiomycota;Agaricomycotina;Tremellomycetes;Tremellomycetes_X;Tremellomycetes_X_sp.;,0.894776009811098
a66d4764103c2b957ca1dd22464b5ac1,0,0,0,0,0,0,0,0,0,0,0,0,0,0,0,0,0,0,0,0,0,0,0,0,0,0,0,0,0,0,0,0,4,0,0,0,0,0,0,0,0,0,0,0,0,0,0,0,0,0,0,0,0,0,0,0,0,0,0,0,0,0,0,0,0,0,0,0,0,0,0,0,0,0,0,0,0,0,0,0,0,0,0,0,0,0,0,Eukaryota;Opisthokonta;Fungi;Basidiomycota;Ustilaginomycotina;Exobasidiomycetes;Malassezia;Malassezia_globosa;,0.820965743716047
a67e78be29bf0b90f56db113f53aefeb,0,0,0,0,6,0,0,13,0,12,4,0,0,0,0,0,7,8,1133,529,286,89,6,0,0,14,9,14,43,0,103,0,8,0,0,0,0,0,0,0,0,0,0,0,0,10,6,64,135,155,0,0,57,0,0,0,0,0,0,20,64,471,348,83,0,5,66,117,124,0,27,0,19,14,0,0,0,6,0,0,0,237,0,0,0,0,0,Eukaryota;Stramenopiles;Ochrophyta;Bacillariophyta;Bacillariophyta_X;Araphid-pennate;Asterionellopsis;Asterionellopsis_glacialis;,0.722459925287955
a6cee5530753b7a49b95c8445cdbabc8,0,0,0,0,0,0,0,0,0,0,0,0,0,0,0,0,0,0,0,0,0,0,0,0,0,0,0,0,0,0,0,0,0,0,0,0,0,0,0,0,0,0,0,0,0,0,0,0,3,0,0,0,0,0,0,0,0,0,0,0,0,0,0,0,0,0,0,0,5,0,0,0,0,0,0,0,0,0,0,0,0,0,2,0,0,0,0,Eukaryota;Stramenopiles,0.968761252449019
a856a299d1879b46a878b8ef8cf4bbf4,0,0,0,0,7,0,0,0,0,12,12,0,7,12,0,0,0,15,0,18,141,21,0,0,0,0,0,7,0,12,0,0,0,0,0,0,6,0,0,0,0,0,0,0,0,0,0,0,0,10,0,19,20,8,0,0,0,0,0,0,9,0,0,21,0,0,0,36,107,9,0,0,0,0,0,0,2257,2067,0,0,29,94,0,0,11,18,0,Eukaryota;Stramenopiles;Ochrophyta;Bacillariophyta;Bacillariophyta_X;Araphid-pennate,0.882831196244836
a90bfba87fdb6c6c751ec7f87b2a8ce4,0,0,118,15,123,0,73,27,270,22,42,1828,122,149,239,568,560,260,107,46,408,236,20,438,832,329,6,32,92,7,17,0,20,0,0,0,13,44,95,244,234,75,155,36,49,14,0,4,18,370,247,20,72,6,74,550,27,52,59,2617,26,123,49,2397,0,0,68,93,119,0,0,84,0,0,45,0,0,0,0,0,21,657,128,6,0,0,0,Eukaryota;Alveolata;Ciliophora;Spirotrichea,0.999999695901739
a9e930a6aa345269380b199328a4a41a,0,0,0,0,0,0,0,0,0,0,0,0,0,0,0,0,0,0,0,0,0,0,0,0,0,0,0,0,0,0,0,0,0,0,0,0,0,0,0,0,0,0,0,0,0,0,0,0,0,0,0,0,0,0,0,0,0,0,0,0,0,0,0,0,0,0,0,0,0,0,0,0,0,0,0,0,0,0,0,95,46,0,0,0,13,0,0,Eukaryota;Alveolata;Dinoflagellata;Dinophyceae;Peridiniales;Protoperidiniaceae;Protoperidinium;Protoperidinium_sp.;,0.999998781243914
aa3a14167809e13cfbb57361fa11abca,0,0,0,0,0,0,0,0,0,0,0,0,0,0,0,0,0,6,0,21,0,0,0,0,0,0,0,0,0,0,0,0,0,0,0,0,0,0,0,0,0,0,0,0,0,0,0,0,0,0,0,0,0,0,0,0,0,0,0,0,0,0,0,0,0,0,0,0,0,0,0,0,0,0,0,0,0,0,0,0,0,0,0,0,0,0,0,Eukaryota;Opisthokonta;Metazoa;Bryozoa;Bryozoa_X;Bryozoa_XX;Hippothyris;Hippothyris_hongkongris;,0.823217055655354
aa82be787a6adca34f2711499cf63b44,0,0,0,0,0,0,0,0,0,0,0,0,0,0,0,0,0,0,0,6,0,0,0,0,0,0,0,0,0,0,0,0,0,0,0,0,0,0,0,0,0,0,0,0,0,0,0,0,0,11,0,0,13,0,0,0,0,0,0,0,0,0,0,0,0,0,0,0,0,0,0,0,0,0,0,0,0,0,0,0,0,4,0,7,0,0,0,Eukaryota;Opisthokonta;Metazoa;Bryozoa;Bryozoa_X;Bryozoa_XX,0.999999985489213
aad4affe544fd6c46eecb3f3a5be8832,0,0,0,0,19,0,0,0,0,96,55,0,58,147,17,176,0,0,0,0,0,0,14,0,269,28,0,0,0,0,0,0,26,50,0,0,262,38,1426,18,4,0,176,0,25,0,0,0,0,0,0,19,0,0,0,12,0,133,88,0,0,0,0,126,0,0,0,0,0,82,70,0,0,0,2,0,4,0,63,0,0,0,16,0,0,0,0,Eukaryota;Opisthokonta;Metazoa;Annelida;Annelida_X;Annelida_XX,0.999999991768471
ab432ec1007e588e500e8fdb6fdb146f,0,0,0,0,0,0,0,0,0,0,0,0,0,0,0,0,0,0,0,0,0,0,0,0,0,0,0,0,0,0,0,0,0,0,0,0,0,0,0,0,0,0,0,0,0,0,0,0,0,0,0,0,0,0,0,0,0,0,0,0,0,0,2,0,0,0,0,0,0,0,0,0,0,0,0,0,0,0,0,0,0,0,0,0,0,0,0,Eukaryota,0.999999999999991
aba1129a0b9cfcc6c23ab3b1033ea223,0,0,0,0,0,0,0,0,0,0,0,0,0,0,0,0,0,0,0,0,0,0,0,0,0,33,0,0,0,0,0,0,0,0,0,0,0,0,0,0,0,0,0,0,33,31,0,0,0,0,0,0,0,0,0,0,0,0,0,0,0,0,0,12,0,0,0,0,0,0,0,0,0,0,0,0,0,0,0,0,0,0,0,0,0,0,0,Eukaryota;Archaeplastida;Chlorophyta;Mamiellophyceae,0.794329708037917
ac0bc64c271eef71aa57bb3d5f6cb305,0,0,54,0,0,0,0,0,0,0,0,0,0,0,0,0,0,6,0,2,0,0,28,0,0,0,0,0,0,0,0,0,0,0,0,5,0,0,0,0,0,0,0,0,0,0,0,0,0,0,0,0,0,0,0,0,0,0,0,0,0,0,0,0,0,0,0,0,0,0,4,0,0,0,0,0,0,0,0,3,0,0,0,0,0,0,0,Eukaryota;Opisthokonta;Metazoa;Craniata;Craniata_X,0.999999999999783
acc1ac59fbb8f16f0e7eb043e3770030,0,0,0,0,0,0,0,0,0,0,0,0,0,0,0,0,0,0,0,4,0,0,0,0,0,0,0,0,0,0,0,0,0,0,0,0,0,0,0,0,0,0,0,0,0,0,0,0,0,0,0,0,0,0,0,0,0,0,0,0,0,0,0,0,0,0,0,0,0,0,0,0,0,0,0,0,0,0,0,0,0,0,0,0,0,0,0,Eukaryota;Opisthokonta,0.973714257640962
ad0bae1326bdeee0de7857f4cd225c75,0,0,0,0,0,0,0,0,0,0,0,0,0,0,0,0,0,0,0,0,0,0,0,0,0,0,0,0,0,0,0,0,0,0,0,0,0,0,0,0,0,0,0,0,0,0,0,0,0,0,0,0,0,0,0,0,0,0,0,0,0,0,0,0,0,0,0,0,0,0,0,0,0,0,0,0,0,0,0,60,5,0,0,0,0,0,0,Eukaryota;Rhizaria;Cercozoa;Filosa-Thecofilosea;Ventricleftida;Ventricleftida_X;Ventricleftida_XX;Ventricleftida_XX_sp.;,0.999999988295841
aeeb2cdd1169a0a346dac345698ff34d,0,0,0,0,0,0,0,0,0,0,0,0,0,0,0,0,0,0,0,0,0,0,0,0,0,0,0,0,0,0,0,0,0,0,0,0,0,0,0,0,0,0,0,0,0,0,0,0,0,0,0,0,0,0,0,0,0,0,0,0,4,0,0,0,0,0,0,0,0,0,0,0,0,0,0,0,0,0,0,0,0,0,0,0,0,0,0,Eukaryota;Rhizaria;Radiolaria;Polycystinea;Nassellaria,0.999978108572477
afa4b1df67369f26d4d4b58030122071,0,0,0,0,0,0,0,0,0,0,0,0,0,0,0,0,0,0,0,0,0,0,0,0,0,0,0,0,0,0,0,0,0,0,0,0,0,0,0,0,0,0,0,0,0,0,0,0,0,0,0,0,0,0,2,0,0,0,0,0,0,0,0,0,0,0,0,0,0,0,0,0,0,0,0,0,0,15,0,0,0,0,0,0,0,0,0,Eukaryota;Rhizaria;Cercozoa;Filosa-Imbricatea;Thaumatomonadida;Thaumatomonadidae;Thaumatomastigidae;Thaumatomastigidae_sp.;,0.80454387661702
b0dda0b95c1acadd46a6169f646feba4,0,0,0,0,0,0,0,0,0,0,0,0,0,0,0,0,0,0,0,0,0,0,0,0,0,0,0,0,0,0,0,0,0,0,0,0,0,0,0,0,0,0,0,0,0,0,0,0,0,25,0,0,0,0,0,0,0,0,0,0,0,0,0,0,0,0,0,0,0,0,0,0,0,0,0,0,0,0,0,0,0,33,0,0,0,0,0,Eukaryota;Alveolata;Dinoflagellata;Dinophyceae;Gymnodiniales;Kareniaceae;Karlodinium;Karlodinium_veneficum;,0.847761431597746
b302cfb795055d942f1154076c021220,0,0,0,0,0,0,0,0,0,0,0,0,0,0,0,2,0,0,0,0,0,0,0,0,0,0,0,0,0,0,0,0,0,0,0,0,0,0,0,0,0,0,0,0,0,0,0,0,0,0,0,0,0,0,0,0,0,0,0,0,0,0,0,0,0,0,0,0,0,0,0,0,0,0,0,0,0,0,0,0,0,0,0,0,0,0,0,Eukaryota,1.00000000000001
b35e10d1213a6e22b552166eed78bcd2,0,0,0,5,31,10,4,15,5,0,14,30,22,7,18,17,42,64,17,17,38,29,61,35,31,121,47,0,6,0,3,0,24,25,4,33,6,54,38,51,19,73,27,20,98,100,0,3,6,34,7,10,3,3,33,26,228,32,162,0,2,0,33,56,0,0,12,60,155,13,36,0,0,0,0,0,22,24,2,6,0,892,0,0,10,38,11,Eukaryota;Alveolata;Dinoflagellata;Syndiniales;Dino-Group-I;Dino-Group-I-Clade-1;Dino-Group-I-Clade-1_X;Dino-Group-I-Clade-1_X_sp.;,0.999999864858234
b478bd821bab18cc3f2790f8331b54b7,0,0,0,0,0,0,0,0,0,0,0,0,0,0,0,0,3,2,0,0,0,0,0,0,0,0,0,0,0,0,0,0,0,0,0,0,0,0,0,0,0,0,0,0,0,0,0,0,0,0,0,0,0,0,0,0,0,0,0,0,0,0,0,0,0,0,0,0,0,0,0,0,0,0,0,0,0,0,0,0,0,0,0,0,0,0,0,Eukaryota,1.00000000000001
b4f57b2930914d3b0a1f11b6ced6110b,0,0,0,0,0,0,0,0,0,0,0,0,0,0,0,0,0,0,0,0,0,0,0,0,0,0,0,0,0,0,0,0,0,0,0,0,0,0,0,0,0,0,0,0,0,0,0,0,0,0,0,0,0,0,0,0,0,0,0,0,0,0,0,0,0,0,0,0,0,0,0,0,0,0,0,0,300,0,0,0,0,0,0,0,0,0,0,Eukaryota;Opisthokonta;Metazoa;Nemertea;Nemertea_X;Nemertea_XX;Lineus;Lineus_sp.;,0.994755827113153
b55dd5c1ecb48b1c68a7a6d7eb00eadf,0,0,0,0,0,0,0,0,0,0,0,0,0,0,0,0,8,28,0,0,0,0,0,0,0,0,0,0,0,0,0,0,0,0,0,0,0,0,0,0,0,0,0,0,0,0,0,0,0,0,0,0,0,0,0,0,0,0,0,0,0,0,0,0,0,0,0,0,0,0,0,0,0,0,0,0,0,0,0,0,0,0,0,0,0,0,0,Eukaryota;Opisthokonta;Metazoa;Arthropoda;Crustacea;Maxillopoda;Maxillopoda_X;Maxillopoda_X_sp.;,0.946553343406772
b5a0493a754086fe7eb5e22f923b2a8b,0,0,0,0,0,0,0,0,0,0,0,0,0,0,0,0,0,0,0,0,8,0,0,0,0,0,6,0,0,0,0,0,0,0,0,0,0,0,0,0,0,0,0,0,0,6,0,0,0,0,0,0,7,0,0,0,0,0,0,3,0,0,0,0,0,0,0,0,0,0,0,0,0,0,0,0,0,0,0,0,0,0,0,0,0,0,0,Eukaryota;Alveolata;Dinoflagellata;Syndiniales;Dino-Group-II;Dino-Group-II-Clade-16;Dino-Group-II-Clade-16_X;Dino-Group-II-Clade-16_X_sp.;,0.725059261031288
b5b37740b7177b5fd5b9d4aea8d9a52a,0,0,0,6,0,0,0,0,0,0,0,0,0,0,0,0,0,0,0,49,0,0,0,0,0,0,0,3,0,4,0,0,0,0,0,0,0,0,0,0,4,0,0,0,0,0,3,3,4,0,0,28,11,0,0,0,0,0,0,0,0,0,0,0,0,0,0,0,8,0,0,0,9,0,0,0,0,0,0,0,406,11,0,4,0,0,0,Eukaryota;Opisthokonta;Metazoa;Arthropoda;Crustacea;Malacostraca;Thysanoessa,0.99511131006412
b61aa59795c28ccd94d6a543e0da7552,0,0,0,0,0,0,0,0,0,0,0,0,0,0,0,0,0,0,0,0,0,0,0,0,0,0,0,0,0,0,0,0,0,0,0,0,0,0,0,0,0,0,0,0,0,0,0,0,0,0,0,0,0,0,0,0,0,0,0,0,0,0,0,0,0,0,0,0,0,12,0,0,0,0,0,0,0,0,0,0,0,0,0,0,0,0,0,Eukaryota;Rhizaria;Cercozoa;Filosa-Thecofilosea;Cryomonadida;Cryothecomonas-lineage;Cryothecomonas;Cryothecomonas_sp.;,0.920605993733226
b74d63cc80447a97567b29e602393c07,0,0,0,0,0,0,0,0,0,0,0,0,0,0,0,0,0,0,0,0,31,0,0,0,0,0,0,0,0,0,0,0,0,0,0,0,0,0,0,0,0,0,0,0,0,0,0,0,81,29,0,0,0,0,0,0,0,0,0,0,0,0,14,23,0,0,0,34,193,0,0,0,0,0,0,0,0,0,0,0,0,0,0,0,0,0,0,Eukaryota;Stramenopiles;Ochrophyta;Bacillariophyta;Bacillariophyta_X;Raphid-pennate;Fragilariopsis,0.706536583047268
b77ff394f17aa060dce48f2f3f84aa79,0,0,0,0,0,0,0,0,0,0,0,0,0,0,0,0,0,0,0,0,0,0,0,0,0,0,0,0,0,0,0,0,0,0,0,0,0,0,0,0,0,0,0,0,0,0,0,0,0,0,0,0,0,0,0,0,0,0,0,0,0,0,0,0,0,0,0,0,0,0,0,0,0,0,0,0,18,0,0,23,28,0,0,0,0,0,0,Eukaryota;Alveolata;Dinoflagellata;Dinophyceae,0.999601968442309
b81c6749dc69d2ff4d64423f5a941b8c,0,0,0,0,0,0,0,0,0,0,0,0,0,0,0,0,0,0,0,0,0,0,0,0,0,0,0,0,0,0,0,0,0,0,0,0,0,0,0,0,0,0,0,0,0,0,0,0,0,0,0,0,0,2,0,0,0,0,0,0,0,0,0,0,0,0,0,0,0,0,0,0,0,0,0,0,0,0,0,0,0,0,0,0,0,0,0,Eukaryota;Opisthokonta;Metazoa;Annelida;Annelida_X;Annelida_XX;Spiochaetopterus;Spiochaetopterus_bergensis;,0.831756142361226
b833085614ef69819226e7183aaf01a1,86,0,96,469,162,259,77,25,11,480,379,815,961,616,683,411,235,164,70,0,0,7,24,1532,426,439,267,24,0,7,7,199,155,86,672,23,1056,151,152,312,232,117,118,21,21,148,0,0,0,0,881,481,13,1070,584,652,31,78,398,25,5,11,4,15,7450,85,11,25,4,501,26,13,0,61,13,40,16,97,1774,1973,548,49,47,0,0,0,0,Eukaryota;Stramenopiles;Ochrophyta;Bacillariophyta;Bacillariophyta_X;Polar-centric-Mediophyceae;Porosira;Porosira_sp.;,0.99425184375487
b837aa2c2e1011733829cfdc33433476,0,0,0,0,0,0,0,0,0,0,0,0,0,0,0,0,2,0,0,3,0,0,0,0,0,4,0,0,0,0,0,0,0,0,0,0,0,0,0,0,0,0,0,0,0,0,0,0,0,0,0,0,0,0,0,0,4,0,0,0,0,0,0,0,0,0,0,0,0,0,0,0,0,0,2,0,0,0,0,0,0,29,0,0,0,2,0,Eukaryota;Rhizaria;Cercozoa;Filosa-Imbricatea;Filosa-Imbricatea_X;Novel-clade-2;Novel-clade-2_X;Novel-clade-2_X_sp.;,0.999999996417188
b9c8d00b76ae5a43bc202784b22cdd61,0,0,0,0,23,33,0,0,45,128,0,0,0,0,10,50,280,186,0,0,30,7,0,39,24,0,0,0,0,3,0,0,12,0,0,0,17,161,0,0,11,0,0,0,0,0,0,0,0,37,11,0,37,0,0,0,0,0,16,0,0,0,0,81,0,0,0,3,68,0,0,0,0,0,0,0,2502,0,0,0,265,0,0,0,94,14,36,Eukaryota;Opisthokonta;Metazoa;Arthropoda;Crustacea;Maxillopoda,0.99999999835128
b9e26e238d76dbca6b1abebed6feba24,0,0,0,0,0,0,0,0,0,0,0,0,0,0,0,0,0,0,0,0,0,0,0,0,0,0,0,0,0,0,0,0,0,0,0,0,0,0,0,0,0,0,0,0,9,0,0,0,10,0,0,0,0,0,0,0,0,0,0,0,0,0,0,0,0,0,0,0,0,0,0,0,0,0,0,0,0,0,0,0,0,0,0,0,0,0,0,Eukaryota;Alveolata;Dinoflagellata;Dinophyceae;Peridiniales;Thoracosphaeraceae,0.873282657087482
baacb3f0392abc7b2e0e1f278ae6e16f,0,0,0,0,0,0,0,0,0,0,0,0,0,0,0,0,0,0,0,3,0,0,0,0,0,0,0,0,0,0,0,0,0,0,0,0,0,0,0,0,0,0,0,0,0,0,0,0,0,0,0,0,0,0,0,0,0,0,0,0,0,0,0,0,0,0,0,0,0,0,0,0,0,0,0,0,0,0,0,0,0,0,0,0,0,0,0,Eukaryota;Opisthokonta;Metazoa;Mollusca;Bivalvia;Anomalodesmata;Laternula;Laternula_elliptica;,0.999995769624969
bb34ffcefde0664c2f8134f1d8d89c2d,0,0,0,0,0,0,0,0,0,0,0,0,0,0,0,0,0,0,0,0,0,0,0,0,2,0,0,0,0,0,0,0,0,0,0,0,0,0,0,0,0,2,0,0,0,0,0,0,0,0,0,0,0,0,0,0,0,0,0,0,0,0,0,0,0,0,0,0,0,0,0,0,0,0,0,0,0,0,3,5,0,0,0,0,0,0,0,Eukaryota;Excavata;Discoba;Euglenozoa;Diplonemea;Diplonemida;Diplonema,0.995531557278727
bb6a392cf8d578a3373bc9ed2c9396b9,0,0,38,100,46,0,0,9,9,0,0,0,0,0,0,0,13,9,51,67,30,14,0,0,0,0,8,0,0,0,0,0,7,0,0,0,0,0,0,0,0,0,0,0,0,13,0,0,0,15,0,13,86,0,0,0,0,0,0,9,0,0,5,64,0,11,0,8,45,61,177,19,18,9,0,38,0,0,0,10,7,20,28,0,0,0,0,Eukaryota;Hacrobia;Cryptophyta;Cryptophyceae;Cryptomonadales;Cryptomonadales_X;Geminigera;Geminigera_cryophila;,0.975993312016455
bbc75f238338abcfeb825caef526caba,0,0,0,0,0,0,0,0,0,0,0,0,0,0,0,0,0,0,0,12,23,0,0,0,0,0,0,0,0,0,0,0,0,0,0,0,0,0,0,0,0,0,0,0,0,0,0,0,34,15,0,0,0,0,0,0,0,0,0,0,0,0,21,26,0,0,0,26,75,0,0,0,0,0,0,0,0,0,0,0,0,0,0,0,0,0,0,Eukaryota;Stramenopiles;Ochrophyta;Bacillariophyta;Bacillariophyta_X;Raphid-pennate,0.903302518033634
bbea8bd1d8fb839bb27d12a1b8649483,0,0,0,0,0,0,0,0,0,0,0,0,0,0,0,0,0,0,0,0,4,0,0,0,0,0,0,0,0,0,0,0,0,0,0,0,0,0,0,0,0,0,0,0,0,0,0,0,5,3,0,0,0,0,0,0,0,0,0,0,0,0,0,8,0,0,0,0,0,0,0,0,0,0,0,0,0,0,0,0,0,0,0,0,0,0,0,Eukaryota;Archaeplastida;Prasinodermophyta;Prasinodermophyceae;Prasinococcales;Prasinococcales-Clade-B;Prasinococcales-Clade-B_X;Prasinococcales-Clade-B2_X_sp.;,0.999877201566002
bc4307353ab12bc6be22ceb4c95753ef,0,0,0,0,0,0,0,0,0,0,0,0,0,0,0,0,0,28,0,0,0,0,0,0,0,0,0,0,0,0,0,0,0,0,0,0,0,0,0,0,0,0,0,0,0,0,0,0,0,0,0,0,7,0,0,0,0,0,0,0,0,0,0,14,0,0,0,0,0,0,0,0,0,0,0,0,0,0,0,110,9,0,0,0,30,120,1266,Eukaryota;Alveolata;Dinoflagellata;Dinophyceae;Dinophysiales;Oxyphysiaceae;Phalachroma,0.820902032282789
bc5ad5ad74a73cb85842ec77bb5626fb,0,0,0,0,0,0,0,0,0,0,0,3,0,0,0,0,0,0,0,0,0,0,0,0,0,0,0,0,0,0,0,0,0,0,0,0,0,0,4,6,0,0,3,0,0,0,0,0,0,0,0,0,0,0,0,0,0,0,0,0,0,0,0,0,0,0,0,0,0,0,0,0,0,0,0,0,0,0,0,0,3,0,0,0,0,0,0,Eukaryota;Alveolata;Ciliophora;Spirotrichea;Hypotrichia,0.959910239584771
bca9455ac087b58a34258e7c73c6a750,0,0,0,0,0,0,0,0,0,0,0,0,0,0,0,0,0,0,0,0,0,2,0,0,0,0,0,0,0,0,0,0,0,0,0,0,0,0,0,0,0,0,0,0,0,0,0,0,5,2,0,0,0,0,0,0,0,0,0,0,0,0,0,0,0,0,0,0,0,0,0,0,3,0,0,0,0,0,0,0,0,0,0,14,0,0,0,Eukaryota;Archaeplastida;Rhodophyta;Bangiophyceae;Bangiales;Bangiaceae;Wildemania;Wildemania_sp.;,0.999999942210993
be22a9fa0c1b742edf52a4cbadaa5be0,0,0,0,0,0,0,0,0,0,0,0,0,0,0,0,0,0,5,0,0,0,0,7,0,0,0,0,0,0,7,0,0,0,0,0,0,0,0,0,0,0,0,0,0,0,0,0,0,0,0,0,0,3,0,0,0,0,0,0,0,0,0,0,0,0,0,0,0,0,0,0,0,0,0,0,0,0,0,0,0,0,0,0,0,0,0,0,Eukaryota;Opisthokonta;Metazoa;Bryozoa;Bryozoa_X;Bryozoa_XX,0.999999960400847
be23e87b32361c605fc624ffd09368d5,0,0,0,0,0,9,0,0,2,0,0,5,0,0,0,0,0,10,0,0,0,0,0,0,8,0,0,0,0,0,0,0,0,0,0,0,6,0,0,0,8,0,3,4,0,0,0,0,0,0,0,0,0,0,0,0,0,0,0,0,0,0,0,2,0,0,0,0,0,0,0,0,0,0,0,0,16,48,0,0,0,0,0,0,24,13,19,Eukaryota;Opisthokonta;Fungi,0.702868809538526
be4e56aed2a251f4114578e90f95babc,0,0,0,17,56,5,0,0,0,0,0,170,69,0,0,0,0,119,0,0,0,0,0,43,0,74,0,0,10,0,0,0,0,59,0,6,19,8,0,0,0,0,0,0,0,0,0,0,0,320,0,0,0,0,0,0,0,0,5,0,0,0,0,0,0,0,0,0,0,0,0,0,0,0,0,0,65,0,0,0,0,83,0,0,0,0,0,Eukaryota;Alveolata;Ciliophora;Spirotrichea;Strombidiida;Strombidiidae_M;Strombidiidae_M_X;Strombidiidae_M_X_sp.;,0.880025490086461
be732a593eeace583c6d69335b321a9e,0,0,0,0,0,0,0,0,0,0,0,0,0,0,0,0,0,0,0,0,0,0,0,0,0,0,0,0,0,0,0,0,0,0,0,0,0,0,0,0,0,0,0,0,0,0,0,0,5,0,0,0,0,0,0,0,0,0,0,0,0,0,0,0,0,0,0,0,0,0,0,0,0,0,0,0,0,0,0,0,0,0,0,0,0,0,0,Eukaryota;Opisthokonta;Metazoa;Craniata;Craniata_X;Archosauria;Gallus;Gallus_gallus;,0.999804000222183
befce545824fd9a17f92502b9f3a823b,0,0,15,26,19,3,13,9,9,0,0,0,5,18,5,9,15,14,33,72,16,16,5,6,0,39,26,4,8,0,4,0,0,0,0,0,2,0,14,18,8,10,8,7,12,23,0,5,10,16,22,175,10,0,0,0,22,0,3,5,3,5,22,57,0,4,29,24,136,46,128,14,11,0,8,16,3,12,3593,296,20,66,12,0,0,0,2,Eukaryota;Stramenopiles;Opalozoa;MAST-3;MAST-3D;MAST-3D_X;MAST-3D_XX;MAST-3D_XX_sp.;,0.999930097585279
bf9e79fd45cc5fa77bc861053ef67ae1,142,46,255,145,417,313,79,49,47,22,21,58,93,390,734,613,469,1094,211,34,77,16,13,94,285,956,836,80,101,18,53,86,75,12,60,0,102,523,333,433,641,559,409,24,17,1267,0,0,0,30,806,2846,27,33,92,276,683,435,550,254,0,60,34,32,0,0,26,55,94,377,37,19,0,13,72,67,51,398,0,54,93,348,123,0,752,662,26,Eukaryota;Stramenopiles;Ochrophyta;Bacillariophyta;Bacillariophyta_X;Radial-centric-basal-Coscinodiscophyceae;Actinocyclus;Actinocyclus_curvatulus;,0.996596473569577
bfb88ee021f13e64d5420d67bc13077f,0,0,0,0,0,0,0,0,0,0,0,0,0,0,0,0,0,9,0,0,0,0,0,0,0,0,0,0,0,0,0,0,0,0,0,0,0,0,0,0,0,0,4,0,0,0,0,0,0,6,0,0,0,0,0,0,0,0,0,0,0,0,0,0,0,0,0,17,0,0,0,0,0,0,0,0,0,0,0,0,0,0,0,0,0,0,0,Eukaryota,1.00000000000001
bfcde29137bd2f7c3dd16e52fe876dea,0,0,0,0,6,0,5,0,0,0,0,0,0,0,0,0,0,4,0,16,26,9,16,0,0,0,0,0,0,0,0,0,4,0,0,0,0,0,0,0,0,0,0,0,0,0,0,3,0,14,6,0,0,0,0,0,0,0,0,0,0,0,3,4,0,0,0,12,57,0,0,3,0,0,0,0,0,0,0,10,0,7,5,11,0,0,0,Eukaryota;Archaeplastida;Rhodophyta;Florideophyceae;Gigartinales;Gigartinales_X,0.998548058163769
bff3d17b0ed92c6b02c49d079d392c8e,0,0,0,0,0,0,0,0,0,0,0,0,0,0,0,0,0,0,0,8,14,0,9,0,0,0,0,0,0,0,0,0,0,0,0,0,0,0,0,0,0,0,0,0,0,0,0,0,0,0,0,0,0,0,0,0,0,0,0,0,0,0,0,0,0,0,0,0,0,0,0,0,0,0,0,0,0,0,0,0,0,0,6,6,0,0,0,Eukaryota;Archaeplastida;Rhodophyta;Florideophyceae;Gracilariales;Gracilariales_X,0.790523108231908
c0100abe33f363489541851576e71f74,0,0,0,0,0,0,0,0,0,0,0,0,0,0,0,0,6,0,0,5,0,0,0,0,0,0,0,0,0,0,0,0,0,0,0,0,0,0,0,0,0,0,0,0,0,0,0,0,2,0,5,0,14,0,0,0,0,0,0,0,0,0,0,0,0,0,0,0,0,0,0,0,0,0,0,0,0,0,0,0,0,0,0,0,0,0,0,Eukaryota;Opisthokonta;Metazoa;Rotifera;Rotifera_X;Rotifera_XX;Epiphanes;Epiphanes_senta;,0.801632519017292
c01f148b76de4951f5c0d99b9550c827,0,0,0,0,0,0,0,0,0,0,0,0,0,6,6,15,11,235,42,0,0,0,0,0,8,0,12,0,0,0,0,0,0,0,0,0,0,0,0,0,0,0,0,0,0,0,0,0,0,0,0,0,0,0,5,0,0,0,0,0,0,0,0,0,26,0,0,0,0,0,0,0,0,0,0,0,0,0,0,22,89,0,0,0,15,34,88,Eukaryota;Alveolata;Dinoflagellata;Dinophyceae;Peridiniales;Heterocapsaceae;Heterocapsa;Heterocapsa_nei/rotundata;,0.987653786558345
c04674d5e3f89ec06748891617022326,0,0,0,0,0,0,0,0,0,0,0,0,0,0,0,0,0,0,0,0,0,0,0,0,0,0,0,0,0,0,0,0,0,0,0,0,0,0,0,0,0,0,0,0,0,0,0,0,2,0,0,0,0,0,0,0,0,0,0,0,0,0,0,0,0,0,0,0,0,0,0,0,0,0,0,0,0,0,0,0,0,0,0,0,0,0,0,Eukaryota;Opisthokonta;Metazoa;Cnidaria;Cnidaria_X;Scyphozoa;Cyanea;Cyanea_sp.;,0.96995981313886
c0aa10757aa356dd270f4b86644911e7,0,0,0,0,0,0,0,0,0,0,0,0,0,0,0,0,0,0,0,0,0,0,0,0,0,0,0,0,0,0,0,0,0,0,0,0,0,0,0,0,0,0,0,0,0,2,0,0,0,3,0,0,0,0,0,0,0,0,0,0,0,0,0,0,0,0,0,0,0,0,0,0,0,0,0,0,0,0,0,0,0,0,0,0,0,0,0,Eukaryota;Alveolata;Dinoflagellata;Syndiniales;Dino-Group-II;Dino-Group-II-Clade-8;Dino-Group-II-Clade-8_X;Dino-Group-II-Clade-8_X_sp.;,0.999999290113262
c0f3bb916ade3ddd18b0c42f2d466b47,0,0,36,0,13,0,0,0,0,0,0,30,0,9,20,43,39,14,0,0,0,0,0,25,82,31,0,0,21,0,0,0,7,0,0,0,0,16,32,44,44,20,20,0,0,0,0,0,0,0,32,0,0,0,8,100,6,0,0,425,0,0,0,11,0,0,0,0,0,0,0,0,0,0,0,0,0,0,0,0,0,80,16,0,0,0,0,Eukaryota;Alveolata;Ciliophora;Spirotrichea;Strombidiida,0.89760055507414
c289890f373294db35ccb3338c7ba464,29,16,51,0,45,50,0,0,0,34,34,93,212,130,101,112,42,184,359,221,282,51,195,81,57,103,123,28,0,0,0,40,181,189,369,198,160,267,199,303,184,177,227,125,0,48,0,0,0,222,381,235,0,83,126,330,65,138,137,45,0,0,317,187,94,258,0,0,135,94,191,0,0,11,0,84,233,997,873,494,595,359,0,0,0,0,227,Eukaryota;Stramenopiles;Ochrophyta;Bacillariophyta;Bacillariophyta_X;Raphid-pennate,0.998842037933377
c2b2c3688d626a493125aa494d429b91,361,1039,991,1067,1053,510,303,164,139,291,448,687,3411,7376,14586,10571,3765,8284,772,50,201,39,20,2863,4096,2815,2811,410,178,85,223,150,138,18,109,23,4514,9796,6654,5582,4971,3230,4092,990,202,3807,0,0,7,31,5115,12349,81,1949,3029,12503,2529,5009,13030,78,75,226,45,147,2820,1365,80,105,134,1536,203,220,13,105,298,111,935,247,9016,6599,4277,189,987,7,127,597,211,Eukaryota;Stramenopiles;Ochrophyta;Bacillariophyta;Bacillariophyta_X;Polar-centric-Mediophyceae;Odontella;Odontella_sinensis;,0.993028448790002
c2fd50869873a73f0f306287f18ec065,0,0,0,0,0,0,0,0,0,0,0,0,0,0,0,0,0,12,0,0,0,0,0,0,0,0,0,0,0,0,0,0,0,0,0,0,0,0,0,0,0,0,0,0,0,0,0,0,0,0,0,0,0,0,0,0,0,0,0,0,0,0,0,0,0,0,0,0,0,0,0,0,0,0,0,0,0,0,0,0,0,0,0,0,0,0,0,Eukaryota;Alveolata;Ciliophora;Spirotrichea;Choreotrichida;Leegaardiellidae_B;Leegaardiella;Leegaardiella_sp.;,0.999998150447814
c319a8ca5f1674b19a1eb47b3b417d45,0,71,44,36,141,75,0,0,0,315,207,0,0,0,0,0,41,45,256,59,108,0,0,0,0,0,0,0,28,34,67,656,2027,2507,0,0,0,0,0,0,0,0,0,0,0,0,0,0,0,38,0,0,48,0,0,0,0,0,0,0,0,69,119,0,0,0,0,0,0,0,0,48,0,30,56,84,0,0,0,0,0,170,0,0,78,785,2919,Eukaryota;Stramenopiles;Ochrophyta;Bacillariophyta;Bacillariophyta_X;Polar-centric-Mediophyceae;Thalassiosira,0.943684275570234
c359558087d26fae75657ab33a438143,0,0,0,0,0,0,0,0,0,0,0,0,0,0,0,0,0,0,0,0,0,0,2,0,0,0,0,0,0,0,0,0,0,0,0,0,0,0,0,0,0,0,0,0,0,0,0,0,0,0,0,0,2,0,0,0,0,0,0,0,0,0,0,0,0,0,0,0,0,0,0,0,0,0,0,0,0,0,0,0,0,0,0,2,0,0,0,Eukaryota;Stramenopiles;Ochrophyta;Chrysophyceae;Chrysophyceae_X;Chrysophyceae_XX;Chrysophyceae_XXX;Chrysophyceae_XXX_sp.;,0.724636169824232
c40874ade79aadb4aecfcbfc3440154d,156,130,56,30,3,0,0,8,5,23,18,14,0,0,2,4,0,0,0,0,0,0,0,0,2,0,0,0,0,0,0,75,871,0,0,0,0,0,2,0,0,0,0,0,0,0,0,0,0,0,0,0,0,4,0,0,0,0,0,0,0,0,0,0,100,7,0,0,0,0,0,0,0,127,0,0,133,149,0,77,113,0,0,0,0,0,0,Eukaryota;Stramenopiles;Ochrophyta;Dictyochophyceae;Dictyochophyceae_X;Pedinellales;Pseudopedinella;Pseudopedinella_elastica;,0.898904408607386
c419b5ad5bd73e9bfcff0796e9cbd1ba,0,0,0,0,0,0,0,0,0,0,0,0,0,0,0,0,0,5,0,0,0,0,0,0,0,0,0,0,0,0,0,0,0,0,0,0,0,0,0,0,0,0,0,0,0,0,0,0,0,0,0,0,0,0,0,0,0,0,0,0,0,0,0,0,0,0,0,0,0,0,0,0,0,0,0,0,0,0,0,2,0,0,0,0,0,0,0,Eukaryota;Opisthokonta;Fungi,0.875769306831226
c44b09db4dfd2a1cc72f65456683d8f6,0,0,36,51,340,80,208,177,89,0,3,14,30,42,65,50,226,189,133,68,16,25,35,33,72,199,109,9,18,4,14,0,12,2,0,0,21,159,78,83,83,154,59,81,167,76,2,9,10,8,54,130,24,2,32,87,163,52,45,11,15,7,56,57,4,131,6,0,4,245,67,245,14,9,136,48,136,118,0,6,4,493,59,4,0,0,0,Eukaryota;Stramenopiles;Opalozoa;MAST-3;MAST-3B;MAST-3B_X;MAST-3B_XX;MAST-3B_XX_sp.;,0.996689852019371
c472bc352b9a8260db20c99822f7cdaa,0,0,0,0,0,0,0,0,0,0,0,5,0,0,0,0,0,0,0,0,0,0,0,0,0,0,0,0,0,0,0,0,0,0,0,0,0,0,0,0,0,0,0,0,0,0,0,0,0,0,0,0,0,0,0,0,0,0,0,0,0,0,0,0,0,0,0,0,0,3,0,0,0,0,0,0,0,0,0,0,0,0,0,0,0,3,0,Eukaryota;Rhizaria;Cercozoa;Filosa-Imbricatea;Thaumatomonadida;Thaumatomonadida_X;Thaumatomonadida_XX;Thaumatomonadida_XX_sp.;,0.997194233850532
c48e49c38d159cc79bd966522f03205b,0,0,0,0,0,0,0,0,0,0,0,0,0,0,0,0,0,0,0,0,0,0,0,0,0,0,0,0,0,0,0,0,0,0,0,0,0,0,0,0,0,0,0,0,0,0,0,0,0,0,0,0,0,0,0,0,0,0,0,0,0,0,0,0,0,0,0,0,0,0,0,0,0,0,0,0,0,0,19,0,0,0,0,0,0,0,0,Eukaryota;Stramenopiles,0.963703019546772
c4a4e54ad98013eebd5439319d53dca2,0,0,0,0,0,0,0,0,0,34,0,0,0,0,0,0,0,0,0,0,0,0,0,0,0,0,0,0,0,0,0,0,0,0,0,0,0,0,0,0,0,0,0,0,0,0,0,0,0,0,0,0,0,0,0,0,0,0,0,0,0,33,0,0,0,0,0,0,0,0,0,0,0,26,0,0,0,0,0,0,0,0,0,0,0,0,0,Eukaryota;Stramenopiles;Ochrophyta;Bacillariophyta;Bacillariophyta_X,0.949755430377464
c4c3ee9ce12fa2e3c6d0e096f9da0294,2,0,0,0,20,6,4,0,7,2,4,5,4,0,0,0,0,7,0,3,7,0,0,9,7,12,0,0,0,0,0,0,12,0,0,0,0,0,0,0,0,0,0,0,23,5,4,0,0,7,15,9,7,0,7,5,0,0,0,0,0,0,0,9,0,0,0,0,16,0,0,2,34,0,0,21,19,13,0,25,8,58,11,38,0,3,0,Eukaryota;Opisthokonta;Choanoflagellida;Choanoflagellatea;Acanthoecida;Stephanoecidae_Group_D;Stephanoecidae_Group_D_X;Stephanoecidae_Group_D_X_sp.;,0.999999998776403
c5405031f933745bc1345f66b8381c6b,0,34,0,0,3,0,0,0,1560,10,0,0,10,0,0,47,3,0,0,3,0,0,0,0,8,0,10,0,0,0,0,0,0,0,0,0,385,0,0,0,0,0,0,7591,1809,0,0,0,4,0,0,0,0,0,0,0,0,0,6,0,0,0,0,0,0,0,0,0,9,0,0,0,0,0,0,0,50217,650,125,31,164,4,0,0,2,0,0,Eukaryota;Opisthokonta;Metazoa;Cnidaria;Cnidaria_X;Hydrozoa;Hydrozoa_X;Hydrozoa_X_sp.;,0.999743269075004
c72b4cfeda800b54397ecb33ca21b18d,0,0,0,0,0,0,0,0,0,6,73,21,24,7,0,9,0,0,0,0,10,0,5,0,13,0,0,0,0,0,0,0,6,0,0,0,27,6,563,12,5,29,13,8548,298,0,0,0,0,0,267,33,0,0,0,0,2814,9,0,0,0,0,0,0,0,0,0,0,0,0,0,0,0,0,0,8,358,12940,3670,227,0,0,4,0,0,17,0,Eukaryota;Opisthokonta;Metazoa;Arthropoda;Crustacea;Maxillopoda;Neocalanus;Neocalanus_cristatus;,0.913067908310092
c7c0dae819d213acfd6b2547a07efa16,0,0,0,0,0,0,0,0,0,0,0,0,0,0,0,0,0,0,0,0,0,0,0,0,0,0,3,0,0,0,0,0,0,0,0,0,0,0,0,0,0,0,0,0,0,0,0,0,0,0,0,0,0,0,0,0,0,0,0,0,0,0,0,2,0,0,0,0,0,0,0,0,0,0,0,0,0,0,0,0,0,0,0,0,0,0,0,Eukaryota;Opisthokonta;Fungi;Basidiomycota;Pucciniomycotina;Microbotryomycetes;Leucosporidium;Leucosporidium_scottii;,0.906248112626501
c7cc556e6ae770c41fc89292adf13262,0,0,0,0,0,47,0,0,0,0,0,0,0,0,0,0,80,46,0,135,220,81,0,0,0,0,42,0,139,0,0,0,0,0,0,0,0,0,0,0,0,0,0,0,0,344,0,0,0,0,0,0,340,0,0,0,54,0,0,0,0,0,0,0,0,0,0,0,0,0,0,29,588,0,44,5689,43,0,0,0,0,0,0,94,0,0,0,Eukaryota;Alveolata;Dinoflagellata;Dinophyceae;Peridiniales;Amphidiniopsidaceae;Islandinium;Islandinium_tricingulatum;,0.999679690468272
c8c045e24029938fe860a13fba5f5bd6,0,0,0,0,0,0,0,0,0,0,0,0,0,0,0,0,0,0,0,0,0,0,0,0,0,0,0,0,0,0,0,0,0,0,0,0,0,0,0,0,0,0,0,0,0,0,0,0,0,0,0,0,0,0,0,0,0,0,0,0,0,0,0,0,0,0,0,0,0,0,0,0,0,0,0,0,0,0,0,0,0,3,0,0,0,0,0,Eukaryota,1
c8cf94dc432bfe5287677f834cd9d8b0,0,0,0,0,0,0,0,0,0,0,0,0,0,0,0,0,0,0,0,0,0,0,0,0,0,0,0,0,0,0,0,0,0,0,0,0,0,0,0,0,0,0,0,0,0,0,0,0,21,0,0,0,0,0,0,0,0,0,0,0,0,11,0,0,0,0,0,0,0,0,0,0,0,0,0,0,0,0,0,0,0,0,5,0,0,0,0,Eukaryota;Opisthokonta;Metazoa;Arthropoda;Crustacea;Maxillopoda;Archinotodelphys;Archinotodelphys_sp.;,0.984159712660902
c92e7ae0905805abc8f90c3bddb4ce70,0,0,0,0,0,0,0,0,0,0,0,0,0,0,0,0,0,0,0,0,0,0,0,0,0,0,0,0,0,0,0,0,5,0,0,0,0,0,0,0,0,0,0,0,0,0,0,0,0,0,0,0,0,0,0,0,0,0,0,0,0,0,0,0,0,0,0,0,0,0,0,0,0,0,0,0,0,0,0,0,0,0,0,0,0,0,0,Eukaryota;Rhizaria;Cercozoa;Filosa-Thecofilosea;Ventricleftida;Ventricleftida_X;Ventricleftida_XX;Ventricleftida_XX_sp.;,0.99994475337211
c985ca65563c82592ab657c420c0f129,11,0,234,713,659,13,365,636,229,14,7,65,49,149,422,487,714,355,3484,7350,4737,11481,137,150,773,583,348,464,519,45,248,18,29,7,0,8,10,40,467,355,80,59,91,0,224,1001,43,318,618,1801,548,269,3018,19,68,161,266,40,100,328,239,207,326,12376,19,714,158,238,865,4359,385,11,237,129,566,100,61,38,0,94,102,1966,116,104,39,12,0,Eukaryota;Hacrobia;Cryptophyta;Cryptophyceae;Cryptomonadales;Cryptomonadales_X;Geminigera;Geminigera_cryophila;,0.997146911920948
c9b1953977381b2021e1814762929b3a,0,0,0,0,0,0,0,0,0,0,0,0,0,0,0,0,0,0,0,0,0,0,0,0,0,0,0,0,0,0,0,0,0,0,0,0,0,0,0,0,0,0,0,0,0,0,0,0,0,15,0,0,6,0,0,0,0,0,0,0,0,0,0,0,0,0,0,0,0,0,0,0,0,0,0,0,0,0,0,0,0,0,0,0,0,0,0,Eukaryota,0.999999999999992
cab7a398516c474ff411c2a1b0548704,12,0,38,129,381,135,46,277,280,35,145,154,322,121,46,21,170,81,203,84,1517,284,672,255,217,71,133,27,38,15,53,106,279,361,68,40,109,837,154,117,208,473,173,53,55,168,0,0,33,658,365,1016,27,83,352,337,70,33,137,6,15,50,124,128,0,8,93,277,493,300,124,117,16,12,124,720,26,42,0,0,0,336,174,7,1760,11566,11701,Eukaryota;Stramenopiles;Ochrophyta;Bacillariophyta;Bacillariophyta_X;Raphid-pennate;Pseudo-nitzschia,0.999713644708614
caf56dbea0af67cd15ba802821a5a487,0,0,0,0,0,0,0,0,0,0,0,0,0,0,0,0,0,0,5,6,12,15,0,0,0,0,0,0,0,0,0,0,0,0,0,0,0,0,0,0,0,0,0,0,0,0,0,0,0,16,0,0,7,0,0,0,0,0,0,0,0,0,3,53,0,0,0,0,0,0,0,0,0,0,0,0,0,0,0,0,0,7,0,0,0,0,0,Eukaryota;Hacrobia;Telonemia;Telonemia_X;Telonemia_XX;Telonemia-Group-2;Telonema-Group-2;Telonema_antarcticum;,0.999974538854266
cb8494ddf416e4c3671aaa6d23052625,0,0,0,0,0,0,0,0,0,0,0,0,0,25,0,0,17,407,0,0,0,0,0,0,0,0,0,0,0,0,0,0,0,0,0,0,0,12,0,0,48,69,0,0,0,22,0,0,0,0,0,0,0,0,0,0,24,0,17,0,0,0,0,0,0,0,0,0,0,0,0,0,0,0,0,0,0,0,0,0,0,0,0,0,0,0,0,Eukaryota;Alveolata;Ciliophora;Phyllopharyngea;Cyrtophoria_1;PHYLL_4;PHYLL_4_X;PHYLL_4_X_sp.;,0.998329116899545
cc0335962120a0045b7ef7aee8ee5cec,40,0,0,0,0,0,0,0,0,133,153,254,401,396,0,51,60,99,0,0,0,0,27,236,405,104,0,0,0,0,0,46,115,102,0,0,66,89,59,107,137,146,117,78,0,56,0,0,0,0,1068,346,0,156,351,75,80,0,0,0,0,0,0,0,870,204,0,0,0,404,78,0,0,100,0,43,172,187,205,90,0,303,0,0,0,134,98,Eukaryota;Alveolata;Dinoflagellata;Dinophyceae,0.999405995588311
cc0ffb36f8787d68421043e84cbe07a2,0,0,0,0,0,0,0,0,0,0,0,0,0,0,0,0,0,0,0,0,0,0,0,0,0,0,0,0,0,0,0,0,0,0,0,0,0,0,12,19,0,0,14,0,0,0,0,0,0,0,0,0,0,0,0,0,0,0,0,0,0,0,0,0,0,0,0,0,0,0,0,0,0,0,0,0,74,410,34,541,232,0,0,0,32,97,0,Eukaryota;Stramenopiles;Ochrophyta;Bacillariophyta;Bacillariophyta_X;Araphid-pennate,0.992657389107122
cc89d32c17b5053ab4543d02ff6ac8c2,0,0,0,0,0,0,0,0,0,0,0,0,0,0,0,0,0,0,0,6,0,0,0,0,0,0,0,0,0,0,0,0,0,0,0,0,0,0,0,0,0,0,0,0,0,0,0,0,0,0,0,0,5,0,0,0,0,0,0,0,0,0,0,0,0,0,0,0,0,0,0,0,0,0,0,0,0,0,0,0,0,0,0,0,0,0,0,Eukaryota;Rhizaria;Cercozoa;Filosa-Imbricatea;Marimonadida;Marimonadida_X;Pseudopirsonia;Pseudopirsonia_mucosa;,0.999998458865272
cd5ff000f18f4a730c294e8472a18ba7,8,0,200,1056,1194,139,202,477,142,0,0,0,0,0,39,19,65,13,236,108,556,621,0,17,22,31,193,20,44,9,38,0,32,0,0,0,0,0,13,17,0,0,0,0,0,71,0,0,152,453,61,0,95,0,0,16,0,0,0,0,32,44,50,1450,14,8,68,35,163,1620,30,101,0,28,120,70,0,0,0,0,20,126,48,0,0,0,0,Eukaryota;Alveolata;Dinoflagellata;Dinophyceae,0.999690741979698
ce814467ffb4c41f7459b0fdbbc358a4,0,0,0,0,0,0,0,0,0,0,0,0,0,0,6,0,12,7,0,0,0,0,0,0,0,38,10,0,0,0,0,0,0,0,0,0,0,0,0,0,0,0,0,0,18,58,0,0,0,0,0,0,0,0,0,0,83,3,13,0,0,0,0,0,0,0,0,0,0,0,5,0,0,0,0,0,0,0,0,20,7,140,0,0,0,0,0,Eukaryota;Rhizaria;Cercozoa;Filosa-Thecofilosea;Cryomonadida;Protaspa-lineage;Protaspa-lineage_X;Protaspa-lineage_X_sp.;,0.973609252540792
cfdf910da3eae1d00b717de965d47ea3,0,0,0,0,0,0,0,0,0,13,0,0,10,25,0,8,0,12,0,0,0,0,0,28,13,0,0,0,0,0,0,10,9,0,0,0,0,261,133,53,33,0,0,0,0,0,0,0,0,0,6,12,0,0,46,21,36,7,10,0,0,0,0,0,0,34,0,0,10,0,20,0,0,0,0,0,0,0,13,41,8,0,5,0,45,0,10,Eukaryota;Alveolata;Dinoflagellata;Dinophyceae,0.996396841799843
d045b5d2d7761b5f7dfc306994c888f1,0,0,0,0,8,0,0,0,0,0,0,0,0,0,0,0,0,10,0,0,0,0,0,2,2,4,0,0,0,0,0,0,0,0,0,0,2,3,5,8,6,11,7,0,0,0,0,0,0,0,0,0,0,0,0,0,19,0,0,0,0,0,0,0,0,0,0,0,0,0,0,0,0,0,0,0,23,0,0,2,0,3,0,0,0,19,0,Eukaryota,0.999999999999999
d09d31e34303d085bfaf128d86d801f4,0,0,0,10,0,0,0,0,0,0,0,0,0,0,21,0,0,0,0,0,0,0,0,10,0,0,0,0,0,0,0,0,0,0,0,0,0,0,0,0,0,0,0,0,0,0,0,0,0,0,0,28,0,0,0,0,0,0,0,0,0,0,0,0,0,0,0,0,0,0,0,0,0,0,0,0,0,0,0,0,0,0,0,0,0,0,0,Eukaryota;Rhizaria;Cercozoa;Filosa-Thecofilosea;Cryomonadida;Cryothecomonas-lineage;Cryothecomonas;Cryothecomonas_aestivalis;,0.989858295750597
d2439d9ce631fdf4b7504a3806812af7,0,0,0,0,0,0,0,0,0,0,0,0,6,0,0,0,0,0,0,0,0,0,0,0,0,0,0,0,0,0,0,0,0,0,0,0,0,0,0,0,0,0,0,0,0,0,0,0,0,0,0,0,0,0,0,0,0,0,0,0,0,0,0,0,0,0,0,0,0,0,0,0,0,0,0,0,0,0,0,0,0,0,0,0,0,0,0,Eukaryota;Opisthokonta;Metazoa;Arthropoda;Crustacea;Maxillopoda;Maxillopoda_X;Maxillopoda_X_sp.;,0.868876820688349
d2756742b1166d27342ad59a1372e462,0,0,0,0,0,0,0,0,0,0,0,0,0,0,0,20,0,0,0,0,0,0,0,0,0,0,0,0,0,0,0,0,0,0,0,0,0,0,0,16,0,0,0,0,0,0,0,0,0,0,0,26,0,0,0,0,0,0,21,0,0,0,0,0,0,0,0,0,0,0,29,0,0,0,0,5,0,0,0,0,0,0,0,0,0,0,0,Eukaryota;Archaeplastida;Chlorophyta;Mamiellophyceae,0.720380111804546
d2aba75ebf315e7e479e04cc8bd6fa7b,0,0,0,0,0,0,0,0,0,0,0,3,5,10,0,23,0,12,0,0,0,0,0,12,7,29,0,0,0,0,0,21,3,11,0,0,18,61,153,41,15,3,3,0,0,0,0,0,16,0,68,9,0,3,15,31,86,52,48,0,0,0,0,0,0,16,0,0,0,0,3,0,0,0,0,0,0,0,20,119,111,0,2,0,0,14,4,Eukaryota;Alveolata;Dinoflagellata;Dinophyceae;Peridiniales,0.726470321928432
d2d89645071f6db1a09c1c9890c38c9e,0,0,0,0,0,0,0,0,0,0,0,0,0,0,0,0,0,0,0,0,0,0,0,0,0,0,0,0,0,0,0,0,0,0,0,0,0,0,0,0,0,0,0,0,0,0,0,0,0,0,0,0,0,0,0,0,0,0,0,0,0,0,0,0,0,0,0,0,0,0,0,0,0,0,0,0,0,0,0,5,0,0,0,0,0,0,0,Eukaryota;Hacrobia;Telonemia;Telonemia_X;Telonemia_XX;Telonemia-Group-1;Telonema-Group-1;Telonema_subtile;,0.997885977195347
d3ededbb29caf48bfb0cc06f16e1e055,0,0,0,0,0,0,0,0,0,0,0,0,0,0,0,0,0,0,0,0,2,0,0,0,0,0,0,0,0,0,0,0,0,0,0,0,0,0,0,0,0,0,0,0,0,0,0,0,0,0,0,0,0,0,0,0,0,0,0,0,0,0,0,0,0,0,0,0,0,0,0,0,0,0,0,0,0,0,0,0,0,0,0,0,0,0,0,Eukaryota;Archaeplastida,0.857235935844823
d46b99a74f14f80e9460abaf8dce34ce,0,0,0,0,0,0,0,0,0,0,0,0,0,0,0,0,0,0,0,0,0,0,0,0,0,0,0,0,0,0,0,0,0,0,0,0,0,0,0,0,0,0,0,0,0,0,0,0,0,0,0,0,0,0,0,0,0,0,0,0,0,0,0,0,0,0,0,0,0,0,0,0,0,0,0,0,0,0,0,0,0,7,0,0,0,0,0,Eukaryota;Stramenopiles;Ochrophyta;Chrysophyceae;Chrysophyceae_X;Chrysophyceae_XX;Chrysophyceae_XXX;Chrysophyceae_XXX_sp.;,0.986847237364974
d4aedcd46ed50182ac792c0c4b204779,4,3,0,0,0,0,0,11,0,3,0,0,0,0,3,0,0,0,21,29,0,0,0,0,0,0,0,0,0,0,0,18,161,0,0,0,0,0,0,0,0,0,0,0,0,0,0,2,0,0,0,0,0,0,0,0,0,0,0,0,0,5,0,6,0,0,0,0,22,0,8,0,0,2,0,0,14,4,0,0,0,13,0,0,0,0,0,Eukaryota;Hacrobia;Telonemia;Telonemia_X;Telonemia_XX;Telonemia-Group-2;Telonemia-Group-2_X;Telonemia-Group-2_X_sp.;,0.999999417752291
d50b1ca8bb5a205f1250de7bd6001177,0,0,0,0,0,0,0,10,0,0,0,0,0,0,0,0,4,0,10,0,0,0,0,0,0,12,5,0,0,0,0,0,0,0,0,0,0,0,0,0,0,0,0,0,8,11,0,0,0,4,0,0,0,0,0,0,0,0,0,0,0,0,0,0,0,0,0,0,0,0,6,0,0,0,0,0,0,4,0,0,2,9,0,0,0,0,0,Eukaryota;Hacrobia;Haptophyta;Prymnesiophyceae;Prymnesiales;Chrysochromulinaceae;Chrysochromulina;Chrysochromulina_scutellum;,0.9991392107292
d546e0b959c26a1ee9a33ab55a08a5ed,0,0,0,0,0,0,0,0,0,0,0,0,0,0,0,0,0,0,0,0,0,0,0,0,0,0,0,0,0,0,0,0,0,0,0,0,0,0,0,0,0,0,0,0,0,0,0,0,0,0,0,0,0,0,0,0,0,0,0,0,0,0,0,0,0,0,0,0,0,0,0,0,0,0,0,0,0,0,0,0,0,0,2,4,0,0,0,Eukaryota,0.999999999999985
d564206117771befee18eec7d4b49698,0,0,0,0,0,0,0,0,0,0,0,0,0,0,0,0,0,0,0,0,0,0,0,0,0,0,0,0,0,0,0,0,0,0,0,0,0,0,0,0,0,0,0,0,0,0,0,0,0,0,0,0,0,0,0,0,0,0,0,0,0,0,0,0,0,36,0,0,0,0,29,0,0,0,0,13,0,0,0,0,0,0,0,0,0,0,0,Eukaryota;Rhizaria;Cercozoa;Filosa-Thecofilosea;Cryomonadida;Protaspa-lineage;Protaspa,0.70892737711786
d6693ed0e3aab358b55147951ef70dce,0,0,0,0,0,0,0,0,0,0,0,0,0,0,0,0,0,0,0,0,0,0,0,0,0,0,0,0,0,0,0,0,0,0,0,0,0,0,0,0,0,0,0,0,0,0,0,0,0,0,0,0,0,0,0,0,0,0,0,0,0,0,0,0,0,0,0,0,0,0,0,0,0,0,0,0,0,0,0,19,4,0,0,0,0,0,0,Eukaryota,0.999999999999997
d6ae57a13f15aab1feeb4d0af2a398c2,0,0,0,0,0,0,0,0,0,0,0,0,0,0,0,0,9,0,0,0,0,0,0,0,0,0,0,0,0,0,0,0,0,0,0,0,0,0,0,0,0,0,0,0,8,7,0,0,0,0,0,0,0,0,0,0,0,0,0,0,0,0,0,0,0,0,0,0,0,0,0,0,0,0,0,0,0,0,0,0,0,37,8,0,0,0,0,Eukaryota;Stramenopiles;Ochrophyta;Bacillariophyta;Bacillariophyta_X;Raphid-pennate,0.978693615040214
d6f318f50c87b20200614224209c2d42,0,0,0,0,0,0,0,0,0,0,0,0,0,0,0,0,0,0,0,0,0,0,0,0,0,0,0,0,0,0,0,0,0,0,0,0,0,0,0,0,0,0,0,0,0,0,0,0,0,0,0,0,0,0,0,0,0,0,0,0,0,0,0,0,0,0,0,0,0,5,0,0,0,0,0,0,0,0,0,0,0,0,0,0,0,0,0,Eukaryota;Alveolata;Dinoflagellata,0.885933844698785
d77b85c1a8f80f09dfa904f648f386cc,0,0,0,0,0,0,0,0,0,2,0,3,0,0,0,0,0,0,0,6,0,0,0,0,0,0,0,0,0,0,0,0,0,0,0,0,0,0,0,0,0,0,0,0,0,0,0,0,0,2,0,0,0,0,0,0,0,0,0,0,0,0,0,0,0,0,0,0,0,0,0,0,0,0,0,0,0,0,0,0,0,0,0,0,0,0,0,Eukaryota;Opisthokonta;Metazoa;Urochordata;Urochordata_X;Ascidiacea,0.999999788125904
d7931b804abe8709304de7ffd0015798,0,0,8,38,30,26,99,112,12,0,0,0,0,0,7,11,92,45,62,166,77,73,0,0,0,87,95,18,36,4,4,0,31,0,0,0,0,0,0,0,0,0,0,0,68,282,0,0,45,44,0,6,112,0,0,2,12,0,2,83,15,18,10,83,0,3,0,0,32,5,353,17,26,6,15,20,58,39,0,10,0,81,30,0,0,0,0,Eukaryota;Stramenopiles;Pseudofungi;MAST-1;MAST-1B;MAST-1B_X;MAST-1B_XX;MAST-1B_XX_sp.;,0.999995761456277
d8c20549c9bcd3a7f147212170a92805,0,0,0,0,0,0,0,0,0,0,0,0,0,0,0,0,0,0,0,0,0,0,0,0,0,0,0,0,0,0,0,0,0,0,0,0,0,0,0,0,0,0,0,0,0,0,0,0,0,0,0,0,0,0,0,0,0,0,0,0,0,0,0,0,0,0,0,0,0,0,0,0,0,0,0,0,0,5,0,0,0,0,0,0,0,0,0,Eukaryota;Rhizaria;Cercozoa;Filosa-Thecofilosea;Ebriida;Ebriidae;Ebria;Ebria_tripartita;,0.999794938123021
d93adb8a1db4f985c548d57855c29baf,0,4,0,0,0,0,0,0,0,0,0,0,0,0,0,0,0,0,0,0,0,0,0,0,0,0,0,0,0,0,0,0,0,0,0,0,0,0,0,0,0,0,0,0,0,0,0,0,0,0,0,0,0,0,0,0,0,0,0,0,0,0,0,0,0,0,0,0,0,0,0,0,0,0,0,0,0,0,0,0,0,0,0,0,0,0,0,Eukaryota;Opisthokonta;Metazoa;Rotifera;Rotifera_X;Rotifera_XX;Adineta;Adineta_vaga;,0.976276687647423
d98b5fb93e63118b67df7a2eb54b7c79,0,0,0,0,0,0,0,0,0,0,0,0,0,0,0,0,0,0,0,0,3,0,0,0,0,0,0,0,0,0,0,0,0,0,0,0,0,0,0,0,0,0,0,0,0,0,0,0,0,0,0,0,0,0,0,0,0,0,0,0,5,0,0,0,0,0,0,0,2,0,0,0,0,0,0,0,0,0,0,0,0,0,0,0,0,0,0,Eukaryota;Opisthokonta;Metazoa;Craniata;Craniata_X;Teleostei;Auxis;Auxis_rochei;,0.802001457614486
d99983487052d0259058f5253efe4ed1,0,0,0,0,0,0,0,0,0,0,0,0,0,0,0,0,0,0,0,0,0,0,0,0,0,0,0,0,0,0,0,0,0,0,0,0,0,0,0,0,0,0,0,0,0,0,0,0,0,0,0,0,0,0,0,0,0,0,0,0,0,0,0,0,5,0,0,0,0,0,0,0,0,0,0,0,0,0,0,0,0,0,0,0,0,0,0,Eukaryota;Stramenopiles;Ochrophyta;Pelagophyceae;Pelagomonadales;Pelagomonadales_clade_A;Pelagomonadales_clade_A1;Pelagomonadales_clade_A1_sp.;,0.999999489242252
d9fbe9218eb9f0156873fe9a6bb8a5fd,0,0,0,0,0,0,0,0,0,0,0,0,0,0,0,0,0,7,0,0,0,0,0,0,0,0,0,0,0,0,0,0,0,0,0,0,0,0,0,0,0,0,0,0,0,0,0,0,0,0,0,0,0,0,0,0,0,0,0,0,0,0,2,0,0,0,0,0,0,0,7,0,20,0,0,0,0,0,0,23,0,0,0,0,0,0,0,Eukaryota;Rhizaria;Cercozoa;Filosa-Imbricatea;Thaumatomonadida;Thaumatomonadida_X;Thaumatomonadida_XX;Thaumatomonadida_XX_sp.;,0.995907212964142
da07a297f9491f552012bbcce45849af,0,0,0,0,0,0,0,0,0,0,0,0,0,0,0,0,0,0,0,17,27,15,0,0,0,0,0,0,0,0,0,0,0,0,0,0,0,0,0,0,0,0,0,0,0,0,0,0,9,8,0,0,0,0,0,0,0,0,0,0,0,0,0,37,0,0,0,0,26,0,0,0,0,0,0,0,0,0,0,0,0,0,0,0,0,0,0,Eukaryota;Hacrobia;Telonemia;Telonemia_X;Telonemia_XX;Telonemia-Group-2;Telonemia-Group-2_X;Telonemia-Group-2_X_sp.;,0.999997066651613
da73e797267e67bc62966ef08cd27d27,2,0,0,0,0,0,0,0,0,0,0,0,0,0,0,0,16,0,0,0,0,19,0,0,0,0,0,0,0,0,0,0,0,0,0,0,0,0,0,0,0,0,0,0,0,0,0,0,0,19,0,18,122,0,0,0,0,0,0,0,0,0,10,0,0,0,0,0,0,0,0,0,13,0,0,0,0,0,0,0,0,157,47,21,0,0,0,Eukaryota;Stramenopiles;Ochrophyta;Bacillariophyta;Bacillariophyta_X;Polar-centric-Mediophyceae,0.815890647786766
da82e1e1946e647e1b4ccc9850d1d5be,73796,29218,2595,7039,12475,3426,26703,37968,60768,63409,27481,4169,3441,880,935,270,17909,6398,18722,22092,28680,13616,714,4910,1779,678,8394,65861,51120,69072,65930,39250,55145,3143,255,197,2590,183,113,343,185,54,54,29,31,461,57401,30647,50686,32433,1473,6645,43531,6807,2181,958,51,25,21,39925,69321,85392,45812,972,995,324,65860,60387,7519,13369,2608,20311,43783,63833,3385,2915,408,3661,164,2843,696,508,3430,2889,63,164,134,Eukaryota;Stramenopiles;Ochrophyta;Bacillariophyta;Bacillariophyta_X;Radial-centric-basal-Coscinodiscophyceae;Corethron;Corethron_inerme;,0.80988849997156
dab8478243538189e9e2fa14e7527d33,0,0,0,0,0,0,0,3,0,0,0,0,0,0,0,0,0,0,0,0,4,7,0,0,0,0,3,0,0,0,0,0,4,0,0,0,0,0,0,0,0,0,0,0,0,0,0,0,3,3,0,0,0,0,0,0,0,0,0,0,0,0,0,7,0,2,0,0,0,2,0,0,0,0,0,0,0,0,0,0,0,13,0,0,0,0,0,Eukaryota,1
dabf0021786be91b2e901ca94f698da1,0,0,0,0,0,0,0,0,0,0,0,0,0,0,0,0,0,0,0,0,195,0,0,0,0,0,0,0,0,0,0,0,0,0,0,0,0,0,0,0,0,0,0,0,0,0,0,0,0,0,0,0,0,0,0,0,0,0,0,0,0,0,0,0,82,0,0,0,0,2,0,0,0,0,0,0,0,0,91,360,407,0,0,0,0,0,0,Eukaryota;Opisthokonta;Metazoa;Arthropoda;Crustacea;Maxillopoda;Tisbe;Tisbe_sp.;,0.955233966869494
dac3a78ac075e9ca706b301775744e9c,0,0,0,0,0,0,0,18,0,0,0,0,0,0,0,0,0,0,0,0,0,0,0,0,0,0,0,0,0,0,0,0,0,0,0,0,0,0,0,0,0,0,0,0,0,0,0,0,0,0,0,0,0,0,0,0,0,0,0,0,0,0,0,0,0,0,0,0,0,0,0,0,0,0,0,0,0,0,0,20,0,6,0,0,0,0,0,Eukaryota;Rhizaria;Cercozoa;Filosa-Thecofilosea;Cryomonadida;Protaspa-lineage;Protaspa-lineage_X;Protaspa-lineage_X_sp.;,0.999999672493804
dac6637330a7778041b83dd2b28e83ab,0,0,0,0,0,0,0,0,0,0,0,0,0,0,0,0,0,0,0,0,0,0,0,0,0,0,0,0,0,0,0,0,0,0,0,0,0,0,0,0,0,0,0,0,0,0,0,0,0,0,0,0,0,0,0,0,0,0,0,0,0,0,0,0,0,0,0,0,0,0,0,0,0,0,0,0,0,0,0,0,0,0,0,9,0,0,0,Eukaryota;Stramenopiles;Ochrophyta;Bacillariophyta;Bacillariophyta_X;Raphid-pennate,0.904221782217279
dace5c674e73ee78d6a40786c299a657,0,0,0,0,0,0,0,0,0,0,0,0,0,0,0,0,0,0,0,0,0,0,7,0,0,0,0,0,0,0,0,0,0,0,0,0,0,0,0,0,0,0,0,0,0,0,0,0,0,0,0,0,0,0,0,0,0,0,0,0,0,8,0,0,0,0,0,0,0,0,0,0,0,0,0,0,1417,0,0,0,0,0,0,0,0,0,0,Eukaryota;Opisthokonta;Metazoa;Nemertea;Nemertea_X;Nemertea_XX;Cerebratulus;Cerebratulus_lacteus;,0.853390725346879
db40b0f4626a2a276b8483e715102319,0,0,0,0,0,0,0,0,0,0,0,0,0,0,0,0,0,0,0,0,0,0,0,0,0,0,0,0,0,0,0,0,0,0,0,0,0,0,0,0,0,0,0,0,0,0,0,0,0,0,0,0,0,0,0,0,0,0,0,0,0,0,0,0,0,0,0,0,0,0,0,0,0,0,0,0,0,0,0,0,0,0,0,0,0,6,0,Eukaryota;Alveolata;Ciliophora,0.995818326244883
dc2a105f2b0fa36ae58e19ce1240b179,0,0,0,0,23,0,0,0,0,0,0,0,0,4,17,16,0,0,0,0,0,0,0,0,6,12,0,0,0,0,0,0,0,0,0,0,0,0,10,0,0,0,10,11,0,0,0,0,5,0,8,14,0,0,0,0,0,0,0,0,0,0,0,0,0,0,0,0,0,10,50,0,0,0,0,0,0,0,0,0,0,24,0,4,0,0,0,Eukaryota;Archaeplastida;Chlorophyta;Mamiellophyceae;Dolichomastigales;Crustomastigaceae;Crustomastigaceae-AB;Crustomastigaceae-AB_sp.;,0.967898973390548
dc5fef38df32deaeb1f4113cce17fe9e,0,0,0,0,0,0,0,0,0,0,0,0,0,0,0,0,0,0,0,0,0,0,0,0,0,0,0,0,0,0,0,0,0,0,0,0,0,0,0,0,0,0,0,0,0,0,0,0,12,2,0,0,0,0,0,0,0,0,0,0,0,0,0,0,0,0,0,0,0,0,0,0,0,0,0,0,0,0,0,0,0,0,0,0,0,0,0,Eukaryota;Opisthokonta;Metazoa;Annelida;Annelida_X;Annelida_XX;Parapionosyllis;Parapionosyllis_elegans;,0.99717836073816
dcb8004a7bdce66aa7bfe3e72a8113e4,0,0,0,0,0,0,0,0,0,0,0,0,0,0,0,0,0,0,0,0,0,0,0,0,0,0,0,0,0,0,0,0,0,0,0,0,0,0,14,0,0,0,0,0,0,0,0,0,0,0,0,0,0,0,0,0,0,0,13,0,0,0,0,0,0,0,0,0,0,0,0,0,0,0,0,0,0,0,0,0,0,0,0,0,0,0,0,Eukaryota;Opisthokonta;Metazoa;Annelida;Annelida_X;Annelida_XX,0.999071678191116
dcd0472f90e6664bd40f556fd4dd9c0f,0,0,0,0,0,0,0,0,2,0,0,0,0,0,0,0,3,0,0,3,0,0,0,0,0,0,0,0,0,0,0,0,0,0,0,0,0,0,0,0,0,0,0,0,0,0,0,0,0,0,0,0,0,0,0,0,0,0,0,0,0,0,0,0,0,0,0,0,0,0,0,0,0,0,0,0,0,0,0,0,0,0,0,0,0,0,0,Eukaryota,1
dceeba4eecd553f94ba2852d5585b5af,0,0,0,14,70,45,76,197,140,0,0,0,0,16,45,80,534,467,163,196,181,526,0,0,8,716,592,71,158,7,20,0,2,0,0,0,0,0,23,28,19,23,23,19,632,1416,0,3,166,113,20,157,456,0,0,0,176,17,36,605,18,30,42,161,0,7,18,9,31,28,2323,735,288,2,114,1530,11,3,0,4,5,1222,141,51,0,0,0,Eukaryota;Stramenopiles;Pseudofungi;MAST-1;MAST-1A;MAST-1A_X;MAST-1A_XX;MAST-1A_XX_sp.;,0.889303669644132
dd08e4cf2f376a24c3ba05c631dbcbd0,28,37,86,375,3181,235,673,2489,17,32,14,195,537,103,72,91,478,165,3048,2787,1922,2200,2865,312,310,615,165,386,446,95,166,39,254,19,9,4,231,752,146,161,155,211,82,34,181,176,58,251,1928,1049,157,450,220,6,110,195,468,52,62,103,304,1218,1658,2327,36,138,94,110,203,435,20225,200,740,164,31,4518,52,25,205,484,105,2437,2178,78,0,0,0,Eukaryota;Rhizaria;Cercozoa;Filosa-Thecofilosea;Cryomonadida;Cryothecomonas-lineage;Cryothecomonas;Cryothecomonas_aestivalis;,0.953518758180315
de4c2f5f422474790627ce03888d9f37,0,0,0,0,0,0,0,0,0,0,0,0,0,0,0,0,0,0,0,0,0,0,0,0,0,0,0,0,0,0,0,0,0,0,0,0,0,0,0,0,0,0,0,0,0,0,0,0,0,0,0,0,0,0,0,0,0,0,0,0,0,0,0,0,2,0,0,0,0,0,0,0,0,0,0,0,0,0,0,0,0,0,0,0,0,0,0,Eukaryota;Alveolata;Ciliophora;Spirotrichea;Euplotia;Uronychiidae;Uronychia,0.999943015705171
de92020a690835cc69f593554fb403e3,0,0,0,0,136,62,8,0,15,53,36,202,129,794,295,711,27,420,25,0,142,0,28,76,1473,256,0,0,0,0,0,319,312,176,1738,14,503,6680,1204,1020,1371,1520,688,18,8,0,0,37,48,541,1902,887,0,18,1162,1633,37,126,491,0,0,0,0,74,0,0,0,31,113,95,8,0,0,0,0,0,89,376,160,2216,1797,80,13,0,21,169,93,Eukaryota;Alveolata;Dinoflagellata;Dinophyceae;Peridiniales;Amphidiniopsidaceae;Islandinium;Islandinium_tricingulatum;,0.99475068176612
decbecdeda8cf7e6f45875542fe5ee70,125,347,599,903,1904,944,1850,196,651,15,6,9,4,8,321,51,2148,567,176,14,46,53,0,7,12,118,621,24,47,21,13,13,29,16,10,0,4,28,0,15,7,0,0,12,205,101,566,87,309,20,938,686,1004,0,4,10,0,11,0,0,15,34,4,0,0,0,0,12,63,80,702,1614,2912,16,1480,821,19,4,0,5,8,751,7536,6383,7,340,18,Eukaryota;Stramenopiles;Ochrophyta;Bacillariophyta;Bacillariophyta_X,0.99997371192155
df1e35b9a746175161464afd64354813,0,0,0,0,0,0,0,0,0,0,0,0,0,0,0,0,0,0,0,0,0,0,13,0,0,0,0,0,0,0,0,0,0,0,0,0,0,0,0,0,0,0,0,0,0,0,0,0,0,0,0,0,0,0,0,0,0,0,0,0,0,0,0,0,0,0,0,0,0,0,0,0,0,0,0,0,0,0,9,0,0,0,0,0,0,0,0,Eukaryota;Stramenopiles;Ochrophyta;Bacillariophyta;Bacillariophyta_X;Polar-centric-Mediophyceae;Porosira,0.999999999693008
df755b158279c1d9c5ca2e1fb82a4871,0,0,0,0,7,0,0,0,0,0,0,0,0,0,0,0,0,0,0,0,0,0,0,0,0,0,4,0,0,0,0,0,6,0,0,0,0,0,0,0,0,0,0,0,0,0,0,0,0,0,0,0,0,0,0,0,0,0,0,0,0,0,3,0,0,0,0,0,10,0,4,0,0,0,0,0,12,0,0,0,0,14,0,0,0,0,0,Eukaryota;Alveolata;Dinoflagellata;Syndiniales;Dino-Group-II;Dino-Group-II-Clade-1;Dino-Group-II-Clade-1_X;Dino-Group-II-Clade-1_X_sp.;,0.99999317713329
e0cc425e593696585b692d3fc1e9d353,0,0,0,0,0,528,0,0,0,0,0,0,0,0,0,0,0,0,0,0,0,0,0,0,0,0,0,0,0,0,0,0,0,0,0,0,0,0,0,0,0,0,0,0,0,0,0,0,0,0,0,0,0,0,0,0,0,0,0,0,0,0,0,0,0,0,0,0,0,0,0,0,0,0,0,3,0,0,0,0,0,0,0,0,0,0,0,Eukaryota;Opisthokonta;Metazoa;Cnidaria;Cnidaria_X;Hydrozoa;Sulculeolaria;Sulculeolaria_quadrivalvis;,0.816200851345453
e1536f442f2ea23302113f38f63fbb08,0,0,6,0,26,0,0,0,0,35,41,413,0,12,0,0,0,0,0,0,7,16,0,0,8,28,0,0,0,0,0,0,165,0,0,0,0,0,0,0,8,0,5,0,0,0,0,0,9,77,14,0,0,13,0,0,0,0,0,490,0,0,0,56,0,80,0,0,0,14,0,0,0,0,0,0,29,34,0,32,73,0,0,0,8,0,102,Eukaryota;Alveolata;Ciliophora;Spirotrichea;Strombidiida;Strombidiidae_M;Strombidium_M;Strombidium_M_sp.;,0.759638497809042
e181c908e9ecf4751b78c95e1342c802,0,0,0,0,0,0,0,0,0,46,3,433,755,8,17,4083,32,55,46,0,4,0,308,0,988,425,0,0,0,0,0,4,13,60,1789,21,1681,146,2007,34,7,3,0,11660,24700,4,0,0,0,0,7,0,0,0,3,139,1957,303,24,0,0,0,0,0,0,124,0,0,0,9,3,0,0,0,0,0,1606,133,473,31,0,9,0,0,0,0,7,Eukaryota;Opisthokonta;Metazoa;Ctenophora;Ctenophora_X;Ctenophora_XX,0.998205763374605
e20a6b3caf4a3c856d1d8724b623a7cb,0,0,0,0,0,0,0,0,0,0,0,0,0,0,0,0,0,0,0,0,0,0,0,0,0,0,0,0,0,0,0,0,0,0,0,0,0,0,0,0,0,0,0,0,0,0,0,0,0,0,0,0,0,0,0,0,0,0,0,0,0,0,0,0,0,0,0,0,0,0,0,0,0,0,0,0,0,0,0,0,31,0,0,0,0,0,0,Eukaryota;Opisthokonta;Metazoa;Annelida;Annelida_X;Annelida_XX,0.822656521142688
e25055339b44c9eb046ffdff71960cbf,0,0,0,0,0,0,0,0,0,0,0,0,0,10,61,79,502,369,11,0,0,0,0,0,10,3380,141,14,10,0,0,0,0,0,0,0,0,5,33,25,10,23,13,66,295,340,0,3,0,0,0,29,0,0,0,8,4404,310,212,0,0,0,0,0,0,0,3,7,0,0,20,0,0,0,0,0,15,28,0,0,0,3659,0,0,0,0,0,Eukaryota;Rhizaria;Cercozoa;Filosa-Thecofilosea;Cryomonadida;Protaspa-lineage;Protaspa,0.845290007503657
e392c9634db5df78f6fa62558a896e73,0,0,0,0,0,0,0,0,0,0,3,0,0,18,0,0,0,241,0,0,0,0,134,0,6,0,0,0,0,0,0,0,7,0,0,22,5,10,0,0,0,0,0,0,0,0,0,0,0,0,0,0,0,0,0,10,0,0,0,0,0,0,0,0,0,0,0,0,0,0,0,0,0,0,0,0,0,0,0,0,0,0,0,0,0,0,0,Eukaryota;Opisthokonta;Metazoa;Nemertea;Nemertea_X;Nemertea_XX;Lineus;Lineus_sp.;,0.993135639047955
e3d89e993018c4f13b7c6fd902f84c01,0,0,0,0,0,0,0,0,0,0,0,0,0,0,0,0,0,0,0,0,0,0,0,0,0,0,0,0,0,0,0,0,0,0,0,0,0,0,0,0,0,0,0,0,0,0,0,0,0,0,0,0,0,0,10,0,0,0,0,0,0,0,0,0,0,0,0,0,0,0,0,0,0,0,0,0,0,0,0,0,0,0,0,0,0,0,0,Eukaryota;Opisthokonta;Fungi;Chytridiomycota;Chytridiomycotina;Chytridiomycetes;Lobulomyces;Lobulomyces_angularis;,0.962717548225885
e464226c9802ee3d5eb39b9d70e549b6,0,0,33,0,0,0,6,0,0,0,0,0,0,0,0,0,0,85,0,11,0,7,0,0,0,0,0,0,4,0,0,0,0,0,0,0,0,0,0,0,0,0,0,0,0,6,0,0,38,80,0,0,730,0,0,0,0,0,0,0,0,35,0,0,0,0,0,0,0,0,0,10,6,0,0,0,0,0,0,0,0,0,0,20,0,0,0,Eukaryota;Opisthokonta;Metazoa;Arthropoda;Crustacea;Maxillopoda,0.999997390347449
e54c3d5218fabfd55928f2cdaa6fda65,0,0,0,0,46,0,0,82,0,0,0,0,0,0,0,0,0,0,0,27,0,0,0,0,0,0,0,0,0,0,0,0,0,0,0,0,0,0,0,0,0,0,0,6,22,0,0,6,52,0,0,0,0,0,0,0,0,0,0,0,0,0,0,20,0,0,0,0,147,0,423,0,0,0,0,0,0,0,0,0,0,51,0,0,0,0,0,Eukaryota;Stramenopiles;Ochrophyta;Bacillariophyta;Bacillariophyta_X;Polar-centric-Mediophyceae;Chaetoceros;Chaetoceros_neogracilis;,0.985862074284039
e622546eaf5021da89bf12e3ece54902,0,0,0,0,0,0,0,4,4,0,0,0,0,0,0,0,0,0,12,4,4,0,0,0,0,0,7,0,0,0,0,0,0,0,0,0,0,0,0,0,0,0,0,0,0,0,0,0,0,22,0,0,0,0,0,0,0,0,0,0,0,0,0,4,0,0,0,0,7,0,0,0,0,0,0,0,0,0,0,0,0,0,0,0,0,0,0,Eukaryota;Alveolata;Dinoflagellata,0.898459123894142
e6c626876652567f2e183389ea975efd,0,0,0,0,0,0,0,0,0,0,0,0,0,0,0,0,0,0,0,0,0,0,0,0,0,0,0,0,0,0,0,0,0,0,0,0,0,0,0,0,0,0,0,0,0,0,0,0,0,0,0,0,4,0,0,0,0,0,0,0,0,0,0,0,0,0,0,0,0,0,0,0,0,0,0,0,0,0,0,0,0,0,0,0,0,0,0,Eukaryota,0.999999999999999
e6e004bf2d5d5135ff07272ad4b70ed9,0,0,0,0,0,0,0,0,0,0,0,0,0,0,0,0,2,0,0,0,0,0,0,0,0,0,0,0,0,0,0,0,0,0,0,0,0,0,0,0,0,0,0,0,0,0,0,0,0,0,0,0,0,0,0,0,0,0,0,0,0,0,0,0,0,0,0,0,0,0,0,0,0,0,0,0,0,0,0,0,0,0,0,0,0,0,0,Eukaryota;Opisthokonta,0.991453108231842
e71314f8a59a727f2b5e9ca10cd203da,0,0,13,9,2,0,0,0,0,0,5,94,263,0,0,3,0,0,7,0,0,0,137,133,31,5,0,0,0,0,0,2,2,45,44,53,10,16,0,8,3,2,6,0,0,0,0,0,0,0,12,0,0,9,47,88,0,0,0,0,0,0,0,0,0,6,0,0,0,25,2,0,0,0,0,0,0,0,50,0,0,0,0,0,0,0,0,Eukaryota;Rhizaria;Cercozoa;Filosa-Thecofilosea;Ebriida;Ebriidae;Ebria;Ebria_tripartita;,0.999999837592212
e750d49efdb375ccd440d54e75c9a050,0,0,0,5,3,0,0,0,0,0,0,0,0,0,0,0,0,0,0,0,0,3,0,0,0,0,0,0,0,0,0,0,0,0,0,0,0,0,0,0,0,0,0,0,0,0,0,0,0,0,0,0,0,0,0,0,0,0,0,0,0,0,0,0,0,0,0,0,0,0,13,0,0,0,0,0,0,0,0,0,0,0,0,0,0,0,0,Eukaryota,1.00000000000001
e75123acab904018cf37e7011f0d47b4,0,0,0,0,2,0,0,0,0,0,0,0,0,7,7,4,2,3,0,2,0,0,0,0,11,6,3,0,0,0,0,0,0,0,0,0,0,21,7,34,25,55,20,9,3,0,0,0,0,0,11,50,0,0,0,7,12,0,3,0,0,0,0,0,0,0,0,0,0,0,4,0,0,0,0,0,2,0,0,6,2,37,4,0,0,0,0,Eukaryota,1
e759254e9e70d8a775f3693e46feb25e,0,0,0,0,0,0,0,0,0,0,0,0,0,0,0,0,0,0,0,0,0,0,0,0,0,0,0,0,0,0,0,0,0,0,0,0,0,0,0,0,0,0,0,0,0,0,0,0,0,0,0,0,0,0,0,0,0,0,0,0,0,0,0,0,0,0,0,0,0,0,0,0,0,0,7,0,0,0,0,0,0,0,0,0,0,0,0,Eukaryota;Opisthokonta;Metazoa;Arthropoda;Crustacea;Maxillopoda;Hatschekia;Hatschekia_sp.;,0.787625658567232
e76c136f1e06560f28615363f119f686,0,34,5,15,16,0,4,0,2,0,0,2,2,0,0,0,2,11,0,31,38,4,5,0,0,0,0,0,0,0,0,0,3,0,0,0,0,0,0,0,0,0,0,0,5,2,0,5,60,6,0,0,40,0,0,0,0,0,0,0,0,0,2,0,0,0,0,0,35,0,0,0,10,0,3,0,0,0,0,0,0,34,5,11,0,0,0,Eukaryota;Archaeplastida;Rhodophyta;Florideophyceae;Corallinales;Corallinales_X,0.999999882781073
e934fde9d9ffb16d87d1adbbd4328188,0,0,0,0,51,0,0,0,0,0,0,0,0,0,0,0,72,85,240,45,310,139,0,0,0,301,290,48,100,0,0,0,0,0,0,0,0,0,0,0,0,0,0,0,85,499,0,0,0,214,0,71,78,0,0,0,178,70,57,76,17,29,0,726,0,0,118,260,334,0,0,0,0,0,0,0,85,0,0,0,0,248,0,0,0,0,0,Eukaryota;Alveolata;Dinoflagellata;Dinophyceae;Peridiniales;Heterocapsaceae;Heterocapsa;Heterocapsa_nei/rotundata;,0.74109270196426
e941ac3be5b5483b22b75a57d913dccc,0,0,0,0,0,0,0,0,0,0,0,0,0,0,0,0,0,0,0,0,0,0,0,0,0,0,0,0,0,0,0,0,0,0,0,0,0,0,0,0,0,0,0,0,0,0,0,0,0,0,0,0,0,0,0,0,0,0,0,0,0,0,0,0,0,0,0,0,0,0,20,0,0,0,0,0,0,0,0,0,0,0,0,0,0,0,0,Eukaryota;Opisthokonta;Metazoa;Arthropoda;Crustacea;Maxillopoda,0.999998249243348
e99d8a87308ee9d7bf757b20de0a893f,0,0,0,0,0,0,0,0,0,0,0,0,0,0,0,0,0,0,0,0,0,0,0,0,0,0,0,0,0,0,0,0,0,0,0,0,0,0,0,0,0,0,0,0,0,0,0,0,0,2,0,2,0,0,0,0,0,0,0,0,0,0,0,0,0,0,0,0,0,0,3,0,0,0,0,0,0,5,0,0,0,0,4,3,0,0,0,Eukaryota;Stramenopiles,0.930005993652721
ea0b7ac8d55952a6ee4da7f99ead7ac3,0,0,0,0,0,0,0,0,0,0,0,0,0,0,0,0,0,0,0,0,0,0,0,0,0,0,0,2,0,0,0,0,0,0,0,0,0,0,0,0,0,0,0,0,0,0,0,0,0,0,0,0,0,0,0,0,0,0,0,0,0,0,0,0,0,0,0,0,0,0,0,0,0,0,0,0,0,0,0,73,14,0,0,0,0,0,0,Eukaryota;Alveolata;Ciliophora;Spirotrichea;Tintinnida;Tintinnidae;Tintinnidae_X;Tintinnidae_X_sp.;,0.999344920667108
ea60a16e324ad5b2736276529e31a2a6,0,0,0,8,7,8,0,6,0,0,0,7,0,0,4,0,7,6,0,15,6,3,23,3,0,8,7,0,0,0,0,0,9,0,0,18,0,0,0,0,0,0,0,0,0,7,0,0,4,0,0,0,0,0,0,0,5,0,0,0,0,0,0,7,0,0,0,0,0,3,3,0,0,0,2,4,11,0,2,0,0,49,0,0,0,0,0,Eukaryota;Alveolata;Dinoflagellata;Syndiniales;Dino-Group-I;Dino-Group-I-Clade-1;Dino-Group-I-Clade-1_X;Dino-Group-I-Clade-1_X_sp.;,0.999988329754003
ea9ed18d3e503c9116cd573d068cd6c0,0,0,0,0,0,0,0,0,0,48,0,11,28,275,30,62,0,0,0,0,168,0,0,36,152,41,0,0,0,0,0,114,0,49,0,0,55,1446,644,238,101,35,25,0,0,0,0,0,44,207,370,12,0,2,85,115,421,61,84,0,0,0,0,843,0,0,0,33,287,6,0,0,0,0,0,0,27,0,0,61,26,0,31,0,55,167,12,Eukaryota;Alveolata;Dinoflagellata;Dinophyceae,0.814958442466118
eaeaffaa62c8f247a0623e82f8796b40,0,0,0,0,2,0,0,0,0,0,0,0,0,0,4,4,2,4,6,0,0,0,0,4,0,5,0,0,0,0,0,0,0,0,0,0,0,0,0,5,0,2,0,0,0,3,0,0,0,0,0,0,0,0,0,2,11,0,7,0,0,0,0,0,0,0,0,4,0,0,0,0,0,0,0,0,0,0,0,0,0,4,0,0,16,48,0,Eukaryota;Stramenopiles;Ochrophyta;Dictyochophyceae;Dictyochophyceae_X;Dictyochales;Dictyocha;Dictyocha_speculum;,0.999999996906524
eaf01cc37c5e35f10e0fcae38fab4420,0,3,10,74,146,33,95,88,57,0,0,0,0,17,42,30,115,81,418,336,241,226,8,0,0,86,38,124,166,17,38,0,15,0,0,0,0,0,11,23,6,5,3,0,26,64,9,67,152,99,15,113,751,0,0,0,10,0,8,127,83,194,106,257,4,11,19,17,96,47,1233,69,420,4,29,190,4,0,0,3,0,211,89,95,0,0,0,Eukaryota;Hacrobia;Haptophyta;Prymnesiophyceae;Prymnesiales;Chrysochromulinaceae;Chrysochromulina;Chrysochromulina_sp.;,0.999998209874459
eba7b265072c8bd2cbc9361db9d9747d,0,0,0,0,0,0,0,0,0,0,0,0,0,0,0,0,4,0,0,0,0,0,0,0,0,0,3,0,0,0,0,0,0,0,0,0,0,0,0,0,0,0,0,0,0,0,0,0,0,0,0,0,4,0,0,0,0,0,0,0,0,0,0,0,7,0,0,0,0,0,0,0,0,0,0,0,0,8,0,13,9,0,0,0,0,0,0,Eukaryota;Stramenopiles;Sagenista;Labyrinthulomycetes;Labyrinthulales;Labyrinthulaceae;Oblongichytrium;Oblongichytrium_sp.;,0.931351379915595
ec2427ec1c213282c64088470c52ad3c,3,0,6,6,39,0,6,20,0,9,3,9,13,0,13,0,12,0,48,51,57,35,338,6,6,11,10,0,3,0,3,0,24,20,0,54,4,12,4,5,7,5,8,8,2,0,3,0,13,30,11,13,18,8,6,12,0,0,0,9,0,14,55,37,0,3,0,3,20,8,20,2,18,0,0,0,60,21,0,0,0,135,8,0,0,0,0,Eukaryota;Stramenopiles;Ochrophyta;Bolidophyceae;Parmales;Triparmaceae;Triparma;Triparma_mediterranea;,0.957174058795448
eca4a720da5df715067e2c847321d35a,0,0,0,0,4,0,0,7,0,0,0,0,0,0,0,0,0,0,0,0,0,0,0,0,0,0,0,0,0,0,0,0,2,0,0,0,0,0,0,0,0,0,0,0,0,0,0,0,0,2,0,0,0,0,0,0,0,0,0,0,0,0,0,2,0,0,0,0,0,0,3,0,0,2,0,0,0,0,0,9,0,0,0,0,0,0,0,Eukaryota,1.00000000000001
ecaf8d1e8b37c7de1a42d24836449c2f,0,0,0,0,0,0,0,0,0,0,0,0,0,0,0,0,0,0,0,0,0,35,0,0,0,0,0,0,0,0,0,0,0,0,0,0,0,0,0,0,0,0,0,0,0,0,0,0,0,0,0,0,0,0,0,0,0,0,0,0,0,0,0,0,0,0,0,0,0,0,0,0,0,0,0,0,0,0,0,0,0,0,0,0,0,0,0,Eukaryota;Opisthokonta;Metazoa;Arthropoda;Crustacea;Maxillopoda,0.999999957654229
ecdfd800c6b3c10af91f2ba4371b7dfe,0,0,0,0,0,0,0,0,0,0,0,0,0,0,0,0,0,0,0,0,0,0,0,0,0,0,0,0,0,0,0,0,0,0,0,0,0,0,0,0,0,0,0,0,0,0,0,0,0,0,4,0,0,0,0,0,0,0,0,0,0,0,0,0,0,0,0,0,0,0,0,0,0,0,0,0,0,6,36,17,0,0,0,0,0,0,0,Eukaryota;Rhizaria;Cercozoa;Filosa-Thecofilosea;Ventricleftida;Ventricleftida_X;Ventricleftida_XX;Ventricleftida_XX_sp.;,0.999870224106769
ed81db7898397db7a6b11f752a79f80e,0,0,0,0,0,0,3,0,0,0,0,0,0,0,0,0,0,3,0,0,0,0,0,0,0,0,0,0,0,0,0,0,0,0,0,0,0,0,0,0,0,0,0,0,0,0,0,0,0,0,0,0,0,0,0,0,0,0,0,0,0,0,0,0,0,0,0,0,0,0,0,0,0,0,0,0,0,0,0,3,0,0,0,0,0,0,0,Eukaryota;Opisthokonta,0.989252125273673
ede8fccf89286126d41b8d593e86f5a7,0,0,0,0,0,0,0,0,0,0,0,0,3,0,0,0,0,0,0,0,0,0,0,0,0,0,0,0,0,0,0,0,0,0,0,0,0,0,0,0,0,0,0,0,0,0,0,0,0,0,0,0,0,0,0,0,0,0,0,0,0,0,0,0,0,0,0,0,0,0,0,0,0,0,0,0,0,0,0,0,0,0,0,0,0,0,0,Eukaryota;Rhizaria;Cercozoa;Filosa-Imbricatea;Thaumatomonadida;Thaumatomonadidae;Allas,0.70897278555304
ee3ecaf34018e4aca710f8f2e498100b,0,0,0,0,0,0,0,0,0,0,0,3,0,0,0,0,0,0,0,0,0,0,0,0,0,0,0,0,0,0,0,0,0,0,0,0,0,0,0,0,0,0,0,0,0,0,0,0,0,0,0,0,0,0,0,0,0,0,0,0,0,0,0,0,0,0,0,0,0,0,0,0,0,0,0,0,0,0,0,0,0,0,4,0,0,0,0,Eukaryota;Rhizaria;Cercozoa;Filosa-Thecofilosea;Tectofilosida;Pseudodifflugiidae,0.957116275001565
ef9d309a087ad1b26c0ea8a1d799f7c3,0,0,0,0,0,0,0,0,0,0,0,0,0,0,0,0,0,0,0,7,0,0,0,0,0,0,0,0,0,0,0,0,0,0,0,0,0,0,0,0,0,0,0,0,0,0,0,0,0,0,0,0,0,0,0,0,0,0,0,0,0,0,0,0,0,0,0,0,0,0,0,0,0,0,0,0,0,0,0,0,0,0,0,0,0,0,0,Eukaryota,1
f1064c24ef8e45128cafb1431c590dfa,0,0,0,10,29,5,8,8,4,0,0,0,0,3,6,8,15,22,13,14,9,0,0,2,5,22,10,0,0,0,0,0,0,0,0,0,0,0,3,8,3,0,0,0,0,10,0,0,0,0,10,15,8,0,0,0,6,3,7,0,0,0,8,11,0,0,0,4,7,29,9,0,0,0,0,0,3,2,0,0,0,60,0,0,0,0,0,Eukaryota;Stramenopiles;Opalozoa;MAST-3;MAST-3E;MAST-3E_X;MAST-3E_XX;MAST-3E_XX_sp.;,0.975746194508738
f109ba59f8240958971a0abdbdeecad3,0,0,0,0,0,0,0,0,0,0,0,0,0,0,0,0,0,0,0,0,0,0,0,0,0,0,0,0,0,0,0,0,0,0,0,0,0,0,0,0,0,0,0,0,0,0,0,0,0,0,0,0,4,0,0,0,0,0,0,0,0,0,0,0,0,0,0,0,0,0,0,0,0,0,2,0,0,0,0,0,0,0,0,0,0,0,0,Eukaryota;Alveolata;Ciliophora;Spirotrichea;Hypotrichia,0.999999937471488
f1c32dd4c82165cdc576f74cba392260,0,2,127,803,610,111,80,108,12,3,44,1024,1020,263,63,82,50,18,175,267,156,146,31,1977,1666,190,62,25,28,5,20,5,81,4,0,3,253,379,310,360,348,333,300,45,97,82,0,12,149,61,627,576,19,92,551,498,73,17,51,43,34,47,86,209,21,212,29,65,271,700,2138,3,47,8,8,42,30,36,0,47,16,658,176,15,10,199,250,Eukaryota;Opisthokonta,0.969092503401438
f218cc99dfccee202aa8aa46f9d687c5,0,0,0,0,0,0,0,0,0,0,0,0,0,0,0,0,0,0,0,0,0,0,0,0,0,0,0,0,0,0,0,0,0,0,0,0,0,0,0,0,0,0,0,0,0,0,0,0,0,0,0,0,0,0,0,0,0,0,0,0,0,0,0,0,0,0,0,0,0,0,0,0,0,0,0,0,0,0,0,0,12,0,0,0,0,0,0,Eukaryota;Opisthokonta;Metazoa;Annelida;Annelida_X;Annelida_XX,0.850522393963304
f309eb3585c0eb71829ca07291332d0f,0,0,18,24,7,0,0,0,5,0,0,0,0,0,0,0,9,5,16,7,9,15,0,0,0,0,0,0,14,0,0,18,129,6,16,0,0,4,0,0,0,0,0,0,215,7,0,0,35,22,22,10,85,0,0,0,0,0,0,0,0,4,0,0,0,0,0,0,60,0,7,7,91,0,0,275,0,0,0,0,0,526,12,0,0,7,0,Eukaryota;Stramenopiles;Ochrophyta;Bacillariophyta;Bacillariophyta_X;Raphid-pennate,0.928829224514603
f3217afc25b1b6626a77daba4fb7ca3a,0,0,0,0,7,0,0,0,0,0,0,0,0,0,0,0,16,0,0,11,0,0,0,0,0,0,0,0,9,0,0,0,0,0,0,0,0,0,0,0,0,0,0,0,0,0,0,0,14,0,0,0,13,0,0,0,0,0,0,0,0,0,0,0,0,0,0,0,0,0,5,12,140,0,17,0,0,0,0,0,0,82,28,121,0,0,0,Eukaryota;Stramenopiles;Ochrophyta;Bacillariophyta;Bacillariophyta_X;Raphid-pennate;Navicula;Navicula_sp.;,0.912800754203648
f335321c4e85802c23f581a5b00cd507,0,0,0,0,0,0,0,11,0,0,0,0,0,0,0,0,0,0,10,23,28,30,0,0,0,0,0,0,0,0,0,0,0,0,0,0,0,0,0,0,0,0,0,0,0,0,0,4,0,0,0,0,3,0,0,0,0,0,0,0,0,14,12,39,0,0,0,0,3,0,0,0,0,0,0,0,4,0,0,0,0,6,0,0,0,0,0,Eukaryota;Archaeplastida;Chlorophyta;Mamiellophyceae;Mamiellales;Bathycoccaceae;Bathycoccus;Bathycoccus_prasinos;,0.999999992080575
f388cd0011c2c3f4e9d8a33a57511484,0,0,0,104,85,0,0,24,0,0,6,110,14,11,18,21,0,0,0,0,0,0,0,40,21,45,28,0,0,0,0,0,55,0,0,0,0,5,12,21,13,0,12,6,25,15,0,0,0,0,18,82,0,8,22,17,25,8,13,0,0,0,0,82,0,0,15,22,23,191,0,0,0,0,0,0,25,15,0,0,0,65,0,0,0,0,0,Eukaryota;Stramenopiles;Ochrophyta;Dictyochophyceae;Dictyochophyceae_X;Florenciellales;Pseudochattonella;Pseudochattonella_verruculosa;,0.978222092097785
f469c5421e2da8927ec36d648ec7fd02,0,0,0,0,0,0,0,0,0,0,0,0,0,0,0,0,0,0,0,0,0,0,0,0,0,0,0,0,0,0,0,0,0,0,0,0,0,0,0,0,0,0,0,0,0,0,0,0,5,0,0,0,17,0,0,0,0,0,0,0,0,0,0,0,0,0,0,0,7,0,0,0,0,0,0,0,0,0,0,0,0,0,0,0,0,0,0,Eukaryota;Stramenopiles;Ochrophyta;Phaeophyceae;Phaeophyceae_X;Phaeophyceae_XX;Halothrix;Halothrix_ambigua;,0.999995756691299
f48a642a45d73d4a0baa8539020da6d2,0,0,3,3,27,3,7,23,12,0,0,0,7,13,19,13,27,7,42,89,38,13,0,0,9,29,21,3,4,0,0,0,0,0,0,0,0,8,15,14,9,11,14,11,14,11,0,4,18,25,15,92,11,0,0,0,6,5,0,0,4,4,22,129,0,4,7,17,46,21,146,19,0,0,8,18,0,0,0,0,0,118,13,0,0,0,0,Eukaryota;Stramenopiles;Opalozoa;MAST-3;MAST-3D;MAST-3D_X;MAST-3D_XX;MAST-3D_XX_sp.;,0.999999985543568
f4d5d894383f800aaf7955f10f1c0a56,0,0,14,40,44,15,0,0,0,12,7,14,19,0,0,6,70,30,38,90,63,42,241,8,0,0,22,0,14,0,0,24,56,18,8,83,0,13,0,0,0,0,0,8,96,26,14,20,138,72,13,0,110,9,17,13,0,0,0,6,7,47,28,0,93,27,0,0,216,107,98,21,218,18,44,282,12,63,0,65,18,277,95,46,7,17,14,Eukaryota;Stramenopiles;Ochrophyta;Bacillariophyta;Bacillariophyta_X;Raphid-pennate,0.977436307765944
f5337eb393a084201ab705cc02ed2500,0,0,0,0,0,0,0,0,0,0,0,0,0,0,16,17,121,44,0,0,0,0,0,0,3,455,164,4,19,0,0,0,0,0,0,0,0,0,0,0,0,0,0,7,721,406,0,0,0,11,3,5,10,0,0,2,429,54,138,15,3,0,0,0,0,0,0,0,0,0,31,4,0,0,0,0,0,5,0,0,0,1026,6,4,0,0,31,Eukaryota;Stramenopiles;Ochrophyta;Chrysophyceae;Chrysophyceae_X;Chrysophyceae_Clade-F;Paraphysomonas;Paraphysomonas_sp.;,0.727368012101428
f5835ff7ad34ff2efac6bf13c47dd2bb,0,0,0,0,0,0,0,0,0,0,0,0,0,0,4,0,3,3,30,5,30,26,0,0,0,11,0,0,11,0,0,0,0,0,0,0,0,0,0,0,0,0,0,0,0,0,0,0,4,79,0,6,0,0,0,0,0,0,0,0,0,0,0,98,0,0,0,4,23,0,0,0,0,0,6,3,0,0,0,0,0,18,0,0,0,0,0,Eukaryota;Alveolata;Dinoflagellata;Syndiniales;Dino-Group-III;Dino-Group-III_X;Dino-Group-III_XX;Dino-Group-III_XX_sp.;,0.999985927618961
f90440a69d563d9db27d8459f2a2a8c7,0,0,0,0,0,0,0,0,0,0,0,0,0,0,0,0,0,4,0,0,0,0,0,0,0,4,0,0,0,0,0,0,0,0,0,0,0,27,5,6,0,0,0,0,0,0,0,0,0,0,0,0,0,0,0,0,0,0,0,0,0,0,0,0,0,0,0,0,6,0,0,0,0,0,0,0,0,0,0,34,0,0,0,0,0,64,0,Eukaryota;Alveolata;Dinoflagellata;Dinophyceae;Peridiniales;Protoperidiniaceae;Protoperidinium;Protoperidinium_sp.;,0.999958321551478
f9f5e0e43f8b745a3b15422d4fe38e09,0,0,0,0,0,0,0,0,0,39,0,0,5,0,0,0,0,0,0,0,0,0,0,0,0,0,0,0,0,0,0,0,11,0,0,0,0,0,0,0,0,0,0,0,0,0,0,0,0,0,13,0,0,0,0,0,0,0,0,0,0,0,0,0,0,37,0,0,0,0,0,0,0,0,0,0,0,0,0,0,0,0,0,0,0,0,11,Eukaryota;Opisthokonta;Metazoa;Annelida;Annelida_X;Annelida_XX;Nephtys,0.999978650427473
fa0e5dcb7e5c07ed31cf33a57ebaee90,16,0,76,30,26,22,5,0,0,20,3,12,32,54,74,74,71,37,0,0,0,0,0,25,33,106,134,0,0,0,0,24,28,4,10,0,25,77,39,59,101,83,59,5,7,220,0,0,0,0,60,183,0,10,21,28,21,42,64,0,0,0,0,0,3,0,10,19,27,119,8,4,0,0,6,18,23,3,11,25,24,20,15,0,1001,1033,1020,Eukaryota;Stramenopiles;Ochrophyta;Bacillariophyta;Bacillariophyta_X,0.990766292744969
fa28fe215c257a16ab10178e1fbbb8cc,0,0,0,0,8,0,0,0,0,0,0,0,0,0,0,0,0,0,0,0,8,0,0,0,0,0,0,0,0,0,0,0,0,0,0,0,0,0,0,0,0,0,0,0,8,0,0,0,14,4,0,5,46,0,0,0,0,0,0,0,0,9,0,0,0,0,0,0,0,0,0,0,7,0,0,28,0,0,0,0,0,161,6,0,0,0,0,Eukaryota;Stramenopiles;Ochrophyta;Bacillariophyta;Bacillariophyta_X;Raphid-pennate;Pseudogomphonema;Pseudogomphonema_sp.;,0.998978617998603
fb0a7bc56445bb9b1112ab9322e13daf,0,0,0,0,0,0,0,0,0,0,0,0,0,0,0,0,0,0,0,0,0,0,0,4,0,0,0,0,0,0,0,0,0,0,0,0,0,0,0,0,0,0,0,0,0,0,0,0,24,0,0,0,0,0,0,0,0,0,0,6,0,0,0,0,31,0,0,0,0,15,0,0,21,0,0,0,0,11,14,74,25,0,0,53,0,16,19,Eukaryota;Stramenopiles;Ochrophyta;Bacillariophyta;Bacillariophyta_X;Raphid-pennate;Cylindrotheca;Cylindrotheca_closterium;,0.705678025062472
fbe54b2bd12c4fcd6ec6691f72b1a3d2,0,0,0,119,540,0,93,0,11,21,91,1178,973,536,110,299,59,46,7,0,0,0,0,1946,1517,99,14,0,0,0,0,0,87,19,0,0,66,130,285,818,392,186,458,34,0,0,0,0,0,0,949,54,0,38,141,395,40,66,31,0,0,0,0,0,0,14,10,0,0,31,29,0,0,0,18,0,0,16,0,0,35,328,248,0,0,0,0,Eukaryota;Alveolata;Dinoflagellata;Dinophyceae,0.999952877169015
fbf4b4db0270d6859eeec5d72e0578df,0,0,0,0,0,0,0,0,0,0,0,0,0,0,0,0,0,0,0,2,0,0,0,0,0,0,0,0,0,0,0,0,0,0,0,0,0,0,0,0,0,0,0,0,0,0,0,0,0,0,0,0,0,0,0,0,0,0,0,0,0,0,0,0,0,0,0,0,0,0,0,0,0,0,0,0,0,0,0,0,0,0,0,0,0,0,0,Eukaryota;Opisthokonta;Metazoa,0.911888454616592
fbfba1759ee687cd49cf7fe439c9d538,0,0,0,145,919,71,0,0,0,0,0,140,99,0,0,0,0,941,0,242,970,2540,54,0,0,0,0,0,0,50,0,0,56,0,0,0,0,25,0,0,0,0,0,0,0,0,9,53,59,4944,0,0,0,0,0,0,0,0,0,711,0,231,57,3810,0,0,140,672,4766,577,558,138,58,0,0,567,400,406,0,94,88,0,0,20,124,93,0,Eukaryota;Alveolata;Dinoflagellata;Dinophyceae;Gymnodiniales;Gymnodiniaceae;Gyrodinium,0.81608721765505
fbffab723fc5a88dc49ed43ef933cf03,0,0,0,0,0,0,0,0,0,3,0,0,0,70,0,0,0,0,0,0,0,0,0,0,0,0,0,0,0,0,0,0,0,0,0,2,14,0,5,0,0,0,0,0,0,0,0,0,0,0,0,5,0,0,0,53,0,0,102,0,0,0,0,0,0,0,0,0,0,0,0,0,0,0,0,0,0,0,0,0,0,0,0,0,0,0,0,Eukaryota;Opisthokonta;Metazoa;Annelida;Annelida_X;Annelida_XX,0.999873095394988
fc75d0b73ac27e0c421a7059d2d69be5,24,8,29,56,89,78,729,482,124,3,0,0,0,0,40,58,642,368,131,551,180,411,0,0,0,382,326,68,128,11,14,6,114,0,0,0,0,5,5,11,7,10,0,17,579,759,12,23,66,63,10,33,377,0,0,6,133,16,35,156,51,45,53,217,7,25,30,10,40,72,4230,617,177,22,220,2645,56,34,0,20,11,624,533,36,0,0,0,Eukaryota;Stramenopiles;Pseudofungi;MAST-1;MAST-1C;MAST-1C_X;MAST-1C_XX;MAST-1C_XX_sp.;,0.999999999904027
fc8e46ae29628a8a0b678a27a88a298a,0,0,0,0,0,0,0,0,0,0,0,0,0,0,0,0,0,0,0,7,0,0,0,0,0,0,0,0,0,0,0,0,0,0,0,0,0,0,0,0,0,0,0,0,0,0,0,0,0,0,0,0,0,0,0,0,0,0,0,0,0,0,0,0,0,0,0,0,0,0,0,0,0,0,0,0,0,0,0,0,0,0,0,0,0,0,0,Eukaryota;Rhizaria;Cercozoa;Filosa-Thecofilosea;Cryomonadida;Protaspa-lineage,0.992085953475573
fd53ad964810b253ef2b6c046a04167c,0,0,0,0,0,0,0,0,0,0,0,0,0,0,0,0,0,3,0,0,0,0,0,0,0,0,0,0,0,0,0,0,0,0,0,0,0,0,0,0,0,0,0,0,0,0,0,0,0,0,0,0,0,0,0,0,0,0,0,0,0,0,0,0,0,0,0,0,0,0,0,0,0,0,0,0,0,0,0,0,0,0,0,0,0,0,0,Eukaryota;Rhizaria;Cercozoa;Filosa-Thecofilosea;Ventricleftida;CCW10-lineage;CCW10-lineage_X;CCW10-lineage_X_sp.;,0.760061451258586
fdb2721b0cfc49b72d516f88cd1c0f4f,0,0,0,0,0,0,0,0,0,0,0,0,0,0,0,0,0,0,0,0,0,0,0,0,0,0,0,0,0,0,0,0,0,0,0,0,0,0,0,0,0,0,0,0,0,0,0,4,0,0,0,0,0,0,0,0,0,0,0,0,0,0,0,0,0,0,0,0,0,0,0,0,0,0,0,0,0,0,0,0,0,0,0,0,0,0,0,Eukaryota,0.999999999999977
fdb918230439f826afba149e2d690f93,0,0,0,6,15,0,11,13,4,0,0,0,0,0,0,0,21,10,71,101,41,29,0,0,0,22,32,20,13,0,0,0,0,0,0,0,0,0,0,0,0,0,0,0,29,34,0,10,16,17,0,0,39,0,0,0,0,0,0,38,17,17,17,33,0,0,6,7,66,0,93,0,159,0,0,0,0,8,0,11,0,40,0,12,0,0,0,Eukaryota;Stramenopiles;Sagenista;MAST-7;MAST-7B;MAST-7B_X;MAST-7B_XX;MAST-7B_XX_sp.;,0.947356635095761
fe6762eaa1e979a056fe7543f8def2e1,0,0,0,25,151,6,21,30,0,12,62,133,126,15,9,11,0,0,0,0,0,0,58,62,38,26,0,0,0,0,0,0,26,195,14,0,23,249,93,90,40,198,56,41,0,0,0,0,0,0,23,47,0,0,101,52,26,21,18,0,0,0,0,0,0,21,0,0,0,44,0,0,0,0,0,4,52,47,391,78,23,79,10,0,5,0,7,Eukaryota;Rhizaria;Cercozoa;Filosa-Thecofilosea;Cryomonadida;Protaspa-lineage;Protaspa,0.987782164072156
fe6b600d426423009515456d90c6a93e,0,0,0,0,0,0,0,0,0,0,0,0,0,0,0,0,0,0,0,0,0,0,0,0,0,0,0,0,0,0,0,0,0,0,0,0,0,0,0,0,0,0,0,0,0,0,0,0,0,0,0,0,0,0,0,0,0,0,0,0,0,0,3,0,0,0,0,0,0,0,0,0,0,0,0,0,0,0,0,0,0,0,0,0,0,0,0,Eukaryota;Stramenopiles;Pseudofungi;Oomycota;Oomycota_X,0.998770726315002
ffd1e4713c6a25502c907d36b6a3d1c5,0,0,0,0,0,0,0,0,0,0,0,0,0,0,0,0,0,0,0,0,0,0,0,0,0,0,0,0,0,0,0,0,12,0,0,0,0,0,0,0,0,0,0,0,0,0,0,0,0,0,0,0,0,0,0,0,0,0,0,0,0,0,0,0,0,0,0,0,0,0,0,0,0,0,0,0,0,0,0,0,0,0,0,0,0,0,0,Eukaryota;Alveolata;Apicomplexa;Coccidiomorphea,0.851645228815212