"Feature.ID","Domain","Kingdom","Phylum","Class","Order","Family","Genus","Species","pr2_Confidence","phytogroups"
"00302ad4ae98f1954ead2ce7e3ebf65f","Eukaryota","Opisthokonta","Metazoa","Arthropoda","Crustacea","Maxillopoda","Maxillopoda_X","Maxillopoda_XX_sp.",0.99921239,NA
"003ed148f719e734b27e86a2f9b1b5a6","Eukaryota","Opisthokonta","Metazoa","Annelida","Annelida_X","Annelida_XX","AnnelidaX_XX","AnnelidaX_XXX_sp.",0.999940943,NA
"005130ccb29f1d68c32426da26a4d5c8","Eukaryota","Stramenopiles","Ochrophyta","Bacillariophyta","Bacillariophyta_X","Polar-centric-Mediophyceae","Shionodiscus","Shionodiscus_ritscheri",0.975237848,"Diatoms"
"00693e261da9fcbd08b3cb1676bc21b7","Eukaryota","Alveolata","Ciliophora","Spirotrichea","Strombidiida_B","Strombidiida_B_X","Strombidiida_B_XX","Strombidiida_B_XX_sp.",0.999932745,NA
"00e89764fa02907c637396837230fda9","Eukaryota","Eukaryota_X","Eukaryota_XX","Eukaryota_XXX","Eukaryota_XXXX","Eukaryota_XXXXX","Eukaryota_XXXXXX","Eukaryota_XXXXXXX_sp.",0.996087784,NA
"014a2d579c5b364b84cb935cb8a96f6d","Eukaryota","Rhizaria","Foraminifera","Globothalamea","Rotaliida","Globorotaliidae","Neogloboquadrina","Neogloboquadrina_pachyderma",0.999999999,NA
"015402b15ebbdc46b58cc154d622b3b3","Eukaryota","Amoebozoa","Lobosa","Discosea-Flabellinia","Dactylopodida","Paramoebidae","Paramoeba","Paramoeba_atlantica",0.986389066,NA
"01d661e05edc8382b329f10cbb36a95e","Eukaryota","Opisthokonta","Opisthokonta_X","Opisthokonta_XX","Opisthokonta_XXX","Opisthokonta_XXXX","Opisthokonta_XXXXX","Opisthokonta_XXXXXX_sp.",0.983739575,NA
"02e52dff0a507f17e6a6b32d0e9943fd","Eukaryota","Rhizaria","Radiolaria","RAD-B","RAD-B_X","RAD-B_X_Group-Ie","RAD-B_X_Group-Ie_X","RAD-B_X_Group-Ie_X_sp.",0.999999206,NA
"035bc42449989cd57b82207537ef69f6","Eukaryota","Opisthokonta","Metazoa","Mollusca","Polyplacophora","Polyplacophora_X","Polyplacophora_XX","Polyplacophora_XXX_sp.",0.996475727,NA
"035c9a98545e4080e7f89a9fc2c493b6","Eukaryota","Stramenopiles","Pseudofungi","MAST-1","MAST-1A","MAST-1A_X","MAST-1A_XX","MAST-1A_XX_sp.",1,"MAST"
"039a44f7c456a8d518a656d4bddb3594","Eukaryota","Stramenopiles","Ochrophyta","Bacillariophyta","Bacillariophyta_X","Polar-centric-Mediophyceae","Odontella","Odontella_sinensis",0.983605988,"Diatoms"
"03b1d9d44a8e887b7c45ff9845d0c90a","Eukaryota","Eukaryota_X","Eukaryota_XX","Eukaryota_XXX","Eukaryota_XXXX","Eukaryota_XXXXX","Eukaryota_XXXXXX","Eukaryota_XXXXXXX_sp.",0.999999998,NA
"03c1a8a553ec2c91b392a01d10f97ba7","Eukaryota","Alveolata","Dinoflagellata","Dinophyceae","Dinophyceae_X","Dinophyceae_XX","Dinophyceae_XXX","Dinophyceae_XXXX_sp.",0.997987038,"Dinoflagellates"
"03c7262ccd79546cfc875330b5da3f98","Eukaryota","Stramenopiles","Pseudofungi","Oomycota","Oomycota_X","Olpidophydiales","Olpidiopsis","Olpidiopsis_porphyrae",0.999933731,NA
"03db1d46af7a6c59c86d007afdff3c65","Eukaryota","Opisthokonta","Metazoa","Metazoa_X","Metazoa_XX","Metazoa_XXX","Metazoa_XXXX","Metazoa_XXXXX_sp.",0.999369166,NA
"044e857fc8eb5fd22318010046f420af","Eukaryota","Stramenopiles","Ochrophyta","Bacillariophyta","Bacillariophyta_X","Polar-centric-Mediophyceae","Chaetoceros","Chaetoceros_peruvianus",0.999943684,"Diatoms"
"04dc6cb2c2bce194ca62121b739d6dae","Eukaryota","Opisthokonta","Fungi","Fungi_X","Fungi_XX","Fungi_XXX","Fungi_XXXX","Fungi_XXXXX_sp.",0.975899428,NA
"050fada2055972fe9477a3ecb50ee844","Eukaryota","Archaeplastida","Chlorophyta","Chlorophyceae","Chlamydomonadales","Chlamydomonadales_X","Chlorococcales","Chlorococcales_sp.",0.998350424,"Greenalgae"
"054d425fb7cb9abaae242b21fe685ea1","Eukaryota","Alveolata","Dinoflagellata","Dinophyceae","Peridiniales","Protoperidiniaceae","Protoperidinium","Protoperidinium_sp.",0.987048896,"Dinoflagellates"
"05e0f9d75532df5b92755fa0d90d8bad","Eukaryota","Rhizaria","Cercozoa","Filosa-Imbricatea","Thaumatomonadida","Thaumatomonadidae","Thaumatomonas","Thaumatomonas_sp.",0.999930598,NA
"061dc92650abb65bdd2f82117f92d4aa","Eukaryota","Stramenopiles","Ochrophyta","Bacillariophyta","Bacillariophyta_X","Polar-centric-Mediophyceae","Attheya","Attheya_longicornis",0.999484729,"Diatoms"
"0644e924ba0e085e5e928746ccbf883b","Eukaryota","Rhizaria","Cercozoa","Filosa-Thecofilosea","Filosa-Thecofilosea_X","Mataza-lineage","Mataza-lineage_X","Mataza-lineage_X_sp.",0.992213478,NA
"067edc0dcf4a6e083eaab9e9e6b93233","Eukaryota","Eukaryota_X","Eukaryota_XX","Eukaryota_XXX","Eukaryota_XXXX","Eukaryota_XXXXX","Eukaryota_XXXXXX","Eukaryota_XXXXXXX_sp.",0.999999999,NA
"068d340d683fff4b5278b4c18f5935bd","Eukaryota","Stramenopiles","Opalozoa","MAST-3","MAST-3I","MAST-3I_X","MAST-3I_XX","MAST-3I_XX_sp.",0.999999996,"MAST"
"06ee4b940c83d64ac7247c6f19adc640","Eukaryota","Stramenopiles","Opalozoa","MAST-3","MAST-3L","MAST-3L_X","MAST-3L_XX","MAST-3L_XX_sp.",0.999883696,"MAST"
"06fba64c59aed2da0eae4a042cb10695","Eukaryota","Stramenopiles","Ochrophyta","Bacillariophyta","Bacillariophyta_X","Bacillariophyta_XX","Bacillariophyta_XXX","Bacillariophyta_XXXX_sp.",0.97072905,"Diatoms"
"07be3f61d18d291c7ebc9122ed3d7d2e","Eukaryota","Opisthokonta","Metazoa","Arthropoda","Crustacea","Maxillopoda","Sinocalanus","Sinocalanus_sinensis",0.999472505,NA
"07c0663c96788b860c6e505aebadf463","Eukaryota","Eukaryota_X","Eukaryota_XX","Eukaryota_XXX","Eukaryota_XXXX","Eukaryota_XXXXX","Eukaryota_XXXXXX","Eukaryota_XXXXXXX_sp.",0.999997479,NA
"0893b5aff85a86c5ca7f029bedc69fa0","Eukaryota","Eukaryota_X","Eukaryota_XX","Eukaryota_XXX","Eukaryota_XXXX","Eukaryota_XXXXX","Eukaryota_XXXXXX","Eukaryota_XXXXXXX_sp.",0.983678548,NA
"08aa67ce99d5aa77cd4a3aa6b2312e15","Eukaryota","Rhizaria","Cercozoa","Filosa-Thecofilosea","Ebriida","Ebriidae","Ebria","Ebria_tripartita",0.999999669,NA
"094be149ff1371aded028adc2a02e503","Eukaryota","Stramenopiles","Sagenista","Labyrinthulomycetes","Thraustochytrida","Thraustochytriaceae","Thraustochytriaceae_LAB17","Thraustochytriaceae_LAB17_sp.",0.973111034,NA
"09530b75b86fa373139b76b06101db28","Eukaryota","Rhizaria","Cercozoa","Filosa-Imbricatea","Thaumatomonadida","Thaumatomonadida_X","Thaumatomonadida_XX","Thaumatomonadida_XX_sp.",0.996987196,NA
"09c2aa14e96762792cc6d6e66c3a8aa1","Eukaryota","Opisthokonta","Fungi","Basidiomycota","Pucciniomycotina","Pucciniomycotina_X","Pucciniomycotina_XX","Pucciniomycotina_XXX_sp.",0.999996492,NA
"09dd405c1931a160f2060a01cd686dc6","Eukaryota","Alveolata","Dinoflagellata","Dinoflagellata_X","Dinoflagellata_XX","Dinoflagellata_XXX","Dinoflagellata_XXXX","Dinoflagellata_XXXXX_sp.",0.976041383,"Dinoflagellates"
"0a1a8bcdc4935875b968c21c0474e9d7","Eukaryota","Alveolata","Dinoflagellata","Dinophyceae","Peridiniales","Protoperidiniaceae","Protoperidinium","Protoperidinium_sp.",0.993556734,"Dinoflagellates"
"0a500cbc11fcbadc57bb188f4c98c1e8","Eukaryota","Stramenopiles","Ochrophyta","Bacillariophyta","Bacillariophyta_X","Polar-centric-Mediophyceae","Porosira","Porosira_sp.",0.984457054,"Diatoms"
"0a85c11eec34c212b53cbd44cc42276d","Eukaryota","Eukaryota_X","Eukaryota_XX","Eukaryota_XXX","Eukaryota_XXXX","Eukaryota_XXXXX","Eukaryota_XXXXXX","Eukaryota_XXXXXXX_sp.",0.999991836,NA
"0a8e5f91d0de3af640e6f80e5fe5118a","Eukaryota","Alveolata","Dinoflagellata","Syndiniales","Dino-Group-II","Dino-Group-II-Clade-1","Dino-Group-II-Clade-1_X","Dino-Group-II-Clade-1_X_sp.",0.999990321,"Dinoflagellates"
"0a8ff404e390c1be2811d3f0ddd5d727","Eukaryota","Eukaryota_X","Eukaryota_XX","Eukaryota_XXX","Eukaryota_XXXX","Eukaryota_XXXXX","Eukaryota_XXXXXX","Eukaryota_XXXXXXX_sp.",0.999998564,NA
"0af45eff89b43a67af8f982492113792","Eukaryota","Stramenopiles","Ochrophyta","Bacillariophyta","Bacillariophyta_X","Bacillariophyta_XX","Bacillariophyta_XXX","Bacillariophyta_XXXX_sp.",0.999999929,"Diatoms"
"0b05b600b6468f5f38ee054fd1bb5388","Eukaryota","Opisthokonta","Metazoa","Arthropoda","Crustacea","Maxillopoda","Maxillopoda_X","Maxillopoda_XX_sp.",0.999932508,NA
"0b58dc44013ee8de761b28ec9b294857","Eukaryota","Stramenopiles","Ochrophyta","Bacillariophyta","Bacillariophyta_X","Raphid-pennate","Pleurosigma","Pleurosigma_intermedium",0.979349803,"Diatoms"
"0bbf60748e9696e91da5ab476e7aa014","Eukaryota","Eukaryota_X","Eukaryota_XX","Eukaryota_XXX","Eukaryota_XXXX","Eukaryota_XXXXX","Eukaryota_XXXXXX","Eukaryota_XXXXXXX_sp.",0.999997116,NA
"0c065ea5403594d0737501cc6f3136b0","Eukaryota","Opisthokonta","Metazoa","Bryozoa","Bryozoa_X","Bryozoa_XX","BryozoaX_XX","BryozoaX_XXX_sp.",1,NA
"0c71d374f5b6ce470577ae588d80fef8","Eukaryota","Opisthokonta","Metazoa","Nematoda","Chromadorea","Chromadorea_X","Chromadorea_XX","Chromadorea_XXX_sp.",0.999999884,NA
"0c89c0ac412a20e7ce8a9b8bf36a318a","Eukaryota","Stramenopiles","Opalozoa","MAST-12","MAST-12A","MAST-12A_X","MAST-12A_XX","MAST-12A_XX_sp.",0.999999999,"MAST"
"0d307f22fb2f7343d54797d025b26c00","Eukaryota","Eukaryota_X","Eukaryota_XX","Eukaryota_XXX","Eukaryota_XXXX","Eukaryota_XXXXX","Eukaryota_XXXXXX","Eukaryota_XXXXXXX_sp.",0.997795052,NA
"0d73b74cfd4aeea9fcebef15b51cae0f","Eukaryota","Hacrobia","Telonemia","Telonemia_X","Telonemia_XX","Telonemia-Group-2","Telonemia-Group-2_X","Telonemia-Group-2_X_sp.",0.999998921,NA
"0d76959eb8816548f8d6f36005c41aa2","Eukaryota","Eukaryota_X","Eukaryota_XX","Eukaryota_XXX","Eukaryota_XXXX","Eukaryota_XXXXX","Eukaryota_XXXXXX","Eukaryota_XXXXXXX_sp.",0.999999998,NA
"0dec8e5d3b696697a1e59269429d02c0","Eukaryota","Eukaryota_X","Eukaryota_XX","Eukaryota_XXX","Eukaryota_XXXX","Eukaryota_XXXXX","Eukaryota_XXXXXX","Eukaryota_XXXXXXX_sp.",0.999985548,NA
"0e175f7df57c3ac1c51ccb4e39ad2845","Eukaryota","Rhizaria","Cercozoa","Chlorarachniophyceae","Chlorarachniophyceae_X","LC104-lineage","LC104-lineage_X","LC104-lineage_X_sp.",0.999980478,NA
"0e6fc3674f6b8cbca10c49e67476c94f","Eukaryota","Opisthokonta","Opisthokonta_X","Opisthokonta_XX","Opisthokonta_XXX","Opisthokonta_XXXX","Opisthokonta_XXXXX","Opisthokonta_XXXXXX_sp.",0.984045884,NA
"0e92a52addc817ec871476fade0fc192","Eukaryota","Stramenopiles","Ochrophyta","Bacillariophyta","Bacillariophyta_X","Raphid-pennate","Raphid-pennate_X","Raphid-pennate_XX_sp.",0.990498527,"Diatoms"
"0ea4447d2ca5a8e8755fec0bd538fb24","Eukaryota","Opisthokonta","Metazoa","Arthropoda","Crustacea","Maxillopoda","Maxillopoda_X","Maxillopoda_XX_sp.",0.999995667,NA
"0f778f29683566f80f0e8ae00c75b82d","Eukaryota","Eukaryota_X","Eukaryota_XX","Eukaryota_XXX","Eukaryota_XXXX","Eukaryota_XXXXX","Eukaryota_XXXXXX","Eukaryota_XXXXXXX_sp.",0.999579998,NA
"0fd66cae2a85a21f24d91fd47e8cf4c1","Eukaryota","Archaeplastida","Archaeplastida_X","Archaeplastida_XX","Archaeplastida_XXX","Archaeplastida_XXXX","Archaeplastida_XXXXX","Archaeplastida_XXXXXX_sp.",0.974609902,NA
"0fe9ab175afbcd17e674e3a8b3de0427","Eukaryota","Stramenopiles","Ochrophyta","Phaeophyceae","Phaeophyceae_X","Phaeophyceae_XX","PhaeophyceaeX_XX","PhaeophyceaeX_XXX_sp.",0.999999331,NA
"10dcc5d9baa908c8f62254fe034b948c","Eukaryota","Stramenopiles","Ochrophyta","Bacillariophyta","Bacillariophyta_X","Bacillariophyta_XX","Bacillariophyta_XXX","Bacillariophyta_XXXX_sp.",0.99999829,"Diatoms"
"128566f6ad86a603bfc73998178fa91f","Eukaryota","Opisthokonta","Metazoa","Arthropoda","Crustacea","Maxillopoda","Archinotodelphys","Archinotodelphys_sp.",0.970238538,NA
"1290625a2f72ad05ccd420f4c752f61c","Eukaryota","Rhizaria","Cercozoa","Filosa-Imbricatea","Marimonadida","Marimonadida_X","Pseudopirsonia","Pseudopirsonia_mucosa",0.999989435,NA
"129b3aa502f07a1a34505bcd8801c8bf","Eukaryota","Excavata","Discoba","Diplonemea","Diplonemida","Eupelagonemidae","Eupelagonemidae_X","Eupelagonemidae_X_sp.",1,NA
"149804a74315db1c87932d2193fb3b03","Eukaryota","Archaeplastida","Prasinodermophyta","Prasinodermophyceae","Prasinodermales","Prasinodermaceae","Prasinodermaceae_X","Prasinodermaceae_X_sp.",0.999409323,"Greenalgae"
"14a139f0fa01ed31d3abb6e238f9ad8d","Eukaryota","Opisthokonta","Metazoa","Nematoda","Chromadorea","Chromadorea_X","Halomonhystera","Halomonhystera_disjuncta",1,NA
"14b113961e0805fb5e1bb3b40d828f52","Eukaryota","Stramenopiles","Ochrophyta","Bacillariophyta","Bacillariophyta_X","Radial-centric-basal-Coscinodiscophyceae","Corethron","Corethron_inerme",0.999998832,"Diatoms"
"151039e95236b9eeca79fe4bb814551e","Eukaryota","Opisthokonta","Metazoa","Arthropoda","Crustacea","Maxillopoda","Maxillopoda_X","Maxillopoda_XX_sp.",0.999969381,NA
"15202bb3fcafcea0413cc524233336bc","Eukaryota","Stramenopiles","Ochrophyta","Bacillariophyta","Bacillariophyta_X","Bacillariophyta_XX","Bacillariophyta_XXX","Bacillariophyta_XXXX_sp.",0.999926933,"Diatoms"
"1561405b1956be13b368d0487124c1ca","Eukaryota","Rhizaria","Radiolaria","Polycystinea","Nassellaria","Lophophaenidae","Lophophaenidae_X","Lophophaenidae_XX_sp.",0.989105824,NA
"159588354a599e7bf8bf3ccdc46ae09b","Eukaryota","Stramenopiles","Ochrophyta","Bacillariophyta","Bacillariophyta_X","Bacillariophyta_XX","Bacillariophyta_XXX","Bacillariophyta_XXXX_sp.",0.972553867,"Diatoms"
"15cfea9404cddd001068838facd93213","Eukaryota","Opisthokonta","Metazoa","Arthropoda","Crustacea","Maxillopoda","Maxillopoda_X","Maxillopoda_XX_sp.",0.999934679,NA
"16a3ca10769f7b6723ca637cca21d907","Eukaryota","Opisthokonta","Metazoa","Arthropoda","Crustacea","Maxillopoda","Maxillopoda_X","Maxillopoda_XX_sp.",0.999996363,NA
"16ae3136399502c9fc62e9fccc0f1b40","Eukaryota","Opisthokonta","Metazoa","Nematoda","Chromadorea","Chromadorea_X","Halomonhystera","Halomonhystera_disjuncta",0.999995523,NA
"170a28c06e4db2dcc530c5efcddb2173","Eukaryota","Stramenopiles","Ochrophyta","Bacillariophyta","Bacillariophyta_X","Araphid-pennate","Araphid-pennate_X","Araphid-pennate_XX_sp.",0.997552022,"Diatoms"
"17122c45c2b364ccc414422cde12e396","Eukaryota","Opisthokonta","Fungi","Ascomycota","Taphrinomycotina","Schizosaccharomycetes","Schizosaccharomyces","Schizosaccharomyces_pombe",0.999999978,NA
"1724a7da9a8e839ad1467624249e59fa","Eukaryota","Rhizaria","Cercozoa","Filosa-Imbricatea","Filosa-Imbricatea_X","Novel-clade-2","Novel-clade-2_X","Novel-clade-2_X_sp.",0.999998957,NA
"17701984cde2159c561a4a4d5834ccbe","Eukaryota","Apusozoa","Apusomonadidae","Apusomonadidae_Group-1","Apusomonadidae_Group-1_X","Apusomonadidae_Group-1_XX","Amastigomonas","Amastigomonas_mutabilis",0.999934338,NA
"17844da01eb007aa880d320202066dd9","Eukaryota","Archaeplastida","Chlorophyta","Mamiellophyceae","Mamiellales","Mamiellaceae","Mamiellaceae_X","Mamiellaceae_XX_sp.",0.99956742,"Greenalgae"
"1797e55c96149776d4838e43c8124cbd","Eukaryota","Eukaryota_X","Eukaryota_XX","Eukaryota_XXX","Eukaryota_XXXX","Eukaryota_XXXXX","Eukaryota_XXXXXX","Eukaryota_XXXXXXX_sp.",0.991969878,NA
"1799fe680197aabfc5c9a39fb31b7235","Eukaryota","Eukaryota_X","Eukaryota_XX","Eukaryota_XXX","Eukaryota_XXXX","Eukaryota_XXXXX","Eukaryota_XXXXXX","Eukaryota_XXXXXXX_sp.",0.99999959,NA
"194082a8ce722e136067964debcdcb0f","Eukaryota","Opisthokonta","Metazoa","Annelida","Annelida_X","Annelida_XX","AnnelidaX_XX","AnnelidaX_XXX_sp.",0.997494937,NA
"1967cb71e718c3a1a40322d82c55eaec","Eukaryota","Opisthokonta","Fungi","Ascomycota","Pezizomycotina","Eurotiomycetes","Phialophora","Phialophora_sp.",0.999986645,NA
"19856755d365fc24090b7e0086221762","Eukaryota","Alveolata","Dinoflagellata","Dinophyceae","Dinophyceae_X","Dinophyceae_XX","Dinophyceae_XXX","Dinophyceae_XXXX_sp.",0.986657779,"Dinoflagellates"
"1a1a609516971314c348353a6019d0c7","Eukaryota","Opisthokonta","Metazoa","Annelida","Annelida_X","Annelida_XX","Caulleriella","Caulleriella_parva",0.999497224,NA
"1a994b2711da0285e1c885b5af0d2999","Eukaryota","Opisthokonta","Metazoa","Metazoa_X","Metazoa_XX","Metazoa_XXX","Metazoa_XXXX","Metazoa_XXXXX_sp.",0.986202018,NA
"1b653f458517ed37821979019960286e","Eukaryota","Opisthokonta","Metazoa","Mollusca","Bivalvia","Anomalodesmata","Laternula","Laternula_elliptica",0.999986704,NA
"1b7b3b7fb2a228b1c400fe7197b97532","Eukaryota","Alveolata","Ciliophora","Spirotrichea","Choreotrichida","Strobilidiidae_G","Strobilidiidae_G_X","Strobilidiidae_G_X_sp.",0.999999995,NA
"1b83c4e2b4f2bf4da9a34bf896944369","Eukaryota","Excavata","Discoba","Diplonemea","Diplonemida","Diplonemidae","Diplonema","Diplonema_sp.",0.989223937,NA
"1b85c886764735882c22fdcd99ef76ad","Eukaryota","Opisthokonta","Metazoa","Arthropoda","Crustacea","Maxillopoda","Maxillopoda_X","Maxillopoda_XX_sp.",0.999999853,NA
"1bfcfd870c65ff8b57f48898eb92788b","Eukaryota","Amoebozoa","Lobosa","Discosea-Flabellinia","Vannellida","Vannellidae","Vannella","Vannella_contorta",0.99713398,NA
"1c8f5eefccbccd56f2889f787e0a938c","Eukaryota","Opisthokonta","Metazoa","Annelida","Annelida_X","Annelida_XX","AnnelidaX_XX","AnnelidaX_XXX_sp.",0.999998905,NA
"1cf2c55f3bcaeb343fed3f403ce7148e","Eukaryota","Stramenopiles","Stramenopiles_X","Stramenopiles_XX","Stramenopiles_XXX","Stramenopiles_XXXX","Stramenopiles_XXXXX","Stramenopiles_XXXXXX_sp.",0.985035379,NA
"1d013e54eb8f8f4ee55b7fd00da42847","Eukaryota","Opisthokonta","Metazoa","Annelida","Annelida_X","Annelida_XX","Polycirrus","Polycirrus_X_sp.",0.980228885,NA
"1df7c7230b01e01365fe8c22c50e9323","Eukaryota","Hacrobia","Picozoa","Picozoa_X","Picozoa_XX","Picozoa_XXX","Picozoa_XXXX","Picozoa_XXXX_sp.",0.986754309,NA
"1e4846341fd092da1bbbb170f738e10c","Eukaryota","Alveolata","Ciliophora","Spirotrichea","Strombidiida_B","Strombidiida_B_X","Strombidiida_B_XX","Strombidiida_B_XX_sp.",0.998562642,NA
"1edafd09b70a5247d7c6776e64b18adc","Eukaryota","Eukaryota_X","Eukaryota_XX","Eukaryota_XXX","Eukaryota_XXXX","Eukaryota_XXXXX","Eukaryota_XXXXXX","Eukaryota_XXXXXXX_sp.",0.999926913,NA
"1f059e4ea3b958cb539e095c4dde1eef","Eukaryota","Rhizaria","Cercozoa","Filosa-Thecofilosea","Ventricleftida","Ventricleftida_X","Ventricleftida_XX","Ventricleftida_XX_sp.",0.999866664,NA
"1f63106c32951d5189a9e1783311a051","Eukaryota","Eukaryota_X","Eukaryota_XX","Eukaryota_XXX","Eukaryota_XXXX","Eukaryota_XXXXX","Eukaryota_XXXXXX","Eukaryota_XXXXXXX_sp.",0.99738676,NA
"201fa4b83ef9f67c87dd67513cc6fec8","Eukaryota","Stramenopiles","Ochrophyta","Bacillariophyta","Bacillariophyta_X","Polar-centric-Mediophyceae","Porosira","Porosira_X_sp.",0.999999999,"Diatoms"
"202b61bd9c1a72138c6a24b7d3a78255","Eukaryota","Rhizaria","Radiolaria","RAD-B","RAD-B_X","RAD-B_X_Group-IV_X","RAD-B_X_Group-IV_XX","RAD-B_X_Group-IV_XX_sp.",0.978500344,NA
"206d6e6e32744ade66238767bed81299","Eukaryota","Opisthokonta","Metazoa","Arthropoda","Crustacea","Maxillopoda","Maxillopoda_X","Maxillopoda_XX_sp.",0.999458962,NA
"207fc15112f2ca927f77634a95db1012","Eukaryota","Opisthokonta","Metazoa","Bryozoa","Bryozoa_X","Bryozoa_XX","Bowerbankia","Bowerbankia_imbricata",0.998966294,NA
"2083bf0568c5b0569987a8fa9d283b62","Eukaryota","Alveolata","Dinoflagellata","Syndiniales","Dino-Group-II","Dino-Group-II-Clade-1","Dino-Group-II-Clade-1_X","Dino-Group-II-Clade-1_X_sp.",0.99999468,"Dinoflagellates"
"20d13784d6f5d67f7e1cd56587ba0660","Eukaryota","Eukaryota_X","Eukaryota_XX","Eukaryota_XXX","Eukaryota_XXXX","Eukaryota_XXXXX","Eukaryota_XXXXXX","Eukaryota_XXXXXXX_sp.",0.999270882,NA
"211e019435d46550b87c096a2eed601a","Eukaryota","Opisthokonta","Metazoa","Arthropoda","Crustacea","Maxillopoda","Maxillopoda_X","Maxillopoda_XX_sp.",0.999999951,NA
"211f62228edfda922d5fd202556a090d","Eukaryota","Opisthokonta","Metazoa","Echinodermata","Echinodermata_X","Echinodermata_XX","Gorgonocephalus","Gorgonocephalus_eucnemis",0.99275091,NA
"2157e6b15dc75613a12f601fde423aea","Eukaryota","Alveolata","Dinoflagellata","Dinophyceae","Dinophyceae_X","Dinophyceae_XX","Dinophyceae_XXX","Dinophyceae_XXXX_sp.",0.999266657,"Dinoflagellates"
"21665dfe622adc8e9d0055b8d66e76f7","Eukaryota","Alveolata","Dinoflagellata","Dinophyceae","Dinophyceae_X","Dinophyceae_XX","Dinophyceae_XXX","Dinophyceae_XXXX_sp.",0.992597403,"Dinoflagellates"
"21f1d6bfabb346bf12591f622ce8e51b","Eukaryota","Opisthokonta","Metazoa","Mollusca","Bivalvia","Protobranchia","Nuculana","Nuculana_pernula",0.999999926,NA
"221ea8fc00d06a2e9e764f4a7ddf4463","Eukaryota","Opisthokonta","Fungi","Fungi_X","Fungi_XX","Fungi_XXX","Fungi_XXXX","Fungi_XXXXX_sp.",0.99995742,NA
"22d24417b634a30e44387d276c2af505","Eukaryota","Opisthokonta","Metazoa","Craniata","Craniata_X","Archosauria","Gallus","Gallus_gallus",0.998622246,NA
"22d296bdd1609bd796d392eb2f6a5d5b","Eukaryota","Stramenopiles","Ochrophyta","Bacillariophyta","Bacillariophyta_X","Polar-centric-Mediophyceae","Porosira","Porosira_X_sp.",0.999999999,"Diatoms"
"230e452ddcc885bec2dd7088cde8d1a2","Eukaryota","Alveolata","Ciliophora","Cyclotrichium_like_organism","Cyclotrichium_like_organism_X","Cyclotrichium_like_organism_XX","Cyclotrichium","Cyclotrichium_X_sp.",0.989949407,NA
"233400d2cb3f3cd48f73756edebf6d1a","Eukaryota","Opisthokonta","Metazoa","Arthropoda","Crustacea","Maxillopoda","Maxillopoda_X","Maxillopoda_XX_sp.",0.999994544,NA
"2388e6d4545b80ec3306904382140c3e","Eukaryota","Stramenopiles","Ochrophyta","Bacillariophyta","Bacillariophyta_X","Bacillariophyta_XX","Bacillariophyta_XXX","Bacillariophyta_XXXX_sp.",0.994317975,"Diatoms"
"2394fb1923bab709f1eaeedea6c1d05d","Eukaryota","Opisthokonta","Metazoa","Cnidaria","Cnidaria_X","Hydrozoa","Hydrozoa_X","Hydrozoa_XX_sp.",0.998562578,NA
"24aec0342c94928fdb25ef2cee7ea824","Eukaryota","Stramenopiles","Pseudofungi","Oomycota","Oomycota_X","Haliphthorales","Haliphthorales_X","Haliphthorales_X_sp.",0.986342052,NA
"24e3d6b869e33c652a93acea76ceb3ba","Eukaryota","Opisthokonta","Metazoa","Craniata","Craniata_X","Archosauria","Gallus","Gallus_gallus",0.999116096,NA
"251572f341914de8c2ffed7dcfb9b6e5","Eukaryota","Alveolata","Dinoflagellata","Dinophyceae","Dinophyceae_X","Dinophyceae_XX","Dinophyceae_XXX","Dinophyceae_XXXX_sp.",0.997116786,"Dinoflagellates"
"255b990ea3445a8cdbb3c510aed862c2","Eukaryota","Alveolata","Dinoflagellata","Dinophyceae","Dinophyceae_X","Dinophyceae_XX","Dinophyceae_XXX","Dinophyceae_XXXX_sp.",0.986597941,"Dinoflagellates"
"25ac64716055b73ab5e3a05db74e0b0b","Eukaryota","Stramenopiles","Ochrophyta","Chrysophyceae","Chrysophyceae_X","Chrysophyceae_Clade-H","Chrysophyceae_Clade-H_X","Chrysophyceae_Clade-H_X_sp.",0.999999948,NA
"2658f10950628d0c6eea81d04953a254","Eukaryota","Opisthokonta","Metazoa","Annelida","Annelida_X","Annelida_XX","Apistobranchus","Apistobranchus_typicus",0.999273665,NA
"26704dd3ae402f8e8285b53f4e8858be","Eukaryota","Opisthokonta","Choanoflagellida","Choanoflagellatea","Acanthoecida","Stephanoecidae_Group_H","Stephanoecidae_Group_H_X","Stephanoecidae_Group_H_X_sp.",0.999988126,NA
"2672dd04aed8139facd5db870652bd9d","Eukaryota","Alveolata","Dinoflagellata","Syndiniales","Dino-Group-II","Dino-Group-II_X","Dino-Group-II_XX","Dino-Group-II_XXX_sp.",0.98446873,"Dinoflagellates"
"269c88dc03b04417277c5d3ed389426b","Eukaryota","Stramenopiles","Ochrophyta","Phaeophyceae","Phaeophyceae_X","Phaeophyceae_XX","Halothrix","Halothrix_ambigua",0.999993071,NA
"26ab56ce269b1414c0c61b4462e59600","Eukaryota","Stramenopiles","Pseudofungi","Oomycota","Oomycota_X","Oomycota_XX","Oomycota_XXX","Oomycota_XXXX_sp.",0.99757542,NA
"270720922a9ea768b4536c2fed27f386","Eukaryota","Archaeplastida","Rhodophyta","Florideophyceae","Florideophyceae_X","Florideophyceae_XX","Florideophyceae_XXX","Florideophyceae_XXXX_sp.",0.999952039,"Rhodophytes"
"277ba0c21b0afa0ccea2e85081091dcb","Eukaryota","Rhizaria","Cercozoa","Filosa-Thecofilosea","Ventricleftida","CCW10-lineage","CCW10-lineage_X","CCW10-lineage_X_sp.",0.999999935,NA
"27b91932e8005ebe6728efa2ce24b4df","Eukaryota","Opisthokonta","Metazoa","Annelida","Annelida_X","Annelida_XX","AnnelidaX_XX","AnnelidaX_XXX_sp.",0.998825894,NA
"27c9f03d2bb91526c702f12e7dd2f60a","Eukaryota","Archaeplastida","Streptophyta","Embryophyceae","Embryophyceae_X","Embryophyceae_XX","EmbryophyceaeX_XX","EmbryophyceaeX_XXX_sp.",0.999999411,NA
"286d0a7b136ce52d173a14a049bc850a","Eukaryota","Stramenopiles","Ochrophyta","Bacillariophyta","Bacillariophyta_X","Polar-centric-Mediophyceae","Eucampia","Eucampia_X_sp.",0.999517537,"Diatoms"
"28f33bbda76e175687234808d267b4f5","Eukaryota","Alveolata","Dinoflagellata","Syndiniales","Dino-Group-III","Dino-Group-III_X","Dino-Group-III_XX","Dino-Group-III_XX_sp.",0.999965936,"Dinoflagellates"
"2979b68a8c97e26a0bb96907236c6b57","Eukaryota","Stramenopiles","Sagenista","MAST-7","MAST-7B","MAST-7B_X","MAST-7B_XX","MAST-7B_XX_sp.",0.97190895,"MAST"
"2ac68cc8273c3fb922191ff294a34f80","Eukaryota","Opisthokonta","Metazoa","Annelida","Annelida_X","Annelida_XX","Boccardiella","Boccardiella_ligerica",0.999774411,NA
"2ac92a34301097124e5785215ee82051","Eukaryota","Opisthokonta","Metazoa","Arthropoda","Crustacea","Malacostraca","Malacostraca_X","Malacostraca_XX_sp.",0.999863229,NA
"2ad657bb335fee1773446ac4c43ca8c1","Eukaryota","Eukaryota_X","Eukaryota_XX","Eukaryota_XXX","Eukaryota_XXXX","Eukaryota_XXXXX","Eukaryota_XXXXXX","Eukaryota_XXXXXXX_sp.",1,NA
"2ae47374c424610897e9270fd9748379","Eukaryota","Rhizaria","Cercozoa","Filosa-Thecofilosea","Cryomonadida","Protaspa-lineage","Protaspa-lineage_X","Protaspa-lineage_X_sp.",0.999769322,NA
"2b036262fd58ca0961e142e62566ba30","Eukaryota","Opisthokonta","Metazoa","Bryozoa","Bryozoa_X","Bryozoa_XX","BryozoaX_XX","BryozoaX_XXX_sp.",0.999999656,NA
"2b1cfef3b97c797bb276c84d4d7bb44e","Eukaryota","Opisthokonta","Metazoa","Nematoda","Chromadorea","Chromadorea_X","Metadesmolaimus","Metadesmolaimus_sp.",0.992437424,NA
"2be328fec84c6d46068c2674c7ee0ca3","Eukaryota","Archaeplastida","Chlorophyta","Ulvophyceae","Ulotrichales","Ulotrichales_X","Ulotrichales_XX","Ulotrichales_XXX_sp.",0.999999678,"Greenalgae"
"2bff31e74c498cb5701195cffa052b46","Eukaryota","Eukaryota_X","Eukaryota_XX","Eukaryota_XXX","Eukaryota_XXXX","Eukaryota_XXXXX","Eukaryota_XXXXXX","Eukaryota_XXXXXXX_sp.",0.999998568,NA
"2c0b7e3e71e149f22f5e24a51a05fdb3","Eukaryota","Eukaryota_X","Eukaryota_XX","Eukaryota_XXX","Eukaryota_XXXX","Eukaryota_XXXXX","Eukaryota_XXXXXX","Eukaryota_XXXXXXX_sp.",0.998237836,NA
"2cbc8b112cbdafbeeae371f2cd36398d","Eukaryota","Alveolata","Ciliophora","Phyllopharyngea","Cyrtophoria_8","Dysteriidae","Dysteria_2","Dysteria_2_sp.",0.980195956,NA
"2cc17073048f0bd22e5b14fc12026090","Eukaryota","Alveolata","Dinoflagellata","Syndiniales","Dino-Group-I","Dino-Group-I-Clade-1","Dino-Group-I-Clade-1_X","Dino-Group-I-Clade-1_X_sp.",0.999999996,"Dinoflagellates"
"2cf3b9a0133810a18c7a1380751fb2e3","Eukaryota","Alveolata","Ciliophora","CONThreeP","CONThreeP_X","CONThreeP_XX","Askenasia","Askenasia_sp.",0.999612005,NA
"2d3fbe046dca12e4af4424d61e78e850","Eukaryota","Hacrobia","Telonemia","Telonemia_X","Telonemia_XX","Telonemia-Group-1","Telonema-Group-1","Telonema_subtile",0.996836976,NA
"2d4164a6b70d4f1120f41ccd551a41c3","Eukaryota","Stramenopiles","Ochrophyta","Bacillariophyta","Bacillariophyta_X","Radial-centric-basal-Coscinodiscophyceae","Radial-centric-basal-Coscinodiscophyceae_X","Radial-centric-basal-Coscinodiscophyceae_XX_sp.",0.999956774,"Diatoms"
"2d9b0ce2ab2276bfbde3fc55ed395e06","Eukaryota","Stramenopiles","Ochrophyta","Bacillariophyta","Bacillariophyta_X","Polar-centric-Mediophyceae","Chaetoceros","Chaetoceros_debilis_2",0.999999953,"Diatoms"
"2e2078c66a4e5042eeef4d4e87d28dd5","Eukaryota","Eukaryota_X","Eukaryota_XX","Eukaryota_XXX","Eukaryota_XXXX","Eukaryota_XXXXX","Eukaryota_XXXXXX","Eukaryota_XXXXXXX_sp.",1,NA
"2e3f46eeb6eb5dbc58343bfcefadf591","Eukaryota","Hacrobia","Telonemia","Telonemia_X","Telonemia_XX","Telonemia-Group-2","Telonemia-Group-2_X","Telonemia-Group-2_X_sp.",0.999999983,NA
"2ea0fe6a1edd604c735ea661d78857f7","Eukaryota","Alveolata","Dinoflagellata","Dinophyceae","Peridiniales","Amphidiniopsidaceae","Islandinium","Islandinium_tricingulatum",0.999526849,"Dinoflagellates"
"2ec319a3a980370a7ae41701998dc2de","Eukaryota","Opisthokonta","Metazoa","Mollusca","Bivalvia","Heteroconchia","Heteroconchia_X","Heteroconchia_XX_sp.",1,NA
"300aef1be3e673a10e0de170a3b51444","Eukaryota","Stramenopiles","Ochrophyta","Bacillariophyta","Bacillariophyta_X","Raphid-pennate","Raphid-pennate_X","Raphid-pennate_XX_sp.",0.999734362,"Diatoms"
"30191c0570b3035d38a5bc7cc8738a04","Eukaryota","Stramenopiles","Ochrophyta","Bacillariophyta","Bacillariophyta_X","Radial-centric-basal-Coscinodiscophyceae","Actinocyclus","Actinocyclus_curvatulus",0.994216799,"Diatoms"
"3020eb419afd1460b7384e2b0ab73b00","Eukaryota","Stramenopiles","Ochrophyta","Chrysophyceae","Chrysophyceae_X","Chrysophyceae_XX","Chrysophyceae_XXX","Chrysophyceae_XXX_sp.",0.995225724,NA
"310b98aea3f78192308e1cac35f47488","Eukaryota","Opisthokonta","Metazoa","Arthropoda","Crustacea","Maxillopoda","Maxillopoda_X","Maxillopoda_XX_sp.",0.999999998,NA
"3179b150afbacae53a6d3935ecefbab9","Eukaryota","Archaeplastida","Chlorophyta","Chlorophyceae","Chlamydomonadales","Chlamydomonadales_X","Chlamydomonadales_XX","Chlamydomonadales_XXX_sp.",0.998745639,"Greenalgae"
"322a0a66a07bc0f3ec6cec8b15786e5b","Eukaryota","Opisthokonta","Metazoa","Cnidaria","Cnidaria_X","Hydrozoa","Hydrozoa_X","Hydrozoa_XX_sp.",0.999968037,NA
"323c5e4dd4ec38b53579aea211b33c39","Eukaryota","Alveolata","Dinoflagellata","Syndiniales","Dino-Group-I","Dino-Group-I-Clade-1","Dino-Group-I-Clade-1_X","Dino-Group-I-Clade-1_X_sp.",0.999990743,"Dinoflagellates"
"32656b781644b427e33c6dc1bf5eb06d","Eukaryota","Eukaryota_X","Eukaryota_XX","Eukaryota_XXX","Eukaryota_XXXX","Eukaryota_XXXXX","Eukaryota_XXXXXX","Eukaryota_XXXXXXX_sp.",0.999994614,NA
"32ed6bab8837053940a9185ce66995cb","Eukaryota","Opisthokonta","Metazoa","Arthropoda","Crustacea","Malacostraca","Thysanoessa","Thysanoessa_X_sp.",0.987930195,NA
"338318c21f9f95380e763720fe9ddb08","Eukaryota","Opisthokonta","Opisthokonta_X","Opisthokonta_XX","Opisthokonta_XXX","Opisthokonta_XXXX","Opisthokonta_XXXXX","Opisthokonta_XXXXXX_sp.",0.999014131,NA
"33c23392c52c1f9dae3dd95957070922","Eukaryota","Opisthokonta","Metazoa","Arthropoda","Crustacea","Maxillopoda","Maxillopoda_X","Maxillopoda_XX_sp.",0.999990385,NA
"33d3cbc79b8d6533f24ce60906b9761b","Eukaryota","Opisthokonta","Fungi","Fungi_X","Fungi_XX","Fungi_XXX","Fungi_XXXX","Fungi_XXXXX_sp.",0.999022245,NA
"33e45c8bdcfbec530af2fb18d04955cf","Eukaryota","Alveolata","Ciliophora","Spirotrichea","Choreotrichida","Strobilidiidae_I","Pelagostrobilidium","Pelagostrobilidium_neptuni",0.9972016,NA
"345090b5ac6e9921f86099dd299d2853","Eukaryota","Opisthokonta","Metazoa","Arthropoda","Crustacea","Maxillopoda","Maxillopoda_X","Maxillopoda_XX_sp.",0.999960714,NA
"346d8f60f2f5d12fb0250dd63cc031b8","Eukaryota","Rhizaria","Cercozoa","Filosa-Thecofilosea","Ventricleftida","CCW10-lineage","CCW10-lineage_X","CCW10-lineage_X_sp.",0.99999512,NA
"34f9fe50e19f63e12edf944c020c7861","Eukaryota","Alveolata","Dinoflagellata","Syndiniales","Dino-Group-II","Dino-Group-II-Clade-1","Dino-Group-II-Clade-1_X","Dino-Group-II-Clade-1_X_sp.",0.999999662,"Dinoflagellates"
"3588da8feba144f690177092f3d4226a","Eukaryota","Opisthokonta","Metazoa","Arthropoda","Crustacea","Maxillopoda","Maxillopoda_X","Maxillopoda_X_sp.",0.997147912,NA
"36230e3dc3edb430cc408b65fa216d44","Eukaryota","Opisthokonta","Metazoa","Arthropoda","Crustacea","Maxillopoda","Maxillopoda_X","Maxillopoda_XX_sp.",0.987053369,NA
"365cd9b5848f9332723e854e00136b04","Eukaryota","Stramenopiles","Ochrophyta","MOCH-2","MOCH-2_X","MOCH-2_XX","MOCH-2_XXX","MOCH-2_XXX_sp.",0.99999985,NA
"36765e01efe7839a6f97fb93fe539f31","Eukaryota","Opisthokonta","Metazoa","Bryozoa","Bryozoa_X","Bryozoa_XX","BryozoaX_XX","BryozoaX_XXX_sp.",1,NA
"37f6ac89bc5183dace5f0fbb24c1df17","Eukaryota","Stramenopiles","Ochrophyta","Bacillariophyta","Bacillariophyta_X","Bacillariophyta_XX","Bacillariophyta_XXX","Bacillariophyta_XXXX_sp.",0.994987053,"Diatoms"
"3808ae25a46ce3ca6530f27a98b918c0","Eukaryota","Stramenopiles","Opalozoa","MAST-12","MAST-12B","MAST-12B_X","MAST-12B_XX","MAST-12B_XX_sp.",0.999999987,"MAST"
"384fef1f0998c3228713ce5d7b9225b4","Eukaryota","Archaeplastida","Streptophyta","Embryophyceae","Embryophyceae_X","Embryophyceae_XX","EmbryophyceaeX_XX","EmbryophyceaeX_XXX_sp.",0.999999188,NA
"388651d9eb272034d6cae4c4f2306607","Eukaryota","Alveolata","Dinoflagellata","Syndiniales","Dino-Group-II","Dino-Group-II-Clade-10-and-11","Dino-Group-II-Clade-10-and-11_X","Dino-Group-II-Clade-10-and-11_X_sp.",0.994352609,"Dinoflagellates"
"388f9bf153e1b0807954fd7d541c4ab7","Eukaryota","Eukaryota_X","Eukaryota_XX","Eukaryota_XXX","Eukaryota_XXXX","Eukaryota_XXXXX","Eukaryota_XXXXXX","Eukaryota_XXXXXXX_sp.",0.999615505,NA
"3890a586c1fd8c4fdfa08e469e068f87","Eukaryota","Stramenopiles","Opalozoa","MAST-3","MAST-3D","MAST-3D_X","MAST-3D_XX","MAST-3D_XX_sp.",0.999999876,"MAST"
"38b73295285fc2e17a8f6915533541cf","Eukaryota","Hacrobia","Haptophyta","Prymnesiophyceae","Phaeocystales","Phaeocystaceae","Phaeocystis","Phaeocystis_X_sp.",0.999999999,"Haptophytes"
"398861eb3a9252f894f610537eb102ab","Eukaryota","Alveolata","Ciliophora","Spirotrichea","Tintinnida","Ptychocylididae","Cymatocylis","Cymatocylis_X_sp.",0.989489966,NA
"399385fd8218b5a547b2e1ff77cc8f5d","Eukaryota","Opisthokonta","Metazoa","Arthropoda","Crustacea","Maxillopoda","Maxillopoda_X","Maxillopoda_XX_sp.",0.999972237,NA
"39a257d7bccc35e9cfc08d72d49dfdd2","Eukaryota","Opisthokonta","Metazoa","Nematoda","Chromadorea","Chromadorea_X","Chromadorea_XX","Chromadorea_XXX_sp.",0.999894892,NA
"39fa25f288be3ccd048baa0ce76381c7","Eukaryota","Opisthokonta","Fungi","Ascomycota","Saccharomycotina","Saccharomycetales","Galactomyces","Galactomyces_geotrichum",0.99999678,NA
"39fc06d9a998f7c732e587b3e645aa6b","Eukaryota","Stramenopiles","Ochrophyta","Bacillariophyta","Bacillariophyta_X","Bacillariophyta_XX","Bacillariophyta_XXX","Bacillariophyta_XXXX_sp.",0.989974897,"Diatoms"
"3a2a5d6d479b25e84a8b08f858d34dee","Eukaryota","Excavata","Discoba","Euglenida","Petalomonadida","Petalomonadida_X","Petalomonadida_XX","Petalomonadida_XXX_sp.",0.999186727,NA
"3a8986a7805b9dadd216237f109700c7","Eukaryota","Opisthokonta","Metazoa","Annelida","Annelida_X","Annelida_XX","Nephtys","Nephtys_X_sp.",0.999792102,NA
"3a8e666a87e15db33307c6d56f9e51d1","Eukaryota","Eukaryota_X","Eukaryota_XX","Eukaryota_XXX","Eukaryota_XXXX","Eukaryota_XXXXX","Eukaryota_XXXXXX","Eukaryota_XXXXXXX_sp.",0.99999721,NA
"3aa43ddeb6f5f763a314df1eb9c7af21","Eukaryota","Opisthokonta","Fungi","Fungi_X","Fungi_XX","Fungi_XXX","Fungi_XXXX","Fungi_XXXXX_sp.",0.976922986,NA
"3b8e1dac36f4506169c5dfd2b5db400c","Eukaryota","Opisthokonta","Metazoa","Arthropoda","Crustacea","Malacostraca","Malacostraca_X","Malacostraca_XX_sp.",0.999999993,NA
"3c0a027bc72b6c36926823605e5b30ce","Eukaryota","Eukaryota_X","Eukaryota_XX","Eukaryota_XXX","Eukaryota_XXXX","Eukaryota_XXXXX","Eukaryota_XXXXXX","Eukaryota_XXXXXXX_sp.",0.999999946,NA
"3c4993fdd1f5d185e4951d2cca847022","Eukaryota","Alveolata","Ciliophora","CONThreeP","CONThreeP_X","Urotrichidae","Urotricha","Urotricha_sp.",0.999350204,NA
"3c67352f6e5171b2b4f93fd54b78da92","Eukaryota","Eukaryota_X","Eukaryota_XX","Eukaryota_XXX","Eukaryota_XXXX","Eukaryota_XXXXX","Eukaryota_XXXXXX","Eukaryota_XXXXXXX_sp.",0.999933827,NA
"3d1e24d90da030cc19cefa92e6e23e90","Eukaryota","Alveolata","Dinoflagellata","Syndiniales","Dino-Group-II","Dino-Group-II-Clade-1","Dino-Group-II-Clade-1_X","Dino-Group-II-Clade-1_X_sp.",0.995160356,"Dinoflagellates"
"3d2b053506d52ee2a642bcc3c79c8036","Eukaryota","Hacrobia","Haptophyta","Prymnesiophyceae","Prymnesiales","Chrysochromulinaceae","Chrysochromulina","Chrysochromulina_scutellum",0.992049204,"Haptophytes"
"3d5f6a8fc6f1a03f06715a03f4bb401e","Eukaryota","Opisthokonta","Metazoa","Arthropoda","Crustacea","Maxillopoda","Maxillopoda_X","Maxillopoda_XX_sp.",0.999994614,NA
"3d742a82c49c0f10325f882040a2d0fd","Eukaryota","Eukaryota_X","Eukaryota_XX","Eukaryota_XXX","Eukaryota_XXXX","Eukaryota_XXXXX","Eukaryota_XXXXXX","Eukaryota_XXXXXXX_sp.",0.999977606,NA
"3d793789c2b7475e3a532c3c50ffb8b0","Eukaryota","Opisthokonta","Metazoa","Mollusca","Bivalvia","Arcoida","Barbatia","Barbatia_virescens",0.986594283,NA
"3dabee3393be84152654e1901048a9be","Eukaryota","Alveolata","Dinoflagellata","Dinophyceae","Dinophyceae_X","Dinophyceae_XX","Dinophyceae_XXX","Dinophyceae_XXXX_sp.",0.972079273,"Dinoflagellates"
"3de372e97be655036f875b5074c572ad","Eukaryota","Stramenopiles","Ochrophyta","Dictyochophyceae","Dictyochophyceae_X","Pedinellales","Pedinellales_X","Pedinellales_X_sp.",0.999973995,NA
"3e0b27d28136e7c8a880bd6c5d3255eb","Eukaryota","Rhizaria","Radiolaria","RAD-C","RAD-C_X","RAD-C_Xb","RAD-C_Xb_X","RAD-C_Xb_X_sp.",0.999999551,NA
"3edb1c17b6293d82b379993dd34ac7c8","Eukaryota","Stramenopiles","Ochrophyta","Bacillariophyta","Bacillariophyta_X","Bacillariophyta_XX","Bacillariophyta_XXX","Bacillariophyta_XXXX_sp.",0.992718553,"Diatoms"
"3f564e202a060cfcd3570ae665777f05","Eukaryota","Stramenopiles","Ochrophyta","Bacillariophyta","Bacillariophyta_X","Bacillariophyta_XX","Bacillariophyta_XXX","Bacillariophyta_XXXX_sp.",0.999152575,"Diatoms"
"3f6a751b50345ba3ee979281dacb82b6","Eukaryota","Eukaryota_X","Hemimastigophora","Hemimastigophora_X","Hemimastigophora_XX","Spironemidae","Hemimastix","Hemimastix_sp.",0.99504796,NA
"3f799082325fb7dab63257dbfdce838f","Eukaryota","Opisthokonta","Metazoa","Rotifera","Rotifera_X","Rotifera_XX","Adineta","Adineta_vaga",0.974848136,NA
"3fcb8b60a257c8b471dbde9c9897cc5e","Eukaryota","Archaeplastida","Chlorophyta","Ulvophyceae","Ulotrichales","Ulotrichales_X","Ulotrichales_XX","Ulotrichales_XXX_sp.",0.999727567,"Greenalgae"
"4018fc5ca18bca51be546e461cb1d872","Eukaryota","Opisthokonta","Opisthokonta_X","Opisthokonta_XX","Opisthokonta_XXX","Opisthokonta_XXXX","Opisthokonta_XXXXX","Opisthokonta_XXXXXX_sp.",0.999347859,NA
"403968067961a447c6bcbaa8bfe175e7","Eukaryota","Hacrobia","Centroheliozoa","Centroheliozoa_X","Centroheliozoa_XX","Centroheliozoa_XXX","Centroheliozoa_XXXX","Centroheliozoa_XXXXX_sp.",0.980457156,NA
"407e9239fe0c06f816e6c0619c938b56","Eukaryota","Stramenopiles","Ochrophyta","Pelagophyceae","Pelagomonadales","Pelagomonadales_clade_A","Pelagomonadales_clade_A1","Pelagomonadales_clade_A1_sp.",0.999990371,NA
"40ad2f8ad3f297ad5b662d2946dc27e0","Eukaryota","Alveolata","Dinoflagellata","Dinophyceae","Dinophyceae_X","Dinophyceae_XX","Dinophyceae_XXX","Dinophyceae_XXXX_sp.",0.999987985,"Dinoflagellates"
"40f20a1b0d71db74dd719e062b926f4c","Eukaryota","Rhizaria","Cercozoa","Filosa-Thecofilosea","Ventricleftida","Ventricleftida_X","Ventricleftida_XX","Ventricleftida_XX_sp.",0.999999934,NA
"40f7a5b82dfc8cbe78c9dc8df6f19f59","Eukaryota","Rhizaria","Cercozoa","Filosa-Granofilosea","Filosa-Granofilosea_X","Massiteriidae","Massisteria","Massisteria_marina",0.999997051,NA
"4245635f485cae871bf10e163b15bdc6","Eukaryota","Archaeplastida","Rhodophyta","Florideophyceae","Ceramiales","Ceramiaceae","Ceramium","Ceramium_rubrum",0.999984694,"Rhodophytes"
"4299115b054b833f512453c2a298043c","Eukaryota","Stramenopiles","Opalozoa","MAST-3","MAST-3E","MAST-3E_X","MAST-3E_XX","MAST-3E_XX_sp.",0.999999637,"MAST"
"42c07f6ae4391275cfc39238ea0fd7dc","Eukaryota","Alveolata","Ciliophora","Plagiopylea","Plagiopylea_X","Plagiopylidae","Plagiopylidae_X","Plagiopylidae_X_sp.",0.999959802,NA
"42f8967c28657b155b5c2621020f2a1a","Eukaryota","Stramenopiles","Ochrophyta","Bacillariophyta","Bacillariophyta_X","Bacillariophyta_XX","Bacillariophyta_XXX","Bacillariophyta_XXXX_sp.",0.999998268,"Diatoms"
"4313ed53ff248e601a5645497bb851f8","Eukaryota","Opisthokonta","Metazoa","Arthropoda","Crustacea","Maxillopoda","Maxillopoda_X","Maxillopoda_XX_sp.",0.999989861,NA
"441f7a84c1cd366d6eb93a3d6d2fb67a","Eukaryota","Alveolata","Ciliophora","Spirotrichea","Strombidiida","Strombidiidae","Strombidiidae_X","Strombidiidae_XX_sp.",0.988610182,NA
"449cbc5e2574bbdc7691e8442257ffed","Eukaryota","Stramenopiles","Ochrophyta","Chrysophyceae","Chrysophyceae_X","Chrysophyceae_Clade-H","Chrysophyceae_Clade-H_X","Chrysophyceae_Clade-H_X_sp.",0.999999998,NA
"44cce8677045a403d8ed3dd2c2fb4cf0","Eukaryota","Archaeplastida","Streptophyta","Embryophyceae","Embryophyceae_X","Embryophyceae_XX","EmbryophyceaeX_XX","EmbryophyceaeX_XXX_sp.",0.999996921,NA
"44d5ef90e63c8eff3a925c695307562b","Eukaryota","Opisthokonta","Fungi","Ascomycota","Pezizomycotina","Eurotiomycetes","Eurotiomycetes_X","Eurotiomycetes_XX_sp.",0.992257912,NA
"44ff1847db0fd66db58b0bf2934eb1d5","Eukaryota","Stramenopiles","Ochrophyta","Bacillariophyta","Bacillariophyta_X","Radial-centric-basal-Coscinodiscophyceae","Stellarima","Stellarima_microtrias",0.999980494,"Diatoms"
"453aa46cc6d7c67cbe6bb120478d3ad7","Eukaryota","Opisthokonta","Fungi","Ascomycota","Saccharomycotina","Saccharomycetales","Saccharomycetales_X","Saccharomycetales_XX_sp.",0.998490526,NA
"454e67290082a3ddbddf37873c3b1659","Eukaryota","Opisthokonta","Fungi","Basidiomycota","Pucciniomycotina","Pucciniomycotina_X","Pucciniomycotina_XX","Pucciniomycotina_XXX_sp.",0.999999969,NA
"45597fc65b90d0720c3bc0fe43bc22eb","Eukaryota","Alveolata","Dinoflagellata","Dinophyceae","Dinophyceae_X","Dinophyceae_XX","Dinophyceae_XXX","Dinophyceae_XXXX_sp.",0.973781031,"Dinoflagellates"
"46bfdf39116bdaab5f87b898a7d4d52a","Eukaryota","Opisthokonta","Metazoa","Arthropoda","Crustacea","Maxillopoda","Maxillopoda_X","Maxillopoda_XX_sp.",0.999765021,NA
"477a9fb30b5126868b7969d6f00ea032","Eukaryota","Opisthokonta","Metazoa","Annelida","Annelida_X","Annelida_XX","Nephtys","Nephtys_X_sp.",0.998676988,NA
"47a1292fa0a821c4ed283d1062fcb40e","Eukaryota","Alveolata","Dinoflagellata","Dinophyceae","Dinophyceae_X","Dinophyceae_XX","Dinophyceae_XXX","Dinophyceae_XXXX_sp.",0.994809051,"Dinoflagellates"
"47a3f71c317404a995d1bd0759e8ebbc","Eukaryota","Stramenopiles","Ochrophyta","Chrysophyceae","Chrysophyceae_X","Chrysophyceae_XX","Chrysophyceae_XXX","Chrysophyceae_XXX_sp.",0.981113517,NA
"4804a97a70089a783f0ff9ea3d51e804","Eukaryota","Opisthokonta","Metazoa","Cnidaria","Cnidaria_X","Hydrozoa","Hydrozoa_X","Hydrozoa_X_sp.",0.994877283,NA
"48e1f76e2b27eb30396bd03c58b28662","Eukaryota","Eukaryota_X","Eukaryota_XX","Eukaryota_XXX","Eukaryota_XXXX","Eukaryota_XXXXX","Eukaryota_XXXXXX","Eukaryota_XXXXXXX_sp.",0.999999668,NA
"48e8935d3701463c4ada15b9e8e8955c","Eukaryota","Opisthokonta","Metazoa","Annelida","Annelida_X","Annelida_XX","AnnelidaX_XX","AnnelidaX_XXX_sp.",0.999989434,NA
"492265ac9671deb81c2c7c3cbd183d82","Eukaryota","Alveolata","Dinoflagellata","Dinophyceae","Dinophyceae_X","Dinophyceae_XX","Dinophyceae_XXX","Dinophyceae_XXXX_sp.",0.998389032,"Dinoflagellates"
"4943e143efa006107cf5cfb50deb508d","Eukaryota","Alveolata","Dinoflagellata","Dinophyceae","Dinophyceae_X","Dinophyceae_XX","Dinophyceae_XXX","Dinophyceae_XXXX_sp.",0.979610891,"Dinoflagellates"
"49a01448c9990fa7e886a828af79d17b","Eukaryota","Alveolata","Dinoflagellata","Dinophyceae","Dinophyceae_X","Dinophyceae_XX","Dinophyceae_XXX","Dinophyceae_XXXX_sp.",0.999938782,"Dinoflagellates"
"49b830c2023a76f8d4fe6b63f8f5357c","Eukaryota","Stramenopiles","Ochrophyta","Bacillariophyta","Bacillariophyta_X","Polar-centric-Mediophyceae","Chaetoceros","Chaetoceros_socialis",0.999998667,"Diatoms"
"4a2f97f7646ed626960b5b1f6facac55","Eukaryota","Hacrobia","Haptophyta","Prymnesiophyceae","Prymnesiophyceae_X","Prymnesiophyceae_XX","Prymnesiophyceae_XXX","Prymnesiophyceae_XXXX_sp.",0.999999746,"Haptophytes"
"4a8fc7f3d851b2cad38337332ab3c277","Eukaryota","Stramenopiles","Ochrophyta","Bacillariophyta","Bacillariophyta_X","Raphid-pennate","Pseudo-nitzschia","Pseudo-nitzschia_seriata",0.998591047,"Diatoms"
"4a9b9914d39908f4c506740403341889","Eukaryota","Opisthokonta","Metazoa","Arthropoda","Crustacea","Malacostraca","Malacostraca_X","Malacostraca_XX_sp.",0.999759681,NA
"4adb93cd958cf11bd5680b5c075149aa","Eukaryota","Alveolata","Dinoflagellata","Syndiniales","Dino-Group-II","Dino-Group-II_X","Dino-Group-II_XX","Dino-Group-II_XXX_sp.",0.995925941,"Dinoflagellates"
"4afb9c7559cf73fc8ca1ae0504015eb2","Eukaryota","Stramenopiles","Ochrophyta","Bacillariophyta","Bacillariophyta_X","Polar-centric-Mediophyceae","Polar-centric-Mediophyceae_X","Polar-centric-Mediophyceae_XX_sp.",0.976796188,"Diatoms"
"4b787b94c8da549d12611285006e4064","Eukaryota","Opisthokonta","Metazoa","Arthropoda","Crustacea","Maxillopoda","Maxillopoda_X","Maxillopoda_XX_sp.",0.999985093,NA
"4b9e1532598264eb2bf86a62f58ed32a","Eukaryota","Stramenopiles","Ochrophyta","Pelagophyceae","Pelagomonadales","Pelagomonadales_clade_A","Pelagomonadales_clade_A1","Pelagomonadales_clade_A1_sp.",0.999999663,NA
"4bdd337dc496d45cfd1f62f0cd51b8d1","Eukaryota","Stramenopiles","Sagenista","Labyrinthulomycetes","Labyrinthulida","Labyrinthulaceae","Aplanochytrium","Aplanochytrium_sp.",0.999999928,NA
"4c3554ffe831ed10f74f00a7787c2165","Eukaryota","Eukaryota_X","Eukaryota_XX","Eukaryota_XXX","Eukaryota_XXXX","Eukaryota_XXXXX","Eukaryota_XXXXXX","Eukaryota_XXXXXXX_sp.",0.999973064,NA
"4c6309be21d06d9f8a06681c1a72a9e0","Eukaryota","Alveolata","Dinoflagellata","Dinophyceae","Dinophyceae_X","Dinophyceae_XX","Dinophyceae_XXX","Dinophyceae_XXXX_sp.",0.976247327,"Dinoflagellates"
"4c77859635b138be343406c79260159d","Eukaryota","Eukaryota_X","Eukaryota_XX","Eukaryota_XXX","Eukaryota_XXXX","Eukaryota_XXXXX","Eukaryota_XXXXXX","Eukaryota_XXXXXXX_sp.",0.99999998,NA
"4cae621a3f7e1c597af7a61d86e339e2","Eukaryota","Eukaryota_X","Eukaryota_XX","Eukaryota_XXX","Eukaryota_XXXX","Eukaryota_XXXXX","Eukaryota_XXXXXX","Eukaryota_XXXXXXX_sp.",0.995825442,NA
"4cbc086b7380cd0ed37d3e9caed3c75a","Eukaryota","Opisthokonta","Metazoa","Arthropoda","Crustacea","Ostracoda","Cytheropteron","Cytheropteron_subuchioi",0.999965467,NA
"4ccda9a1195ae031429bacc58bf015b8","Eukaryota","Opisthokonta","Metazoa","Arthropoda","Crustacea","Maxillopoda","Maxillopoda_X","Maxillopoda_XX_sp.",0.999967382,NA
"4cd8428ea6c4e43cea1e82374c94a8e8","Eukaryota","Opisthokonta","Metazoa","Arthropoda","Crustacea","Maxillopoda","Clausocalanus","Clausocalanus_furcatus",0.999936632,NA
"4cd847e0b712c37048bd7d2871244897","Eukaryota","Eukaryota_X","Eukaryota_XX","Eukaryota_XXX","Eukaryota_XXXX","Eukaryota_XXXXX","Eukaryota_XXXXXX","Eukaryota_XXXXXXX_sp.",1,NA
"4d2d2df1f3cdb2080ace0b23c17928be","Eukaryota","Stramenopiles","Ochrophyta","Bacillariophyta","Bacillariophyta_X","Bacillariophyta_XX","Bacillariophyta_XXX","Bacillariophyta_XXXX_sp.",0.997269655,"Diatoms"
"4d3290424747de2046f8ebfc8ea2581d","Eukaryota","Stramenopiles","Pseudofungi","MAST-1","MAST-1B","MAST-1B_X","MAST-1B_XX","MAST-1B_XX_sp.",0.999992237,"MAST"
"4dc64fd8b4971d541254a122eeecc943","Eukaryota","Stramenopiles","Ochrophyta","Bacillariophyta","Bacillariophyta_X","Raphid-pennate","Raphid-pennate_X","Raphid-pennate_XX_sp.",0.997007923,"Diatoms"
"4df5acb4b8e2d2ff53e79ddcaacd69a3","Eukaryota","Opisthokonta","Opisthokonta_X","Opisthokonta_XX","Opisthokonta_XXX","Opisthokonta_XXXX","Opisthokonta_XXXXX","Opisthokonta_XXXXXX_sp.",0.980736299,NA
"4e052e171536bf9a555c70d2dd4182d9","Eukaryota","Rhizaria","Cercozoa","Cercozoa_X","Cercozoa_XX","Cercozoa_XXX","Cercozoa_XXXX","Cercozoa_XXXXX_sp.",0.987124962,NA
"4e1fa2b0efa2b8274b9096d75dd82888","Eukaryota","Rhizaria","Cercozoa","Chlorarachniophyceae","Chlorarachniophyceae_X","LC104-lineage","LC104-lineage_X","LC104-lineage_X_sp.",0.999988724,NA
"4e5be7f0cf8e6967a635f1f703999597","Eukaryota","Opisthokonta","Metazoa","Chaetognatha","Aphragmophora","Aphragmophora_X","Eukrohnia","Eukrohnia_bathypelagica",0.99997885,NA
"4e92c430f3b830c595323e52480c7127","Eukaryota","Archaeplastida","Chlorophyta","Ulvophyceae","Ulotrichales","Ulotrichales_X","Urospora","Urospora_neglecta",0.984717593,"Greenalgae"
"4f5503bf10c58fcab616cea23eedace1","Eukaryota","Stramenopiles","Ochrophyta","Bacillariophyta","Bacillariophyta_X","Bacillariophyta_XX","Bacillariophyta_XXX","Bacillariophyta_XXXX_sp.",0.999996215,"Diatoms"
"4f87fa8147105bbcd5fef14bdf22ed65","Eukaryota","Rhizaria","Radiolaria","Acantharea","Acantharea_4","Acantharea_4d","Acantharea_4d_X","Acantharea_4d_X_sp.",0.999976421,NA
"5036e7e06f83d2a8cce1d41d1f81e021","Eukaryota","Rhizaria","Cercozoa","Endomyxa-Ascetosporea","Paradinida","Paradinidae","Paradinium","Paradinium_poucheti",0.995526044,NA
"511a089273fa16dd2fadd0f0d12ae87c","Eukaryota","Stramenopiles","Ochrophyta","Bacillariophyta","Bacillariophyta_X","Raphid-pennate","Raphid-pennate_X","Raphid-pennate_XX_sp.",0.999990171,"Diatoms"
"51d6bb959031b55a483291bc6868be54","Eukaryota","Eukaryota_X","Eukaryota_XX","Eukaryota_XXX","Eukaryota_XXXX","Eukaryota_XXXXX","Eukaryota_XXXXXX","Eukaryota_XXXXXXX_sp.",0.999980495,NA
"521f151699555cb2146aef977b06331f","Eukaryota","Opisthokonta","Metazoa","Annelida","Annelida_X","Annelida_XX","Paramphinome","Paramphinome_jeffreysii",0.999216786,NA
"52278c5d516f2cfdf416021b6a69f479","Eukaryota","Opisthokonta","Metazoa","Metazoa_X","Metazoa_XX","Metazoa_XXX","Metazoa_XXXX","Metazoa_XXXXX_sp.",0.996339833,NA
"524896347417860ae558683c3151960b","Eukaryota","Alveolata","Dinoflagellata","Syndiniales","Dino-Group-II","Dino-Group-II-Clade-10-and-11","Dino-Group-II-Clade-10-and-11_X","Dino-Group-II-Clade-10-and-11_X_sp.",0.997754736,"Dinoflagellates"
"535d3c692712e12c907431a79cedafd1","Eukaryota","Alveolata","Dinoflagellata","Dinophyceae","Peridiniales","Protoperidiniaceae","Protoperidinium","Protoperidinium_sp.",0.999970997,"Dinoflagellates"
"53ac27b872d8731691a2cefa2321ef1f","Eukaryota","Alveolata","Ciliophora","Spirotrichea","Tintinnida","Tintinnida_X","Tintinnida_XX","Tintinnida_XXX_sp.",1,NA
"5408bf94eb70887ca6c7dc9eea686a68","Eukaryota","Opisthokonta","Metazoa","Metazoa_X","Metazoa_XX","Metazoa_XXX","Metazoa_XXXX","Metazoa_XXXXX_sp.",0.998405587,NA
"549e39b199c8253447ae892a178f05e9","Eukaryota","Rhizaria","Cercozoa","Filosa-Thecofilosea","Ventricleftida","CCW10-lineage","CCW10-lineage_X","CCW10-lineage_X_sp.",1,NA
"54e5345775094e59e8420a9dfdcf5819","Eukaryota","Rhizaria","Radiolaria","Acantharea","Acantharea_4","Acantharea_4d","Acantharea_4d_X","Acantharea_4d_X_sp.",0.999191236,NA
"54fcf0408fc5a466133b0021b0cca379","Eukaryota","Opisthokonta","Fungi","Chytridiomycota","Chytridiomycotina","Chytridiomycetes","Spizellomycetales-and-Rhizophlyctidales","Spizellomycetales-and-Rhizophlyctidales_sp.",0.999999176,NA
"55225dfe9642997216fd8ab67b3990e7","Eukaryota","Rhizaria","Cercozoa","Chlorarachniophyceae","Chlorarachnida","Minorisa-lineage","Minorisa","Minorisa_minuta",0.999767975,NA
"556b27a30a253a65706079a4ea042525","Eukaryota","Opisthokonta","Metazoa","Echinodermata","Echinodermata_X","Echinodermata_XX","EchinodermataX_XX","EchinodermataX_XXX_sp.",0.999999998,NA
"56225c844a536a2852ec2a61d0250c5b","Eukaryota","Rhizaria","Cercozoa","Filosa-Thecofilosea","Cryomonadida","Cryothecomonas-lineage","Cryothecomonas","Cryothecomonas_sp.",0.999841291,NA
"56500e5f3040ad41772e68d77c213595","Eukaryota","Opisthokonta","Metazoa","Mollusca","Gastropoda","Patellogastropoda","Nacella","Nacella_magellanica",0.992263541,NA
"567ea5daba75a3482a29885499d154e7","Eukaryota","Eukaryota_X","Eukaryota_XX","Eukaryota_XXX","Eukaryota_XXXX","Eukaryota_XXXXX","Eukaryota_XXXXXX","Eukaryota_XXXXXXX_sp.",0.999999996,NA
"56c74fdd6d9acb7ebd2d3d0539015781","Eukaryota","Alveolata","Dinoflagellata","Dinophyceae","Dinophyceae_X","Dinophyceae_XX","Dinophyceae_XXX","Dinophyceae_XXXX_sp.",0.999273488,"Dinoflagellates"
"56ed280ca6297ab88d5ee87aeeb014c1","Eukaryota","Stramenopiles","Opalozoa","MAST-3","MAST-3I","MAST-3I_X","MAST-3I_XX","MAST-3I_XX_sp.",0.999997001,"MAST"
"5775733699e764fa4240af890243dcce","Eukaryota","Alveolata","Dinoflagellata","Syndiniales","Dino-Group-II","Dino-Group-II-Clade-3","Dino-Group-II-Clade-3_X","Dino-Group-II-Clade-3_X_sp.",0.999953294,"Dinoflagellates"
"57b28ea4c5f03a2fad043e4e5a65a8c8","Eukaryota","Rhizaria","Radiolaria","Acantharea","Acantharea_F","Acantharea_F2","Amphibelone","Amphibelone_heteracanthum",0.99999772,NA
"57ba6905213c036c82985b56e93a59d8","Eukaryota","Opisthokonta","Metazoa","Arthropoda","Crustacea","Maxillopoda","Maxillopoda_X","Maxillopoda_XX_sp.",0.999505437,NA
"57bce03674f595ae5a5b58d0abb2d924","Eukaryota","Alveolata","Dinoflagellata","Syndiniales","Dino-Group-II","Dino-Group-II_X","Dino-Group-II_XX","Dino-Group-II_XXX_sp.",0.975638632,"Dinoflagellates"
"57f3563114cfcae12dec3da8cf056bb0","Eukaryota","Opisthokonta","Metazoa","Arthropoda","Crustacea","Maxillopoda","Maxillopoda_X","Maxillopoda_XX_sp.",0.99999936,NA
"588a590ed5dcb020f013b9303624eead","Eukaryota","Opisthokonta","Metazoa","Annelida","Annelida_X","Annelida_XX","Nephtys","Nephtys_X_sp.",0.99991649,NA
"58ac61d95c68d33c0491b57cda242a93","Eukaryota","Stramenopiles","Opalozoa","MAST-12","MAST-12A","MAST-12A_X","MAST-12A_XX","MAST-12A_XX_sp.",0.998457129,"MAST"
"5942a18d3ab6910e75113cff2f641240","Eukaryota","Rhizaria","Radiolaria","Acantharea","Acantharea_C","Acantharea_C3","Acantharea_C3_X","Acantharea_C3_XX_sp.",0.997589703,NA
"5961c273675af29bf626f039027d787c","Eukaryota","Opisthokonta","Fungi","Ascomycota","Pezizomycotina","Eurotiomycetes","Penicillium","Penicillium_citrinum",0.977250315,NA
"5969968add1f9e800fc4848c3cd64dbd","Eukaryota","Hacrobia","Telonemia","Telonemia_X","Telonemia_XX","Telonemia-Group-2","Telonemia-Group-2_X","Telonemia-Group-2_X_sp.",0.999999289,NA
"59c37f5292ee2f4a9fc987a26dab1a95","Eukaryota","Eukaryota_X","Eukaryota_XX","Eukaryota_XXX","Eukaryota_XXXX","Eukaryota_XXXXX","Eukaryota_XXXXXX","Eukaryota_XXXXXXX_sp.",0.99999999,NA
"5a53366fe11a2a575be580b908cd0802","Eukaryota","Opisthokonta","Opisthokonta_X","Opisthokonta_XX","Opisthokonta_XXX","Opisthokonta_XXXX","Opisthokonta_XXXXX","Opisthokonta_XXXXXX_sp.",0.980190955,NA
"5a630a426744731ee882963d3aa23491","Eukaryota","Rhizaria","Cercozoa","Filosa-Thecofilosea","Cryomonadida","Protaspa-lineage","Protaspa-lineage_X","Protaspa-lineage_X_sp.",0.999770603,NA
"5a72dc929bacfd858d65a0e0c262a2de","Eukaryota","Alveolata","Dinoflagellata","Dinophyceae","Dinophyceae_X","Dinophyceae_XX","Dinophyceae_XXX","Dinophyceae_XXXX_sp.",0.995797681,"Dinoflagellates"
"5aa08df8fcdcf7c7a44c3e5174eb3fb2","Eukaryota","Opisthokonta","Metazoa","Metazoa_X","Metazoa_XX","Metazoa_XXX","Metazoa_XXXX","Metazoa_XXXXX_sp.",0.977066192,NA
"5aa9ba22f026b87c6a3dae2d42108a92","Eukaryota","Opisthokonta","Choanoflagellida","Choanoflagellatea","Acanthoecida","Stephanoecidae_Group_H","Diaphanoeca","Diaphanoeca_grandis",0.982898029,NA
"5acc2c9f43185ae45130b0630775ce14","Eukaryota","Stramenopiles","Ochrophyta","Bacillariophyta","Bacillariophyta_X","Bacillariophyta_XX","Bacillariophyta_XXX","Bacillariophyta_XXXX_sp.",0.997416374,"Diatoms"
"5b2d83f3819947079d346cf06dd3b9dd","Eukaryota","Stramenopiles","Ochrophyta","Bacillariophyta","Bacillariophyta_X","Polar-centric-Mediophyceae","Chaetoceros","Chaetoceros_neogracilis",0.975960447,"Diatoms"
"5b3ef30dd4a65bdf3f47c98c6a5e9048","Eukaryota","Stramenopiles","Sagenista","MAST-8","MAST-8A","MAST-8A_X","MAST-8A_XX","MAST-8A_XX_sp.",0.999467227,"MAST"
"5b429e24970038934ca12968e13198c5","Eukaryota","Eukaryota_X","Eukaryota_XX","Eukaryota_XXX","Eukaryota_XXXX","Eukaryota_XXXXX","Eukaryota_XXXXXX","Eukaryota_XXXXXXX_sp.",1,NA
"5c96ea9e634e16c94d805c6b1ca01874","Eukaryota","Opisthokonta","Metazoa","Urochordata","Urochordata_X","Ascidiacea","Ascidiacea_X","Ascidiacea_XX_sp.",0.999998359,NA
"5cddb9843a88f3b26c53fee62fb98573","Eukaryota","Rhizaria","Cercozoa","Filosa-Imbricatea","Marimonadida","Marimonadida_X","Pseudopirsonia","Pseudopirsonia_mucosa",0.999999962,NA
"5cf3a14d2e760165cb9ea9b9d8e240ed","Eukaryota","Opisthokonta","Metazoa","Metazoa_X","Metazoa_XX","Metazoa_XXX","Metazoa_XXXX","Metazoa_XXXXX_sp.",0.999691536,NA
"5d22ded8e4ca47ef3c7e93b5a40a7d7e","Eukaryota","Stramenopiles","Ochrophyta","Bacillariophyta","Bacillariophyta_X","Bacillariophyta_XX","Bacillariophyta_XXX","Bacillariophyta_XXXX_sp.",0.98581025,"Diatoms"
"5d862afbda829d4bc5bc3d08f224dc5e","Eukaryota","Alveolata","Ciliophora","Spirotrichea","Tintinnida","Tintinnidae","Tintinnidae_X","Tintinnidae_X_sp.",0.998981862,NA
"5e68a78b0f3ca14e1330fd8e3aa04542","Eukaryota","Alveolata","Dinoflagellata","Dinophyceae","Dinophyceae_X","Dinophyceae_XX","Dinophyceae_XXX","Dinophyceae_XXXX_sp.",0.994726041,"Dinoflagellates"
"5e701ff0978406b589dffc8845bf2b81","Eukaryota","Stramenopiles","Ochrophyta","Bacillariophyta","Bacillariophyta_X","Bacillariophyta_XX","Bacillariophyta_XXX","Bacillariophyta_XXXX_sp.",0.997937538,"Diatoms"
"5e88fe329b19b2b6838ec535a56faf94","Eukaryota","Opisthokonta","Metazoa","Annelida","Annelida_X","Annelida_XX","Parapionosyllis","Parapionosyllis_elegans",0.993806056,NA
"5edbcdac99d018ef1dfb7a16386d699d","Eukaryota","Opisthokonta","Opisthokonta_X","Opisthokonta_XX","Opisthokonta_XXX","Opisthokonta_XXXX","Opisthokonta_XXXXX","Opisthokonta_XXXXXX_sp.",0.993476395,NA
"5f45445f9d4bcbef3d0de939795a22c2","Eukaryota","Stramenopiles","Stramenopiles_X","Stramenopiles_XX","Stramenopiles_XXX","Stramenopiles_XXXX","Stramenopiles_XXXXX","Stramenopiles_XXXXXX_sp.",0.993555414,NA
"5f58541debe3e540c2b05a1bf2d1730c","Eukaryota","Eukaryota_X","Eukaryota_XX","Eukaryota_XXX","Eukaryota_XXXX","Eukaryota_XXXXX","Eukaryota_XXXXXX","Eukaryota_XXXXXXX_sp.",0.999997548,NA
"5f8a2822d7543f9f112d3c80f61b16b3","Eukaryota","Opisthokonta","Metazoa","Arthropoda","Crustacea","Malacostraca","Malacostraca_X","Malacostraca_XX_sp.",0.999999637,NA
"6115bf78c52b30a2c4da035bc0f0b246","Eukaryota","Opisthokonta","Metazoa","Arthropoda","Crustacea","Maxillopoda","Maxillopoda_X","Maxillopoda_XX_sp.",0.99992978,NA
"611611a6a5a7252fb8eca26bccb7b4a3","Eukaryota","Opisthokonta","Metazoa","Cnidaria","Cnidaria_X","Hydrozoa","Pantachogon","Pantachogon_haeckeli",0.999999766,NA
"6117040c38c773fde265fa8163d77a8c","Eukaryota","Opisthokonta","Metazoa","Mollusca","Bivalvia","Mytiloida","Mytilus","Mytilus_X_sp.",0.999999986,NA
"61d370113076af496e5322e05c173b17","Eukaryota","Opisthokonta","Fungi","Fungi_X","Fungi_XX","Fungi_XXX","Fungi_XXXX","Fungi_XXXXX_sp.",0.997651746,NA
"62044153b7ec0d17af6e4302480c13e9","Eukaryota","Alveolata","Ciliophora","Spirotrichea","Hypotrichia","Holostichidae","Metaurostylopsis","Metaurostylopsis_struederkypkeae",0.998339352,NA
"635e6a4c1e65924b0a6ed1d7e9af611e","Eukaryota","Rhizaria","Cercozoa","Filosa-Thecofilosea","Cryomonadida","Cryomonadida_X","Cryomonadida_XX","Cryomonadida_XX_sp.",0.999847963,NA
"638435f2c45675b19c1882efe6a8c166","Eukaryota","Opisthokonta","Metazoa","Arthropoda","Crustacea","Maxillopoda","Maxillopoda_X","Maxillopoda_XX_sp.",0.999999995,NA
"64a0042ae17d63a5a7f870c34f10b6f8","Eukaryota","Alveolata","Dinoflagellata","Dinophyceae","Peridiniales","Protoperidiniaceae","Protoperidinium","Protoperidinium_sp.",0.999999538,"Dinoflagellates"
"654d7294ce7471c2ae353e39068d78de","Eukaryota","Rhizaria","Cercozoa","Filosa-Thecofilosea","Ventricleftida","Verrucomonadidae","Verrucomonas","Verrucomonas_X_sp.",0.999996665,NA
"65cc2b94239670a78850e9f6afda260e","Eukaryota","Stramenopiles","Ochrophyta","Bacillariophyta","Bacillariophyta_X","Radial-centric-basal-Coscinodiscophyceae","Radial-centric-basal-Coscinodiscophyceae_X","Radial-centric-basal-Coscinodiscophyceae_XX_sp.",0.9999999,"Diatoms"
"65e8ec63cc56562ab892875fe8ae7616","Eukaryota","Stramenopiles","Ochrophyta","Phaeophyceae","Phaeophyceae_X","Phaeophyceae_XX","Ectocarpus","Ectocarpus_X_sp.",0.999954235,NA
"6618842958e9fe283a3d8cc516a6ccfb","Eukaryota","Archaeplastida","Chlorophyta","Ulvophyceae","Ulotrichales","Ulotrichales_X","Ulothrix","Ulothrix_sp.",0.980512085,"Greenalgae"
"664b67a22639fce6b854ad69b89a9399","Eukaryota","Hacrobia","Telonemia","Telonemia_X","Telonemia_XX","Telonemia-Group-2","Telonemia-Group-2_X","Telonemia-Group-2_X_sp.",0.999861799,NA
"664ccd89b8aeee61feaf057309c2b744","Eukaryota","Opisthokonta","Metazoa","Bryozoa","Bryozoa_X","Bryozoa_XX","BryozoaX_XX","BryozoaX_XXX_sp.",1,NA
"6654c5f4dae3499090a0a5a47657f85a","Eukaryota","Opisthokonta","Fungi","Basidiomycota","Agaricomycotina","Agaricomycetes","Agaricus","Agaricus_bisporus",0.992185768,NA
"665f0bcb3152629802c290dfe66ee76b","Eukaryota","Alveolata","Dinoflagellata","Dinophyceae","Peridiniales","Protoperidiniaceae","Protoperidinium","Protoperidinium_sp.",0.989899316,"Dinoflagellates"
"6679e87f4559a7b785f3ae53a7412a3b","Eukaryota","Alveolata","Dinoflagellata","Syndiniales","Dino-Group-II","Dino-Group-II_X","Dino-Group-II_XX","Dino-Group-II_XX_sp.",0.994656983,"Dinoflagellates"
"66b773a41ecdb4a8dfbceee49c395c71","Eukaryota","Rhizaria","Cercozoa","Filosa-Thecofilosea","Ventricleftida","Ventrifissuridae","Ventrifissuridae_X","Ventrifissuridae_X_sp.",0.999999937,NA
"6737a5656ab59d9f060bf27f3d62864c","Eukaryota","Opisthokonta","Metazoa","Annelida","Annelida_X","Annelida_XX","AnnelidaX_XX","AnnelidaX_XXX_sp.",0.999998368,NA
"6758a0de742bd1f443634280bdbb27f6","Eukaryota","Rhizaria","Cercozoa","Filosa-Granofilosea","Cryptofilida","Nanofilidae","Nanofila","Nanofila_sp.",0.999999984,NA
"682be14af74d09f8c20ca851e7a2503a","Eukaryota","Excavata","Discoba","Diplonemea","Diplonemida","Eupelagonemidae","Eupelagonemidae_X","Eupelagonemidae_X_sp.",1,NA
"683e0a6d1346556f20c56daeeeeff403","Eukaryota","Stramenopiles","Ochrophyta","Bacillariophyta","Bacillariophyta_X","Polar-centric-Mediophyceae","Polar-centric-Mediophyceae_X","Polar-centric-Mediophyceae_XX_sp.",0.999299717,"Diatoms"
"6953b0129d74249dd4e60acde225d004","Eukaryota","Rhizaria","Radiolaria","Acantharea","Acantharea_X","Acantharea_XX","Acantharea_XXX","Acantharea_XXXX_sp.",0.999997377,NA
"699d96446d6710f96452c2a6e50f9d5e","Eukaryota","Stramenopiles","Ochrophyta","Bacillariophyta","Bacillariophyta_X","Polar-centric-Mediophyceae","Hemiaulus","Hemiaulus_sinensis",0.998451823,"Diatoms"
"69b1c9ff7464ee886a54b89a2ae2b681","Eukaryota","Opisthokonta","Opisthokonta_X","Opisthokonta_XX","Opisthokonta_XXX","Opisthokonta_XXXX","Opisthokonta_XXXXX","Opisthokonta_XXXXXX_sp.",0.983359319,NA
"6a2058358b10ca12a06e6a8bb6c8d576","Eukaryota","Alveolata","Dinoflagellata","Syndiniales","Dino-Group-II","Dino-Group-II-Clade-5","Dino-Group-II-Clade-5_X","Dino-Group-II-Clade-5_X_sp.",0.991532197,"Dinoflagellates"
"6a6f07f6d24426bd807460e66e26a313","Eukaryota","Alveolata","Dinoflagellata","Syndiniales","Dino-Group-II","Dino-Group-II-Clade-13","Dino-Group-II-Clade-13_X","Dino-Group-II-Clade-13_X_sp.",0.999999924,"Dinoflagellates"
"6aa8826fdf42003549feb0aba20a5ab4","Eukaryota","Hacrobia","Haptophyta","Prymnesiophyceae","Phaeocystales","Phaeocystaceae","Phaeocystis","Phaeocystis_X_sp.",0.999999946,"Haptophytes"
"6aebd97b79a26cdb164fa4e3cd28eb7d","Eukaryota","Eukaryota_X","Eukaryota_XX","Eukaryota_XXX","Eukaryota_XXXX","Eukaryota_XXXXX","Eukaryota_XXXXXX","Eukaryota_XXXXXXX_sp.",0.999395234,NA
"6b6f5fbccded799be068fab74b1bb423","Eukaryota","Rhizaria","Radiolaria","RAD-B","RAD-B_X","RAD-B_X_Group-IV_X","RAD-B_X_Group-IV_XX","RAD-B_X_Group-IV_XX_sp.",0.987952398,NA
"6b7ef56312c8b941b296fc636304aad6","Eukaryota","Stramenopiles","Stramenopiles_X","Stramenopiles_XX","Stramenopiles_XXX","Stramenopiles_XXXX","Stramenopiles_XXXXX","Stramenopiles_XXXXXX_sp.",0.986966065,NA
"6bc0f59bdcb54cd38aed55e6d3e33f23","Eukaryota","Archaeplastida","Chlorophyta","Mamiellophyceae","Mamiellales","Bathycoccaceae","Bathycoccus","Bathycoccus_prasinos",0.999996719,"Greenalgae"
"6c48a6d89efb9fa258a5b62dbbf690ec","Eukaryota","Rhizaria","Cercozoa","Filosa-Thecofilosea","Ebriida","Ebriidae","Ebria","Ebria_tripartita",0.999754936,NA
"6d103ef92f01c6ee2479e1605b3a26fd","Eukaryota","Alveolata","Dinoflagellata","Syndiniales","Dino-Group-I","Dino-Group-I-Clade-1","Dino-Group-I-Clade-1_X","Dino-Group-I-Clade-1_X_sp.",0.999991281,"Dinoflagellates"
"6d1e49475f01c628f865642b47b0d577","Eukaryota","Opisthokonta","Metazoa","Cnidaria","Cnidaria_X","Hydrozoa","Hydrozoa_X","Hydrozoa_XX_sp.",0.999993096,NA
"6d3e3e083be3ce7db2165adb74360b69","Eukaryota","Stramenopiles","Ochrophyta","Bacillariophyta","Bacillariophyta_X","Raphid-pennate","Pseudo-nitzschia","Pseudo-nitzschia_australis",0.989397654,"Diatoms"
"6dd453c3f2ce3b5021f650f9e7410162","Eukaryota","Opisthokonta","Metazoa","Arthropoda","Crustacea","Ostracoda","Conchoecia","Conchoecia_sp.",0.999999593,NA
"6de9edf1e0d27aa6b0c750761c232a19","Eukaryota","Excavata","Discoba","Diplonemea","Diplonemida","Eupelagonemidae","Eupelagonemidae_X","Eupelagonemidae_X_sp.",1,NA
"6e5b3cd1cfd23b7cc56e12cf82f02ced","Eukaryota","Stramenopiles","Ochrophyta","Dictyochophyceae","Dictyochophyceae_X","Pedinellales","Pedinellales_X","Pedinellales_X_sp.",0.997805745,NA
"6fb55b3108f09f2b03e82e2392bb5093","Eukaryota","Eukaryota_X","Eukaryota_XX","Eukaryota_XXX","Eukaryota_XXXX","Eukaryota_XXXXX","Eukaryota_XXXXXX","Eukaryota_XXXXXXX_sp.",0.994300779,NA
"6fcece2f5162addefce5bf12046125ad","Eukaryota","Eukaryota_X","Eukaryota_XX","Eukaryota_XXX","Eukaryota_XXXX","Eukaryota_XXXXX","Eukaryota_XXXXXX","Eukaryota_XXXXXXX_sp.",1,NA
"701024f9111d6e436d60912d41743126","Eukaryota","Rhizaria","Cercozoa","Cercozoa_X","Cercozoa_XX","Cercozoa_XXX","Cercozoa_XXXX","Cercozoa_XXXX_sp.",0.999999206,NA
"705a302d0e48faef92eb69e179720ca5","Eukaryota","Opisthokonta","Metazoa","Chaetognatha","Aphragmophora","Aphragmophora_X","Eukrohnia","Eukrohnia_fowleri",0.987235214,NA
"708d250f2791f5189f5edd94dce8dd92","Eukaryota","Eukaryota_X","Eukaryota_XX","Eukaryota_XXX","Eukaryota_XXXX","Eukaryota_XXXXX","Eukaryota_XXXXXX","Eukaryota_XXXXXXX_sp.",0.998823392,NA
"7109092ac2c677dc311f1762fe49ef70","Eukaryota","Hacrobia","Telonemia","Telonemia_X","Telonemia_XX","Telonemia-Group-2","Telonema-Group-2","Telonema_antarcticum",0.999999071,NA
"714ecb6ae8091393cebaf264548c2052","Eukaryota","Rhizaria","Cercozoa","Filosa-Thecofilosea","Ventricleftida","CCW10-lineage","CCW10-lineage_X","CCW10-lineage_X_sp.",0.999999999,NA
"718bce57bbd2247883aa04d493fcad7a","Eukaryota","Rhizaria","Cercozoa","Filosa-Thecofilosea","Cryomonadida","Protaspa-lineage","Protaspa-lineage_X","Protaspa-lineage_X_sp.",0.999999279,NA
"71a76776ab28f76d8f931f221e39ccc9","Eukaryota","Opisthokonta","Metazoa","Arthropoda","Crustacea","Maxillopoda","Maxillopoda_X","Maxillopoda_XX_sp.",0.999990561,NA
"71c6e957202515507a7c3c8ec97a636b","Eukaryota","Stramenopiles","Sagenista","Labyrinthulomycetes","Oblongichytrida","Oblongichytridiaceae","Oblongichytrium","Oblongichytrium_sp.",0.992599372,NA
"721fc7bda2e1761bfe4615c4608a4c55","Eukaryota","Stramenopiles","Ochrophyta","Bolidophyceae","Parmales","Parmales_env_1","Parmales_env_1_X","Parmales_env_1_X_sp.",0.999982202,NA
"721fcf57e90c01b58e3d6b10c97928ca","Eukaryota","Eukaryota_X","Eukaryota_XX","Eukaryota_XXX","Eukaryota_XXXX","Eukaryota_XXXXX","Eukaryota_XXXXXX","Eukaryota_XXXXXXX_sp.",0.996958975,NA
"7220c82a118d913c4a1c6ce9fe822570","Eukaryota","Eukaryota_X","Eukaryota_XX","Eukaryota_XXX","Eukaryota_XXXX","Eukaryota_XXXXX","Eukaryota_XXXXXX","Eukaryota_XXXXXXX_sp.",0.999996257,NA
"72dd7acdcca9ad395ba058443051742a","Eukaryota","Stramenopiles","Ochrophyta","Bacillariophyta","Bacillariophyta_X","Raphid-pennate","Raphid-pennate_X","Raphid-pennate_XX_sp.",0.998667183,"Diatoms"
"73353879f6b5e6197c20bfc1c318db90","Eukaryota","Eukaryota_X","Eukaryota_XX","Eukaryota_XXX","Eukaryota_XXXX","Eukaryota_XXXXX","Eukaryota_XXXXXX","Eukaryota_XXXXXXX_sp.",0.999999948,NA
"73908539c2f23a6faa512898306a73fa","Eukaryota","Alveolata","Dinoflagellata","Syndiniales","Dino-Group-II","Dino-Group-II-Clade-13","Dino-Group-II-Clade-13_X","Dino-Group-II-Clade-13_X_sp.",0.999992011,"Dinoflagellates"
"73f216fe05a422964a848d37c6a0d7f9","Eukaryota","Opisthokonta","Metazoa","Arthropoda","Crustacea","Maxillopoda","Maxillopoda_X","Maxillopoda_XX_sp.",0.999995989,NA
"74775fa35fbb0209f444b38e263b60f8","Eukaryota","Opisthokonta","Metazoa","Nematoda","Chromadorea","Chromadorea_X","Chromadorea_XX","Chromadorea_XXX_sp.",0.999999937,NA
"749e156c96b763346e1f8e504cef9efb","Eukaryota","Rhizaria","Cercozoa","Filosa-Thecofilosea","Cryomonadida","Cryothecomonas-lineage","Cryothecomonas","Cryothecomonas_aestivalis",0.985916353,NA
"74cefc6ef372f77d2a14a80dfc9e8a94","Eukaryota","Stramenopiles","Ochrophyta","Bacillariophyta","Bacillariophyta_X","Bacillariophyta_XX","Bacillariophyta_XXX","Bacillariophyta_XXXX_sp.",0.990264395,"Diatoms"
"74f42c0ecc6c2e56be45feda40097823","Eukaryota","Rhizaria","Cercozoa","Filosa-Metromonadea","Metopiida","Metopiidae","Metopion","Metopion_fluens",0.999999192,NA
"751b2bd796481a90b0458e8cf0796490","Eukaryota","Alveolata","Dinoflagellata","Dinophyceae","Dinophyceae_X","Dinophyceae_XX","Dinophyceae_XXX","Dinophyceae_XXXX_sp.",0.9789005,"Dinoflagellates"
"75380b78d9f38ef8882e7d5e6d926604","Eukaryota","Alveolata","Dinoflagellata","Dinophyceae","Gymnodiniales","Gymnodiniaceae","Gymnodinium","Gymnodinium_sp.",0.991097919,"Dinoflagellates"
"75643badaaf5d3d829b8e1d60d5ef371","Eukaryota","Stramenopiles","Sagenista","Labyrinthulomycetes","Thraustochytrida","Thraustochytriaceae","Thraustochytriaceae_LAB17","Thraustochytriaceae_LAB17_sp.",0.978961331,NA
"75b4f583ed2861221a6b0503eeed48f2","Eukaryota","Stramenopiles","Ochrophyta","Bacillariophyta","Bacillariophyta_X","Radial-centric-basal-Coscinodiscophyceae","Paralia","Paralia_sol",0.999999995,"Diatoms"
"75b7ed484b70045596be0bd2471143d7","Eukaryota","Opisthokonta","Metazoa","Ctenophora","Ctenophora_X","Ctenophora_XX","CtenophoraX_XX","CtenophoraX_XXX_sp.",0.998192741,NA
"75fa9ef4f60ca98956a163108036d31d","Eukaryota","Amoebozoa","Lobosa","Discosea-Flabellinia","Dactylopodida","Paramoebidae","Neoparamoeba","Neoparamoeba_pemaquidensis",1,NA
"7647ba91cea71e65c42089ab50852197","Eukaryota","Stramenopiles","Ochrophyta","Pelagophyceae","Pelagomonadales","Pelagomonadaceae","Pelagomonas","Pelagomonas_calceolata",0.999998578,NA
"76b878539ccfde814c069baaa081680d","Eukaryota","Eukaryota_X","Eukaryota_XX","Eukaryota_XXX","Eukaryota_XXXX","Eukaryota_XXXXX","Eukaryota_XXXXXX","Eukaryota_XXXXXXX_sp.",0.999999999,NA
"76bb8f837ffe142174f7bd241c489234","Eukaryota","Eukaryota_X","Eukaryota_XX","Eukaryota_XXX","Eukaryota_XXXX","Eukaryota_XXXXX","Eukaryota_XXXXXX","Eukaryota_XXXXXXX_sp.",0.994446068,NA
"7883b21de39137829646b145983d974d","Eukaryota","Opisthokonta","Metazoa","Annelida","Annelida_X","Annelida_XX","AnnelidaX_XX","AnnelidaX_XXX_sp.",0.999982998,NA
"788b8b65ab291a704027d1e48c124a71","Eukaryota","Eukaryota_X","Eukaryota_XX","Eukaryota_XXX","Eukaryota_XXXX","Eukaryota_XXXXX","Eukaryota_XXXXXX","Eukaryota_XXXXXXX_sp.",0.999998208,NA
"79112017b590d5071279a345f04428d8","Eukaryota","Opisthokonta","Metazoa","Arthropoda","Crustacea","Maxillopoda","Maxillopoda_X","Maxillopoda_X_sp.",0.9943271,NA
"791d75e29af034e9029c25b76132c54c","Eukaryota","Stramenopiles","Ochrophyta","Bacillariophyta","Bacillariophyta_X","Raphid-pennate","Pleurosigma","Pleurosigma_intermedium",0.991808788,"Diatoms"
"7943feec4fe0d5776b7a60424201d42f","Eukaryota","Alveolata","Dinoflagellata","Syndiniales","Dino-Group-II","Dino-Group-II-Clade-39","Dino-Group-II-Clade-39_X","Dino-Group-II-Clade-39_X_sp.",0.999999677,"Dinoflagellates"
"7991d4c54768b3aee035cd344282ceaf","Eukaryota","Rhizaria","Cercozoa","Filosa-Imbricatea","Euglyphida","Paulinellidae","Paulinella","Paulinella_chromatophora",0.999187235,NA
"7b24ddc46b2676b05f853378c9525633","Eukaryota","Stramenopiles","Ochrophyta","Bacillariophyta","Bacillariophyta_X","Raphid-pennate","Raphid-pennate_X","Raphid-pennate_XX_sp.",0.9784012,"Diatoms"
"7c23e7c91c8e13c654c7c4cb28e975e8","Eukaryota","Stramenopiles","Ochrophyta","Bacillariophyta","Bacillariophyta_X","Polar-centric-Mediophyceae","Porosira","Porosira_X_sp.",0.999999994,"Diatoms"
"7c5745a8626f4e5df231cd232814fa97","Eukaryota","Stramenopiles","Ochrophyta","Bacillariophyta","Bacillariophyta_X","Bacillariophyta_XX","Bacillariophyta_XXX","Bacillariophyta_XXXX_sp.",0.999986108,"Diatoms"
"7cd48983133b4365a79001224e5875bc","Eukaryota","Eukaryota_X","Eukaryota_XX","Eukaryota_XXX","Eukaryota_XXXX","Eukaryota_XXXXX","Eukaryota_XXXXXX","Eukaryota_XXXXXXX_sp.",0.999981795,NA
"7d8df4668d332b5f6171f6e494f963a0","Eukaryota","Eukaryota_X","Eukaryota_XX","Eukaryota_XXX","Eukaryota_XXXX","Eukaryota_XXXXX","Eukaryota_XXXXXX","Eukaryota_XXXXXXX_sp.",0.994705752,NA
"7db970c8eef5bc2b16d8c9585976f6c4","Eukaryota","Archaeplastida","Chlorophyta","Pyramimonadophyceae","Pyramimonadales","Pyramimonadaceae","Pyramimonas","Pyramimonas_gelidicola",0.995037348,"Greenalgae"
"7e33d434c4df3c47f5dd49925f6a77d3","Eukaryota","Opisthokonta","Metazoa","Arthropoda","Crustacea","Malacostraca","Malacostraca_X","Malacostraca_XX_sp.",0.99999999,NA
"7e3fbdcb6438d18ec345c475f25f0747","Eukaryota","Alveolata","Dinoflagellata","Dinophyceae","Gymnodiniales","Gymnodiniaceae","Gyrodinium","Gyrodinium_rubrum",0.995587559,"Dinoflagellates"
"7e5e35b60394bf5ff4d8e84e977e6ba8","Eukaryota","Alveolata","Dinoflagellata","Dinophyceae","Gymnodiniales","Gymnodiniaceae","Gymnodiniaceae_X","Gymnodiniaceae_XX_sp.",0.981444833,"Dinoflagellates"
"7eabb42c84fb6ae77b31c9fc81a8fc2f","Eukaryota","Alveolata","Dinoflagellata","Dinophyceae","Dinophyceae_X","Dinophyceae_XX","Dinophyceae_XXX","Dinophyceae_XXXX_sp.",0.993738246,"Dinoflagellates"
"7f129bf4401fccda1a9bd34e3c03fde1","Eukaryota","Alveolata","Apicomplexa","Gregarinomorphea","Gregarinomorphea_X_GRE6","Gregarinomorphea_X_GRE6_X","Gregarinomorphea_X_GRE6_XX","Gregarinomorphea_X_GRE6_XX_sp.",0.999999992,NA
"7f3c57a1b6f9740fd97af101a18ae023","Eukaryota","Eukaryota_X","Eukaryota_XX","Eukaryota_XXX","Eukaryota_XXXX","Eukaryota_XXXXX","Eukaryota_XXXXXX","Eukaryota_XXXXXXX_sp.",0.990750902,NA
"7f4640a6d704515dc15ac0e4ccd19118","Eukaryota","Opisthokonta","Metazoa","Metazoa_X","Metazoa_XX","Metazoa_XXX","Metazoa_XXXX","Metazoa_XXXXX_sp.",0.989573567,NA
"7fb26728bffcae3ded072d5ba2d89a5a","Eukaryota","Opisthokonta","Metazoa","Arthropoda","Crustacea","Malacostraca","Thysanoessa","Thysanoessa_X_sp.",0.990629694,NA
"80a1db444f2cc7251cfadce13c39eb5d","Eukaryota","Stramenopiles","Ochrophyta","Bacillariophyta","Bacillariophyta_X","Bacillariophyta_XX","Bacillariophyta_XXX","Bacillariophyta_XXXX_sp.",0.999831887,"Diatoms"
"8199342517c0f4a7a5081d4b9f152f62","Eukaryota","Opisthokonta","Opisthokonta_X","Opisthokonta_XX","Opisthokonta_XXX","Opisthokonta_XXXX","Opisthokonta_XXXXX","Opisthokonta_XXXXXX_sp.",0.995323178,NA
"81c2a5691c407e48751002386d48b42f","Eukaryota","Stramenopiles","Stramenopiles_X","Stramenopiles_XX","Stramenopiles_XXX","Stramenopiles_XXXX","Stramenopiles_XXXXX","Stramenopiles_XXXXXX_sp.",0.996131445,NA
"81e2dd8d810ad9868a28c4e11d3b63d8","Eukaryota","Rhizaria","Cercozoa","Filosa-Imbricatea","Thaumatomonadida","Thaumatomonadida_X","Thaumatomonadida_XX","Thaumatomonadida_XX_sp.",0.989725973,NA
"82110e602c18bd2799e0ba4e31ea6653","Eukaryota","Rhizaria","Cercozoa","Filosa-Imbricatea","Thaumatomonadida","Thaumatomonadida_X","Thaumatomonadida_XX","Thaumatomonadida_XX_sp.",0.988482827,NA
"8219105207a8b230285c3043d6cf2bff","Eukaryota","Rhizaria","Radiolaria","Polycystinea","Nassellaria","Nassellaria_X","Nassellaria_XX","Nassellaria_XXX_sp.",0.99999893,NA
"825f9610c16c5a433184419440374a85","Eukaryota","Alveolata","Dinoflagellata","Syndiniales","Dino-Group-I","Dino-Group-I-Clade-1","Dino-Group-I-Clade-1_X","Dino-Group-I-Clade-1_X_sp.",0.999992824,"Dinoflagellates"
"82b8378343e0b29d3585ae5edc79634b","Eukaryota","Hacrobia","Picozoa","Picozoa_X","Picozoa_XX","Picozoa_XXX","Picozoa_XXXX","Picozoa_XXXX_sp.",0.972953024,NA
"82e4b9b04a7691320dd29f124b98d68e","Eukaryota","Opisthokonta","Metazoa","Arthropoda","Crustacea","Maxillopoda","Archinotodelphys","Archinotodelphys_sp.",0.980013823,NA
"83866f324e2d4a759347ff72721f3af3","Eukaryota","Stramenopiles","Ochrophyta","Bacillariophyta","Bacillariophyta_X","Polar-centric-Mediophyceae","Chaetoceros","Chaetoceros_socialis",0.999990983,"Diatoms"
"8397971914d01496c9fe55fee3190eb6","Eukaryota","Excavata","Discoba","Heterolobosea","Heterolobosea_X","Heterolobosea_XX","Heterolobosea_XXX","Heterolobosea_XXXX_sp.",0.979866827,NA
"83a03923c3309c3812ea75f66dfc8e86","Eukaryota","Stramenopiles","Ochrophyta","Bacillariophyta","Bacillariophyta_X","Polar-centric-Mediophyceae","Chaetoceros","Chaetoceros_X_sp.",0.999999825,"Diatoms"
"83b6733cab2cff55923a3210301e900d","Eukaryota","Alveolata","Alveolata_X","Alveolata_XX","Alveolata_XXX","Alveolata_XXXX","Alveolata_XXXXX","Alveolata_XXXXXX_sp.",0.992853934,NA
"83b915f227ec6963378f31a55c2dfd07","Eukaryota","Eukaryota_X","Eukaryota_XX","Eukaryota_XXX","Eukaryota_XXXX","Eukaryota_XXXXX","Eukaryota_XXXXXX","Eukaryota_XXXXXXX_sp.",0.99977396,NA
"83c62cb9fb0af0914a50850e829b859c","Eukaryota","Alveolata","Ciliophora","Spirotrichea","Tintinnida","Ptychocylididae","Cymatocylis","Cymatocylis_X_sp.",0.987312562,NA
"845774905a290d64889538f6c9b6807c","Eukaryota","Stramenopiles","Sagenista","MAST-7","MAST-7A","MAST-7A_X","MAST-7A_XX","MAST-7A_XX_sp.",0.999995835,"MAST"
"8496b75e9a97038a822a37f97ae6804b","Eukaryota","Eukaryota_X","Eukaryota_XX","Eukaryota_XXX","Eukaryota_XXXX","Eukaryota_XXXXX","Eukaryota_XXXXXX","Eukaryota_XXXXXXX_sp.",0.999999998,NA
"85035fe9538652f6871a9a61e97d5897","Eukaryota","Opisthokonta","Metazoa","Metazoa_X","Metazoa_XX","Metazoa_XXX","Metazoa_XXXX","Metazoa_XXXXX_sp.",0.999999998,NA
"8546b3d6e58e7560a56dea6c16bda845","Unassigned","Unassigned_X","Unassigned_XX","Unassigned_XXX","Unassigned_XXXX","Unassigned_XXXXX","Unassigned_XXXXXX","Unassigned_XXXXXXX_sp.",0.994258757,NA
"85d6453b1b9c25d157de09b7d5f45d09","Eukaryota","Opisthokonta","Metazoa","Arthropoda","Crustacea","Maxillopoda","Maxillopoda_X","Maxillopoda_X_sp.",0.981431522,NA
"85f5f3a9f08de204021f479f6415916a","Eukaryota","Alveolata","Dinoflagellata","Dinophyceae","Gymnodiniales","Chytriodiniaceae","Chytriodinium","Chytriodinium_sp.",0.991127987,"Dinoflagellates"
"861bbc10693dc3ab0ba8c6e4a0a85d6d","Eukaryota","Stramenopiles","Ochrophyta","Bacillariophyta","Bacillariophyta_X","Raphid-pennate","Pseudogomphonema","Pseudogomphonema_sp.",0.989739704,"Diatoms"
"865f9650dc99b87c2384f229cc641d1a","Eukaryota","Rhizaria","Cercozoa","Filosa-Imbricatea","Euglyphida","Euglyphida_X","Euglyphida_XX","Euglyphida_XXX_sp.",0.998691228,NA
"86d7ddc5108c25a1adaadde43f27ee14","Eukaryota","Alveolata","Dinoflagellata","Syndiniales","Dino-Group-II","Dino-Group-II-Clade-1","Dino-Group-II-Clade-1_X","Dino-Group-II-Clade-1_X_sp.",0.998480322,"Dinoflagellates"
"86e7969371848098de73e22916a9a144","Eukaryota","Stramenopiles","Ochrophyta","Bacillariophyta","Bacillariophyta_X","Polar-centric-Mediophyceae","Thalassiosira","Thalassiosira_curviseriata",0.992316149,"Diatoms"
"8701ea2a3fa0caca10dd230473202baf","Eukaryota","Rhizaria","Cercozoa","Filosa-Imbricatea","Thaumatomonadida","Thaumatomonadida_X","Thaumatomonadida_XX","Thaumatomonadida_XX_sp.",0.998614658,NA
"8728b0482472701f2d175080ce737745","Eukaryota","Stramenopiles","Opalozoa","MAST-3","MAST-3E","MAST-3E_X","MAST-3E_XX","MAST-3E_XX_sp.",0.999994379,"MAST"
"87501fb14a5f47039c3e9f568339300c","Eukaryota","Archaeplastida","Chlorophyta","Ulvophyceae","Ulotrichales","Ulotrichales_X","Ulotrichales_XX","Ulotrichales_XXX_sp.",0.999999679,"Greenalgae"
"875c5d64a3087ce5af37c7415e127154","Eukaryota","Alveolata","Dinoflagellata","Syndiniales","Dino-Group-I","Dino-Group-I-Clade-4","Dino-Group-I-Clade-4_X","Dino-Group-I-Clade-4_X_sp.",0.999995663,"Dinoflagellates"
"877aa16f46b3970a889babc75285e83b","Eukaryota","Alveolata","Dinoflagellata","Syndiniales","Dino-Group-II","Dino-Group-II-Clade-14","Dino-Group-II-Clade-14_X","Dino-Group-II-Clade-14_X_sp.",0.999681851,"Dinoflagellates"
"87a1d80e28411da09b4a4dfabae4efef","Eukaryota","Alveolata","Dinoflagellata","Dinophyceae","Dinophyceae_X","Dinophyceae_XX","Dinophyceae_XXX","Dinophyceae_XXXX_sp.",0.999672682,"Dinoflagellates"
"87e5b54bef7e6e69e50c857dae96dacf","Eukaryota","Opisthokonta","Metazoa","Echinodermata","Echinodermata_X","Echinodermata_XX","EchinodermataX_XX","EchinodermataX_XXX_sp.",0.999989979,NA
"8841661dd004adc5aeed7583454bf393","Eukaryota","Archaeplastida","Archaeplastida_X","Archaeplastida_XX","Archaeplastida_XXX","Archaeplastida_XXXX","Archaeplastida_XXXXX","Archaeplastida_XXXXXX_sp.",0.991358229,NA
"8889aa150e4474016dd5443a69cd5e0b","Eukaryota","Hacrobia","Telonemia","Telonemia_X","Telonemia_XX","Telonemia-Group-1","Telonemia-Group-1_X","Telonemia-Group-1_X_sp.",0.999999913,NA
"88eb311d1ca8c4f6b257953ee82756f4","Eukaryota","Excavata","Discoba","Diplonemea","Diplonemida","Hemistasiidae","Hemistasia","Hemistasia_sp.",0.999997338,NA
"88fbc646d00a4696b933268fd11593d8","Eukaryota","Alveolata","Dinoflagellata","Syndiniales","Dino-Group-IV","Dino-Group-IV-Syndinium-Group","Syndinium","Syndinium_X_sp.",0.988801789,"Dinoflagellates"
"89536ef77ef6d0b7448ff6971123462f","Eukaryota","Opisthokonta","Metazoa","Arthropoda","Crustacea","Maxillopoda","Maxillopoda_X","Maxillopoda_XX_sp.",0.999916021,NA
"8959a20f4d10f3a394d7b75126ace03a","Eukaryota","Archaeplastida","Streptophyta","Embryophyceae","Embryophyceae_X","Embryophyceae_XX","Brassica","Brassica_rapa",0.977513294,NA
"89e10e739a7a63bced4dacab767e219a","Eukaryota","Opisthokonta","Metazoa","Annelida","Annelida_X","Annelida_XX","Kefersteinia","Kefersteinia_cirrata",0.990829784,NA
"8a137f809fb137e834e8205675f1766e","Eukaryota","Stramenopiles","Ochrophyta","Bacillariophyta","Bacillariophyta_X","Bacillariophyta_XX","Bacillariophyta_XXX","Bacillariophyta_XXXX_sp.",0.992047533,"Diatoms"
"8a5f11d3e2f857eb513d7d865c12bda7","Eukaryota","Stramenopiles","Stramenopiles_X","Stramenopiles_XX","Stramenopiles_XXX","Stramenopiles_XXXX","Stramenopiles_XXXXX","Stramenopiles_XXXXXX_sp.",0.996722162,NA
"8a7f56f8e7b28b2f04843d4488d2c60e","Eukaryota","Hacrobia","Haptophyta","Prymnesiophyceae","Prymnesiales","Prymnesiophyceae_Clade_B3","Prymnesiophyceae_Clade_B3_X","Prymnesiophyceae_Clade_B3_X_sp.",0.999954875,"Haptophytes"
"8a9cd06dbafb78ff1928a3f20142ed74","Eukaryota","Opisthokonta","Metazoa","Arthropoda","Crustacea","Maxillopoda","Maxillopoda_X","Maxillopoda_XX_sp.",0.999994583,NA
"8ac2e5567450ea00c489739eb06a73ef","Eukaryota","Archaeplastida","Chlorophyta","Ulvophyceae","Ulotrichales","Ulotrichales_X","Protomonostroma","Protomonostroma_undulatum",0.997269558,"Greenalgae"
"8ae0dbcc1efef581afde6a4b0890d6fa","Eukaryota","Eukaryota_X","Eukaryota_XX","Eukaryota_XXX","Eukaryota_XXXX","Eukaryota_XXXXX","Eukaryota_XXXXXX","Eukaryota_XXXXXXX_sp.",0.999993485,NA
"8af42cc92293c93d184ec2a65f1a1a66","Eukaryota","Opisthokonta","Metazoa","Arthropoda","Crustacea","Maxillopoda","Maxillopoda_X","Maxillopoda_XX_sp.",0.999969937,NA
"8b1b5eed5741fe4c597792ae29f331b4","Eukaryota","Stramenopiles","Pseudofungi","MAST-1","MAST-1C","MAST-1C_X","MAST-1C_XX","MAST-1C_XX_sp.",0.999999499,"MAST"
"8b6bde361af2bdb55edd9f3b497796ac","Eukaryota","Alveolata","Dinoflagellata","Dinophyceae","Dinophyceae_X","Dinophyceae_XX","Dinophyceae_XXX","Dinophyceae_XXXX_sp.",0.985660551,"Dinoflagellates"
"8bcbcc3bdf7fd634988069b4d9e375b8","Eukaryota","Stramenopiles","Opalozoa","MAST-12","MAST-12A","MAST-12A_X","MAST-12A_XX","MAST-12A_XX_sp.",0.999999998,"MAST"
"8bd5829358e49821b33c87b82286f419","Unassigned","Unassigned_X","Unassigned_XX","Unassigned_XXX","Unassigned_XXXX","Unassigned_XXXXX","Unassigned_XXXXXX","Unassigned_XXXXXXX_sp.",0.977050542,NA
"8c72feb4dc81dba3cf3c0e7894bbab24","Eukaryota","Opisthokonta","Metazoa","Annelida","Annelida_X","Annelida_XX","AnnelidaX_XX","AnnelidaX_XXX_sp.",0.999999225,NA
"8c7994f7e88eebd3be0077a4d3911d27","Eukaryota","Hacrobia","Haptophyta","Prymnesiophyceae","Phaeocystales","Phaeocystaceae","Phaeocystis","Phaeocystis_sp.",0.981209599,"Haptophytes"
"8d468f87ec54fc515061d1b6d7071af1","Eukaryota","Eukaryota_X","Eukaryota_XX","Eukaryota_XXX","Eukaryota_XXXX","Eukaryota_XXXXX","Eukaryota_XXXXXX","Eukaryota_XXXXXXX_sp.",0.999524128,NA
"8d5554a47ad5e8b778fefd3cfb07cc4c","Eukaryota","Stramenopiles","Pseudofungi","MAST-2","MAST-2_X","MAST-2_XX","MAST-2_XXX","MAST-2_XXXX_sp.",0.999981029,"MAST"
"8d686e67d7c586e29ca13e8de46d034e","Eukaryota","Opisthokonta","Metazoa","Cnidaria","Cnidaria_X","Hydrozoa","Aegina","Aegina_citrea",0.99999996,NA
"8e14a4ff33bb346bbc2272549fd39f2e","Eukaryota","Alveolata","Ciliophora","Ciliophora_X","Ciliophora_XX","Ciliophora_XXX","Ciliophora_XXXX","Ciliophora_XXXXX_sp.",0.992662215,NA
"8eae1fe95667fc758274c65c9a2890ae","Eukaryota","Excavata","Discoba","Diplonemea","Diplonemida","Eupelagonemidae","Eupelagonemidae_X","Eupelagonemidae_X_sp.",1,NA
"8eccd9d7930d019705dba4a1974775e0","Eukaryota","Stramenopiles","Ochrophyta","Bacillariophyta","Bacillariophyta_X","Bacillariophyta_XX","Bacillariophyta_XXX","Bacillariophyta_XXXX_sp.",0.989070104,"Diatoms"
"8ee5abea2df39e00598babff596dae9d","Eukaryota","Stramenopiles","Ochrophyta","Dictyochophyceae","Dictyochophyceae_X","Pedinellales","Pedinellales_X","Pedinellales_XX_sp.",0.999475961,NA
"8fd6d889852840ef8c8863cebdc14d10","Eukaryota","Stramenopiles","Ochrophyta","Bacillariophyta","Bacillariophyta_X","Polar-centric-Mediophyceae","Chaetoceros","Chaetoceros_debilis_2",1,"Diatoms"
"902d9bc7e6b761397a45b0cdaadbc4cd","Eukaryota","Rhizaria","Cercozoa","Chlorarachniophyceae","Chlorarachnida","Minorisa-lineage","Minorisa","Minorisa_minuta",0.999587681,NA
"90b808e424f58c74ef219fb49e598d53","Eukaryota","Opisthokonta","Metazoa","Arthropoda","Crustacea","Maxillopoda","Maxillopoda_X","Maxillopoda_XX_sp.",0.999994642,NA
"915f3d7fa6b6ad0b15542a7987fa95c3","Eukaryota","Alveolata","Dinoflagellata","Dinophyceae","Dinophyceae_X","Dinophyceae_XX","Dinophyceae_XXX","Dinophyceae_XXXX_sp.",0.999843262,"Dinoflagellates"
"9161b40db023df1de6cbe8261ec198bb","Eukaryota","Opisthokonta","Metazoa","Arthropoda","Crustacea","Maxillopoda","Maxillopoda_X","Maxillopoda_XX_sp.",0.999969426,NA
"92385da694a1ad25776b3fe513cd9662","Eukaryota","Hacrobia","Picozoa","Picozoa_X","Picozoa_XX","Picozoa_XXX","Picozoa_XXXX","Picozoa_XXXX_sp.",0.998170906,NA
"928371a2f97bb272473c6fd6d0af2b12","Eukaryota","Stramenopiles","Ochrophyta","Bacillariophyta","Bacillariophyta_X","Polar-centric-Mediophyceae","Chaetoceros","Chaetoceros_rostratus",0.999346437,"Diatoms"
"92af7c8a1661088c2f01fbddb3f849ee","Eukaryota","Opisthokonta","Metazoa","Arthropoda","Crustacea","Maxillopoda","Maxillopoda_X","Maxillopoda_XX_sp.",0.996249733,NA
"92be2d2c1dbee14a5c011f53fb613fab","Eukaryota","Opisthokonta","Metazoa","Nemertea","Nemertea_X","Nemertea_XX","Lineus","Lineus_sp.",0.988708052,NA
"932a516f98354d018cfd0b5f53626e33","Eukaryota","Stramenopiles","Ochrophyta","Bacillariophyta","Bacillariophyta_X","Bacillariophyta_XX","Bacillariophyta_XXX","Bacillariophyta_XXXX_sp.",0.999899046,"Diatoms"
"933ea7ab0accdbce1a725b2ef556a490","Eukaryota","Rhizaria","Cercozoa","Phaeodarea","Phaeogromida","Challengeriidae","Challengeron","Challengeron_diodon",0.999981704,NA
"9427b0e4b6dd69f8191df0a1b34e57dd","Eukaryota","Alveolata","Ciliophora","Ciliophora_X","Ciliophora_XX","Ciliophora_XXX","Ciliophora_XXXX","Ciliophora_XXXXX_sp.",0.999058653,NA
"9496a8f7aa097940b5beb3cf64099840","Eukaryota","Eukaryota_X","Eukaryota_XX","Eukaryota_XXX","Eukaryota_XXXX","Eukaryota_XXXXX","Eukaryota_XXXXXX","Eukaryota_XXXXXXX_sp.",0.999439719,NA
"951db32d13dd7157296cc1448d3ced70","Eukaryota","Alveolata","Dinoflagellata","Dinophyceae","Dinophyceae_X","Dinophyceae_XX","Dinophyceae_XXX","Dinophyceae_XXXX_sp.",0.989886662,"Dinoflagellates"
"9589a284d944544642a4e762837c8cc2","Eukaryota","Hacrobia","Picozoa","Picozoa_X","Picozoa_XX","Picozoa_XXX","Picozoa_XXXX","Picozoa_XXXX_sp.",0.999967891,NA
"95acc0d0ba7cc73f55b3ded2af700d9b","Eukaryota","Stramenopiles","Ochrophyta","Bacillariophyta","Bacillariophyta_X","Bacillariophyta_XX","Bacillariophyta_XXX","Bacillariophyta_XXXX_sp.",0.999996312,"Diatoms"
"9650282a00ca1f8f2192229489f445ea","Eukaryota","Stramenopiles","Ochrophyta","Bacillariophyta","Bacillariophyta_X","Polar-centric-Mediophyceae","Arcocellulus","Arcocellulus_cornucervis",0.986755597,"Diatoms"
"96964da71c3ac3c94e41c3486681cc2f","Eukaryota","Opisthokonta","Metazoa","Arthropoda","Crustacea","Ostracoda","Howeina","Howeina_sp.",0.996977152,NA
"96a2bd7f8ed8a07838609e6da51dc319","Eukaryota","Eukaryota_X","Eukaryota_XX","Eukaryota_XXX","Eukaryota_XXXX","Eukaryota_XXXXX","Eukaryota_XXXXXX","Eukaryota_XXXXXXX_sp.",1,NA
"9721f5525ff55f5f8089b64d7cf06090","Eukaryota","Opisthokonta","Opisthokonta_X","Opisthokonta_XX","Opisthokonta_XXX","Opisthokonta_XXXX","Opisthokonta_XXXXX","Opisthokonta_XXXXXX_sp.",0.971521997,NA
"97f1ed2b3150b77587e1ceaa247c66ef","Eukaryota","Opisthokonta","Opisthokonta_X","Opisthokonta_XX","Opisthokonta_XXX","Opisthokonta_XXXX","Opisthokonta_XXXXX","Opisthokonta_XXXXXX_sp.",0.980347752,NA
"97fcd1a8497b22b9b84476c6d9f09696","Eukaryota","Amoebozoa","Lobosa","Lobosa_X","Stygamoebida","Vermistella-lineage","Vermistella","Vermistella_antarctica",0.999759338,NA
"9808e2db68cd140fe3fc841da7d65764","Eukaryota","Archaeplastida","Rhodophyta","Florideophyceae","Florideophyceae_X","Florideophyceae_XX","Florideophyceae_XXX","Florideophyceae_XXXX_sp.",0.99999987,"Rhodophytes"
"9811c88cc4ee5a1805e950c452fd2753","Eukaryota","Opisthokonta","Metazoa","Nematoda","Enoplea","Enoplea_X","Bathylaimus","Bathylaimus_assimilis",0.999999999,NA
"987751b6b16e94e9ce7cca91a5fd55bf","Eukaryota","Opisthokonta","Metazoa","Arthropoda","Crustacea","Maxillopoda","Paracalanus","Paracalanus_parvus",0.998300941,NA
"98937ce7c71b3541b6e812829c3c3d40","Eukaryota","Stramenopiles","Stramenopiles_X","Stramenopiles_XX","Stramenopiles_XXX","Stramenopiles_XXXX","Stramenopiles_XXXXX","Stramenopiles_XXXXXX_sp.",0.986456523,NA
"98c2dd2065ad8d74c00df80aed90970c","Eukaryota","Stramenopiles","Ochrophyta","Bacillariophyta","Bacillariophyta_X","Polar-centric-Mediophyceae","Porosira","Porosira_X_sp.",1,"Diatoms"
"98da33b5170242d1988be34915a7b033","Eukaryota","Excavata","Discoba","Diplonemea","Diplonemida","Hemistasiidae","Hemistasia","Hemistasia_sp.",0.999997847,NA
"9907ee97f1a0b065afe9fd33f016f759","Eukaryota","Eukaryota_X","Eukaryota_XX","Eukaryota_XXX","Eukaryota_XXXX","Eukaryota_XXXXX","Eukaryota_XXXXXX","Eukaryota_XXXXXXX_sp.",0.999965733,NA
"99fb09edd2ace6e3f07803d8b195e42c","Eukaryota","Stramenopiles","Ochrophyta","Bacillariophyta","Bacillariophyta_X","Bacillariophyta_XX","Bacillariophyta_XXX","Bacillariophyta_XXXX_sp.",0.99896026,"Diatoms"
"9a36b3b6ffa92ad8b1bfde9198ca8092","Eukaryota","Alveolata","Dinoflagellata","Syndiniales","Dino-Group-I","Dino-Group-I-Clade-1","Dino-Group-I-Clade-1_X","Dino-Group-I-Clade-1_X_sp.",0.977515797,"Dinoflagellates"
"9aa50a91a5c55116ab33222267f34345","Eukaryota","Stramenopiles","Ochrophyta","Phaeophyceae","Phaeophyceae_X","Phaeophyceae_XX","Halothrix","Halothrix_ambigua",0.998436987,NA
"9ae562bbb5258981c6ce5a1f6e6ca7fc","Eukaryota","Eukaryota_X","Eukaryota_XX","Eukaryota_XXX","Eukaryota_XXXX","Eukaryota_XXXXX","Eukaryota_XXXXXX","Eukaryota_XXXXXXX_sp.",0.998818075,NA
"9b4e355048717078f56892f1eede4d69","Eukaryota","Stramenopiles","Opalozoa","MAST-3","MAST-3J","MAST-3J_X","MAST-3J_XX","MAST-3J_XX_sp.",0.999997931,"MAST"
"9bb3b6752251e63a9baf11c7156408a0","Eukaryota","Opisthokonta","Metazoa","Arthropoda","Crustacea","Maxillopoda","Maxillopoda_X","Maxillopoda_XX_sp.",0.999968998,NA
"9c745abb61c01676fc8bc4d8dd5bf060","Eukaryota","Archaeplastida","Chlorophyta","Mamiellophyceae","Mamiellales","Bathycoccaceae","Bathycoccus","Bathycoccus_prasinos",0.999999987,"Greenalgae"
"9c958ff14d5becbff474b46e252d6733","Eukaryota","Opisthokonta","Metazoa","Craniata","Craniata_X","Teleostei","Salmo","Salmo_salar",0.973955763,NA
"9cb538f38c5b788fbabe255fa7f0da59","Eukaryota","Alveolata","Dinoflagellata","Dinophyceae","Dinophyceae_X","Dinophyceae_XX","Dinophyceae_XXX","Dinophyceae_XXXX_sp.",0.999078621,"Dinoflagellates"
"9cc0b91c13e3cfc79d9295d89413a3af","Eukaryota","Stramenopiles","Ochrophyta","Bacillariophyta","Bacillariophyta_X","Raphid-pennate","Raphid-pennate_X","Raphid-pennate_XX_sp.",0.978817737,"Diatoms"
"9cd1ed4e4f2846372ed95aed1a74dc24","Eukaryota","Opisthokonta","Opisthokonta_X","Opisthokonta_XX","Opisthokonta_XXX","Opisthokonta_XXXX","Opisthokonta_XXXXX","Opisthokonta_XXXXXX_sp.",0.984226834,NA
"9cf01b3bfeed0fe4101d1dbcde6a0f0d","Eukaryota","Stramenopiles","Stramenopiles_X","Stramenopiles_XX","Stramenopiles_XXX","Stramenopiles_XXXX","Stramenopiles_XXXXX","Stramenopiles_XXXXXX_sp.",0.976473916,NA
"9cf4408b3abe98bb4a832e25fc60361b","Eukaryota","Excavata","Discoba","Diplonemea","Diplonemida","Eupelagonemidae","Eupelagonemidae_X","Eupelagonemidae_X_sp.",1,NA
"9d0041ff6302d2ce6743c7024921f227","Eukaryota","Eukaryota_X","Eukaryota_XX","Eukaryota_XXX","Eukaryota_XXXX","Eukaryota_XXXXX","Eukaryota_XXXXXX","Eukaryota_XXXXXXX_sp.",0.997788354,NA
"9d46bd4cef1cca536b533819313530e3","Eukaryota","Opisthokonta","Metazoa","Arthropoda","Crustacea","Malacostraca","Malacostraca_X","Malacostraca_XX_sp.",0.991890196,NA
"9d48b0f5905e170e91ca935f36f3205c","Eukaryota","Archaeplastida","Rhodophyta","Florideophyceae","Colaconematales","Colaconematales_X","Colaconematales_XX","Colaconematales_XXX_sp.",0.999997165,"Rhodophytes"
"9d4fb1316900ec8b8c6504f8e1e9a3a9","Eukaryota","Stramenopiles","Ochrophyta","Dictyochophyceae","Dictyochophyceae_X","Pedinellales","Pteridomonas","Pteridomonas_danica",0.999726945,NA
"9db129f6741ca77f9b50f32e1623df03","Eukaryota","Stramenopiles","Ochrophyta","Bacillariophyta","Bacillariophyta_X","Polar-centric-Mediophyceae","Porosira","Porosira_X_sp.",0.972300368,"Diatoms"
"9e2bcc7b3f158d6280c379c857d6d80d","Eukaryota","Stramenopiles","Ochrophyta","Bacillariophyta","Bacillariophyta_X","Polar-centric-Mediophyceae","Chaetoceros","Chaetoceros_socialis",0.999434947,"Diatoms"
"9e30b656d1fab3e8be86fcb4c3b7390d","Eukaryota","Rhizaria","Radiolaria","RAD-B","RAD-B_X","RAD-B_X_Group-III","RAD-B_X_Group-III_X","RAD-B_X_Group-III_X_sp.",0.999992581,NA
"9e5ad88d44050fd991f8a1c2d866ff97","Eukaryota","Stramenopiles","Ochrophyta","Bacillariophyta","Bacillariophyta_X","Bacillariophyta_XX","Bacillariophyta_XXX","Bacillariophyta_XXXX_sp.",0.999999867,"Diatoms"
"9e7b337d841379a16d4a6bedd0c50503","Eukaryota","Rhizaria","Cercozoa","Filosa-Imbricatea","Marimonadida","Marimonadida_X","Pseudopirsonia","Pseudopirsonia_mucosa",0.991122946,NA
"9e8ba11a273ff67d8c7e183f29d7d79b","Eukaryota","Rhizaria","Cercozoa","Filosa-Imbricatea","Thaumatomonadida","Thaumatomonadida_X","Thaumatomonadida_XX","Thaumatomonadida_XX_sp.",0.999841651,NA
"9eda5dba1390e1e2fb73faf536ae4b62","Eukaryota","Opisthokonta","Metazoa","Porifera","Porifera_X","Calcarea","Calcarea_X","Calcarea_XX_sp.",0.999479423,NA
"9f842872a1a4395837d23de56581fb2c","Eukaryota","Stramenopiles","Stramenopiles_X","Stramenopiles_XX","Stramenopiles_XXX","Stramenopiles_XXXX","Stramenopiles_XXXXX","Stramenopiles_XXXXXX_sp.",0.98848801,NA
"9fa538ba44e6778f86abdb4f05fc1bef","Eukaryota","Rhizaria","Cercozoa","Filosa-Thecofilosea","Filosa-Thecofilosea_X","Mataza-lineage","Mataza-lineage_X","Mataza-lineage_X_sp.",0.999566874,NA
"a03bccb455bd6e8645e842183dd74ae9","Eukaryota","Rhizaria","Cercozoa","Filosa-Thecofilosea","Cryomonadida","Protaspa-lineage","Protaspa-lineage_X","Protaspa-lineage_X_sp.",0.985500687,NA
"a059ea8d0ad18a8e2cbfab87fa607cbc","Eukaryota","Eukaryota_X","Eukaryota_XX","Eukaryota_XXX","Eukaryota_XXXX","Eukaryota_XXXXX","Eukaryota_XXXXXX","Eukaryota_XXXXXXX_sp.",0.999999987,NA
"a0c7d1c0a1be622d67347bd86bc19147","Eukaryota","Stramenopiles","Ochrophyta","Chrysophyceae","Chrysophyceae_X","Chrysophyceae_Clade-F","Chrysophyceae_Clade-F_X","Chrysophyceae_Clade-F_X_sp.",0.998941089,NA
"a1064882696f77a9bfb220b6f1db9b20","Eukaryota","Alveolata","Dinoflagellata","Dinophyceae","Peridiniales","Amphidiniopsidaceae","Islandinium","Islandinium_tricingulatum",0.988779702,"Dinoflagellates"
"a16092329fb0d64129ec0d4b7e2e0743","Eukaryota","Rhizaria","Cercozoa","Filosa-Thecofilosea","Ventricleftida","Ventrifissuridae","Ventrifissuridae_X","Ventrifissuridae_X_sp.",0.999999993,NA
"a18eb117cd9b6ef93a8e65f9fa277c62","Eukaryota","Eukaryota_X","Eukaryota_XX","Eukaryota_XXX","Eukaryota_XXXX","Eukaryota_XXXXX","Eukaryota_XXXXXX","Eukaryota_XXXXXXX_sp.",0.999999796,NA
"a1b4d3d7a71815a27f55b1ade244b14a","Eukaryota","Eukaryota_X","Eukaryota_XX","Eukaryota_XXX","Eukaryota_XXXX","Eukaryota_XXXXX","Eukaryota_XXXXXX","Eukaryota_XXXXXXX_sp.",0.997982195,NA
"a1c71e73c4fe8b5f38674bfc3fc7141e","Eukaryota","Alveolata","Dinoflagellata","Dinophyceae","Dinophyceae_X","Dinophyceae_XX","Dinophyceae_XXX","Dinophyceae_XXXX_sp.",0.997155991,"Dinoflagellates"
"a1e3daa8b4caf2e33fafe51ba598fa84","Eukaryota","Alveolata","Dinoflagellata","Dinophyceae","Dinophyceae_X","Dinophyceae_XX","Dinophyceae_XXX","Dinophyceae_XXXX_sp.",0.997977459,"Dinoflagellates"
"a1ead8177618f43474ad8f883510f177","Eukaryota","Hacrobia","Haptophyta","Prymnesiophyceae","Phaeocystales","Phaeocystaceae","Phaeocystis","Phaeocystis_X_sp.",0.999999952,"Haptophytes"
"a26d4f873f9e9df1b9e211491dcfaaed","Eukaryota","Opisthokonta","Metazoa","Bryozoa","Bryozoa_X","Bryozoa_XX","BryozoaX_XX","BryozoaX_XXX_sp.",1,NA
"a2be548b8a06f38859f6875316606dc7","Eukaryota","Eukaryota_X","Eukaryota_XX","Eukaryota_XXX","Eukaryota_XXXX","Eukaryota_XXXXX","Eukaryota_XXXXXX","Eukaryota_XXXXXXX_sp.",0.999998847,NA
"a2c9631d08a7db2538632f8f91f0f453","Eukaryota","Hacrobia","Centroheliozoa","Centroheliozoa_X","Centroheliozoa_XX","Centroheliozoa_XXX","Centroheliozoa_XXXX","Centroheliozoa_XXXX_sp.",0.999932505,NA
"a2f625fded89ac8e3f6fc8ba6ed9304f","Eukaryota","Alveolata","Ciliophora","Spirotrichea","Choreotrichida","Strobilidiidae_A","Rimostrombidium_A","Rimostrombidium_veniliae",0.977411258,NA
"a3096dc97eafbedbb73dcca9186049af","Eukaryota","Opisthokonta","Metazoa","Arthropoda","Crustacea","Maxillopoda","Maxillopoda_X","Maxillopoda_XX_sp.",0.99996494,NA
"a3cefc19b5cebc1a2c56b6a50346521a","Eukaryota","Amoebozoa","Lobosa","Discosea-Flabellinia","Dactylopodida","Paramoebidae","Neoparamoeba","Neoparamoeba_aestuarina",1,NA
"a3f8f4404fbe3465ee11be8db90ce358","Eukaryota","Opisthokonta","Metazoa","Metazoa_X","Metazoa_XX","Metazoa_XXX","Metazoa_XXXX","Metazoa_XXXXX_sp.",0.997893293,NA
"a45e9340a7cb557a1519976e9db62ce2","Eukaryota","Alveolata","Dinoflagellata","Dinophyceae","Dinophyceae_X","Dinophyceae_XX","Dinophyceae_XXX","Dinophyceae_XXXX_sp.",0.981271539,"Dinoflagellates"
"a463de89109b8fe049755c007a351b04","Eukaryota","Opisthokonta","Fungi","Basidiomycota","Agaricomycotina","Tremellomycetes","Cryptococcus","Cryptococcus_X_sp.",0.98119329,NA
"a46aa0efa4c28f7742f1c3f26f0fbf7b","Eukaryota","Alveolata","Dinoflagellata","Dinophyceae","Peridiniales","Protoperidiniaceae","Protoperidinium","Protoperidinium_sp.",0.99419876,"Dinoflagellates"
"a47b411009a7e0f13bc38de06fc5062d","Eukaryota","Rhizaria","Cercozoa","Filosa-Thecofilosea","Ventricleftida","Ventricleftida_X","Ventricleftida_XX","Ventricleftida_XX_sp.",0.999713011,NA
"a4edf2c1ce707c8ad5dfc4a8560e94fa","Eukaryota","Rhizaria","Cercozoa","Endomyxa-Ascetosporea","Paradinida","Paradinidae","Paradinium","Paradinium_poucheti",0.998287927,NA
"a4f74688d0133f94395deaca1eb71ab5","Eukaryota","Opisthokonta","Metazoa","Arthropoda","Crustacea","Maxillopoda","Maxillopoda_X","Maxillopoda_XX_sp.",0.999953361,NA
"a5003978cd8b755fe32173892c3a44e7","Eukaryota","Stramenopiles","Stramenopiles_X","Stramenopiles_XX","Stramenopiles_XXX","Stramenopiles_XXXX","Stramenopiles_XXXXX","Stramenopiles_XXXXXX_sp.",0.998029287,NA
"a54271d278be87a7772be2c679c37247","Eukaryota","Alveolata","Dinoflagellata","Syndiniales","Dino-Group-I","Dino-Group-I-Clade-4","Dino-Group-I-Clade-4_X","Dino-Group-I-Clade-4_X_sp.",0.999999932,"Dinoflagellates"
"a5ef24f3409958e7f14e8643a640e3f7","Eukaryota","Opisthokonta","Metazoa","Rotifera","Rotifera_X","Rotifera_XX","Epiphanes","Epiphanes_senta",0.984642767,NA
"a612866e9e91d1bc2dc5eb685c2f2012","Eukaryota","Stramenopiles","Ochrophyta","Phaeophyceae","Phaeophyceae_X","Phaeophyceae_XX","Halothrix","Halothrix_ambigua",0.999989408,NA
"a681f9622f47f82a1d4a468bb4376d14","Eukaryota","Alveolata","Ciliophora","Spirotrichea","Spirotrichea_X","Spirotrichea_XX","Spirotrichea_XXX","Spirotrichea_XXXX_sp.",0.999999787,NA
"a682f4234c1b9e7b8c0c9a9d3d16130e","Eukaryota","Stramenopiles","Ochrophyta","Bacillariophyta","Bacillariophyta_X","Raphid-pennate","Achnanthes","Achnanthes_X_sp.",0.998066868,"Diatoms"
"a6c8bbe46a88e377ed5d3c04bab4bae9","Eukaryota","Alveolata","Alveolata_X","Alveolata_XX","Alveolata_XXX","Alveolata_XXXX","Alveolata_XXXXX","Alveolata_XXXXXX_sp.",0.999991416,NA
"a7285d63f3a2c4428458a5c732765f1e","Eukaryota","Opisthokonta","Metazoa","Arthropoda","Crustacea","Malacostraca","Thysanoessa","Thysanoessa_X_sp.",0.990631461,NA
"a79a842b58f9444cb3492ee163545d0c","Eukaryota","Opisthokonta","Metazoa","Annelida","Annelida_X","Annelida_XX","Neanthes","Neanthes_succinea",0.975976726,NA
"a7b55891a563a86004c6199794834512","Eukaryota","Rhizaria","Cercozoa","Filosa-Thecofilosea","Cryomonadida","Protaspa-lineage","Protaspa","Protaspa_X_sp.",0.974986512,NA
"a7f16d2444bf8e0582acbcc633aaf812","Eukaryota","Opisthokonta","Opisthokonta_X","Opisthokonta_XX","Opisthokonta_XXX","Opisthokonta_XXXX","Opisthokonta_XXXXX","Opisthokonta_XXXXXX_sp.",0.978510546,NA
"a80837cfbb56ede09918d9ab65c7450e","Eukaryota","Stramenopiles","Pseudofungi","MAST-1","MAST-1C","MAST-1C_X","MAST-1C_XX","MAST-1C_XX_sp.",1,"MAST"
"a926d6db6d4f53aec4251030654f8220","Eukaryota","Rhizaria","Cercozoa","Filosa-Imbricatea","Filosa-Imbricatea_X","Novel-clade-2","Novel-clade-2_X","Novel-clade-2_X_sp.",0.999999994,NA
"a97125c29530218aa1c8ca8c140edda2","Eukaryota","Alveolata","Dinoflagellata","Syndiniales","Dino-Group-II","Dino-Group-II-Clade-5","Dino-Group-II-Clade-5_X","Dino-Group-II-Clade-5_X_sp.",0.999977142,"Dinoflagellates"
"a98d598ed0c0f9da5a6b1b63cc17d4b7","Eukaryota","Stramenopiles","Ochrophyta","Bacillariophyta","Bacillariophyta_X","Bacillariophyta_XX","Bacillariophyta_XXX","Bacillariophyta_XXXX_sp.",0.978445671,"Diatoms"
"a9c75c9256301e5990e771dac5f9bbcf","Eukaryota","Stramenopiles","Ochrophyta","Bacillariophyta","Bacillariophyta_X","Polar-centric-Mediophyceae","Porosira","Porosira_X_sp.",0.999999967,"Diatoms"
"a9eddc7038c9557b40e3629929cb40d1","Eukaryota","Stramenopiles","Ochrophyta","Dictyochophyceae","Dictyochophyceae_X","Florenciellales","Pseudochattonella","Pseudochattonella_verruculosa",0.986171412,NA
"aa53abfcf73811af0062cd97a0376592","Eukaryota","Opisthokonta","Fungi","Mucoromycota","Mucoromycotina","Mucoromycotina_X","Mucor","Mucor_X_sp.",0.998445991,NA
"aab01d5ba21007ed6c06a317228cd01a","Eukaryota","Alveolata","Dinoflagellata","Syndiniales","Dino-Group-II","Dino-Group-II-Clade-28","Dino-Group-II-Clade-28_X","Dino-Group-II-Clade-28_X_sp.",0.999345639,"Dinoflagellates"
"abc04ac37af90ed77d3ea6dee48757b7","Eukaryota","Eukaryota_X","Eukaryota_XX","Eukaryota_XXX","Eukaryota_XXXX","Eukaryota_XXXXX","Eukaryota_XXXXXX","Eukaryota_XXXXXXX_sp.",0.996737013,NA
"ac7ce2b373ec9e8f59600ab38fbbc56e","Eukaryota","Opisthokonta","Fungi","Fungi_X","Fungi_XX","Fungi_XXX","Fungi_XXXX","Fungi_XXXXX_sp.",0.980408645,NA
"ad55abb18968ebd07a4ad5ae7d47788c","Eukaryota","Hacrobia","Haptophyta","Prymnesiophyceae","Prymnesiales","Chrysochromulinaceae","Chrysochromulina","Chrysochromulina_sp.",0.999997419,"Haptophytes"
"ad7fe6ef4ab7634a17709661d58dc025","Eukaryota","Opisthokonta","Metazoa","Arthropoda","Crustacea","Maxillopoda","Maxillopoda_X","Maxillopoda_XX_sp.",0.999701411,NA
"ada4bd36ebe6f4b7f5323a403981a5b9","Eukaryota","Stramenopiles","Pseudofungi","Oomycota","Oomycota_X","Oomycota_XX","Oomycota_XXX","Oomycota_XXXX_sp.",0.996814569,NA
"ada78ef6219982505d8f93be174edf7b","Eukaryota","Stramenopiles","Ochrophyta","Bacillariophyta","Bacillariophyta_X","Polar-centric-Mediophyceae","Ditylum","Ditylum_brightwellii",0.99999972,"Diatoms"
"ae28b455467df031de3c7668697c4dc9","Eukaryota","Eukaryota_X","Eukaryota_XX","Eukaryota_XXX","Eukaryota_XXXX","Eukaryota_XXXXX","Eukaryota_XXXXXX","Eukaryota_XXXXXXX_sp.",0.997774065,NA
"ae8fa186d5e88b8e3a112c6e4845df5e","Eukaryota","Opisthokonta","Metazoa","Arthropoda","Crustacea","Maxillopoda","Maxillopoda_X","Maxillopoda_XX_sp.",0.999992503,NA
"aeb1a583d9d770a845e5cbb4ccb352e4","Eukaryota","Eukaryota_X","Eukaryota_XX","Eukaryota_XXX","Eukaryota_XXXX","Eukaryota_XXXXX","Eukaryota_XXXXXX","Eukaryota_XXXXXXX_sp.",0.999999999,NA
"aec2effe2eee81dfc0fbf4fcdc8c99cf","Eukaryota","Eukaryota_X","Eukaryota_XX","Eukaryota_XXX","Eukaryota_XXXX","Eukaryota_XXXXX","Eukaryota_XXXXXX","Eukaryota_XXXXXXX_sp.",0.999989269,NA
"af5d3d0413be4db2a8c4d0b821570ee8","Eukaryota","Hacrobia","Telonemia","Telonemia_X","Telonemia_XX","Telonemia-Group-1","Telonemia-Group-1_X","Telonemia-Group-1_X_sp.",0.999999772,NA
"aff9abfbc0f495c5f9d637befb4ece12","Eukaryota","Excavata","Discoba","Heterolobosea","Heterolobosea_X","Heterolobosea_XX","Heterolobosea_XXX","Heterolobosea_XXXX_sp.",0.9703808,NA
"b086304112a3635dcbd9b81c031452cc","Eukaryota","Stramenopiles","Pseudofungi","MAST-1","MAST-1C","MAST-1C_X","MAST-1C_XX","MAST-1C_XX_sp.",1,"MAST"
"b0aef72e29f274330879fe90c5e45789","Eukaryota","Stramenopiles","Ochrophyta","Bacillariophyta","Bacillariophyta_X","Radial-centric-basal-Coscinodiscophyceae","Coscinodiscus","Coscinodiscus_wailesii",0.999999939,"Diatoms"
"b0ded80f6aafaac58404a34577cc9867","Eukaryota","Opisthokonta","Metazoa","Annelida","Annelida_X","Annelida_XX","AnnelidaX_XX","AnnelidaX_XXX_sp.",0.976774316,NA
"b0fe0b722e1ebbcda4ca9030feb88cf4","Eukaryota","Opisthokonta","Metazoa","Porifera","Porifera_X","Calcarea","Calcarea_X","Calcarea_XX_sp.",0.999929267,NA
"b147a9df98a1ca4cd216b86f94f7dabe","Eukaryota","Opisthokonta","Fungi","Ascomycota","Saccharomycotina","Saccharomycetales","Saccharomycetales_X","Saccharomycetales_XX_sp.",0.988982409,NA
"b1c99b24328eb4e968daa6881c8e4d77","Eukaryota","Opisthokonta","Metazoa","Mollusca","Bivalvia","Heteroconchia","Heteroconchia_X","Heteroconchia_XX_sp.",1,NA
"b2e9f48be39b8f9377a419d4175b9b67","Eukaryota","Stramenopiles","Ochrophyta","Bacillariophyta","Bacillariophyta_X","Polar-centric-Mediophyceae","Conticribra","Conticribra_weissflogii",0.982848095,"Diatoms"
"b38cd266dcaf7f66f45c098641cd984b","Eukaryota","Stramenopiles","Sagenista","MAST-8","MAST-8D","MAST-8D_X","MAST-8D_XX","MAST-8D_XX_sp.",0.999999626,"MAST"
"b405eb4fe3bcc3e69ebc68d1c2913b9a","Eukaryota","Alveolata","Dinoflagellata","Dinophyceae","Gymnodiniales","Gymnodiniaceae","Margalefidinium","Margalefidinium_fulvescens",1,"Dinoflagellates"
"b4992f11ec322f01777e6503e3ae37ef","Eukaryota","Archaeplastida","Chlorophyta","Ulvophyceae","Ulotrichales","Ulotrichales_X","Capsosiphon","Capsosiphon_groenlandicus",0.99968261,"Greenalgae"
"b4caf458184f39f585e590985c105884","Eukaryota","Hacrobia","Centroheliozoa","Centroheliozoa_X","Centroheliozoa_XX","Centroheliozoa_XXX","Centroheliozoa_XXXX","Centroheliozoa_XXXXX_sp.",0.999561781,NA
"b4efc7ffbaf0eff04f49fcebd36f44ad","Eukaryota","Rhizaria","Cercozoa","Filosa-Thecofilosea","Ventricleftida","CCW10-lineage","CCW10-lineage_X","CCW10-lineage_X_sp.",0.999999855,NA
"b589aa88a0e5ba6b2524e7106c2a905a","Eukaryota","Opisthokonta","Metazoa","Arthropoda","Crustacea","Maxillopoda","Maxillopoda_X","Maxillopoda_XX_sp.",1,NA
"b5bb3d33fe88e09c66728f4a2a52be15","Eukaryota","Opisthokonta","Fungi","Ascomycota","Saccharomycotina","Saccharomycetales","Saccharomycetales_X","Saccharomycetales_XX_sp.",0.998600224,NA
"b5cb4810fced90baec0cfb2ce0262037","Eukaryota","Stramenopiles","Ochrophyta","Bacillariophyta","Bacillariophyta_X","Bacillariophyta_XX","Bacillariophyta_XXX","Bacillariophyta_XXXX_sp.",0.999723402,"Diatoms"
"b5f0a73e398f070767a1ed66f153c245","Eukaryota","Alveolata","Dinoflagellata","Syndiniales","Dino-Group-II","Dino-Group-II-Clade-1","Dino-Group-II-Clade-1_X","Dino-Group-II-Clade-1_X_sp.",0.999102015,"Dinoflagellates"
"b6464fafb27bc49adeca4fdd4f15952d","Eukaryota","Eukaryota_X","Eukaryota_XX","Eukaryota_XXX","Eukaryota_XXXX","Eukaryota_XXXXX","Eukaryota_XXXXXX","Eukaryota_XXXXXXX_sp.",0.999180504,NA
"b67b3c1b68a730720e953b957e113ac7","Eukaryota","Eukaryota_X","Eukaryota_XX","Eukaryota_XXX","Eukaryota_XXXX","Eukaryota_XXXXX","Eukaryota_XXXXXX","Eukaryota_XXXXXXX_sp.",0.999951524,NA
"b67e6ba1ec70e32aaab399656b949544","Eukaryota","Eukaryota_X","Eukaryota_XX","Eukaryota_XXX","Eukaryota_XXXX","Eukaryota_XXXXX","Eukaryota_XXXXXX","Eukaryota_XXXXXXX_sp.",0.999979345,NA
"b688b05b2b2ffb2b7622372b9184e9b3","Eukaryota","Opisthokonta","Metazoa","Arthropoda","Crustacea","Maxillopoda","Maxillopoda_X","Maxillopoda_XX_sp.",0.999996323,NA
"b701a2550b66c84d1b5d3211c2e3fa11","Eukaryota","Rhizaria","Cercozoa","Filosa-Imbricatea","Thaumatomonadida","Thaumatomonadidae","Thaumatomastix","Thaumatomastix_sp.",0.999996619,NA
"b734f84365fe560e470b162af90a2e96","Eukaryota","Alveolata","Ciliophora","Spirotrichea","Strombidiida","Tontoniidae_A","Spirotontonia","Spirotontonia_sp.",0.982832083,NA
"b777a19b1b0762ba66828c0c1b7d3ac9","Eukaryota","Alveolata","Dinoflagellata","Syndiniales","Dino-Group-II","Dino-Group-II-Clade-1","Dino-Group-II-Clade-1_X","Dino-Group-II-Clade-1_X_sp.",0.999440555,"Dinoflagellates"
"b77e8949e429f13606c9d98f4b757fa8","Eukaryota","Alveolata","Dinoflagellata","Dinophyceae","Suessiales","Suessiaceae","Polarella","Polarella_glacialis",0.999325698,"Dinoflagellates"
"b7d6f9c82406bfdd31bee9a1928b897c","Eukaryota","Opisthokonta","Metazoa","Cnidaria","Cnidaria_X","Anthozoa","Edwardsia","Edwardsia_X_sp.",0.998850082,NA
"b7daf352ba8961db750908549822708c","Eukaryota","Stramenopiles","Ochrophyta","Phaeophyceae","Phaeophyceae_X","Phaeophyceae_XX","Halothrix","Halothrix_ambigua",0.999221744,NA
"b84b870205ac6e5c37c12efba81c88ab","Eukaryota","Opisthokonta","Opisthokonta_X","Opisthokonta_XX","Opisthokonta_XXX","Opisthokonta_XXXX","Opisthokonta_XXXXX","Opisthokonta_XXXXXX_sp.",0.998243872,NA
"b855c590f7a6fafe2ae6b230b254aaa4","Eukaryota","Hacrobia","Telonemia","Telonemia_X","Telonemia_XX","Telonemia-Group-1","Telonemia-Group-1_X","Telonemia-Group-1_X_sp.",0.999999022,NA
"b87a9d3098c8b0da3605f4d160626c8f","Eukaryota","Stramenopiles","Ochrophyta","Chrysophyceae","Chrysophyceae_X","Chrysophyceae_XX","Chrysophyceae_XXX","Chrysophyceae_XXX_sp.",0.999999079,NA
"b897a3e33dc1021fde12d0828ecdf924","Eukaryota","Alveolata","Ciliophora","Spirotrichea","Hypotrichia","Hypotrichia_X","Hypotrichia_XX","Hypotrichia_XXX_sp.",0.99999991,NA
"b8b113bace9ae85480d8960ad9d92c10","Eukaryota","Rhizaria","Cercozoa","Filosa-Thecofilosea","Ventricleftida","Ventricleftida_X","Ventricleftida_XX","Ventricleftida_XX_sp.",0.999730067,NA
"b8c5abfdc7d28c68a67d3d40a19701b8","Eukaryota","Alveolata","Ciliophora","Spirotrichea","Euplotia","Uronychiidae","Uronychia","Uronychia_X_sp.",0.999841731,NA
"b999777c6c27387f6325cd36bf6c0537","Eukaryota","Stramenopiles","Opalozoa","MAST-3","MAST-3B","MAST-3B_X","MAST-3B_XX","MAST-3B_XX_sp.",0.996002312,"MAST"
"ba0931d865cee2fa48356a6844b3cb0c","Eukaryota","Opisthokonta","Metazoa","Nemertea","Nemertea_X","Nemertea_XX","Lineus","Lineus_sp.",0.982644334,NA
"bac51b1525ece59175036a08fbc155cd","Eukaryota","Alveolata","Dinoflagellata","Syndiniales","Dino-Group-I","Dino-Group-I-Clade-1","Dino-Group-I-Clade-1_X","Dino-Group-I-Clade-1_X_sp.",0.999983266,"Dinoflagellates"
"bb1318da2c3b395d9cea9024fff158d3","Eukaryota","Rhizaria","Radiolaria","RAD-B","RAD-B_X","RAD-B_X_Group-IV_X","RAD-B_X_Group-IV_XX","RAD-B_X_Group-IV_XX_sp.",0.990237343,NA
"bb171cac0f7826ca517b1d1788b0fa84","Eukaryota","Alveolata","Apicomplexa","Gregarinomorphea","Eugregarinorida","Lecudinidae","Lecudinidae_X","Lecudinidae_XX_sp.",1,NA
"bb210a030035cc8023f8c16249711fd7","Eukaryota","Stramenopiles","Ochrophyta","Pelagophyceae","Pelagomonadales","Pelagomonadaceae","Aureococcus","Aureococcus_anophagefferens",0.999998558,NA
"bb740f26070689cae2e5e4faa740bec6","Eukaryota","Opisthokonta","Fungi","Fungi_X","Fungi_XX","Fungi_XXX","Fungi_XXXX","Fungi_XXXXX_sp.",0.999457548,NA
"bb76c8fb19a04bc28f0d67b4832b6b0b","Eukaryota","Alveolata","Ciliophora","Ciliophora_X","Ciliophora_XX","Ciliophora_XXX","Ciliophora_XXXX","Ciliophora_XXXXX_sp.",0.994277985,NA
"bbc32301e346954289a4dbf4cf825609","Eukaryota","Rhizaria","Cercozoa","Filosa-Thecofilosea","Cryomonadida","Protaspa-lineage","Protaspa-lineage_X","Protaspa-lineage_XX_sp.",0.98907223,NA
"bc372a29ec3be4dc90d5826b2abc6452","Eukaryota","Stramenopiles","Stramenopiles_X","Stramenopiles_XX","Stramenopiles_XXX","Stramenopiles_XXXX","Stramenopiles_XXXXX","Stramenopiles_XXXXXX_sp.",0.975565412,NA
"bc7849e88ca418e05b71f15f1b43a2b4","Eukaryota","Alveolata","Dinoflagellata","Dinophyceae","Gonyaulacales","Goniodomataceae","Alexandrium","Alexandrium_X_sp.",0.999910613,"Dinoflagellates"
"bc85d93ee9cac85c28f514423e7234c2","Eukaryota","Stramenopiles","Ochrophyta","Dictyochophyceae","Dictyochophyceae_X","Dictyochales","Dictyocha","Dictyocha_speculum",0.999999959,NA
"bcaa10816944696218af477820fd8736","Eukaryota","Stramenopiles","Ochrophyta","Bacillariophyta","Bacillariophyta_X","Araphid-pennate","Araphid-pennate_X","Araphid-pennate_XX_sp.",0.990277491,"Diatoms"
"bccf3cc69731f8a11c5f904197736301","Eukaryota","Eukaryota_X","Eukaryota_XX","Eukaryota_XXX","Eukaryota_XXXX","Eukaryota_XXXXX","Eukaryota_XXXXXX","Eukaryota_XXXXXXX_sp.",1,NA
"bcfbaf36dc91b42324d50b4a14fc9ae2","Eukaryota","Eukaryota_X","Eukaryota_XX","Eukaryota_XXX","Eukaryota_XXXX","Eukaryota_XXXXX","Eukaryota_XXXXXX","Eukaryota_XXXXXXX_sp.",0.997738957,NA
"bcff55f7fa0e4fe7ec9e6f3b40e8ebdf","Eukaryota","Opisthokonta","Metazoa","Arthropoda","Crustacea","Maxillopoda","Maxillopoda_X","Maxillopoda_XX_sp.",0.999992092,NA
"bd7c8aebe984f60b90fdbe0eeaed8fdd","Eukaryota","Eukaryota_X","Eukaryota_XX","Eukaryota_XXX","Eukaryota_XXXX","Eukaryota_XXXXX","Eukaryota_XXXXXX","Eukaryota_XXXXXXX_sp.",0.999864761,NA
"bda7dfb55afe2d8ea2b14200d689aa25","Eukaryota","Opisthokonta","Fungi","Ascomycota","Pezizomycotina","Eurotiomycetes","Aspergillus","Aspergillus_versicolor",0.991171629,NA
"be057e21801ccdd6d31eddaa731cbab6","Eukaryota","Opisthokonta","Metazoa","Annelida","Annelida_X","Annelida_XX","Travisia","Travisia_brevis",0.996807309,NA
"be0c19074f10d01830ed5949336c0cbd","Eukaryota","Alveolata","Ciliophora","Phyllopharyngea","Cyrtophoria_1","PHYLL_4","PHYLL_4_X","PHYLL_4_X_sp.",0.999339,NA
"bec4ab5c788c32d86492a0fd96806ccd","Eukaryota","Eukaryota_X","Eukaryota_XX","Eukaryota_XXX","Eukaryota_XXXX","Eukaryota_XXXXX","Eukaryota_XXXXXX","Eukaryota_XXXXXXX_sp.",0.997269525,NA
"bf0841a34ba590543801b9c556e69970","Eukaryota","Stramenopiles","Ochrophyta","Bacillariophyta","Bacillariophyta_X","Polar-centric-Mediophyceae","Porosira","Porosira_X_sp.",1,"Diatoms"
"bf1386b01898a195c3bd7bc9d6a75890","Eukaryota","Stramenopiles","Ochrophyta","Bacillariophyta","Bacillariophyta_X","Bacillariophyta_XX","Bacillariophyta_XXX","Bacillariophyta_XXXX_sp.",0.999890494,"Diatoms"
"bf678cdc941556550e2d14656ed0a220","Eukaryota","Alveolata","Dinoflagellata","Dinophyceae","Dinophyceae_X","Dinophyceae_XX","Dinophyceae_XXX","Dinophyceae_XXXX_sp.",0.999797252,"Dinoflagellates"
"bf7ffd62306467fb61af63297a42a7f9","Eukaryota","Eukaryota_X","Eukaryota_XX","Eukaryota_XXX","Eukaryota_XXXX","Eukaryota_XXXXX","Eukaryota_XXXXXX","Eukaryota_XXXXXXX_sp.",0.99968393,NA
"bfba66b3999b29085e9199a2b3ffb065","Eukaryota","Stramenopiles","Ochrophyta","Bacillariophyta","Bacillariophyta_X","Bacillariophyta_XX","Bacillariophyta_XXX","Bacillariophyta_XXXX_sp.",0.999996512,"Diatoms"
"bfbb66e7bf646c81d0f6dac27cb062a7","Eukaryota","Stramenopiles","Ochrophyta","Phaeophyceae","Phaeophyceae_X","Phaeophyceae_XX","PhaeophyceaeX_XX","PhaeophyceaeX_XXX_sp.",0.999999959,NA
"c0d83145d678547df70270702dbf0320","Eukaryota","Hacrobia","Cryptophyta","Cryptophyceae","Cryptomonadales","Cryptomonadales_X","Geminigera","Geminigera_cryophila",0.985058311,"Cryptophytes"
"c0e0bedd7b1f182518e5edf2648be312","Eukaryota","Opisthokonta","Metazoa","Mollusca","Cephalopoda","Cephalopoda_X","Cephalopoda_XX","Cephalopoda_XXX_sp.",0.99999999,NA
"c107748713b2230617175517049fe289","Eukaryota","Rhizaria","Cercozoa","Filosa-Thecofilosea","Ventricleftida","CCW10-lineage","CCW10-lineage_X","CCW10-lineage_X_sp.",0.999999999,NA
"c148c69ec66389fbd90eaaeda844dc09","Eukaryota","Archaeplastida","Chlorophyta","Chlorophyceae","Chlamydomonadales","Chlamydomonadales_X","Chloromonas","Chloromonas_sp.",0.98219433,"Greenalgae"
"c167e733b881867c7cc985e56e0e2e3f","Eukaryota","Eukaryota_X","Eukaryota_XX","Eukaryota_XXX","Eukaryota_XXXX","Eukaryota_XXXXX","Eukaryota_XXXXXX","Eukaryota_XXXXXXX_sp.",0.998688064,NA
"c186adfecdb5a07116bf5cc835ae9637","Eukaryota","Amoebozoa","Lobosa","Tubulinea","Leptomyxida","Flabellulidae","Paraflabellula","Paraflabellula_X_sp.",0.99874514,NA
"c19d6e65f5d4acc10819a190a1065284","Eukaryota","Eukaryota_X","Eukaryota_XX","Eukaryota_XXX","Eukaryota_XXXX","Eukaryota_XXXXX","Eukaryota_XXXXXX","Eukaryota_XXXXXXX_sp.",0.994087654,NA
"c1bf2c47b29db5db7bfcdd6be1602e33","Eukaryota","Eukaryota_X","Eukaryota_XX","Eukaryota_XXX","Eukaryota_XXXX","Eukaryota_XXXXX","Eukaryota_XXXXXX","Eukaryota_XXXXXXX_sp.",1,NA
"c1c8005a18040aacfb04465380ee43b4","Eukaryota","Eukaryota_X","Eukaryota_XX","Eukaryota_XXX","Eukaryota_XXXX","Eukaryota_XXXXX","Eukaryota_XXXXXX","Eukaryota_XXXXXXX_sp.",0.999999999,NA
"c2056b01a4f5af8177efe35e008ed0b6","Eukaryota","Opisthokonta","Fungi","Fungi_X","Fungi_XX","Fungi_XXX","Fungi_XXXX","Fungi_XXXXX_sp.",0.983042271,NA
"c3ae64e8217bbc00832333f1722322bc","Eukaryota","Eukaryota_X","Eukaryota_XX","Eukaryota_XXX","Eukaryota_XXXX","Eukaryota_XXXXX","Eukaryota_XXXXXX","Eukaryota_XXXXXXX_sp.",0.999907314,NA
"c3c50236615d0af4927a8823c6532a51","Eukaryota","Opisthokonta","Metazoa","Arthropoda","Crustacea","Malacostraca","Malacostraca_X","Malacostraca_XX_sp.",1,NA
"c3d895bdfa0ea163e20dfa18257b3566","Eukaryota","Opisthokonta","Metazoa","Arthropoda","Crustacea","Maxillopoda","Maxillopoda_X","Maxillopoda_XX_sp.",0.999983365,NA
"c42ab06e41226820691bfa0a5393221c","Eukaryota","Opisthokonta","Metazoa","Arthropoda","Crustacea","Maxillopoda","Maxillopoda_X","Maxillopoda_XX_sp.",0.999996032,NA
"c44dab73497691a8f9fe3bc43a0a6be9","Eukaryota","Hacrobia","Cryptophyta","Cryptophyceae","Cryptomonadales","Cryptomonadales_X","Geminigera","Geminigera_cryophila",0.983987113,"Cryptophytes"
"c44fe84d99508912ab17e49e5e43fcc2","Eukaryota","Eukaryota_X","Eukaryota_XX","Eukaryota_XXX","Eukaryota_XXXX","Eukaryota_XXXXX","Eukaryota_XXXXXX","Eukaryota_XXXXXXX_sp.",0.999937678,NA
"c4a2ae504c5332bf48a72dae8d573506","Eukaryota","Eukaryota_X","Eukaryota_XX","Eukaryota_XXX","Eukaryota_XXXX","Eukaryota_XXXXX","Eukaryota_XXXXXX","Eukaryota_XXXXXXX_sp.",0.999997633,NA
"c4c8f18764cfa1c6a216162b417ed5d5","Eukaryota","Stramenopiles","Ochrophyta","Chrysophyceae","Chrysophyceae_X","Chrysophyceae_Clade-F","Chrysophyceae_Clade-F_X","Chrysophyceae_Clade-F_X_sp.",0.999794889,NA
"c4d6a222ad77f9a96a3cc8d3e43f9e37","Eukaryota","Alveolata","Ciliophora","Spirotrichea","Euplotia","Euplotidae","Euplotidae_X","Euplotidae_XX_sp.",0.999999998,NA
"c4ecb0e58ba3bf0b5d2224efa6158167","Eukaryota","Excavata","Discoba","Diplonemea","Diplonemida","Eupelagonemidae","Eupelagonemidae_X","Eupelagonemidae_X_sp.",1,NA
"c5443a929f221e41cb8390cefdf1602d","Eukaryota","Stramenopiles","Pseudofungi","MAST-1","MAST-1C","MAST-1C_X","MAST-1C_XX","MAST-1C_XX_sp.",1,"MAST"
"c553129676bae049281304d839e1bb61","Eukaryota","Opisthokonta","Metazoa","Annelida","Annelida_X","Annelida_XX","Terebellides","Terebellides_stroemii",0.993687106,NA
"c5a9f5337db8688b350e918ea80d33af","Eukaryota","Opisthokonta","Opisthokonta_X","Opisthokonta_XX","Opisthokonta_XXX","Opisthokonta_XXXX","Opisthokonta_XXXXX","Opisthokonta_XXXXXX_sp.",0.997838313,NA
"c5bb70dfce1c23e80320a740c324e6b5","Eukaryota","Opisthokonta","Fungi","Basidiomycota","Agaricomycotina","Tremellomycetes","Tremellomycetes_X","Tremellomycetes_XX_sp.",0.999984275,NA
"c5d5d619c841c2d35e7d4329fe3d3c6b","Eukaryota","Stramenopiles","Ochrophyta","Bacillariophyta","Bacillariophyta_X","Radial-centric-basal-Coscinodiscophyceae","Stellarima","Stellarima_microtrias",0.999974352,"Diatoms"
"c64ec982957f7abfa1b3723f52301368","Eukaryota","Eukaryota_X","Eukaryota_XX","Eukaryota_XXX","Eukaryota_XXXX","Eukaryota_XXXXX","Eukaryota_XXXXXX","Eukaryota_XXXXXXX_sp.",0.999844835,NA
"c65c23ea8f52ba70c5a28ffbdc6f309e","Eukaryota","Opisthokonta","Metazoa","Arthropoda","Crustacea","Maxillopoda","Maxillopoda_X","Maxillopoda_XX_sp.",0.999974949,NA
"c674984da2f404dcbbe24e24bdca80e8","Eukaryota","Opisthokonta","Metazoa","Arthropoda","Crustacea","Maxillopoda","Maxillopoda_X","Maxillopoda_XX_sp.",0.999999741,NA
"c685d5994d03ef222b21d28b7f68c176","Eukaryota","Stramenopiles","Ochrophyta","Bacillariophyta","Bacillariophyta_X","Raphid-pennate","Raphid-pennate_X","Raphid-pennate_XX_sp.",0.979484912,"Diatoms"
"c708bdbbcf761fc0bb2f044c41ce199a","Eukaryota","Eukaryota_X","Eukaryota_XX","Eukaryota_XXX","Eukaryota_XXXX","Eukaryota_XXXXX","Eukaryota_XXXXXX","Eukaryota_XXXXXXX_sp.",0.999999992,NA
"c7192e374e904e262e2a6ecf7a5db757","Eukaryota","Opisthokonta","Metazoa","Arthropoda","Crustacea","Maxillopoda","Maxillopoda_X","Maxillopoda_X_sp.",0.982460067,NA
"c735d6573967d9131df65ff8b9bde690","Eukaryota","Stramenopiles","Opalozoa","MAST-3","MAST-3D","MAST-3D_X","MAST-3D_XX","MAST-3D_XX_sp.",0.999708051,"MAST"
"c7b63e9dfba30858bfda71d3311e0d5d","Eukaryota","Hacrobia","Cryptophyta","Cryptophyceae","Cryptomonadales","Cryptomonadales_X","Geminigera","Geminigera_cryophila",0.997330042,"Cryptophytes"
"c7c675ef58343ee5408bcb367cfbbc61","Eukaryota","Eukaryota_X","Eukaryota_XX","Eukaryota_XXX","Eukaryota_XXXX","Eukaryota_XXXXX","Eukaryota_XXXXXX","Eukaryota_XXXXXXX_sp.",0.99632727,NA
"c82d3445bc80bc5725555dc3fdc81b50","Eukaryota","Archaeplastida","Rhodophyta","Florideophyceae","Florideophyceae_X","Florideophyceae_XX","Florideophyceae_XXX","Florideophyceae_XXXX_sp.",0.999999918,"Rhodophytes"
"c8909efc1c1c2dbb5a2d991ddea06c36","Eukaryota","Opisthokonta","Opisthokonta_X","Opisthokonta_XX","Opisthokonta_XXX","Opisthokonta_XXXX","Opisthokonta_XXXXX","Opisthokonta_XXXXXX_sp.",0.989435265,NA
"c8b0e0e9af400cb57e8f93bad1403b33","Eukaryota","Stramenopiles","Ochrophyta","Bacillariophyta","Bacillariophyta_X","Bacillariophyta_XX","Bacillariophyta_XXX","Bacillariophyta_XXXX_sp.",0.999956579,"Diatoms"
"c8c5785f00a0b5668dbd8fe32587f067","Eukaryota","Alveolata","Dinoflagellata","Dinophyceae","Dinophyceae_X","Dinophyceae_XX","Dinophyceae_XXX","Dinophyceae_XXXX_sp.",0.999989088,"Dinoflagellates"
"c8eb659c1c01ba109c82f7d35d0fc9d4","Eukaryota","Rhizaria","Cercozoa","Chlorarachniophyceae","Chlorarachnida","Minorisa-lineage","Minorisa","Minorisa_minuta",0.999587331,NA
"ca10c7927a0d2af713bfcf1f61a56840","Eukaryota","Rhizaria","Cercozoa","Filosa-Granofilosea","Filosa-Granofilosea_X","he2-lineage","he2-lineage_X","he2-lineage_X_sp.",0.999999986,NA
"cb6c73b2320408688ae5c3b4c8fa9474","Eukaryota","Alveolata","Ciliophora","Spirotrichea","Spirotrichea_X","Spirotrichea_XX","Spirotrichea_XXX","Spirotrichea_XXXX_sp.",0.992348078,NA
"cbaee3a6cc47f3dfd9ff5ead53f9b102","Eukaryota","Alveolata","Ciliophora","Spirotrichea","Tintinnida","Tintinnidae","Tintinnidae_X","Tintinnidae_X_sp.",0.999170432,NA
"cc15d05ecbc0b82ac6aee07a56dad2bb","Eukaryota","Stramenopiles","Pseudofungi","MAST-1","MAST-1C","MAST-1C_X","MAST-1C_XX","MAST-1C_XX_sp.",0.999999992,"MAST"
"cc82ad7b797503b464c372ce66832286","Eukaryota","Eukaryota_X","Eukaryota_XX","Eukaryota_XXX","Eukaryota_XXXX","Eukaryota_XXXXX","Eukaryota_XXXXXX","Eukaryota_XXXXXXX_sp.",0.999989934,NA
"ccb910ba359682271d4db26cc7b95d60","Eukaryota","Opisthokonta","Fungi","Ascomycota","Pezizomycotina","Leotiomycetes","Leotiomycetes_X","Leotiomycetes_XX_sp.",0.999999998,NA
"cccbc15238606d132933912988ab4212","Eukaryota","Alveolata","Dinoflagellata","Syndiniales","Dino-Group-II","Dino-Group-II_X","Dino-Group-II-Clade-52_X","Dino-Group-II-Clade-52_X_sp.",0.985201106,"Dinoflagellates"
"cd86b72cd8e717a7c81febfff6f6a69f","Eukaryota","Opisthokonta","Metazoa","Arthropoda","Crustacea","Maxillopoda","Maxillopoda_X","Maxillopoda_XX_sp.",0.999941956,NA
"cd8c18882257bd1234e0f5eb0e7b8309","Eukaryota","Stramenopiles","Ochrophyta","Bacillariophyta","Bacillariophyta_X","Polar-centric-Mediophyceae","Chaetoceros","Chaetoceros_peruvianus",0.999807846,"Diatoms"
"cd986ac0236340366e14e06015ab91c4","Eukaryota","Alveolata","Dinoflagellata","Syndiniales","Dino-Group-II","Dino-Group-II-Clade-8","Dino-Group-II-Clade-8_X","Dino-Group-II-Clade-8_X_sp.",0.999999008,"Dinoflagellates"
"cded25f16ba5faa19ebafb77ca842688","Eukaryota","Hacrobia","Telonemia","Telonemia_X","Telonemia_XX","Telonemia-Group-2","Telonema-Group-2","Telonema_antarcticum",0.999654493,NA
"ce99629c0587decddf6084ccfbabef0c","Eukaryota","Opisthokonta","Choanoflagellida","Choanoflagellida_X","Choanoflagellida_XX","Choanoflagellida_XXX","Choanoflagellida_XXXX","Choanoflagellida_XXXXX_sp.",0.999999999,NA
"cec2cce777d6f28acea61c8b88d79d36","Eukaryota","Rhizaria","Radiolaria","RAD-C","RAD-C_X","RAD-C_Xb","RAD-C_Xb_X","RAD-C_Xb_X_sp.",0.999998782,NA
"cf61036a8650d27c51da81e2cb16d3a5","Eukaryota","Opisthokonta","Metazoa","Annelida","Annelida_X","Annelida_XX","AnnelidaX_XX","AnnelidaX_XXX_sp.",0.999855713,NA
"cf7d6062d57f5919cac2af3d59d30b27","Eukaryota","Stramenopiles","Ochrophyta","Bacillariophyta","Bacillariophyta_X","Araphid-pennate","Araphid-pennate_X","Araphid-pennate_XX_sp.",0.995473674,"Diatoms"
"cf8e88db28e412568dcd07d798eca492","Eukaryota","Stramenopiles","Ochrophyta","Phaeophyceae","Phaeophyceae_X","Phaeophyceae_XX","PhaeophyceaeX_XX","PhaeophyceaeX_XXX_sp.",0.999999907,NA
"cf977312350bcb83794a1a24f3e33880","Eukaryota","Opisthokonta","Metazoa","Arthropoda","Crustacea","Malacostraca","Thysanoessa","Thysanoessa_X_sp.",0.993416934,NA
"d016ae76950135b7044661cc55180fa7","Eukaryota","Amoebozoa","Conosa","Variosea","Variosea_X","Mariager-Fjord-lineage","Mariager-Fjord-lineage_X","Mariager-Fjord-lineage_X_sp.",0.997590354,NA
"d1d292ab73d6c87b606fc7e597a80a05","Eukaryota","Opisthokonta","Metazoa","Rotifera","Rotifera_X","Rotifera_XX","RotiferaX_XX","RotiferaX_XXX_sp.",0.999989362,NA
"d25145f403d2de8f3f6eb69b52f03039","Eukaryota","Eukaryota_X","Eukaryota_XX","Eukaryota_XXX","Eukaryota_XXXX","Eukaryota_XXXXX","Eukaryota_XXXXXX","Eukaryota_XXXXXXX_sp.",0.999040888,NA
"d262117b6600cfe1d23165a04432bad4","Eukaryota","Eukaryota_X","Eukaryota_XX","Eukaryota_XXX","Eukaryota_XXXX","Eukaryota_XXXXX","Eukaryota_XXXXXX","Eukaryota_XXXXXXX_sp.",0.999999436,NA
"d3382bd3cfab7bfc1763a692ed50ea04","Eukaryota","Opisthokonta","Metazoa","Arthropoda","Crustacea","Maxillopoda","Maxillopoda_X","Maxillopoda_XX_sp.",1,NA
"d33c072da722fb897a0df93ed487e335","Eukaryota","Opisthokonta","Metazoa","Arthropoda","Crustacea","Maxillopoda","Tisbe","Tisbe_sp.",0.992156713,NA
"d3837debae3a04ea1052a98eea2d527e","Eukaryota","Eukaryota_X","Eukaryota_XX","Eukaryota_XXX","Eukaryota_XXXX","Eukaryota_XXXXX","Eukaryota_XXXXXX","Eukaryota_XXXXXXX_sp.",0.999987451,NA
"d383f351386f724238cfc0aba453e55b","Eukaryota","Alveolata","Dinoflagellata","Syndiniales","Dino-Group-I","Dino-Group-I-Clade-1","Dino-Group-I-Clade-1_X","Dino-Group-I-Clade-1_X_sp.",0.999999172,"Dinoflagellates"
"d3f26c0e5a985c3f5f50c3accdb49b47","Eukaryota","Opisthokonta","Opisthokonta_X","Opisthokonta_XX","Opisthokonta_XXX","Opisthokonta_XXXX","Opisthokonta_XXXXX","Opisthokonta_XXXXXX_sp.",0.971574357,NA
"d406956ce611102f4554602f4e065b83","Eukaryota","Stramenopiles","Opalozoa","MAST-12","MAST-12A","MAST-12A_X","MAST-12A_XX","MAST-12A_XX_sp.",0.999823241,"MAST"
"d454c9fa1f2f2451b861103f470ef233","Eukaryota","Opisthokonta","Choanoflagellida","Choanoflagellatea","Acanthoecida","Stephanoecidae_Group_D","Stephanoecidae_Group_D_X","Stephanoecidae_Group_D_X_sp.",0.999999993,NA
"d473b12da426cb402082ebb7ddfc7e0d","Eukaryota","Stramenopiles","Ochrophyta","Bacillariophyta","Bacillariophyta_X","Radial-centric-basal-Coscinodiscophyceae","Paralia","Paralia_sol",0.999996582,"Diatoms"
"d502f2bbf4b9fe1300970f2b77194a34","Eukaryota","Rhizaria","Cercozoa","Filosa-Imbricatea","Thaumatomonadida","Thaumatomonadida_X","Thaumatomonadida_XX","Thaumatomonadida_XX_sp.",0.997857487,NA
"d5a2af8e29e891bfdae7e8720985fae4","Eukaryota","Opisthokonta","Metazoa","Arthropoda","Crustacea","Maxillopoda","Maxillopoda_X","Maxillopoda_XX_sp.",0.999997088,NA
"d5f60040b263db3c992b0d55573748ec","Eukaryota","Opisthokonta","Metazoa","Bryozoa","Bryozoa_X","Bryozoa_XX","BryozoaX_XX","BryozoaX_XXX_sp.",0.999999999,NA
"d5fc70a91bb17b3c06350814de9eda3e","Eukaryota","Stramenopiles","Ochrophyta","Bacillariophyta","Bacillariophyta_X","Bacillariophyta_XX","Bacillariophyta_XXX","Bacillariophyta_XXXX_sp.",0.986523623,"Diatoms"
"d60191f768b4762288af0d4ab2cd044b","Eukaryota","Eukaryota_X","Eukaryota_XX","Eukaryota_XXX","Eukaryota_XXXX","Eukaryota_XXXXX","Eukaryota_XXXXXX","Eukaryota_XXXXXXX_sp.",0.999999999,NA
"d62c9d4bf821673131e5b694716ce83f","Eukaryota","Excavata","Discoba","Diplonemea","Diplonemida","Eupelagonemidae","Eupelagonemidae_X","Eupelagonemidae_X_sp.",0.999762973,NA
"d65fbd781e546f549052edfe5b7f3ec5","Eukaryota","Opisthokonta","Fungi","Fungi_X","Fungi_XX","Fungi_XXX","Fungi_XXXX","Fungi_XXXXX_sp.",0.984088764,NA
"d6967570d1f20a59a495be57ceccb10a","Eukaryota","Stramenopiles","Ochrophyta","Bacillariophyta","Bacillariophyta_X","Polar-centric-Mediophyceae","Chaetoceros","Chaetoceros_debilis_2",0.999999999,"Diatoms"
"d6b3912f87d690ec36c1e5399aadba81","Eukaryota","Eukaryota_X","Eukaryota_XX","Eukaryota_XXX","Eukaryota_XXXX","Eukaryota_XXXXX","Eukaryota_XXXXXX","Eukaryota_XXXXXXX_sp.",0.9971495,NA
"d6d3adaff595101114fabe4e1f8fb139","Eukaryota","Eukaryota_X","Eukaryota_XX","Eukaryota_XXX","Eukaryota_XXXX","Eukaryota_XXXXX","Eukaryota_XXXXXX","Eukaryota_XXXXXXX_sp.",0.999970499,NA
"d70023a802e95757b0a22e0c6796e764","Unassigned","Unassigned_X","Unassigned_XX","Unassigned_XXX","Unassigned_XXXX","Unassigned_XXXXX","Unassigned_XXXXXX","Unassigned_XXXXXXX_sp.",0.986081853,NA
"d749cc7dc24627de9b19d5d2806b95cb","Eukaryota","Alveolata","Dinoflagellata","Syndiniales","Dino-Group-I","Dino-Group-I-Clade-4","Dino-Group-I-Clade-4_X","Dino-Group-I-Clade-4_X_sp.",0.999999969,"Dinoflagellates"
"d7789c36ddd1e4f1b08644dc6c53a77c","Eukaryota","Rhizaria","Cercozoa","Filosa-Imbricatea","Thaumatomonadida","Thaumatomonadida_X","Thaumatomonadida_XX","Thaumatomonadida_XX_sp.",0.997202189,NA
"d7976cdfbce4d2ab4c56f937efa0c62e","Eukaryota","Opisthokonta","Metazoa","Arthropoda","Crustacea","Maxillopoda","Maxillopoda_X","Maxillopoda_XX_sp.",0.999986187,NA
"d7ad9642d6f3a9ee93eed3f9c0070ae5","Eukaryota","Stramenopiles","Opalozoa","Bicoecea","Anoecales","Cafeteriaceae","Cafeteria","Cafeteria_burkhardae",0.992858961,NA
"d7bce26eafba00daa2546448f785d12c","Eukaryota","Stramenopiles","Ochrophyta","Bacillariophyta","Bacillariophyta_X","Radial-centric-basal-Coscinodiscophyceae","Stellarima","Stellarima_microtrias",0.99559049,"Diatoms"
"d8701aafd5700a2c9123b61786954ca7","Eukaryota","Opisthokonta","Metazoa","Nematoda","Chromadorea","Chromadorea_X","Halomonhystera","Halomonhystera_disjuncta",0.999952252,NA
"d8760f5b058c3ac8a225e7bfa7a024bb","Eukaryota","Hacrobia","Telonemia","Telonemia_X","Telonemia_XX","Telonemia-Group-2","Telonema-Group-2","Telonema_antarcticum",0.999677439,NA
"d8b1fec53da9444ba0a545b2df47e1cc","Eukaryota","Opisthokonta","Metazoa","Arthropoda","Crustacea","Maxillopoda","Maxillopoda_X","Maxillopoda_XX_sp.",0.999997722,NA
"d9b46a3d153793853d75ee4a1c29c64c","Eukaryota","Opisthokonta","Metazoa","Arthropoda","Crustacea","Maxillopoda","Maxillopoda_X","Maxillopoda_XX_sp.",0.999999325,NA
"d9ec73160d6dd3df9dca363f324ddbc3","Eukaryota","Hacrobia","Picozoa","Picozoa_X","Picozoa_XX","Picozoa_XXX","Picozoa_XXXX","Picozoa_XXXX_sp.",0.999999988,NA
"d9f49f7b8fb52d093453df7a3bfa5577","Eukaryota","Stramenopiles","Ochrophyta","Bolidophyceae","Parmales","Parmales_env_3","Parmales_env_3_X","Parmales_env_3_X_sp.",0.999761866,NA
"d9fba6377f54ac59eb080a698fb80b5a","Eukaryota","Stramenopiles","Ochrophyta","Bacillariophyta","Bacillariophyta_X","Radial-centric-basal-Coscinodiscophyceae","Proboscia","Proboscia_alata",0.999999861,"Diatoms"
"da7d2d599deb0ec043ea068555c49ea0","Eukaryota","Opisthokonta","Metazoa","Arthropoda","Crustacea","Maxillopoda","Maxillopoda_X","Maxillopoda_XX_sp.",0.999968381,NA
"dab57a9d1b06f43652477951111b2f5b","Eukaryota","Eukaryota_X","Eukaryota_XX","Eukaryota_XXX","Eukaryota_XXXX","Eukaryota_XXXXX","Eukaryota_XXXXXX","Eukaryota_XXXXXXX_sp.",1,NA
"db23696fc7eabd9aae6809ab15ee8587","Eukaryota","Eukaryota_X","Eukaryota_XX","Eukaryota_XXX","Eukaryota_XXXX","Eukaryota_XXXXX","Eukaryota_XXXXXX","Eukaryota_XXXXXXX_sp.",0.999999998,NA
"db25cec62f9d57e37021bfa1b5fb831f","Eukaryota","Alveolata","Dinoflagellata","Syndiniales","Dino-Group-II","Dino-Group-II-Clade-16","Dino-Group-II-Clade-16_X","Dino-Group-II-Clade-16_X_sp.",0.999866367,"Dinoflagellates"
"db50d3d47ca71f28936fdc3bccdb90cd","Eukaryota","Opisthokonta","Metazoa","Bryozoa","Bryozoa_X","Bryozoa_XX","BryozoaX_XX","BryozoaX_XXX_sp.",0.999999997,NA
"db88e284dd398d838031581494197d48","Eukaryota","Opisthokonta","Metazoa","Echinodermata","Echinodermata_X","Echinodermata_XX","EchinodermataX_XX","EchinodermataX_XXX_sp.",0.999999914,NA
"dbb6a2b5254b9a2d060bf3f2f91674b6","Eukaryota","Archaeplastida","Archaeplastida_X","Archaeplastida_XX","Archaeplastida_XXX","Archaeplastida_XXXX","Archaeplastida_XXXXX","Archaeplastida_XXXXXX_sp.",0.979612184,NA
"dbde4ce2e3e50de84b4971e6eb86e789","Eukaryota","Hacrobia","Centroheliozoa","Centroheliozoa_X","Centroheliozoa_XX","Centroheliozoa_XXX","Centroheliozoa_XXXX","Centroheliozoa_XXXXX_sp.",0.998690773,NA
"dc465ea549026b9a8cc41bd7c3345aad","Eukaryota","Hacrobia","Telonemia","Telonemia_X","Telonemia_XX","Telonemia-Group-1","Telonemia-Group-1_X","Telonemia-Group-1_X_sp.",1,NA
"dc7230feb16d1cd0252712c7cc588236","Eukaryota","Opisthokonta","Metazoa","Arthropoda","Crustacea","Maxillopoda","Maxillopoda_X","Maxillopoda_XX_sp.",0.999756585,NA
"dd2077ce0752e6bc86194b20f64eb9db","Eukaryota","Opisthokonta","Opisthokonta_X","Opisthokonta_XX","Opisthokonta_XXX","Opisthokonta_XXXX","Opisthokonta_XXXXX","Opisthokonta_XXXXXX_sp.",0.988692628,NA
"dd8131f7a4ee508ac9b3eb1205028ed7","Eukaryota","Excavata","Discoba","Diplonemea","Diplonemida","Eupelagonemidae","Eupelagonemidae_X","Eupelagonemidae_X_sp.",0.999999996,NA
"ddd98369c2635b7b3fe5ced6560ce6be","Eukaryota","Amoebozoa","Lobosa","Discosea-Flabellinia","Dactylopodida","Paramoebidae","Neoparamoeba","Neoparamoeba_aestuarina",1,NA
"de079eed68eaff85e0021e67cb915cc8","Eukaryota","Stramenopiles","Ochrophyta","Dictyochophyceae","Dictyochophyceae_X","Pedinellales","Pedinellales_X","Pedinellales_XX_sp.",0.999547348,NA
"de91612ca905ca2117370ae563a25046","Eukaryota","Alveolata","Ciliophora","Spirotrichea","Hypotrichia","Hypotrichia_X","Hypotrichia_XX","Hypotrichia_XXX_sp.",0.998933596,NA
"df46af5ac66b7b47663587889c39d3e8","Eukaryota","Opisthokonta","Metazoa","Arthropoda","Crustacea","Maxillopoda","Maxillopoda_X","Maxillopoda_XX_sp.",0.99999712,NA
"df87eaaeb4f3877a90b01641c9d8134d","Eukaryota","Eukaryota_X","Eukaryota_XX","Eukaryota_XXX","Eukaryota_XXXX","Eukaryota_XXXXX","Eukaryota_XXXXXX","Eukaryota_XXXXXXX_sp.",0.993350543,NA
"df9695dbde290616c0676f36ba344a7e","Eukaryota","Stramenopiles","Ochrophyta","Bacillariophyta","Bacillariophyta_X","Raphid-pennate","Raphid-pennate_X","Raphid-pennate_XX_sp.",0.997572302,"Diatoms"
"dfa3275aad2935cf721ad14c85c86d54","Eukaryota","Rhizaria","Radiolaria","Acantharea","Acantharea_A","Acantharea_A_X","Acanthoplegma","Acanthoplegma_sp.",1,NA
"dfc5d99b59f8a7c88df6e54c41808ffc","Eukaryota","Rhizaria","Cercozoa","Filosa-Thecofilosea","Filosa-Thecofilosea_X","Mataza-lineage","Mataza-lineage_X","Mataza-lineage_X_sp.",0.999998067,NA
"dff138bc46ec8c3f88b42eac87d3d852","Eukaryota","Eukaryota_X","Eukaryota_XX","Eukaryota_XXX","Eukaryota_XXXX","Eukaryota_XXXXX","Eukaryota_XXXXXX","Eukaryota_XXXXXXX_sp.",0.996597133,NA
"dff52ce0f8be9f402102d9bee881ae06","Eukaryota","Eukaryota_X","Eukaryota_XX","Eukaryota_XXX","Eukaryota_XXXX","Eukaryota_XXXXX","Eukaryota_XXXXXX","Eukaryota_XXXXXXX_sp.",1,NA
"e03f91be04a2ca852ee7d6daacc143dc","Eukaryota","Opisthokonta","Metazoa","Arthropoda","Crustacea","Maxillopoda","Maxillopoda_X","Maxillopoda_XX_sp.",0.993177808,NA
"e11db0dc0616bc01572905220bced32a","Eukaryota","Eukaryota_X","Eukaryota_XX","Eukaryota_XXX","Eukaryota_XXXX","Eukaryota_XXXXX","Eukaryota_XXXXXX","Eukaryota_XXXXXXX_sp.",0.993107479,NA
"e14618b7809fb50afd1957fcd3f5d1a8","Eukaryota","Opisthokonta","Metazoa","Arthropoda","Crustacea","Maxillopoda","Maxillopoda_X","Maxillopoda_XX_sp.",0.999923025,NA
"e1bd22d2a79df7511f417a1083c477ce","Eukaryota","Alveolata","Ciliophora","Spirotrichea","Choreotrichida","Leegaardiellidae_B","Leegaardiella","Leegaardiella_sp.",0.999995665,NA
"e2146f24b22a5ad8524cbf54de83234c","Eukaryota","Opisthokonta","Fungi","Ascomycota","Pezizomycotina","Pezizomycotina_X","Pezizomycotina_XX","Pezizomycotina_XXX_sp.",0.999895601,NA
"e23496a13a035c38559e56068f690a3c","Eukaryota","Eukaryota_X","Eukaryota_XX","Eukaryota_XXX","Eukaryota_XXXX","Eukaryota_XXXXX","Eukaryota_XXXXXX","Eukaryota_XXXXXXX_sp.",0.993699429,NA
"e23edcc9a1514755454b1475a33bbf1a","Eukaryota","Alveolata","Dinoflagellata","Syndiniales","Dino-Group-I","Dino-Group-I-Clade-1","Dino-Group-I-Clade-1_X","Dino-Group-I-Clade-1_X_sp.",0.99999992,"Dinoflagellates"
"e2629e02072b4805885e288dc2135606","Eukaryota","Opisthokonta","Metazoa","Metazoa_X","Metazoa_XX","Metazoa_XXX","Metazoa_XXXX","Metazoa_XXXXX_sp.",0.970197765,NA
"e272788b0760e0e0b70bdf315b083891","Eukaryota","Archaeplastida","Chlorophyta","Pyramimonadophyceae","Pyramimonadales","Pyramimonadales_X","Pyramimonadales_XX","Pyramimonadales_XXX_sp.",0.999638614,"Greenalgae"
"e2e5f91ce91bdc3b1167605d4c5aa521","Eukaryota","Opisthokonta","Metazoa","Cnidaria","Cnidaria_X","Hydrozoa","Hydrozoa_X","Hydrozoa_X_sp.",0.999765041,NA
"e2e61bf7d0c5aadb5c09c21ca73bcbe4","Eukaryota","Eukaryota_X","Eukaryota_XX","Eukaryota_XXX","Eukaryota_XXXX","Eukaryota_XXXXX","Eukaryota_XXXXXX","Eukaryota_XXXXXXX_sp.",1,NA
"e339d19ea22680f37224a6216397f920","Eukaryota","Eukaryota_X","Eukaryota_XX","Eukaryota_XXX","Eukaryota_XXXX","Eukaryota_XXXXX","Eukaryota_XXXXXX","Eukaryota_XXXXXXX_sp.",0.999999998,NA
"e3b195edaa3c37ce376ad869ba2f4e4c","Eukaryota","Rhizaria","Cercozoa","Filosa-Thecofilosea","Cryomonadida","Cryothecomonas-lineage","Cryothecomonas","Cryothecomonas_X_sp.",0.976157233,NA
"e3f6dc1263c4774b640a86280ae8ea57","Eukaryota","Alveolata","Dinoflagellata","Syndiniales","Dino-Group-I","Dino-Group-I-Clade-1","Dino-Group-I-Clade-1_X","Dino-Group-I-Clade-1_X_sp.",0.99999811,"Dinoflagellates"
"e40cc03e48b229681e79a914e0299dee","Eukaryota","Stramenopiles","Opalozoa","MAST-3","MAST-3I","MAST-3I_X","MAST-3I_XX","MAST-3I_XX_sp.",0.999999133,"MAST"
"e4a797f84fbe1c9e513c7f9109578f7b","Eukaryota","Opisthokonta","Metazoa","Cnidaria","Cnidaria_X","Hydrozoa","Tiaropsidium","Tiaropsidium_kelseyi",0.984372215,NA
"e4d96b874c8d4a469c75a60d9c8e82e0","Eukaryota","Alveolata","Dinoflagellata","Dinophyceae","Gymnodiniales","Gymnodiniaceae","Gymnodinium","Gymnodinium_sp.",0.992374953,"Dinoflagellates"
"e4fe00a262c34aae5094a38778b7d65b","Eukaryota","Stramenopiles","Ochrophyta","Bacillariophyta","Bacillariophyta_X","Raphid-pennate","Pseudo-nitzschia","Pseudo-nitzschia_X_sp.",0.999305884,"Diatoms"
"e4ffcb3372159b17779dd1c176298a8e","Eukaryota","Stramenopiles","Ochrophyta","Bacillariophyta","Bacillariophyta_X","Raphid-pennate","Pleurosigma","Pleurosigma_intermedium",0.98995507,"Diatoms"
"e53438f171326ff0f88a0c0687823050","Eukaryota","Archaeplastida","Rhodophyta","Florideophyceae","Corallinales","Corallinales_X","Corallinales_XX","Corallinales_XXX_sp.",0.999999857,"Rhodophytes"
"e5533d4d4ca5bafd3639cef41281e74b","Eukaryota","Opisthokonta","Metazoa","Arthropoda","Crustacea","Maxillopoda","Maxillopoda_X","Maxillopoda_X_sp.",0.988920084,NA
"e5d8cce236f171837f983eb243765824","Eukaryota","Amoebozoa","Lobosa","Tubulinea","Echinamoebida","Vermamoebidae","Hartmannella","Hartmannella_abertawensis",0.999991712,NA
"e5eb7d96e778ebbca421c9ec3ecdc3c2","Eukaryota","Stramenopiles","Ochrophyta","Dictyochophyceae","Dictyochophyceae_X","Pedinellales","Pedinellales_X","Pedinellales_XX_sp.",0.999473414,NA
"e60c5355ee847132b2d50f674e89998e","Eukaryota","Opisthokonta","Metazoa","Gastrotricha","Gastrotricha_X","Gastrotricha_XX","GastrotrichaX_XX","GastrotrichaX_XXX_sp.",0.98453757,NA
"e6179604fd3066863c3eb116955670ed","Eukaryota","Stramenopiles","Ochrophyta","Bacillariophyta","Bacillariophyta_X","Bacillariophyta_XX","Bacillariophyta_XXX","Bacillariophyta_XXXX_sp.",0.987003609,"Diatoms"
"e63f4513f141cf1538b3b296381a375f","Eukaryota","Stramenopiles","Ochrophyta","Bacillariophyta","Bacillariophyta_X","Bacillariophyta_XX","Bacillariophyta_XXX","Bacillariophyta_XXXX_sp.",0.998513481,"Diatoms"
"e6746aa7ad3d4b074b719e8485c4cd4c","Eukaryota","Rhizaria","Foraminifera","Globothalamea","Rotaliida","Rotaliida_X","Rotaliida_XX","Rotaliida_XXX_sp.",0.987267978,NA
"e6ae220a03c4ea2c784d7a99ff61d60c","Eukaryota","Rhizaria","Radiolaria","Acantharea","Acantharea_B","Acantharea_B2","Phyllostaurus_B2","Phyllostaurus_B2_echinoides",0.999994392,NA
"e748078befbd632cf6b9db646d59a67b","Eukaryota","Opisthokonta","Opisthokonta_X","Opisthokonta_XX","Opisthokonta_XXX","Opisthokonta_XXXX","Opisthokonta_XXXXX","Opisthokonta_XXXXXX_sp.",0.989701255,NA
"e7acebc45bd8fa14acedc37aad08a95b","Eukaryota","Stramenopiles","Stramenopiles_X","Stramenopiles_XX","Stramenopiles_XXX","Stramenopiles_XXXX","Stramenopiles_XXXXX","Stramenopiles_XXXXXX_sp.",0.975208133,NA
"e8c6cc8b359b4a491b69c8107aae16b3","Eukaryota","Opisthokonta","Choanoflagellida","Choanoflagellatea","Acanthoecida","Stephanoecidae_Group_D","Stephanoecidae_Group_D_X","Stephanoecidae_Group_D_X_sp.",0.994599866,NA
"e92212697b955847bbd7756d2b4d2c59","Eukaryota","Opisthokonta","Metazoa","Annelida","Annelida_X","Annelida_XX","AnnelidaX_XX","AnnelidaX_XXX_sp.",0.999978948,NA
"ea2b6f6a4bf97cee771b460c07e41d7c","Eukaryota","Hacrobia","Cryptophyta","Cryptophyceae","Cryptomonadales","Cryptomonadales_X","Geminigera","Geminigera_cryophila",0.996253074,"Cryptophytes"
"ea6debd9d85c60acbee2a8f934fea5bb","Eukaryota","Opisthokonta","Metazoa","Annelida","Annelida_X","Annelida_XX","AnnelidaX_XX","AnnelidaX_XXX_sp.",0.999863964,NA
"eae741ee3d9edcd020ff4fd75846c574","Eukaryota","Opisthokonta","Metazoa","Arthropoda","Crustacea","Maxillopoda","Maxillopoda_X","Maxillopoda_XX_sp.",0.999994327,NA
"eb277777e4a16e2244ada8329caea849","Eukaryota","Rhizaria","Radiolaria","Acantharea","Acantharea_X","Acantharea_XX","Acantharea_XXX","Acantharea_XXXX_sp.",0.998134204,NA
"eb91b297bd350176627c6a8e2601912c","Eukaryota","Hacrobia","Haptophyta","Prymnesiophyceae","Prymnesiophyceae_X","Prymnesiophyceae_XX","Prymnesiophyceae_XXX","Prymnesiophyceae_XXXX_sp.",0.999992437,"Haptophytes"
"ebcfe1925b1bc0365c4d3503b1cd9a6f","Eukaryota","Opisthokonta","Metazoa","Arthropoda","Crustacea","Maxillopoda","Maxillopoda_X","Maxillopoda_XX_sp.",0.999172985,NA
"ec2065246d8c8b10a6a22dbc04b46d2f","Eukaryota","Rhizaria","Cercozoa","Filosa-Thecofilosea","Filosa-Thecofilosea_X","Mataza-lineage","Mataza-lineage_X","Mataza-lineage_X_sp.",0.997530627,NA
"ec89046cdc537af939eca718d81e42ec","Eukaryota","Opisthokonta","Metazoa","Rotifera","Rotifera_X","Rotifera_XX","Adineta","Adineta_vaga",0.983133788,NA
"ececdc1a3154c652f2dbf1f8069c489e","Eukaryota","Hacrobia","Haptophyta","Prymnesiophyceae","Prymnesiophyceae_X","Prymnesiophyceae_XX","Prymnesiophyceae_XXX","Prymnesiophyceae_XXXX_sp.",0.999999669,"Haptophytes"
"ed3a496499d64119af18f2bcedafae15","Eukaryota","Stramenopiles","Ochrophyta","Bacillariophyta","Bacillariophyta_X","Bacillariophyta_XX","Bacillariophyta_XXX","Bacillariophyta_XXXX_sp.",0.999984127,"Diatoms"
"ed5ccad1cfcdb5fb5288cbfa23e3b176","Eukaryota","Stramenopiles","Pseudofungi","Pirsonia_Clade","Pirsonia_Clade_X","Pirsonia_Clade_XX","Pirsonia","Pirsonia_X_sp.",0.979010466,NA
"edd7a653d1644b1a59be4e8a36e929a5","Eukaryota","Opisthokonta","Metazoa","Arthropoda","Crustacea","Maxillopoda","Maxillopoda_X","Maxillopoda_XX_sp.",0.999999972,NA
"eea490a58e93fb6675a6f1e76d33354a","Eukaryota","Eukaryota_X","Eukaryota_XX","Eukaryota_XXX","Eukaryota_XXXX","Eukaryota_XXXXX","Eukaryota_XXXXXX","Eukaryota_XXXXXXX_sp.",0.999973928,NA
"ef5138b95aaf02e5b0b5c972cf30f298","Eukaryota","Hacrobia","Haptophyta","Prymnesiophyceae","Prymnesiophyceae_X","Prymnesiophyceae_XX","Prymnesiophyceae_XXX","Prymnesiophyceae_XXXX_sp.",0.999999763,"Haptophytes"
"efe087a11c2e4649783705adf4fc1fbd","Eukaryota","Eukaryota_X","Eukaryota_XX","Eukaryota_XXX","Eukaryota_XXXX","Eukaryota_XXXXX","Eukaryota_XXXXXX","Eukaryota_XXXXXXX_sp.",0.9999272,NA
"f0be5531624c827e14746ca2f610f7ba","Eukaryota","Alveolata","Dinoflagellata","Syndiniales","Dino-Group-I","Dino-Group-I-Clade-1","Dino-Group-I-Clade-1_X","Dino-Group-I-Clade-1_X_sp.",0.999998366,"Dinoflagellates"
"f12ce4c69e2ac28778fa6d485036827d","Eukaryota","Eukaryota_X","Eukaryota_XX","Eukaryota_XXX","Eukaryota_XXXX","Eukaryota_XXXXX","Eukaryota_XXXXXX","Eukaryota_XXXXXXX_sp.",0.999937466,NA
"f1a528b5e94efb1fff0ce85bb901849d","Eukaryota","Eukaryota_X","Eukaryota_XX","Eukaryota_XXX","Eukaryota_XXXX","Eukaryota_XXXXX","Eukaryota_XXXXXX","Eukaryota_XXXXXXX_sp.",0.999998654,NA
"f1c777bf9931303c0a568a8b3160b03f","Eukaryota","Rhizaria","Radiolaria","RAD-B","RAD-B_X","RAD-B_X_Group-III","RAD-B_X_Group-III_X","RAD-B_X_Group-III_X_sp.",0.999999986,NA
"f1e125ee140705a6a4d43f45b12d52e2","Eukaryota","Archaeplastida","Streptophyta","Embryophyceae","Embryophyceae_X","Embryophyceae_XX","EmbryophyceaeX_XX","EmbryophyceaeX_XXX_sp.",0.999999999,NA
"f200ea014a8a329999c4b2905655b955","Eukaryota","Stramenopiles","Ochrophyta","Bacillariophyta","Bacillariophyta_X","Bacillariophyta_XX","Bacillariophyta_XXX","Bacillariophyta_XXXX_sp.",0.99997843,"Diatoms"
"f22c5c736242715416fc9587a73b1300","Eukaryota","Hacrobia","Picozoa","Picozoa_X","Picozoa_XX","Picozoa_XXX","Picozoa_XXXX","Picozoa_XXXX_sp.",0.999994047,NA
"f31667c2191707b7d69654e3670b74fb","Eukaryota","Stramenopiles","Sagenista","MAST-7","MAST-7A","MAST-7A_X","MAST-7A_XX","MAST-7A_XX_sp.",0.999999529,"MAST"
"f365af25a62f05b093b70b4df3baa863","Eukaryota","Stramenopiles","Opalozoa","Bicoecea","Anoecales","Cafeteriaceae","Pseudobodo","Pseudobodo_tremulans",0.999998249,NA
"f374f05d9c4c0fc72fa2e05c6b34a0d6","Eukaryota","Eukaryota_X","Eukaryota_XX","Eukaryota_XXX","Eukaryota_XXXX","Eukaryota_XXXXX","Eukaryota_XXXXXX","Eukaryota_XXXXXXX_sp.",0.999886459,NA
"f3aa13d461399d8a79c0664a4c23e4a4","Eukaryota","Eukaryota_X","Eukaryota_XX","Eukaryota_XXX","Eukaryota_XXXX","Eukaryota_XXXXX","Eukaryota_XXXXXX","Eukaryota_XXXXXXX_sp.",0.999999992,NA
"f40ec89ba7692512f9b7a32123508cd7","Eukaryota","Stramenopiles","Ochrophyta","Chrysophyceae","Chrysophyceae_X","Chrysophyceae_Clade-I","Chrysophyceae_Clade-I_X","Chrysophyceae_Clade-I_X_sp.",1,NA
"f4808c54fd312ee609f3a147a1da5172","Eukaryota","Opisthokonta","Metazoa","Arthropoda","Crustacea","Maxillopoda","Maxillopoda_X","Maxillopoda_XX_sp.",0.999998407,NA
"f4a8602808b4914da7e48968809c6ad8","Eukaryota","Opisthokonta","Metazoa","Arthropoda","Crustacea","Maxillopoda","Maxillopoda_X","Maxillopoda_XX_sp.",0.999961572,NA
"f503449602263a538b002cc5b71877d0","Eukaryota","Alveolata","Dinoflagellata","Syndiniales","Dino-Group-II","Dino-Group-II-Clade-1","Dino-Group-II-Clade-1_X","Dino-Group-II-Clade-1_X_sp.",0.999995496,"Dinoflagellates"
"f503cbcdbdb4ecc0738d38e0e99b920e","Eukaryota","Opisthokonta","Metazoa","Arthropoda","Crustacea","Maxillopoda","Maxillopoda_X","Maxillopoda_XX_sp.",0.999922818,NA
"f5a1107d2f6cd8b8cb07872f22654d34","Eukaryota","Eukaryota_X","Eukaryota_XX","Eukaryota_XXX","Eukaryota_XXXX","Eukaryota_XXXXX","Eukaryota_XXXXXX","Eukaryota_XXXXXXX_sp.",0.999991391,NA
"f5c8dd4f1ab580e4f9b4de68a06fc0ba","Eukaryota","Stramenopiles","Ochrophyta","Bacillariophyta","Bacillariophyta_X","Bacillariophyta_XX","Bacillariophyta_XXX","Bacillariophyta_XXXX_sp.",0.985386909,"Diatoms"
"f66f735b0b38d4e5b63baf8637b05427","Eukaryota","Opisthokonta","Metazoa","Annelida","Annelida_X","Annelida_XX","AnnelidaX_XX","AnnelidaX_XXX_sp.",0.999945678,NA
"f68f1840f9a074e19a72327e8f196b37","Eukaryota","Eukaryota_X","Eukaryota_XX","Eukaryota_XXX","Eukaryota_XXXX","Eukaryota_XXXXX","Eukaryota_XXXXXX","Eukaryota_XXXXXXX_sp.",0.999930985,NA
"f69f1469cb67fab50ce5e8101a46270e","Eukaryota","Alveolata","Dinoflagellata","Dinophyceae","Dinophyceae_X","Dinophyceae_XX","Dinophyceae_XXX","Dinophyceae_XXXX_sp.",0.99934748,"Dinoflagellates"
"f6e9c73dabd619b5f4e812b5685bc1e5","Eukaryota","Eukaryota_X","Eukaryota_XX","Eukaryota_XXX","Eukaryota_XXXX","Eukaryota_XXXXX","Eukaryota_XXXXXX","Eukaryota_XXXXXXX_sp.",0.999998926,NA
"f77df380d304205300b466f82b09f4d0","Eukaryota","Opisthokonta","Metazoa","Annelida","Annelida_X","Annelida_XX","AnnelidaX_XX","AnnelidaX_XXX_sp.",0.999999916,NA
"f7ca22d98353d865eb09bf34f8880fd1","Eukaryota","Opisthokonta","Metazoa","Annelida","Annelida_X","Annelida_XX","AnnelidaX_XX","AnnelidaX_XXX_sp.",0.999993996,NA
"f7d276b135157bf776348c3abaed2600","Eukaryota","Rhizaria","Cercozoa","Filosa-Thecofilosea","Cryomonadida","Protaspa-lineage","Protaspa-lineage_X","Protaspa-lineage_X_sp.",0.991633632,NA
"f810ef4b3cc1364085a9f5311d062809","Eukaryota","Archaeplastida","Chlorophyta","Chlorophyta_X","Chlorophyta_XX","Chlorophyta_XXX","Chlorophyta_XXXX","Chlorophyta_XXXXX_sp.",0.999999953,"Greenalgae"
"f8cb855ae7a0dadeba8a12fca0b6bb8e","Eukaryota","Opisthokonta","Metazoa","Arthropoda","Crustacea","Maxillopoda","Maxillopoda_X","Maxillopoda_XX_sp.",0.998447384,NA
"f8e6a4fbffaa8346acd52fda57b9c554","Eukaryota","Archaeplastida","Rhodophyta","Florideophyceae","Gigartinales","Gigartinales_X","Gigartinales_XX","Gigartinales_XXX_sp.",0.998035736,"Rhodophytes"
"f984553075b868917dfe4b1e455034d0","Eukaryota","Alveolata","Dinoflagellata","Syndiniales","Dino-Group-II","Dino-Group-II-Clade-1","Dino-Group-II-Clade-1_X","Dino-Group-II-Clade-1_X_sp.",0.987390213,"Dinoflagellates"
"f9a8a81f66870d0616a1566256ae95ef","Eukaryota","Stramenopiles","Sagenista","Labyrinthulomycetes","Oblongichytrida","Oblongichytridiaceae","Oblongichytrium","Oblongichytrium_sp.",0.996984306,NA
"fa1f59ba33bd380ee0d9e33d222328ba","Eukaryota","Opisthokonta","Metazoa","Arthropoda","Crustacea","Maxillopoda","Maxillopoda_X","Maxillopoda_XX_sp.",0.999996172,NA
"faa78b5fdbf61f9abd75e2645489d8f7","Eukaryota","Opisthokonta","Fungi","Fungi_X","Fungi_XX","Fungi_XXX","Fungi_XXXX","Fungi_XXXXX_sp.",0.974159391,NA
"fab16d2a438872eae16e5580d5fd6c41","Eukaryota","Stramenopiles","Ochrophyta","Bacillariophyta","Bacillariophyta_X","Bacillariophyta_XX","Bacillariophyta_XXX","Bacillariophyta_XXXX_sp.",0.994002558,"Diatoms"
"fac22abcba43f45bcfb9f336f4ca3680","Eukaryota","Stramenopiles","Opalozoa","MAST-12","MAST-12A","MAST-12A_X","MAST-12A_XX","MAST-12A_XX_sp.",0.999909976,"MAST"
"fb9b91d400e8902f66b3301273b4f830","Eukaryota","Opisthokonta","Metazoa","Arthropoda","Crustacea","Malacostraca","Malacostraca_X","Malacostraca_XX_sp.",0.999999989,NA
"fbb64fef4dc90f4a1ae661e7a38935bb","Eukaryota","Rhizaria","Radiolaria","Polycystinea","Nassellaria","Lophophaenidae","Lithomelissa","Lithomelissa_setosa",0.997848429,NA
"fbc7ad8cc4fd56b6a5327c564e61f9c1","Unassigned","Unassigned_X","Unassigned_XX","Unassigned_XXX","Unassigned_XXXX","Unassigned_XXXXX","Unassigned_XXXXXX","Unassigned_XXXXXXX_sp.",0.988653889,NA
"fc131cade6bfc1c2058edaa7bc72b9c5","Eukaryota","Eukaryota_X","Eukaryota_XX","Eukaryota_XXX","Eukaryota_XXXX","Eukaryota_XXXXX","Eukaryota_XXXXXX","Eukaryota_XXXXXXX_sp.",0.999999989,NA
"fc14284f0988fa1d0caed3c476dec134","Eukaryota","Stramenopiles","Opalozoa","MAST-12","MAST-12A","MAST-12A_X","MAST-12A_XX","MAST-12A_XX_sp.",1,"MAST"
"fc64a53e9b31cfc16e5499c90ffda4ae","Eukaryota","Stramenopiles","Ochrophyta","Bacillariophyta","Bacillariophyta_X","Bacillariophyta_XX","Bacillariophyta_XXX","Bacillariophyta_XXXX_sp.",0.994901054,"Diatoms"
"fc7334117d5b51ebddce163bf9ccbc8b","Eukaryota","Stramenopiles","Ochrophyta","Chrysophyceae","Chrysophyceae_X","Chrysophyceae_Clade-C","Chrysophyceae_Clade-C_X","Chrysophyceae_Clade-C_XX_sp.",0.997735785,NA
"fdaae37b1690e953491abec8dd92ea69","Eukaryota","Archaeplastida","Rhodophyta","Bangiophyceae","Bangiales","Bangiaceae","Wildemania","Wildemania_sp.",0.999999458,"Rhodophytes"
"fdd8b54ee4b0541ee67ea54400c13d11","Eukaryota","Stramenopiles","Ochrophyta","Dictyochophyceae","Dictyochophyceae_X","Dictyochophyceae_XX","Dictyochophyceae_XXX","Dictyochophyceae_XXXX_sp.",0.996139559,NA
"fe06565797921b332c8b8fe2b33e1d02","Eukaryota","Eukaryota_X","Eukaryota_XX","Eukaryota_XXX","Eukaryota_XXXX","Eukaryota_XXXXX","Eukaryota_XXXXXX","Eukaryota_XXXXXXX_sp.",0.995422484,NA
"fe28863fa510674b7a8ed2e3c0fda9ad","Eukaryota","Eukaryota_X","Eukaryota_XX","Eukaryota_XXX","Eukaryota_XXXX","Eukaryota_XXXXX","Eukaryota_XXXXXX","Eukaryota_XXXXXXX_sp.",0.999725461,NA
"fe3896c43b0924b3bf8b52be3588b8c8","Eukaryota","Alveolata","Ciliophora","Phyllopharyngea","Cyrtophoria_1","PHYLL_4","PHYLL_4_X","PHYLL_4_X_sp.",0.998264918,NA
"feb614c24b80fff1e4fbfd88a506f146","Eukaryota","Alveolata","Dinoflagellata","Dinophyceae","Dinophyceae_X","Dinophyceae_XX","Dinophyceae_XXX","Dinophyceae_XXXX_sp.",0.970676404,"Dinoflagellates"
"ff0806b96ffc1821f6cfbad55b59c407","Eukaryota","Opisthokonta","Metazoa","Cnidaria","Cnidaria_X","Hydrozoa","Hydrozoa_X","Hydrozoa_XX_sp.",0.999988683,NA
"ff28358ade32dc9921521ea1e482fc70","Eukaryota","Rhizaria","Radiolaria","Acantharea","Acantharea_F","Acantharea_F3","Acantharea_F3_X","Acantharea_F3_XX_sp.",0.999775625,NA
"ff2fb4ead2951b86f7f2bdc00d13c3ba","Eukaryota","Opisthokonta","Metazoa","Bryozoa","Bryozoa_X","Bryozoa_XX","BryozoaX_XX","BryozoaX_XXX_sp.",0.999999986,NA
"ff365b8c11b1879d8448d1cd1c80319b","Eukaryota","Hacrobia","Centroheliozoa","Centroheliozoa_X","Centroheliozoa_XX","Centroheliozoa_XXX","Centroheliozoa_XXXX","Centroheliozoa_XXXXX_sp.",0.996705208,NA
"ffa78e589be75eaa9072e02525182a05","Eukaryota","Eukaryota_X","Eukaryota_XX","Eukaryota_XXX","Eukaryota_XXXX","Eukaryota_XXXXX","Eukaryota_XXXXXX","Eukaryota_XXXXXXX_sp.",0.998768675,NA
"ffc94e87b786902f4652d7c8bdb87f2b","Eukaryota","Stramenopiles","Stramenopiles_X","Stramenopiles_XX","Stramenopiles_XXX","Stramenopiles_XXXX","Stramenopiles_XXXXX","Stramenopiles_XXXXXX_sp.",0.999922387,NA
"00ba5d6ace136d3a930212bebb6fcb46","Eukaryota","Stramenopiles","Ochrophyta","Bacillariophyta","Bacillariophyta_X","Bacillariophyta_XX","Bacillariophyta_XXX","Bacillariophyta_XXXX_sp.",0.999810151,"Diatoms"
"0203e3b09dd2f90983984b12dbaed153","Eukaryota","Opisthokonta","Metazoa","Arthropoda","Crustacea","Maxillopoda","Maxillopoda_X","Maxillopoda_XX_sp.",0.99994271,NA
"0665e34c228b57ddd2562fd3b05acfda","Eukaryota","Alveolata","Ciliophora","Ciliophora_X","Ciliophora_XX","Ciliophora_XXX","Ciliophora_XXXX","Ciliophora_XXXXX_sp.",0.999515947,NA
"07000bb9be62b512d65c40eace3afffe","Eukaryota","Opisthokonta","Metazoa","Arthropoda","Crustacea","Maxillopoda","Maxillopoda_X","Maxillopoda_XX_sp.",1,NA
"0765637c849157f8c0f1f62740d0ba53","Eukaryota","Stramenopiles","Ochrophyta","Bacillariophyta","Bacillariophyta_X","Radial-centric-basal-Coscinodiscophyceae","Stellarima","Stellarima_microtrias",0.999920845,"Diatoms"
"093d26cb65f77bb02650e11561bea626","Eukaryota","Opisthokonta","Metazoa","Craniata","Craniata_X","Teleostei","Auxis","Auxis_rochei",0.998366836,NA
"09ed6aaafc0380d0b79fc268fdd08805","Eukaryota","Opisthokonta","Metazoa","Bryozoa","Bryozoa_X","Bryozoa_XX","Bowerbankia","Bowerbankia_imbricata",0.999962166,NA
"0b5638906dc40d25f01d65c59656627c","Eukaryota","Archaeplastida","Chlorophyta","Mamiellophyceae","Mamiellales","Mamiellaceae","Mantoniella","Mantoniella_squamata",0.998283164,"Greenalgae"
"0c178096c751fa16aad2f07ef1ac3a05","Eukaryota","Opisthokonta","Metazoa","Arthropoda","Crustacea","Maxillopoda","Maxillopoda_X","Maxillopoda_XX_sp.",0.998525556,NA
"0f05d0033205c6b8686982003d21948c","Eukaryota","Alveolata","Dinoflagellata","Syndiniales","Dino-Group-II","Dino-Group-II-Clade-1","Dino-Group-II-Clade-1_X","Dino-Group-II-Clade-1_X_sp.",0.999987375,"Dinoflagellates"
"10601ae8f713c386942a313157f9ecee","Eukaryota","Rhizaria","Cercozoa","Filosa-Imbricatea","Euglyphida","Paulinellidae","Paulinella","Paulinella_chromatophora",0.992737829,NA
"11f4279ecd6e6d8b6c3491ff6bd841b0","Eukaryota","Alveolata","Ciliophora","Ciliophora_X","Ciliophora_XX","Ciliophora_XXX","Ciliophora_XXXX","Ciliophora_XXXXX_sp.",0.999999945,NA
"12016f636ca98390de2940c35c2ca1bb","Eukaryota","Opisthokonta","Metazoa","Mollusca","Gastropoda","Heterobranchia","Heterobranchia_X","Heterobranchia_XX_sp.",1,NA
"1215e94d3fa92e09d139bb4da00098bc","Eukaryota","Eukaryota_X","Eukaryota_XX","Eukaryota_XXX","Eukaryota_XXXX","Eukaryota_XXXXX","Eukaryota_XXXXXX","Eukaryota_XXXXXXX_sp.",0.999999984,NA
"123fca5940c43eb08af7a07195c56fbb","Eukaryota","Eukaryota_X","Eukaryota_XX","Eukaryota_XXX","Eukaryota_XXXX","Eukaryota_XXXXX","Eukaryota_XXXXXX","Eukaryota_XXXXXXX_sp.",1,NA
"14a3e32eebccefe966d784f40665015d","Eukaryota","Opisthokonta","Metazoa","Arthropoda","Crustacea","Maxillopoda","Maxillopoda_X","Maxillopoda_XX_sp.",0.999856486,NA
"16fcd646c9c61df7046cbde9cb8ac979","Eukaryota","Stramenopiles","Ochrophyta","Bacillariophyta","Bacillariophyta_X","Bacillariophyta_XX","Bacillariophyta_XXX","Bacillariophyta_XXXX_sp.",0.999999391,"Diatoms"
"188b81d7ae454e7d745ff39c46362031","Eukaryota","Stramenopiles","Ochrophyta","Bacillariophyta","Bacillariophyta_X","Polar-centric-Mediophyceae","Odontella","Odontella_sinensis",0.98096034,"Diatoms"
"18fe68727caee5a74e712c1baefbf4e2","Eukaryota","Eukaryota_X","Eukaryota_XX","Eukaryota_XXX","Eukaryota_XXXX","Eukaryota_XXXXX","Eukaryota_XXXXXX","Eukaryota_XXXXXXX_sp.",0.999999828,NA
"1961b2a6a4cee9ceb106e478d5d3d208","Eukaryota","Stramenopiles","Ochrophyta","Bolidophyceae","Parmales","Parmales_env_2","Parmales_env_2_X","Parmales_env_2_X_sp.",0.999999963,NA
"1984c537b29f13163154ca73373afbfd","Eukaryota","Stramenopiles","Sagenista","Labyrinthulomycetes","Thraustochytrida","Thraustochytriaceae","Thraustochytriaceae_LAB17","Thraustochytriaceae_LAB17_sp.",0.979845478,NA
"19dcef53af10a263243bffb103d48932","Eukaryota","Amoebozoa","Lobosa","Tubulinea","Echinamoebida","Vermamoebidae","Hartmannella","Hartmannella_abertawensis",0.995702582,NA
"1ab9b9f581b527e2e0133d2160c95bd6","Eukaryota","Alveolata","Ciliophora","Spirotrichea","Spirotrichea_X","Spirotrichea_XX","Spirotrichea_XXX","Spirotrichea_XXXX_sp.",0.999995059,NA
"1b19f755f55fed681c45085d9a9f9d1a","Eukaryota","Rhizaria","Cercozoa","Filosa-Thecofilosea","Ventricleftida","CCW10-lineage","CCW10-lineage_X","CCW10-lineage_X_sp.",0.999507526,NA
"1b9f88272455c4d1275ab1e3193f982e","Eukaryota","Stramenopiles","Ochrophyta","Bacillariophyta","Bacillariophyta_X","Bacillariophyta_XX","Bacillariophyta_XXX","Bacillariophyta_XXXX_sp.",0.999403373,"Diatoms"
"1c80ecb79308fb59f57bc4c1daf3f536","Eukaryota","Eukaryota_X","Eukaryota_XX","Eukaryota_XXX","Eukaryota_XXXX","Eukaryota_XXXXX","Eukaryota_XXXXXX","Eukaryota_XXXXXXX_sp.",0.9999528,NA
"1da24d497bb1bd466ef2225fac0df591","Eukaryota","Opisthokonta","Metazoa","Platyhelminthes","Turbellaria","Acoelomorpha","Simplicomorpha","Simplicomorpha_gigantorhabditis",0.995575935,NA
"1e90ff9f351cf765e52fc136107dbf5e","Eukaryota","Opisthokonta","Metazoa","Arthropoda","Crustacea","Maxillopoda","Paracalanus","Paracalanus_sp.",0.978794308,NA
"204d25eaf9249bbc2c000bf6a2b8cfd3","Eukaryota","Stramenopiles","Ochrophyta","Bacillariophyta","Bacillariophyta_X","Radial-centric-basal-Coscinodiscophyceae","Stellarima","Stellarima_microtrias",0.999993998,"Diatoms"
"20a94c4e37c85e8085b16fb3a4086e25","Eukaryota","Stramenopiles","Sagenista","Labyrinthulomycetes","Thraustochytrida","Thraustochytriaceae","Thraustochytriaceae_LAB17","Thraustochytriaceae_LAB17_sp.",0.979351712,NA
"22b281eeead9372c63b5f38d44616a00","Eukaryota","Opisthokonta","Metazoa","Arthropoda","Crustacea","Maxillopoda","Maxillopoda_X","Maxillopoda_XX_sp.",0.999828421,NA
"23f9d501a385822185c98c43e4aa6138","Eukaryota","Stramenopiles","Ochrophyta","Bacillariophyta","Bacillariophyta_X","Polar-centric-Mediophyceae","Odontella","Odontella_sinensis",0.995068587,"Diatoms"
"2462678120068f9e81a09c1b6b0e9771","Eukaryota","Opisthokonta","Mesomycetozoa","Ichthyosporea","Rhynosporida","Rhynosporidae","Rhynosporidae_X","Rhynosporidae_X_sp.",0.998877967,NA
"2516453e212fcb6c46e8db117283b11d","Eukaryota","Alveolata","Dinoflagellata","Dinophyceae","Dinophyceae_X","Dinophyceae_XX","Dinophyceae_XXX","Dinophyceae_XXXX_sp.",0.999442737,"Dinoflagellates"
"258bedb66c82e28c457f0d837b4cc9da","Eukaryota","Stramenopiles","Ochrophyta","Bacillariophyta","Bacillariophyta_X","Polar-centric-Mediophyceae","Porosira","Porosira_X_sp.",1,"Diatoms"
"2685737d5518272e46d2c93e7d29165e","Eukaryota","Stramenopiles","Sagenista","Labyrinthulomycetes","Thraustochytrida","Thraustochytriaceae","Thraustochytriaceae_X","Thraustochytriaceae_XX_sp.",0.994496182,NA
"2787975b6fc470e30a7a38b752dc3986","Eukaryota","Alveolata","Dinoflagellata","Dinophyceae","Dinophyceae_X","Dinophyceae_XX","Dinophyceae_XXX","Dinophyceae_XXXX_sp.",0.997273498,"Dinoflagellates"
"2909715e33bd5d74fbc0713e67420c78","Eukaryota","Alveolata","Dinoflagellata","Syndiniales","Dino-Group-II","Dino-Group-II-Clade-12","Dino-Group-II-Clade-12_X","Dino-Group-II-Clade-12_X_sp.",0.987390194,"Dinoflagellates"
"2b2b2c64407a2e25a6c259b052e7b1ec","Eukaryota","Opisthokonta","Opisthokonta_X","Opisthokonta_XX","Opisthokonta_XXX","Opisthokonta_XXXX","Opisthokonta_XXXXX","Opisthokonta_XXXXXX_sp.",0.980096342,NA
"2cdd1d8220dd1f51f81f67286768918d","Eukaryota","Stramenopiles","Ochrophyta","MOCH-2","MOCH-2_X","MOCH-2_XX","MOCH-2_XXX","MOCH-2_XXX_sp.",0.999999998,NA
"2eb7519a71a7353ab8257404b6d085ff","Eukaryota","Stramenopiles","Ochrophyta","Bacillariophyta","Bacillariophyta_X","Radial-centric-basal-Coscinodiscophyceae","Stellarima","Stellarima_microtrias",0.999974788,"Diatoms"
"2f932923cc582c63d6e807ee2be53540","Eukaryota","Opisthokonta","Metazoa","Arthropoda","Crustacea","Maxillopoda","Maxillopoda_X","Maxillopoda_XX_sp.",0.999999059,NA
"2fd1583c037291cee22a507e2371fb81","Eukaryota","Eukaryota_X","Eukaryota_XX","Eukaryota_XXX","Eukaryota_XXXX","Eukaryota_XXXXX","Eukaryota_XXXXXX","Eukaryota_XXXXXXX_sp.",0.99999896,NA
"2fdf9b4425f2fc2930c8092f99f7e186","Eukaryota","Stramenopiles","Ochrophyta","Bacillariophyta","Bacillariophyta_X","Radial-centric-basal-Coscinodiscophyceae","Stellarima","Stellarima_microtrias",0.998553349,"Diatoms"
"2ffdd6d33cd10310164665cfc5f6bf17","Eukaryota","Hacrobia","Haptophyta","Prymnesiophyceae","Prymnesiophyceae_X","Prymnesiophyceae_XX","Prymnesiophyceae_XXX","Prymnesiophyceae_XXXX_sp.",0.999996063,"Haptophytes"
"314d9fa402a0e4e4605a1980b168a4e1","Eukaryota","Alveolata","Apicomplexa","Gregarinomorphea","Eugregarinorida","Polyplicariidae","Polyplicarium","Polyplicarium_sp.",1,NA
"31d6930d8481fc2e2d5262adeeebbc42","Eukaryota","Opisthokonta","Fungi","Fungi_X","Fungi_XX","Fungi_XXX","Fungi_XXXX","Fungi_XXXXX_sp.",0.977289062,NA
"32d223b5f3b7e80623aa29f49073653b","Eukaryota","Stramenopiles","Ochrophyta","Bacillariophyta","Bacillariophyta_X","Radial-centric-basal-Coscinodiscophyceae","Stellarima","Stellarima_microtrias",0.999683768,"Diatoms"
"32ea461c19b342218fb0232baab768f7","Eukaryota","Eukaryota_X","Eukaryota_XX","Eukaryota_XXX","Eukaryota_XXXX","Eukaryota_XXXXX","Eukaryota_XXXXXX","Eukaryota_XXXXXXX_sp.",0.99984938,NA
"331c38a2d016fe2264ea3b8677a33cd5","Eukaryota","Amoebozoa","Lobosa","Discosea-Flabellinia","Vannellida","Vannellidae","Vannella","Vannella_contorta",0.999999965,NA
"3425ce86578d18d4e60e3b728cabb8d0","Eukaryota","Eukaryota_X","Eukaryota_XX","Eukaryota_XXX","Eukaryota_XXXX","Eukaryota_XXXXX","Eukaryota_XXXXXX","Eukaryota_XXXXXXX_sp.",1,NA
"3533fd9bc18e5b544eeb663e3373023f","Eukaryota","Alveolata","Dinoflagellata","Syndiniales","Dino-Group-II","Dino-Group-II-Clade-22","Dino-Group-II-Clade-22_X","Dino-Group-II-Clade-22_X_sp.",0.974210673,"Dinoflagellates"
"37770e9661181c1d2b1e6a64efd5b91e","Eukaryota","Stramenopiles","Ochrophyta","Bacillariophyta","Bacillariophyta_X","Bacillariophyta_XX","Bacillariophyta_XXX","Bacillariophyta_XXXX_sp.",0.999994441,"Diatoms"
"3ca77036d68c9c4f4024b067f650207e","Eukaryota","Opisthokonta","Opisthokonta_X","Opisthokonta_XX","Opisthokonta_XXX","Opisthokonta_XXXX","Opisthokonta_XXXXX","Opisthokonta_XXXXXX_sp.",0.979967738,NA
"3d474754d60f45c3a444634b9220c832","Eukaryota","Opisthokonta","Mesomycetozoa","Ichthyosporea","Ichthyosphonida","Pseudoperkinsidae","Pseudoperkinsus","Pseudoperkinsus_tapetis",0.999974963,NA
"3da7c9c5c8124138ab0449c6a7cff11a","Eukaryota","Archaeplastida","Chlorophyta","Ulvophyceae","Ulotrichales","Ulotrichales_X","Monostroma","Monostroma_grevillei",0.997028782,"Greenalgae"
"3f9b73889ac367d8a5bfa43d7b2bcf40","Eukaryota","Amoebozoa","Lobosa","Discosea-Flabellinia","Dactylopodida","Paramoebidae","Neoparamoeba","Neoparamoeba_branchiphila",0.994124691,NA
"4096a2ac9043d20efd1c8e823ba658d6","Eukaryota","Alveolata","Dinoflagellata","Syndiniales","Dino-Group-I","Dino-Group-I-Clade-8","Dino-Group-I-Clade-8_X","Dino-Group-I-Clade-8_X_sp.",0.999993177,"Dinoflagellates"
"44e3452b1430c650bf6c4e3d04a85b85","Eukaryota","Rhizaria","Cercozoa","Endomyxa-Ascetosporea","Paradinida","Paradinidae","Paradinium","Paradinium_poucheti",0.996433239,NA
"4cd131c90462c373c26db462e12c6200","Eukaryota","Alveolata","Dinoflagellata","Dinophyceae","Suessiales","Suessiaceae","Pelagodinium","Pelagodinium_beii",0.999994582,"Dinoflagellates"
"4d518e3cf6c609a20644d1c75cf70d31","Eukaryota","Stramenopiles","Ochrophyta","Bacillariophyta","Bacillariophyta_X","Radial-centric-basal-Coscinodiscophyceae","Stellarima","Stellarima_microtrias",0.999993579,"Diatoms"
"4efb79d32861ffbbe76498426676c868","Eukaryota","Alveolata","Dinoflagellata","Dinophyceae","Dinophyceae_X","Dinophyceae_XX","Dinophyceae_XXX","Dinophyceae_XXXX_sp.",0.98767267,"Dinoflagellates"
"51831453e73185927d67a9d546bfa3ff","Eukaryota","Opisthokonta","Metazoa","Arthropoda","Crustacea","Maxillopoda","Maxillopoda_X","Maxillopoda_XX_sp.",0.986336246,NA
"531bb5f1c47ce0b381beaaf1501c0039","Eukaryota","Stramenopiles","Stramenopiles_X","Stramenopiles_XX","Stramenopiles_XXX","Stramenopiles_XXXX","Stramenopiles_XXXXX","Stramenopiles_XXXXXX_sp.",0.997342222,NA
"534419f78ded29dad439894e889928bc","Eukaryota","Stramenopiles","Sagenista","Labyrinthulomycetes","Thraustochytrida","Thraustochytriaceae","Thraustochytriaceae_LAB17","Thraustochytriaceae_LAB17_sp.",0.973735176,NA
"56499ccf9a89f3af774df44e2e79f1a8","Eukaryota","Hacrobia","Cryptophyta","Cryptophyceae","Cryptomonadales","Cryptomonadales_X","Geminigera","Geminigera_cryophila",0.979860848,"Cryptophytes"
"56b4da826566eea921242a30feb8443a","Eukaryota","Stramenopiles","Opalozoa","MAST-3","MAST-3I","MAST-3I_X","MAST-3I_XX","MAST-3I_XX_sp.",0.999999991,"MAST"
"57d5c15c138352aa4faee4b927b593ee","Eukaryota","Stramenopiles","Ochrophyta","Bacillariophyta","Bacillariophyta_X","Radial-centric-basal-Coscinodiscophyceae","Stellarima","Stellarima_microtrias",0.999978514,"Diatoms"
"58df2c55f67da8e279bba7b94b27cdb6","Eukaryota","Archaeplastida","Chlorophyta","Ulvophyceae","Ulvales-relatives","Ulvales-relatives_X","Ulvales-relatives_XX","Ulvales-relatives_XXX_sp.",0.983380956,"Greenalgae"
"5cf3315022bebc01169ed6e6bf03c8d0","Eukaryota","Stramenopiles","Ochrophyta","Bacillariophyta","Bacillariophyta_X","Bacillariophyta_XX","Bacillariophyta_XXX","Bacillariophyta_XXXX_sp.",0.99851286,"Diatoms"
"6148e919b4c09348111de5308413e96d","Eukaryota","Stramenopiles","Ochrophyta","Bacillariophyta","Bacillariophyta_X","Bacillariophyta_XX","Bacillariophyta_XXX","Bacillariophyta_XXXX_sp.",0.986220896,"Diatoms"
"68458d3c81983343b4fd2b9391d7f471","Eukaryota","Archaeplastida","Chlorophyta","Pyramimonadophyceae","Pyramimonadales","Pyramimonadales_X","Cymbomonas","Cymbomonas_tetramitiformis",0.999982189,"Greenalgae"
"698738ea088ad7b04d8bb08a685c0e28","Eukaryota","Stramenopiles","Ochrophyta","Pelagophyceae","Pelagomonadales","Pelagomonadaceae","Pelagococcus","Pelagococcus_subviridis",0.99981199,NA
"6a36eb2b5e4a9f24f9484871519808c4","Eukaryota","Opisthokonta","Metazoa","Rotifera","Rotifera_X","Rotifera_XX","Rotifera_XXX","Rotifera_XXX_sp.",0.981190135,NA
"6a45177b76717be870a4d2684b35d72a","Eukaryota","Rhizaria","Cercozoa","Endomyxa-Ascetosporea","Paradinida","Paradinidae","Paradinidae_X","Paradinidae_XX_sp.",0.981578172,NA
"6bc4eddaec7d65de8267b2606de55932","Eukaryota","Opisthokonta","Metazoa","Mollusca","Bivalvia","Heteroconchia","Heteroconchia_X","Heteroconchia_XX_sp.",1,NA
"6c1244183ff00bd57440bedac8b5e02b","Eukaryota","Alveolata","Ciliophora","Spirotrichea","Hypotrichia","Hypotrichia_X","Hypotrichia_XX","Hypotrichia_XXX_sp.",0.999573023,NA
"6d71b23647521a6abd73fadb6290065b","Eukaryota","Alveolata","Dinoflagellata","Syndiniales","Dino-Group-II","Dino-Group-II-Clade-1","Dino-Group-II-Clade-1_X","Dino-Group-II-Clade-1_X_sp.",0.998747856,"Dinoflagellates"
"6fc025d5e7888f712d15c1ec7c96c17f","Eukaryota","Stramenopiles","Sagenista","Labyrinthulomycetes","Oblongichytrida","Oblongichytridiaceae","Oblongichytrium","Oblongichytrium_sp.",0.992933572,NA
"6fe47530746e8d102ebb01a41cfcc816","Eukaryota","Eukaryota_X","Eukaryota_XX","Eukaryota_XXX","Eukaryota_XXXX","Eukaryota_XXXXX","Eukaryota_XXXXXX","Eukaryota_XXXXXXX_sp.",0.999831923,NA
"7228cb4bee9273ca397c76b963d21855","Eukaryota","Opisthokonta","Fungi","Ascomycota","Pezizomycotina","Dothideomycetes","Dothideomycetes_X","Dothideomycetes_XX_sp.",0.973886468,NA
"7452b466560c428e81462d822da141fd","Eukaryota","Alveolata","Dinoflagellata","Syndiniales","Dino-Group-II","Dino-Group-II-Clade-6","Dino-Group-II-Clade-6_X","Dino-Group-II-Clade-6_X_sp.",0.999303363,"Dinoflagellates"
"74708d08b4cba9d6bff19f57cb167295","Eukaryota","Stramenopiles","Ochrophyta","Bacillariophyta","Bacillariophyta_X","Polar-centric-Mediophyceae","Polar-centric-Mediophyceae_X","Polar-centric-Mediophyceae_XX_sp.",0.975277165,"Diatoms"
"74c049613350800df4f0a01d2a9b61a7","Eukaryota","Alveolata","Dinoflagellata","Syndiniales","Dino-Group-II","Dino-Group-II-Clade-3","Dino-Group-II-Clade-3_X","Dino-Group-II-Clade-3_X_sp.",0.992895811,"Dinoflagellates"
"751bfdf131ee1bd849fd724853a142e1","Eukaryota","Opisthokonta","Metazoa","Arthropoda","Crustacea","Maxillopoda","Maxillopoda_X","Maxillopoda_XX_sp.",0.999978732,NA
"753299a4105d2658a26965f3f9c3340d","Eukaryota","Opisthokonta","Fungi","Fungi_X","Fungi_XX","Fungi_XXX","Fungi_XXXX","Fungi_XXXXX_sp.",0.987583529,NA
"7551f7aaa6003d01472c19a0e3471573","Eukaryota","Apusozoa","Apusomonadidae","Apusomonadidae_Group-1","Apusomonadidae_Group-1_X","Apusomonadidae_Group-1_XX","Apusomonadidae_Group-1_XXX","Apusomonadidae_Group-1_XXX_sp.",0.999988211,NA
"757c46aec059b5851181abe7e0f24de9","Eukaryota","Alveolata","Dinoflagellata","Syndiniales","Dino-Group-II","Dino-Group-II-Clade-5","Dino-Group-II-Clade-5_X","Dino-Group-II-Clade-5_X_sp.",0.999998298,"Dinoflagellates"
"76910175023a7e8af7faac895110f86b","Eukaryota","Opisthokonta","Metazoa","Annelida","Annelida_X","Annelida_XX","AnnelidaX_XX","AnnelidaX_XXX_sp.",0.999998954,NA
"7d4bcd34f466a642b0fac0ea0909e09e","Eukaryota","Stramenopiles","Ochrophyta","Chrysophyceae","Chrysophyceae_X","Chrysophyceae_XX","Chrysophyceae_XXX","Chrysophyceae_XXXX_sp.",0.985677296,NA
"7e0dad940f843bc31629950cf36a1df3","Eukaryota","Stramenopiles","Ochrophyta","Phaeophyceae","Phaeophyceae_X","Phaeophyceae_XX","Halothrix","Halothrix_ambigua",0.999618897,NA
"7e7a68791dc102b1ecbcab850ec35422","Eukaryota","Excavata","Discoba","Euglenida","Euglenophyceae","Eutreptiidae","Eutreptiella","Eutreptiella_gymnastica",1,NA
"801bd9fcfc668e98733f9d91b073d2e7","Eukaryota","Alveolata","Dinoflagellata","Syndiniales","Dino-Group-II","Dino-Group-II-Clade-28","Dino-Group-II-Clade-28_X","Dino-Group-II-Clade-28_X_sp.",0.971940648,"Dinoflagellates"
"806422d63c0b310d0f08ca1d550423f7","Unassigned","Unassigned_X","Unassigned_XX","Unassigned_XXX","Unassigned_XXXX","Unassigned_XXXXX","Unassigned_XXXXXX","Unassigned_XXXXXXX_sp.",0.975911578,NA
"80be05ffdbbad482b45ede6160a9fc08","Eukaryota","Eukaryota_X","Eukaryota_XX","Eukaryota_XXX","Eukaryota_XXXX","Eukaryota_XXXXX","Eukaryota_XXXXXX","Eukaryota_XXXXXXX_sp.",0.999999972,NA
"813953c2703ede3e94e198b48854ba24","Eukaryota","Alveolata","Dinoflagellata","Dinophyceae","Dinophyceae_X","Dinophyceae_XX","Dinophyceae_XXX","Dinophyceae_XXXX_sp.",0.999766818,"Dinoflagellates"
"81ca41a85fca866b561016e55d85b33b","Eukaryota","Stramenopiles","Ochrophyta","Bacillariophyta","Bacillariophyta_X","Polar-centric-Mediophyceae","Odontella","Odontella_sinensis",0.9793075,"Diatoms"
"84517908f19a0a6ccd808b35f0154840","Eukaryota","Rhizaria","Cercozoa","Phaeodarea","Phaeogymnocellida","Phaeodinidae","Phaeodina","Phaeodina_sp.",0.999997402,NA
"883ec0dc18092de21d31fd1b55238744","Eukaryota","Eukaryota_X","Eukaryota_XX","Eukaryota_XXX","Eukaryota_XXXX","Eukaryota_XXXXX","Eukaryota_XXXXXX","Eukaryota_XXXXXXX_sp.",0.999996559,NA
"8ba4d95c7dfc420f8e16dfa8d2b1f456","Eukaryota","Rhizaria","Radiolaria","Acantharea","Acantharea_B","Acantharea_B1","Acanthochiasma","Acanthochiasma_sp.",1,NA
"8d9d91c4723afc1e4c433d376ee5e692","Eukaryota","Alveolata","Dinoflagellata","Dinophyceae","Peridiniales","Amphidiniopsidaceae","Islandinium","Islandinium_tricingulatum",0.994236195,"Dinoflagellates"
"8e3f27dca5b9889e03f1819ddfb7f741","Eukaryota","Stramenopiles","Ochrophyta","Bacillariophyta","Bacillariophyta_X","Radial-centric-basal-Coscinodiscophyceae","Stellarima","Stellarima_microtrias",0.999988752,"Diatoms"
"8fb235495454e811ccb161a79045a5e4","Eukaryota","Rhizaria","Radiolaria","RAD-C","RAD-C_X","RAD-C_Xb","RAD-C_Xb_X","RAD-C_Xb_X_sp.",1,NA
"90648fde98ed8af3c11aae718628732a","Eukaryota","Stramenopiles","Stramenopiles_X","Stramenopiles_XX","Stramenopiles_XXX","Stramenopiles_XXXX","Stramenopiles_XXXXX","Stramenopiles_XXXXXX_sp.",0.995174337,NA
"909e9c7366a841546ac4e214a5a92808","Eukaryota","Stramenopiles","Opalozoa","MAST-3","MAST-3B","MAST-3B_X","MAST-3B_XX","MAST-3B_XX_sp.",0.98721324,"MAST"
"92b874b6cd1bea87b02a1f6db45fe605","Eukaryota","Archaeplastida","Chlorophyta","Chlorophyceae","Chlamydomonadales","Chlamydomonadales_X","Chlamydomonas","Chlamydomonas_sp.",0.98961834,"Greenalgae"
"94f351b22b43e9fbde1132aed60c28a5","Eukaryota","Eukaryota_X","Eukaryota_XX","Eukaryota_XXX","Eukaryota_XXXX","Eukaryota_XXXXX","Eukaryota_XXXXXX","Eukaryota_XXXXXXX_sp.",1,NA
"953a5748098c817f516d6b6142dad81d","Eukaryota","Eukaryota_X","Eukaryota_XX","Eukaryota_XXX","Eukaryota_XXXX","Eukaryota_XXXXX","Eukaryota_XXXXXX","Eukaryota_XXXXXXX_sp.",0.999998007,NA
"9542845f9c78c5a11545fb0288255d23","Eukaryota","Alveolata","Dinoflagellata","Syndiniales","Dino-Group-II","Dino-Group-II-Clade-20","Dino-Group-II-Clade-20_X","Dino-Group-II-Clade-20_X_sp.",0.999975127,"Dinoflagellates"
"98e67fb0fb1237953be6b820d0e451e6","Eukaryota","Alveolata","Dinoflagellata","Syndiniales","Dino-Group-II","Dino-Group-II-Clade-7","Dino-Group-II-Clade-7_X","Dino-Group-II-Clade-7_X_sp.",0.996521534,"Dinoflagellates"
"9caa6927aa5ba73f41eb5d8c9f61cb1b","Eukaryota","Alveolata","Dinoflagellata","Syndiniales","Dino-Group-II","Dino-Group-II-Clade-4","Dino-Group-II-Clade-4_X","Dino-Group-II-Clade-4_X_sp.",0.999999011,"Dinoflagellates"
"9cf67b85b0e58ddd96318ca8637442f9","Eukaryota","Stramenopiles","Ochrophyta","Pelagophyceae","Pelagomonadales","Pelagomonadales_clade_A","Pelagomonadales_clade_A1","Pelagomonadales_clade_A1_sp.",0.984573948,NA
"9cf8501033f99ad0728fe050eb53e56b","Eukaryota","Stramenopiles","Ochrophyta","Bacillariophyta","Bacillariophyta_X","Bacillariophyta_XX","Bacillariophyta_XXX","Bacillariophyta_XXXX_sp.",0.999875956,"Diatoms"
"9d1251efb80d44be1cd876affce0324c","Eukaryota","Alveolata","Dinoflagellata","Syndiniales","Dino-Group-I","Dino-Group-I-Clade-4","Dino-Group-I-Clade-4_X","Dino-Group-I-Clade-4_X_sp.",0.990205877,"Dinoflagellates"
"9d75fda5d2177647ebff44ff15f6542a","Eukaryota","Rhizaria","Cercozoa","Filosa-Thecofilosea","Ebriida","Botuliformidae","Botuliforma","Botuliforma_benthica",0.995298313,NA
"9ebfa1994a2c4ea8c0de75994cfdbe1d","Eukaryota","Alveolata","Ciliophora","Spirotrichea","Tintinnida","Ptychocylididae","Cymatocylis","Cymatocylis_X_sp.",0.989485653,NA
"a057b52aa401c59d7342a09d495eeb76","Eukaryota","Alveolata","Dinoflagellata","Syndiniales","Dino-Group-II","Dino-Group-II-Clade-1","Dino-Group-II-Clade-1_X","Dino-Group-II-Clade-1_X_sp.",0.999874064,"Dinoflagellates"
"a0e94c517a4a59ccb238684d05205de9","Eukaryota","Stramenopiles","Ochrophyta","Bacillariophyta","Bacillariophyta_X","Raphid-pennate","Pleurosigma","Pleurosigma_intermedium",0.975194343,"Diatoms"
"a1527a0505d38fd88d6bd217f86d26b1","Eukaryota","Stramenopiles","Ochrophyta","Bacillariophyta","Bacillariophyta_X","Radial-centric-basal-Coscinodiscophyceae","Stellarima","Stellarima_microtrias",0.999988456,"Diatoms"
"a3c0b2e38af026e01ec1547a5b4213db","Eukaryota","Stramenopiles","Opalozoa","MAST-3","MAST-3I","MAST-3I_X","MAST-3I_XX","MAST-3I_XX_sp.",0.999999999,"MAST"
"a4660a2e5301c2acd9ec3568445a1aa4","Eukaryota","Opisthokonta","Metazoa","Annelida","Annelida_X","Annelida_XX","AnnelidaX_XX","AnnelidaX_XXX_sp.",0.999999891,NA
"a762ef7b24290c8e2b1162692e5bb7dc","Eukaryota","Stramenopiles","Ochrophyta","Bacillariophyta","Bacillariophyta_X","Bacillariophyta_XX","Bacillariophyta_XXX","Bacillariophyta_XXXX_sp.",0.999800925,"Diatoms"
"a9e9cd4b74a4063993e790cdca6f55c7","Eukaryota","Alveolata","Dinoflagellata","Dinophyceae","Dinophyceae_X","Dinophyceae_XX","Dinophyceae_XXX","Dinophyceae_XXXX_sp.",0.994437313,"Dinoflagellates"
"aa00fa918e015b6ddbf7e9b42fa6259e","Eukaryota","Archaeplastida","Rhodophyta","Florideophyceae","Florideophyceae_X","Florideophyceae_XX","Florideophyceae_XXX","Florideophyceae_XXXX_sp.",0.999999815,"Rhodophytes"
"aa8f6e9cc6f7e02a7dc8ebf2dde86299","Eukaryota","Stramenopiles","Ochrophyta","Chrysophyceae","Chrysophyceae_X","Chrysophyceae_Clade-C","Chrysophyceae_Clade-C_X","Chrysophyceae_Clade-C_XX_sp.",0.99996131,NA
"aaf5d18c355e3e567592493e2f1450dc","Eukaryota","Rhizaria","Cercozoa","Filosa-Thecofilosea","Filosa-Thecofilosea_X","Mataza-lineage","Mataza-lineage_X","Mataza-lineage_X_sp.",0.999606435,NA
"ac015e193a59bd8ac372e3ae185eea33","Eukaryota","Opisthokonta","Choanoflagellida","Choanoflagellatea","Craspedida","Monosigidae_Group_A","Choanoeca","Choanoeca_perplexa",0.999997499,NA
"acdc18181f55c92d4fb65e32950ea06f","Eukaryota","Archaeplastida","Chlorophyta","Mamiellophyceae","Mamiellales","Mamiellaceae","Mantoniella","Mantoniella_squamata",0.991559058,"Greenalgae"
"afe47e00a37851de47de8eb1cbed8d2b","Eukaryota","Stramenopiles","Sagenista","MAST-6","MAST-6_X","MAST-6_XX","MAST-6_XXX","MAST-6_XXX_sp.",0.999999701,"MAST"
"b0819fa590ddd0a0ce6eeb091b50cce9","Eukaryota","Opisthokonta","Metazoa","Arthropoda","Crustacea","Malacostraca","Malacostraca_X","Malacostraca_XX_sp.",1,NA
"b34d9dd077c0dc1f5a8f87feb73cf114","Eukaryota","Alveolata","Ciliophora","Spirotrichea","Tintinnida","Tintinnida_X","Tintinnida_XX","Tintinnida_XXX_sp.",0.999999998,NA
"b814d8f563e641ab42653072837310a7","Eukaryota","Archaeplastida","Rhodophyta","Florideophyceae","Gigartinales","Gigartinales_X","Gigartinales_XX","Gigartinales_XXX_sp.",0.995885745,"Rhodophytes"
"b870c9c8b2975c7d7762c7b9b84188b5","Eukaryota","Archaeplastida","Streptophyta","Embryophyceae","Embryophyceae_X","Embryophyceae_XX","EmbryophyceaeX_XX","EmbryophyceaeX_XXX_sp.",0.999969037,NA
"b8b6c0a276afac139585cc9a5db17c2f","Eukaryota","Stramenopiles","Ochrophyta","Bacillariophyta","Bacillariophyta_X","Bacillariophyta_XX","Bacillariophyta_XXX","Bacillariophyta_XXXX_sp.",0.999995936,"Diatoms"
"c038533aee4ebed8d9a42f47abde031a","Eukaryota","Alveolata","Dinoflagellata","Dinophyceae","Gonyaulacales","Ceratiaceae","Tripos","Tripos_fusus",0.991942864,"Dinoflagellates"
"c0c1bd426bc73ee6b6a53cf048ba70e5","Eukaryota","Alveolata","Dinoflagellata","Dinophyceae","Dinophyceae_X","Dinophyceae_XX","Dinophyceae_XXX","Dinophyceae_XXXX_sp.",0.98573842,"Dinoflagellates"
"c168a32770c2567cc5ce40c951c2a095","Eukaryota","Opisthokonta","Metazoa","Metazoa_X","Metazoa_XX","Metazoa_XXX","Metazoa_XXXX","Metazoa_XXXXX_sp.",0.980725622,NA
"c4d5a85fce6c908ccaa722bb59b268bb","Eukaryota","Alveolata","Dinoflagellata","Syndiniales","Dino-Group-I","Dino-Group-I-Clade-2","Dino-Group-I-Clade-2_X","Dino-Group-I-Clade-2_X_sp.",0.999888515,"Dinoflagellates"
"c7f26274a30dfc30328333920f71e444","Eukaryota","Stramenopiles","Ochrophyta","Bacillariophyta","Bacillariophyta_X","Polar-centric-Mediophyceae","Odontella","Odontella_sinensis",0.970756817,"Diatoms"
"c89dbb32f2f022a08dbecab6eebeaae8","Eukaryota","Opisthokonta","Metazoa","Arthropoda","Crustacea","Maxillopoda","Maxillopoda_X","Maxillopoda_XX_sp.",0.999855494,NA
"c8b8c4adae3f6ba60c32111356f4b9dc","Eukaryota","Alveolata","Dinoflagellata","Syndiniales","Dino-Group-I","Dino-Group-I-Clade-1","Dino-Group-I-Clade-1_X","Dino-Group-I-Clade-1_X_sp.",0.999999802,"Dinoflagellates"
"c8ec01f7714135e31188b274d605cb1b","Eukaryota","Stramenopiles","Ochrophyta","Bacillariophyta","Bacillariophyta_X","Radial-centric-basal-Coscinodiscophyceae","Stellarima","Stellarima_microtrias",0.999887578,"Diatoms"
"c9919934bea7b61e47051824a56396e8","Eukaryota","Alveolata","Ciliophora","Phyllopharyngea","Cyrtophoria_1","PHYLL_4","PHYLL_4_X","PHYLL_4_X_sp.",0.999334097,NA
"cb2fe362314e80b4ce11dcb7f60f26d0","Eukaryota","Stramenopiles","Stramenopiles_X","Stramenopiles_XX","Stramenopiles_XXX","Stramenopiles_XXXX","Stramenopiles_XXXXX","Stramenopiles_XXXXXX_sp.",0.973535212,NA
"cb59dfbd0afe035cce115679cd2dc4fd","Eukaryota","Alveolata","Dinoflagellata","Dinophyceae","Suessiales","Symbiodiniaceae","Effrenium","Effrenium_sp.",0.987485415,"Dinoflagellates"
"cbd204fb8af778bb77b9b1186dd6e120","Eukaryota","Eukaryota_X","Eukaryota_XX","Eukaryota_XXX","Eukaryota_XXXX","Eukaryota_XXXXX","Eukaryota_XXXXXX","Eukaryota_XXXXXXX_sp.",0.99994128,NA
"cbf154ca6d5206ba740a074486575e1a","Eukaryota","Eukaryota_X","Eukaryota_XX","Eukaryota_XXX","Eukaryota_XXXX","Eukaryota_XXXXX","Eukaryota_XXXXXX","Eukaryota_XXXXXXX_sp.",0.997739157,NA
"ce72719164bee11691984020eb1d2f6d","Eukaryota","Opisthokonta","Metazoa","Mollusca","Gastropoda","Caenogastropoda","Caenogastropoda_X","Caenogastropoda_XX_sp.",0.978971858,NA
"cedd6bc21f6e3641e8d7894f6b0edde4","Eukaryota","Rhizaria","Radiolaria","RAD-B","RAD-B_X","RAD-B_XX","RAD-B_XXX","RAD-B_XXXX_sp.",0.996260951,NA
"cf2089dc2fed55e07f316ec8046cc9c5","Eukaryota","Rhizaria","Cercozoa","Chlorarachniophyceae","Chlorarachnida","Minorisa-lineage","Minorisa","Minorisa_minuta",0.999757802,NA
"d072acd702752003d506da82027a152d","Eukaryota","Opisthokonta","Metazoa","Arthropoda","Crustacea","Maxillopoda","Maxillopoda_X","Maxillopoda_XX_sp.",0.999993437,NA
"d1d3fc468465215792cd0b4f85c4e093","Eukaryota","Stramenopiles","Ochrophyta","Bacillariophyta","Bacillariophyta_X","Bacillariophyta_XX","Bacillariophyta_XXX","Bacillariophyta_XXXX_sp.",0.998532123,"Diatoms"
"d31e131d42049ad61017d574d5849a06","Eukaryota","Opisthokonta","Metazoa","Annelida","Annelida_X","Annelida_XX","Eteone","Eteone_longa",0.999734483,NA
"d459df56bbd15b9a00ba2e4db1265bb2","Eukaryota","Opisthokonta","Metazoa","Arthropoda","Crustacea","Maxillopoda","Maxillopoda_X","Maxillopoda_XX_sp.",0.999784395,NA
"d48d7c1326e4b2f5265c86232088f68d","Eukaryota","Opisthokonta","Metazoa","Ctenophora","Ctenophora_X","Ctenophora_XX","CtenophoraX_XX","CtenophoraX_XXX_sp.",0.975481977,NA
"d58e02730f7b976ee14c9f0c6a016f0b","Eukaryota","Excavata","Discoba","Diplonemea","Diplonemida","Diplonemidae","Diplonema","Diplonema_sp.",0.983494186,NA
"d83e76dd80d0b5f9bd8fe372941a4367","Eukaryota","Eukaryota_X","Eukaryota_XX","Eukaryota_XXX","Eukaryota_XXXX","Eukaryota_XXXXX","Eukaryota_XXXXXX","Eukaryota_XXXXXXX_sp.",0.999999999,NA
"d8e79099d37bf0d8ca245dc27d568a16","Eukaryota","Rhizaria","Cercozoa","Filosa-Thecofilosea","Cryomonadida","Protaspa-lineage","Protaspa","Protaspa_sp.",0.999774779,NA
"d9514504f3bde20a330f47926cdd3751","Eukaryota","Stramenopiles","Ochrophyta","Bacillariophyta","Bacillariophyta_X","Bacillariophyta_XX","Bacillariophyta_XXX","Bacillariophyta_XXXX_sp.",0.999860905,"Diatoms"
"d9b9f6995e25413cb7adcacce3e501ba","Eukaryota","Stramenopiles","Opalozoa","MAST-3","MAST-3J","MAST-3J_X","MAST-3J_XX","MAST-3J_XX_sp.",0.993995629,"MAST"
"dc362835eae36455785bf673c159d21c","Eukaryota","Opisthokonta","Metazoa","Annelida","Annelida_X","Annelida_XX","Caulleriella","Caulleriella_parva",0.992096564,NA
"dc7fbebe0b6c74acb9848d1c56a5d641","Eukaryota","Hacrobia","Cryptophyta","Cryptophyceae","Cryptomonadales","Cryptomonadales_X","Geminigera","Geminigera_cryophila",0.996024035,"Cryptophytes"
"dca700fe11fef3c191725daae3f36a46","Eukaryota","Alveolata","Dinoflagellata","Syndiniales","Dino-Group-II","Dino-Group-II_X","Dino-Group-II_XX","Dino-Group-II_XXX_sp.",0.97963048,"Dinoflagellates"
"deaf90190e2ecfde8837ddfdffbc5571","Eukaryota","Eukaryota_X","Eukaryota_XX","Eukaryota_XXX","Eukaryota_XXXX","Eukaryota_XXXXX","Eukaryota_XXXXXX","Eukaryota_XXXXXXX_sp.",0.999361761,NA
"df9265cfbda4390e8b581e2de7044c0d","Eukaryota","Rhizaria","Cercozoa","Filosa-Thecofilosea","Cryomonadida","Protaspa-lineage","Protaspa-lineage_X","Protaspa-lineage_X_sp.",0.973510129,NA
"e03a5df39a9cd5a516ccf5f1ba8ade79","Eukaryota","Stramenopiles","Ochrophyta","Dictyochophyceae","Dictyochophyceae_X","Pedinellales","Pedinellales_X","Pedinellales_X_sp.",0.999864878,NA
"e13162a6bdc222ecfb9099851bf8d2fd","Eukaryota","Stramenopiles","Ochrophyta","Bacillariophyta","Bacillariophyta_X","Raphid-pennate","Raphid-pennate_X","Raphid-pennate_XX_sp.",0.981888812,"Diatoms"
"e8b919df50f33388a1062fabfd89a270","Eukaryota","Stramenopiles","Ochrophyta","Bacillariophyta","Bacillariophyta_X","Radial-centric-basal-Coscinodiscophyceae","Stellarima","Stellarima_microtrias",0.999961589,"Diatoms"
"e92fee7a3921b3b1e6fe6ad358bc62ba","Eukaryota","Rhizaria","Radiolaria","RAD-B","RAD-B_X","RAD-B_X_Group-II","RAD-B_X_Group-II_X","RAD-B_X_Group-II_X_sp.",0.999999773,NA
"e9631f20eef544ba497a32e3571ce157","Eukaryota","Opisthokonta","Fungi","Basidiomycota","Agaricomycotina","Agaricomycetes","Agaricomycetes_X","Agaricomycetes_XX_sp.",0.999863545,NA
"e9c91cf6f85f91d9af591bdc79a0af2b","Eukaryota","Opisthokonta","Opisthokonta_X","Opisthokonta_XX","Opisthokonta_XXX","Opisthokonta_XXXX","Opisthokonta_XXXXX","Opisthokonta_XXXXXX_sp.",0.983582876,NA
"eaea0bd4f08d59ef7558539762a74e9a","Eukaryota","Alveolata","Dinoflagellata","Syndiniales","Dino-Group-I","Dino-Group-I-Clade-5","Dino-Group-I-Clade-5_X","Dino-Group-I-Clade-5_X_sp.",0.992337499,"Dinoflagellates"
"ecbf48334144f2fc64763abc5e55fbaf","Eukaryota","Excavata","Discoba","Diplonemea","Diplonemida","Diplonemidae","Diplonema","Diplonema_sp.",0.988530287,NA
"ee848a971b0371cc3626590c1a88d967","Eukaryota","Rhizaria","Cercozoa","Chlorarachniophyceae","Chlorarachniophyceae_X","NPK2-lineage","NPK2-lineage_X","NPK2-lineage_X_sp.",1,NA
"eed6cc50a319155fe4858d7bc674a10d","Eukaryota","Stramenopiles","Ochrophyta","Bacillariophyta","Bacillariophyta_X","Bacillariophyta_XX","Bacillariophyta_XXX","Bacillariophyta_XXXX_sp.",0.992312018,"Diatoms"
"f399933f7994576a0a6f8657ccfad4de","Eukaryota","Opisthokonta","Metazoa","Arthropoda","Crustacea","Maxillopoda","Maxillopoda_X","Maxillopoda_XX_sp.",0.999964058,NA
"f44628e9b23e749d99940f0ed4365fee","Eukaryota","Opisthokonta","Metazoa","Arthropoda","Crustacea","Maxillopoda","Archinotodelphys","Archinotodelphys_sp.",0.994103566,NA
"f4b09a51c4e7dc740c9b64e57feccbbd","Eukaryota","Stramenopiles","Ochrophyta","Bacillariophyta","Bacillariophyta_X","Radial-centric-basal-Coscinodiscophyceae","Radial-centric-basal-Coscinodiscophyceae_X","Radial-centric-basal-Coscinodiscophyceae_X_sp.",0.998819364,"Diatoms"
"f4c12584b5fbc1c3dff0a51d909210a2","Eukaryota","Stramenopiles","Pseudofungi","Oomycota","Oomycota_X","Oomycota_XX","Oomycota_XXX","Oomycota_XXXX_sp.",0.999300056,NA
"f56838549cd91121805c70857d63971f","Eukaryota","Opisthokonta","Metazoa","Myzostomida","Myzostomida_X","Myzostomida_XX","Myzostoma","Myzostoma_polycyclus",0.999999791,NA
"f5a10a865bcb00da19e44870fe054f22","Eukaryota","Stramenopiles","Ochrophyta","Bacillariophyta","Bacillariophyta_X","Radial-centric-basal-Coscinodiscophyceae","Stellarima","Stellarima_microtrias",0.999960159,"Diatoms"
"f617087d3802ea6cbc1312b9aaa92e19","Eukaryota","Alveolata","Dinoflagellata","Syndiniales","Dino-Group-II","Dino-Group-II-Clade-5","Dino-Group-II-Clade-5_X","Dino-Group-II-Clade-5_X_sp.",0.999505203,"Dinoflagellates"
"f71d1894d164388a3ed88930aaaf3db6","Eukaryota","Stramenopiles","Ochrophyta","Dictyochophyceae","Dictyochophyceae_X","Pedinellales","Pteridomonas","Pteridomonas_danica",0.999977726,NA
"f7712548c40bbff9c3084e074c929074","Eukaryota","Alveolata","Dinoflagellata","Dinophyceae","Dinophyceae_X","Dinophyceae_XX","Dinophyceae_XXX","Dinophyceae_XXXX_sp.",0.990887524,"Dinoflagellates"
"fa8b81dde8a0a72d2f99bf822512e6c2","Eukaryota","Eukaryota_X","Eukaryota_XX","Eukaryota_XXX","Eukaryota_XXXX","Eukaryota_XXXXX","Eukaryota_XXXXXX","Eukaryota_XXXXXXX_sp.",0.99994684,NA
"01599544222f18377cd7037cce8a606b","Eukaryota","Opisthokonta","Metazoa","Arthropoda","Crustacea","Maxillopoda","Maxillopoda_X","Maxillopoda_XX_sp.",0.999922943,NA
"021687a23915b973a507a3b37b82e744","Eukaryota","Opisthokonta","Opisthokonta_X","Opisthokonta_XX","Opisthokonta_XXX","Opisthokonta_XXXX","Opisthokonta_XXXXX","Opisthokonta_XXXXXX_sp.",0.997906236,NA
"02c7705f4546f36b28d2f243af2d6794","Eukaryota","Alveolata","Dinoflagellata","Syndiniales","Dino-Group-I","Dino-Group-I-Clade-2","Dino-Group-I-Clade-2_X","Dino-Group-I-Clade-2_X_sp.",0.999137414,"Dinoflagellates"
"02e33b5ccd729d0e14d1548694d1916c","Eukaryota","Stramenopiles","Ochrophyta","Bacillariophyta","Bacillariophyta_X","Araphid-pennate","Araphid-pennate_X","Araphid-pennate_XX_sp.",0.993184404,"Diatoms"
"0465adad51a77212cb52e9f8b3b265d9","Eukaryota","Opisthokonta","Metazoa","Arthropoda","Crustacea","Maxillopoda","Corycaeus","Corycaeus_speciosus",0.999999948,NA
"0564981b06fc8dea3cb3fee54642eaf8","Eukaryota","Opisthokonta","Metazoa","Platyhelminthes","Cestoda","Eucestoda","Diphyllobothrium","Diphyllobothrium_pacificum",0.9999333,NA
"082868e07ec368288dc84208e6cf6865","Eukaryota","Eukaryota_X","Eukaryota_XX","Eukaryota_XXX","Eukaryota_XXXX","Eukaryota_XXXXX","Eukaryota_XXXXXX","Eukaryota_XXXXXXX_sp.",0.999999988,NA
"088c08beef417c8123ed7513dd8a0fee","Eukaryota","Eukaryota_X","Eukaryota_XX","Eukaryota_XXX","Eukaryota_XXXX","Eukaryota_XXXXX","Eukaryota_XXXXXX","Eukaryota_XXXXXXX_sp.",0.999999828,NA
"08f5e0f9d569ef309761269923e5fd31","Unassigned","Unassigned_X","Unassigned_XX","Unassigned_XXX","Unassigned_XXXX","Unassigned_XXXXX","Unassigned_XXXXXX","Unassigned_XXXXXXX_sp.",0.974853215,NA
"09e0b4cc04e6d29d7c0f8b83cc6d4065","Eukaryota","Rhizaria","Cercozoa","Filosa-Thecofilosea","Ventricleftida","Ventricleftida_X","Ventricleftida_XX","Ventricleftida_XX_sp.",0.996339391,NA
"0b920bcf92b1e10c507026c0c79778df","Eukaryota","Opisthokonta","Metazoa","Arthropoda","Crustacea","Maxillopoda","Maxillopoda_X","Maxillopoda_XX_sp.",0.999999743,NA
"0c20b2d5f6430f051a22530870ccea7d","Eukaryota","Hacrobia","Cryptophyta","Cryptophyceae","Cryptomonadales","Cryptomonadales_X","Geminigera","Geminigera_cryophila",0.995412204,"Cryptophytes"
"0cfe66f7af3e2ebe9f726b4947bac590","Eukaryota","Amoebozoa","Lobosa","Lobosa_X","Stygamoebida","Vermistella-lineage","Vermistella","Vermistella_antarctica",0.999999995,NA
"0dab8d75f38c2ac52264937951d9d065","Eukaryota","Hacrobia","Centroheliozoa","Centroheliozoa_X","Centroheliozoa_XX","Centroheliozoa_XXX","Centroheliozoa_XXXX","Centroheliozoa_XXXXX_sp.",0.998921972,NA
"0fb5673a1cb9170ba17e5c9990d45b9b","Eukaryota","Alveolata","Dinoflagellata","Dinophyceae","Dinophyceae_X","Dinophyceae_XX","Dinophyceae_XXX","Dinophyceae_XXXX_sp.",0.999165461,"Dinoflagellates"
"12a1c39ff7a8b5073866fcd05c500a01","Eukaryota","Alveolata","Ciliophora","Ciliophora_X","Ciliophora_XX","Ciliophora_XXX","Ciliophora_XXXX","Ciliophora_XXXXX_sp.",0.999935505,NA
"1484f49bbcd36b5f7ba281c2f674c4f8","Eukaryota","Stramenopiles","Sagenista","MAST-7","MAST-7A","MAST-7A_X","MAST-7A_XX","MAST-7A_XX_sp.",0.999352925,"MAST"
"15d81e0255abc3d9b037f5a6f0a76ee4","Eukaryota","Rhizaria","Cercozoa","Filosa-Imbricatea","Spongomonadida","Spongomonadidae","Spongomonas","Spongomonas_minima",0.999936937,NA
"17623583eb8d842f42467b6df0e9bd84","Eukaryota","Opisthokonta","Metazoa","Platyhelminthes","Cestoda","Eucestoda","Eucestoda_X","Eucestoda_XX_sp.",0.999999886,NA
"1b677604850c6e9b496615e3456eceff","Eukaryota","Eukaryota_X","Eukaryota_XX","Eukaryota_XXX","Eukaryota_XXXX","Eukaryota_XXXXX","Eukaryota_XXXXXX","Eukaryota_XXXXXXX_sp.",0.999750649,NA
"1c1843829dec4f85496b3e16090db495","Eukaryota","Rhizaria","Cercozoa","Filosa-Thecofilosea","Filosa-Thecofilosea_X","Mataza-lineage","Mataza-lineage_X","Mataza-lineage_X_sp.",0.99996953,NA
"1d79832d0b1502432d1df69c680189f6","Eukaryota","Opisthokonta","Metazoa","Arthropoda","Crustacea","Maxillopoda","Maxillopoda_X","Maxillopoda_XX_sp.",0.999999759,NA
"20c25fd8008e2375ae2b91d3f210f6b7","Eukaryota","Stramenopiles","Ochrophyta","Bacillariophyta","Bacillariophyta_X","Raphid-pennate","Raphid-pennate_X","Raphid-pennate_XX_sp.",0.982527156,"Diatoms"
"22b2325e0ab95ee6ca929d88f34b1091","Eukaryota","Opisthokonta","Metazoa","Metazoa_X","Metazoa_XX","Metazoa_XXX","Metazoa_XXXX","Metazoa_XXXXX_sp.",0.9700196,NA
"237cb347e429428a6fd9daabf14fa6c6","Eukaryota","Eukaryota_X","Hemimastigophora","Hemimastigophora_X","Hemimastigophora_XX","Spironemidae","Hemimastix","Hemimastix_sp.",0.99552651,NA
"2407dd39c4def4bf3ff50cc90384da23","Eukaryota","Stramenopiles","Ochrophyta","Bacillariophyta","Bacillariophyta_X","Bacillariophyta_XX","Bacillariophyta_XXX","Bacillariophyta_XXXX_sp.",0.992321886,"Diatoms"
"243b8287006651120f8bcc974685e463","Eukaryota","Stramenopiles","Ochrophyta","Bacillariophyta","Bacillariophyta_X","Bacillariophyta_XX","Bacillariophyta_XXX","Bacillariophyta_XXXX_sp.",0.989825994,"Diatoms"
"252bf409d6ecb66ca0386bcfe293a3b9","Eukaryota","Excavata","Discoba","Euglenida","Euglenophyceae","Euglenophyceae_X","Euglenophyceae_XX","Euglenophyceae_XXX_sp.",0.998236444,NA
"253ab1591786f16983c7bfcdb162f472","Eukaryota","Alveolata","Dinoflagellata","Dinophyceae","Dinophyceae_X","Dinophyceae_XX","Dinophyceae_XXX","Dinophyceae_XXXX_sp.",0.998646175,"Dinoflagellates"
"2553690b5659aab04045156df4f67f20","Eukaryota","Stramenopiles","Ochrophyta","Bacillariophyta","Bacillariophyta_X","Radial-centric-basal-Coscinodiscophyceae","Melosira","Melosira_dubia",0.980853317,"Diatoms"
"26d86dee17a724ce80c4da6d5105ad08","Eukaryota","Stramenopiles","Pseudofungi","MAST-1","MAST-1C","MAST-1C_X","MAST-1C_XX","MAST-1C_XX_sp.",1,"MAST"
"2765edb7aa8877098fe5bf84e6db63ad","Eukaryota","Alveolata","Dinoflagellata","Dinophyceae","Dinophyceae_X","Dinophyceae_XX","Dinophyceae_XXX","Dinophyceae_XXXX_sp.",0.999568173,"Dinoflagellates"
"28732e0f53b528d2f9eb20126a5cc5fe","Eukaryota","Stramenopiles","Ochrophyta","Bacillariophyta","Bacillariophyta_X","Bacillariophyta_XX","Bacillariophyta_XXX","Bacillariophyta_XXXX_sp.",0.999978931,"Diatoms"
"29d0d3c4b860b52b3876cc33cd0c6c3a","Eukaryota","Opisthokonta","Opisthokonta_X","Opisthokonta_XX","Opisthokonta_XXX","Opisthokonta_XXXX","Opisthokonta_XXXXX","Opisthokonta_XXXXXX_sp.",0.973495209,NA
"2b85e44c080c54f05a622055c25cb877","Eukaryota","Hacrobia","Haptophyta","Prymnesiophyceae","Phaeocystales","Phaeocystaceae","Phaeocystis","Phaeocystis_X_sp.",0.999999983,"Haptophytes"
"2c7cadeaf79b3ed96a33a588cd63f22b","Eukaryota","Hacrobia","Cryptophyta","Cryptophyceae","Cryptomonadales","Cryptomonadales_X","Geminigera","Geminigera_cryophila",0.993631518,"Cryptophytes"
"2ccacf87e8061c86ce39cd63e3da3ab5","Eukaryota","Alveolata","Ciliophora","Spirotrichea","Euplotia","Uronychiidae","Uronychia","Uronychia_X_sp.",0.999766383,NA
"2f514a899d4f0a2587268f27d114e064","Eukaryota","Alveolata","Dinoflagellata","Syndiniales","Dino-Group-I","Dino-Group-I-Clade-1","Dino-Group-I-Clade-1_X","Dino-Group-I-Clade-1_X_sp.",0.999887445,"Dinoflagellates"
"3068a44645ac8fbdd2a56e94c141a284","Eukaryota","Opisthokonta","Fungi","Ascomycota","Pezizomycotina","Pezizomycotina_X","Pezizomycotina_XX","Pezizomycotina_XXX_sp.",0.998707977,NA
"308e4ebfa466358c3ed03fb69bc2f91c","Eukaryota","Opisthokonta","Metazoa","Annelida","Annelida_X","Annelida_XX","AnnelidaX_XX","AnnelidaX_XXX_sp.",0.996116864,NA
"30d4a6384f8f9571041193b110187301","Eukaryota","Opisthokonta","Metazoa","Metazoa_X","Metazoa_XX","Metazoa_XXX","Metazoa_XXXX","Metazoa_XXXXX_sp.",0.99182922,NA
"32869f63bf33a8a88a3cc730adf8ea82","Eukaryota","Hacrobia","Picozoa","Picozoa_X","Picozoa_XX","Picozoa_XXX","Picozoa_XXXX","Picozoa_XXXX_sp.",0.999783557,NA
"32e03f8b814a1f106e37c6a1c32c168f","Eukaryota","Alveolata","Dinoflagellata","Dinophyceae","Dinophyceae_X","Dinophyceae_XX","Dinophyceae_XXX","Dinophyceae_XXXX_sp.",0.992447793,"Dinoflagellates"
"3353d69b80e004708d3970254dc6fd9c","Eukaryota","Opisthokonta","Metazoa","Urochordata","Urochordata_X","Ascidiacea","Salpa","Salpa_thompsoni",0.995470452,NA
"34ff1e3b3618c6e41c79124c2958bfcc","Eukaryota","Apusozoa","Apusomonadidae","Apusomonadidae_Group-1","Apusomonadidae_Group-1_X","Apusomonadidae_Group-1_XX","Apusomonadidae_Group-1_XXX","Apusomonadidae_Group-1_XXX_sp.",0.999999479,NA
"35504fe304356792109056abb294276c","Eukaryota","Opisthokonta","Metazoa","Brachiopoda","Brachiopoda_X","Brachiopoda_XX","Dallina","Dallina_sp.",0.978745251,NA
"3598ea36e0bf8936a24085873a4e2478","Eukaryota","Opisthokonta","Fungi","Ascomycota","Saccharomycotina","Saccharomycetales","Candida","Candida_X_sp.",0.991600833,NA
"366535a1634465ce640ca802d174ecd0","Eukaryota","Stramenopiles","Ochrophyta","Bacillariophyta","Bacillariophyta_X","Bacillariophyta_XX","Bacillariophyta_XXX","Bacillariophyta_XXXX_sp.",0.993276173,"Diatoms"
"36e4cf0920dab70795debffeebea409f","Eukaryota","Hacrobia","Haptophyta","Prymnesiophyceae","Prymnesiales","Chrysochromulinaceae","Chrysochromulina","Chrysochromulina_sp.",0.999951591,"Haptophytes"
"399b3c9b85070311590f406dbab6eed2","Eukaryota","Excavata","Discoba","Diplonemea","Diplonemida","Diplonemidae","Diplonema","Diplonema_sp.",0.999302535,NA
"3a04ffae59222ec2c691d46572b2ead2","Eukaryota","Excavata","Discoba","Diplonemea","Diplonemida","Diplonemidae","Diplonema","Diplonema_sp.",0.989469611,NA
"3a7eee57373ca56ed8d436b102e267d2","Eukaryota","Stramenopiles","Ochrophyta","Pelagophyceae","Pelagomonadales","Pelagomonadaceae","Pelagomonas","Pelagomonas_calceolata",0.999999571,NA
"3b78e909cb6fd09c71329cf0d57ccba9","Eukaryota","Hacrobia","Picozoa","Picozoa_X","Picozoa_XX","Picozoa_XXX","Picozoa_XXXX","Picozoa_XXXX_sp.",0.999971121,NA
"3bee112ea9a1fbfe90d7ba43df902c89","Eukaryota","Hacrobia","Picozoa","Picozoa_X","Picozoa_XX","Picozoa_XXX","Picozoa_XXXX","Picozoa_XXXX_sp.",0.999889691,NA
"3d06b519a4fbe3b717f8f4a620ef759f","Eukaryota","Stramenopiles","Opalozoa","MAST-3","MAST-3I","MAST-3I_X","MAST-3I_XX","MAST-3I_XX_sp.",0.999999994,"MAST"
"3e0afc6a0e484f2878206c8b4c3fb8e0","Eukaryota","Opisthokonta","Fungi","Basidiomycota","Pucciniomycotina","Cystobasidiomycetes","Cystobasidiomycetes_X","Cystobasidiomycetes_XX_sp.",0.999822463,NA
"3e92e9cdd994ec9b8b91c2c1e3be8a2d","Eukaryota","Archaeplastida","Chlorophyta","Mamiellophyceae","Mamiellales","Bathycoccaceae","Bathycoccus","Bathycoccus_prasinos",0.999109945,"Greenalgae"
"3e979127562a83988faac0c0b7dbc7b1","Eukaryota","Rhizaria","Cercozoa","Filosa-Thecofilosea","Cryomonadida","Protaspa-lineage","Protaspa","Protaspa_X_sp.",0.989565636,NA
"3ed395771a8a4af23716d5004fb84f22","Eukaryota","Opisthokonta","Metazoa","Cnidaria","Cnidaria_X","Hydrozoa","Hydrozoa_X","Hydrozoa_XX_sp.",0.999999812,NA
"3f7e7831cc058f87f68b06d7a4f1762f","Eukaryota","Alveolata","Dinoflagellata","Dinophyceae","Dinophyceae_X","Dinophyceae_XX","Dinophyceae_XXX","Dinophyceae_XXXX_sp.",0.999925722,"Dinoflagellates"
"3f8ab143f6ec17c28ef2e7567b130de1","Eukaryota","Stramenopiles","Ochrophyta","Bacillariophyta","Bacillariophyta_X","Bacillariophyta_XX","Bacillariophyta_XXX","Bacillariophyta_XXXX_sp.",0.993523378,"Diatoms"
"3fc0d7269432a1589f6b440dc32a43b2","Eukaryota","Eukaryota_X","Eukaryota_XX","Eukaryota_XXX","Eukaryota_XXXX","Eukaryota_XXXXX","Eukaryota_XXXXXX","Eukaryota_XXXXXXX_sp.",0.996551056,NA
"41c7e99435723975ecc2f493d41ec349","Eukaryota","Stramenopiles","Ochrophyta","Pelagophyceae","Pelagomonadales","Pelagomonadaceae","Aureococcus","Aureococcus_anophagefferens",0.999952657,NA
"42392fd3387a683c21c49b2cae8af158","Eukaryota","Alveolata","Chrompodellids","Colpodellidea","Colpodellida","Alphamonaceae","Aphamonas","Aphamonas_sp.",0.999653372,NA
"4271622db684f7b57d47d701f07552f5","Eukaryota","Stramenopiles","Ochrophyta","Bacillariophyta","Bacillariophyta_X","Bacillariophyta_XX","Bacillariophyta_XXX","Bacillariophyta_XXXX_sp.",0.988030316,"Diatoms"
"4393f510a375262a52a4e5429a986d46","Eukaryota","Stramenopiles","Sagenista","MAST-7","MAST-7A","MAST-7A_X","MAST-7A_XX","MAST-7A_XX_sp.",0.99859728,"MAST"
"44b34be9ee7bcc9ee65234f8c5125499","Eukaryota","Opisthokonta","Metazoa","Arthropoda","Crustacea","Malacostraca","Thysanoessa","Thysanoessa_X_sp.",0.985738666,NA
"45e2d560bcdd03db51f23700fa73d2b8","Eukaryota","Alveolata","Dinoflagellata","Syndiniales","Dino-Group-I","Dino-Group-I-Clade-1","Dino-Group-I-Clade-1_X","Dino-Group-I-Clade-1_X_sp.",0.999995756,"Dinoflagellates"
"469c4fa3b8e74a858a9d57c7e519cc39","Eukaryota","Stramenopiles","Stramenopiles_X","Stramenopiles_XX","Stramenopiles_XXX","Stramenopiles_XXXX","Stramenopiles_XXXXX","Stramenopiles_XXXXXX_sp.",0.9999997,NA
"47c8a8161301cb99b90ab3237f408af6","Eukaryota","Eukaryota_X","Eukaryota_XX","Eukaryota_XXX","Eukaryota_XXXX","Eukaryota_XXXXX","Eukaryota_XXXXXX","Eukaryota_XXXXXXX_sp.",1,NA
"493bf654df0cfdc1292b8caa6ae3c930","Eukaryota","Archaeplastida","Chlorophyta","Ulvophyceae","Ulvales-relatives","Ulvales-relatives_X","Pirula","Pirula_salina",0.996988846,"Greenalgae"
"4a140fdea90d03b7161d05cdab06143a","Eukaryota","Opisthokonta","Metazoa","Arthropoda","Crustacea","Maxillopoda","Maxillopoda_X","Maxillopoda_XX_sp.",0.999941369,NA
"4b656c7553dc0f0fadf4d14d9243cfbb","Eukaryota","Alveolata","Dinoflagellata","Dinophyceae","Gymnodiniales","Gymnodiniaceae","Gyrodinium","Gyrodinium_rubrum",0.996740843,"Dinoflagellates"
"4c2f103e630982f1c646145df8501ca8","Eukaryota","Stramenopiles","Ochrophyta","Bacillariophyta","Bacillariophyta_X","Bacillariophyta_XX","Bacillariophyta_XXX","Bacillariophyta_XXXX_sp.",0.998166032,"Diatoms"
"4ddd3f0ae4daa01234b293bed6a74dc6","Eukaryota","Hacrobia","Cryptophyta","Cryptophyceae","Cryptomonadales","Cryptomonadales_X","Geminigera","Geminigera_cryophila",0.997964513,"Cryptophytes"
"4e0378212152a363f4a9712cffa8c07d","Eukaryota","Eukaryota_X","Eukaryota_XX","Eukaryota_XXX","Eukaryota_XXXX","Eukaryota_XXXXX","Eukaryota_XXXXXX","Eukaryota_XXXXXXX_sp.",0.999948634,NA
"4e7b2427166c2f4595416251ef984410","Eukaryota","Opisthokonta","Fungi","Ascomycota","Pezizomycotina","Dothideomycetes","Didymella","Didymella_exitialis",0.974342918,NA
"50b3a1633a3395b07abf4a937519422b","Eukaryota","Excavata","Discoba","Diplonemea","Diplonemida","Hemistasiidae","Hemistasia","Hemistasia_sp.",0.999232135,NA
"50b686b765c51eb6389ea4db829e5986","Eukaryota","Opisthokonta","Opisthokonta_X","Opisthokonta_XX","Opisthokonta_XXX","Opisthokonta_XXXX","Opisthokonta_XXXXX","Opisthokonta_XXXXXX_sp.",0.976023365,NA
"52416c45ed2fd9ce326d070e8965b339","Eukaryota","Opisthokonta","Metazoa","Arthropoda","Arthropoda_X","Arthropoda_XX","Arthropoda_XXX","Arthropoda_XXXX_sp.",0.990541028,NA
"533b2b3ea0dce70acc527160c30e5d00","Eukaryota","Opisthokonta","Metazoa","Arthropoda","Crustacea","Malacostraca","Thysanoessa","Thysanoessa_X_sp.",0.985738608,NA
"5446da0a018148b8dd18d5f0bb7b291b","Eukaryota","Eukaryota_X","Eukaryota_XX","Eukaryota_XXX","Eukaryota_XXXX","Eukaryota_XXXXX","Eukaryota_XXXXXX","Eukaryota_XXXXXXX_sp.",1,NA
"560102b215928f5d3bd15de3f6911f3a","Eukaryota","Opisthokonta","Opisthokonta_X","Opisthokonta_XX","Opisthokonta_XXX","Opisthokonta_XXXX","Opisthokonta_XXXXX","Opisthokonta_XXXXXX_sp.",0.984932622,NA
"5617a2e3527e0a9beb1b5822e91c5106","Eukaryota","Opisthokonta","Metazoa","Nematoda","Chromadorea","Chromadorea_X","Chromadorea_XX","Chromadorea_XX_sp.",0.995913219,NA
"57c4fbbad418c617bc516a040d6f9d2f","Eukaryota","Alveolata","Dinoflagellata","Dinophyceae","Peridiniales","Amphidiniopsidaceae","Islandinium","Islandinium_tricingulatum",0.988588489,"Dinoflagellates"
"585ab096421ad16d63d56534a409fb4c","Eukaryota","Opisthokonta","Fungi","Ascomycota","Pezizomycotina","Pezizomycotina_X","Pezizomycotina_XX","Pezizomycotina_XXX_sp.",0.995826821,NA
"5893548ab2375a5e1875c607aac021c0","Eukaryota","Opisthokonta","Metazoa","Arthropoda","Crustacea","Maxillopoda","Maxillopoda_X","Maxillopoda_XX_sp.",0.999584237,NA
"592d1e008acb1f864e2b8160be72ce5c","Eukaryota","Amoebozoa","Lobosa","Lobosa_X","Himatismenida","Parvamoebidae","Parvamoeba","Parvamoeba_rugata",0.999996195,NA
"599eaf6a99628f6405782ee08504e310","Eukaryota","Opisthokonta","Metazoa","Gastrotricha","Gastrotricha_X","Gastrotricha_XX","Dactylopodola","Dactylopodola_sp.",0.999883282,NA
"5a70105f9c469ee7e3bf725aca487d1e","Eukaryota","Opisthokonta","Metazoa","Arthropoda","Crustacea","Malacostraca","Malacostraca_X","Malacostraca_XX_sp.",0.991206124,NA
"5b4bcab5cedcf4aedb140b2c2cc85530","Eukaryota","Stramenopiles","Ochrophyta","Bacillariophyta","Bacillariophyta_X","Raphid-pennate","Raphid-pennate_X","Raphid-pennate_XX_sp.",0.999513246,"Diatoms"
"5bc616fa19c4fb42f84fd7397622946c","Eukaryota","Stramenopiles","Sagenista","MAST-7","MAST-7A","MAST-7A_X","MAST-7A_XX","MAST-7A_XX_sp.",0.999498073,"MAST"
"5c86b3241af78118b2c2b67369d91a95","Eukaryota","Eukaryota_X","Eukaryota_XX","Eukaryota_XXX","Eukaryota_XXXX","Eukaryota_XXXXX","Eukaryota_XXXXXX","Eukaryota_XXXXXXX_sp.",0.999982439,NA
"5ceee0c3e8b053eb8fb93931ff17136f","Eukaryota","Archaeplastida","Chlorophyta","Chlorophyceae","Chlamydomonadales","Chlamydomonadales_X","Chlorococcales","Chlorococcales_sp.",0.996477502,"Greenalgae"
"5d2d1eb6a53500bc2aeb72515e07df38","Eukaryota","Eukaryota_X","Eukaryota_XX","Eukaryota_XXX","Eukaryota_XXXX","Eukaryota_XXXXX","Eukaryota_XXXXXX","Eukaryota_XXXXXXX_sp.",0.997330254,NA
"5f29e16c041cce97b7f9daccfdaf4d65","Eukaryota","Opisthokonta","Opisthokonta_X","Opisthokonta_XX","Opisthokonta_XXX","Opisthokonta_XXXX","Opisthokonta_XXXXX","Opisthokonta_XXXXXX_sp.",0.984191914,NA
"6103a5076510e71f0b3cbefe50ca720c","Eukaryota","Stramenopiles","Ochrophyta","Bacillariophyta","Bacillariophyta_X","Bacillariophyta_XX","Bacillariophyta_XXX","Bacillariophyta_XXXX_sp.",0.996810844,"Diatoms"
"611d210fefda7d67367da3b4388ab60e","Eukaryota","Archaeplastida","Chlorophyta","Mamiellophyceae","Mamiellales","Bathycoccaceae","Bathycoccus","Bathycoccus_prasinos",0.999998892,"Greenalgae"
"629224bf2111a0eba223e2745e26e879","Eukaryota","Opisthokonta","Metazoa","Arthropoda","Crustacea","Maxillopoda","Maxillopoda_X","Maxillopoda_XX_sp.",0.999998896,NA
"63800b41a59254138632b4c6f595201a","Eukaryota","Alveolata","Ciliophora","Phyllopharyngea","Cyrtophoria_1","PHYLL_4","PHYLL_4_X","PHYLL_4_X_sp.",0.999321028,NA
"657eb10ce8808d1386a4784fb0f5403b","Eukaryota","Stramenopiles","Ochrophyta","Bacillariophyta","Bacillariophyta_X","Bacillariophyta_XX","Bacillariophyta_XXX","Bacillariophyta_XXXX_sp.",0.998351141,"Diatoms"
"666144e28256ef4899c0cc1bac610288","Eukaryota","Opisthokonta","Metazoa","Arthropoda","Crustacea","Maxillopoda","Maxillopoda_X","Maxillopoda_XX_sp.",0.999905973,NA
"66d53a5ec54b3495a3e51c6b53fbd07b","Eukaryota","Opisthokonta","Metazoa","Mollusca","Gastropoda","Heterobranchia","Cuvierina","Cuvierina_columnella",0.999929928,NA
"66df6bcd75fbf5514f6f69cf958b828d","Eukaryota","Stramenopiles","Ochrophyta","Bacillariophyta","Bacillariophyta_X","Bacillariophyta_XX","Bacillariophyta_XXX","Bacillariophyta_XXXX_sp.",0.987206256,"Diatoms"
"69eda4dfd32e3302069ce5b780258a9f","Eukaryota","Stramenopiles","Ochrophyta","Xanthophyceae","Xanthophyceae_X","Xanthophyceae_XX","Tribonema","Tribonema_ulotrichoides",0.985984424,NA
"6a7af0405f53472a4a0a9b39a8929e11","Eukaryota","Alveolata","Ciliophora","Spirotrichea","Choreotrichida","Leegaardiellidae_B","Leegaardiella","Leegaardiella_sp.",0.999953206,NA
"6ac48fdc8449393392d7ef4542a8303c","Eukaryota","Archaeplastida","Chlorophyta","Mamiellophyceae","Mamiellales","Mamiellaceae","Micromonas","Micromonas_X_sp.",0.999999446,"Greenalgae"
"6ad6b4fe1acfb721d0d6c24f389587f9","Eukaryota","Opisthokonta","Metazoa","Arthropoda","Crustacea","Maxillopoda","Maxillopoda_X","Maxillopoda_XX_sp.",0.998276963,NA
"6d187803b1e68f7f3015a7556890e555","Eukaryota","Alveolata","Dinoflagellata","Dinophyceae","Gymnodiniales","Gymnodiniaceae","Gyrodinium","Gyrodinium_rubrum",0.996813897,"Dinoflagellates"
"6ef937ef40b80c6ec50abd5c03784550","Eukaryota","Alveolata","Dinoflagellata","Dinophyceae","Dinophyceae_X","Dinophyceae_XX","Dinophyceae_XXX","Dinophyceae_XXXX_sp.",0.99920464,"Dinoflagellates"
"6f18eb72c10c8f8d9d20e6a0d847742f","Eukaryota","Stramenopiles","Ochrophyta","Bacillariophyta","Bacillariophyta_X","Raphid-pennate","Raphid-pennate_X","Raphid-pennate_XX_sp.",0.999842492,"Diatoms"
"6f69028d3ca16e4081c35be598e8e08d","Eukaryota","Opisthokonta","Metazoa","Arthropoda","Crustacea","Maxillopoda","Maxillopoda_X","Maxillopoda_XX_sp.",0.999999609,NA
"72600177fedf1e80c6d9226d3e17dc12","Eukaryota","Alveolata","Alveolata_X","Alveolata_XX","Alveolata_XXX","Alveolata_XXXX","Alveolata_XXXXX","Alveolata_XXXXXX_sp.",0.980614661,NA
"735f073399244ef600f156a9e06b6bf6","Eukaryota","Archaeplastida","Chlorophyta","Chlorophyceae","Chlamydomonadales","Chlamydomonadales_X","Chlorococcales","Chlorococcales_sp.",0.996083441,"Greenalgae"
"740e81bb692e208a03846914655e435f","Eukaryota","Archaeplastida","Streptophyta","Embryophyceae","Embryophyceae_X","Embryophyceae_XX","Malus","Malus_x",0.990751642,NA
"75d56091af467adb30f9fd5b7f13b7ec","Eukaryota","Hacrobia","Cryptophyta","Cryptophyceae","Cryptomonadales","Cryptomonadales_X","Cryptomonadales_XX","Cryptomonadales_XXX_sp.",0.990348507,"Cryptophytes"
"786aede0c7f13533af92e5a344bceafb","Eukaryota","Stramenopiles","Sagenista","Labyrinthulomycetes","Thraustochytrida","Thraustochytriaceae","Thraustochytriaceae_X","Thraustochytriaceae_XX_sp.",0.996167657,NA
"78d98facfd21471dee040f49fa6d67e0","Eukaryota","Archaeplastida","Streptophyta","Embryophyceae","Embryophyceae_X","Embryophyceae_XX","EmbryophyceaeX_XX","EmbryophyceaeX_XXX_sp.",0.999999371,NA
"791726d91f694cf14b4208f0c9307008","Eukaryota","Stramenopiles","Pseudofungi","Oomycota","Oomycota_X","Haliphthorales","Haliphthorales_X","Haliphthorales_X_sp.",0.999841195,NA
"7bab67dd4166ae8c8ad1b17f092fab7a","Eukaryota","Stramenopiles","Sagenista","Labyrinthulomycetes","Thraustochytrida","Thraustochytriaceae","Thraustochytriaceae_X","Thraustochytriaceae_XX_sp.",0.994039873,NA
"7d031f026bb73e4f3549591acc461a37","Eukaryota","Stramenopiles","Ochrophyta","Dictyochophyceae","Dictyochophyceae_X","Dictyochophyceae_XX","Dictyochophyceae_XXX","Dictyochophyceae_XXXX_sp.",0.99500629,NA
"7d3d59e274d054bf5bd94fa88f750552","Eukaryota","Archaeplastida","Streptophyta","Embryophyceae","Embryophyceae_X","Embryophyceae_XX","EmbryophyceaeX_XX","EmbryophyceaeX_XXX_sp.",0.980007172,NA
"7d810a8e774170e1e0c2357490942d3e","Eukaryota","Opisthokonta","Metazoa","Platyhelminthes","Turbellaria","Acoelomorpha","Acoelomorpha_X","Acoelomorpha_XX_sp.",0.995307832,NA
"7d9bfffe8a1fc7888e8ea76f1d52621e","Eukaryota","Stramenopiles","Sagenista","Labyrinthulomycetes","Oblongichytrida","Oblongichytridiaceae","Oblongichytrium","Oblongichytrium_sp.",0.983307418,NA
"7ddf326702a11ef87b1f990b116d3d7d","Eukaryota","Hacrobia","Picozoa","Picozoa_X","Picozoa_XX","Picozoa_XXX","Picozoa_XXXX","Picozoa_XXXX_sp.",0.999975313,NA
"7ecbaccdaff0be9829a93ef4bc64a1f3","Eukaryota","Stramenopiles","Stramenopiles_X","Stramenopiles_XX","Stramenopiles_XXX","Stramenopiles_XXXX","Stramenopiles_XXXXX","Stramenopiles_XXXXXX_sp.",0.988476708,NA
"80e8b02838a45534e680d5e7ac614b3e","Eukaryota","Alveolata","Dinoflagellata","Syndiniales","Dino-Group-I","Dino-Group-I-Clade-3","Dino-Group-I-Clade-3_X","Dino-Group-I-Clade-3_X_sp.",0.999748958,"Dinoflagellates"
"816692b399ca72c0931d07ab57a64ede","Eukaryota","Alveolata","Dinoflagellata","Dinophyceae","Dinophyceae_X","Dinophyceae_XX","Dinophyceae_XXX","Dinophyceae_XXXX_sp.",0.998196229,"Dinoflagellates"
"81903c1750a439afd2a6febe88cb092c","Eukaryota","Hacrobia","Haptophyta","Prymnesiophyceae","Prymnesiales","Chrysochromulinaceae","Chrysochromulina","Chrysochromulina_sp.",0.999975852,"Haptophytes"
"835954896118213f8eee6e0d67705c2b","Eukaryota","Archaeplastida","Chlorophyta","Mamiellophyceae","Mamiellales","Bathycoccaceae","Bathycoccus","Bathycoccus_prasinos",0.999956894,"Greenalgae"
"8487375296f9e94b44c3c584bb937f2b","Eukaryota","Alveolata","Dinoflagellata","Dinophyceae","Gymnodiniales","Gymnodiniaceae","Gyrodinium","Gyrodinium_rubrum",0.996218683,"Dinoflagellates"
"87e867c30ad0bd5f7a2f061c93672d0b","Eukaryota","Opisthokonta","Fungi","Fungi_X","Fungi_XX","Fungi_XXX","Fungi_XXXX","Fungi_XXXXX_sp.",0.978520931,NA
"89a27ff2f0a530b6255c3d6ab3fccc13","Eukaryota","Alveolata","Ciliophora","Phyllopharyngea","Cyrtophoria_8","Dysteriidae","Dysteria_1","Dysteria_1_sp.",0.99994965,NA
"89cbfb3039738e76585e0ca2bb80d681","Eukaryota","Opisthokonta","Fungi","Basidiomycota","Ustilaginomycotina","Exobasidiomycetes","Malassezia","Malassezia_sympodialis",0.993430323,NA
"89e831e9dda29b7ad421d0cb31c58cb7","Eukaryota","Stramenopiles","Ochrophyta","Chrysophyceae","Chrysophyceae_X","Chrysophyceae_Clade-D","Hydrurus","Hydrurus_foetidus",0.993124481,NA
"8ab9dbe93e41772ec991b0abf4c8f6db","Eukaryota","Opisthokonta","Opisthokonta_X","Opisthokonta_XX","Opisthokonta_XXX","Opisthokonta_XXXX","Opisthokonta_XXXXX","Opisthokonta_XXXXXX_sp.",0.985988947,NA
"8af211cf1f1dc9166476c308d7a6409b","Eukaryota","Stramenopiles","Ochrophyta","Bacillariophyta","Bacillariophyta_X","Radial-centric-basal-Coscinodiscophyceae","Stellarima","Stellarima_microtrias",0.999994958,"Diatoms"
"8c596800dbcff9033969e4637a9fda67","Eukaryota","Archaeplastida","Chlorophyta","Chlorophyceae","Chlamydomonadales","Chlamydomonadales_X","Chlamydomonadales_XX","Chlamydomonadales_XX_sp.",0.993632463,"Greenalgae"
"8d219e9c05f21ff54e70bc6e12fae49a","Eukaryota","Amoebozoa","Lobosa","Lobosa_X","Stygamoebida","Vermistella-lineage","Vermistella","Vermistella_antarctica",0.999986376,NA
"8db14667a9fea6ca67f0ac3a45f22db0","Eukaryota","Stramenopiles","Ochrophyta","Bacillariophyta","Bacillariophyta_X","Polar-centric-Mediophyceae","Chaetoceros","Chaetoceros_rostratus",0.990811291,"Diatoms"
"908aa3c0f4eeb63676dd0667efdde7a3","Eukaryota","Hacrobia","Cryptophyta","Cryptophyceae","Cryptomonadales","Cryptomonadales_X","Geminigera","Geminigera_cryophila",0.995681653,"Cryptophytes"
"9174683073a0c5d9efb6ccac74b47d10","Eukaryota","Stramenopiles","Ochrophyta","Phaeophyceae","Phaeophyceae_X","Phaeophyceae_XX","Heribaudiella","Heribaudiella_fluviatilis",0.988682149,NA
"9230533a06f8d2d5fb3a08a1df0532e0","Eukaryota","Alveolata","Dinoflagellata","Dinophyceae","Dinophyceae_X","Dinophyceae_XX","Dinophyceae_XXX","Dinophyceae_XXXX_sp.",0.999910733,"Dinoflagellates"
"928ea2f95fbb7ebb5688d8432d3ac270","Eukaryota","Opisthokonta","Metazoa","Nematoda","Chromadorea","Chromadorea_X","Chromadorea_XX","Chromadorea_XXX_sp.",0.999999771,NA
"93fc139ef61921c6115d8bb8adc82922","Eukaryota","Archaeplastida","Rhodophyta","Florideophyceae","Colaconematales","Colaconematales_X","Colaconematales_XX","Colaconematales_XXX_sp.",0.999995914,"Rhodophytes"
"9552b0eb3cb5c8f769abd6bb9e2a35ca","Eukaryota","Opisthokonta","Metazoa","Arthropoda","Crustacea","Maxillopoda","Maxillopoda_X","Maxillopoda_XX_sp.",0.999992936,NA
"95e203423cdc338b8baaeef0e0ff3e37","Eukaryota","Rhizaria","Radiolaria","RAD-B","RAD-B_X","RAD-B_X_Group-Ic","RAD-B_X_Group-Ic_X","RAD-B_X_Group-Ic_X_sp.",0.999997734,NA
"96a17f4769730645c0c9adcfbf6278af","Eukaryota","Opisthokonta","Metazoa","Arthropoda","Crustacea","Maxillopoda","Maxillopoda_X","Maxillopoda_XX_sp.",0.999998633,NA
"96e314de3eab8986e813a421a4bb2849","Eukaryota","Eukaryota_X","Eukaryota_XX","Eukaryota_XXX","Eukaryota_XXXX","Eukaryota_XXXXX","Eukaryota_XXXXXX","Eukaryota_XXXXXXX_sp.",1,NA
"970c4273028a14c4be0beb6dd6a54391","Eukaryota","Archaeplastida","Chlorophyta","Mamiellophyceae","Mamiellales","Bathycoccaceae","Bathycoccus","Bathycoccus_prasinos",0.999990013,"Greenalgae"
"97d57b78a6d053a401626682be48b038","Eukaryota","Alveolata","Dinoflagellata","Syndiniales","Dino-Group-I","Dino-Group-I-Clade-2","Dino-Group-I-Clade-2_X","Dino-Group-I-Clade-2_X_sp.",0.999897685,"Dinoflagellates"
"97e0fb8a24ca6fc58bb82953cc783132","Eukaryota","Opisthokonta","Metazoa","Arthropoda","Crustacea","Malacostraca","Cyllopus","Cyllopus_X_sp.",0.999982453,NA
"98f8ad7e7a1b04a01674144e08b97ed6","Eukaryota","Opisthokonta","Metazoa","Platyhelminthes","Cestoda","Eucestoda","Eucestoda_X","Eucestoda_XX_sp.",0.995809447,NA
"99973f1dbcc478a52c158b73d3ae1e04","Eukaryota","Alveolata","Dinoflagellata","Syndiniales","Dino-Group-I","Dino-Group-I-Clade-5","Dino-Group-I-Clade-5_X","Dino-Group-I-Clade-5_X_sp.",0.996394653,"Dinoflagellates"
"99d2fd92ff5963b3a5ad3d7cfd853968","Eukaryota","Opisthokonta","Fungi","Ascomycota","Pezizomycotina","Pezizomycotina_X","Pezizomycotina_XX","Pezizomycotina_XXX_sp.",0.999993739,NA
"9a884706909b98eedbb9dfa452ce9658","Eukaryota","Stramenopiles","Sagenista","MAST-7","MAST-7A","MAST-7A_X","MAST-7A_XX","MAST-7A_XX_sp.",0.999946723,"MAST"
"9b29b2d5f4a5e04df096938ce1ab3940","Eukaryota","Alveolata","Dinoflagellata","Syndiniales","Dino-Group-II","Dino-Group-II-Clade-1","Dino-Group-II-Clade-1_X","Dino-Group-II-Clade-1_X_sp.",0.974696252,"Dinoflagellates"
"9cc391e931ca0df49e82cfd3e365a6b1","Eukaryota","Alveolata","Dinoflagellata","Syndiniales","Dino-Group-II","Dino-Group-II-Clade-7","Dino-Group-II-Clade-7_X","Dino-Group-II-Clade-7_X_sp.",0.998727783,"Dinoflagellates"
"9d675d56fd9f8fd7d4957946bde3a526","Eukaryota","Stramenopiles","Ochrophyta","Pelagophyceae","Pelagomonadales","Pelagomonadaceae","Aureococcus","Aureococcus_anophagefferens",0.999919187,NA
"9dafaf19bd2456293fa257844f988132","Eukaryota","Alveolata","Dinoflagellata","Dinophyceae","Gymnodiniales","Gymnodiniaceae","Gymnodiniaceae_X","Gymnodiniaceae_XX_sp.",0.99591996,"Dinoflagellates"
"a07677d1b7b0ba3c431a54492cbeeaf4","Eukaryota","Stramenopiles","Pseudofungi","MAST-1","MAST-1C","MAST-1C_X","MAST-1C_XX","MAST-1C_XX_sp.",0.999999999,"MAST"
"a221a650d7fc95c93eb98d9449098856","Eukaryota","Archaeplastida","Chlorophyta","Ulvophyceae","Ulotrichales","Ulotrichales_X","Ulotrichales_XX","Ulotrichales_XXX_sp.",0.999999255,"Greenalgae"
"a25ca724d2c37a6af40700b548a19c84","Eukaryota","Alveolata","Dinoflagellata","Dinophyceae","Peridiniales","Protoperidiniaceae","Protoperidinium","Protoperidinium_sp.",0.999596025,"Dinoflagellates"
"a36895202657eea692fb08e3ffce9e27","Eukaryota","Eukaryota_X","Eukaryota_XX","Eukaryota_XXX","Eukaryota_XXXX","Eukaryota_XXXXX","Eukaryota_XXXXXX","Eukaryota_XXXXXXX_sp.",0.999999111,NA
"a4185cca6c4be9d69722dda0ffc0ad2a","Eukaryota","Excavata","Discoba","Euglenida","Petalomonadida","Petalomonadida_X","Petalomonadida_XX","Petalomonadida_XXX_sp.",0.999126694,NA
"a81b0d5d1db7a7625a1d1925ba4510c8","Eukaryota","Rhizaria","Foraminifera","Monothalamids","Monothalamids_Clade-I","Monothalamids_Clade-I_X","Allogromia","Allogromia_laticollaris",0.999999777,NA
"a884c8e8729baf43c0817b227a291781","Eukaryota","Opisthokonta","Metazoa","Arthropoda","Crustacea","Maxillopoda","Maxillopoda_X","Maxillopoda_XX_sp.",0.999997677,NA
"a8db7d99e73398563ce004f5ccf62621","Eukaryota","Excavata","Metamonada","Carpediemonadea","Carpediemonadida","Carpediemonadidae","Kipferlia","Kipferlia_bialata",1,NA
"a98f80f38c56fae52254217420b2bd60","Eukaryota","Alveolata","Ciliophora","Spirotrichea","Choreotrichida","Strobilidiidae_I","Pelagostrobilidium","Pelagostrobilidium_neptuni",0.996494925,NA
"abbaa7be662ff8655fa408af3cb7c6fe","Eukaryota","Alveolata","Dinoflagellata","Dinophyceae","Dinophyceae_X","Dinophyceae_XX","Dinophyceae_XXX","Dinophyceae_XXXX_sp.",0.997645844,"Dinoflagellates"
"ad264da66c46bc5bbe76a9694ebfba33","Eukaryota","Eukaryota_X","Eukaryota_XX","Eukaryota_XXX","Eukaryota_XXXX","Eukaryota_XXXXX","Eukaryota_XXXXXX","Eukaryota_XXXXXXX_sp.",1,NA
"ae969d3d68cd72f405dae7f640da3f9e","Eukaryota","Excavata","Discoba","Euglenida","Petalomonadida","Eupetalomonads_X","Eupetalomonads_XX","Eupetalomonads_XX_sp.",0.997401939,NA
"af3cc4922f89ce8cd5db215617227d4b","Eukaryota","Opisthokonta","Metazoa","Arthropoda","Crustacea","Maxillopoda","Maxillopoda_X","Maxillopoda_XX_sp.",0.999987831,NA
"af3d0a3ed1aff75cb750a8549fee649a","Eukaryota","Stramenopiles","Sagenista","Labyrinthulomycetes","Oblongichytrida","Oblongichytridiaceae","Oblongichytrium","Oblongichytrium_sp.",0.992179271,NA
"af7f89b0e69ece5add39168bc2aa73b3","Eukaryota","Stramenopiles","Sagenista","MAST-7","MAST-7A","MAST-7A_X","MAST-7A_XX","MAST-7A_XX_sp.",0.999473261,"MAST"
"b00e27e09b55edc64df4131023b7db53","Eukaryota","Rhizaria","Cercozoa","Filosa-Imbricatea","Spongomonadida","Spongomonadidae","Spongomonas","Spongomonas_minima",0.999728151,NA
"b141b52567b830c0e904c769e5d466e0","Eukaryota","Opisthokonta","Fungi","Chytridiomycota","Chytridiomycotina","Chytridiomycetes","Spizellomycetales-and-Rhizophlyctidales","Spizellomycetales-and-Rhizophlyctidales_sp.",0.999986378,NA
"b1823464fffe81ff79fd1cf3aa7bf7bb","Eukaryota","Stramenopiles","Ochrophyta","Bacillariophyta","Bacillariophyta_X","Bacillariophyta_XX","Bacillariophyta_XXX","Bacillariophyta_XXXX_sp.",0.991787784,"Diatoms"
"b21009ccddbb132014d11b56ebdf18f8","Eukaryota","Opisthokonta","Metazoa","Arthropoda","Crustacea","Maxillopoda","Maxillopoda_X","Maxillopoda_XX_sp.",0.999435408,NA
"b26a8dea004f12b5c55bbded9a8c0e5a","Eukaryota","Hacrobia","Telonemia","Telonemia_X","Telonemia_XX","Telonemia-Group-1","Telonemia-Group-1_X","Telonemia-Group-1_X_sp.",0.999999858,NA
"b2952b431d9817db975b3e002427e3a4","Eukaryota","Alveolata","Dinoflagellata","Syndiniales","Dino-Group-II","Dino-Group-II-Clade-44","Dino-Group-II-Clade-44_X","Dino-Group-II-Clade-44_X_sp.",0.999994355,"Dinoflagellates"
"b2b63c422be650ed33ab71d01120c7b0","Eukaryota","Hacrobia","Picozoa","Picozoa_X","Picozoa_XX","Picozoa_XXX","Picozoa_XXXX","Picozoa_XXXX_sp.",0.999897201,NA
"b2d30eef17d1a6db01bb5758b0e65f7d","Eukaryota","Stramenopiles","Ochrophyta","Dictyochophyceae","Dictyochophyceae_X","Dictyochophyceae_XX","Dictyochophyceae_XXX","Dictyochophyceae_XXXX_sp.",0.993052743,NA
"b322dedf94dfe51a5ab3888f6be89870","Eukaryota","Alveolata","Alveolata_X","Alveolata_XX","Alveolata_XXX","Alveolata_XXXX","Alveolata_XXXXX","Alveolata_XXXXXX_sp.",0.985680409,NA
"b3b76731e7afed56402bf01046411898","Eukaryota","Stramenopiles","Pseudofungi","MAST-1","MAST-1A","MAST-1A_X","MAST-1A_XX","MAST-1A_XX_sp.",1,"MAST"
"b55e88ecd836cf97d53487041e506eec","Eukaryota","Opisthokonta","Mesomycetozoa","Ichthyosporea","Ichthyosphonida","Pseudoperkinsidae","Pseudoperkinsus","Pseudoperkinsus_tapetis",0.999485998,NA
"b57441011db9779349378d45c5e4f86f","Eukaryota","Opisthokonta","Metazoa","Arthropoda","Crustacea","Maxillopoda","Maxillopoda_X","Maxillopoda_XX_sp.",0.999999767,NA
"b5c8bffbb55f25d27878ec624054d10b","Eukaryota","Stramenopiles","Ochrophyta","Bacillariophyta","Bacillariophyta_X","Bacillariophyta_XX","Bacillariophyta_XXX","Bacillariophyta_XXXX_sp.",0.995886331,"Diatoms"
"b5e36546eae112d3ca94640c0faf6b2b","Eukaryota","Alveolata","Dinoflagellata","Syndiniales","Dino-Group-II","Dino-Group-II-Clade-10-and-11","Dino-Group-II-Clade-10-and-11_X","Dino-Group-II-Clade-10-and-11_X_sp.",0.997128239,"Dinoflagellates"
"b64fda7d089f6afe309eb169e47bed4c","Eukaryota","Rhizaria","Cercozoa","Filosa-Imbricatea","Thaumatomonadida","Thaumatomonadida_X","Thaumatomonadida_XX","Thaumatomonadida_XX_sp.",0.999951526,NA
"b8c7d3f835287b5cb3ca4cf49d3539a2","Eukaryota","Opisthokonta","Metazoa","Annelida","Annelida_X","Annelida_XX","Parapionosyllis","Parapionosyllis_elegans",0.989711049,NA
"b9b846c264a6d9058acbb697e70a1cb3","Eukaryota","Rhizaria","Cercozoa","Filosa-Imbricatea","Euglyphida","Trinematidae","Trinema","Trinema_enchelys",0.99981348,NA
"b9d61af5168916009daf9a0bcfccbf49","Eukaryota","Opisthokonta","Fungi","Ascomycota","Pezizomycotina","Eurotiomycetes","Eurotiomycetes_X","Eurotiomycetes_XX_sp.",0.994838864,NA
"ba9870aa12f7f88650146ec23c269289","Eukaryota","Archaeplastida","Streptophyta","Embryophyceae","Embryophyceae_X","Embryophyceae_XX","EmbryophyceaeX_XX","EmbryophyceaeX_XXX_sp.",0.999993736,NA
"bd851a6211dd4682651bc28ae80bbd14","Eukaryota","Eukaryota_X","Eukaryota_XX","Eukaryota_XXX","Eukaryota_XXXX","Eukaryota_XXXXX","Eukaryota_XXXXXX","Eukaryota_XXXXXXX_sp.",0.999937483,NA
"c0a8d65718393bf7112ad6318e716268","Eukaryota","Stramenopiles","Ochrophyta","Bacillariophyta","Bacillariophyta_X","Polar-centric-Mediophyceae","Porosira","Porosira_X_sp.",0.999999999,"Diatoms"
"c0e9344da4e2d24c40820ecbfd0d25e0","Eukaryota","Stramenopiles","Ochrophyta","Bacillariophyta","Bacillariophyta_X","Bacillariophyta_XX","Bacillariophyta_XXX","Bacillariophyta_XXXX_sp.",0.992211913,"Diatoms"
"c178cb88b84a78c675afbc4816a9303b","Eukaryota","Stramenopiles","Ochrophyta","Chrysophyceae","Chrysophyceae_X","Chrysophyceae_Clade-C","Spumella","Spumella_vulgaris",0.999691279,NA
"c194be465761b3ea4a66bc0f6f631786","Eukaryota","Alveolata","Dinoflagellata","Dinophyceae","Dinophyceae_X","Dinophyceae_XX","Dinophyceae_XXX","Dinophyceae_XXXX_sp.",0.999115759,"Dinoflagellates"
"c22f7f1e8df9c72d16eda7022124eb8e","Eukaryota","Hacrobia","Centroheliozoa","Centroheliozoa_X","Centroheliozoa_XX","Centroheliozoa_XXX","Centroheliozoa_XXXX","Centroheliozoa_XXXXX_sp.",0.999507104,NA
"c28ca9413872bd6965bbefea7cbe32ff","Eukaryota","Stramenopiles","Ochrophyta","Bacillariophyta","Bacillariophyta_X","Bacillariophyta_XX","Bacillariophyta_XXX","Bacillariophyta_XXXX_sp.",0.994021293,"Diatoms"
"c2932bef90ef90fd2856d3f4fec8360f","Eukaryota","Opisthokonta","Metazoa","Arthropoda","Crustacea","Maxillopoda","Maxillopoda_X","Maxillopoda_XX_sp.",0.99999992,NA
"c2e5767e19bab3f6af998e3d1fd727a0","Eukaryota","Stramenopiles","Ochrophyta","Bacillariophyta","Bacillariophyta_X","Bacillariophyta_XX","Bacillariophyta_XXX","Bacillariophyta_XXXX_sp.",0.993437688,"Diatoms"
"c3b281bc7af979f293a9716e1ef011bf","Eukaryota","Opisthokonta","Fungi","Fungi_X","Fungi_XX","Fungi_XXX","Fungi_XXXX","Fungi_XXXXX_sp.",0.978742912,NA
"c45ca7a1ec70c2faef20c5ad3ad9b3ea","Eukaryota","Stramenopiles","Ochrophyta","Bacillariophyta","Bacillariophyta_X","Bacillariophyta_XX","Bacillariophyta_XXX","Bacillariophyta_XXXX_sp.",0.98923943,"Diatoms"
"c588199669daf2079e93240645bf3772","Eukaryota","Opisthokonta","Metazoa","Arthropoda","Crustacea","Maxillopoda","Maxillopoda_X","Maxillopoda_XX_sp.",0.99999352,NA
"c6343d7ba652b4b9b6927ae38d210d78","Eukaryota","Stramenopiles","Opalozoa","MAST-3","MAST-3B","MAST-3B_X","MAST-3B_XX","MAST-3B_XX_sp.",0.998792209,"MAST"
"c79501763aa354383a15c3f4d306ad63","Eukaryota","Alveolata","Dinoflagellata","Dinophyceae","Gymnodiniales","Gymnodiniaceae","Gyrodinium","Gyrodinium_rubrum",0.997268852,"Dinoflagellates"
"c88911dc6e970eddd4f0107ffa2601c4","Eukaryota","Alveolata","Dinoflagellata","Dinophyceae","Dinophyceae_X","Dinophyceae_XX","Dinophyceae_XXX","Dinophyceae_XXXX_sp.",0.99331216,"Dinoflagellates"
"cb4e3cc8cbe65d89d4cfc08ed11796f0","Eukaryota","Alveolata","Ciliophora","Spirotrichea","Tintinnida","Tintinnidae","Amphorellopsis","Amphorellopsis_quinquealata",0.996011035,NA
"ccd8bca8ce33ce2ef1e7eae6245352ac","Eukaryota","Stramenopiles","Ochrophyta","Bacillariophyta","Bacillariophyta_X","Bacillariophyta_XX","Bacillariophyta_XXX","Bacillariophyta_XXXX_sp.",0.992417855,"Diatoms"
"cd387ca3d492d18b574983cddd79f41e","Eukaryota","Rhizaria","Cercozoa","Filosa-Thecofilosea","Ventricleftida","CCW10-lineage","CCW10-lineage_X","CCW10-lineage_X_sp.",0.991117062,NA
"cdb805974a5d097a1fe75749bfa95332","Eukaryota","Stramenopiles","Ochrophyta","Bacillariophyta","Bacillariophyta_X","Bacillariophyta_XX","Bacillariophyta_XXX","Bacillariophyta_XXXX_sp.",0.993966603,"Diatoms"
"ce9b97d338c9bdf8c096434288a661cb","Eukaryota","Amoebozoa","Lobosa","Tubulinea","Nolandida","Nolandellidae","Nolandellidae_X","Nolandellidae_X_sp.",0.99998116,NA
"cf48c69209842c7a6a28eb6aa7bd7428","Eukaryota","Rhizaria","Cercozoa","Filosa-Imbricatea","Marimonadida","Marimonadida_X","Pseudopirsonia","Pseudopirsonia_mucosa",0.992553051,NA
"cf674336b9f4d08db4cd124e9f145508","Eukaryota","Stramenopiles","Ochrophyta","Bacillariophyta","Bacillariophyta_X","Polar-centric-Mediophyceae","Polar-centric-Mediophyceae_X","Polar-centric-Mediophyceae_XX_sp.",0.992160521,"Diatoms"
"cf859b407bd3b9ac0d85286cbc828925","Eukaryota","Opisthokonta","Metazoa","Gastrotricha","Gastrotricha_X","Gastrotricha_XX","Cephalodasys","Cephalodasys_turbanelloides",0.999998435,NA
"d09c7457389b6f1122f443be019aae76","Eukaryota","Opisthokonta","Metazoa","Arthropoda","Crustacea","Maxillopoda","Maxillopoda_X","Maxillopoda_XX_sp.",0.999999748,NA
"d1e5a2f66dcfefc494366ed2082436f1","Eukaryota","Opisthokonta","Metazoa","Bryozoa","Bryozoa_X","Bryozoa_XX","BryozoaX_XX","BryozoaX_XXX_sp.",0.998500792,NA
"d45d767e87f4e7b84c231c07b4716c32","Eukaryota","Opisthokonta","Fungi","Ascomycota","Pezizomycotina","Pezizomycotina_X","Pezizomycotina_XX","Pezizomycotina_XXX_sp.",0.999982669,NA
"d4aa9aae647e9f61e28e33fc19fbcb34","Eukaryota","Alveolata","Dinoflagellata","Syndiniales","Dino-Group-I","Dino-Group-I-Clade-5","Dino-Group-I-Clade-5_X","Dino-Group-I-Clade-5_X_sp.",0.999995985,"Dinoflagellates"
"d543f3fdb748bfa23a7143045017bef9","Eukaryota","Alveolata","Dinoflagellata","Syndiniales","Dino-Group-II","Dino-Group-II-Clade-27","Dino-Group-II-Clade-27_X","Dino-Group-II-Clade-27_X_sp.",0.999999847,"Dinoflagellates"
"d6059de7947a6df41406bb4cfb0a2364","Eukaryota","Eukaryota_X","Eukaryota_XX","Eukaryota_XXX","Eukaryota_XXXX","Eukaryota_XXXXX","Eukaryota_XXXXXX","Eukaryota_XXXXXXX_sp.",0.999987157,NA
"d6a8090982b946eb49c3978cbe699bf0","Eukaryota","Hacrobia","Centroheliozoa","Centroheliozoa_X","Centroheliozoa_XX","Centroheliozoa_XXX","Centroheliozoa_XXXX","Centroheliozoa_XXXXX_sp.",0.992052153,NA
"d6c167c8a58dd66d23b880ad143aec07","Eukaryota","Opisthokonta","Metazoa","Urochordata","Urochordata_X","Ascidiacea","Ascidiacea_X","Ascidiacea_XX_sp.",0.999999863,NA
"d6c27a959c6a2b093b7bf5fa9f65eca7","Eukaryota","Alveolata","Dinoflagellata","Syndiniales","Dino-Group-II","Dino-Group-II-Clade-10-and-11","Dino-Group-II-Clade-10-and-11_X","Dino-Group-II-Clade-10-and-11_X_sp.",0.994379267,"Dinoflagellates"
"d7a2118a4bc96df0483b841d99556d9e","Eukaryota","Stramenopiles","Sagenista","Labyrinthulomycetes","Labyrinthulomycetes_X","Labyrinthulomycetes_X_LAB1/6/8","Labyrinthulomycetes_X_LAB6","Labyrinthulomycetes_X_LAB6_sp.",0.999957552,NA
"d81a21ec86805c71d678f59345e414dc","Eukaryota","Stramenopiles","Ochrophyta","Bacillariophyta","Bacillariophyta_X","Bacillariophyta_XX","Bacillariophyta_XXX","Bacillariophyta_XXXX_sp.",0.99218454,"Diatoms"
"d9a9d5059ab7b57508023972a17d2f40","Eukaryota","Hacrobia","Cryptophyta","Cryptophyceae","Cryptomonadales","Cryptomonadales_X","Geminigera","Geminigera_cryophila",0.994174854,"Cryptophytes"
"da796e40cd26f69efa7b929ae4e15a9a","Eukaryota","Stramenopiles","Sagenista","Labyrinthulomycetes","Labyrinthulomycetes_X","Labyrinthulomycetes_X_LAB1/6/8","Labyrinthulomycetes_X_LAB6","Labyrinthulomycetes_X_LAB6_sp.",0.999999987,NA
"db05aed32db98c324edd3ba6942cf77d","Eukaryota","Alveolata","Dinoflagellata","Syndiniales","Dino-Group-II","Dino-Group-II-Clade-28","Dino-Group-II-Clade-28_X","Dino-Group-II-Clade-28_X_sp.",0.99527744,"Dinoflagellates"
"db9cfd11d435c4f9c78252d74ac1e2c2","Eukaryota","Opisthokonta","Metazoa","Metazoa_X","Metazoa_XX","Metazoa_XXX","Metazoa_XXXX","Metazoa_XXXXX_sp.",0.994151887,NA
"dd6eec9bcdd46f7326d50854cda2a446","Eukaryota","Stramenopiles","Ochrophyta","Bacillariophyta","Bacillariophyta_X","Bacillariophyta_XX","Bacillariophyta_XXX","Bacillariophyta_XXXX_sp.",0.993298477,"Diatoms"
"ded39488628e7ee625a76ea239c652b4","Eukaryota","Opisthokonta","Fungi","Basidiomycota","Agaricomycotina","Agaricomycetes","Agaricomycetes_X","Agaricomycetes_XX_sp.",0.999339934,NA
"e107836911af9fbcdb713b79694c6405","Eukaryota","Stramenopiles","Ochrophyta","Bacillariophyta","Bacillariophyta_X","Bacillariophyta_XX","Bacillariophyta_XXX","Bacillariophyta_XXXX_sp.",0.995832565,"Diatoms"
"e15dc2a992f7d713b46925d72b5014a9","Eukaryota","Eukaryota_X","Eukaryota_XX","Eukaryota_XXX","Eukaryota_XXXX","Eukaryota_XXXXX","Eukaryota_XXXXXX","Eukaryota_XXXXXXX_sp.",0.999985568,NA
"e163f1a0ae35544f01999bb97fa30a1d","Eukaryota","Stramenopiles","Ochrophyta","Bacillariophyta","Bacillariophyta_X","Raphid-pennate","Raphid-pennate_X","Raphid-pennate_XX_sp.",0.984498514,"Diatoms"
"e16ae6ba209e830beb6e80f8da722315","Eukaryota","Opisthokonta","Fungi","Ascomycota","Pezizomycotina","Pezizomycetes","Pezizomycetes_X","Pezizomycetes_XX_sp.",0.999991623,NA
"e1c6c6f83e39fdcf477f7950f3ecccef","Eukaryota","Alveolata","Dinoflagellata","Syndiniales","Dino-Group-II","Dino-Group-II-Clade-1","Dino-Group-II-Clade-1_X","Dino-Group-II-Clade-1_X_sp.",0.992057755,"Dinoflagellates"
"e4b4507e07b58ac1ce035e72b0c76713","Eukaryota","Rhizaria","Cercozoa","Filosa-Imbricatea","Euglyphida","Trinematidae","Trinema","Trinema_enchelys",0.999985995,NA
"e57955915ce5d23463ca51ec68735a7f","Eukaryota","Stramenopiles","Ochrophyta","Bacillariophyta","Bacillariophyta_X","Bacillariophyta_XX","Bacillariophyta_XXX","Bacillariophyta_XXXX_sp.",0.982554603,"Diatoms"
"e5fdce2cc2e80899c4c19b328067b344","Eukaryota","Archaeplastida","Chlorophyta","Chlorophyceae","Chlamydomonadales","Chlamydomonadales_X","Chlamydomonadales_XX","Chlamydomonadales_XXX_sp.",0.980460887,"Greenalgae"
"e6be3b96f764cb3d345f883b10b5c4a9","Eukaryota","Opisthokonta","Metazoa","Platyhelminthes","Trematoda","Digenea","Digenea_X","Digenea_XX_sp.",0.999824244,NA
"e88428db0001315d04f81adad54701e4","Eukaryota","Alveolata","Dinoflagellata","Dinophyceae","Dinophyceae_X","Dinophyceae_XX","Dinophyceae_XXX","Dinophyceae_XXXX_sp.",0.98563941,"Dinoflagellates"
"e88f012f2a962005e4e8b311c884b1d5","Eukaryota","Eukaryota_X","Eukaryota_XX","Eukaryota_XXX","Eukaryota_XXXX","Eukaryota_XXXXX","Eukaryota_XXXXXX","Eukaryota_XXXXXXX_sp.",0.999989907,NA
"ea58ac3132e2880bda17a48ce821c79a","Eukaryota","Rhizaria","Cercozoa","Filosa-Imbricatea","Thaumatomonadida","Thaumatomonadidae","Reckertia","Reckertia_filosa",0.999707029,NA
"ea9416308cd152e8b121fa7a78d0fcdd","Eukaryota","Alveolata","Ciliophora","Spirotrichea","Hypotrichia","Oxytrichidae","Oxytrichidae_X","Oxytrichidae_X_sp.",0.999678401,NA
"ebdeb3eb098810f9a6c7949e83de3188","Eukaryota","Rhizaria","Cercozoa","Filosa-Thecofilosea","Ventricleftida","Ventrifissuridae","Ventrifissura","Ventrifissura_artocarpoidea",0.993113876,NA
"ebf0152bf67674ad575b6ba26245310d","Eukaryota","Alveolata","Ciliophora","Phyllopharyngea","Suctoria","Ephelotidae","Ephelota","Ephelota_X_sp.",0.999833351,NA
"eccdaf86ce7aa8f54e75c989a5c44396","Eukaryota","Stramenopiles","Ochrophyta","Bacillariophyta","Bacillariophyta_X","Bacillariophyta_XX","Bacillariophyta_XXX","Bacillariophyta_XXXX_sp.",0.992803603,"Diatoms"
"ed2ad3d93a6ae252b69eb0546f7e1bf4","Eukaryota","Opisthokonta","Metazoa","Nematoda","Chromadorea","Chromadorea_X","Chromadorea_XX","Chromadorea_XXX_sp.",0.999999882,NA
"edb9a0867ed0a687e103632a40c32bcf","Eukaryota","Opisthokonta","Metazoa","Cnidaria","Cnidaria_X","Hydrozoa","Hydrozoa_X","Hydrozoa_XX_sp.",0.999581682,NA
"ee7c335e57ae1223e42e1ee0908530c7","Eukaryota","Hacrobia","Haptophyta","Prymnesiophyceae","Phaeocystales","Phaeocystaceae","Phaeocystis","Phaeocystis_X_sp.",0.999999943,"Haptophytes"
"ef76a770b9cf21b4c5aabf9550839a29","Eukaryota","Excavata","Discoba","Euglenida","Euglenophyceae","Euglenophyceae_X","Euglenophyceae_XX","Euglenophyceae_XXX_sp.",0.97761618,NA
"f08b805760752b64603e3d61207d56cf","Eukaryota","Stramenopiles","Pseudofungi","MAST-1","MAST-1B","MAST-1B_X","MAST-1B_XX","MAST-1B_XX_sp.",0.999983977,"MAST"
"f12c0c5d23a2b2e89e59af684b5d1b48","Eukaryota","Stramenopiles","Ochrophyta","Bolidophyceae","Parmales","Parmales_X","Parmales_XX","Parmales_XXX_sp.",0.999419269,NA
"f1d279f1785c57e04905ebd3b5e3a48a","Eukaryota","Stramenopiles","Pseudofungi","MAST-1","MAST-1B","MAST-1B_X","MAST-1B_XX","MAST-1B_XX_sp.",0.999993537,"MAST"
"f1daa9e3685760799fec9e2c5ea93d71","Eukaryota","Stramenopiles","Sagenista","Labyrinthulomycetes","Labyrinthulida","Labyrinthulaceae","Aplanochytrium","Aplanochytrium_sp.",0.99854389,NA
"f5e8aac88c34c7ea2097e8d2129d691f","Eukaryota","Rhizaria","Radiolaria","RAD-B","RAD-B_X","RAD-B_X_Group-IVe","RAD-B_X_Group-IVe_X","RAD-B_X_Group-IVe_X_sp.",0.996008077,NA
"f66eb44115f0438556a47a58845da518","Eukaryota","Opisthokonta","Fungi","Chytridiomycota","Chytridiomycotina","Chytridiomycetes","Spizellomycetales-and-Rhizophlyctidales","Spizellomycetales-and-Rhizophlyctidales_sp.",0.999978025,NA
"f68584fba7b5e2e9b94e678f46f6ce18","Eukaryota","Opisthokonta","Metazoa","Arthropoda","Crustacea","Maxillopoda","Maxillopoda_X","Maxillopoda_XX_sp.",0.999999949,NA
"f685d0824a501db36f63dc2732ac80a1","Eukaryota","Stramenopiles","Ochrophyta","Pelagophyceae","Pelagomonadales","Pelagomonadaceae","Aureococcus","Aureococcus_anophagefferens",0.998952542,NA
"f8d03169e1994e51ae4f19237cd11b83","Eukaryota","Opisthokonta","Metazoa","Mollusca","Bivalvia","Heteroconchia","Heteroconchia_X","Heteroconchia_XX_sp.",1,NA
"fa7ab3518507160244ae1a1ccacdf3ca","Eukaryota","Stramenopiles","Sagenista","Labyrinthulomycetes","Labyrinthulomycetes_X","Labyrinthulomycetes_XX","Labyrinthulomycetes_XXX","Labyrinthulomycetes_XXXX_sp.",0.998552753,NA
"fc5c45eb6bfe5e31b7cdfacfefe893b2","Eukaryota","Opisthokonta","Fungi","Basidiomycota","Pucciniomycotina","Cystobasidiomycetes","Sakaguchia","Sakaguchia_dacryoidea",0.999840531,NA
"fd5605b5a561f1f598b3db753d1a039d","Eukaryota","Opisthokonta","Fungi","Ascomycota","Saccharomycotina","Saccharomycetales","Hanseniaspora","Hanseniaspora_uvarum",0.999999444,NA
"fe1793b2a179577a315c6958dbdb3e50","Eukaryota","Rhizaria","Cercozoa","Filosa-Imbricatea","Euglyphida","Cyphoderiidae","Cyphoderia","Cyphoderia_ampulla",0.98511372,NA
"fe5b284fdade72db56cb003d85bfa58a","Eukaryota","Opisthokonta","Metazoa","Metazoa_X","Metazoa_XX","Metazoa_XXX","Metazoa_XXXX","Metazoa_XXXXX_sp.",0.989595812,NA
"fed0dcafd0c27ef494fe34665d5386a1","Eukaryota","Opisthokonta","Metazoa","Arthropoda","Crustacea","Maxillopoda","Corycaeus","Corycaeus_speciosus",0.999999986,NA
"ff6ef1dbe809063cc4750b6c843f78bf","Eukaryota","Eukaryota_X","Eukaryota_XX","Eukaryota_XXX","Eukaryota_XXXX","Eukaryota_XXXXX","Eukaryota_XXXXXX","Eukaryota_XXXXXXX_sp.",0.999992157,NA
