"","Feature.ID","Domain","Kingdom","Phylum","Class","Order","Family","Genus","Species","pr2_Confidence"
"1","00097b46a6cd535d67ddbf9b853def2b","Eukaryota","Stramenopiles","Ochrophyta","Bacillariophyta","Bacillariophyta_X",NA,NA,NA,0.999999164494542
"2","00eee0e75b79321c98633739d6235435","Eukaryota",NA,NA,NA,NA,NA,NA,NA,1
"3","01d5fd2ce300aec9cc34f899b791ffed","Eukaryota","Opisthokonta","Fungi","Ascomycota","Saccharomycotina","Saccharomycetales",NA,NA,0.9985591781967
"4","040cc0477a7904e41a3b997d28921901","Eukaryota","Opisthokonta","Metazoa","Arthropoda","Crustacea","Maxillopoda","Metridia",NA,0.993191338501117
"5","04dd1ee51056f811f3d0f21d35be0abf","Eukaryota","Alveolata","Dinoflagellata","Syndiniales","Dino-Group-II","Dino-Group-II-Clade-16","Dino-Group-II-Clade-16_X","Dino-Group-II-Clade-16_X_sp.",0.999911580537623
"6","051e1d723d0c3a2c56b0eb66cfd9893e","Eukaryota","Excavata","Discoba","Euglenozoa","Diplonemea","Diplonemida","Diplonema",NA,0.989345100804609
"7","073a98a6743f05f42597ac86cd536906","Eukaryota","Stramenopiles","Sagenista","MAST-7","MAST-7A","MAST-7A_X","MAST-7A_XX","MAST-7A_XX_sp.",0.999999781229167
"8","07d91b765ec9ac7ceed1f02762894d02","Eukaryota","Stramenopiles","Sagenista","MAST-8","MAST-8D","MAST-8D_X","MAST-8D_XX","MAST-8D_XX_sp.",0.999998138614926
"9","07f7cc8561745d8495a37bd2afe6035c","Eukaryota","Opisthokonta","Fungi","Chytridiomycota","Chytridiomycotina","Chytridiomycetes","Spizellomycetales-and-Rhizophlyctidales","Spizellomycetales-and-Rhizophlyctidales_sp.",0.999998587574129
"10","0a0b4b3d90d10bed6ecc2b93c2226053","Eukaryota","Opisthokonta","Metazoa","Arthropoda","Crustacea","Maxillopoda",NA,NA,0.999999370813732
"11","0a13a2677302b8fed738e37ac7026ea9","Eukaryota","Rhizaria","Radiolaria","Acantharea","Arthracanthida-Symphyacanthida","Arthracanthida-Symphyacanthida_X","Arthracanthida-Symphyacanthida_XX","Arthracanthida-Symphyacanthida_XX_sp.",0.974445707847138
"12","0aab0d2015daa9b6b61c9ab08b5cf338","Eukaryota","Amoebozoa","Lobosa","Discosea-Flabellinia","Dactylopodida","Paramoebidae","Neoparamoeba","Neoparamoeba_aestuarina",0.999999999999659
"13","0b04a0e165deb280d84b621de918a4c4","Eukaryota","Stramenopiles","Pseudofungi","MAST-1","MAST-1A","MAST-1A_X","MAST-1A_XX","MAST-1A_XX_sp.",0.99999999999801
"14","0c17e8fc2d3bfd69cb54d171d6f99f0e","Eukaryota",NA,NA,NA,NA,NA,NA,NA,0.999999999999991
"15","0c9699f21843e1fd206fb952f0aba469","Eukaryota","Stramenopiles","Ochrophyta","Chrysophyceae","Chrysophyceae_X","Chrysophyceae_Clade-C",NA,NA,0.998442450464313
"16","0db6be4b8b1079efd4751989837f2ca0","Eukaryota","Stramenopiles","Ochrophyta","Bacillariophyta","Bacillariophyta_X",NA,NA,NA,0.999972667134578
"17","0eedde69b0c270ef41b743118213ec83","Eukaryota","Apusozoa","Apusomonadidae","Apusomonadidae_Group-1","Apusomonadidae_Group-1_X","Apusomonadidae_Group-1_XX","Amastigomonas","Amastigomonas_mutabilis",0.999981303376776
"18","1069814de7c508dbe1458459fbdfb4ee","Eukaryota","Alveolata","Dinoflagellata","Dinophyceae","Gymnodiniales","Gymnodiniaceae","Gyrodinium","Gyrodinium_rubrum",0.998586930206678
"19","106fd0eba1be13039c01e23181346ea5","Eukaryota","Rhizaria","Cercozoa","Filosa-Thecofilosea","Ventricleftida","Ventrifissuridae","Ventrifissuridae_X","Ventrifissuridae_X_sp.",0.999999998813394
"20","10895d6be3e2b3cd81823c3c24cfe1e9","Eukaryota","Rhizaria","Radiolaria","Acantharea","Chaunacanthida","Chaunacanthida_X","Chaunacanthida_XX","Chaunacanthida_XX_sp.",0.999705010185555
"21","10c27a70fbde9c343ee5c4624ae97d8d","Eukaryota","Stramenopiles","Ochrophyta","Bacillariophyta","Bacillariophyta_X","Raphid-pennate","Pleurosigma","Pleurosigma_intermedium",0.996219225475017
"22","10ee54926db61f288bba76cb43046de4","Eukaryota","Opisthokonta","Metazoa","Annelida","Annelida_X","Annelida_XX","Polycirrus",NA,0.997959882390599
"23","11e44c778806a603799a247396a8de05","Eukaryota","Opisthokonta","Metazoa","Arthropoda","Crustacea","Maxillopoda","Archinotodelphys","Archinotodelphys_sp.",0.975152474282112
"24","1268b623bbde942ea9df85d5cc592fb3","Eukaryota","Alveolata","Dinoflagellata","Dinophyceae","Gymnodiniales","Gymnodiniaceae","Gyrodinium","Gyrodinium_fusiforme",0.975965828564981
"25","12e1c3ef1cfe8aa14224693866d8d4b6","Eukaryota","Stramenopiles","Ochrophyta","Bacillariophyta","Bacillariophyta_X","Polar-centric-Mediophyceae","Porosira",NA,0.999999999978037
"26","1450ff2c770888e8863d82f0163f6b53","Eukaryota","Stramenopiles","Ochrophyta","Bacillariophyta","Bacillariophyta_X","Polar-centric-Mediophyceae","Chaetoceros","Chaetoceros_peruvianus",0.999946994237219
"27","1469999244c4820d040e92db0eac41c4","Eukaryota","Hacrobia","Picozoa","Picozoa_X","Picozoa_XX","Picozoa_XXX","Picozoa_XXXX","Picozoa_XXXX_sp.",0.999960009471875
"28","14c47605f6de572d62f15affd1c358b5","Eukaryota","Alveolata","Dinoflagellata","Dinophyceae","Suessiales","Suessiaceae","Polarella","Polarella_glacialis",0.999664393108738
"29","15a587ca36436be508abbcba69c0cf55","Eukaryota","Alveolata","Dinoflagellata","Syndiniales","Dino-Group-II","Dino-Group-II-Clade-1","Dino-Group-II-Clade-1_X","Dino-Group-II-Clade-1_X_sp.",0.99888434990192
"30","16313c46f1902cbd6f94b3974dc1328a","Eukaryota","Opisthokonta","Metazoa","Arthropoda","Crustacea","Maxillopoda",NA,NA,0.999979956243869
"31","169446a7104494f42872a59d92fd2102","Eukaryota","Stramenopiles","Ochrophyta","Bacillariophyta","Bacillariophyta_X","Raphid-pennate",NA,NA,0.999785540870748
"32","17d09ca2ccf272fc736acac5fd1099bb","Eukaryota","Opisthokonta","Fungi",NA,NA,NA,NA,NA,0.999770210401924
"33","187ac8f6ed9dfc6744eeae713dd36031","Eukaryota","Alveolata","Dinoflagellata","Syndiniales","Dino-Group-II","Dino-Group-II-Clade-13","Dino-Group-II-Clade-13_X","Dino-Group-II-Clade-13_X_sp.",0.983620574515582
"34","188fcab13256c51d6babd6b810564364","Eukaryota","Opisthokonta","Metazoa","Arthropoda","Crustacea","Maxillopoda",NA,NA,0.999996581033146
"35","18e3dce9960b7e52fb4e7bcdbdfec31d","Eukaryota","Stramenopiles","Ochrophyta","Chrysophyceae","Chrysophyceae_X","Chrysophyceae_Clade-H","Chrysophyceae_Clade-H_X","Chrysophyceae_Clade-H_X_sp.",0.999999945468205
"36","1b9525eb1cf11da9a4931af1df29f559","Eukaryota","Alveolata","Dinoflagellata","Dinophyceae","Peridiniales","Protoperidiniaceae","Protoperidinium","Protoperidinium_sp.",0.971974372095314
"37","1d6edd03bf480178d929833d45a57f2c","Eukaryota","Archaeplastida","Chlorophyta","Pyramimonadophyceae","Pyramimonadales","Pyramimonadaceae","Pyramimonas","Pyramimonas_gelidicola",0.997759056537147
"38","1f4615e457328d6fd31eb7737aa8205c","Eukaryota","Archaeplastida","Rhodophyta","Florideophyceae","Colaconematales","Colaconematales_X",NA,NA,0.999998960851967
"39","1fd9166056d726b53df89cda049cb8ea","Eukaryota",NA,NA,NA,NA,NA,NA,NA,0.999999999999992
"40","2024a45380822b5e8f5cd359abf467e2","Eukaryota","Opisthokonta","Metazoa","Arthropoda","Crustacea","Maxillopoda",NA,NA,0.999998838381787
"41","20d83ed8ef5772074da8f0ece26af50e","Eukaryota","Rhizaria","Radiolaria","RAD-B","RAD-B_X","RAD-B-Group-IV","RAD-B-Group-IV_X","RAD-B-Group-IV_X_sp.",0.999896681772042
"42","20fbf523b8d76525303498c76eaffb69","Eukaryota","Stramenopiles","Ochrophyta","Bacillariophyta","Bacillariophyta_X","Polar-centric-Mediophyceae","Chaetoceros","Chaetoceros_peruvianus",0.999980546219628
"43","2519aee9294037e07da9d0059327daea","Eukaryota","Hacrobia","Telonemia","Telonemia_X","Telonemia_XX","Telonemia-Group-1","Telonemia-Group-1_X","Telonemia-Group-1_X_sp.",0.999997294552096
"44","2661d608fc4a1db49cb7ce1a727a30e6","Eukaryota","Opisthokonta","Metazoa","Arthropoda","Crustacea","Maxillopoda",NA,NA,0.999998721177007
"45","268a8e23c354f2cb27dbf0d57b9add6b","Eukaryota","Alveolata","Ciliophora","Spirotrichea","Tintinnida","Tintinnidae","Tintinnidae_X","Tintinnidae_X_sp.",0.999487541459367
"46","269e74f41e7ebb32563a26fa592eee5e","Eukaryota","Stramenopiles","Opalozoa","MAST-3","MAST-3I","MAST-3I_X","MAST-3I_XX","MAST-3I_XX_sp.",0.999996079388734
"47","27fbca6c4fe13ba60162a969fdd80c7c","Eukaryota","Stramenopiles","Ochrophyta","Bacillariophyta","Bacillariophyta_X","Raphid-pennate","Pleurosigma","Pleurosigma_intermedium",0.995762760240516
"48","288466bdedfeeef7a3aa48131ae58c1d","Eukaryota","Archaeplastida","Streptophyta","Embryophyceae","Embryophyceae_X","Embryophyceae_XX",NA,NA,0.999999810851634
"49","290f70e9de482f93dfc2e41f8285aab6","Eukaryota",NA,NA,NA,NA,NA,NA,NA,1
"50","295e54ce65ef59ed605ab3a17fa296d7","Eukaryota","Rhizaria","Cercozoa","Filosa-Imbricatea","Thaumatomonadida","Thaumatomonadidae","Thaumatomastix","Thaumatomastix_sp.",0.999999299321676
"51","2ac941b6e28a01b409c525aa50314a57","Eukaryota","Alveolata","Dinoflagellata","Syndiniales","Dino-Group-II","Dino-Group-II-Clade-1","Dino-Group-II-Clade-1_X","Dino-Group-II-Clade-1_X_sp.",0.999999857949841
"52","2ae091636ec825effa377850eff0dd39","Eukaryota",NA,NA,NA,NA,NA,NA,NA,0.999999999999979
"53","2c19b3627a268b01780affe200fc9680","Eukaryota","Hacrobia","Picozoa","Picozoa_X","Picozoa_XX","Picozoa_XXX","Picozoa_XXXX","Picozoa_XXXX_sp.",0.999988776856324
"54","2c411fadae7dc30cf98d4ee506ce16e0","Eukaryota","Opisthokonta","Metazoa","Mollusca","Bivalvia","Heteroconchia",NA,NA,0.999999999950208
"55","2d9e82278c75751d511325461183c377","Eukaryota","Archaeplastida","Rhodophyta","Florideophyceae",NA,NA,NA,NA,0.99999993852946
"56","2f6c7c75c3cf71b207e1a15b79db0ce8","Eukaryota","Stramenopiles","Ochrophyta","Pelagophyceae","Pelagomonadales","Pelagomonadaceae","Aureococcus","Aureococcus_anophagefferens",0.99999993836621
"57","2fe97efd5eee31dd1d77710ba2b929c7","Eukaryota","Stramenopiles","Ochrophyta","Bacillariophyta","Bacillariophyta_X","Radial-centric-basal-Coscinodiscophyceae","Stellarima","Stellarima_microtrias",0.999996218514243
"58","3178d34716dc42620c86801369c8fd8d","Eukaryota","Alveolata","Ciliophora",NA,NA,NA,NA,NA,0.994313372723386
"59","34a0cd56366a2e3075c62544fe987a97","Eukaryota","Stramenopiles","Ochrophyta","Bacillariophyta","Bacillariophyta_X","Polar-centric-Mediophyceae","Shionodiscus","Shionodiscus_ritscheri",0.981364307030025
"60","3787a1e6294466afbfb39eaa6e94e530","Eukaryota","Stramenopiles","Ochrophyta","Bacillariophyta","Bacillariophyta_X",NA,NA,NA,0.999816735729808
"61","38451dcad0552a6e6fc3435fcddc1565","Eukaryota",NA,NA,NA,NA,NA,NA,NA,1.00000000000001
"62","391727626948265b78c7bbfd87a35065","Eukaryota","Stramenopiles","Ochrophyta","Bacillariophyta","Bacillariophyta_X","Polar-centric-Mediophyceae","Chaetoceros","Chaetoceros_debilis_2",0.999999999871598
"63","3a831bb4267198dd3ad15f208ae1c21c","Eukaryota","Stramenopiles","Ochrophyta","Bacillariophyta","Bacillariophyta_X","Raphid-pennate","Pseudo-nitzschia","Pseudo-nitzschia_seriata",0.999432027551893
"64","3ac005340b31e7ae071b5ecb6eaac0bc","Eukaryota","Hacrobia","Telonemia","Telonemia_X","Telonemia_XX","Telonemia-Group-2","Telonema-Group-2","Telonema_antarcticum",0.999959283534442
"65","3bf54e65e207dbe451f8cd9c17c39c1e","Eukaryota","Stramenopiles","Ochrophyta","Bacillariophyta","Bacillariophyta_X","Radial-centric-basal-Coscinodiscophyceae","Proboscia","Proboscia_alata",0.999999962068714
"66","3cbffa66a57b5dac847eb89897836ef3","Eukaryota","Opisthokonta","Metazoa","Arthropoda","Crustacea","Maxillopoda",NA,NA,0.999998076881821
"67","3cf6004f564447225ef216d427c7a420","Eukaryota","Stramenopiles","Ochrophyta","Pelagophyceae","Pelagomonadales","Pelagomonadaceae","Pelagomonas","Pelagomonas_calceolata",0.999998815016176
"68","3e2f0828db7f0f7225bfc69055761ed2","Eukaryota","Hacrobia","Haptophyta","Prymnesiophyceae",NA,NA,NA,NA,0.999997297004457
"69","3e83caa0bad18fc38c1774853667a704","Eukaryota","Alveolata","Ciliophora","Cyclotrichium_like_organism","Cyclotrichium_like_organism_X","Cyclotrichium_like_organism_XX","Cyclotrichium",NA,0.995495279722428
"70","3f4fa5c6cdc240ba6046d664d416cfac","Eukaryota","Rhizaria","Radiolaria","Acantharea","Arthracanthida-Symphyacanthida","Arthracanthida-Symphyacanthida_X",NA,NA,0.999999924759232
"71","40ff38bc8875ef3828e89f565dce1eb8","Eukaryota","Stramenopiles","Ochrophyta","Bacillariophyta","Bacillariophyta_X",NA,NA,NA,0.994822776939042
"72","417fc346bda3dd55caa6d6190814787b","Eukaryota","Rhizaria","Cercozoa","Filosa-Thecofilosea","Ventricleftida","Ventrifissuridae","Ventrifissuridae_X","Ventrifissuridae_X_sp.",0.999999989566163
"73","41b8caf5edf602f15e91b5e3331acd12","Eukaryota","Stramenopiles","Opalozoa","MAST-12","MAST-12A","MAST-12A_X","MAST-12A_XX","MAST-12A_XX_sp.",0.999766843923106
"74","4201cdd72fc2c2e49ff01d241d4c0efc","Eukaryota","Stramenopiles","Opalozoa","MAST-3","MAST-3L","MAST-3L_X","MAST-3L_XX","MAST-3L_XX_sp.",0.999981262177053
"75","44c58c432afd298bdd893e9a58c699ee","Eukaryota","Stramenopiles","Ochrophyta","Phaeophyceae","Phaeophyceae_X","Phaeophyceae_XX",NA,NA,0.999999986694633
"76","45801ae357ce1657387be867c99a378a","Eukaryota","Rhizaria","Cercozoa","Chlorarachniophyceae","Chlorarachnida","Minorisa-lineage","Minorisa","Minorisa_minuta",0.998447082836926
"77","45817cc31820354df6d652f4d0ffb90d","Eukaryota","Rhizaria","Cercozoa","Filosa-Thecofilosea","Ventricleftida","CCW10-lineage","CCW10-lineage_X","CCW10-lineage_X_sp.",0.999999975497545
"78","465f97d4bfe0f66b18b7fea87d4d2b98","Eukaryota","Opisthokonta","Metazoa","Cnidaria","Cnidaria_X","Hydrozoa","Aegina","Aegina_citrea",0.99999999275564
"79","47a4a101262e28fa5d5edcf0556ffa08","Eukaryota","Alveolata","Ciliophora","Spirotrichea","Choreotrichida","Strobilidiidae_G","Strobilidiidae_G_X","Strobilidiidae_G_X_sp.",0.999999932972559
"80","4c3810bf08542a7dee6bfb2e528231ba","Eukaryota","Stramenopiles","Ochrophyta","Bacillariophyta","Bacillariophyta_X",NA,NA,NA,0.974405664421294
"81","4ef9220a936c1fa6fd30d6da31fd2301","Eukaryota",NA,NA,NA,NA,NA,NA,NA,1
"82","4f506fe17331e5c1007d4dba9a2ddde9","Eukaryota","Hacrobia","Picozoa","Picozoa_X","Picozoa_XX","Picozoa_XXX","Picozoa_XXXX","Picozoa_XXXX_sp.",0.999993730615585
"83","50347d4c111a327d97e1cffdd3d6eb73","Eukaryota","Rhizaria","Radiolaria","Acantharea","Arthracanthida-Symphyacanthida","Arthracanthida-Symphyacanthida_X","Arthracanthida-Symphyacanthida_XX","Arthracanthida-Symphyacanthida_XX_sp.",0.999191401187408
"84","519fd0cb22c61795277b51630556680d","Eukaryota","Alveolata","Dinoflagellata","Syndiniales","Dino-Group-I","Dino-Group-I-Clade-1","Dino-Group-I-Clade-1_X","Dino-Group-I-Clade-1_X_sp.",0.999969957879892
"85","51cc4f533d3395c5b89a1c3e6f198b7b","Eukaryota","Archaeplastida","Chlorophyta","Ulvophyceae","Ulotrichales","Ulotrichales_X",NA,NA,0.999843897508517
"86","51e97668c528db3e68e281f0fb8908ae","Eukaryota","Opisthokonta","Metazoa","Annelida","Annelida_X","Annelida_XX","Kefersteinia","Kefersteinia_cirrata",0.995435079536072
"87","5260d917adbb8a94ec7b3d118abd3e8b","Eukaryota","Alveolata","Dinoflagellata","Syndiniales","Dino-Group-II","Dino-Group-II_X","Dino-Group-II-Clade-52_X","Dino-Group-II-Clade-52_X_sp.",0.993522940757147
"88","5342397aafa5274e9778ae7f1cd1ca9e","Eukaryota","Opisthokonta","Choanoflagellida","Choanoflagellatea","Acanthoecida","Stephanoecidae_Group_H","Diaphanoeca","Diaphanoeca_grandis",0.979813733486699
"89","53b5f92fe82bf5266133b2fc0ddaa353","Eukaryota","Hacrobia","Telonemia","Telonemia_X","Telonemia_XX","Telonemia-Group-1","Telonemia-Group-1_X","Telonemia-Group-1_X_sp.",0.999999423958424
"90","546d2bdd3677c2fc3cec7baccede1498","Eukaryota","Opisthokonta",NA,NA,NA,NA,NA,NA,0.999953076328717
"91","54ef2b0963ff373f267b063106df62d1","Eukaryota","Opisthokonta","Metazoa","Arthropoda","Crustacea","Maxillopoda","Maxillopoda_X","Maxillopoda_X_sp.",0.991163758108841
"92","54fddf33f866d95f9c223b0996631c10","Eukaryota","Alveolata","Dinoflagellata","Syndiniales","Dino-Group-II",NA,NA,NA,0.985761043772939
"93","563d8f19fb3d5306dd8cf987f8fe8fa5","Eukaryota","Opisthokonta","Choanoflagellida","Choanoflagellatea","Acanthoecida","Stephanoecidae_Group_H","Stephanoecidae_Group_H_X","Stephanoecidae_Group_H_X_sp.",0.999891256139113
"94","56867a9e3f3511cae2db77d6fd825f7b","Eukaryota","Archaeplastida","Chlorophyta","Ulvophyceae","Ulotrichales","Ulotrichales_X",NA,NA,0.999999984722063
"95","5773f5ff0d2e298ee4df705b7bad9045","Eukaryota","Rhizaria","Cercozoa","Filosa-Imbricatea","Thaumatomonadida","Thaumatomonadida_X","Thaumatomonadida_XX","Thaumatomonadida_XX_sp.",0.983765946424438
"96","58aa91996a1dfaae8f0d98c878748475","Eukaryota","Stramenopiles","Sagenista","MAST-7","MAST-7A","MAST-7A_X","MAST-7A_XX","MAST-7A_XX_sp.",0.999998041888537
"97","597ab0bf45db48083c3bb9620498766e","Eukaryota","Stramenopiles","Sagenista","MAST-8","MAST-8A","MAST-8A_X","MAST-8A_XX","MAST-8A_XX_sp.",0.999708835044767
"98","5a44086b50245721a96578d74f89964c","Eukaryota",NA,NA,NA,NA,NA,NA,NA,1.00000000000001
"99","5a5639171577dd55f2e5f6cfd98daebe","Eukaryota","Excavata","Discoba","Euglenozoa","Diplonemea","Diplonemea_X","Rhynchopus","Rhynchopus_sp.",0.986146947052762
"100","5ae0cfb35fc4a89db375751d16aa4a4e","Eukaryota",NA,NA,NA,NA,NA,NA,NA,0.999999999999981
"101","5bc5a5890710aeac78d8332198a0d93c","Eukaryota","Rhizaria","Cercozoa","Filosa-Thecofilosea","Ventricleftida","CCW10-lineage","CCW10-lineage_X","CCW10-lineage_X_sp.",0.999999940236551
"102","5c2ff629642d4be096da4c6995148959","Eukaryota","Alveolata","Dinoflagellata","Syndiniales","Dino-Group-II","Dino-Group-II-Clade-1","Dino-Group-II-Clade-1_X","Dino-Group-II-Clade-1_X_sp.",0.981317733480724
"103","5c31a630dda94ea98b4b6bc662b97197","Eukaryota","Hacrobia","Haptophyta","Prymnesiophyceae","Phaeocystales","Phaeocystaceae","Phaeocystis",NA,0.999999999700393
"104","5c5f856b8968cb18dbc523895e60b9e3","Eukaryota","Rhizaria","Cercozoa","Filosa-Thecofilosea","Filosa-Thecofilosea_X","Mataza-lineage","Mataza-lineage_X","Mataza-lineage_X_sp.",0.999999708639507
"105","5c9b1eea1403890d9c74564540359c2c","Eukaryota","Hacrobia","Cryptophyta","Cryptophyceae","Cryptomonadales","Cryptomonadales_X","Geminigera","Geminigera_cryophila",0.979413914009306
"106","5eb4531756d7e5428befaee21441302f","Eukaryota","Stramenopiles","Ochrophyta","Phaeophyceae","Phaeophyceae_X","Phaeophyceae_XX","Halothrix","Halothrix_ambigua",0.998988168922668
"107","5f970904ecb9d01e7474f98213e95db5","Eukaryota","Rhizaria","Foraminifera","Globothalamea","Rotaliida","Globorotaliidae","Neogloboquadrina","Neogloboquadrina_pachyderma",0.999999998118369
"108","600022e3781e0b5f69299eccf33477b7","Eukaryota","Stramenopiles","Ochrophyta","Bacillariophyta","Bacillariophyta_X","Polar-centric-Mediophyceae","Chaetoceros","Chaetoceros_socialis",0.999995698932592
"109","6062ad12e5f0e95cda67f26efaa3de44","Eukaryota","Stramenopiles","Ochrophyta","Bacillariophyta","Bacillariophyta_X","Raphid-pennate","Pleurosigma","Pleurosigma_intermedium",0.984557835520785
"110","60fd3f0ecb1ce59efd4e85a4a5fa7917","Eukaryota","Stramenopiles","Ochrophyta","Bacillariophyta","Bacillariophyta_X","Polar-centric-Mediophyceae","Chaetoceros",NA,0.99999989585455
"111","6153e3ad14e9d0c7c6dc08709ab46e11","Eukaryota","Opisthokonta","Metazoa","Echinodermata","Echinodermata_X","Echinodermata_XX",NA,NA,0.999999992089532
"112","638c0772f165f7095a68bdcd073ec78f","Eukaryota","Alveolata","Ciliophora","Spirotrichea","Strombidiida_B","Strombidiida_B_X","Strombidiida_B_XX","Strombidiida_B_XX_sp.",0.999206111008226
"113","63e6c74b3d8a13ef0e25d7f5eff0648b","Eukaryota",NA,NA,NA,NA,NA,NA,NA,0.999999999999986
"114","641045505118bdfe01d6add91bcc032c","Eukaryota","Hacrobia","Telonemia","Telonemia_X","Telonemia_XX","Telonemia-Group-2","Telonema-Group-2","Telonema_antarcticum",0.999999981569879
"115","642e592d0634e0aedd26cfc5f5759c6b","Eukaryota","Opisthokonta",NA,NA,NA,NA,NA,NA,0.973914637251562
"116","662a617f19de5c30504d764c99d82fcf","Eukaryota",NA,NA,NA,NA,NA,NA,NA,0.999999999999975
"117","66bba99e0cacef06b88582d289ba5542","Eukaryota",NA,NA,NA,NA,NA,NA,NA,0.999999999999999
"118","670b5ab85861846734bbf6a7556d7f19","Eukaryota","Stramenopiles","Ochrophyta","Bacillariophyta","Bacillariophyta_X","Polar-centric-Mediophyceae","Hemiaulus","Hemiaulus_sinensis",0.999627353426561
"119","670dc3438671b9f29a5f87de5aa2a2ce","Eukaryota","Archaeplastida","Chlorophyta","Ulvophyceae","Ulotrichales","Ulotrichales_X","Ulothrix","Ulothrix_sp.",0.974488423572113
"120","680dbc6ebe350cbadbe22c34ca3bd4d0","Eukaryota","Opisthokonta","Metazoa","Arthropoda","Crustacea","Maxillopoda",NA,NA,0.999809777478155
"121","6908faff05c93e629920739703200da7","Eukaryota","Alveolata","Dinoflagellata","Syndiniales","Dino-Group-II","Dino-Group-II-Clade-14","Dino-Group-II-Clade-14_X","Dino-Group-II-Clade-14_X_sp.",0.999915931179499
"122","6aa6cb9829c1616cc84d2e54c70919dc","Eukaryota","Alveolata","Dinoflagellata","Dinophyceae",NA,NA,NA,NA,0.999752461894004
"123","6bc1c829dd15cf518cbb87ff842a52c3","Eukaryota","Alveolata","Dinoflagellata","Dinophyceae",NA,NA,NA,NA,0.997553069471916
"124","6c1b0238f80f9f02f4a2a7397f874d58","Eukaryota","Stramenopiles","Ochrophyta","Bacillariophyta","Bacillariophyta_X","Polar-centric-Mediophyceae","Chaetoceros","Chaetoceros_rostratus",0.999851237250139
"125","6c88cfa5b65d796cb3d611bffe028b20","Eukaryota","Stramenopiles","Ochrophyta","Dictyochophyceae","Dictyochophyceae_X","Pedinellales","Pteridomonas","Pteridomonas_danica",0.999877289859154
"126","6cf6b98bda4ca05d3cd32d85a58ee261","Eukaryota","Stramenopiles","Ochrophyta","Bacillariophyta","Bacillariophyta_X",NA,NA,NA,0.999309223892474
"127","6d7192a47a8f7d8707323485812f270d","Eukaryota","Stramenopiles","Ochrophyta","Bacillariophyta","Bacillariophyta_X","Polar-centric-Mediophyceae","Eucampia",NA,0.999862345137527
"128","6ef78184ad886431913bfb1e0eb086b3","Eukaryota",NA,NA,NA,NA,NA,NA,NA,0.999999999999978
"129","6fc96a1dfd76b4ae0d6113a02797e743","Eukaryota","Opisthokonta","Metazoa","Arthropoda","Crustacea","Maxillopoda",NA,NA,0.999999192208526
"130","72eabf7f6664a7b326aa5b891c05a9f4","Eukaryota",NA,NA,NA,NA,NA,NA,NA,0.999999999999985
"131","7320df9c546785b6414a63a3c3670820","Eukaryota","Alveolata","Dinoflagellata","Dinophyceae",NA,NA,NA,NA,0.99922081777341
"132","734275c398ea1ddcd94ca6ea10d3b7fe","Eukaryota","Opisthokonta","Metazoa","Arthropoda","Crustacea","Maxillopoda","Tisbe","Tisbe_sp.",0.993920449107991
"133","7363802588ab6684e292d5663158a629","Eukaryota","Stramenopiles","Pseudofungi","MAST-1","MAST-1C","MAST-1C_X","MAST-1C_XX","MAST-1C_XX_sp.",0.999999996412313
"134","7366c18b17ea547ca61743476fc828cc","Eukaryota","Archaeplastida","Chlorophyta","Ulvophyceae","Ulotrichales","Ulotrichales_X",NA,NA,0.999999816639508
"135","73addf2cb4385f9ed8f758a78b6f66ca","Eukaryota","Hacrobia","Haptophyta","Prymnesiophyceae","Phaeocystales","Phaeocystaceae","Phaeocystis","Phaeocystis_sp.",0.978061102300049
"136","740b1bd9cabbf19f5352b48d17945e51","Eukaryota","Stramenopiles","Ochrophyta","Bacillariophyta","Bacillariophyta_X","Polar-centric-Mediophyceae","Attheya","Attheya_longicornis",0.976345218481543
"137","74254e324deaa59843d73de994a229c1","Eukaryota","Rhizaria","Cercozoa","Filosa-Thecofilosea","Ventricleftida","CCW10-lineage","CCW10-lineage_X","CCW10-lineage_X_sp.",0.999999999984624
"138","746447247cb46122919fb970df268618","Eukaryota","Rhizaria","Cercozoa","Filosa-Thecofilosea","Cryomonadida","Cryothecomonas-lineage","Cryothecomonas","Cryothecomonas_aestivalis",0.970924156874425
"139","762aa03a2e96aa4466f1ea08b47e17cd","Eukaryota","Archaeplastida","Chlorophyta","Ulvophyceae","Ulotrichales","Ulotrichales_X","Capsosiphon","Capsosiphon_groenlandicus",0.999910603324153
"140","77809d3db596ae5f844f4d6b56764dd7","Eukaryota","Stramenopiles","Opalozoa","MAST-3","MAST-3E","MAST-3E_X","MAST-3E_XX","MAST-3E_XX_sp.",0.99999880442552
"141","778e635a814cdff0107765c83b514a08","Eukaryota","Alveolata","Dinoflagellata","Syndiniales","Dino-Group-II","Dino-Group-II-Clade-13","Dino-Group-II-Clade-13_X","Dino-Group-II-Clade-13_X_sp.",0.999999986393696
"142","780af0863c4827a6e36448b70a12b788","Eukaryota","Opisthokonta","Metazoa","Cnidaria","Cnidaria_X","Hydrozoa","Pantachogon","Pantachogon_haeckeli",0.999999970980042
"143","78c875089926e7c4b031dacb9e3a9521","Eukaryota","Rhizaria","Cercozoa","Filosa-Imbricatea","Euglyphida",NA,NA,NA,0.998457372995313
"144","78de5c7fa1624bbf2764ef0cd4a4f63d","Eukaryota","Alveolata","Dinoflagellata","Dinophyceae",NA,NA,NA,NA,0.999923565386362
"145","79566ea3740fbcdff2c6940e206316ed","Eukaryota",NA,NA,NA,NA,NA,NA,NA,1
"146","7a61ce8e2a935383c1a915ec9109e79c","Eukaryota","Opisthokonta",NA,NA,NA,NA,NA,NA,0.998809070731472
"147","7b103d31d93ea33b381d741855acb04d","Eukaryota","Stramenopiles","Ochrophyta","Bacillariophyta","Bacillariophyta_X","Raphid-pennate",NA,NA,0.997136738924207
"148","7bacd47b9438c9f615eb4d1f8c7ff1fc","Eukaryota","Opisthokonta","Metazoa","Arthropoda","Crustacea","Maxillopoda",NA,NA,0.999960515802052
"149","7d34abb77c8b7acadccf300ade337fe6","Eukaryota",NA,NA,NA,NA,NA,NA,NA,1.00000000000001
"150","7d5ebdc08ee80413f965e9b57df59403","Eukaryota","Alveolata","Dinoflagellata","Dinophyceae",NA,NA,NA,NA,0.995403961736191
"151","7e01ce00a1ce124ce52109966b4f2bc5","Eukaryota",NA,NA,NA,NA,NA,NA,NA,0.999999999999996
"152","7ea9112a0ae1fe52bcef0837275f72f4","Eukaryota","Hacrobia","Telonemia","Telonemia_X","Telonemia_XX","Telonemia-Group-1","Telonemia-Group-1_X","Telonemia-Group-1_X_sp.",0.999999999994088
"153","7eac0bbb25473d232f425706a2846222","Eukaryota","Stramenopiles","Ochrophyta","Dictyochophyceae","Dictyochophyceae_X",NA,NA,NA,0.987417370323189
"154","7f82c70ee1a7856698efd4bb1ccc9a44","Eukaryota","Opisthokonta","Metazoa","Arthropoda","Crustacea","Maxillopoda",NA,NA,0.999986396805336
"155","803331db243b173696d04a61b206007d","Eukaryota","Alveolata","Dinoflagellata","Syndiniales","Dino-Group-II","Dino-Group-II-Clade-10-and-11","Dino-Group-II-Clade-10-and-11_X","Dino-Group-II-Clade-10-and-11_X_sp.",0.989418164862432
"156","80f6c81582b3c25855a7edd7f8b25ebc","Eukaryota","Alveolata","Ciliophora","Spirotrichea","Tintinnida","Ptychocylididae","Cymatocylis",NA,0.994079457516167
"157","81844926572bcea501a51a1615307a9c","Eukaryota","Rhizaria","Cercozoa","Filosa-Imbricatea","Marimonadida","Marimonadida_X","Pseudopirsonia","Pseudopirsonia_mucosa",0.999999997190912
"158","8237b189738e7184b3c9eb95c8b4cc02","Eukaryota","Stramenopiles","Ochrophyta","Chrysophyceae","Chrysophyceae_X","Chrysophyceae_Clade-F","Chrysophyceae_Clade-F_X","Chrysophyceae_Clade-F_X_sp.",0.999273572224156
"159","82a2a61db105bf8033eeaacffa77f7b8","Eukaryota","Opisthokonta","Metazoa","Arthropoda","Crustacea","Ostracoda","Conchoecia","Conchoecia_sp.",0.999999692217363
"160","8401362d818fb0bdf37275c6f04abb49","Eukaryota","Stramenopiles","Pseudofungi","MAST-1","MAST-1C","MAST-1C_X","MAST-1C_XX","MAST-1C_XX_sp.",0.999999848392162
"161","86358750d61d9b9d7c4f3b2f48c17b74","Eukaryota","Opisthokonta","Metazoa",NA,NA,NA,NA,NA,0.999846249790837
"162","872e1cc5f1d7730b22254c33214a5ea3","Eukaryota","Rhizaria","Radiolaria","Polycystinea","Nassellaria","Plagiacanthoidea","Lithomelissa",NA,0.999708659283831
"163","88b95fb8a468016b87bfc27239a59ef3","Eukaryota","Rhizaria","Cercozoa","Filosa-Imbricatea","Thaumatomonadida","Thaumatomonadida_X","Thaumatomonadida_XX","Thaumatomonadida_XX_sp.",0.999919230651517
"164","89872b75f32e08c4d9a96fa75799f175","Eukaryota","Rhizaria","Cercozoa","Endomyxa-Ascetosporea","Paradinida","Paradinidae","Paradinium","Paradinium_poucheti",0.995108325388299
"165","8a8c312df797fc7f5888852683c8ecc2","Eukaryota","Alveolata","Dinoflagellata","Syndiniales","Dino-Group-I","Dino-Group-I-Clade-1","Dino-Group-I-Clade-1_X","Dino-Group-I-Clade-1_X_sp.",0.999997785596158
"166","8ab2ee1499818eae81ff4a693b5b6c2e","Eukaryota","Archaeplastida","Streptophyta","Embryophyceae","Embryophyceae_X","Embryophyceae_XX",NA,NA,0.999999999547345
"167","8cd0ac1597f657c6a77799fb64e0fb6d","Eukaryota","Stramenopiles","Ochrophyta","Bacillariophyta","Bacillariophyta_X","Araphid-pennate",NA,NA,0.99571951705268
"168","8e587eec0422cc5e9c03849b79bcbfb6","Eukaryota","Stramenopiles","Ochrophyta","Bacillariophyta","Bacillariophyta_X","Radial-centric-basal-Coscinodiscophyceae","Corethron","Corethron_inerme",0.999999798413916
"169","90011b408639e6a91ce402323e018e51","Eukaryota","Archaeplastida","Chlorophyta","Pyramimonadophyceae","Pyramimonadales",NA,NA,NA,0.999854273807447
"170","904554abb92367288a2a7d897d605631","Eukaryota","Opisthokonta","Metazoa","Echinodermata","Echinodermata_X","Echinodermata_XX",NA,NA,0.999994798180454
"171","904b8933ef1bcbd764ee41869512d3f6","Eukaryota","Opisthokonta","Fungi",NA,NA,NA,NA,NA,0.980749759141446
"172","92bc1cd37d824e30fbde7d2f3253c978","Eukaryota","Alveolata","Ciliophora","Spirotrichea","Strombidiida","Tontoniidae_A","Spirotontonia","Spirotontonia_sp.",0.987782184298824
"173","936bd9a9455f9f98f6cc0df713e196a0","Eukaryota",NA,NA,NA,NA,NA,NA,NA,1.00000000000001
"174","9443d7d95a9ad302a0d737590546db67","Eukaryota","Opisthokonta","Metazoa","Arthropoda","Crustacea","Maxillopoda",NA,NA,0.999998618623342
"175","95c2ebf2bba826a6a8f51cc3b8384141","Eukaryota","Alveolata","Dinoflagellata","Syndiniales","Dino-Group-II","Dino-Group-II-Clade-3","Dino-Group-II-Clade-3_X","Dino-Group-II-Clade-3_X_sp.",0.999791066118452
"176","966591b7e23007c5ca0c592ac00c491d","Eukaryota",NA,NA,NA,NA,NA,NA,NA,1
"177","97a6fa6d4000250fcf176aa408380162","Eukaryota","Opisthokonta","Metazoa","Arthropoda","Crustacea","Maxillopoda",NA,NA,0.999730336967523
"178","9832ed142c35be208092b2621ad04ed8","Eukaryota","Stramenopiles","Pseudofungi","MAST-1","MAST-1C","MAST-1C_X","MAST-1C_XX","MAST-1C_XX_sp.",0.999999999961489
"179","98bf2d7041cf2f5eea8d42dafff639c6","Eukaryota","Opisthokonta","Metazoa","Arthropoda","Crustacea","Maxillopoda",NA,NA,0.999999515631625
"180","99908150190e7240004004cdd7c6918f","Eukaryota",NA,NA,NA,NA,NA,NA,NA,1.00000000000001
"181","9991af738b78e5b6a1a7e69ca307c583","Eukaryota","Stramenopiles","Ochrophyta","Bacillariophyta","Bacillariophyta_X",NA,NA,NA,0.999118511540798
"182","9a875d04aa7a45a4f14a2b0a7a696666","Eukaryota","Stramenopiles","Ochrophyta","Bacillariophyta","Bacillariophyta_X","Araphid-pennate",NA,NA,0.992886221349763
"183","9d2399ccdb516399b8317642da5e3d93","Eukaryota","Rhizaria","Cercozoa","Filosa-Thecofilosea","Ventricleftida","CCW10-lineage","CCW10-lineage_X","CCW10-lineage_X_sp.",0.999999999680398
"184","9e4de441f755784a83b9082bf0e27867","Eukaryota","Stramenopiles","Ochrophyta","Bacillariophyta","Bacillariophyta_X","Polar-centric-Mediophyceae","Porosira",NA,0.999999985532115
"185","9e7a8e3d47eea9cc00bdc6d03d985c9e","Eukaryota","Alveolata","Dinoflagellata","Dinophyceae",NA,NA,NA,NA,0.990533873332836
"186","9f060d5b77a8cb097efd288c2ef0d049","Eukaryota","Rhizaria","Cercozoa","Filosa-Imbricatea","Thaumatomonadida","Thaumatomonadidae","Thaumatomonas","Thaumatomonas_sp.",0.999934447286086
"187","9fcae303e30258b8b4749676f9f5f793","Eukaryota","Alveolata","Dinoflagellata","Dinophyceae","Gymnodiniales","Gymnodiniaceae","Gyrodinium","Gyrodinium_dominans",0.979911440512154
"188","a04e7a7445c76d3e967c0adb48cd1a49","Eukaryota","Hacrobia","Centroheliozoa","Centroheliozoa_X",NA,NA,NA,NA,0.998867115317822
"189","a1a596331713ec258809226f6c144d9c","Eukaryota","Stramenopiles","Ochrophyta","Bacillariophyta","Bacillariophyta_X","Raphid-pennate",NA,NA,0.991548048788153
"190","a1f54d759b08f0d60b1cc3b2df7347a7","Eukaryota","Alveolata","Ciliophora","CONThreeP","CONThreeP_X","Urotrichidae","Urotricha","Urotricha_sp.",0.999740903964246
"191","a22b030231aee94cb398d2c9c0f7e634","Eukaryota","Opisthokonta","Metazoa",NA,NA,NA,NA,NA,0.999006993572508
"192","a29592a7c25c11b2e86f6b0f659ca277","Eukaryota","Hacrobia","Haptophyta","Prymnesiophyceae","Prymnesiales","Prymnesiophyceae_Clade_B3","Prymnesiophyceae_Clade_B3_X","Prymnesiophyceae_Clade_B3_X_sp.",0.999992775366571
"193","a4b1d689cd473e003c22a89212d640cb","Eukaryota","Opisthokonta","Metazoa","Arthropoda","Crustacea","Maxillopoda","Maxillopoda_X","Maxillopoda_X_sp.",0.992514116840057
"194","a90bfba87fdb6c6c751ec7f87b2a8ce4","Eukaryota","Alveolata","Ciliophora","Spirotrichea",NA,NA,NA,NA,0.999999695901739
"195","a9e930a6aa345269380b199328a4a41a","Eukaryota","Alveolata","Dinoflagellata","Dinophyceae","Peridiniales","Protoperidiniaceae","Protoperidinium","Protoperidinium_sp.",0.999998781243914
"196","aa82be787a6adca34f2711499cf63b44","Eukaryota","Opisthokonta","Metazoa","Bryozoa","Bryozoa_X","Bryozoa_XX",NA,NA,0.999999985489213
"197","aad4affe544fd6c46eecb3f3a5be8832","Eukaryota","Opisthokonta","Metazoa","Annelida","Annelida_X","Annelida_XX",NA,NA,0.999999991768471
"198","ab432ec1007e588e500e8fdb6fdb146f","Eukaryota",NA,NA,NA,NA,NA,NA,NA,0.999999999999991
"199","ac0bc64c271eef71aa57bb3d5f6cb305","Eukaryota","Opisthokonta","Metazoa","Craniata","Craniata_X",NA,NA,NA,0.999999999999783
"200","acc1ac59fbb8f16f0e7eb043e3770030","Eukaryota","Opisthokonta",NA,NA,NA,NA,NA,NA,0.973714257640962
"201","ad0bae1326bdeee0de7857f4cd225c75","Eukaryota","Rhizaria","Cercozoa","Filosa-Thecofilosea","Ventricleftida","Ventricleftida_X","Ventricleftida_XX","Ventricleftida_XX_sp.",0.999999988295841
"202","aeeb2cdd1169a0a346dac345698ff34d","Eukaryota","Rhizaria","Radiolaria","Polycystinea","Nassellaria",NA,NA,NA,0.999978108572477
"203","b302cfb795055d942f1154076c021220","Eukaryota",NA,NA,NA,NA,NA,NA,NA,1.00000000000001
"204","b35e10d1213a6e22b552166eed78bcd2","Eukaryota","Alveolata","Dinoflagellata","Syndiniales","Dino-Group-I","Dino-Group-I-Clade-1","Dino-Group-I-Clade-1_X","Dino-Group-I-Clade-1_X_sp.",0.999999864858234
"205","b478bd821bab18cc3f2790f8331b54b7","Eukaryota",NA,NA,NA,NA,NA,NA,NA,1.00000000000001
"206","b4f57b2930914d3b0a1f11b6ced6110b","Eukaryota","Opisthokonta","Metazoa","Nemertea","Nemertea_X","Nemertea_XX","Lineus","Lineus_sp.",0.994755827113153
"207","b5b37740b7177b5fd5b9d4aea8d9a52a","Eukaryota","Opisthokonta","Metazoa","Arthropoda","Crustacea","Malacostraca","Thysanoessa",NA,0.99511131006412
"208","b77ff394f17aa060dce48f2f3f84aa79","Eukaryota","Alveolata","Dinoflagellata","Dinophyceae",NA,NA,NA,NA,0.999601968442309
"209","b833085614ef69819226e7183aaf01a1","Eukaryota","Stramenopiles","Ochrophyta","Bacillariophyta","Bacillariophyta_X","Polar-centric-Mediophyceae","Porosira","Porosira_sp.",0.99425184375487
"210","b837aa2c2e1011733829cfdc33433476","Eukaryota","Rhizaria","Cercozoa","Filosa-Imbricatea","Filosa-Imbricatea_X","Novel-clade-2","Novel-clade-2_X","Novel-clade-2_X_sp.",0.999999996417188
"211","b9c8d00b76ae5a43bc202784b22cdd61","Eukaryota","Opisthokonta","Metazoa","Arthropoda","Crustacea","Maxillopoda",NA,NA,0.99999999835128
"212","baacb3f0392abc7b2e0e1f278ae6e16f","Eukaryota","Opisthokonta","Metazoa","Mollusca","Bivalvia","Anomalodesmata","Laternula","Laternula_elliptica",0.999995769624969
"213","bb34ffcefde0664c2f8134f1d8d89c2d","Eukaryota","Excavata","Discoba","Euglenozoa","Diplonemea","Diplonemida","Diplonema",NA,0.995531557278727
"214","bb6a392cf8d578a3373bc9ed2c9396b9","Eukaryota","Hacrobia","Cryptophyta","Cryptophyceae","Cryptomonadales","Cryptomonadales_X","Geminigera","Geminigera_cryophila",0.975993312016455
"215","bbea8bd1d8fb839bb27d12a1b8649483","Eukaryota","Archaeplastida","Prasinodermophyta","Prasinodermophyceae","Prasinococcales","Prasinococcales-Clade-B","Prasinococcales-Clade-B_X","Prasinococcales-Clade-B2_X_sp.",0.999877201566002
"216","bca9455ac087b58a34258e7c73c6a750","Eukaryota","Archaeplastida","Rhodophyta","Bangiophyceae","Bangiales","Bangiaceae","Wildemania","Wildemania_sp.",0.999999942210993
"217","be22a9fa0c1b742edf52a4cbadaa5be0","Eukaryota","Opisthokonta","Metazoa","Bryozoa","Bryozoa_X","Bryozoa_XX",NA,NA,0.999999960400847
"218","be732a593eeace583c6d69335b321a9e","Eukaryota","Opisthokonta","Metazoa","Craniata","Craniata_X","Archosauria","Gallus","Gallus_gallus",0.999804000222183
"219","befce545824fd9a17f92502b9f3a823b","Eukaryota","Stramenopiles","Opalozoa","MAST-3","MAST-3D","MAST-3D_X","MAST-3D_XX","MAST-3D_XX_sp.",0.999930097585279
"220","bf9e79fd45cc5fa77bc861053ef67ae1","Eukaryota","Stramenopiles","Ochrophyta","Bacillariophyta","Bacillariophyta_X","Radial-centric-basal-Coscinodiscophyceae","Actinocyclus","Actinocyclus_curvatulus",0.996596473569577
"221","bfb88ee021f13e64d5420d67bc13077f","Eukaryota",NA,NA,NA,NA,NA,NA,NA,1.00000000000001
"222","bfcde29137bd2f7c3dd16e52fe876dea","Eukaryota","Archaeplastida","Rhodophyta","Florideophyceae","Gigartinales","Gigartinales_X",NA,NA,0.998548058163769
"223","c01f148b76de4951f5c0d99b9550c827","Eukaryota","Alveolata","Dinoflagellata","Dinophyceae","Peridiniales","Heterocapsaceae","Heterocapsa","Heterocapsa_nei/rotundata",0.987653786558345
"224","c0aa10757aa356dd270f4b86644911e7","Eukaryota","Alveolata","Dinoflagellata","Syndiniales","Dino-Group-II","Dino-Group-II-Clade-8","Dino-Group-II-Clade-8_X","Dino-Group-II-Clade-8_X_sp.",0.999999290113262
"225","c289890f373294db35ccb3338c7ba464","Eukaryota","Stramenopiles","Ochrophyta","Bacillariophyta","Bacillariophyta_X","Raphid-pennate",NA,NA,0.998842037933377
"226","c2b2c3688d626a493125aa494d429b91","Eukaryota","Stramenopiles","Ochrophyta","Bacillariophyta","Bacillariophyta_X","Polar-centric-Mediophyceae","Odontella","Odontella_sinensis",0.993028448790002
"227","c2fd50869873a73f0f306287f18ec065","Eukaryota","Alveolata","Ciliophora","Spirotrichea","Choreotrichida","Leegaardiellidae_B","Leegaardiella","Leegaardiella_sp.",0.999998150447814
"228","c44b09db4dfd2a1cc72f65456683d8f6","Eukaryota","Stramenopiles","Opalozoa","MAST-3","MAST-3B","MAST-3B_X","MAST-3B_XX","MAST-3B_XX_sp.",0.996689852019371
"229","c472bc352b9a8260db20c99822f7cdaa","Eukaryota","Rhizaria","Cercozoa","Filosa-Imbricatea","Thaumatomonadida","Thaumatomonadida_X","Thaumatomonadida_XX","Thaumatomonadida_XX_sp.",0.997194233850532
"230","c4c3ee9ce12fa2e3c6d0e096f9da0294","Eukaryota","Opisthokonta","Choanoflagellida","Choanoflagellatea","Acanthoecida","Stephanoecidae_Group_D","Stephanoecidae_Group_D_X","Stephanoecidae_Group_D_X_sp.",0.999999998776403
"231","c5405031f933745bc1345f66b8381c6b","Eukaryota","Opisthokonta","Metazoa","Cnidaria","Cnidaria_X","Hydrozoa","Hydrozoa_X","Hydrozoa_X_sp.",0.999743269075004
"232","c7cc556e6ae770c41fc89292adf13262","Eukaryota","Alveolata","Dinoflagellata","Dinophyceae","Peridiniales","Amphidiniopsidaceae","Islandinium","Islandinium_tricingulatum",0.999679690468272
"233","c8c045e24029938fe860a13fba5f5bd6","Eukaryota",NA,NA,NA,NA,NA,NA,NA,1
"234","c8cf94dc432bfe5287677f834cd9d8b0","Eukaryota","Opisthokonta","Metazoa","Arthropoda","Crustacea","Maxillopoda","Archinotodelphys","Archinotodelphys_sp.",0.984159712660902
"235","c92e7ae0905805abc8f90c3bddb4ce70","Eukaryota","Rhizaria","Cercozoa","Filosa-Thecofilosea","Ventricleftida","Ventricleftida_X","Ventricleftida_XX","Ventricleftida_XX_sp.",0.99994475337211
"236","c985ca65563c82592ab657c420c0f129","Eukaryota","Hacrobia","Cryptophyta","Cryptophyceae","Cryptomonadales","Cryptomonadales_X","Geminigera","Geminigera_cryophila",0.997146911920948
"237","c9b1953977381b2021e1814762929b3a","Eukaryota",NA,NA,NA,NA,NA,NA,NA,0.999999999999992
"238","cab7a398516c474ff411c2a1b0548704","Eukaryota","Stramenopiles","Ochrophyta","Bacillariophyta","Bacillariophyta_X","Raphid-pennate","Pseudo-nitzschia",NA,0.999713644708614
"239","caf56dbea0af67cd15ba802821a5a487","Eukaryota","Hacrobia","Telonemia","Telonemia_X","Telonemia_XX","Telonemia-Group-2","Telonema-Group-2","Telonema_antarcticum",0.999974538854266
"240","cb8494ddf416e4c3671aaa6d23052625","Eukaryota","Alveolata","Ciliophora","Phyllopharyngea","Cyrtophoria_1","PHYLL_4","PHYLL_4_X","PHYLL_4_X_sp.",0.998329116899545
"241","cc0335962120a0045b7ef7aee8ee5cec","Eukaryota","Alveolata","Dinoflagellata","Dinophyceae",NA,NA,NA,NA,0.999405995588311
"242","cc0ffb36f8787d68421043e84cbe07a2","Eukaryota","Stramenopiles","Ochrophyta","Bacillariophyta","Bacillariophyta_X","Araphid-pennate",NA,NA,0.992657389107122
"243","cc89d32c17b5053ab4543d02ff6ac8c2","Eukaryota","Rhizaria","Cercozoa","Filosa-Imbricatea","Marimonadida","Marimonadida_X","Pseudopirsonia","Pseudopirsonia_mucosa",0.999998458865272
"244","cd5ff000f18f4a730c294e8472a18ba7","Eukaryota","Alveolata","Dinoflagellata","Dinophyceae",NA,NA,NA,NA,0.999690741979698
"245","ce814467ffb4c41f7459b0fdbbc358a4","Eukaryota","Rhizaria","Cercozoa","Filosa-Thecofilosea","Cryomonadida","Protaspa-lineage","Protaspa-lineage_X","Protaspa-lineage_X_sp.",0.973609252540792
"246","cfdf910da3eae1d00b717de965d47ea3","Eukaryota","Alveolata","Dinoflagellata","Dinophyceae",NA,NA,NA,NA,0.996396841799843
"247","d045b5d2d7761b5f7dfc306994c888f1","Eukaryota",NA,NA,NA,NA,NA,NA,NA,0.999999999999999
"248","d09d31e34303d085bfaf128d86d801f4","Eukaryota","Rhizaria","Cercozoa","Filosa-Thecofilosea","Cryomonadida","Cryothecomonas-lineage","Cryothecomonas","Cryothecomonas_aestivalis",0.989858295750597
"249","d2d89645071f6db1a09c1c9890c38c9e","Eukaryota","Hacrobia","Telonemia","Telonemia_X","Telonemia_XX","Telonemia-Group-1","Telonema-Group-1","Telonema_subtile",0.997885977195347
"250","d46b99a74f14f80e9460abaf8dce34ce","Eukaryota","Stramenopiles","Ochrophyta","Chrysophyceae","Chrysophyceae_X","Chrysophyceae_XX","Chrysophyceae_XXX","Chrysophyceae_XXX_sp.",0.986847237364974
"251","d4aedcd46ed50182ac792c0c4b204779","Eukaryota","Hacrobia","Telonemia","Telonemia_X","Telonemia_XX","Telonemia-Group-2","Telonemia-Group-2_X","Telonemia-Group-2_X_sp.",0.999999417752291
"252","d50b1ca8bb5a205f1250de7bd6001177","Eukaryota","Hacrobia","Haptophyta","Prymnesiophyceae","Prymnesiales","Chrysochromulinaceae","Chrysochromulina","Chrysochromulina_scutellum",0.9991392107292
"253","d546e0b959c26a1ee9a33ab55a08a5ed","Eukaryota",NA,NA,NA,NA,NA,NA,NA,0.999999999999985
"254","d6693ed0e3aab358b55147951ef70dce","Eukaryota",NA,NA,NA,NA,NA,NA,NA,0.999999999999997
"255","d6ae57a13f15aab1feeb4d0af2a398c2","Eukaryota","Stramenopiles","Ochrophyta","Bacillariophyta","Bacillariophyta_X","Raphid-pennate",NA,NA,0.978693615040214
"256","d77b85c1a8f80f09dfa904f648f386cc","Eukaryota","Opisthokonta","Metazoa","Urochordata","Urochordata_X","Ascidiacea",NA,NA,0.999999788125904
"257","d7931b804abe8709304de7ffd0015798","Eukaryota","Stramenopiles","Pseudofungi","MAST-1","MAST-1B","MAST-1B_X","MAST-1B_XX","MAST-1B_XX_sp.",0.999995761456277
"258","d8c20549c9bcd3a7f147212170a92805","Eukaryota","Rhizaria","Cercozoa","Filosa-Thecofilosea","Ebriida","Ebriidae","Ebria","Ebria_tripartita",0.999794938123021
"259","d93adb8a1db4f985c548d57855c29baf","Eukaryota","Opisthokonta","Metazoa","Rotifera","Rotifera_X","Rotifera_XX","Adineta","Adineta_vaga",0.976276687647423
"260","d99983487052d0259058f5253efe4ed1","Eukaryota","Stramenopiles","Ochrophyta","Pelagophyceae","Pelagomonadales","Pelagomonadales_clade_A","Pelagomonadales_clade_A1","Pelagomonadales_clade_A1_sp.",0.999999489242252
"261","d9fbe9218eb9f0156873fe9a6bb8a5fd","Eukaryota","Rhizaria","Cercozoa","Filosa-Imbricatea","Thaumatomonadida","Thaumatomonadida_X","Thaumatomonadida_XX","Thaumatomonadida_XX_sp.",0.995907212964142
"262","da07a297f9491f552012bbcce45849af","Eukaryota","Hacrobia","Telonemia","Telonemia_X","Telonemia_XX","Telonemia-Group-2","Telonemia-Group-2_X","Telonemia-Group-2_X_sp.",0.999997066651613
"263","dab8478243538189e9e2fa14e7527d33","Eukaryota",NA,NA,NA,NA,NA,NA,NA,1
"264","dac3a78ac075e9ca706b301775744e9c","Eukaryota","Rhizaria","Cercozoa","Filosa-Thecofilosea","Cryomonadida","Protaspa-lineage","Protaspa-lineage_X","Protaspa-lineage_X_sp.",0.999999672493804
"265","db40b0f4626a2a276b8483e715102319","Eukaryota","Alveolata","Ciliophora",NA,NA,NA,NA,NA,0.995818326244883
"266","dc5fef38df32deaeb1f4113cce17fe9e","Eukaryota","Opisthokonta","Metazoa","Annelida","Annelida_X","Annelida_XX","Parapionosyllis","Parapionosyllis_elegans",0.99717836073816
"267","dcb8004a7bdce66aa7bfe3e72a8113e4","Eukaryota","Opisthokonta","Metazoa","Annelida","Annelida_X","Annelida_XX",NA,NA,0.999071678191116
"268","dcd0472f90e6664bd40f556fd4dd9c0f","Eukaryota",NA,NA,NA,NA,NA,NA,NA,1
"269","de4c2f5f422474790627ce03888d9f37","Eukaryota","Alveolata","Ciliophora","Spirotrichea","Euplotia","Uronychiidae","Uronychia",NA,0.999943015705171
"270","de92020a690835cc69f593554fb403e3","Eukaryota","Alveolata","Dinoflagellata","Dinophyceae","Peridiniales","Amphidiniopsidaceae","Islandinium","Islandinium_tricingulatum",0.99475068176612
"271","decbecdeda8cf7e6f45875542fe5ee70","Eukaryota","Stramenopiles","Ochrophyta","Bacillariophyta","Bacillariophyta_X",NA,NA,NA,0.99997371192155
"272","df1e35b9a746175161464afd64354813","Eukaryota","Stramenopiles","Ochrophyta","Bacillariophyta","Bacillariophyta_X","Polar-centric-Mediophyceae","Porosira",NA,0.999999999693008
"273","df755b158279c1d9c5ca2e1fb82a4871","Eukaryota","Alveolata","Dinoflagellata","Syndiniales","Dino-Group-II","Dino-Group-II-Clade-1","Dino-Group-II-Clade-1_X","Dino-Group-II-Clade-1_X_sp.",0.99999317713329
"274","e181c908e9ecf4751b78c95e1342c802","Eukaryota","Opisthokonta","Metazoa","Ctenophora","Ctenophora_X","Ctenophora_XX",NA,NA,0.998205763374605
"275","e392c9634db5df78f6fa62558a896e73","Eukaryota","Opisthokonta","Metazoa","Nemertea","Nemertea_X","Nemertea_XX","Lineus","Lineus_sp.",0.993135639047955
"276","e464226c9802ee3d5eb39b9d70e549b6","Eukaryota","Opisthokonta","Metazoa","Arthropoda","Crustacea","Maxillopoda",NA,NA,0.999997390347449
"277","e54c3d5218fabfd55928f2cdaa6fda65","Eukaryota","Stramenopiles","Ochrophyta","Bacillariophyta","Bacillariophyta_X","Polar-centric-Mediophyceae","Chaetoceros","Chaetoceros_neogracilis",0.985862074284039
"278","e6c626876652567f2e183389ea975efd","Eukaryota",NA,NA,NA,NA,NA,NA,NA,0.999999999999999
"279","e6e004bf2d5d5135ff07272ad4b70ed9","Eukaryota","Opisthokonta",NA,NA,NA,NA,NA,NA,0.991453108231842
"280","e71314f8a59a727f2b5e9ca10cd203da","Eukaryota","Rhizaria","Cercozoa","Filosa-Thecofilosea","Ebriida","Ebriidae","Ebria","Ebria_tripartita",0.999999837592212
"281","e750d49efdb375ccd440d54e75c9a050","Eukaryota",NA,NA,NA,NA,NA,NA,NA,1.00000000000001
"282","e75123acab904018cf37e7011f0d47b4","Eukaryota",NA,NA,NA,NA,NA,NA,NA,1
"283","e76c136f1e06560f28615363f119f686","Eukaryota","Archaeplastida","Rhodophyta","Florideophyceae","Corallinales","Corallinales_X",NA,NA,0.999999882781073
"284","e941ac3be5b5483b22b75a57d913dccc","Eukaryota","Opisthokonta","Metazoa","Arthropoda","Crustacea","Maxillopoda",NA,NA,0.999998249243348
"285","ea0b7ac8d55952a6ee4da7f99ead7ac3","Eukaryota","Alveolata","Ciliophora","Spirotrichea","Tintinnida","Tintinnidae","Tintinnidae_X","Tintinnidae_X_sp.",0.999344920667108
"286","ea60a16e324ad5b2736276529e31a2a6","Eukaryota","Alveolata","Dinoflagellata","Syndiniales","Dino-Group-I","Dino-Group-I-Clade-1","Dino-Group-I-Clade-1_X","Dino-Group-I-Clade-1_X_sp.",0.999988329754003
"287","eaeaffaa62c8f247a0623e82f8796b40","Eukaryota","Stramenopiles","Ochrophyta","Dictyochophyceae","Dictyochophyceae_X","Dictyochales","Dictyocha","Dictyocha_speculum",0.999999996906524
"288","eaf01cc37c5e35f10e0fcae38fab4420","Eukaryota","Hacrobia","Haptophyta","Prymnesiophyceae","Prymnesiales","Chrysochromulinaceae","Chrysochromulina","Chrysochromulina_sp.",0.999998209874459
"289","eca4a720da5df715067e2c847321d35a","Eukaryota",NA,NA,NA,NA,NA,NA,NA,1.00000000000001
"290","ecaf8d1e8b37c7de1a42d24836449c2f","Eukaryota","Opisthokonta","Metazoa","Arthropoda","Crustacea","Maxillopoda",NA,NA,0.999999957654229
"291","ecdfd800c6b3c10af91f2ba4371b7dfe","Eukaryota","Rhizaria","Cercozoa","Filosa-Thecofilosea","Ventricleftida","Ventricleftida_X","Ventricleftida_XX","Ventricleftida_XX_sp.",0.999870224106769
"292","ed81db7898397db7a6b11f752a79f80e","Eukaryota","Opisthokonta",NA,NA,NA,NA,NA,NA,0.989252125273673
"293","ef9d309a087ad1b26c0ea8a1d799f7c3","Eukaryota",NA,NA,NA,NA,NA,NA,NA,1
"294","f1064c24ef8e45128cafb1431c590dfa","Eukaryota","Stramenopiles","Opalozoa","MAST-3","MAST-3E","MAST-3E_X","MAST-3E_XX","MAST-3E_XX_sp.",0.975746194508738
"295","f109ba59f8240958971a0abdbdeecad3","Eukaryota","Alveolata","Ciliophora","Spirotrichea","Hypotrichia",NA,NA,NA,0.999999937471488
"296","f335321c4e85802c23f581a5b00cd507","Eukaryota","Archaeplastida","Chlorophyta","Mamiellophyceae","Mamiellales","Bathycoccaceae","Bathycoccus","Bathycoccus_prasinos",0.999999992080575
"297","f388cd0011c2c3f4e9d8a33a57511484","Eukaryota","Stramenopiles","Ochrophyta","Dictyochophyceae","Dictyochophyceae_X","Florenciellales","Pseudochattonella","Pseudochattonella_verruculosa",0.978222092097785
"298","f469c5421e2da8927ec36d648ec7fd02","Eukaryota","Stramenopiles","Ochrophyta","Phaeophyceae","Phaeophyceae_X","Phaeophyceae_XX","Halothrix","Halothrix_ambigua",0.999995756691299
"299","f48a642a45d73d4a0baa8539020da6d2","Eukaryota","Stramenopiles","Opalozoa","MAST-3","MAST-3D","MAST-3D_X","MAST-3D_XX","MAST-3D_XX_sp.",0.999999985543568
"300","f4d5d894383f800aaf7955f10f1c0a56","Eukaryota","Stramenopiles","Ochrophyta","Bacillariophyta","Bacillariophyta_X","Raphid-pennate",NA,NA,0.977436307765944
"301","f5835ff7ad34ff2efac6bf13c47dd2bb","Eukaryota","Alveolata","Dinoflagellata","Syndiniales","Dino-Group-III","Dino-Group-III_X","Dino-Group-III_XX","Dino-Group-III_XX_sp.",0.999985927618961
"302","f90440a69d563d9db27d8459f2a2a8c7","Eukaryota","Alveolata","Dinoflagellata","Dinophyceae","Peridiniales","Protoperidiniaceae","Protoperidinium","Protoperidinium_sp.",0.999958321551478
"303","f9f5e0e43f8b745a3b15422d4fe38e09","Eukaryota","Opisthokonta","Metazoa","Annelida","Annelida_X","Annelida_XX","Nephtys",NA,0.999978650427473
"304","fa0e5dcb7e5c07ed31cf33a57ebaee90","Eukaryota","Stramenopiles","Ochrophyta","Bacillariophyta","Bacillariophyta_X",NA,NA,NA,0.990766292744969
"305","fa28fe215c257a16ab10178e1fbbb8cc","Eukaryota","Stramenopiles","Ochrophyta","Bacillariophyta","Bacillariophyta_X","Raphid-pennate","Pseudogomphonema","Pseudogomphonema_sp.",0.998978617998603
"306","fbe54b2bd12c4fcd6ec6691f72b1a3d2","Eukaryota","Alveolata","Dinoflagellata","Dinophyceae",NA,NA,NA,NA,0.999952877169015
"307","fbffab723fc5a88dc49ed43ef933cf03","Eukaryota","Opisthokonta","Metazoa","Annelida","Annelida_X","Annelida_XX",NA,NA,0.999873095394988
"308","fc75d0b73ac27e0c421a7059d2d69be5","Eukaryota","Stramenopiles","Pseudofungi","MAST-1","MAST-1C","MAST-1C_X","MAST-1C_XX","MAST-1C_XX_sp.",0.999999999904027
"309","fc8e46ae29628a8a0b678a27a88a298a","Eukaryota","Rhizaria","Cercozoa","Filosa-Thecofilosea","Cryomonadida","Protaspa-lineage",NA,NA,0.992085953475573
"310","fdb2721b0cfc49b72d516f88cd1c0f4f","Eukaryota",NA,NA,NA,NA,NA,NA,NA,0.999999999999977
"311","fe6762eaa1e979a056fe7543f8def2e1","Eukaryota","Rhizaria","Cercozoa","Filosa-Thecofilosea","Cryomonadida","Protaspa-lineage","Protaspa",NA,0.987782164072156
"312","fe6b600d426423009515456d90c6a93e","Eukaryota","Stramenopiles","Pseudofungi","Oomycota","Oomycota_X",NA,NA,NA,0.998770726315002
"313","00097b46a6cd535d67ddbf9b853def2b","Eukaryota","Stramenopiles","Ochrophyta","Bacillariophyta","Bacillariophyta_X",NA,NA,NA,0.999999164
"314","012fd5bc36cab9d30c50c17c2a7b5a77","Eukaryota","Opisthokonta","Metazoa","Arthropoda","Crustacea","Maxillopoda","Paracalanus","Paracalanus_parvus",0.99903686
"315","01b29b0880e28b849dc1134643fa3abd","Eukaryota","Excavata","Discoba","Euglenozoa","Diplonemea","Diplonemea_X","Diplonemea_XX","Diplonemea_XX_sp.",0.999998263
"316","01d5fd2ce300aec9cc34f899b791ffed","Eukaryota","Opisthokonta","Fungi","Ascomycota","Saccharomycotina","Saccharomycetales",NA,NA,0.998559178
"317","021277d5260a071e8d29c896f47c5874","Eukaryota",NA,NA,NA,NA,NA,NA,NA,1
"318","0310c808df17cb70a6676e763f9e5890","Eukaryota",NA,NA,NA,NA,NA,NA,NA,1
"319","03287ba0e9d2fe152fcf96db12aae830","Eukaryota",NA,NA,NA,NA,NA,NA,NA,1
"320","032c054c5fc185985195414a3ad3d548","Eukaryota",NA,NA,NA,NA,NA,NA,NA,1
"321","0400bdaf59ac800a4ddf674b75d2f749","Eukaryota",NA,NA,NA,NA,NA,NA,NA,1
"322","040cc0477a7904e41a3b997d28921901","Eukaryota","Opisthokonta","Metazoa","Arthropoda","Crustacea","Maxillopoda","Metridia",NA,0.993191339
"323","04dd1ee51056f811f3d0f21d35be0abf","Eukaryota","Alveolata","Dinoflagellata","Syndiniales","Dino-Group-II","Dino-Group-II-Clade-16","Dino-Group-II-Clade-16_X","Dino-Group-II-Clade-16_X_sp.",0.999911581
"324","051e1d723d0c3a2c56b0eb66cfd9893e","Eukaryota","Excavata","Discoba","Euglenozoa","Diplonemea","Diplonemida","Diplonema",NA,0.989345101
"325","052d51f13d8b9a66fd4da24752a96cfc","Eukaryota","Rhizaria","Cercozoa","Filosa-Thecofilosea","Cryomonadida","Protaspa-lineage","Protaspa-lineage_X","Protaspa-lineage_X_sp.",0.999775885
"326","06aaf5ccc92a3315022cbfcc24015599","Eukaryota","Opisthokonta","Metazoa","Annelida","Annelida_X","Annelida_XX",NA,NA,0.999906435
"327","073a98a6743f05f42597ac86cd536906","Eukaryota","Stramenopiles","Sagenista","MAST-7","MAST-7A","MAST-7A_X","MAST-7A_XX","MAST-7A_XX_sp.",0.999999781
"328","074bb71e81125326e8fdb6f85a606ce8","Eukaryota","Stramenopiles","Ochrophyta","MOCH-2","MOCH-2_X","MOCH-2_XX","MOCH-2_XXX","MOCH-2_XXX_sp.",0.999999933
"329","076fee1a92b08c2a74a2aa5df79bcebb","Eukaryota","Opisthokonta","Metazoa","Arthropoda","Crustacea","Maxillopoda",NA,NA,0.99999501
"330","07d91b765ec9ac7ceed1f02762894d02","Eukaryota","Stramenopiles","Sagenista","MAST-8","MAST-8D","MAST-8D_X","MAST-8D_XX","MAST-8D_XX_sp.",0.999998139
"331","07f7cc8561745d8495a37bd2afe6035c","Eukaryota","Opisthokonta","Fungi","Chytridiomycota","Chytridiomycotina","Chytridiomycetes","Spizellomycetales-and-Rhizophlyctidales","Spizellomycetales-and-Rhizophlyctidales_sp.",0.999998588
"332","09f384f968e54823726eb30f8ffe7c34","Eukaryota","Alveolata","Dinoflagellata","Dinophyceae",NA,NA,NA,NA,0.976908519
"333","0a0b4b3d90d10bed6ecc2b93c2226053","Eukaryota","Opisthokonta","Metazoa","Arthropoda","Crustacea","Maxillopoda",NA,NA,0.999999371
"334","0a13a2677302b8fed738e37ac7026ea9","Eukaryota","Rhizaria","Radiolaria","Acantharea","Arthracanthida-Symphyacanthida","Arthracanthida-Symphyacanthida_X","Arthracanthida-Symphyacanthida_XX","Arthracanthida-Symphyacanthida_XX_sp.",0.974445708
"335","0a47ede8b06347b2e5a9a740325d4e6c","Eukaryota","Rhizaria","Cercozoa","Filosa-Thecofilosea","Ventricleftida","Ventricleftida_X","Ventricleftida_XX","Ventricleftida_XX_sp.",0.999869374
"336","0aab0d2015daa9b6b61c9ab08b5cf338","Eukaryota","Amoebozoa","Lobosa","Discosea-Flabellinia","Dactylopodida","Paramoebidae","Neoparamoeba","Neoparamoeba_aestuarina",1
"337","0b04a0e165deb280d84b621de918a4c4","Eukaryota","Stramenopiles","Pseudofungi","MAST-1","MAST-1A","MAST-1A_X","MAST-1A_XX","MAST-1A_XX_sp.",1
"338","0c17e8fc2d3bfd69cb54d171d6f99f0e","Eukaryota",NA,NA,NA,NA,NA,NA,NA,1
"339","0c6152be5df4f97e7b2a00d89109f4c4","Eukaryota","Opisthokonta",NA,NA,NA,NA,NA,NA,0.998416097
"340","0c9699f21843e1fd206fb952f0aba469","Eukaryota","Stramenopiles","Ochrophyta","Chrysophyceae","Chrysophyceae_X","Chrysophyceae_Clade-C",NA,NA,0.99844245
"341","0db6be4b8b1079efd4751989837f2ca0","Eukaryota","Stramenopiles","Ochrophyta","Bacillariophyta","Bacillariophyta_X",NA,NA,NA,0.999972667
"342","0eedde69b0c270ef41b743118213ec83","Eukaryota","Apusozoa","Apusomonadidae","Apusomonadidae_Group-1","Apusomonadidae_Group-1_X","Apusomonadidae_Group-1_XX","Amastigomonas","Amastigomonas_mutabilis",0.999981303
"343","1069814de7c508dbe1458459fbdfb4ee","Eukaryota","Alveolata","Dinoflagellata","Dinophyceae","Gymnodiniales","Gymnodiniaceae","Gyrodinium","Gyrodinium_rubrum",0.99858693
"344","106fd0eba1be13039c01e23181346ea5","Eukaryota","Rhizaria","Cercozoa","Filosa-Thecofilosea","Ventricleftida","Ventrifissuridae","Ventrifissuridae_X","Ventrifissuridae_X_sp.",0.999999999
"345","10895d6be3e2b3cd81823c3c24cfe1e9","Eukaryota","Rhizaria","Radiolaria","Acantharea","Chaunacanthida","Chaunacanthida_X","Chaunacanthida_XX","Chaunacanthida_XX_sp.",0.99970501
"346","10c27a70fbde9c343ee5c4624ae97d8d","Eukaryota","Stramenopiles","Ochrophyta","Bacillariophyta","Bacillariophyta_X","Raphid-pennate","Pleurosigma","Pleurosigma_intermedium",0.996219225
"347","10ee54926db61f288bba76cb43046de4","Eukaryota","Opisthokonta","Metazoa","Annelida","Annelida_X","Annelida_XX","Polycirrus",NA,0.997959882
"348","10fb387f4fbeff60d51d66ac6e175088","Eukaryota","Alveolata",NA,NA,NA,NA,NA,NA,0.976550987
"349","11829faf44e63c93ca95c3e31d2527a5","Eukaryota","Opisthokonta","Fungi",NA,NA,NA,NA,NA,0.995822748
"350","11b51908d02a5daff4bb54bce75cfede","Eukaryota",NA,NA,NA,NA,NA,NA,NA,1
"351","11e44c778806a603799a247396a8de05","Eukaryota","Opisthokonta","Metazoa","Arthropoda","Crustacea","Maxillopoda","Archinotodelphys","Archinotodelphys_sp.",0.975152474
"352","1268b623bbde942ea9df85d5cc592fb3","Eukaryota","Alveolata","Dinoflagellata","Dinophyceae","Gymnodiniales","Gymnodiniaceae","Gyrodinium","Gyrodinium_fusiforme",0.975965829
"353","127158d62a20c7b05cdc65838a7235fc","Eukaryota","Opisthokonta","Metazoa","Nematoda","Chromadorea","Chromadorea_X",NA,NA,0.996852707
"354","12e1c3ef1cfe8aa14224693866d8d4b6","Eukaryota","Stramenopiles","Ochrophyta","Bacillariophyta","Bacillariophyta_X","Polar-centric-Mediophyceae","Porosira",NA,1
"355","12e6284498f2fc45f26552a8bd6f51cc","Eukaryota","Rhizaria","Radiolaria","Acantharea","Arthracanthida-Symphyacanthida","Arthracanthida-Symphyacanthida_X",NA,NA,0.999883082
"356","13a6187147e82f241d48536459161e96","Eukaryota","Opisthokonta","Metazoa","Annelida","Annelida_X","Annelida_XX","Caulleriella","Caulleriella_parva",0.982420363
"357","13e4cc5759b4034f4662ca42ea1fefbe","Eukaryota","Archaeplastida","Streptophyta","Embryophyceae","Embryophyceae_X","Embryophyceae_XX",NA,NA,0.999999757
"358","1450ff2c770888e8863d82f0163f6b53","Eukaryota","Stramenopiles","Ochrophyta","Bacillariophyta","Bacillariophyta_X","Polar-centric-Mediophyceae","Chaetoceros","Chaetoceros_peruvianus",0.999946994
"359","1469999244c4820d040e92db0eac41c4","Eukaryota","Hacrobia","Picozoa","Picozoa_X","Picozoa_XX","Picozoa_XXX","Picozoa_XXXX","Picozoa_XXXX_sp.",0.999960009
"360","14bf296cfcfcff4eb63042c4af3a0414","Eukaryota","Alveolata","Dinoflagellata","Dinophyceae",NA,NA,NA,NA,0.988906437
"361","14c47605f6de572d62f15affd1c358b5","Eukaryota","Alveolata","Dinoflagellata","Dinophyceae","Suessiales","Suessiaceae","Polarella","Polarella_glacialis",0.999664393
"362","14f87d059bcb7241c28b5a9e22402429","Eukaryota",NA,NA,NA,NA,NA,NA,NA,1
"363","15a587ca36436be508abbcba69c0cf55","Eukaryota","Alveolata","Dinoflagellata","Syndiniales","Dino-Group-II","Dino-Group-II-Clade-1","Dino-Group-II-Clade-1_X","Dino-Group-II-Clade-1_X_sp.",0.99888435
"364","15c54a92392ade0b2780374109a77f63","Eukaryota","Opisthokonta",NA,NA,NA,NA,NA,NA,0.993882408
"365","15d03790acfeec2470ce647e329c0a2e","Eukaryota","Opisthokonta","Metazoa","Cnidaria","Cnidaria_X","Hydrozoa",NA,NA,0.999994626
"366","16313c46f1902cbd6f94b3974dc1328a","Eukaryota","Opisthokonta","Metazoa","Arthropoda","Crustacea","Maxillopoda",NA,NA,0.999979956
"367","163ca6c6e701d25fcde3c4981688070c","Eukaryota","Rhizaria","Cercozoa","Filosa-Thecofilosea","Filosa-Thecofilosea_X","Mataza-lineage","Mataza-lineage_X","Mataza-lineage_X_sp.",0.996655606
"368","169446a7104494f42872a59d92fd2102","Eukaryota","Stramenopiles","Ochrophyta","Bacillariophyta","Bacillariophyta_X","Raphid-pennate",NA,NA,0.999785541
"369","17912548ef9ed7726ad98caa9105f43a","Eukaryota","Opisthokonta","Metazoa","Arthropoda","Crustacea","Maxillopoda",NA,NA,0.999050181
"370","17d09ca2ccf272fc736acac5fd1099bb","Eukaryota","Opisthokonta","Fungi",NA,NA,NA,NA,NA,0.99977021
"371","187ac8f6ed9dfc6744eeae713dd36031","Eukaryota","Alveolata","Dinoflagellata","Syndiniales","Dino-Group-II","Dino-Group-II-Clade-13","Dino-Group-II-Clade-13_X","Dino-Group-II-Clade-13_X_sp.",0.983620575
"372","188fcab13256c51d6babd6b810564364","Eukaryota","Opisthokonta","Metazoa","Arthropoda","Crustacea","Maxillopoda",NA,NA,0.999996581
"373","18e3dce9960b7e52fb4e7bcdbdfec31d","Eukaryota","Stramenopiles","Ochrophyta","Chrysophyceae","Chrysophyceae_X","Chrysophyceae_Clade-H","Chrysophyceae_Clade-H_X","Chrysophyceae_Clade-H_X_sp.",0.999999945
"374","1980f7de2f75692f6b26ee7699b7af4c","Eukaryota","Opisthokonta","Metazoa","Rotifera","Rotifera_X","Rotifera_XX",NA,NA,0.999996921
"375","1ab1e34c54672168215c823290f49b66","Eukaryota","Opisthokonta","Metazoa","Arthropoda","Crustacea","Maxillopoda",NA,NA,0.999994096
"376","1abcf916fe0fea9f7069fb6aab935dfc","Eukaryota",NA,NA,NA,NA,NA,NA,NA,1
"377","1b0550640d12893041d02c0f2dade503","Eukaryota","Opisthokonta","Metazoa","Arthropoda","Crustacea","Maxillopoda",NA,NA,0.999997562
"378","1b9525eb1cf11da9a4931af1df29f559","Eukaryota","Alveolata","Dinoflagellata","Dinophyceae","Peridiniales","Protoperidiniaceae","Protoperidinium","Protoperidinium_sp.",0.971974372
"379","1c736f34923a137bfc3fc2126fdf5fc7","Eukaryota","Opisthokonta","Metazoa","Bryozoa","Bryozoa_X","Bryozoa_XX",NA,NA,1
"380","1d1b59ce09609dec0f0e82fac8d6cb3f","Eukaryota","Opisthokonta","Metazoa","Arthropoda","Crustacea","Maxillopoda",NA,NA,0.999983647
"381","1d6edd03bf480178d929833d45a57f2c","Eukaryota","Archaeplastida","Chlorophyta","Pyramimonadophyceae","Pyramimonadales","Pyramimonadaceae","Pyramimonas","Pyramimonas_gelidicola",0.997759057
"382","1dd6bda1c3e5b000bef8e927a8ea229f","Eukaryota","Opisthokonta","Metazoa","Arthropoda","Crustacea","Maxillopoda",NA,NA,0.999999994
"383","1e8a2f60e622516e9be06ef208a0e5f7","Eukaryota","Opisthokonta","Metazoa","Arthropoda","Crustacea","Maxillopoda",NA,NA,0.999987369
"384","1f4615e457328d6fd31eb7737aa8205c","Eukaryota","Archaeplastida","Rhodophyta","Florideophyceae","Colaconematales","Colaconematales_X",NA,NA,0.999998961
"385","1fa35b50c7fc95327aed5bfeb6f05c3b","Eukaryota","Opisthokonta","Metazoa","Arthropoda","Crustacea","Maxillopoda",NA,NA,0.999824343
"386","1fd9166056d726b53df89cda049cb8ea","Eukaryota",NA,NA,NA,NA,NA,NA,NA,1
"387","1fe71fa00342c5b675e5a6deb4a2ae02","Eukaryota","Excavata","Discoba","Euglenozoa","Diplonemea","Diplonemea_X","Diplonemea_XX","Diplonemea_XX_sp.",0.999999969
"388","2024a45380822b5e8f5cd359abf467e2","Eukaryota","Opisthokonta","Metazoa","Arthropoda","Crustacea","Maxillopoda",NA,NA,0.999998838
"389","20d83ed8ef5772074da8f0ece26af50e","Eukaryota","Rhizaria","Radiolaria","RAD-B","RAD-B_X","RAD-B-Group-IV","RAD-B-Group-IV_X","RAD-B-Group-IV_X_sp.",0.999896682
"390","20fbf523b8d76525303498c76eaffb69","Eukaryota","Stramenopiles","Ochrophyta","Bacillariophyta","Bacillariophyta_X","Polar-centric-Mediophyceae","Chaetoceros","Chaetoceros_peruvianus",0.999980546
"391","2339e4174da828f48baeaa13bbef360c","Eukaryota","Opisthokonta","Fungi","Ascomycota","Saccharomycotina","Saccharomycetales",NA,NA,0.98420755
"392","23c810283adecd487f98233951bff46f","Eukaryota","Opisthokonta","Metazoa","Arthropoda","Crustacea","Maxillopoda",NA,NA,0.999962712
"393","2519aee9294037e07da9d0059327daea","Eukaryota","Hacrobia","Telonemia","Telonemia_X","Telonemia_XX","Telonemia-Group-1","Telonemia-Group-1_X","Telonemia-Group-1_X_sp.",0.999997295
"394","25ca46f7713f7f2d3c0cd0860a18c4b6","Eukaryota","Opisthokonta","Metazoa","Arthropoda","Crustacea","Malacostraca",NA,NA,0.999704177
"395","2661d608fc4a1db49cb7ce1a727a30e6","Eukaryota","Opisthokonta","Metazoa","Arthropoda","Crustacea","Maxillopoda",NA,NA,0.999998721
"396","268a8e23c354f2cb27dbf0d57b9add6b","Eukaryota","Alveolata","Ciliophora","Spirotrichea","Tintinnida","Tintinnidae","Tintinnidae_X","Tintinnidae_X_sp.",0.999487541
"397","269e74f41e7ebb32563a26fa592eee5e","Eukaryota","Stramenopiles","Opalozoa","MAST-3","MAST-3I","MAST-3I_X","MAST-3I_XX","MAST-3I_XX_sp.",0.999996079
"398","27fbca6c4fe13ba60162a969fdd80c7c","Eukaryota","Stramenopiles","Ochrophyta","Bacillariophyta","Bacillariophyta_X","Raphid-pennate","Pleurosigma","Pleurosigma_intermedium",0.99576276
"399","285e9e8eac49b56f74550e7ff09e1950","Eukaryota","Stramenopiles","Ochrophyta","Dictyochophyceae","Dictyochophyceae_X","Pedinellales","Pedinellales_X","Pedinellales_X_sp.",0.99547006
"400","288466bdedfeeef7a3aa48131ae58c1d","Eukaryota","Archaeplastida","Streptophyta","Embryophyceae","Embryophyceae_X","Embryophyceae_XX",NA,NA,0.999999811
"401","28ec53419777061cc762b2ef6c9c4800","Eukaryota","Opisthokonta","Metazoa","Arthropoda","Crustacea","Maxillopoda",NA,NA,0.99996798
"402","295e54ce65ef59ed605ab3a17fa296d7","Eukaryota","Rhizaria","Cercozoa","Filosa-Imbricatea","Thaumatomonadida","Thaumatomonadidae","Thaumatomastix","Thaumatomastix_sp.",0.999999299
"403","2ac941b6e28a01b409c525aa50314a57","Eukaryota","Alveolata","Dinoflagellata","Syndiniales","Dino-Group-II","Dino-Group-II-Clade-1","Dino-Group-II-Clade-1_X","Dino-Group-II-Clade-1_X_sp.",0.999999858
"404","2ae091636ec825effa377850eff0dd39","Eukaryota",NA,NA,NA,NA,NA,NA,NA,1
"405","2b72ed18398c28b6acb1f9d93cb8e620","Eukaryota","Amoebozoa","Lobosa","Discosea-Flabellinia","Dactylopodida","Paramoebidae","Neoparamoeba","Neoparamoeba_aestuarina",1
"406","2c19b3627a268b01780affe200fc9680","Eukaryota","Hacrobia","Picozoa","Picozoa_X","Picozoa_XX","Picozoa_XXX","Picozoa_XXXX","Picozoa_XXXX_sp.",0.999988777
"407","2c411fadae7dc30cf98d4ee506ce16e0","Eukaryota","Opisthokonta","Metazoa","Mollusca","Bivalvia","Heteroconchia",NA,NA,1
"408","2d6b92d1356d4b82429dbd2d400a0d4d","Eukaryota","Opisthokonta","Metazoa","Arthropoda","Crustacea","Maxillopoda",NA,NA,0.999999856
"409","2d8ede4e3bd96b5a46f18152d05259db","Eukaryota","Stramenopiles","Ochrophyta","Bacillariophyta","Bacillariophyta_X",NA,NA,NA,0.993787339
"410","2d9e82278c75751d511325461183c377","Eukaryota","Archaeplastida","Rhodophyta","Florideophyceae",NA,NA,NA,NA,0.999999939
"411","2f6c7c75c3cf71b207e1a15b79db0ce8","Eukaryota","Stramenopiles","Ochrophyta","Pelagophyceae","Pelagomonadales","Pelagomonadaceae","Aureococcus","Aureococcus_anophagefferens",0.999999938
"412","2fab0a32835c5d9b7d79dbf84497f279","Eukaryota","Alveolata","Apicomplexa","Gregarinomorphea","Eugregarinorida","Lecudinidae",NA,NA,0.999999895
"413","2fbc6788c379e3bd172250ce86d2bf95","Eukaryota","Stramenopiles","Sagenista","Labyrinthulomycetes","Thraustochytriales","Thraustochytriaceae","Thraustochytrium",NA,0.977988236
"414","2fe97efd5eee31dd1d77710ba2b929c7","Eukaryota","Stramenopiles","Ochrophyta","Bacillariophyta","Bacillariophyta_X","Radial-centric-basal-Coscinodiscophyceae","Stellarima","Stellarima_microtrias",0.999996219
"415","312bbd995b3ae5a398215d26edade86e","Eukaryota","Opisthokonta","Metazoa","Annelida","Annelida_X","Annelida_XX",NA,NA,0.999999874
"416","3178d34716dc42620c86801369c8fd8d","Eukaryota","Alveolata","Ciliophora",NA,NA,NA,NA,NA,0.994313373
"417","329c5a82611800ebf4ff7aca2eac9f2c","Eukaryota","Stramenopiles","Opalozoa","MAST-3","MAST-3D","MAST-3D_X","MAST-3D_XX","MAST-3D_XX_sp.",0.999897517
"418","34a0cd56366a2e3075c62544fe987a97","Eukaryota","Stramenopiles","Ochrophyta","Bacillariophyta","Bacillariophyta_X","Polar-centric-Mediophyceae","Shionodiscus","Shionodiscus_ritscheri",0.981364307
"419","3787a1e6294466afbfb39eaa6e94e530","Eukaryota","Stramenopiles","Ochrophyta","Bacillariophyta","Bacillariophyta_X",NA,NA,NA,0.999816736
"420","38451dcad0552a6e6fc3435fcddc1565","Eukaryota",NA,NA,NA,NA,NA,NA,NA,1
"421","388671f17fc7b1b0abb76ffb8e15f952","Eukaryota",NA,NA,NA,NA,NA,NA,NA,1
"422","388de8be3e45539df54771fe45a1bd0f","Eukaryota","Opisthokonta","Metazoa","Mollusca","Polyplacophora","Polyplacophora_X",NA,NA,0.999205918
"423","38c99db41ec8ec0087c5b34d26e8d93f","Eukaryota","Rhizaria","Cercozoa","Endomyxa-Ascetosporea","Paradinida","Paradinidae","Paradinium","Paradinium_poucheti",0.998318236
"424","3904dd275d48e66fe4931f23fe4469ce","Eukaryota","Stramenopiles","Ochrophyta","Phaeophyceae","Phaeophyceae_X","Phaeophyceae_XX","Halothrix","Halothrix_ambigua",0.999997579
"425","391727626948265b78c7bbfd87a35065","Eukaryota","Stramenopiles","Ochrophyta","Bacillariophyta","Bacillariophyta_X","Polar-centric-Mediophyceae","Chaetoceros","Chaetoceros_debilis_2",1
"426","39af182baff9947e5b38210d50801bae","Eukaryota",NA,NA,NA,NA,NA,NA,NA,1
"427","3a831bb4267198dd3ad15f208ae1c21c","Eukaryota","Stramenopiles","Ochrophyta","Bacillariophyta","Bacillariophyta_X","Raphid-pennate","Pseudo-nitzschia","Pseudo-nitzschia_seriata",0.999432028
"428","3ac005340b31e7ae071b5ecb6eaac0bc","Eukaryota","Hacrobia","Telonemia","Telonemia_X","Telonemia_XX","Telonemia-Group-2","Telonema-Group-2","Telonema_antarcticum",0.999959284
"429","3af3acee1dd3cae58fd038bdab8178fc","Eukaryota",NA,NA,NA,NA,NA,NA,NA,1
"430","3afb83592c0f29a530258bb6bb398477","Eukaryota","Alveolata","Ciliophora","CONThreeP","CONThreeP_X","CONThreeP_XX","Askenasia","Askenasia_sp.",0.999048961
"431","3bf35d346922acaaae9c3c3d03c18694","Eukaryota","Rhizaria","Cercozoa","Filosa-Imbricatea","Thaumatomonadida","Thaumatomonadida_X","Thaumatomonadida_XX","Thaumatomonadida_XX_sp.",0.998957355
"432","3bf54e65e207dbe451f8cd9c17c39c1e","Eukaryota","Stramenopiles","Ochrophyta","Bacillariophyta","Bacillariophyta_X","Radial-centric-basal-Coscinodiscophyceae","Proboscia","Proboscia_alata",0.999999962
"433","3cbffa66a57b5dac847eb89897836ef3","Eukaryota","Opisthokonta","Metazoa","Arthropoda","Crustacea","Maxillopoda",NA,NA,0.999998077
"434","3cf6004f564447225ef216d427c7a420","Eukaryota","Stramenopiles","Ochrophyta","Pelagophyceae","Pelagomonadales","Pelagomonadaceae","Pelagomonas","Pelagomonas_calceolata",0.999998815
"435","3d7ebb29f4455d5732412e36be109b4e","Eukaryota","Excavata","Discoba","Euglenozoa","Diplonemea","Diplonemea_X","Diplonemea_XX","Diplonemea_XX_sp.",0.999999999
"436","3e2f0828db7f0f7225bfc69055761ed2","Eukaryota","Hacrobia","Haptophyta","Prymnesiophyceae",NA,NA,NA,NA,0.999997297
"437","3e645d5074fa911d1b02745c2c6fe92f","Eukaryota","Opisthokonta","Metazoa","Cnidaria","Cnidaria_X","Hydrozoa","Tiaropsidium","Tiaropsidium_kelseyi",0.993784343
"438","3e83caa0bad18fc38c1774853667a704","Eukaryota","Alveolata","Ciliophora","Cyclotrichium_like_organism","Cyclotrichium_like_organism_X","Cyclotrichium_like_organism_XX","Cyclotrichium",NA,0.99549528
"439","3edd8ce8df0c3a5958096d14865a7b75","Eukaryota","Stramenopiles","Opalozoa","MAST-3","MAST-3I","MAST-3I_X","MAST-3I_XX","MAST-3I_XX_sp.",0.999999033
"440","3f4fa5c6cdc240ba6046d664d416cfac","Eukaryota","Rhizaria","Radiolaria","Acantharea","Arthracanthida-Symphyacanthida","Arthracanthida-Symphyacanthida_X",NA,NA,0.999999925
"441","401a7e20c1b30a611aa036b4d2c05dc1","Eukaryota",NA,NA,NA,NA,NA,NA,NA,1
"442","40566d37c149eff88a243d278ddf991b","Eukaryota","Opisthokonta","Metazoa","Bryozoa","Bryozoa_X","Bryozoa_XX","Bowerbankia","Bowerbankia_imbricata",0.999754833
"443","40fa4eb705c005f6d09e15c8a72099b7","Eukaryota","Alveolata","Dinoflagellata","Syndiniales","Dino-Group-II","Dino-Group-II-Clade-5","Dino-Group-II-Clade-5_X","Dino-Group-II-Clade-5_X_sp.",0.99999895
"444","40ff38bc8875ef3828e89f565dce1eb8","Eukaryota","Stramenopiles","Ochrophyta","Bacillariophyta","Bacillariophyta_X",NA,NA,NA,0.994822777
"445","416032363dc019336f1a5b826af7760c","Eukaryota","Opisthokonta","Metazoa","Arthropoda","Crustacea","Maxillopoda",NA,NA,0.999961489
"446","417fc346bda3dd55caa6d6190814787b","Eukaryota","Rhizaria","Cercozoa","Filosa-Thecofilosea","Ventricleftida","Ventrifissuridae","Ventrifissuridae_X","Ventrifissuridae_X_sp.",0.99999999
"447","41b3ade9ca7ac288c582d81abaf10d0f","Eukaryota","Opisthokonta","Metazoa","Arthropoda","Crustacea","Maxillopoda",NA,NA,0.999978801
"448","41b8caf5edf602f15e91b5e3331acd12","Eukaryota","Stramenopiles","Opalozoa","MAST-12","MAST-12A","MAST-12A_X","MAST-12A_XX","MAST-12A_XX_sp.",0.999766844
"449","4201cdd72fc2c2e49ff01d241d4c0efc","Eukaryota","Stramenopiles","Opalozoa","MAST-3","MAST-3L","MAST-3L_X","MAST-3L_XX","MAST-3L_XX_sp.",0.999981262
"450","44c58c432afd298bdd893e9a58c699ee","Eukaryota","Stramenopiles","Ochrophyta","Phaeophyceae","Phaeophyceae_X","Phaeophyceae_XX",NA,NA,0.999999987
"451","45801ae357ce1657387be867c99a378a","Eukaryota","Rhizaria","Cercozoa","Chlorarachniophyceae","Chlorarachnida","Minorisa-lineage","Minorisa","Minorisa_minuta",0.998447083
"452","45817cc31820354df6d652f4d0ffb90d","Eukaryota","Rhizaria","Cercozoa","Filosa-Thecofilosea","Ventricleftida","CCW10-lineage","CCW10-lineage_X","CCW10-lineage_X_sp.",0.999999975
"453","465f97d4bfe0f66b18b7fea87d4d2b98","Eukaryota","Opisthokonta","Metazoa","Cnidaria","Cnidaria_X","Hydrozoa","Aegina","Aegina_citrea",0.999999993
"454","467605b39d8bb976b0cbfcf1cf42103a","Eukaryota",NA,NA,NA,NA,NA,NA,NA,1
"455","47a4a101262e28fa5d5edcf0556ffa08","Eukaryota","Alveolata","Ciliophora","Spirotrichea","Choreotrichida","Strobilidiidae_G","Strobilidiidae_G_X","Strobilidiidae_G_X_sp.",0.999999933
"456","4b5bca3b6783110bd9d8d96a826dcd02","Eukaryota",NA,NA,NA,NA,NA,NA,NA,1
"457","4c3810bf08542a7dee6bfb2e528231ba","Eukaryota","Stramenopiles","Ochrophyta","Bacillariophyta","Bacillariophyta_X",NA,NA,NA,0.974405664
"458","4ce6c349c2079daf672d3177e2ac1664","Eukaryota","Opisthokonta","Metazoa","Arthropoda","Crustacea","Maxillopoda",NA,NA,0.999998934
"459","4d549aa78de550d59084600c18a53387","Eukaryota","Rhizaria","Cercozoa",NA,NA,NA,NA,NA,0.987612304
"460","4d595157e1e5bd497240b4bbac4c0a0a","Eukaryota",NA,NA,NA,NA,NA,NA,NA,1
"461","4f506fe17331e5c1007d4dba9a2ddde9","Eukaryota","Hacrobia","Picozoa","Picozoa_X","Picozoa_XX","Picozoa_XXX","Picozoa_XXXX","Picozoa_XXXX_sp.",0.999993731
"462","4f736a1346ce7a73fcf89ef2801acc3b","Eukaryota","Opisthokonta","Metazoa",NA,NA,NA,NA,NA,0.979046406
"463","50347d4c111a327d97e1cffdd3d6eb73","Eukaryota","Rhizaria","Radiolaria","Acantharea","Arthracanthida-Symphyacanthida","Arthracanthida-Symphyacanthida_X","Arthracanthida-Symphyacanthida_XX","Arthracanthida-Symphyacanthida_XX_sp.",0.999191401
"464","5144b6bafb2ad88c32040968a2f7d34a","Eukaryota","Opisthokonta","Metazoa","Arthropoda","Crustacea","Maxillopoda",NA,NA,0.999985139
"465","519fd0cb22c61795277b51630556680d","Eukaryota","Alveolata","Dinoflagellata","Syndiniales","Dino-Group-I","Dino-Group-I-Clade-1","Dino-Group-I-Clade-1_X","Dino-Group-I-Clade-1_X_sp.",0.999969958
"466","51cc4f533d3395c5b89a1c3e6f198b7b","Eukaryota","Archaeplastida","Chlorophyta","Ulvophyceae","Ulotrichales","Ulotrichales_X",NA,NA,0.999843898
"467","51e97668c528db3e68e281f0fb8908ae","Eukaryota","Opisthokonta","Metazoa","Annelida","Annelida_X","Annelida_XX","Kefersteinia","Kefersteinia_cirrata",0.99543508
"468","5260d917adbb8a94ec7b3d118abd3e8b","Eukaryota","Alveolata","Dinoflagellata","Syndiniales","Dino-Group-II","Dino-Group-II_X","Dino-Group-II-Clade-52_X","Dino-Group-II-Clade-52_X_sp.",0.993522941
"469","52b4bfab0ca3f05b0c454f1e5033423b","Eukaryota","Rhizaria","Radiolaria","RAD-C","RAD-C_X","RAD-C_XX","RAD-C_XXX","RAD-C_XXX_sp.",0.999998974
"470","5342397aafa5274e9778ae7f1cd1ca9e","Eukaryota","Opisthokonta","Choanoflagellida","Choanoflagellatea","Acanthoecida","Stephanoecidae_Group_H","Diaphanoeca","Diaphanoeca_grandis",0.979813733
"471","53b5f92fe82bf5266133b2fc0ddaa353","Eukaryota","Hacrobia","Telonemia","Telonemia_X","Telonemia_XX","Telonemia-Group-1","Telonemia-Group-1_X","Telonemia-Group-1_X_sp.",0.999999424
"472","544820e189d07115665482578c45a574","Eukaryota","Amoebozoa","Lobosa","Discosea-Flabellinia","Vannellida","Vannellidae","Vannella","Vannella_contorta",0.999372997
"473","5463aa9ded59a2ae18fc4272b2687b6e","Eukaryota",NA,NA,NA,NA,NA,NA,NA,1
"474","546d2bdd3677c2fc3cec7baccede1498","Eukaryota","Opisthokonta",NA,NA,NA,NA,NA,NA,0.999953076
"475","54ef2b0963ff373f267b063106df62d1","Eukaryota","Opisthokonta","Metazoa","Arthropoda","Crustacea","Maxillopoda","Maxillopoda_X","Maxillopoda_X_sp.",0.991163758
"476","54fddf33f866d95f9c223b0996631c10","Eukaryota","Alveolata","Dinoflagellata","Syndiniales","Dino-Group-II",NA,NA,NA,0.985761044
"477","561e57db2a19d10157a016d6a8626b7e","Eukaryota","Opisthokonta","Metazoa","Arthropoda","Crustacea","Maxillopoda",NA,NA,0.999978124
"478","563d8f19fb3d5306dd8cf987f8fe8fa5","Eukaryota","Opisthokonta","Choanoflagellida","Choanoflagellatea","Acanthoecida","Stephanoecidae_Group_H","Stephanoecidae_Group_H_X","Stephanoecidae_Group_H_X_sp.",0.999891256
"479","56867a9e3f3511cae2db77d6fd825f7b","Eukaryota","Archaeplastida","Chlorophyta","Ulvophyceae","Ulotrichales","Ulotrichales_X",NA,NA,0.999999985
"480","5773f5ff0d2e298ee4df705b7bad9045","Eukaryota","Rhizaria","Cercozoa","Filosa-Imbricatea","Thaumatomonadida","Thaumatomonadida_X","Thaumatomonadida_XX","Thaumatomonadida_XX_sp.",0.983765946
"481","58408a63a51bd2e6b3133dbc67e080f3","Eukaryota","Rhizaria","Radiolaria","Polycystinea","Nassellaria","Plagiacanthoidea","Lithomelissa","Lithomelissa_setosa",0.983223455
"482","58aa91996a1dfaae8f0d98c878748475","Eukaryota","Stramenopiles","Sagenista","MAST-7","MAST-7A","MAST-7A_X","MAST-7A_XX","MAST-7A_XX_sp.",0.999998042
"483","597ab0bf45db48083c3bb9620498766e","Eukaryota","Stramenopiles","Sagenista","MAST-8","MAST-8A","MAST-8A_X","MAST-8A_XX","MAST-8A_XX_sp.",0.999708835
"484","5a44086b50245721a96578d74f89964c","Eukaryota",NA,NA,NA,NA,NA,NA,NA,1
"485","5a5639171577dd55f2e5f6cfd98daebe","Eukaryota","Excavata","Discoba","Euglenozoa","Diplonemea","Diplonemea_X","Rhynchopus","Rhynchopus_sp.",0.986146947
"486","5abfefa37aee0cc7f1e25087e2e6d551","Eukaryota","Alveolata","Dinoflagellata","Dinophyceae",NA,NA,NA,NA,0.984963054
"487","5ae0cfb35fc4a89db375751d16aa4a4e","Eukaryota",NA,NA,NA,NA,NA,NA,NA,1
"488","5ba4dc773a87fc25e9ef5637c9185c58","Eukaryota","Opisthokonta","Metazoa","Arthropoda","Crustacea","Maxillopoda",NA,NA,0.999999839
"489","5bc5a5890710aeac78d8332198a0d93c","Eukaryota","Rhizaria","Cercozoa","Filosa-Thecofilosea","Ventricleftida","CCW10-lineage","CCW10-lineage_X","CCW10-lineage_X_sp.",0.99999994
"490","5c2ff629642d4be096da4c6995148959","Eukaryota","Alveolata","Dinoflagellata","Syndiniales","Dino-Group-II","Dino-Group-II-Clade-1","Dino-Group-II-Clade-1_X","Dino-Group-II-Clade-1_X_sp.",0.981317733
"491","5c31a630dda94ea98b4b6bc662b97197","Eukaryota","Hacrobia","Haptophyta","Prymnesiophyceae","Phaeocystales","Phaeocystaceae","Phaeocystis",NA,1
"492","5c5f856b8968cb18dbc523895e60b9e3","Eukaryota","Rhizaria","Cercozoa","Filosa-Thecofilosea","Filosa-Thecofilosea_X","Mataza-lineage","Mataza-lineage_X","Mataza-lineage_X_sp.",0.999999709
"493","5c9b1eea1403890d9c74564540359c2c","Eukaryota","Hacrobia","Cryptophyta","Cryptophyceae","Cryptomonadales","Cryptomonadales_X","Geminigera","Geminigera_cryophila",0.979413914
"494","5d3dd5a4b70c167cc1122611b232897d","Eukaryota","Opisthokonta","Metazoa","Annelida","Annelida_X","Annelida_XX","Neanthes","Neanthes_succinea",0.990837752
"495","5e6a8a421bdc3902b16335d1e5632293","Eukaryota","Opisthokonta","Fungi",NA,NA,NA,NA,NA,0.998883479
"496","5eb4531756d7e5428befaee21441302f","Eukaryota","Stramenopiles","Ochrophyta","Phaeophyceae","Phaeophyceae_X","Phaeophyceae_XX","Halothrix","Halothrix_ambigua",0.998988169
"497","5f970904ecb9d01e7474f98213e95db5","Eukaryota","Rhizaria","Foraminifera","Globothalamea","Rotaliida","Globorotaliidae","Neogloboquadrina","Neogloboquadrina_pachyderma",0.999999998
"498","5fca4782147122da48dba17677e43a9c","Eukaryota","Opisthokonta","Metazoa","Nematoda","Chromadorea","Chromadorea_X","Halomonhystera","Halomonhystera_disjuncta",0.999621578
"499","5ff74b380231a8f8d45bac0a6c85e2f2","Eukaryota","Rhizaria","Cercozoa","Filosa-Imbricatea","Thaumatomonadida","Thaumatomonadida_X","Thaumatomonadida_XX","Thaumatomonadida_XX_sp.",0.984196089
"500","600022e3781e0b5f69299eccf33477b7","Eukaryota","Stramenopiles","Ochrophyta","Bacillariophyta","Bacillariophyta_X","Polar-centric-Mediophyceae","Chaetoceros","Chaetoceros_socialis",0.999995699
"501","6062ad12e5f0e95cda67f26efaa3de44","Eukaryota","Stramenopiles","Ochrophyta","Bacillariophyta","Bacillariophyta_X","Raphid-pennate","Pleurosigma","Pleurosigma_intermedium",0.984557836
"502","6066e8427fbe726d0bf4382a80cd8717","Eukaryota","Archaeplastida","Chlorophyta","Chlorophyceae","Chlamydomonadales","Chlamydomonadales_X",NA,NA,0.999618977
"503","60fd3f0ecb1ce59efd4e85a4a5fa7917","Eukaryota","Stramenopiles","Ochrophyta","Bacillariophyta","Bacillariophyta_X","Polar-centric-Mediophyceae","Chaetoceros",NA,0.999999896
"504","610ce5bb3f1327c17fdd14440d44441c","Eukaryota",NA,NA,NA,NA,NA,NA,NA,1
"505","614f2ff9d005a41b23e12a7e95aa1ad6","Eukaryota","Opisthokonta","Metazoa","Arthropoda","Crustacea","Maxillopoda",NA,NA,0.999998193
"506","6153e3ad14e9d0c7c6dc08709ab46e11","Eukaryota","Opisthokonta","Metazoa","Echinodermata","Echinodermata_X","Echinodermata_XX",NA,NA,0.999999992
"507","638c0772f165f7095a68bdcd073ec78f","Eukaryota","Alveolata","Ciliophora","Spirotrichea","Strombidiida_B","Strombidiida_B_X","Strombidiida_B_XX","Strombidiida_B_XX_sp.",0.999206111
"508","63e6c74b3d8a13ef0e25d7f5eff0648b","Eukaryota",NA,NA,NA,NA,NA,NA,NA,1
"509","641045505118bdfe01d6add91bcc032c","Eukaryota","Hacrobia","Telonemia","Telonemia_X","Telonemia_XX","Telonemia-Group-2","Telonema-Group-2","Telonema_antarcticum",0.999999982
"510","642e592d0634e0aedd26cfc5f5759c6b","Eukaryota","Opisthokonta",NA,NA,NA,NA,NA,NA,0.973914637
"511","662a617f19de5c30504d764c99d82fcf","Eukaryota",NA,NA,NA,NA,NA,NA,NA,1
"512","66bba99e0cacef06b88582d289ba5542","Eukaryota",NA,NA,NA,NA,NA,NA,NA,1
"513","66f03f1470f38d4950e49210933bfa14","Eukaryota","Excavata","Discoba","Euglenozoa","Diplonemea","DSPD-1","DSPD-1_X","DSPD-1_X_sp.",0.999998301
"514","670b5ab85861846734bbf6a7556d7f19","Eukaryota","Stramenopiles","Ochrophyta","Bacillariophyta","Bacillariophyta_X","Polar-centric-Mediophyceae","Hemiaulus","Hemiaulus_sinensis",0.999627353
"515","670dc3438671b9f29a5f87de5aa2a2ce","Eukaryota","Archaeplastida","Chlorophyta","Ulvophyceae","Ulotrichales","Ulotrichales_X","Ulothrix","Ulothrix_sp.",0.974488424
"516","6772639f5b16eac83a242ce4e1c21fec","Eukaryota","Opisthokonta","Metazoa","Arthropoda","Crustacea","Maxillopoda",NA,NA,0.999666702
"517","680dbc6ebe350cbadbe22c34ca3bd4d0","Eukaryota","Opisthokonta","Metazoa","Arthropoda","Crustacea","Maxillopoda",NA,NA,0.999809777
"518","6908faff05c93e629920739703200da7","Eukaryota","Alveolata","Dinoflagellata","Syndiniales","Dino-Group-II","Dino-Group-II-Clade-14","Dino-Group-II-Clade-14_X","Dino-Group-II-Clade-14_X_sp.",0.999915931
"519","6a146c7e77d1a4404314e450166bc847","Eukaryota",NA,NA,NA,NA,NA,NA,NA,1
"520","6aa6cb9829c1616cc84d2e54c70919dc","Eukaryota","Alveolata","Dinoflagellata","Dinophyceae",NA,NA,NA,NA,0.999752462
"521","6ae399afbb3813dbd1307e37627ccbba","Eukaryota","Amoebozoa","Conosa","Variosea","Variosea_X","Mariager-Fjord-lineage","Mariager-Fjord-lineage_X","Mariager-Fjord-lineage_X_sp.",0.986120959
"522","6bc1c829dd15cf518cbb87ff842a52c3","Eukaryota","Alveolata","Dinoflagellata","Dinophyceae",NA,NA,NA,NA,0.997553069
"523","6c1b0238f80f9f02f4a2a7397f874d58","Eukaryota","Stramenopiles","Ochrophyta","Bacillariophyta","Bacillariophyta_X","Polar-centric-Mediophyceae","Chaetoceros","Chaetoceros_rostratus",0.999851237
"524","6c88cfa5b65d796cb3d611bffe028b20","Eukaryota","Stramenopiles","Ochrophyta","Dictyochophyceae","Dictyochophyceae_X","Pedinellales","Pteridomonas","Pteridomonas_danica",0.99987729
"525","6cf6b98bda4ca05d3cd32d85a58ee261","Eukaryota","Stramenopiles","Ochrophyta","Bacillariophyta","Bacillariophyta_X",NA,NA,NA,0.999309224
"526","6d7192a47a8f7d8707323485812f270d","Eukaryota","Stramenopiles","Ochrophyta","Bacillariophyta","Bacillariophyta_X","Polar-centric-Mediophyceae","Eucampia",NA,0.999862345
"527","6e44a80506e534a2fa8878dfd567b0e4","Eukaryota","Opisthokonta","Fungi","Ascomycota","Taphrinomycotina","Schizosaccharomycetes","Schizosaccharomyces","Schizosaccharomyces_pombe",0.999999993
"528","6ef78184ad886431913bfb1e0eb086b3","Eukaryota",NA,NA,NA,NA,NA,NA,NA,1
"529","6f34ed1e09c4e2f80f0dde33b298036f","Eukaryota","Opisthokonta","Metazoa","Annelida","Annelida_X","Annelida_XX","Paramphinome","Paramphinome_jeffreysii",0.999808181
"530","6fc96a1dfd76b4ae0d6113a02797e743","Eukaryota","Opisthokonta","Metazoa","Arthropoda","Crustacea","Maxillopoda",NA,NA,0.999999192
"531","70043e78389d3919fa53402cf5df9d64","Eukaryota","Rhizaria","Radiolaria","RAD-C","RAD-C_X","RAD-C_XX","RAD-C_XXX","RAD-C_XXX_sp.",0.999998901
"532","70d48a15da38bb1f556e1b22d0ae657b","Eukaryota",NA,NA,NA,NA,NA,NA,NA,1
"533","7246789ea563365ed59893e3d878fd28","Eukaryota","Alveolata",NA,NA,NA,NA,NA,NA,0.972998975
"534","72eabf7f6664a7b326aa5b891c05a9f4","Eukaryota",NA,NA,NA,NA,NA,NA,NA,1
"535","7320df9c546785b6414a63a3c3670820","Eukaryota","Alveolata","Dinoflagellata","Dinophyceae",NA,NA,NA,NA,0.999220818
"536","734275c398ea1ddcd94ca6ea10d3b7fe","Eukaryota","Opisthokonta","Metazoa","Arthropoda","Crustacea","Maxillopoda","Tisbe","Tisbe_sp.",0.993920449
"537","7363802588ab6684e292d5663158a629","Eukaryota","Stramenopiles","Pseudofungi","MAST-1","MAST-1C","MAST-1C_X","MAST-1C_XX","MAST-1C_XX_sp.",0.999999996
"538","7366c18b17ea547ca61743476fc828cc","Eukaryota","Archaeplastida","Chlorophyta","Ulvophyceae","Ulotrichales","Ulotrichales_X",NA,NA,0.999999817
"539","73addf2cb4385f9ed8f758a78b6f66ca","Eukaryota","Hacrobia","Haptophyta","Prymnesiophyceae","Phaeocystales","Phaeocystaceae","Phaeocystis","Phaeocystis_sp.",0.978061102
"540","740b1bd9cabbf19f5352b48d17945e51","Eukaryota","Stramenopiles","Ochrophyta","Bacillariophyta","Bacillariophyta_X","Polar-centric-Mediophyceae","Attheya","Attheya_longicornis",0.976345218
"541","74254e324deaa59843d73de994a229c1","Eukaryota","Rhizaria","Cercozoa","Filosa-Thecofilosea","Ventricleftida","CCW10-lineage","CCW10-lineage_X","CCW10-lineage_X_sp.",1
"542","746447247cb46122919fb970df268618","Eukaryota","Rhizaria","Cercozoa","Filosa-Thecofilosea","Cryomonadida","Cryothecomonas-lineage","Cryothecomonas","Cryothecomonas_aestivalis",0.970924157
"543","74f3ad154a12200103acc8f884c13f8e","Eukaryota","Opisthokonta","Fungi","Basidiomycota","Agaricomycotina","Tremellomycetes","Cryptococcus",NA,0.983655438
"544","762aa03a2e96aa4466f1ea08b47e17cd","Eukaryota","Archaeplastida","Chlorophyta","Ulvophyceae","Ulotrichales","Ulotrichales_X","Capsosiphon","Capsosiphon_groenlandicus",0.999910603
"545","76372242a8f805151d17eaf79d566878","Eukaryota","Rhizaria","Cercozoa","Phaeodarea","Phaeogromida","Challengeriidae","Challengeron","Challengeron_diodon",0.999991962
"546","765199f129a1afb287fcb534613c8485","Eukaryota","Excavata","Discoba","Euglenozoa","Diplonemea","Diplonemida","Diplonema","Diplonema_papillatum",0.984324989
"547","77809d3db596ae5f844f4d6b56764dd7","Eukaryota","Stramenopiles","Opalozoa","MAST-3","MAST-3E","MAST-3E_X","MAST-3E_XX","MAST-3E_XX_sp.",0.999998804
"548","778e635a814cdff0107765c83b514a08","Eukaryota","Alveolata","Dinoflagellata","Syndiniales","Dino-Group-II","Dino-Group-II-Clade-13","Dino-Group-II-Clade-13_X","Dino-Group-II-Clade-13_X_sp.",0.999999986
"549","780af0863c4827a6e36448b70a12b788","Eukaryota","Opisthokonta","Metazoa","Cnidaria","Cnidaria_X","Hydrozoa","Pantachogon","Pantachogon_haeckeli",0.999999971
"550","78c875089926e7c4b031dacb9e3a9521","Eukaryota","Rhizaria","Cercozoa","Filosa-Imbricatea","Euglyphida",NA,NA,NA,0.998457373
"551","78de5c7fa1624bbf2764ef0cd4a4f63d","Eukaryota","Alveolata","Dinoflagellata","Dinophyceae",NA,NA,NA,NA,0.999923565
"552","7a61ce8e2a935383c1a915ec9109e79c","Eukaryota","Opisthokonta",NA,NA,NA,NA,NA,NA,0.998809071
"553","7b103d31d93ea33b381d741855acb04d","Eukaryota","Stramenopiles","Ochrophyta","Bacillariophyta","Bacillariophyta_X","Raphid-pennate",NA,NA,0.997136739
"554","7bacd47b9438c9f615eb4d1f8c7ff1fc","Eukaryota","Opisthokonta","Metazoa","Arthropoda","Crustacea","Maxillopoda",NA,NA,0.999960516
"555","7c23ff924da950733ad83f6f0058705f","Eukaryota","Opisthokonta","Choanoflagellida","Choanoflagellatea","Acanthoecida","Stephanoecidae_Group_D","Stephanoecidae_Group_D_X","Stephanoecidae_Group_D_X_sp.",0.998339191
"556","7d34abb77c8b7acadccf300ade337fe6","Eukaryota",NA,NA,NA,NA,NA,NA,NA,1
"557","7d3e6ba020c4dc52f123e0d3214d501e","Eukaryota","Stramenopiles","Ochrophyta","Bacillariophyta","Bacillariophyta_X","Radial-centric-basal-Coscinodiscophyceae","Paralia","Paralia_sol",0.999999999
"558","7d542bd601c29eb76ce45e07edc4e423","Eukaryota","Hacrobia","Telonemia","Telonemia_X","Telonemia_XX","Telonemia-Group-1","Telonemia-Group-1_X","Telonemia-Group-1_X_sp.",0.999991674
"559","7d5ebdc08ee80413f965e9b57df59403","Eukaryota","Alveolata","Dinoflagellata","Dinophyceae",NA,NA,NA,NA,0.995403962
"560","7e01ce00a1ce124ce52109966b4f2bc5","Eukaryota",NA,NA,NA,NA,NA,NA,NA,1
"561","7ea9112a0ae1fe52bcef0837275f72f4","Eukaryota","Hacrobia","Telonemia","Telonemia_X","Telonemia_XX","Telonemia-Group-1","Telonemia-Group-1_X","Telonemia-Group-1_X_sp.",1
"562","7eac0bbb25473d232f425706a2846222","Eukaryota","Stramenopiles","Ochrophyta","Dictyochophyceae","Dictyochophyceae_X",NA,NA,NA,0.98741737
"563","7f82c70ee1a7856698efd4bb1ccc9a44","Eukaryota","Opisthokonta","Metazoa","Arthropoda","Crustacea","Maxillopoda",NA,NA,0.999986397
"564","803331db243b173696d04a61b206007d","Eukaryota","Alveolata","Dinoflagellata","Syndiniales","Dino-Group-II","Dino-Group-II-Clade-10-and-11","Dino-Group-II-Clade-10-and-11_X","Dino-Group-II-Clade-10-and-11_X_sp.",0.989418165
"565","808d64d4719baf1001af1eb1f56d233f","Eukaryota","Stramenopiles","Ochrophyta","Bacillariophyta","Bacillariophyta_X",NA,NA,NA,0.991309412
"566","80d5dbf5154b7a06033567ea7d01f690","Eukaryota","Archaeplastida","Rhodophyta","Florideophyceae",NA,NA,NA,NA,0.999954921
"567","80f6c81582b3c25855a7edd7f8b25ebc","Eukaryota","Alveolata","Ciliophora","Spirotrichea","Tintinnida","Ptychocylididae","Cymatocylis",NA,0.994079458
"568","81274f7b8ebf9ddd9712e51ff0073a6e","Eukaryota","Opisthokonta","Metazoa","Arthropoda","Crustacea","Maxillopoda",NA,NA,0.999646072
"569","81844926572bcea501a51a1615307a9c","Eukaryota","Rhizaria","Cercozoa","Filosa-Imbricatea","Marimonadida","Marimonadida_X","Pseudopirsonia","Pseudopirsonia_mucosa",0.999999997
"570","8223340011183c3118fa720124e87236","Eukaryota","Opisthokonta","Metazoa",NA,NA,NA,NA,NA,0.99988929
"571","8237b189738e7184b3c9eb95c8b4cc02","Eukaryota","Stramenopiles","Ochrophyta","Chrysophyceae","Chrysophyceae_X","Chrysophyceae_Clade-F","Chrysophyceae_Clade-F_X","Chrysophyceae_Clade-F_X_sp.",0.999273572
"572","82a2a61db105bf8033eeaacffa77f7b8","Eukaryota","Opisthokonta","Metazoa","Arthropoda","Crustacea","Ostracoda","Conchoecia","Conchoecia_sp.",0.999999692
"573","83c785b1893a479c9f7a2b65182cb990","Eukaryota","Alveolata","Dinoflagellata","Dinophyceae","Gymnodiniales","Gymnodiniaceae",NA,NA,0.97937711
"574","83f932d82800a4be9af1091dea019c8f","Eukaryota","Opisthokonta","Fungi",NA,NA,NA,NA,NA,0.975788987
"575","8401362d818fb0bdf37275c6f04abb49","Eukaryota","Stramenopiles","Pseudofungi","MAST-1","MAST-1C","MAST-1C_X","MAST-1C_XX","MAST-1C_XX_sp.",0.999999848
"576","8547eb717b9e6d7f9e84e2b4866653e8","Eukaryota","Opisthokonta","Metazoa","Mollusca","Bivalvia","Mytiloida","Mytilus",NA,0.999999984
"577","86358750d61d9b9d7c4f3b2f48c17b74","Eukaryota","Opisthokonta","Metazoa",NA,NA,NA,NA,NA,0.99984625
"578","872e1cc5f1d7730b22254c33214a5ea3","Eukaryota","Rhizaria","Radiolaria","Polycystinea","Nassellaria","Plagiacanthoidea","Lithomelissa",NA,0.999708659
"579","882b4169451563123f8b4416e420aa6d","Eukaryota","Excavata","Discoba","Euglenozoa","Diplonemea","Diplonemida","Diplonema","Diplonema_sp.",0.999651523
"580","883e0c274a77288e485ff19fec1247b4","Eukaryota","Opisthokonta","Metazoa","Arthropoda","Crustacea","Maxillopoda",NA,NA,0.99514913
"581","88b95fb8a468016b87bfc27239a59ef3","Eukaryota","Rhizaria","Cercozoa","Filosa-Imbricatea","Thaumatomonadida","Thaumatomonadida_X","Thaumatomonadida_XX","Thaumatomonadida_XX_sp.",0.999919231
"582","88c35935a7a15afa0eb718683348cb8a","Eukaryota","Excavata","Discoba","Euglenozoa","Diplonemea","Diplonemea_X","Diplonemea_XX","Diplonemea_XX_sp.",0.999999995
"583","89872b75f32e08c4d9a96fa75799f175","Eukaryota","Rhizaria","Cercozoa","Endomyxa-Ascetosporea","Paradinida","Paradinidae","Paradinium","Paradinium_poucheti",0.995108325
"584","8995cdf2e0db81a902c204da52f2be06","Eukaryota","Opisthokonta","Metazoa","Annelida","Annelida_X","Annelida_XX",NA,NA,0.988481232
"585","8a8c312df797fc7f5888852683c8ecc2","Eukaryota","Alveolata","Dinoflagellata","Syndiniales","Dino-Group-I","Dino-Group-I-Clade-1","Dino-Group-I-Clade-1_X","Dino-Group-I-Clade-1_X_sp.",0.999997786
"586","8ab2ee1499818eae81ff4a693b5b6c2e","Eukaryota","Archaeplastida","Streptophyta","Embryophyceae","Embryophyceae_X","Embryophyceae_XX",NA,NA,1
"587","8c1c704dc6c77cb824337a1792625070","Eukaryota","Opisthokonta","Metazoa","Arthropoda","Crustacea","Maxillopoda",NA,NA,0.999961331
"588","8cd0ac1597f657c6a77799fb64e0fb6d","Eukaryota","Stramenopiles","Ochrophyta","Bacillariophyta","Bacillariophyta_X","Araphid-pennate",NA,NA,0.995719517
"589","8da3866036d9646944107af9cc7b4e8e","Eukaryota","Rhizaria","Cercozoa","Chlorarachniophyceae","Chlorarachnida","Minorisa-lineage","Minorisa","Minorisa_minuta",0.998447245
"590","8dd53bf52bde7cf659e8e2deb41e2e0e","Eukaryota","Opisthokonta","Fungi","Ascomycota","Saccharomycotina","Saccharomycetales","Pichia",NA,0.999954721
"591","8ddbda77cb1ff1fad72eaa3ea22dec48","Eukaryota","Stramenopiles","Ochrophyta","Chrysophyceae","Chrysophyceae_X","Chrysophyceae_Clade-C",NA,NA,0.976919505
"592","8defbc1787aea72baada363e9c90f012","Eukaryota","Opisthokonta","Choanoflagellida",NA,NA,NA,NA,NA,1
"593","8e587eec0422cc5e9c03849b79bcbfb6","Eukaryota","Stramenopiles","Ochrophyta","Bacillariophyta","Bacillariophyta_X","Radial-centric-basal-Coscinodiscophyceae","Corethron","Corethron_inerme",0.999999798
"594","8ece77abd5a5b1d44f7cca5093cdcd8f","Eukaryota","Stramenopiles","Ochrophyta","Dictyochophyceae","Dictyochophyceae_X","Pedinellales","Pedinellales_X","Pedinellales_X_sp.",0.999965709
"595","8f09959314a1bfdec8ddcaa091aa8ee7","Eukaryota","Opisthokonta","Metazoa","Arthropoda","Crustacea","Maxillopoda",NA,NA,0.999988934
"596","90011b408639e6a91ce402323e018e51","Eukaryota","Archaeplastida","Chlorophyta","Pyramimonadophyceae","Pyramimonadales",NA,NA,NA,0.999854274
"597","904554abb92367288a2a7d897d605631","Eukaryota","Opisthokonta","Metazoa","Echinodermata","Echinodermata_X","Echinodermata_XX",NA,NA,0.999994798
"598","904b8933ef1bcbd764ee41869512d3f6","Eukaryota","Opisthokonta","Fungi",NA,NA,NA,NA,NA,0.980749759
"599","92bc1cd37d824e30fbde7d2f3253c978","Eukaryota","Alveolata","Ciliophora","Spirotrichea","Strombidiida","Tontoniidae_A","Spirotontonia","Spirotontonia_sp.",0.987782184
"600","936bd9a9455f9f98f6cc0df713e196a0","Eukaryota",NA,NA,NA,NA,NA,NA,NA,1
"601","9443d7d95a9ad302a0d737590546db67","Eukaryota","Opisthokonta","Metazoa","Arthropoda","Crustacea","Maxillopoda",NA,NA,0.999998619
"602","94a4e14cf3135791bfd95213800f4bf5","Eukaryota",NA,NA,NA,NA,NA,NA,NA,1
"603","94f5518b0cbc35139fd3748d79a7953c","Eukaryota","Alveolata","Dinoflagellata","Syndiniales","Dino-Group-II",NA,NA,NA,0.996582746
"604","95c2ebf2bba826a6a8f51cc3b8384141","Eukaryota","Alveolata","Dinoflagellata","Syndiniales","Dino-Group-II","Dino-Group-II-Clade-3","Dino-Group-II-Clade-3_X","Dino-Group-II-Clade-3_X_sp.",0.999791066
"605","95eaf473a22d581780199796d8b74feb","Eukaryota","Opisthokonta",NA,NA,NA,NA,NA,NA,0.99879362
"606","96b1ac74996df4107aefc8d6468325bf","Eukaryota","Opisthokonta","Metazoa","Nematoda","Enoplea","Enoplea_X","Bathylaimus","Bathylaimus_assimilis",0.999999981
"607","971e09118518655984684c09d81958ee","Eukaryota","Opisthokonta","Metazoa","Rotifera","Rotifera_X","Rotifera_XX","Adineta","Adineta_vaga",0.984889314
"608","978233af12bff1db74ba430a4d125222","Eukaryota","Opisthokonta","Metazoa","Cnidaria","Cnidaria_X","Hydrozoa",NA,NA,0.999632513
"609","97a6fa6d4000250fcf176aa408380162","Eukaryota","Opisthokonta","Metazoa","Arthropoda","Crustacea","Maxillopoda",NA,NA,0.999730337
"610","97e949ce35a6b482a5e58f94f2514ffb","Eukaryota","Opisthokonta","Metazoa","Annelida","Annelida_X","Annelida_XX","Nephtys",NA,0.999279279
"611","9832ed142c35be208092b2621ad04ed8","Eukaryota","Stramenopiles","Pseudofungi","MAST-1","MAST-1C","MAST-1C_X","MAST-1C_XX","MAST-1C_XX_sp.",1
"612","98bf2d7041cf2f5eea8d42dafff639c6","Eukaryota","Opisthokonta","Metazoa","Arthropoda","Crustacea","Maxillopoda",NA,NA,0.999999516
"613","99908150190e7240004004cdd7c6918f","Eukaryota",NA,NA,NA,NA,NA,NA,NA,1
"614","9991af738b78e5b6a1a7e69ca307c583","Eukaryota","Stramenopiles","Ochrophyta","Bacillariophyta","Bacillariophyta_X",NA,NA,NA,0.999118512
"615","9a875d04aa7a45a4f14a2b0a7a696666","Eukaryota","Stramenopiles","Ochrophyta","Bacillariophyta","Bacillariophyta_X","Araphid-pennate",NA,NA,0.992886221
"616","9b5a51f47e57aa1894b5ea472fd8c7a1","Eukaryota","Opisthokonta","Metazoa","Mollusca","Gastropoda","Patellogastropoda","Nacella","Nacella_magellanica",0.994840276
"617","9d2399ccdb516399b8317642da5e3d93","Eukaryota","Rhizaria","Cercozoa","Filosa-Thecofilosea","Ventricleftida","CCW10-lineage","CCW10-lineage_X","CCW10-lineage_X_sp.",1
"618","9dfc0996b6ee15d33d6c00deb845de68","Eukaryota","Opisthokonta","Metazoa","Mollusca","Cephalopoda","Cephalopoda_X",NA,NA,0.999999996
"619","9e3f4a812f06a5550e1c0cf6668665d4","Eukaryota","Opisthokonta","Fungi",NA,NA,NA,NA,NA,0.980985607
"620","9e4de441f755784a83b9082bf0e27867","Eukaryota","Stramenopiles","Ochrophyta","Bacillariophyta","Bacillariophyta_X","Polar-centric-Mediophyceae","Porosira",NA,0.999999986
"621","9e7a8e3d47eea9cc00bdc6d03d985c9e","Eukaryota","Alveolata","Dinoflagellata","Dinophyceae",NA,NA,NA,NA,0.990533873
"622","9f060d5b77a8cb097efd288c2ef0d049","Eukaryota","Rhizaria","Cercozoa","Filosa-Imbricatea","Thaumatomonadida","Thaumatomonadidae","Thaumatomonas","Thaumatomonas_sp.",0.999934447
"623","9f1991a9a45dc5f00a325e2f07737a3c","Eukaryota","Rhizaria","Radiolaria","RAD-C","RAD-C_X","RAD-C_XX","RAD-C_XXX","RAD-C_XXX_sp.",0.999996696
"624","9fcae303e30258b8b4749676f9f5f793","Eukaryota","Alveolata","Dinoflagellata","Dinophyceae","Gymnodiniales","Gymnodiniaceae","Gyrodinium","Gyrodinium_dominans",0.979911441
"625","9fdec3826eec70741a2d372aaf057983","Eukaryota","Opisthokonta","Fungi","Ascomycota","Pezizomycotina","Leotiomycetes",NA,NA,0.999999999
"626","a04e7a7445c76d3e967c0adb48cd1a49","Eukaryota","Hacrobia","Centroheliozoa","Centroheliozoa_X",NA,NA,NA,NA,0.998867115
"627","a0d5cb17bf527cfffa63eb35aa38d2a3","Eukaryota","Opisthokonta","Metazoa","Arthropoda","Crustacea","Maxillopoda",NA,NA,0.995043048
"628","a0d9fcd9c6670b79a95025952c793560","Eukaryota","Opisthokonta","Metazoa","Arthropoda","Crustacea","Maxillopoda",NA,NA,0.999722883
"629","a1a596331713ec258809226f6c144d9c","Eukaryota","Stramenopiles","Ochrophyta","Bacillariophyta","Bacillariophyta_X","Raphid-pennate",NA,NA,0.991548049
"630","a1f54d759b08f0d60b1cc3b2df7347a7","Eukaryota","Alveolata","Ciliophora","CONThreeP","CONThreeP_X","Urotrichidae","Urotricha","Urotricha_sp.",0.999740904
"631","a22b030231aee94cb398d2c9c0f7e634","Eukaryota","Opisthokonta","Metazoa",NA,NA,NA,NA,NA,0.999006994
"632","a2561702fd0efaae1765659b3da17187","Eukaryota","Rhizaria","Radiolaria","RAD-B","RAD-B_X","RAD-B-Group-I","RAD-B-Group-I_X","RAD-B-Group-I_X_sp.",0.999977063
"633","a29592a7c25c11b2e86f6b0f659ca277","Eukaryota","Hacrobia","Haptophyta","Prymnesiophyceae","Prymnesiales","Prymnesiophyceae_Clade_B3","Prymnesiophyceae_Clade_B3_X","Prymnesiophyceae_Clade_B3_X_sp.",0.999992775
"634","a4b1d689cd473e003c22a89212d640cb","Eukaryota","Opisthokonta","Metazoa","Arthropoda","Crustacea","Maxillopoda","Maxillopoda_X","Maxillopoda_X_sp.",0.992514117
"635","a53c2c3ecdfd3caeddd9d0958d05ddbb","Eukaryota","Excavata","Discoba","Euglenozoa","Diplonemea","Diplonemea_X","Diplonemea_XX","Diplonemea_XX_sp.",0.999999997
"636","a57841d8e1c478109851ae79a648c5d1","Eukaryota","Opisthokonta","Metazoa","Annelida","Annelida_X","Annelida_XX","Terebellides","Terebellides_stroemii",0.996902931
"637","a6b47be442febb3ca7e887b8aeb79ea3","Eukaryota","Stramenopiles","Ochrophyta","Bacillariophyta","Bacillariophyta_X","Radial-centric-basal-Coscinodiscophyceae","Stellarima","Stellarima_microtrias",0.999997905
"638","a6f240613127ef796bb753bea88120de","Eukaryota","Archaeplastida","Streptophyta","Embryophyceae","Embryophyceae_X","Embryophyceae_XX",NA,NA,0.999999393
"639","a73b1a2067de2c392c3caeac608454b8","Eukaryota","Rhizaria","Radiolaria","Acantharea","Acantharea-Group-II","Acantharea-Group-II_X","Acantharea-Group-II_XX","Acantharea-Group-II_XX_sp.",1
"640","a742b98e12836b5cb1d1534da0764fbe","Eukaryota","Stramenopiles","Sagenista","Labyrinthulomycetes","Thraustochytriales","Thraustochytriaceae","Thraustochytrium",NA,0.971402299
"641","a90bfba87fdb6c6c751ec7f87b2a8ce4","Eukaryota","Alveolata","Ciliophora","Spirotrichea",NA,NA,NA,NA,0.999999696
"642","a9e930a6aa345269380b199328a4a41a","Eukaryota","Alveolata","Dinoflagellata","Dinophyceae","Peridiniales","Protoperidiniaceae","Protoperidinium","Protoperidinium_sp.",0.999998781
"643","aa207e73cf6f7417761a46c8c1014a61","Eukaryota","Rhizaria","Cercozoa","Filosa-Thecofilosea","Cryomonadida","Cryomonadida_X","Cryomonadida_XX","Cryomonadida_XX_sp.",0.999921961
"644","aa82be787a6adca34f2711499cf63b44","Eukaryota","Opisthokonta","Metazoa","Bryozoa","Bryozoa_X","Bryozoa_XX",NA,NA,0.999999985
"645","aad4affe544fd6c46eecb3f3a5be8832","Eukaryota","Opisthokonta","Metazoa","Annelida","Annelida_X","Annelida_XX",NA,NA,0.999999992
"646","ab12af516090f91093b54999fe242a00","Eukaryota","Opisthokonta","Fungi","Ascomycota","Saccharomycotina","Saccharomycetales","Galactomyces","Galactomyces_geotrichum",0.99999762
"647","ab432ec1007e588e500e8fdb6fdb146f","Eukaryota",NA,NA,NA,NA,NA,NA,NA,1
"648","abb9ece94b30acdb9e617f4af5ae7266","Eukaryota","Alveolata","Dinoflagellata","Syndiniales","Dino-Group-II","Dino-Group-II-Clade-28","Dino-Group-II-Clade-28_X","Dino-Group-II-Clade-28_X_sp.",0.999568311
"649","ac0bc64c271eef71aa57bb3d5f6cb305","Eukaryota","Opisthokonta","Metazoa","Craniata","Craniata_X",NA,NA,NA,1
"650","acc1ac59fbb8f16f0e7eb043e3770030","Eukaryota","Opisthokonta",NA,NA,NA,NA,NA,NA,0.973714258
"651","ad0bae1326bdeee0de7857f4cd225c75","Eukaryota","Rhizaria","Cercozoa","Filosa-Thecofilosea","Ventricleftida","Ventricleftida_X","Ventricleftida_XX","Ventricleftida_XX_sp.",0.999999988
"652","ae99a9ed5757e78e54b1b4798fca2b8a","Eukaryota","Rhizaria","Radiolaria","RAD-B","RAD-B_X","RAD-B-Group-III","RAD-B-Group-III_X","RAD-B-Group-III_X_sp.",1
"653","aeeb2cdd1169a0a346dac345698ff34d","Eukaryota","Rhizaria","Radiolaria","Polycystinea","Nassellaria",NA,NA,NA,0.999978109
"654","af61dae88a4721f4de3fdf2ced6204e9","Eukaryota","Opisthokonta","Metazoa","Annelida","Annelida_X","Annelida_XX",NA,NA,0.999986936
"655","b0fac2cb5c83e086a6080a824e079580","Eukaryota","Alveolata","Dinoflagellata","Syndiniales","Dino-Group-I","Dino-Group-I-Clade-1","Dino-Group-I-Clade-1_X","Dino-Group-I-Clade-1_X_sp.",0.999980377
"656","b302cfb795055d942f1154076c021220","Eukaryota",NA,NA,NA,NA,NA,NA,NA,1
"657","b35e10d1213a6e22b552166eed78bcd2","Eukaryota","Alveolata","Dinoflagellata","Syndiniales","Dino-Group-I","Dino-Group-I-Clade-1","Dino-Group-I-Clade-1_X","Dino-Group-I-Clade-1_X_sp.",0.999999865
"658","b3a18f86dc4f8cf91b33dfc808c3545d","Eukaryota","Alveolata","Dinoflagellata","Syndiniales","Dino-Group-II","Dino-Group-II-Clade-5","Dino-Group-II-Clade-5_X","Dino-Group-II-Clade-5_X_sp.",0.982528554
"659","b42a2b4bef62a3022b59c81979b47726","Eukaryota","Opisthokonta","Metazoa","Arthropoda","Crustacea","Maxillopoda",NA,NA,0.995203359
"660","b478bd821bab18cc3f2790f8331b54b7","Eukaryota",NA,NA,NA,NA,NA,NA,NA,1
"661","b4d48545a48bfb2b40d746c6c681b78a","Eukaryota","Opisthokonta","Metazoa","Gastrotricha","Gastrotricha_X","Gastrotricha_XX",NA,NA,0.987760747
"662","b4d9f22fdf4202d477f8311f0170a9c4","Eukaryota","Stramenopiles","Ochrophyta","Chrysophyceae","Chrysophyceae_X","Chrysophyceae_XX","Chrysophyceae_XXX","Chrysophyceae_XXX_sp.",0.999999301
"663","b4f57b2930914d3b0a1f11b6ced6110b","Eukaryota","Opisthokonta","Metazoa","Nemertea","Nemertea_X","Nemertea_XX","Lineus","Lineus_sp.",0.994755827
"664","b5b37740b7177b5fd5b9d4aea8d9a52a","Eukaryota","Opisthokonta","Metazoa","Arthropoda","Crustacea","Malacostraca","Thysanoessa",NA,0.99511131
"665","b6ddaf7ccd0d76535bb9a8b2784e71a2","Eukaryota","Opisthokonta","Fungi",NA,NA,NA,NA,NA,0.984157795
"666","b708f64b3a864f1934a98c09a7f50d8a","Eukaryota","Opisthokonta","Metazoa","Arthropoda","Crustacea","Maxillopoda",NA,NA,0.995562781
"667","b73322cd72f9600b3598fb20386df7d4","Eukaryota",NA,NA,NA,NA,NA,NA,NA,1
"668","b77ff394f17aa060dce48f2f3f84aa79","Eukaryota","Alveolata","Dinoflagellata","Dinophyceae",NA,NA,NA,NA,0.999601968
"669","b833085614ef69819226e7183aaf01a1","Eukaryota","Stramenopiles","Ochrophyta","Bacillariophyta","Bacillariophyta_X","Polar-centric-Mediophyceae","Porosira","Porosira_sp.",0.994251844
"670","b837aa2c2e1011733829cfdc33433476","Eukaryota","Rhizaria","Cercozoa","Filosa-Imbricatea","Filosa-Imbricatea_X","Novel-clade-2","Novel-clade-2_X","Novel-clade-2_X_sp.",0.999999996
"671","b9c8d00b76ae5a43bc202784b22cdd61","Eukaryota","Opisthokonta","Metazoa","Arthropoda","Crustacea","Maxillopoda",NA,NA,0.999999998
"672","ba698064abe41e7859105060e277b5c8","Eukaryota","Alveolata","Dinoflagellata","Syndiniales","Dino-Group-II","Dino-Group-II-Clade-1","Dino-Group-II-Clade-1_X","Dino-Group-II-Clade-1_X_sp.",0.988830325
"673","baacb3f0392abc7b2e0e1f278ae6e16f","Eukaryota","Opisthokonta","Metazoa","Mollusca","Bivalvia","Anomalodesmata","Laternula","Laternula_elliptica",0.99999577
"674","baf0a43366dd36dd41c9f5d98f0de2af","Eukaryota","Alveolata","Ciliophora","Spirotrichea","Hypotrichia","Holostichidae","Metaurostylopsis","Metaurostylopsis_struederkypkeae",0.999000106
"675","bb34ffcefde0664c2f8134f1d8d89c2d","Eukaryota","Excavata","Discoba","Euglenozoa","Diplonemea","Diplonemida","Diplonema",NA,0.995531557
"676","bb6a392cf8d578a3373bc9ed2c9396b9","Eukaryota","Hacrobia","Cryptophyta","Cryptophyceae","Cryptomonadales","Cryptomonadales_X","Geminigera","Geminigera_cryophila",0.975993312
"677","bb8727e9a3131040310872c5f3cdef81","Eukaryota","Opisthokonta","Fungi","Mucoromycota","Mucoromycotina","Mucoromycotina_X","Mucor",NA,0.999409354
"678","bbea8bd1d8fb839bb27d12a1b8649483","Eukaryota","Archaeplastida","Prasinodermophyta","Prasinodermophyceae","Prasinococcales","Prasinococcales-Clade-B","Prasinococcales-Clade-B_X","Prasinococcales-Clade-B2_X_sp.",0.999877202
"679","bc268fcb48e0562fdbba9450a7d82180","Eukaryota","Opisthokonta","Metazoa","Annelida","Annelida_X","Annelida_XX","Boccardiella","Boccardiella_ligerica",0.999473738
"680","bca9455ac087b58a34258e7c73c6a750","Eukaryota","Archaeplastida","Rhodophyta","Bangiophyceae","Bangiales","Bangiaceae","Wildemania","Wildemania_sp.",0.999999942
"681","bdce335bf4c8d4763d189f0de4a5672f","Eukaryota","Alveolata","Dinoflagellata","Syndiniales","Dino-Group-II","Dino-Group-II-Clade-1","Dino-Group-II-Clade-1_X","Dino-Group-II-Clade-1_X_sp.",0.999996545
"682","be22a9fa0c1b742edf52a4cbadaa5be0","Eukaryota","Opisthokonta","Metazoa","Bryozoa","Bryozoa_X","Bryozoa_XX",NA,NA,0.99999996
"683","be516739736f94a99d0d9864de630ef2","Eukaryota","Stramenopiles",NA,NA,NA,NA,NA,NA,0.996141602
"684","be732a593eeace583c6d69335b321a9e","Eukaryota","Opisthokonta","Metazoa","Craniata","Craniata_X","Archosauria","Gallus","Gallus_gallus",0.999804
"685","befce545824fd9a17f92502b9f3a823b","Eukaryota","Stramenopiles","Opalozoa","MAST-3","MAST-3D","MAST-3D_X","MAST-3D_XX","MAST-3D_XX_sp.",0.999930098
"686","bf9e79fd45cc5fa77bc861053ef67ae1","Eukaryota","Stramenopiles","Ochrophyta","Bacillariophyta","Bacillariophyta_X","Radial-centric-basal-Coscinodiscophyceae","Actinocyclus","Actinocyclus_curvatulus",0.996596474
"687","bfb88ee021f13e64d5420d67bc13077f","Eukaryota",NA,NA,NA,NA,NA,NA,NA,1
"688","bfcde29137bd2f7c3dd16e52fe876dea","Eukaryota","Archaeplastida","Rhodophyta","Florideophyceae","Gigartinales","Gigartinales_X",NA,NA,0.998548058
"689","c01f148b76de4951f5c0d99b9550c827","Eukaryota","Alveolata","Dinoflagellata","Dinophyceae","Peridiniales","Heterocapsaceae","Heterocapsa","Heterocapsa_nei/rotundata",0.987653787
"690","c0aa10757aa356dd270f4b86644911e7","Eukaryota","Alveolata","Dinoflagellata","Syndiniales","Dino-Group-II","Dino-Group-II-Clade-8","Dino-Group-II-Clade-8_X","Dino-Group-II-Clade-8_X_sp.",0.99999929
"691","c289890f373294db35ccb3338c7ba464","Eukaryota","Stramenopiles","Ochrophyta","Bacillariophyta","Bacillariophyta_X","Raphid-pennate",NA,NA,0.998842038
"692","c2b2c3688d626a493125aa494d429b91","Eukaryota","Stramenopiles","Ochrophyta","Bacillariophyta","Bacillariophyta_X","Polar-centric-Mediophyceae","Odontella","Odontella_sinensis",0.993028449
"693","c2fd50869873a73f0f306287f18ec065","Eukaryota","Alveolata","Ciliophora","Spirotrichea","Choreotrichida","Leegaardiellidae_B","Leegaardiella","Leegaardiella_sp.",0.99999815
"694","c44b09db4dfd2a1cc72f65456683d8f6","Eukaryota","Stramenopiles","Opalozoa","MAST-3","MAST-3B","MAST-3B_X","MAST-3B_XX","MAST-3B_XX_sp.",0.996689852
"695","c472bc352b9a8260db20c99822f7cdaa","Eukaryota","Rhizaria","Cercozoa","Filosa-Imbricatea","Thaumatomonadida","Thaumatomonadida_X","Thaumatomonadida_XX","Thaumatomonadida_XX_sp.",0.997194234
"696","c4c3ee9ce12fa2e3c6d0e096f9da0294","Eukaryota","Opisthokonta","Choanoflagellida","Choanoflagellatea","Acanthoecida","Stephanoecidae_Group_D","Stephanoecidae_Group_D_X","Stephanoecidae_Group_D_X_sp.",0.999999999
"697","c5405031f933745bc1345f66b8381c6b","Eukaryota","Opisthokonta","Metazoa","Cnidaria","Cnidaria_X","Hydrozoa","Hydrozoa_X","Hydrozoa_X_sp.",0.999743269
"698","c7cc556e6ae770c41fc89292adf13262","Eukaryota","Alveolata","Dinoflagellata","Dinophyceae","Peridiniales","Amphidiniopsidaceae","Islandinium","Islandinium_tricingulatum",0.99967969
"699","c8cf94dc432bfe5287677f834cd9d8b0","Eukaryota","Opisthokonta","Metazoa","Arthropoda","Crustacea","Maxillopoda","Archinotodelphys","Archinotodelphys_sp.",0.984159713
"700","c92e7ae0905805abc8f90c3bddb4ce70","Eukaryota","Rhizaria","Cercozoa","Filosa-Thecofilosea","Ventricleftida","Ventricleftida_X","Ventricleftida_XX","Ventricleftida_XX_sp.",0.999944753
"701","c985ca65563c82592ab657c420c0f129","Eukaryota","Hacrobia","Cryptophyta","Cryptophyceae","Cryptomonadales","Cryptomonadales_X","Geminigera","Geminigera_cryophila",0.997146912
"702","c9b1953977381b2021e1814762929b3a","Eukaryota",NA,NA,NA,NA,NA,NA,NA,1
"703","ca6ff7de0e32b5dcf5a7d1e10087258c","Eukaryota",NA,NA,NA,NA,NA,NA,NA,1
"704","cab7a398516c474ff411c2a1b0548704","Eukaryota","Stramenopiles","Ochrophyta","Bacillariophyta","Bacillariophyta_X","Raphid-pennate","Pseudo-nitzschia",NA,0.999713645
"705","cad42c812e3b1a1f23079bea1bb1aad7","Eukaryota","Opisthokonta","Metazoa","Arthropoda","Crustacea","Maxillopoda",NA,NA,0.999988303
"706","caf56dbea0af67cd15ba802821a5a487","Eukaryota","Hacrobia","Telonemia","Telonemia_X","Telonemia_XX","Telonemia-Group-2","Telonema-Group-2","Telonema_antarcticum",0.999974539
"707","cb574c2df94d8a0d1966f10a0fc66014","Eukaryota","Stramenopiles","Ochrophyta","Bolidophyceae","Parmales","Parmales_env_3","Parmales_env_3_X","Parmales_env_3_X_sp.",0.999929554
"708","cb8494ddf416e4c3671aaa6d23052625","Eukaryota","Alveolata","Ciliophora","Phyllopharyngea","Cyrtophoria_1","PHYLL_4","PHYLL_4_X","PHYLL_4_X_sp.",0.998329117
"709","cc0335962120a0045b7ef7aee8ee5cec","Eukaryota","Alveolata","Dinoflagellata","Dinophyceae",NA,NA,NA,NA,0.999405996
"710","cc0ffb36f8787d68421043e84cbe07a2","Eukaryota","Stramenopiles","Ochrophyta","Bacillariophyta","Bacillariophyta_X","Araphid-pennate",NA,NA,0.992657389
"711","cc89d32c17b5053ab4543d02ff6ac8c2","Eukaryota","Rhizaria","Cercozoa","Filosa-Imbricatea","Marimonadida","Marimonadida_X","Pseudopirsonia","Pseudopirsonia_mucosa",0.999998459
"712","cd5ff000f18f4a730c294e8472a18ba7","Eukaryota","Alveolata","Dinoflagellata","Dinophyceae",NA,NA,NA,NA,0.999690742
"713","cd9258e0ba986655989803ffab3f5b35","Eukaryota","Rhizaria","Radiolaria","RAD-B","RAD-B_X","RAD-B-Group-IV","RAD-B-Group-IV_X","RAD-B-Group-IV_X_sp.",0.999913678
"714","cde5b67717a303e6ad4f302699cd4b14","Eukaryota",NA,NA,NA,NA,NA,NA,NA,1
"715","ce0a2e4b955b107f3e52c9f8fa99cf89","Eukaryota",NA,NA,NA,NA,NA,NA,NA,1
"716","ce814467ffb4c41f7459b0fdbbc358a4","Eukaryota","Rhizaria","Cercozoa","Filosa-Thecofilosea","Cryomonadida","Protaspa-lineage","Protaspa-lineage_X","Protaspa-lineage_X_sp.",0.973609253
"717","cfdf910da3eae1d00b717de965d47ea3","Eukaryota","Alveolata","Dinoflagellata","Dinophyceae",NA,NA,NA,NA,0.996396842
"718","d013f29f8f068beec93ad8fe33c28bb1","Eukaryota","Alveolata","Ciliophora","Phyllopharyngea","Cyrtophoria_8","Dysteriidae","Dysteria_2","Dysteria_2_sp.",0.973368189
"719","d045b5d2d7761b5f7dfc306994c888f1","Eukaryota",NA,NA,NA,NA,NA,NA,NA,1
"720","d09d31e34303d085bfaf128d86d801f4","Eukaryota","Rhizaria","Cercozoa","Filosa-Thecofilosea","Cryomonadida","Cryothecomonas-lineage","Cryothecomonas","Cryothecomonas_aestivalis",0.989858296
"721","d0b457a8a8d5ed4387fb0f8a5c0d887e","Eukaryota","Opisthokonta","Metazoa","Arthropoda","Crustacea","Maxillopoda",NA,NA,0.999988456
"722","d241e717fa21690a0bd4b5701d34b17f","Eukaryota","Opisthokonta","Metazoa","Rotifera","Rotifera_X","Rotifera_XX","Epiphanes","Epiphanes_senta",0.992969504
"723","d2d89645071f6db1a09c1c9890c38c9e","Eukaryota","Hacrobia","Telonemia","Telonemia_X","Telonemia_XX","Telonemia-Group-1","Telonema-Group-1","Telonema_subtile",0.997885977
"724","d343bd2e32a45541f8355515e520d2c7","Eukaryota","Stramenopiles","Opalozoa","MAST-12","MAST-12A","MAST-12A_X","MAST-12A_XX","MAST-12A_XX_sp.",0.996531701
"725","d34f2ec49ccd101c588182da23e8daa7","Eukaryota","Alveolata","Dinoflagellata","Dinophyceae",NA,NA,NA,NA,0.998174758
"726","d40d7e88dd1a5e2f07735ee5f760df2d","Eukaryota","Opisthokonta","Metazoa","Arthropoda","Crustacea","Ostracoda","Howeina","Howeina_sp.",0.998526922
"727","d46b99a74f14f80e9460abaf8dce34ce","Eukaryota","Stramenopiles","Ochrophyta","Chrysophyceae","Chrysophyceae_X","Chrysophyceae_XX","Chrysophyceae_XXX","Chrysophyceae_XXX_sp.",0.986847237
"728","d4713709d42f9b293dd6ae610633a886","Eukaryota",NA,NA,NA,NA,NA,NA,NA,1
"729","d4aedcd46ed50182ac792c0c4b204779","Eukaryota","Hacrobia","Telonemia","Telonemia_X","Telonemia_XX","Telonemia-Group-2","Telonemia-Group-2_X","Telonemia-Group-2_X_sp.",0.999999418
"730","d50b1ca8bb5a205f1250de7bd6001177","Eukaryota","Hacrobia","Haptophyta","Prymnesiophyceae","Prymnesiales","Chrysochromulinaceae","Chrysochromulina","Chrysochromulina_scutellum",0.999139211
"731","d546e0b959c26a1ee9a33ab55a08a5ed","Eukaryota",NA,NA,NA,NA,NA,NA,NA,1
"732","d6693ed0e3aab358b55147951ef70dce","Eukaryota",NA,NA,NA,NA,NA,NA,NA,1
"733","d6ae57a13f15aab1feeb4d0af2a398c2","Eukaryota","Stramenopiles","Ochrophyta","Bacillariophyta","Bacillariophyta_X","Raphid-pennate",NA,NA,0.978693615
"734","d77b85c1a8f80f09dfa904f648f386cc","Eukaryota","Opisthokonta","Metazoa","Urochordata","Urochordata_X","Ascidiacea",NA,NA,0.999999788
"735","d7931b804abe8709304de7ffd0015798","Eukaryota","Stramenopiles","Pseudofungi","MAST-1","MAST-1B","MAST-1B_X","MAST-1B_XX","MAST-1B_XX_sp.",0.999995761
"736","d8c20549c9bcd3a7f147212170a92805","Eukaryota","Rhizaria","Cercozoa","Filosa-Thecofilosea","Ebriida","Ebriidae","Ebria","Ebria_tripartita",0.999794938
"737","d93aca1c929956b912eb5fb6d7b487e7","Eukaryota","Alveolata","Ciliophora","Plagiopylea","Plagiopylea_X","Plagiopylidae","Plagiopylidae_X","Plagiopylidae_X_sp.",0.999958801
"738","d93adb8a1db4f985c548d57855c29baf","Eukaryota","Opisthokonta","Metazoa","Rotifera","Rotifera_X","Rotifera_XX","Adineta","Adineta_vaga",0.976276688
"739","d97cc076b0e77594de97dcd322da4f86","Eukaryota","Opisthokonta","Fungi","Basidiomycota","Agaricomycotina","Agaricomycetes","Agaricus","Agaricus_bisporus",0.99425402
"740","d99983487052d0259058f5253efe4ed1","Eukaryota","Stramenopiles","Ochrophyta","Pelagophyceae","Pelagomonadales","Pelagomonadales_clade_A","Pelagomonadales_clade_A1","Pelagomonadales_clade_A1_sp.",0.999999489
"741","d9f2002b8a7938bedd855b5ee7ccbf9f","Eukaryota","Opisthokonta","Fungi","Ascomycota","Saccharomycotina","Saccharomycetales",NA,NA,0.995444652
"742","d9fbe9218eb9f0156873fe9a6bb8a5fd","Eukaryota","Rhizaria","Cercozoa","Filosa-Imbricatea","Thaumatomonadida","Thaumatomonadida_X","Thaumatomonadida_XX","Thaumatomonadida_XX_sp.",0.995907213
"743","da07a297f9491f552012bbcce45849af","Eukaryota","Hacrobia","Telonemia","Telonemia_X","Telonemia_XX","Telonemia-Group-2","Telonemia-Group-2_X","Telonemia-Group-2_X_sp.",0.999997067
"744","dac3a78ac075e9ca706b301775744e9c","Eukaryota","Rhizaria","Cercozoa","Filosa-Thecofilosea","Cryomonadida","Protaspa-lineage","Protaspa-lineage_X","Protaspa-lineage_X_sp.",0.999999672
"745","dafe4d6c15af6adeadc17316efa5991c","Eukaryota","Alveolata","Ciliophora","Spirotrichea",NA,NA,NA,NA,0.999994624
"746","db40b0f4626a2a276b8483e715102319","Eukaryota","Alveolata","Ciliophora",NA,NA,NA,NA,NA,0.995818326
"747","dc47a2c227778fb33fd0920b8c6462a0","Eukaryota","Stramenopiles","Pseudofungi","Oomycota","Oomycota_X",NA,NA,NA,0.997846674
"748","dc492879fabcdfef215b472c3d256507","Eukaryota",NA,NA,NA,NA,NA,NA,NA,1
"749","dc5fef38df32deaeb1f4113cce17fe9e","Eukaryota","Opisthokonta","Metazoa","Annelida","Annelida_X","Annelida_XX","Parapionosyllis","Parapionosyllis_elegans",0.997178361
"750","dcb8004a7bdce66aa7bfe3e72a8113e4","Eukaryota","Opisthokonta","Metazoa","Annelida","Annelida_X","Annelida_XX",NA,NA,0.999071678
"751","de4c2f5f422474790627ce03888d9f37","Eukaryota","Alveolata","Ciliophora","Spirotrichea","Euplotia","Uronychiidae","Uronychia",NA,0.999943016
"752","de92020a690835cc69f593554fb403e3","Eukaryota","Alveolata","Dinoflagellata","Dinophyceae","Peridiniales","Amphidiniopsidaceae","Islandinium","Islandinium_tricingulatum",0.994750682
"753","deb4d254c13951344f32a37d25d90959","Eukaryota","Alveolata","Dinoflagellata","Dinophyceae",NA,NA,NA,NA,0.998376954
"754","decbecdeda8cf7e6f45875542fe5ee70","Eukaryota","Stramenopiles","Ochrophyta","Bacillariophyta","Bacillariophyta_X",NA,NA,NA,0.999973712
"755","df1e35b9a746175161464afd64354813","Eukaryota","Stramenopiles","Ochrophyta","Bacillariophyta","Bacillariophyta_X","Polar-centric-Mediophyceae","Porosira",NA,1
"756","df755b158279c1d9c5ca2e1fb82a4871","Eukaryota","Alveolata","Dinoflagellata","Syndiniales","Dino-Group-II","Dino-Group-II-Clade-1","Dino-Group-II-Clade-1_X","Dino-Group-II-Clade-1_X_sp.",0.999993177
"757","e181c908e9ecf4751b78c95e1342c802","Eukaryota","Opisthokonta","Metazoa","Ctenophora","Ctenophora_X","Ctenophora_XX",NA,NA,0.998205763
"758","e19d22019a8da9ff701c7a217740ba42","Eukaryota","Alveolata","Dinoflagellata","Dinophyceae","Gymnodiniales","Gymnodiniaceae","Gymnodinium","Gymnodinium_sp.",0.991742887
"759","e21290b98bdcdd87e0dac6ea4fcfbb3d","Eukaryota","Opisthokonta","Metazoa","Craniata","Craniata_X","Archosauria","Gallus","Gallus_gallus",0.999896321
"760","e392c9634db5df78f6fa62558a896e73","Eukaryota","Opisthokonta","Metazoa","Nemertea","Nemertea_X","Nemertea_XX","Lineus","Lineus_sp.",0.993135639
"761","e464226c9802ee3d5eb39b9d70e549b6","Eukaryota","Opisthokonta","Metazoa","Arthropoda","Crustacea","Maxillopoda",NA,NA,0.99999739
"762","e54c3d5218fabfd55928f2cdaa6fda65","Eukaryota","Stramenopiles","Ochrophyta","Bacillariophyta","Bacillariophyta_X","Polar-centric-Mediophyceae","Chaetoceros","Chaetoceros_neogracilis",0.985862074
"763","e6c626876652567f2e183389ea975efd","Eukaryota",NA,NA,NA,NA,NA,NA,NA,1
"764","e6e004bf2d5d5135ff07272ad4b70ed9","Eukaryota","Opisthokonta",NA,NA,NA,NA,NA,NA,0.991453108
"765","e71314f8a59a727f2b5e9ca10cd203da","Eukaryota","Rhizaria","Cercozoa","Filosa-Thecofilosea","Ebriida","Ebriidae","Ebria","Ebria_tripartita",0.999999838
"766","e750d49efdb375ccd440d54e75c9a050","Eukaryota",NA,NA,NA,NA,NA,NA,NA,1
"767","e76c136f1e06560f28615363f119f686","Eukaryota","Archaeplastida","Rhodophyta","Florideophyceae","Corallinales","Corallinales_X",NA,NA,0.999999883
"768","e7d2431875fb3333dc6976a054aaaf5f","Eukaryota","Alveolata","Ciliophora","Spirotrichea","Hypotrichia",NA,NA,NA,0.99961514
"769","e941ac3be5b5483b22b75a57d913dccc","Eukaryota","Opisthokonta","Metazoa","Arthropoda","Crustacea","Maxillopoda",NA,NA,0.999998249
"770","ea0b7ac8d55952a6ee4da7f99ead7ac3","Eukaryota","Alveolata","Ciliophora","Spirotrichea","Tintinnida","Tintinnidae","Tintinnidae_X","Tintinnidae_X_sp.",0.999344921
"771","ea29c83a96ef9ad7be996a969596ef46","Eukaryota","Stramenopiles","Ochrophyta","Phaeophyceae","Phaeophyceae_X","Phaeophyceae_XX",NA,NA,0.99999982
"772","ea60a16e324ad5b2736276529e31a2a6","Eukaryota","Alveolata","Dinoflagellata","Syndiniales","Dino-Group-I","Dino-Group-I-Clade-1","Dino-Group-I-Clade-1_X","Dino-Group-I-Clade-1_X_sp.",0.99998833
"773","ea8a2ba8b1ee779b78e07f7542a3b84c","Eukaryota","Stramenopiles","Opalozoa","MAST-3","MAST-3I","MAST-3I_X","MAST-3I_XX","MAST-3I_XX_sp.",0.999999997
"774","eaeaffaa62c8f247a0623e82f8796b40","Eukaryota","Stramenopiles","Ochrophyta","Dictyochophyceae","Dictyochophyceae_X","Dictyochales","Dictyocha","Dictyocha_speculum",0.999999997
"775","eaf01cc37c5e35f10e0fcae38fab4420","Eukaryota","Hacrobia","Haptophyta","Prymnesiophyceae","Prymnesiales","Chrysochromulinaceae","Chrysochromulina","Chrysochromulina_sp.",0.99999821
"776","eca4a720da5df715067e2c847321d35a","Eukaryota",NA,NA,NA,NA,NA,NA,NA,1
"777","ecaf8d1e8b37c7de1a42d24836449c2f","Eukaryota","Opisthokonta","Metazoa","Arthropoda","Crustacea","Maxillopoda",NA,NA,0.999999958
"778","ecdfd800c6b3c10af91f2ba4371b7dfe","Eukaryota","Rhizaria","Cercozoa","Filosa-Thecofilosea","Ventricleftida","Ventricleftida_X","Ventricleftida_XX","Ventricleftida_XX_sp.",0.999870224
"779","ed798de3129c4daea824bef2a4c884fa","Eukaryota","Alveolata","Dinoflagellata","Dinophyceae","Gymnodiniales","Gymnodiniaceae","Spiniferodinium","Spiniferodinium_galeiforme",0.979652334
"780","ed81db7898397db7a6b11f752a79f80e","Eukaryota","Opisthokonta",NA,NA,NA,NA,NA,NA,0.989252125
"781","eea38fe722923a4ae96c09fb8c4af0bb","Eukaryota","Opisthokonta","Metazoa","Arthropoda","Crustacea","Maxillopoda",NA,NA,0.999998286
"782","ef3abfdb3f5203a12c9b4c6de0467820","Eukaryota","Stramenopiles","Ochrophyta","Bacillariophyta","Bacillariophyta_X",NA,NA,NA,0.999998159
"783","ef4093e85ebca3ddf82b3535d3d2e5d8","Eukaryota",NA,NA,NA,NA,NA,NA,NA,1
"784","efa1f60af3b0db578f33c0db6a3db703","Eukaryota",NA,NA,NA,NA,NA,NA,NA,1
"785","efb9173d6f1c9b9a485b7db1d1f744cb","Eukaryota",NA,NA,NA,NA,NA,NA,NA,1
"786","f0129f81a31d1f73ed7307a930e634a4","Eukaryota","Opisthokonta","Metazoa","Arthropoda","Crustacea","Maxillopoda",NA,NA,0.999998952
"787","f1064c24ef8e45128cafb1431c590dfa","Eukaryota","Stramenopiles","Opalozoa","MAST-3","MAST-3E","MAST-3E_X","MAST-3E_XX","MAST-3E_XX_sp.",0.975746195
"788","f109ba59f8240958971a0abdbdeecad3","Eukaryota","Alveolata","Ciliophora","Spirotrichea","Hypotrichia",NA,NA,NA,0.999999937
"789","f135bd8959d991944852d6709f708838","Eukaryota","Alveolata","Ciliophora",NA,NA,NA,NA,NA,0.995327991
"790","f18ebc3012f408e3b642565b2083aab1","Eukaryota",NA,NA,NA,NA,NA,NA,NA,1
"791","f335321c4e85802c23f581a5b00cd507","Eukaryota","Archaeplastida","Chlorophyta","Mamiellophyceae","Mamiellales","Bathycoccaceae","Bathycoccus","Bathycoccus_prasinos",0.999999992
"792","f388cd0011c2c3f4e9d8a33a57511484","Eukaryota","Stramenopiles","Ochrophyta","Dictyochophyceae","Dictyochophyceae_X","Florenciellales","Pseudochattonella","Pseudochattonella_verruculosa",0.978222092
"793","f4315d1c561cbf4ddc7c56005b40f4d5","Eukaryota","Archaeplastida","Chlorophyta","Ulvophyceae","Ulotrichales","Ulotrichales_X","Acrosiphonia","Acrosiphonia_sp.",0.999867003
"794","f469c5421e2da8927ec36d648ec7fd02","Eukaryota","Stramenopiles","Ochrophyta","Phaeophyceae","Phaeophyceae_X","Phaeophyceae_XX","Halothrix","Halothrix_ambigua",0.999995757
"795","f485edd0dd07a0f1680fd68af7c018d8","Eukaryota",NA,NA,NA,NA,NA,NA,NA,1
"796","f48a642a45d73d4a0baa8539020da6d2","Eukaryota","Stramenopiles","Opalozoa","MAST-3","MAST-3D","MAST-3D_X","MAST-3D_XX","MAST-3D_XX_sp.",0.999999986
"797","f4d5d894383f800aaf7955f10f1c0a56","Eukaryota","Stramenopiles","Ochrophyta","Bacillariophyta","Bacillariophyta_X","Raphid-pennate",NA,NA,0.977436308
"798","f5835ff7ad34ff2efac6bf13c47dd2bb","Eukaryota","Alveolata","Dinoflagellata","Syndiniales","Dino-Group-III","Dino-Group-III_X","Dino-Group-III_XX","Dino-Group-III_XX_sp.",0.999985928
"799","f619c491f181a5ebb9be0d937bc22bf9","Eukaryota",NA,NA,NA,NA,NA,NA,NA,1
"800","f6a95e3112279d64cc0af44fb57e0631","Eukaryota",NA,NA,NA,NA,NA,NA,NA,1
"801","f8d3923abc75014dad6864c657e51236","Eukaryota","Opisthokonta","Metazoa","Arthropoda","Crustacea","Maxillopoda",NA,NA,0.999901335
"802","f90440a69d563d9db27d8459f2a2a8c7","Eukaryota","Alveolata","Dinoflagellata","Dinophyceae","Peridiniales","Protoperidiniaceae","Protoperidinium","Protoperidinium_sp.",0.999958322
"803","f9df0a1779f28921908925a4c1a8f80b","Eukaryota","Opisthokonta","Fungi","Basidiomycota","Pucciniomycotina",NA,NA,NA,0.99999886
"804","f9f5e0e43f8b745a3b15422d4fe38e09","Eukaryota","Opisthokonta","Metazoa","Annelida","Annelida_X","Annelida_XX","Nephtys",NA,0.99997865
"805","fa0e5dcb7e5c07ed31cf33a57ebaee90","Eukaryota","Stramenopiles","Ochrophyta","Bacillariophyta","Bacillariophyta_X",NA,NA,NA,0.990766293
"806","fa152a15b1b02e26242b9847792c0292","Eukaryota","Opisthokonta","Metazoa","Arthropoda","Crustacea","Maxillopoda",NA,NA,0.999997977
"807","fa20361e7550ce7b89bd5a795cd1df7c","Eukaryota","Stramenopiles","Ochrophyta","Bacillariophyta","Bacillariophyta_X","Radial-centric-basal-Coscinodiscophyceae","Coscinodiscus","Coscinodiscus_wailesii",0.999999981
"808","fa28fe215c257a16ab10178e1fbbb8cc","Eukaryota","Stramenopiles","Ochrophyta","Bacillariophyta","Bacillariophyta_X","Raphid-pennate","Pseudogomphonema","Pseudogomphonema_sp.",0.998978618
"809","fbe54b2bd12c4fcd6ec6691f72b1a3d2","Eukaryota","Alveolata","Dinoflagellata","Dinophyceae",NA,NA,NA,NA,0.999952877
"810","fbffab723fc5a88dc49ed43ef933cf03","Eukaryota","Opisthokonta","Metazoa","Annelida","Annelida_X","Annelida_XX",NA,NA,0.999873095
"811","fc75d0b73ac27e0c421a7059d2d69be5","Eukaryota","Stramenopiles","Pseudofungi","MAST-1","MAST-1C","MAST-1C_X","MAST-1C_XX","MAST-1C_XX_sp.",1
"812","fc8e46ae29628a8a0b678a27a88a298a","Eukaryota","Rhizaria","Cercozoa","Filosa-Thecofilosea","Cryomonadida","Protaspa-lineage",NA,NA,0.992085953
"813","fdb2721b0cfc49b72d516f88cd1c0f4f","Eukaryota",NA,NA,NA,NA,NA,NA,NA,1
"814","fe6762eaa1e979a056fe7543f8def2e1","Eukaryota","Rhizaria","Cercozoa","Filosa-Thecofilosea","Cryomonadida","Protaspa-lineage","Protaspa",NA,0.987782164
"815","fe6b600d426423009515456d90c6a93e","Eukaryota","Stramenopiles","Pseudofungi","Oomycota","Oomycota_X",NA,NA,NA,0.998770726
"816","b7100a405b7e1a7d2d5eaa433ab0d7ff","Eukaryota","Alveolata","Dinoflagellata","Dinophyceae",NA,NA,NA,NA,0.999984617
"817","867f0cd03a8843de6e3a1c5387b3fcce","Eukaryota","Stramenopiles","Ochrophyta","Bacillariophyta","Bacillariophyta_X","Raphid-pennate","Pleurosigma","Pleurosigma_intermedium",0.996509575
"818","2c19b3627a268b01780affe200fc9680","Eukaryota","Hacrobia","Picozoa","Picozoa_X","Picozoa_XX","Picozoa_XXX","Picozoa_XXXX","Picozoa_XXXX_sp.",0.999988762
"819","1ca104ef20950a6562d1e19081112b48","Eukaryota","Alveolata","Dinoflagellata","Dinophyceae","Gymnodiniales","Gymnodiniaceae",NA,NA,0.990107036
"820","98bf2d7041cf2f5eea8d42dafff639c6","Eukaryota","Opisthokonta","Metazoa","Arthropoda","Crustacea","Maxillopoda",NA,NA,0.999999514
"821","f9f5e0e43f8b745a3b15422d4fe38e09","Eukaryota","Opisthokonta","Metazoa","Annelida","Annelida_X","Annelida_XX","Nephtys",NA,0.999978684
"822","c23ea0891ea40c452ce647afd1490c43","Eukaryota","Opisthokonta","Metazoa","Arthropoda","Crustacea","Malacostraca","Thysanoessa",NA,0.996093115
"823","07f7cc8561745d8495a37bd2afe6035c","Eukaryota","Opisthokonta","Fungi","Chytridiomycota","Chytridiomycotina","Chytridiomycetes","Spizellomycetales-and-Rhizophlyctidales","Spizellomycetales-and-Rhizophlyctidales_sp.",0.999998587
"824","73addf2cb4385f9ed8f758a78b6f66ca","Eukaryota","Hacrobia","Haptophyta","Prymnesiophyceae","Phaeocystales","Phaeocystaceae","Phaeocystis","Phaeocystis_sp.",0.978008504
"825","a0d9fcd9c6670b79a95025952c793560","Eukaryota","Opisthokonta","Metazoa","Arthropoda","Crustacea","Maxillopoda",NA,NA,0.999722023
"826","123d91047ddf1cd1c3f3a7ea55d4d948","Eukaryota","Opisthokonta","Metazoa","Annelida","Annelida_X","Annelida_XX","Poecilochaetus","Poecilochaetus_serpens",0.993996238
"827","27ca9f14270d49b79c80b6266e8b433d","Eukaryota","Opisthokonta","Fungi","Ascomycota","Pezizomycotina","Eurotiomycetes","Aspergillus","Aspergillus_versicolor",0.997100067
"828","d7931b804abe8709304de7ffd0015798","Eukaryota","Stramenopiles","Pseudofungi","MAST-1","MAST-1B","MAST-1B_X","MAST-1B_XX","MAST-1B_XX_sp.",0.999995864
"829","5ddac50f50ed9783ebd9a25c9f4d4fe7","Eukaryota","Hacrobia","Haptophyta","Prymnesiophyceae","Phaeocystales","Phaeocystaceae","Phaeocystis",NA,0.99999998
"830","54ef2b0963ff373f267b063106df62d1","Eukaryota","Opisthokonta","Metazoa","Arthropoda","Crustacea","Maxillopoda","Maxillopoda_X","Maxillopoda_X_sp.",0.991163613
"831","befce545824fd9a17f92502b9f3a823b","Eukaryota","Stramenopiles","Opalozoa","MAST-3","MAST-3D","MAST-3D_X","MAST-3D_XX","MAST-3D_XX_sp.",0.999930097
"832","5cdf49639aa987295047e8af2180697a","Eukaryota","Opisthokonta","Metazoa","Arthropoda","Crustacea","Malacostraca","Thysanoessa",NA,0.996093589
"833","9e7a8e3d47eea9cc00bdc6d03d985c9e","Eukaryota","Alveolata","Dinoflagellata","Dinophyceae",NA,NA,NA,NA,0.990533224
"834","b6c4fc7b92f192946217c7405ab6ba82","Eukaryota","Rhizaria","Cercozoa","Filosa-Thecofilosea","Cryomonadida","Cryothecomonas-lineage","Cryothecomonas","Cryothecomonas_sp.",0.999897759
"835","d35a103237ed62ee49b4eb226a645004","Eukaryota","Alveolata","Dinoflagellata","Dinophyceae","Dinophyceae_X","Dinophyceae_XX","Madanidinium","Madanidinium_loirii",0.976258968
"836","7f82c70ee1a7856698efd4bb1ccc9a44","Eukaryota","Opisthokonta","Metazoa","Arthropoda","Crustacea","Maxillopoda",NA,NA,0.999986388
"837","bb61a2e2a16964121f566cfd1f7d5c8f","Eukaryota","Hacrobia","Centroheliozoa","Centroheliozoa_X","Centroheliozoa_XX","Centroheliozoa_XXX","Centroheliozoa_XXXX","Centroheliozoa_XXXX_sp.",0.999972227
"838","dc104a44b7ab923d1f4ee44e8ac1c95b","Eukaryota","Opisthokonta","Metazoa","Annelida","Annelida_X","Annelida_XX","Nephtys",NA,0.999875578
"839","f78fce9266aa1ef6eee418b0984241bb","Eukaryota","Opisthokonta","Metazoa","Chaetognatha","Aphragmophora","Aphragmophora_X","Eukrohnia","Eukrohnia_bathypelagica",0.999998212
"840","e181c908e9ecf4751b78c95e1342c802","Eukaryota","Opisthokonta","Metazoa","Ctenophora","Ctenophora_X","Ctenophora_XX",NA,NA,0.998205734
"841","ea60a16e324ad5b2736276529e31a2a6","Eukaryota","Alveolata","Dinoflagellata","Syndiniales","Dino-Group-I","Dino-Group-I-Clade-1","Dino-Group-I-Clade-1_X","Dino-Group-I-Clade-1_X_sp.",0.999988328
"842","5ebbb8c09bafc61da9fc8c685f9c866b","Eukaryota",NA,NA,NA,NA,NA,NA,NA,1
"843","14bf296cfcfcff4eb63042c4af3a0414","Eukaryota","Alveolata","Dinoflagellata","Dinophyceae",NA,NA,NA,NA,0.988906436
"844","7d368f6892e0cfb18880f0b1e7f2262b","Eukaryota","Stramenopiles","Pseudofungi","MAST-1","MAST-1C","MAST-1C_X","MAST-1C_XX","MAST-1C_XX_sp.",0.999986034
"845","abf5b85dea7eaa901b4c65b9ae5f7cbd","Eukaryota","Stramenopiles","Ochrophyta","Bacillariophyta","Bacillariophyta_X","Polar-centric-Mediophyceae","Chaetoceros","Chaetoceros_socialis",0.99964277
"846","fa152a15b1b02e26242b9847792c0292","Eukaryota","Opisthokonta","Metazoa","Arthropoda","Crustacea","Maxillopoda",NA,NA,0.999997972
"847","fa0e5dcb7e5c07ed31cf33a57ebaee90","Eukaryota","Stramenopiles","Ochrophyta","Bacillariophyta","Bacillariophyta_X",NA,NA,NA,0.990766051
"848","16313c46f1902cbd6f94b3974dc1328a","Eukaryota","Opisthokonta","Metazoa","Arthropoda","Crustacea","Maxillopoda",NA,NA,0.999979942
"849","ca336c2bfda7e22d4ad00a161c9abf15","Eukaryota","Alveolata","Ciliophora","Spirotrichea","Tintinnida","Ptychocylididae","Cymatocylis",NA,0.993280602
"850","54d1c170cff46c810ad3199c69f90877","Eukaryota","Opisthokonta","Metazoa",NA,NA,NA,NA,NA,0.996466538
"851","5c9c5709d972698cc12f668656580391","Eukaryota","Stramenopiles","Sagenista","Labyrinthulomycetes","Labyrinthulales","Labyrinthulaceae","Labyrinthulaceae_X","Labyrinthulaceae_X_sp.",0.99837718
"852","6bc1c829dd15cf518cbb87ff842a52c3","Eukaryota","Alveolata","Dinoflagellata","Dinophyceae",NA,NA,NA,NA,0.997553061
"853","4dd301452330f08522c9c06835f5e376","Eukaryota","Opisthokonta","Metazoa","Chaetognatha","Aphragmophora","Aphragmophora_X","Eukrohnia","Eukrohnia_fowleri",0.988407517
"854","642e592d0634e0aedd26cfc5f5759c6b","Eukaryota","Opisthokonta",NA,NA,NA,NA,NA,NA,0.973938179
"855","a430b549e24ab5e9d294380a890bf596","Eukaryota","Rhizaria","Cercozoa","Filosa-Metromonadea","Metopiida","Metopiidae","Metopion","Metopion_fluens",0.999999994
"856","5a633da577e32877ee3a5ca7864d9952","Eukaryota","Rhizaria","Cercozoa","Endomyxa-Ascetosporea","Paradinida","Paradinidae",NA,NA,0.975786298
"857","79109ca390ea5d381086c481a00dbd41","Eukaryota","Stramenopiles","Ochrophyta","Phaeophyceae","Phaeophyceae_X","Phaeophyceae_XX",NA,NA,0.999999992
"858","680dbc6ebe350cbadbe22c34ca3bd4d0","Eukaryota","Opisthokonta","Metazoa","Arthropoda","Crustacea","Maxillopoda",NA,NA,0.999809767
"859","d1c05f4a69e617cd41e88ad5e9b0fe25","Eukaryota",NA,NA,NA,NA,NA,NA,NA,1
"860","b2f5d3a899794da7c1a174a709b12160","Eukaryota",NA,NA,NA,NA,NA,NA,NA,1
"861","78c875089926e7c4b031dacb9e3a9521","Eukaryota","Rhizaria","Cercozoa","Filosa-Imbricatea","Euglyphida",NA,NA,NA,0.998456238
"862","f1064c24ef8e45128cafb1431c590dfa","Eukaryota","Stramenopiles","Opalozoa","MAST-3","MAST-3E","MAST-3E_X","MAST-3E_XX","MAST-3E_XX_sp.",0.975745239
"863","fbffab723fc5a88dc49ed43ef933cf03","Eukaryota","Opisthokonta","Metazoa","Annelida","Annelida_X","Annelida_XX",NA,NA,0.999873092
"864","f2c5ee254a876a929426d2a79f814e51","Eukaryota","Stramenopiles","Sagenista","Labyrinthulomycetes","Labyrinthulales","Labyrinthulaceae","Aplanochytrium","Aplanochytrium_sp.",0.99902543
"865","ed81db7898397db7a6b11f752a79f80e","Eukaryota","Opisthokonta",NA,NA,NA,NA,NA,NA,0.989243691
"866","1d1b59ce09609dec0f0e82fac8d6cb3f","Eukaryota","Opisthokonta","Metazoa","Arthropoda","Crustacea","Maxillopoda",NA,NA,0.999983603
"867","ba2619d4ed6e7ece98010dbb09c09356","Eukaryota","Opisthokonta","Metazoa","Arthropoda","Crustacea","Maxillopoda",NA,NA,1
"868","4c3810bf08542a7dee6bfb2e528231ba","Eukaryota","Stramenopiles","Ochrophyta","Bacillariophyta","Bacillariophyta_X",NA,NA,NA,0.974395431
"869","8bdbc26f9e505bd02c048bfbfcb52e97","Eukaryota","Hacrobia","Cryptophyta","Cryptophyceae","Cryptomonadales","Cryptomonadales_X","Geminigera","Geminigera_cryophila",0.99864724
"870","ecdfd800c6b3c10af91f2ba4371b7dfe","Eukaryota","Rhizaria","Cercozoa","Filosa-Thecofilosea","Ventricleftida","Ventricleftida_X","Ventricleftida_XX","Ventricleftida_XX_sp.",0.999870191
"871","80fe9ac84f029f2bd6ff3eb745286cea","Eukaryota","Stramenopiles","Ochrophyta","Bacillariophyta","Bacillariophyta_X","Polar-centric-Mediophyceae","Porosira",NA,1
"872","4cf3f90f009be61a4c9c7bbda39cc767","Eukaryota","Stramenopiles","Ochrophyta","Bacillariophyta","Bacillariophyta_X","Polar-centric-Mediophyceae","Ditylum","Ditylum_brightwellii",0.999999731
"873","5c2ff629642d4be096da4c6995148959","Eukaryota","Alveolata","Dinoflagellata","Syndiniales","Dino-Group-II","Dino-Group-II-Clade-1","Dino-Group-II-Clade-1_X","Dino-Group-II-Clade-1_X_sp.",0.98131725
"874","73959b0e6ca0adf96546fb7e6106ce76","Eukaryota","Alveolata","Dinoflagellata","Dinophyceae",NA,NA,NA,NA,0.998228341
"875","89872b75f32e08c4d9a96fa75799f175","Eukaryota","Rhizaria","Cercozoa","Endomyxa-Ascetosporea","Paradinida","Paradinidae","Paradinium","Paradinium_poucheti",0.995108324
"876","5b6ba6964912a8bbd42e0460631313a9","Eukaryota","Stramenopiles","Ochrophyta","Bacillariophyta","Bacillariophyta_X","Radial-centric-basal-Coscinodiscophyceae","Stellarima","Stellarima_microtrias",0.999990281
"877","3cbffa66a57b5dac847eb89897836ef3","Eukaryota","Opisthokonta","Metazoa","Arthropoda","Crustacea","Maxillopoda",NA,NA,0.999998072
"878","a47d1d94e0c94af89007c15e53423a2d","Eukaryota",NA,NA,NA,NA,NA,NA,NA,1
"879","163ca6c6e701d25fcde3c4981688070c","Eukaryota","Rhizaria","Cercozoa","Filosa-Thecofilosea","Filosa-Thecofilosea_X","Mataza-lineage","Mataza-lineage_X","Mataza-lineage_X_sp.",0.996655399
"880","3f51e031ed0d5b2b73d33dfc7a936f10","Eukaryota","Archaeplastida","Chlorophyta","Mamiellophyceae","Mamiellales","Mamiellaceae",NA,NA,0.99986487
"881","ce814467ffb4c41f7459b0fdbbc358a4","Eukaryota","Rhizaria","Cercozoa","Filosa-Thecofilosea","Cryomonadida","Protaspa-lineage","Protaspa-lineage_X","Protaspa-lineage_X_sp.",0.97360899
"882","cfdf910da3eae1d00b717de965d47ea3","Eukaryota","Alveolata","Dinoflagellata","Dinophyceae",NA,NA,NA,NA,0.996396838
"883","782c550d38222bc4472d6a057dce8cef","Eukaryota","Stramenopiles","Ochrophyta","Chrysophyceae","Chrysophyceae_X","Chrysophyceae_Clade-F","Chrysophyceae_Clade-F_X","Chrysophyceae_Clade-F_X_sp.",0.999836627
"884","9dcf1d0038cf87a70f2a21b7c4988f33","Eukaryota","Stramenopiles","Ochrophyta","Bacillariophyta","Bacillariophyta_X","Polar-centric-Mediophyceae","Attheya","Attheya_longicornis",0.999792976
"885","4b95eda66b7d22b6dd1889eab91f248f","Eukaryota","Stramenopiles","Opalozoa","MAST-3","MAST-3J","MAST-3J_X","MAST-3J_XX","MAST-3J_XX_sp.",0.999998119
"886","25d2184eb366cd03e608611f882f9eb5","Eukaryota","Stramenopiles","Ochrophyta","Bacillariophyta","Bacillariophyta_X","Polar-centric-Mediophyceae","Thalassiosira","Thalassiosira_curviseriata",0.997131404
"887","455037e629bbb9bb76d740361744d009","Eukaryota","Stramenopiles","Ochrophyta","Bacillariophyta","Bacillariophyta_X","Radial-centric-basal-Coscinodiscophyceae","Stellarima","Stellarima_microtrias",0.999922402
"888","808d64d4719baf1001af1eb1f56d233f","Eukaryota","Stramenopiles","Ochrophyta","Bacillariophyta","Bacillariophyta_X",NA,NA,NA,0.991309358
"889","8a8c312df797fc7f5888852683c8ecc2","Eukaryota","Alveolata","Dinoflagellata","Syndiniales","Dino-Group-I","Dino-Group-I-Clade-1","Dino-Group-I-Clade-1_X","Dino-Group-I-Clade-1_X_sp.",0.999997784
"890","11e6626bed81cdfcf01e782c9089a002","Eukaryota","Alveolata","Dinoflagellata","Syndiniales","Dino-Group-I","Dino-Group-I-Clade-1","Dino-Group-I-Clade-1_X","Dino-Group-I-Clade-1_X_sp.",0.999999997
"891","404ebe5727089d7916b9920c1c95e6ec","Eukaryota","Stramenopiles","Ochrophyta","Bacillariophyta","Bacillariophyta_X","Raphid-pennate","Pleurosigma","Pleurosigma_intermedium",0.996908973
"892","be516739736f94a99d0d9864de630ef2","Eukaryota","Stramenopiles",NA,NA,NA,NA,NA,NA,0.996141515
"893","c8cf94dc432bfe5287677f834cd9d8b0","Eukaryota","Opisthokonta","Metazoa","Arthropoda","Crustacea","Maxillopoda","Archinotodelphys","Archinotodelphys_sp.",0.984159712
"894","5773f5ff0d2e298ee4df705b7bad9045","Eukaryota","Rhizaria","Cercozoa","Filosa-Imbricatea","Thaumatomonadida","Thaumatomonadida_X","Thaumatomonadida_XX","Thaumatomonadida_XX_sp.",0.983765938
"895","67b92b0bcdf6b045ea5c073cf9482231","Eukaryota","Rhizaria","Cercozoa","Filosa-Granofilosea","Cryptofilida","Nanofilidae","Nanofila","Nanofila_sp.",0.999999997
"896","746447247cb46122919fb970df268618","Eukaryota","Rhizaria","Cercozoa","Filosa-Thecofilosea","Cryomonadida","Cryothecomonas-lineage","Cryothecomonas","Cryothecomonas_aestivalis",0.970924156
"897","fc0f8a4e839f61a27687fdeb851f5bd0","Eukaryota","Alveolata","Ciliophora","Spirotrichea","Strombidiida_B","Strombidiida_B_X","Strombidiida_B_XX","Strombidiida_B_XX_sp.",0.999970238
"898","3ac005340b31e7ae071b5ecb6eaac0bc","Eukaryota","Hacrobia","Telonemia","Telonemia_X","Telonemia_XX","Telonemia-Group-2","Telonema-Group-2","Telonema_antarcticum",0.999959158
"899","1ab1e34c54672168215c823290f49b66","Eukaryota","Opisthokonta","Metazoa","Arthropoda","Crustacea","Maxillopoda",NA,NA,0.999994091
"900","4de20ffd54c953d73bd6641a7359f1c2","Eukaryota","Stramenopiles","Ochrophyta","Bacillariophyta","Bacillariophyta_X","Polar-centric-Mediophyceae","Chaetoceros","Chaetoceros_debilis_2",0.999999829
"901","6cf717c8929e8c0371864c0d173587d1","Eukaryota","Stramenopiles","Ochrophyta","Bacillariophyta","Bacillariophyta_X","Polar-centric-Mediophyceae","Thalassiosira","Thalassiosira_delicatula",0.992155342
"902","ddf3db29d1a3452bfeda145dd2c086d5","Eukaryota",NA,NA,NA,NA,NA,NA,NA,1
"903","b1ec529d15059d0b16f270d90a19ff20","Eukaryota","Stramenopiles","Ochrophyta","Bacillariophyta","Bacillariophyta_X","Raphid-pennate","Pseudo-nitzschia","Pseudo-nitzschia_australis",0.988780594
"904","2dff17a35869f242a9d95e7b7fabe49f","Eukaryota","Stramenopiles","Ochrophyta","Phaeophyceae","Phaeophyceae_X","Phaeophyceae_XX","Ectocarpus",NA,0.999987044
"905","e13a80651727e28da4fe731a2f65080c","Eukaryota","Opisthokonta","Metazoa","Arthropoda","Crustacea","Maxillopoda",NA,NA,0.99999997
"906","8b6bdd2e337b278178ace34dc0436e03","Eukaryota",NA,NA,NA,NA,NA,NA,NA,1
"907","1b3b646ba001fa70f36b498be973b2d8","Eukaryota","Hacrobia","Centroheliozoa","Centroheliozoa_X",NA,NA,NA,NA,0.996598458
"908","0ed62ee3c91852d99358c551c75453f9","Eukaryota","Opisthokonta","Fungi","Basidiomycota","Pucciniomycotina",NA,NA,NA,0.999999994
"909","938a6d67ebfd75ec092f52c3f1ed2c26","Eukaryota","Rhizaria","Cercozoa","Filosa-Thecofilosea","Ventricleftida","CCW10-lineage","CCW10-lineage_X","CCW10-lineage_X_sp.",1
"910","e08af3753861f96988337935d07b3236","Eukaryota","Opisthokonta","Metazoa","Arthropoda","Crustacea","Maxillopoda",NA,NA,0.999986562
"911","9f77a5cbdafded169cc596e192ce8ae7","Eukaryota","Archaeplastida","Chlorophyta","Ulvophyceae","Ulvales-relatives","Ulvales-relatives_X",NA,NA,0.998747652
"912","48e8613a71fab070f08617159ead6751","Eukaryota","Opisthokonta","Metazoa","Arthropoda","Crustacea","Malacostraca","Thysanoessa",NA,0.996875137
"913","ee5af280f5dc275386f13e7857f706e3","Eukaryota",NA,NA,NA,NA,NA,NA,NA,1
"914","006994612f4b5b8bb69b0b1b78dab1d4","Eukaryota","Opisthokonta","Fungi",NA,NA,NA,NA,NA,0.999667676
"915","1f3505988c38a49d5a6be02c098acfdb","Eukaryota","Hacrobia","Centroheliozoa","Centroheliozoa_X","Centroheliozoa_XX","Centroheliozoa_XXX","Centroheliozoa_XXXX","Centroheliozoa_XXXX_sp.",0.970407419
"916","2b2feff8993b8ba94c169ee8aa632b64","Eukaryota","Alveolata","Dinoflagellata","Dinophyceae","Gymnodiniales","Gymnodiniaceae","Gymnodinium","Gymnodinium_sp.",0.992265767
"917","4a78fa640bbce86204103a2fcc646129","Eukaryota","Rhizaria","Cercozoa","Filosa-Thecofilosea","Ventricleftida","Ventricleftida_X","Ventricleftida_XX","Ventricleftida_XX_sp.",0.999999672
"918","f5835ff7ad34ff2efac6bf13c47dd2bb","Eukaryota","Alveolata","Dinoflagellata","Syndiniales","Dino-Group-III","Dino-Group-III_X","Dino-Group-III_XX","Dino-Group-III_XX_sp.",0.999985922
"919","289234fc2c91bb63b2957dc8b176cdde","Eukaryota","Hacrobia","Centroheliozoa","Centroheliozoa_X",NA,NA,NA,NA,0.987432072
"920","2fb5deede61d7a9f77b6d7355535429b","Eukaryota","Stramenopiles","Ochrophyta","Bacillariophyta","Bacillariophyta_X","Polar-centric-Mediophyceae","Arcocellulus","Arcocellulus_cornucervis",0.991515573
"921","fe430561a6ade6538b856612de1de3e9","Eukaryota","Opisthokonta","Metazoa","Annelida","Annelida_X","Annelida_XX",NA,NA,0.999999756
"922","86358750d61d9b9d7c4f3b2f48c17b74","Eukaryota","Opisthokonta","Metazoa",NA,NA,NA,NA,NA,0.999846196
"923","187ac8f6ed9dfc6744eeae713dd36031","Eukaryota","Alveolata","Dinoflagellata","Syndiniales","Dino-Group-II","Dino-Group-II-Clade-13","Dino-Group-II-Clade-13_X","Dino-Group-II-Clade-13_X_sp.",0.983620573
"924","519fd0cb22c61795277b51630556680d","Eukaryota","Alveolata","Dinoflagellata","Syndiniales","Dino-Group-I","Dino-Group-I-Clade-1","Dino-Group-I-Clade-1_X","Dino-Group-I-Clade-1_X_sp.",0.99996974
"925","b33ff7ff21e746e35a004af2e629cabf","Eukaryota","Hacrobia","Centroheliozoa","Centroheliozoa_X",NA,NA,NA,NA,0.999888645
"926","9e3f4a812f06a5550e1c0cf6668665d4","Eukaryota","Opisthokonta","Fungi",NA,NA,NA,NA,NA,0.980978769
"927","6fc96a1dfd76b4ae0d6113a02797e743","Eukaryota","Opisthokonta","Metazoa","Arthropoda","Crustacea","Maxillopoda",NA,NA,0.999999191
"928","79cf728e9a68dc17eaa49a62c7115be3","Eukaryota","Stramenopiles","Ochrophyta","Chrysophyceae","Chrysophyceae_X","Chrysophyceae_Clade-H","Chrysophyceae_Clade-H_X","Chrysophyceae_Clade-H_X_sp.",0.999999998
"929","1235dafaea5acfbab8c1797d5fc4b456","Eukaryota",NA,NA,NA,NA,NA,NA,NA,1
"930","5b2697c2fe85ad0f434e01c5ddcf5033","Eukaryota","Stramenopiles","Ochrophyta","Bacillariophyta","Bacillariophyta_X",NA,NA,NA,0.996320095
"931","1c28c8444ff34a8ae239fddc84dd2c89","Eukaryota","Opisthokonta","Metazoa","Annelida","Annelida_X","Annelida_XX",NA,NA,0.999998205
"932","aa207e73cf6f7417761a46c8c1014a61","Eukaryota","Rhizaria","Cercozoa","Filosa-Thecofilosea","Cryomonadida","Cryomonadida_X","Cryomonadida_XX","Cryomonadida_XX_sp.",0.99992196
"933","2e7450749457eb1e6f6738d4037ddc45","Eukaryota",NA,NA,NA,NA,NA,NA,NA,1
"934","e8bff7d4f1f7f2babec7b366ea71adb2","Eukaryota","Alveolata","Dinoflagellata","Dinophyceae",NA,NA,NA,NA,0.998586817
"935","0774f1391402f044b4fafa9c21a899a7","Eukaryota","Rhizaria","Cercozoa","Filosa-Thecofilosea","Ventricleftida","CCW10-lineage","CCW10-lineage_X","CCW10-lineage_X_sp.",0.999997137
"936","2ae97c7edd79e5442a63790f2b412da6","Eukaryota",NA,NA,NA,NA,NA,NA,NA,1
"937","fe4ff3b5f09983b3d143f9eb8bad1bff","Eukaryota","Opisthokonta","Metazoa","Annelida","Annelida_X","Annelida_XX","Caulleriella","Caulleriella_parva",0.999830827
"938","d1e57ea1c3d0d67f07e621a819003f0b","Eukaryota",NA,NA,NA,NA,NA,NA,NA,1
"939","ed466b0fac6013b5911421be4c137adc","Eukaryota","Opisthokonta",NA,NA,NA,NA,NA,NA,0.999085841
"940","a46ea91a402bea983065c9df23c939e6","Eukaryota","Opisthokonta","Metazoa","Mollusca","Bivalvia","Heteroconchia",NA,NA,1
"941","a1329c2b39a31e7d9e7399e2e075da65","Eukaryota",NA,NA,NA,NA,NA,NA,NA,1
"942","11f537d4e65dba2c8b781fe3f8b8bdab","Eukaryota","Stramenopiles","Ochrophyta","Bacillariophyta","Bacillariophyta_X",NA,NA,NA,0.999950762
"943","a4b1d689cd473e003c22a89212d640cb","Eukaryota","Opisthokonta","Metazoa","Arthropoda","Crustacea","Maxillopoda","Maxillopoda_X","Maxillopoda_X_sp.",0.992514002
"944","d6c5af9ff346e4e774b6656facacc462","Eukaryota","Archaeplastida","Chlorophyta","Mamiellophyceae","Mamiellales","Bathycoccaceae","Bathycoccus","Bathycoccus_prasinos",0.999996293
"945","7af90e2e10a9d7cba274120ed4d4ed18","Eukaryota","Alveolata","Dinoflagellata","Syndiniales","Dino-Group-I","Dino-Group-I-Clade-4","Dino-Group-I-Clade-4_X","Dino-Group-I-Clade-4_X_sp.",0.997385853
"946","88b95fb8a468016b87bfc27239a59ef3","Eukaryota","Rhizaria","Cercozoa","Filosa-Imbricatea","Thaumatomonadida","Thaumatomonadida_X","Thaumatomonadida_XX","Thaumatomonadida_XX_sp.",0.999919165
"947","51e97668c528db3e68e281f0fb8908ae","Eukaryota","Opisthokonta","Metazoa","Annelida","Annelida_X","Annelida_XX","Kefersteinia","Kefersteinia_cirrata",0.995435283
"948","ce036108ba9fe431322ded28d055fa79","Eukaryota","Alveolata","Dinoflagellata","Syndiniales","Dino-Group-I","Dino-Group-I-Clade-1","Dino-Group-I-Clade-1_X","Dino-Group-I-Clade-1_X_sp.",0.999998312
"949","fb784b6c7ac65fde9a08fb321c77dce8","Eukaryota","Rhizaria","Cercozoa","Chlorarachniophyceae","Chlorarachniophyceae_X","LC104-lineage","LC104-lineage_X","LC104-lineage_X_sp.",0.99973027
"950","b21434e6c33ccc4d70d52a4bd7edd604","Eukaryota","Stramenopiles","Ochrophyta","Bacillariophyta","Bacillariophyta_X","Polar-centric-Mediophyceae","Chaetoceros","Chaetoceros_socialis",0.999999285
"951","d36e90fb3e342f7b594b86645e139fa0","Eukaryota","Alveolata","Dinoflagellata","Syndiniales","Dino-Group-II","Dino-Group-II-Clade-10-and-11","Dino-Group-II-Clade-10-and-11_X","Dino-Group-II-Clade-10-and-11_X_sp.",0.997510423
"952","199aa75731ac706e0ade8b147fcfc2cc","Eukaryota",NA,NA,NA,NA,NA,NA,NA,1
"953","eace0c7cbea5d605858ea336e4212baa","Eukaryota","Opisthokonta","Metazoa","Arthropoda","Crustacea","Malacostraca",NA,NA,0.996626126
"954","9506b4f2275d011170865c6270d7d68e","Eukaryota",NA,NA,NA,NA,NA,NA,NA,1
"955","fe6b600d426423009515456d90c6a93e","Eukaryota","Stramenopiles","Pseudofungi","Oomycota","Oomycota_X",NA,NA,NA,0.998770544
"956","d50b1ca8bb5a205f1250de7bd6001177","Eukaryota","Hacrobia","Haptophyta","Prymnesiophyceae","Prymnesiales","Chrysochromulinaceae","Chrysochromulina","Chrysochromulina_scutellum",0.99913921
"957","d8c20549c9bcd3a7f147212170a92805","Eukaryota","Rhizaria","Cercozoa","Filosa-Thecofilosea","Ebriida","Ebriidae","Ebria","Ebria_tripartita",0.999794921
"958","17d09ca2ccf272fc736acac5fd1099bb","Eukaryota","Opisthokonta","Fungi",NA,NA,NA,NA,NA,0.999770196
"959","15a587ca36436be508abbcba69c0cf55","Eukaryota","Alveolata","Dinoflagellata","Syndiniales","Dino-Group-II","Dino-Group-II-Clade-1","Dino-Group-II-Clade-1_X","Dino-Group-II-Clade-1_X_sp.",0.998884258
"960","abd887917a7732d5c3c357d2048f5c48","Eukaryota","Opisthokonta","Fungi","Basidiomycota","Agaricomycotina","Tremellomycetes",NA,NA,0.999993972
"961","10bc52af87c72dd814380ae0b57d9bef","Eukaryota","Rhizaria","Radiolaria","RAD-B","RAD-B_X","RAD-B-Group-I","RAD-B-Group-I_X","RAD-B-Group-I_X_sp.",0.999998154
"962","8866815446c78a663753e58851983dc2","Eukaryota",NA,NA,NA,NA,NA,NA,NA,1
"963","bb34ffcefde0664c2f8134f1d8d89c2d","Eukaryota","Excavata","Discoba","Euglenozoa","Diplonemea","Diplonemida","Diplonema",NA,0.995529578
"964","9e83cb2cbe6b616a9aab0034d87bf81f","Eukaryota","Opisthokonta","Metazoa","Annelida","Annelida_X","Annelida_XX","Sabella","Sabella_spallanzanii",0.982633586
"965","b4d48545a48bfb2b40d746c6c681b78a","Eukaryota","Opisthokonta","Metazoa","Gastrotricha","Gastrotricha_X","Gastrotricha_XX",NA,NA,0.987760765
"966","e406af341b188f7e94eb3f109bc83d34","Eukaryota",NA,NA,NA,NA,NA,NA,NA,1
"967","a154cbf4a4f3350e9909d780d0c29c56","Eukaryota","Opisthokonta","Fungi","Ascomycota","Pezizomycotina","Eurotiomycetes","Phialophora","Phialophora_sp.",0.999997521
"968","4a4528635350fac0a0c3a8175d658451","Eukaryota","Rhizaria","Cercozoa","Filosa-Granofilosea","Filosa-Granofilosea_X","he2-lineage","he2-lineage_X","he2-lineage_X_sp.",0.999999999
"969","03512f929c7a9ce61d6ccb6da8cc9c64","Eukaryota",NA,NA,NA,NA,NA,NA,NA,1
"970","1837507263a06952752b661e369e2ee7","Eukaryota","Rhizaria","Cercozoa","Filosa-Thecofilosea","Cryomonadida","Protaspa-lineage","Protaspa-lineage_X","Protaspa-lineage_X_sp.",0.999673334
"971","ea683ec15d81e6fb45dc44faa5047ece","Eukaryota",NA,NA,NA,NA,NA,NA,NA,1
"972","75339a58112b885f0d9aeca9db75103a","Eukaryota","Archaeplastida","Rhodophyta","Florideophyceae","Ceramiales","Ceramiaceae","Ceramium","Ceramium_rubrum",0.999994948
"973","b42a2b4bef62a3022b59c81979b47726","Eukaryota","Opisthokonta","Metazoa","Arthropoda","Crustacea","Maxillopoda",NA,NA,0.995184139
"974","c61ed520b3d70de264ce5e522e14a724","Eukaryota","Opisthokonta","Metazoa","Arthropoda","Crustacea","Maxillopoda",NA,NA,0.999999063
"975","baf518ad74969a9bccba41cd5046ea9b","Eukaryota","Stramenopiles","Ochrophyta","Chrysophyceae","Chrysophyceae_X","Chrysophyceae_Clade-F","Paraphysomonas","Paraphysomonas_sp.",0.970365026
"976","e464226c9802ee3d5eb39b9d70e549b6","Eukaryota","Opisthokonta","Metazoa","Arthropoda","Crustacea","Maxillopoda",NA,NA,0.999997383
"977","5200bcb66b39e2b608e8b29437990fab","Eukaryota","Stramenopiles","Ochrophyta","Chrysophyceae","Chrysophyceae_X","Chrysophyceae_Clade-I","Chrysophyceae_Clade-I_X","Chrysophyceae_Clade-I_X_sp.",0.999999999
"978","0c8fe7366cad962ebecdaeefb94fb8e6","Eukaryota","Alveolata","Dinoflagellata","Syndiniales","Dino-Group-II","Dino-Group-II-Clade-6","Dino-Group-II-Clade-6_X","Dino-Group-II-Clade-6_X_sp.",0.997651872
"979","91f6ab1880be8b7be2433b53037270f4","Eukaryota","Alveolata","Apicomplexa","Gregarinomorphea","Gregarines_GRE6","Gregarines_GRE6_X","Gregarines_GRE6_XX","Gregarines_GRE6_XX_sp.",1
"980","4ec5db8801b39f227634957ceebe0f97","Eukaryota","Stramenopiles","Ochrophyta","Bacillariophyta","Bacillariophyta_X",NA,NA,NA,0.973978418
"981","33d50379701f392d45f83b6d7e424992","Eukaryota","Alveolata","Dinoflagellata","Syndiniales","Dino-Group-I","Dino-Group-I-Clade-4","Dino-Group-I-Clade-4_X","Dino-Group-I-Clade-4_X_sp.",0.999999957
"982","44ec5b6cd5aeb96e63a0d7035937a99e","Eukaryota",NA,NA,NA,NA,NA,NA,NA,1
"983","56fed5851bccd156ce3446fa560c9fc9","Eukaryota",NA,NA,NA,NA,NA,NA,NA,1
"984","c84934d27482f7e2669d06922df2de07","Eukaryota",NA,NA,NA,NA,NA,NA,NA,1
"985","83580e8f95033864e6f30b5c6d891d81","Eukaryota","Opisthokonta",NA,NA,NA,NA,NA,NA,0.998826247
"986","eaf032698defbd35860427d6393385c0","Eukaryota",NA,NA,NA,NA,NA,NA,NA,1
"987","1dc00cc0ba9804e357ebf1a47e51f05e","Eukaryota","Opisthokonta","Choanoflagellida","Choanoflagellatea","Acanthoecida","Acanthoecidae_Group_G","Acanthoecidae_Group_G_X","Acanthoecidae_Group_G_X_sp.",0.9995942
"988","c0aa10757aa356dd270f4b86644911e7","Eukaryota","Alveolata","Dinoflagellata","Syndiniales","Dino-Group-II","Dino-Group-II-Clade-8","Dino-Group-II-Clade-8_X","Dino-Group-II-Clade-8_X_sp.",0.999999289
"989","b58964c8ff28020a14eaf92714a28420","Eukaryota",NA,NA,NA,NA,NA,NA,NA,1
"990","2bf7bbff3c81b195bb1838ee98d62da2","Eukaryota","Opisthokonta","Metazoa",NA,NA,NA,NA,NA,0.998717172
"991","e8ae1bbcf02b799ac313d847fea50240","Eukaryota",NA,NA,NA,NA,NA,NA,NA,1
"992","bf0841a34ba590543801b9c556e69970","Eukaryota","Stramenopiles","Ochrophyta","Bacillariophyta","Bacillariophyta_X","Polar-centric-Mediophyceae","Porosira",NA,1
"993","83a03923c3309c3812ea75f66dfc8e86","Eukaryota","Stramenopiles","Ochrophyta","Bacillariophyta","Bacillariophyta_X","Polar-centric-Mediophyceae","Chaetoceros",NA,0.999999825
"994","915f3d7fa6b6ad0b15542a7987fa95c3","Eukaryota","Alveolata","Dinoflagellata","Dinophyceae",NA,NA,NA,NA,0.999843262
"995","44ff1847db0fd66db58b0bf2934eb1d5","Eukaryota","Stramenopiles","Ochrophyta","Bacillariophyta","Bacillariophyta_X","Radial-centric-basal-Coscinodiscophyceae","Stellarima","Stellarima_microtrias",0.999980494
"996","cf7d6062d57f5919cac2af3d59d30b27","Eukaryota","Stramenopiles","Ochrophyta","Bacillariophyta","Bacillariophyta_X","Araphid-pennate",NA,NA,0.995473674
"997","cb59dfbd0afe035cce115679cd2dc4fd","Eukaryota","Alveolata","Dinoflagellata","Dinophyceae","Suessiales","Symbiodiniaceae","Effrenium","Effrenium_sp.",0.987485415
"998","039a44f7c456a8d518a656d4bddb3594","Eukaryota","Stramenopiles","Ochrophyta","Bacillariophyta","Bacillariophyta_X","Polar-centric-Mediophyceae","Odontella","Odontella_sinensis",0.983605988
"999","683e0a6d1346556f20c56daeeeeff403","Eukaryota","Stramenopiles","Ochrophyta","Bacillariophyta","Bacillariophyta_X","Polar-centric-Mediophyceae",NA,NA,0.999299717
"1000","07000bb9be62b512d65c40eace3afffe","Eukaryota","Opisthokonta","Metazoa","Arthropoda","Crustacea","Maxillopoda",NA,NA,1
"1001","c8c5785f00a0b5668dbd8fe32587f067","Eukaryota","Alveolata","Dinoflagellata","Dinophyceae",NA,NA,NA,NA,0.999989088
"1002","d7ad9642d6f3a9ee93eed3f9c0070ae5","Eukaryota","Stramenopiles","Opalozoa","Bicoecea","Anoecales","Cafeteriaceae","Cafeteria","Cafeteria_burkhardae",0.992858961
"1003","64a0042ae17d63a5a7f870c34f10b6f8","Eukaryota","Alveolata","Dinoflagellata","Dinophyceae","Peridiniales","Protoperidiniaceae","Protoperidinium","Protoperidinium_sp.",0.999999538
"1004","68458d3c81983343b4fd2b9391d7f471","Eukaryota","Archaeplastida","Chlorophyta","Pyramimonadophyceae","Pyramimonadales","Pyramimonadales_X","Cymbomonas","Cymbomonas_tetramitiformis",0.999982189
"1005","d454c9fa1f2f2451b861103f470ef233","Eukaryota","Opisthokonta","Choanoflagellida","Choanoflagellatea","Acanthoecida","Stephanoecidae_Group_D","Stephanoecidae_Group_D_X","Stephanoecidae_Group_D_X_sp.",0.999999993
"1006","005130ccb29f1d68c32426da26a4d5c8","Eukaryota","Stramenopiles","Ochrophyta","Bacillariophyta","Bacillariophyta_X","Polar-centric-Mediophyceae","Shionodiscus","Shionodiscus_ritscheri",0.975237848
"1007","83866f324e2d4a759347ff72721f3af3","Eukaryota","Stramenopiles","Ochrophyta","Bacillariophyta","Bacillariophyta_X","Polar-centric-Mediophyceae","Chaetoceros","Chaetoceros_socialis",0.999990983
"1008","ee848a971b0371cc3626590c1a88d967","Eukaryota","Rhizaria","Cercozoa","Chlorarachniophyceae","Chlorarachniophyceae_X","NPK2-lineage","NPK2-lineage_X","NPK2-lineage_X_sp.",1
"1009","b405eb4fe3bcc3e69ebc68d1c2913b9a","Eukaryota","Alveolata","Dinoflagellata","Dinophyceae","Gymnodiniales","Gymnodiniaceae","Margalefidinium","Margalefidinium_fulvescens",1
"1010","bfba66b3999b29085e9199a2b3ffb065","Eukaryota","Stramenopiles","Ochrophyta","Bacillariophyta","Bacillariophyta_X",NA,NA,NA,0.999996512
"1011","7e7a68791dc102b1ecbcab850ec35422","Eukaryota","Excavata","Discoba","Euglenida","Euglenophyceae","Eutreptiidae","Eutreptiella","Eutreptiella_gymnastica",1
"1012","286d0a7b136ce52d173a14a049bc850a","Eukaryota","Stramenopiles","Ochrophyta","Bacillariophyta","Bacillariophyta_X","Polar-centric-Mediophyceae","Eucampia",NA,0.999517537
"1013","4bdd337dc496d45cfd1f62f0cd51b8d1","Eukaryota","Stramenopiles","Sagenista","Labyrinthulomycetes","Labyrinthulida","Labyrinthulaceae","Aplanochytrium","Aplanochytrium_sp.",0.999999928
"1014","3ca77036d68c9c4f4024b067f650207e","Eukaryota","Opisthokonta",NA,NA,NA,NA,NA,NA,0.979967738
"1015","0a500cbc11fcbadc57bb188f4c98c1e8","Eukaryota","Stramenopiles","Ochrophyta","Bacillariophyta","Bacillariophyta_X","Polar-centric-Mediophyceae","Porosira","Porosira_sp.",0.984457054
"1016","d9514504f3bde20a330f47926cdd3751","Eukaryota","Stramenopiles","Ochrophyta","Bacillariophyta","Bacillariophyta_X",NA,NA,NA,0.999860905
"1017","01a0c8ab5b3802145c61994d4b5c359d","Eukaryota","Alveolata","Dinoflagellata","Dinophyceae",NA,NA,NA,NA,0.999154544
"1018","e4fe00a262c34aae5094a38778b7d65b","Eukaryota","Stramenopiles","Ochrophyta","Bacillariophyta","Bacillariophyta_X","Raphid-pennate","Pseudo-nitzschia",NA,0.999305884
"1019","bf678cdc941556550e2d14656ed0a220","Eukaryota","Alveolata","Dinoflagellata","Dinophyceae",NA,NA,NA,NA,0.999797252
"1020","531bb5f1c47ce0b381beaaf1501c0039","Eukaryota","Stramenopiles",NA,NA,NA,NA,NA,NA,0.997342222
"1021","06fba64c59aed2da0eae4a042cb10695","Eukaryota","Stramenopiles","Ochrophyta","Bacillariophyta","Bacillariophyta_X",NA,NA,NA,0.97072905
"1022","c7b63e9dfba30858bfda71d3311e0d5d","Eukaryota","Hacrobia","Cryptophyta","Cryptophyceae","Cryptomonadales","Cryptomonadales_X","Geminigera","Geminigera_cryophila",0.997330042
"1023","698738ea088ad7b04d8bb08a685c0e28","Eukaryota","Stramenopiles","Ochrophyta","Pelagophyceae","Pelagomonadales","Pelagomonadaceae","Pelagococcus","Pelagococcus_subviridis",0.99981199
"1024","aa8f6e9cc6f7e02a7dc8ebf2dde86299","Eukaryota","Stramenopiles","Ochrophyta","Chrysophyceae","Chrysophyceae_X","Chrysophyceae_Clade-C",NA,NA,0.99996131
"1025","e4d96b874c8d4a469c75a60d9c8e82e0","Eukaryota","Alveolata","Dinoflagellata","Dinophyceae","Gymnodiniales","Gymnodiniaceae","Gymnodinium","Gymnodinium_sp.",0.992374953
"1026","718bce57bbd2247883aa04d493fcad7a","Eukaryota","Rhizaria","Cercozoa","Filosa-Thecofilosea","Cryomonadida","Protaspa-lineage","Protaspa-lineage_X","Protaspa-lineage_X_sp.",0.999999279
"1027","f69f1469cb67fab50ce5e8101a46270e","Eukaryota","Alveolata","Dinoflagellata","Dinophyceae",NA,NA,NA,NA,0.99934748
"1028","e2e5f91ce91bdc3b1167605d4c5aa521","Eukaryota","Opisthokonta","Metazoa","Cnidaria","Cnidaria_X","Hydrozoa","Hydrozoa_X","Hydrozoa_X_sp.",0.999765041
"1029","75380b78d9f38ef8882e7d5e6d926604","Eukaryota","Alveolata","Dinoflagellata","Dinophyceae","Gymnodiniales","Gymnodiniaceae","Gymnodinium","Gymnodinium_sp.",0.991097919
"1030","035c9a98545e4080e7f89a9fc2c493b6","Eukaryota","Stramenopiles","Pseudofungi","MAST-1","MAST-1A","MAST-1A_X","MAST-1A_XX","MAST-1A_XX_sp.",1
"1031","b08aa1a3adc92ac1f36860e828a1a332","Eukaryota","Stramenopiles","Ochrophyta","Bacillariophyta","Bacillariophyta_X","Polar-centric-Mediophyceae","Skeletonema",NA,0.999441111
"1032","4cd8428ea6c4e43cea1e82374c94a8e8","Eukaryota","Opisthokonta","Metazoa","Arthropoda","Crustacea","Maxillopoda","Clausocalanus","Clausocalanus_furcatus",0.999936632
"1033","a926d6db6d4f53aec4251030654f8220","Eukaryota","Rhizaria","Cercozoa","Filosa-Imbricatea","Filosa-Imbricatea_X","Novel-clade-2","Novel-clade-2_X","Novel-clade-2_X_sp.",0.999999994
"1034","9093d1fa0bcf14e816c37212e4756f87","Eukaryota","Alveolata","Ciliophora","Spirotrichea","Strombidiida","Tontoniidae_A","Laboea",NA,0.999999635
"1035","c0c1bd426bc73ee6b6a53cf048ba70e5","Eukaryota","Alveolata","Dinoflagellata","Dinophyceae",NA,NA,NA,NA,0.98573842
"1036","638435f2c45675b19c1882efe6a8c166","Eukaryota","Opisthokonta","Metazoa","Arthropoda","Crustacea","Maxillopoda",NA,NA,0.999999995
"1037","f77df380d304205300b466f82b09f4d0","Eukaryota","Opisthokonta","Metazoa","Annelida","Annelida_X","Annelida_XX",NA,NA,0.999999916
"1038","2b2b2c64407a2e25a6c259b052e7b1ec","Eukaryota","Opisthokonta",NA,NA,NA,NA,NA,NA,0.980096342
"1039","a681f9622f47f82a1d4a468bb4376d14","Eukaryota","Alveolata","Ciliophora","Spirotrichea",NA,NA,NA,NA,0.999999787
"1040","d9fba6377f54ac59eb080a698fb80b5a","Eukaryota","Stramenopiles","Ochrophyta","Bacillariophyta","Bacillariophyta_X","Radial-centric-basal-Coscinodiscophyceae","Proboscia","Proboscia_alata",0.999999861
"1041","b67b3c1b68a730720e953b957e113ac7","Eukaryota",NA,NA,NA,NA,NA,NA,NA,0.999951524
"1042","829dc0f4b94c32ea73c1faa23dc6d1c8","Eukaryota",NA,NA,NA,NA,NA,NA,NA,0.995078288
"1043","dc465ea549026b9a8cc41bd7c3345aad","Eukaryota","Hacrobia","Telonemia","Telonemia_X","Telonemia_XX","Telonemia-Group-1","Telonemia-Group-1_X","Telonemia-Group-1_X_sp.",1
"1044","d9b9f6995e25413cb7adcacce3e501ba","Eukaryota","Stramenopiles","Opalozoa","MAST-3","MAST-3J","MAST-3J_X","MAST-3J_XX","MAST-3J_XX_sp.",0.993995629
"1045","8889aa150e4474016dd5443a69cd5e0b","Eukaryota","Hacrobia","Telonemia","Telonemia_X","Telonemia_XX","Telonemia-Group-1","Telonemia-Group-1_X","Telonemia-Group-1_X_sp.",0.999999913
"1046","8fd6d889852840ef8c8863cebdc14d10","Eukaryota","Stramenopiles","Ochrophyta","Bacillariophyta","Bacillariophyta_X","Polar-centric-Mediophyceae","Chaetoceros","Chaetoceros_debilis_2",1
"1047","6d2848220b25d52137b36be6a85c69d9","Eukaryota","Stramenopiles","Ochrophyta","Bacillariophyta","Bacillariophyta_X","Raphid-pennate","Pseudo-nitzschia","Pseudo-nitzschia_australis",0.993158636
"1048","14d6921f8bc3cf5beeb7e09e97590b44","Eukaryota","Stramenopiles","Ochrophyta","Bacillariophyta","Bacillariophyta_X","Polar-centric-Mediophyceae","Thalassiosira","Thalassiosira_hispida",0.999734911
"1049","20a94c4e37c85e8085b16fb3a4086e25","Eukaryota","Stramenopiles","Sagenista","Labyrinthulomycetes","Thraustochytrida","Thraustochytriaceae","Thraustochytriaceae_LAB17","Thraustochytriaceae_LAB17_sp.",0.979351712
"1050","afe47e00a37851de47de8eb1cbed8d2b","Eukaryota","Stramenopiles","Sagenista","MAST-6","MAST-6_X","MAST-6_XX","MAST-6_XXX","MAST-6_XXX_sp.",0.999999701
"1051","a1064882696f77a9bfb220b6f1db9b20","Eukaryota","Alveolata","Dinoflagellata","Dinophyceae","Peridiniales","Amphidiniopsidaceae","Islandinium","Islandinium_tricingulatum",0.988779702
"1052","928371a2f97bb272473c6fd6d0af2b12","Eukaryota","Stramenopiles","Ochrophyta","Bacillariophyta","Bacillariophyta_X","Polar-centric-Mediophyceae","Chaetoceros","Chaetoceros_rostratus",0.999346437
"1053","a6c8bbe46a88e377ed5d3c04bab4bae9","Eukaryota","Alveolata",NA,NA,NA,NA,NA,NA,0.999991416
"1054","e3f6dc1263c4774b640a86280ae8ea57","Eukaryota","Alveolata","Dinoflagellata","Syndiniales","Dino-Group-I","Dino-Group-I-Clade-1","Dino-Group-I-Clade-1_X","Dino-Group-I-Clade-1_X_sp.",0.99999811
"1055","699d96446d6710f96452c2a6e50f9d5e","Eukaryota","Stramenopiles","Ochrophyta","Bacillariophyta","Bacillariophyta_X","Polar-centric-Mediophyceae","Hemiaulus","Hemiaulus_sinensis",0.998451823
"1056","a02cd9853c8ec0e3bdd521272e62458f","Eukaryota","Stramenopiles","Ochrophyta","Bacillariophyta","Bacillariophyta_X",NA,NA,NA,0.999983969
"1057","4b9e1532598264eb2bf86a62f58ed32a","Eukaryota","Stramenopiles","Ochrophyta","Pelagophyceae","Pelagomonadales","Pelagomonadales_clade_A","Pelagomonadales_clade_A1","Pelagomonadales_clade_A1_sp.",0.999999663
"1058","38b73295285fc2e17a8f6915533541cf","Eukaryota","Hacrobia","Haptophyta","Prymnesiophyceae","Phaeocystales","Phaeocystaceae","Phaeocystis",NA,0.999999999
"1059","9c7c81ae7e61871ed1e50afbf0c5f06c","Eukaryota","Alveolata","Dinoflagellata","Dinophyceae",NA,NA,NA,NA,0.999802325
"1060","826118757f70879ddc98a88aac202755","Eukaryota","Stramenopiles","Pseudofungi","MAST-2",NA,NA,NA,NA,0.999980799
"1061","0665e34c228b57ddd2562fd3b05acfda","Eukaryota","Alveolata","Ciliophora",NA,NA,NA,NA,NA,0.999515947
"1062","30191c0570b3035d38a5bc7cc8738a04","Eukaryota","Stramenopiles","Ochrophyta","Bacillariophyta","Bacillariophyta_X","Radial-centric-basal-Coscinodiscophyceae","Actinocyclus","Actinocyclus_curvatulus",0.994216799
"1063","9f100eb88570ca717e5455f75a22d25f","Eukaryota","Stramenopiles","Pseudofungi","MAST-1","MAST-1C","MAST-1C_X","MAST-1C_XX","MAST-1C_XX_sp.",1
"1064","26704dd3ae402f8e8285b53f4e8858be","Eukaryota","Opisthokonta","Choanoflagellida","Choanoflagellatea","Acanthoecida","Stephanoecidae_Group_H","Stephanoecidae_Group_H_X","Stephanoecidae_Group_H_X_sp.",0.999988126
"1065","8bd5829358e49821b33c87b82286f419","Unassigned",NA,NA,NA,NA,NA,NA,NA,0.977050542
"1066","66a558ee25dc9e4b227efac92d1ed4a5","Eukaryota","Alveolata","Dinoflagellata","Dinophyceae",NA,NA,NA,NA,0.999697921
"1067","0d00227ef555f530371c0ff22a3526e2","Eukaryota","Alveolata","Dinoflagellata","Dinophyceae",NA,NA,NA,NA,0.997845361
"1068","101b8fbbc39e2511ad65332f2a36aff8","Eukaryota","Alveolata","Dinoflagellata","Dinophyceae",NA,NA,NA,NA,0.987651806
"1069","7e3fbdcb6438d18ec345c475f25f0747","Eukaryota","Alveolata","Dinoflagellata","Dinophyceae","Gymnodiniales","Gymnodiniaceae","Gyrodinium","Gyrodinium_rubrum",0.995587559
"1070","9cf8501033f99ad0728fe050eb53e56b","Eukaryota","Stramenopiles","Ochrophyta","Bacillariophyta","Bacillariophyta_X",NA,NA,NA,0.999875956
"1071","1868f5c4a2961a0d9d30fc1614a57f5a","Eukaryota","Alveolata","Dinoflagellata","Syndiniales","Dino-Group-I","Dino-Group-I-Clade-1","Dino-Group-I-Clade-1_X","Dino-Group-I-Clade-1_X_sp.",0.999999996
"1072","7109092ac2c677dc311f1762fe49ef70","Eukaryota","Hacrobia","Telonemia","Telonemia_X","Telonemia_XX","Telonemia-Group-2","Telonema-Group-2","Telonema_antarcticum",0.999999071
"1073","49a01448c9990fa7e886a828af79d17b","Eukaryota","Alveolata","Dinoflagellata","Dinophyceae",NA,NA,NA,NA,0.999938782
"1074","b086304112a3635dcbd9b81c031452cc","Eukaryota","Stramenopiles","Pseudofungi","MAST-1","MAST-1C","MAST-1C_X","MAST-1C_XX","MAST-1C_XX_sp.",1
"1075","9c745abb61c01676fc8bc4d8dd5bf060","Eukaryota","Archaeplastida","Chlorophyta","Mamiellophyceae","Mamiellales","Bathycoccaceae","Bathycoccus","Bathycoccus_prasinos",0.999999987
"1076","bc7849e88ca418e05b71f15f1b43a2b4","Eukaryota","Alveolata","Dinoflagellata","Dinophyceae","Gonyaulacales","Goniodomataceae","Alexandrium",NA,0.999910613
"1077","4a8fc7f3d851b2cad38337332ab3c277","Eukaryota","Stramenopiles","Ochrophyta","Bacillariophyta","Bacillariophyta_X","Raphid-pennate","Pseudo-nitzschia","Pseudo-nitzschia_seriata",0.998591047
"1078","00f0903a34e55228d2f188a0561346e8","Eukaryota","Opisthokonta","Metazoa","Chaetognatha","Aphragmophora","Aphragmophora_X","Sagitta","Sagitta_elegans",0.999785804
"1079","7db970c8eef5bc2b16d8c9585976f6c4","Eukaryota","Archaeplastida","Chlorophyta","Pyramimonadophyceae","Pyramimonadales","Pyramimonadaceae","Pyramimonas","Pyramimonas_gelidicola",0.995037348
"1080","9d48b0f5905e170e91ca935f36f3205c","Eukaryota","Archaeplastida","Rhodophyta","Florideophyceae","Colaconematales","Colaconematales_X",NA,NA,0.999997165
"1081","92385da694a1ad25776b3fe513cd9662","Eukaryota","Hacrobia","Picozoa","Picozoa_X","Picozoa_XX","Picozoa_XXX","Picozoa_XXXX","Picozoa_XXXX_sp.",0.998170906
"1082","665f0bcb3152629802c290dfe66ee76b","Eukaryota","Alveolata","Dinoflagellata","Dinophyceae","Peridiniales","Protoperidiniaceae","Protoperidinium","Protoperidinium_sp.",0.989899316
"1083","e4118a594e13684cd71de1b9f4a1be8c","Eukaryota","Hacrobia","Katablepharidophyta","Katablepharidaceae","Katablepharidales","Katablepharidales_X","Katablepharidales_XX","Katablepharidales_XX_sp.",0.997484414
"1084","1df7c7230b01e01365fe8c22c50e9323","Eukaryota","Hacrobia","Picozoa","Picozoa_X","Picozoa_XX","Picozoa_XXX","Picozoa_XXXX","Picozoa_XXXX_sp.",0.986754309
"1085","c94e6019d4f0f05e0589b4aa7d497749","Eukaryota","Alveolata","Dinoflagellata","Dinophyceae",NA,NA,NA,NA,0.99926195
"1086","7989f8e16ad39ad85dc438df38bb11f1","Eukaryota","Alveolata","Dinoflagellata","Dinophyceae",NA,NA,NA,NA,0.990944686
"1087","08d0f943d469a61d0dcd575d2d60bf47","Eukaryota","Archaeplastida","Chlorophyta","Chloropicophyceae","Chloropicales","Chloropicaceae","Chloroparvula","Chloroparvula_pacifica",0.999999799
"1088","5d16ec8ec3915422bc2b5ddd060d1ec0","Eukaryota","Alveolata","Ciliophora","Spirotrichea","Choreotrichida","Strobilidiidae_I","Pelagostrobilidium","Pelagostrobilidium_paraepacrum",0.984168905
"1089","3dabee3393be84152654e1901048a9be","Eukaryota","Alveolata","Dinoflagellata","Dinophyceae",NA,NA,NA,NA,0.972079273
"1090","388651d9eb272034d6cae4c4f2306607","Eukaryota","Alveolata","Dinoflagellata","Syndiniales","Dino-Group-II","Dino-Group-II-Clade-10-and-11","Dino-Group-II-Clade-10-and-11_X","Dino-Group-II-Clade-10-and-11_X_sp.",0.994352609
"1091","1e8034b181e25b8b66456a03294bfa6a","Eukaryota","Alveolata","Dinoflagellata","Dinophyceae",NA,NA,NA,NA,0.994678134
"1092","b0819fa590ddd0a0ce6eeb091b50cce9","Eukaryota","Opisthokonta","Metazoa","Arthropoda","Crustacea","Malacostraca",NA,NA,1
"1093","97f6935da61840848491262cb9826f6c","Eukaryota","Opisthokonta","Metazoa","Chaetognatha","Aphragmophora","Aphragmophora_X","Sagitta","Sagitta_elegans",0.997097391
"1094","25b2c044663353a5917241c92607665b","Eukaryota","Rhizaria","Cercozoa","Filosa-Thecofilosea","Cryomonadida","Cryothecomonas-lineage","Cryothecomonas","Cryothecomonas_aestivalis",0.986894588
"1095","7676be76a699fa0e5ac386b0a439a06b","Eukaryota","Stramenopiles","Ochrophyta","Bacillariophyta","Bacillariophyta_X","Polar-centric-Mediophyceae","Chaetoceros","Chaetoceros_rostratus",0.992350022
"1096","1afc221fd3a98732dbffa72436a5e136","Eukaryota","Alveolata","Dinoflagellata","Dinophyceae","Suessiales","Symbiodiniaceae","Effrenium","Effrenium_sp.",0.971011906
"1097","572aba935beb223411a26b77a13db6cf","Eukaryota","Stramenopiles","Ochrophyta","Bacillariophyta","Bacillariophyta_X",NA,NA,NA,0.996404243
"1098","afd4422a257513082aafce5880ad3a5d","Eukaryota","Opisthokonta",NA,NA,NA,NA,NA,NA,0.991479418
"1099","a0e94c517a4a59ccb238684d05205de9","Eukaryota","Stramenopiles","Ochrophyta","Bacillariophyta","Bacillariophyta_X","Raphid-pennate","Pleurosigma","Pleurosigma_intermedium",0.975194343
"1100","01d661e05edc8382b329f10cbb36a95e","Eukaryota","Opisthokonta",NA,NA,NA,NA,NA,NA,0.983739575
"1101","2cc17073048f0bd22e5b14fc12026090","Eukaryota","Alveolata","Dinoflagellata","Syndiniales","Dino-Group-I","Dino-Group-I-Clade-1","Dino-Group-I-Clade-1_X","Dino-Group-I-Clade-1_X_sp.",0.999999996
"1102","e03a5df39a9cd5a516ccf5f1ba8ade79","Eukaryota","Stramenopiles","Ochrophyta","Dictyochophyceae","Dictyochophyceae_X","Pedinellales","Pedinellales_X","Pedinellales_X_sp.",0.999864878
"1103","c5443a929f221e41cb8390cefdf1602d","Eukaryota","Stramenopiles","Pseudofungi","MAST-1","MAST-1C","MAST-1C_X","MAST-1C_XX","MAST-1C_XX_sp.",1
"1104","0af45eff89b43a67af8f982492113792","Eukaryota","Stramenopiles","Ochrophyta","Bacillariophyta","Bacillariophyta_X",NA,NA,NA,0.999999929
"1105","f31667c2191707b7d69654e3670b74fb","Eukaryota","Stramenopiles","Sagenista","MAST-7","MAST-7A","MAST-7A_X","MAST-7A_XX","MAST-7A_XX_sp.",0.999999529
"1106","d43eb454762ead10d8b0d8e4ba30c93a","Eukaryota","Stramenopiles","Ochrophyta","Bacillariophyta","Bacillariophyta_X",NA,NA,NA,0.999768734
"1107","4cd131c90462c373c26db462e12c6200","Eukaryota","Alveolata","Dinoflagellata","Dinophyceae","Suessiales","Suessiaceae","Pelagodinium","Pelagodinium_beii",0.999994582
"1108","e272788b0760e0e0b70bdf315b083891","Eukaryota","Archaeplastida","Chlorophyta","Pyramimonadophyceae","Pyramimonadales",NA,NA,NA,0.999638614
"1109","a77b5b0ed09de996b0378a95b7695c46","Eukaryota","Hacrobia","Telonemia","Telonemia_X","Telonemia_XX","Telonemia-Group-2","Telonemia-Group-2_X","Telonemia-Group-2_X_sp.",0.999999975
"1110","bc85d93ee9cac85c28f514423e7234c2","Eukaryota","Stramenopiles","Ochrophyta","Dictyochophyceae","Dictyochophyceae_X","Dictyochales","Dictyocha","Dictyocha_speculum",0.999999959
"1111","5b2d83f3819947079d346cf06dd3b9dd","Eukaryota","Stramenopiles","Ochrophyta","Bacillariophyta","Bacillariophyta_X","Polar-centric-Mediophyceae","Chaetoceros","Chaetoceros_neogracilis",0.975960447
"1112","40ad2f8ad3f297ad5b662d2946dc27e0","Eukaryota","Alveolata","Dinoflagellata","Dinophyceae",NA,NA,NA,NA,0.999987985
"1113","6c9244c8218858d9d03859e79087ad8c","Eukaryota","Alveolata","Dinoflagellata","Dinophyceae","Gonyaulacales","Ceratiaceae","Tripos","Tripos_tenuis",0.999173956
"1114","235f024d17ba30d4c14073e27a7adb9f","Eukaryota","Hacrobia","Centroheliozoa","Centroheliozoa_X","Pterocystida","Pterocystida_X","Pterocystida_XX","Pterocystida_XX_sp.",0.99998054
"1115","8d5554a47ad5e8b778fefd3cfb07cc4c","Eukaryota","Stramenopiles","Pseudofungi","MAST-2",NA,NA,NA,NA,0.999981029
"1116","817c2dfb0e8405ae08b6e68fcc2c78a3","Eukaryota","Stramenopiles","Ochrophyta","Chrysophyceae","Chrysophyceae_X","Chrysophyceae_Clade-F","Chrysophyceae_Clade-F_X","Chrysophyceae_Clade-F_X_sp.",0.973523021
"1117","1f8d0dcf432a407186dcb8b3a76fab99","Eukaryota","Alveolata","Dinoflagellata","Syndiniales","Dino-Group-I","Dino-Group-I-Clade-4","Dino-Group-I-Clade-4_X","Dino-Group-I-Clade-4_X_sp.",0.999999988
"1118","cc15d05ecbc0b82ac6aee07a56dad2bb","Eukaryota","Stramenopiles","Pseudofungi","MAST-1","MAST-1C","MAST-1C_X","MAST-1C_XX","MAST-1C_XX_sp.",0.999999992
"1119","6ccf1207dbc8cb5cf01e6d66cc3a1284","Eukaryota","Stramenopiles","Ochrophyta","Bacillariophyta","Bacillariophyta_X","Polar-centric-Mediophyceae","Thalassiosira","Thalassiosira_concaviuscula",0.97902631
"1120","42bd9ceabd4a3750dfd970224582893c","Eukaryota","Stramenopiles","Sagenista","MAST-6","MAST-6_X","MAST-6_XX","MAST-6_XXX","MAST-6_XXX_sp.",0.999764329
"1121","68f815600aaf05ed45387f9893bc85db","Eukaryota","Amoebozoa","Lobosa","Discosea-Flabellinia","Dactylopodida","Paramoebidae","Neoparamoeba","Neoparamoeba_branchiphila",0.999703373
"1122","3343a45bf550f2e072c7dfaec02864ad","Eukaryota","Rhizaria","Cercozoa","Filosa-Thecofilosea","Cryomonadida","Protaspa-lineage","Protaspa","Protaspa_sp.",0.979975772
"1123","cd0f626a85c661f09eb5228dc59309e4","Unassigned",NA,NA,NA,NA,NA,NA,NA,0.970920045
"1124","2516453e212fcb6c46e8db117283b11d","Eukaryota","Alveolata","Dinoflagellata","Dinophyceae",NA,NA,NA,NA,0.999442737
"1125","806422d63c0b310d0f08ca1d550423f7","Unassigned",NA,NA,NA,NA,NA,NA,NA,0.975911578
"1126","044e857fc8eb5fd22318010046f420af","Eukaryota","Stramenopiles","Ochrophyta","Bacillariophyta","Bacillariophyta_X","Polar-centric-Mediophyceae","Chaetoceros","Chaetoceros_peruvianus",0.999943684
"1127","e23edcc9a1514755454b1475a33bbf1a","Eukaryota","Alveolata","Dinoflagellata","Syndiniales","Dino-Group-I","Dino-Group-I-Clade-1","Dino-Group-I-Clade-1_X","Dino-Group-I-Clade-1_X_sp.",0.99999992
"1128","3e415f9d975f4820819d69335244b0aa","Eukaryota","Opisthokonta","Metazoa","Cnidaria","Cnidaria_X","Anthozoa",NA,NA,0.99999932
"1129","78e6d5992a9fe0c82d1966b250d1aa71","Eukaryota","Alveolata","Dinoflagellata","Dinophyceae",NA,NA,NA,NA,0.999707835
"1130","60a7ecf03f473753e2ebb397f5078c07","Eukaryota","Hacrobia","Katablepharidophyta","Katablepharidaceae","Katablepharidales","Katablepharidales_X","Katablepharidales_XX","Katablepharidales_XX_sp.",0.999999673
"1131","56225c844a536a2852ec2a61d0250c5b","Eukaryota","Rhizaria","Cercozoa","Filosa-Thecofilosea","Cryomonadida","Cryothecomonas-lineage","Cryothecomonas","Cryothecomonas_sp.",0.999841291
"1132","f2595be05a432e0234f396b209839615","Eukaryota","Opisthokonta","Metazoa","Annelida","Annelida_X","Annelida_XX","Boccardiella","Boccardiella_ligerica",0.99999997
"1133","4ab44c49753a4a31cfbdad16da1fb43a","Eukaryota","Stramenopiles","Pseudofungi","MAST-1","MAST-1C","MAST-1C_X","MAST-1C_XX","MAST-1C_XX_sp.",1
"1134","492265ac9671deb81c2c7c3cbd183d82","Eukaryota","Alveolata","Dinoflagellata","Dinophyceae",NA,NA,NA,NA,0.998389032
"1135","845774905a290d64889538f6c9b6807c","Eukaryota","Stramenopiles","Sagenista","MAST-7","MAST-7A","MAST-7A_X","MAST-7A_XX","MAST-7A_XX_sp.",0.999995835
"1136","98937ce7c71b3541b6e812829c3c3d40","Eukaryota","Stramenopiles",NA,NA,NA,NA,NA,NA,0.986456523
"1137","e5eb7d96e778ebbca421c9ec3ecdc3c2","Eukaryota","Stramenopiles","Ochrophyta","Dictyochophyceae","Dictyochophyceae_X","Pedinellales",NA,NA,0.999473414
"1138","3c4993fdd1f5d185e4951d2cca847022","Eukaryota","Alveolata","Ciliophora","CONThreeP","CONThreeP_X","Urotrichidae","Urotricha","Urotricha_sp.",0.999350204
"1139","8a99574cb105a4b7fec9ebc9f359ad9d","Eukaryota","Stramenopiles","Sagenista","MAST-7","MAST-7A","MAST-7A_X","MAST-7A_XX","MAST-7A_XX_sp.",0.970784837
"1140","cea469ff80c5c7f146af2f11f2120437","Eukaryota","Opisthokonta","Metazoa","Arthropoda","Crustacea","Maxillopoda","Paracalanus","Paracalanus_parvus",0.973853633
"1141","7e4393f08ef4a3ac667c1f3836c8ee84","Eukaryota","Hacrobia","Haptophyta","Prymnesiophyceae","Prymnesiales","Prymnesiales_X","Chrysocampanula","Chrysocampanula_spinifera",1
"1142","5d5e306554835e92fc7f5848a2ef2958","Eukaryota","Opisthokonta","Metazoa","Annelida","Annelida_X","Annelida_XX","Boccardiella","Boccardiella_ligerica",0.997869994
"1143","0a1a8bcdc4935875b968c21c0474e9d7","Eukaryota","Alveolata","Dinoflagellata","Dinophyceae","Peridiniales","Protoperidiniaceae","Protoperidinium","Protoperidinium_sp.",0.993556734
"1144","9161b40db023df1de6cbe8261ec198bb","Eukaryota","Opisthokonta","Metazoa","Arthropoda","Crustacea","Maxillopoda",NA,NA,0.999969426
"1145","323c5e4dd4ec38b53579aea211b33c39","Eukaryota","Alveolata","Dinoflagellata","Syndiniales","Dino-Group-I","Dino-Group-I-Clade-1","Dino-Group-I-Clade-1_X","Dino-Group-I-Clade-1_X_sp.",0.999990743
"1146","bb210a030035cc8023f8c16249711fd7","Eukaryota","Stramenopiles","Ochrophyta","Pelagophyceae","Pelagomonadales","Pelagomonadaceae","Aureococcus","Aureococcus_anophagefferens",0.999998558
"1147","f7d276b135157bf776348c3abaed2600","Eukaryota","Rhizaria","Cercozoa","Filosa-Thecofilosea","Cryomonadida","Protaspa-lineage","Protaspa-lineage_X","Protaspa-lineage_X_sp.",0.991633632
"1148","1e90ff9f351cf765e52fc136107dbf5e","Eukaryota","Opisthokonta","Metazoa","Arthropoda","Crustacea","Maxillopoda","Paracalanus","Paracalanus_sp.",0.978794308
"1149","77a32f1e8bb4cbb8b199fce957eedfa9","Eukaryota","Amoebozoa","Lobosa","Discosea-Flabellinia","Vannellida","Vannellidae","Vannella",NA,0.999999995
"1150","063b28fecc6c3bfa6a7716e4c48e40f0","Eukaryota","Hacrobia","Telonemia","Telonemia_X","Telonemia_XX","Telonemia-Group-2","Telonemia-Group-2_X","Telonemia-Group-2_X_sp.",0.999999997
"1151","69ec045f994e5ed9567d1901a340eaa0","Eukaryota","Alveolata","Ciliophora","Spirotrichea","Strombidiida","Strombidiidae_K","Strombidium_K","Strombidium_K_sp.",0.998233975
"1152","8145c30b52080da70aa5bb7a1cf58295","Eukaryota","Alveolata","Dinoflagellata","Syndiniales","Dino-Group-II","Dino-Group-II-Clade-1","Dino-Group-II-Clade-1_X","Dino-Group-II-Clade-1_X_sp.",0.9999961
"1153","dc9289a5799dd9b35b85d37c957a5bc5","Eukaryota","Alveolata","Dinoflagellata","Syndiniales","Dino-Group-II","Dino-Group-II-Clade-23","Dino-Group-II-Clade-23_X","Dino-Group-II-Clade-23_X_sp.",0.992606644
"1154","2e15db3c7f7db89a378f19c894f10d3d","Eukaryota","Alveolata","Ciliophora","Spirotrichea","Strombidiida","Strombidiidae_F","Strombidium_F","Strombidium_chlorophilum",0.999735435
"1155","17bbd5d555b095ea1c2ae504b8c97c83","Eukaryota","Opisthokonta","Metazoa","Platyhelminthes","Trematoda","Digenea",NA,NA,0.999950857
"1156","5969968add1f9e800fc4848c3cd64dbd","Eukaryota","Hacrobia","Telonemia","Telonemia_X","Telonemia_XX","Telonemia-Group-2","Telonemia-Group-2_X","Telonemia-Group-2_X_sp.",0.999999289
"1157","fdd8b54ee4b0541ee67ea54400c13d11","Eukaryota","Stramenopiles","Ochrophyta","Dictyochophyceae","Dictyochophyceae_X",NA,NA,NA,0.996139559
"1158","2e75dee3c297231bef2de59b79587955","Eukaryota","Rhizaria","Cercozoa","Filosa-Thecofilosea","Filosa-Thecofilosea_X","Mataza-lineage","Mataza-lineage_X","Mataza-lineage_X_sp.",0.994259703
"1159","887aa18df967e3bedd59817ed7ecaeac","Eukaryota","Hacrobia","Telonemia","Telonemia_X","Telonemia_XX","Telonemia-Group-2","Telonemia-Group-2_X","Telonemia-Group-2_X_sp.",0.999999941
"1160","308f8df0ee75278ecd7007a9ea121f35","Eukaryota","Alveolata","Dinoflagellata","Dinophyceae",NA,NA,NA,NA,0.998654065
"1161","b999777c6c27387f6325cd36bf6c0537","Eukaryota","Stramenopiles","Opalozoa","MAST-3","MAST-3B","MAST-3B_X","MAST-3B_XX","MAST-3B_XX_sp.",0.996002312
"1162","47b4a66ce90e54e02e758e2225adf956","Eukaryota","Stramenopiles","Pseudofungi","MAST-2",NA,NA,NA,NA,0.999590322
"1163","00693e261da9fcbd08b3cb1676bc21b7","Eukaryota","Alveolata","Ciliophora","Spirotrichea","Strombidiida_B","Strombidiida_B_X","Strombidiida_B_XX","Strombidiida_B_XX_sp.",0.999932745
"1164","fd4d7899599ae32b2a3fbc7018342dca","Eukaryota",NA,NA,NA,NA,NA,NA,NA,1
"1165","a1527a0505d38fd88d6bd217f86d26b1","Eukaryota","Stramenopiles","Ochrophyta","Bacillariophyta","Bacillariophyta_X","Radial-centric-basal-Coscinodiscophyceae","Stellarima","Stellarima_microtrias",0.999988456
"1166","72e5c2936daf8a249271790e32ec5116","Eukaryota","Alveolata","Dinoflagellata","Syndiniales","Dino-Group-I","Dino-Group-I-Clade-1","Dino-Group-I-Clade-1_X","Dino-Group-I-Clade-1_X_sp.",0.999938038
"1167","1767797ce69bbb705c79416ef9621396","Eukaryota",NA,NA,NA,NA,NA,NA,NA,0.999835034
"1168","17844da01eb007aa880d320202066dd9","Eukaryota","Archaeplastida","Chlorophyta","Mamiellophyceae","Mamiellales","Mamiellaceae",NA,NA,0.99956742
"1169","2d9b0ce2ab2276bfbde3fc55ed395e06","Eukaryota","Stramenopiles","Ochrophyta","Bacillariophyta","Bacillariophyta_X","Polar-centric-Mediophyceae","Chaetoceros","Chaetoceros_debilis_2",0.999999953
"1170","c107748713b2230617175517049fe289","Eukaryota","Rhizaria","Cercozoa","Filosa-Thecofilosea","Ventricleftida","CCW10-lineage","CCW10-lineage_X","CCW10-lineage_X_sp.",0.999999999
"1171","6117040c38c773fde265fa8163d77a8c","Eukaryota","Opisthokonta","Metazoa","Mollusca","Bivalvia","Mytiloida","Mytilus",NA,0.999999986
"1172","df9695dbde290616c0676f36ba344a7e","Eukaryota","Stramenopiles","Ochrophyta","Bacillariophyta","Bacillariophyta_X","Raphid-pennate",NA,NA,0.997572302
"1173","8d9d91c4723afc1e4c433d376ee5e692","Eukaryota","Alveolata","Dinoflagellata","Dinophyceae","Peridiniales","Amphidiniopsidaceae","Islandinium","Islandinium_tricingulatum",0.994236195
"1174","1e4846341fd092da1bbbb170f738e10c","Eukaryota","Alveolata","Ciliophora","Spirotrichea","Strombidiida_B","Strombidiida_B_X","Strombidiida_B_XX","Strombidiida_B_XX_sp.",0.998562642
"1175","de079eed68eaff85e0021e67cb915cc8","Eukaryota","Stramenopiles","Ochrophyta","Dictyochophyceae","Dictyochophyceae_X","Pedinellales",NA,NA,0.999547348
"1176","ad55abb18968ebd07a4ad5ae7d47788c","Eukaryota","Hacrobia","Haptophyta","Prymnesiophyceae","Prymnesiales","Chrysochromulinaceae","Chrysochromulina","Chrysochromulina_sp.",0.999997419
"1177","1bf85aacacdbeb4bc291bdb265a1914a","Eukaryota","Alveolata","Dinoflagellata","Dinophyceae","Peridiniales","Protoperidiniaceae","Protoperidinium","Protoperidinium_sp.",0.999999459
"1178","3ab2055309dc2d4c36d3306c9f214057","Eukaryota","Opisthokonta","Metazoa","Ctenophora","Ctenophora_X","Ctenophora_XX",NA,NA,0.999999564
"1179","a7b55891a563a86004c6199794834512","Eukaryota","Rhizaria","Cercozoa","Filosa-Thecofilosea","Cryomonadida","Protaspa-lineage","Protaspa",NA,0.974986512
"1180","88254a9ef25b45ede866c0bd1f52fcc1","Eukaryota","Rhizaria","Cercozoa","Filosa-Thecofilosea","Filosa-Thecofilosea_X","Mataza-lineage","Mataza-lineage_X","Mataza-lineage_X_sp.",0.999966088
"1181","a7996ffda5417f86f4394d320b11cba7","Eukaryota","Rhizaria","Cercozoa","Filosa-Thecofilosea","Cryomonadida","Protaspa-lineage","Protaspa-lineage_X","Protaspa-lineage_X_sp.",0.999774568
"1182","4cae621a3f7e1c597af7a61d86e339e2","Eukaryota",NA,NA,NA,NA,NA,NA,NA,0.995825442
"1183","a7b17bc14f3500a311ed57cad9098e09","Eukaryota","Opisthokonta",NA,NA,NA,NA,NA,NA,0.986925007
"1184","88d59348db6403ea093534c552bc9d62","Eukaryota","Rhizaria","Cercozoa","Filosa-Imbricatea","Filosa-Imbricatea_X","Novel-clade-2","Novel-clade-2_X","Novel-clade-2_X_sp.",0.999998397
"1185","97145d1059258b3d47e8e6063b8ae5fb","Eukaryota","Stramenopiles","Ochrophyta","Bacillariophyta","Bacillariophyta_X",NA,NA,NA,0.99619115
"1186","f608eb720b74850cbec971fab7a5676c","Eukaryota","Stramenopiles","Ochrophyta","Bacillariophyta","Bacillariophyta_X",NA,NA,NA,0.996098472
"1187","3558046569bdaef6266335d0d7442c1c","Eukaryota","Rhizaria","Cercozoa","Filosa-Thecofilosea","Ventricleftida","CCW10-lineage","CCW10-lineage_X","CCW10-lineage_X_sp.",0.999999953
"1188","0a8ff404e390c1be2811d3f0ddd5d727","Eukaryota",NA,NA,NA,NA,NA,NA,NA,0.999998564
"1189","5b3ef30dd4a65bdf3f47c98c6a5e9048","Eukaryota","Stramenopiles","Sagenista","MAST-8","MAST-8A","MAST-8A_X","MAST-8A_XX","MAST-8A_XX_sp.",0.999467227
"1190","092c4c33dde841eec43e45e96d99cbce","Eukaryota","Alveolata","Dinoflagellata","Syndiniales","Dino-Group-III","Dino-Group-III_X","Dino-Group-III_XX","Dino-Group-III_XX_sp.",0.976947568
"1191","8c7994f7e88eebd3be0077a4d3911d27","Eukaryota","Hacrobia","Haptophyta","Prymnesiophyceae","Phaeocystales","Phaeocystaceae","Phaeocystis","Phaeocystis_sp.",0.981209599
"1192","d9b46a3d153793853d75ee4a1c29c64c","Eukaryota","Opisthokonta","Metazoa","Arthropoda","Crustacea","Maxillopoda",NA,NA,0.999999325
"1193","bb005bef5072f159a00b542e739878f7","Eukaryota","Alveolata","Ciliophora","Spirotrichea","Choreotrichida","Strombidinopsidae","Strombidinopsis","Strombidinopsis_sp.",0.999434326
"1194","f91037b5c3f3416e6c42234a53e91ebd","Eukaryota","Alveolata","Dinoflagellata","Syndiniales","Dino-Group-II","Dino-Group-II-Clade-10-and-11","Dino-Group-II-Clade-10-and-11_X","Dino-Group-II-Clade-10-and-11_X_sp.",0.998830223
"1195","f22c5c736242715416fc9587a73b1300","Eukaryota","Hacrobia","Picozoa","Picozoa_X","Picozoa_XX","Picozoa_XXX","Picozoa_XXXX","Picozoa_XXXX_sp.",0.999994047
"1196","608a22ec43d4ad8fc7a193062bf8c920","Eukaryota","Stramenopiles","Ochrophyta","Bacillariophyta","Bacillariophyta_X","Polar-centric-Mediophyceae","Thalassiosira",NA,0.992220852
"1197","d440d05493b8a5db54a777ab6840af3d","Eukaryota","Alveolata","Dinoflagellata","Dinophyceae",NA,NA,NA,NA,0.999841812
"1198","388f9bf153e1b0807954fd7d541c4ab7","Eukaryota",NA,NA,NA,NA,NA,NA,NA,0.999615505
"1199","51f415f985b52137df9ccf8439a60653","Eukaryota","Archaeplastida","Chlorophyta","Chloropicophyceae","Chloropicales","Chloropicaceae","Chloroparvula","Chloroparvula_pacifica",0.999999986
"1200","0d73b74cfd4aeea9fcebef15b51cae0f","Eukaryota","Hacrobia","Telonemia","Telonemia_X","Telonemia_XX","Telonemia-Group-2","Telonemia-Group-2_X","Telonemia-Group-2_X_sp.",0.999998921
"1201","00e2133652428b0e2e558ddb6ecc2177","Eukaryota","Alveolata","Dinoflagellata","Dinophyceae","Peridiniales","Protoperidiniaceae","Protoperidinium","Protoperidinium_sp.",0.999979905
"1202","bcaa10816944696218af477820fd8736","Eukaryota","Stramenopiles","Ochrophyta","Bacillariophyta","Bacillariophyta_X","Araphid-pennate",NA,NA,0.990277491
"1203","54fcf0408fc5a466133b0021b0cca379","Eukaryota","Opisthokonta","Fungi","Chytridiomycota","Chytridiomycotina","Chytridiomycetes","Spizellomycetales-and-Rhizophlyctidales","Spizellomycetales-and-Rhizophlyctidales_sp.",0.999999176
"1204","c735d6573967d9131df65ff8b9bde690","Eukaryota","Stramenopiles","Opalozoa","MAST-3","MAST-3D","MAST-3D_X","MAST-3D_XX","MAST-3D_XX_sp.",0.999708051
"1205","0d307f22fb2f7343d54797d025b26c00","Eukaryota",NA,NA,NA,NA,NA,NA,NA,0.997795052
"1206","f7bcc58d6c22a190304a7b3262f15419","Eukaryota","Stramenopiles","Ochrophyta","Dictyochophyceae","Dictyochophyceae_X","Pedinellales","Pedinellales_X","Pedinellales_X_sp.",0.999859112
"1207","cc91779faa025f6f7398c05b43be168b","Eukaryota","Stramenopiles","Ochrophyta","Bacillariophyta","Bacillariophyta_X","Raphid-pennate",NA,NA,0.980200136
"1208","d33c072da722fb897a0df93ed487e335","Eukaryota","Opisthokonta","Metazoa","Arthropoda","Crustacea","Maxillopoda","Tisbe","Tisbe_sp.",0.992156713
"1209","3263945c4b68210995bcb954de85d4bd","Eukaryota","Hacrobia","Haptophyta","Prymnesiophyceae",NA,NA,NA,NA,0.99999988
"1210","a03bccb455bd6e8645e842183dd74ae9","Eukaryota","Rhizaria","Cercozoa","Filosa-Thecofilosea","Cryomonadida","Protaspa-lineage","Protaspa-lineage_X","Protaspa-lineage_X_sp.",0.985500687
"1211","bcc214d18873920ab34bda45e9ac162d","Eukaryota","Stramenopiles","Ochrophyta","Chrysophyceae","Chrysophyceae_X","Chrysophyceae_Clade-F","Paraphysomonas","Paraphysomonas_foraminifera",0.991251082
"1212","131aed55d563361c22730eb1ffc9f3ff","Eukaryota","Alveolata","Dinoflagellata","Syndiniales","Dino-Group-I","Dino-Group-I-Clade-1","Dino-Group-I-Clade-1_X","Dino-Group-I-Clade-1_X_sp.",0.999999132
"1213","4e9d44e7ebe219b3feedeac31f3acadb","Eukaryota","Alveolata","Dinoflagellata","Syndiniales","Dino-Group-II","Dino-Group-II-Clade-10-and-11","Dino-Group-II-Clade-10-and-11_X","Dino-Group-II-Clade-10-and-11_X_sp.",0.999603564
"1214","10dcc5d9baa908c8f62254fe034b948c","Eukaryota","Stramenopiles","Ochrophyta","Bacillariophyta","Bacillariophyta_X",NA,NA,NA,0.99999829
"1215","3588da8feba144f690177092f3d4226a","Eukaryota","Opisthokonta","Metazoa","Arthropoda","Crustacea","Maxillopoda","Maxillopoda_X","Maxillopoda_X_sp.",0.997147912
"1216","f2028d80d827c3a8ada987f7735c12c4","Eukaryota","Alveolata","Dinoflagellata","Dinophyceae",NA,NA,NA,NA,0.997418168
"1217","7a006eae0559242250a652e685dcfa97","Eukaryota","Alveolata","Dinoflagellata","Dinophyceae","Gymnodiniales","Gymnodiniaceae","Paragymnodinium","Paragymnodinium_shiwhaense",0.997241129
"1218","79604f5c9c74246d10ef89bd4498c5f6","Eukaryota",NA,NA,NA,NA,NA,NA,NA,1
"1219","ec15c84200b4e657c54bd02cca306e3d","Eukaryota","Stramenopiles","Ochrophyta","Bacillariophyta","Bacillariophyta_X","Polar-centric-Mediophyceae","Chaetoceros","Chaetoceros_neogracilis",0.975150466
"1220","663b326d4c99eeb519c4a65f1516d3eb","Eukaryota","Alveolata","Dinoflagellata","Dinophyceae","Peridiniales","Protoperidiniaceae","Protoperidinium","Protoperidinium_sp.",0.999998895
"1221","ca10c7927a0d2af713bfcf1f61a56840","Eukaryota","Rhizaria","Cercozoa","Filosa-Granofilosea","Filosa-Granofilosea_X","he2-lineage","he2-lineage_X","he2-lineage_X_sp.",0.999999986
"1222","32ed6bab8837053940a9185ce66995cb","Eukaryota","Opisthokonta","Metazoa","Arthropoda","Crustacea","Malacostraca","Thysanoessa",NA,0.987930195
"1223","7ff17cda0d7de5aea06e02307d63cc08","Eukaryota","Stramenopiles","Ochrophyta","Dictyochophyceae","Dictyochophyceae_X","Pedinellales","Pseudopedinella","Pseudopedinella_elastica",0.999980412
"1224","b87a9d3098c8b0da3605f4d160626c8f","Eukaryota","Stramenopiles","Ochrophyta","Chrysophyceae","Chrysophyceae_X","Chrysophyceae_XX","Chrysophyceae_XXX","Chrysophyceae_XXX_sp.",0.999999079
"1225","236b0f463ca2bc514f820eee43e906c3","Eukaryota","Alveolata","Dinoflagellata","Dinophyceae","Peridiniales","Protoperidiniaceae","Protoperidinium","Protoperidinium_sp.",0.998444425
"1226","170a28c06e4db2dcc530c5efcddb2173","Eukaryota","Stramenopiles","Ochrophyta","Bacillariophyta","Bacillariophyta_X","Araphid-pennate",NA,NA,0.997552022
"1227","b467114cf1e3f8a2db3853b5f35c691b","Eukaryota",NA,NA,NA,NA,NA,NA,NA,0.999678592
"1228","6b2c21dcb05c51ad61bbca1d9327eccd","Eukaryota","Opisthokonta","Metazoa","Ctenophora","Ctenophora_X","Ctenophora_XX",NA,NA,0.998964504
"1229","449cbc5e2574bbdc7691e8442257ffed","Eukaryota","Stramenopiles","Ochrophyta","Chrysophyceae","Chrysophyceae_X","Chrysophyceae_Clade-H","Chrysophyceae_Clade-H_X","Chrysophyceae_Clade-H_X_sp.",0.999999998
"1230","4ba131627b5a1f31d3b012430f8a22f1","Eukaryota","Hacrobia","Haptophyta","Prymnesiophyceae",NA,NA,NA,NA,0.999999888
"1231","37c3b1bc51c5eb6d65c75e552cc8f786","Eukaryota","Alveolata","Dinoflagellata","Dinophyceae","Peridiniales","Protoperidiniaceae","Protoperidinium","Protoperidinium_sp.",0.99999475
"1232","33241ecf027d23a38c03ae7bab2387eb","Eukaryota","Opisthokonta","Choanoflagellida","Choanoflagellatea","Acanthoecida","Stephanoecidae_Group_H","Diaphanoeca","Diaphanoeca_grandis",0.999999997
"1233","642e0a110f3c53fda901ca5a0a77992c","Eukaryota","Stramenopiles","Ochrophyta","Bacillariophyta","Bacillariophyta_X","Raphid-pennate",NA,NA,0.986511973
"1234","f1361cfef0e1800b6a34d4a06583a4c7","Eukaryota","Alveolata","Dinoflagellata","Syndiniales","Dino-Group-II","Dino-Group-II-Clade-10-and-11","Dino-Group-II-Clade-10-and-11_X","Dino-Group-II-Clade-10-and-11_X_sp.",0.999172798
"1235","ea605b45803bdd1c79f3df20e01b8419","Eukaryota",NA,NA,NA,NA,NA,NA,NA,0.999999999
"1236","4d2d2df1f3cdb2080ace0b23c17928be","Eukaryota","Stramenopiles","Ochrophyta","Bacillariophyta","Bacillariophyta_X",NA,NA,NA,0.997269655
"1237","08aa67ce99d5aa77cd4a3aa6b2312e15","Eukaryota","Rhizaria","Cercozoa","Filosa-Thecofilosea","Ebriida","Ebriidae","Ebria","Ebria_tripartita",0.999999669
"1238","c111eea83ca57053f6c30b8969935357","Eukaryota","Alveolata","Dinoflagellata","Dinophyceae","Dinophysiales","Dinophysiaceae","Dinophysis","Dinophysis_acuminata",0.997921862
"1239","21665dfe622adc8e9d0055b8d66e76f7","Eukaryota","Alveolata","Dinoflagellata","Dinophyceae",NA,NA,NA,NA,0.992597403
"1240","9d207f0e34156c052cabb06da80d8634","Eukaryota","Hacrobia","Telonemia","Telonemia_X","Telonemia_XX","Telonemia-Group-2","Telonemia-Group-2_X","Telonemia-Group-2_X_sp.",0.999999983
"1241","d61c8b5e58bdfe4beb7ffedd4dc4b1a0","Eukaryota","Stramenopiles","Ochrophyta","Bacillariophyta","Bacillariophyta_X",NA,NA,NA,0.971944727
"1242","df46af5ac66b7b47663587889c39d3e8","Eukaryota","Opisthokonta","Metazoa","Arthropoda","Crustacea","Maxillopoda",NA,NA,0.99999712
"1243","e8c6cc8b359b4a491b69c8107aae16b3","Eukaryota","Opisthokonta","Choanoflagellida","Choanoflagellatea","Acanthoecida","Stephanoecidae_Group_D","Stephanoecidae_Group_D_X","Stephanoecidae_Group_D_X_sp.",0.994599866
"1244","d84a3a8a55b1c5db6747414ccfe4df13","Eukaryota","Hacrobia","Haptophyta","Prymnesiophyceae","Prymnesiales","Chrysochromulinaceae","Chrysochromulina","Chrysochromulina_sp.",0.999999948
"1245","efb1a985b37a1ab51d994c6a95cbcce2","Eukaryota","Stramenopiles","Ochrophyta","Chrysophyceae","Chrysophyceae_X","Chrysophyceae_Clade-H","Chrysophyceae_Clade-H_X","Chrysophyceae_Clade-H_X_sp.",0.999999999
"1246","951db32d13dd7157296cc1448d3ced70","Eukaryota","Alveolata","Dinoflagellata","Dinophyceae",NA,NA,NA,NA,0.989886662
"1247","f0ddf1a2e78aaf2cbc2613f358bb5b87","Eukaryota","Alveolata","Dinoflagellata","Dinophyceae","Peridiniales","Protoperidiniaceae","Protoperidinium","Protoperidinium_sp.",0.999999603
"1248","2dadd137f165dd9443881492107d5441","Eukaryota",NA,NA,NA,NA,NA,NA,NA,1
"1249","8d6ccc8b64a902fefe3370fb3c530326","Eukaryota","Alveolata","Dinoflagellata","Dinophyceae",NA,NA,NA,NA,0.987593087
"1250","9e8ba11a273ff67d8c7e183f29d7d79b","Eukaryota","Rhizaria","Cercozoa","Filosa-Imbricatea","Thaumatomonadida","Thaumatomonadida_X","Thaumatomonadida_XX","Thaumatomonadida_XX_sp.",0.999841651
"1251","e23496a13a035c38559e56068f690a3c","Eukaryota",NA,NA,NA,NA,NA,NA,NA,0.993699429
"1252","af4d751cf3f05d5d1d3478316a8bf6f3","Eukaryota","Stramenopiles","Ochrophyta","Chrysophyceae","Chrysophyceae_X","Chrysophyceae_Clade-H","Chrysophyceae_Clade-H_X","Chrysophyceae_Clade-H_X_sp.",0.999999999
"1253","f3b2c7cbda4f7433704d29bf0862aec2","Eukaryota","Stramenopiles","Ochrophyta","Bacillariophyta","Bacillariophyta_X",NA,NA,NA,0.999290781
"1254","2c4a02143bea19f61d12984e697fbfc7","Eukaryota","Stramenopiles","Pseudofungi","MAST-2",NA,NA,NA,NA,0.999914404
"1255","fc14284f0988fa1d0caed3c476dec134","Eukaryota","Stramenopiles","Opalozoa","MAST-12","MAST-12A","MAST-12A_X","MAST-12A_XX","MAST-12A_XX_sp.",1
"1256","34f9fe50e19f63e12edf944c020c7861","Eukaryota","Alveolata","Dinoflagellata","Syndiniales","Dino-Group-II","Dino-Group-II-Clade-1","Dino-Group-II-Clade-1_X","Dino-Group-II-Clade-1_X_sp.",0.999999662
"1257","8b6bde361af2bdb55edd9f3b497796ac","Eukaryota","Alveolata","Dinoflagellata","Dinophyceae",NA,NA,NA,NA,0.985660551
"1258","f75ad4c6d7d0dc51a0a6c2f54ca770da","Eukaryota","Stramenopiles","Ochrophyta","Bacillariophyta","Bacillariophyta_X","Polar-centric-Mediophyceae","Chaetoceros","Chaetoceros_debilis_2",0.999999995
"1259","6a6f07f6d24426bd807460e66e26a313","Eukaryota","Alveolata","Dinoflagellata","Syndiniales","Dino-Group-II","Dino-Group-II-Clade-13","Dino-Group-II-Clade-13_X","Dino-Group-II-Clade-13_X_sp.",0.999999924
"1260","300aef1be3e673a10e0de170a3b51444","Eukaryota","Stramenopiles","Ochrophyta","Bacillariophyta","Bacillariophyta_X","Raphid-pennate",NA,NA,0.999734362
"1261","0a16f6577189dae87ab3f07688170073","Eukaryota","Alveolata","Dinoflagellata","Dinophyceae","Peridiniales","Protoperidiniaceae","Protoperidinium","Protoperidinium_sp.",0.970149818
"1262","7c5745a8626f4e5df231cd232814fa97","Eukaryota","Stramenopiles","Ochrophyta","Bacillariophyta","Bacillariophyta_X",NA,NA,NA,0.999986108
"1263","d31e131d42049ad61017d574d5849a06","Eukaryota","Opisthokonta","Metazoa","Annelida","Annelida_X","Annelida_XX","Eteone","Eteone_longa",0.999734483
"1264","6049f358c177e90d3c6d145bcd4c2df8","Eukaryota","Opisthokonta","Choanoflagellida","Choanoflagellatea","Acanthoecida","Stephanoecidae_Group_D","Stephanoecidae_Group_D_X","Stephanoecidae_Group_D_X_sp.",0.999999986
"1265","032757fcbce44c74efa48e9892fb3416","Eukaryota","Opisthokonta","Metazoa","Arthropoda","Crustacea","Maxillopoda","Oithona","Oithona_sp.",0.97382197
"1266","42d7a9d69ef2db4e5e62932101b8fece","Eukaryota","Archaeplastida","Chlorophyta","Mamiellophyceae","Mamiellales","Mamiellaceae","Mamiella","Mamiella_gilva",0.998565038
"1267","e8eea8d57750526616f86608b4114495","Eukaryota","Opisthokonta","Metazoa","Arthropoda","Crustacea","Maxillopoda",NA,NA,0.999697536
"1268","6dee10b91f9d52dc19854a04c072957c","Eukaryota","Opisthokonta","Fungi","Chytridiomycota","Chytridiomycotina","Chytridiomycetes","Chytridiomycetes_X","Chytridiomycetes_X_sp.",0.999772041
"1269","4e7d24dbae4b9cdcf6d11aba252d1552","Eukaryota","Stramenopiles","Ochrophyta","Bacillariophyta","Bacillariophyta_X","Raphid-pennate","Raphid-pennate_X","Raphid-pennate_X_sp.",0.971826791
"1270","96a2bd7f8ed8a07838609e6da51dc319","Eukaryota",NA,NA,NA,NA,NA,NA,NA,1
"1271","8b149fcd006c3a20b52a0d4ea87aab68","Eukaryota","Alveolata","Dinoflagellata","Dinophyceae","Suessiales","Suessiaceae","Pelagodinium","Pelagodinium_beii",0.999998203
"1272","2698f7ef76f612713fcc2de094e1ab3b","Eukaryota","Alveolata","Dinoflagellata","Syndiniales","Dino-Group-II","Dino-Group-II-Clade-6","Dino-Group-II-Clade-6_X","Dino-Group-II-Clade-6_X_sp.",0.999953918
"1273","d9ec73160d6dd3df9dca363f324ddbc3","Eukaryota","Hacrobia","Picozoa","Picozoa_X","Picozoa_XX","Picozoa_XXX","Picozoa_XXXX","Picozoa_XXXX_sp.",0.999999988
"1274","cd8c18882257bd1234e0f5eb0e7b8309","Eukaryota","Stramenopiles","Ochrophyta","Bacillariophyta","Bacillariophyta_X","Polar-centric-Mediophyceae","Chaetoceros","Chaetoceros_peruvianus",0.999807846
"1275","fe1263e8377c2910f6125649f5fac334","Eukaryota","Archaeplastida","Chlorophyta","Mamiellophyceae","Mamiellales","Mamiellaceae","Mamiella","Mamiella_gilva",0.998605656
"1276","788b8b65ab291a704027d1e48c124a71","Eukaryota",NA,NA,NA,NA,NA,NA,NA,0.999998208
"1277","06739adf02f296e79948d50cc80ecfde","Eukaryota","Archaeplastida","Chlorophyta","Chloropicophyceae","Chloropicales","Chloropicaceae","Chloropicon","Chloropicon_roscoffensis",0.994317316
"1278","cdd6c1bbfb6cb8f1e17f61abafda925c","Eukaryota","Alveolata","Dinoflagellata","Syndiniales","Dino-Group-II","Dino-Group-II-Clade-10-and-11","Dino-Group-II-Clade-10-and-11_X","Dino-Group-II-Clade-10-and-11_X_sp.",0.999434406
"1279","a7cbcf338bce632eeb1d94a010707449","Eukaryota","Alveolata","Ciliophora","Spirotrichea","Tintinnida","Tintinnidae","Tintinnidae_X","Tintinnidae_X_sp.",0.990540824
"1280","e8b919df50f33388a1062fabfd89a270","Eukaryota","Stramenopiles","Ochrophyta","Bacillariophyta","Bacillariophyta_X","Radial-centric-basal-Coscinodiscophyceae","Stellarima","Stellarima_microtrias",0.999961589
"1281","f1d2d03058f6aa5f167e4e265b2591ba","Eukaryota","Hacrobia","Telonemia","Telonemia_X","Telonemia_XX","Telonemia-Group-2","Telonema-Group-2","Telonema_antarcticum",0.999687581
"1282","0236909c402d577d218eab847cba0565","Eukaryota","Hacrobia","Haptophyta","Prymnesiophyceae","Prymnesiales","Chrysochromulinaceae","Chrysochromulina","Chrysochromulina_sp.",0.999766232
"1283","57541eb6c6e059bc92b7fc021809e362","Eukaryota","Alveolata","Dinoflagellata","Syndiniales","Dino-Group-II","Dino-Group-II-Clade-10-and-11","Dino-Group-II-Clade-10-and-11_X","Dino-Group-II-Clade-10-and-11_X_sp.",0.999931629
"1284","3a6d1646e99fb67d3c05071953609eea","Eukaryota","Hacrobia","Haptophyta","Prymnesiophyceae","Prymnesiales","Chrysochromulinaceae","Chrysochromulina","Chrysochromulina_sp.",0.990311465
"1285","feb614c24b80fff1e4fbfd88a506f146","Eukaryota","Alveolata","Dinoflagellata","Dinophyceae",NA,NA,NA,NA,0.970676404
"1286","6d4981b585ad288f43358bf76b4d5dcf","Eukaryota","Archaeplastida","Chlorophyta","Mamiellophyceae","Mamiellales","Bathycoccaceae","Ostreococcus",NA,0.999999998
"1287","151039e95236b9eeca79fe4bb814551e","Eukaryota","Opisthokonta","Metazoa","Arthropoda","Crustacea","Maxillopoda",NA,NA,0.999969381
"1288","824a136050892b367eaf7110942ecb27","Eukaryota","Alveolata","Dinoflagellata","Dinophyceae",NA,NA,NA,NA,0.999806414
"1289","a5dcf59bd9b7be95bf3e2485f9549ba8","Eukaryota",NA,NA,NA,NA,NA,NA,NA,0.999899108
"1290","a6ed685be9f7f1d5ada9a925720703e5","Eukaryota","Amoebozoa","Lobosa","Discosea-Flabellinia","Dactylopodida","Paramoebidae","Neoparamoeba","Neoparamoeba_branchiphila",0.999963869
"1291","57a81bf295261d79940e8023b1115dbf","Eukaryota","Alveolata","Dinoflagellata","Dinophyceae",NA,NA,NA,NA,0.997220839
"1292","b77e8949e429f13606c9d98f4b757fa8","Eukaryota","Alveolata","Dinoflagellata","Dinophyceae","Suessiales","Suessiaceae","Polarella","Polarella_glacialis",0.999325698
"1293","f8e6a4fbffaa8346acd52fda57b9c554","Eukaryota","Archaeplastida","Rhodophyta","Florideophyceae","Gigartinales","Gigartinales_X",NA,NA,0.998035736
"1294","295849a9901f0366513e61d38c5c54ab","Eukaryota","Stramenopiles","Ochrophyta","Bacillariophyta","Bacillariophyta_X","Polar-centric-Mediophyceae","Chaetoceros","Chaetoceros_rostratus",0.974621024
"1295","b8c5abfdc7d28c68a67d3d40a19701b8","Eukaryota","Alveolata","Ciliophora","Spirotrichea","Euplotia","Uronychiidae","Uronychia",NA,0.999841731
"1296","26396082e35e1bc8583db26b155be85f","Eukaryota","Alveolata","Dinoflagellata","Dinophyceae",NA,NA,NA,NA,0.996405858
"1297","2cf3b9a0133810a18c7a1380751fb2e3","Eukaryota","Alveolata","Ciliophora","CONThreeP","CONThreeP_X","CONThreeP_XX","Askenasia","Askenasia_sp.",0.999612005
"1298","791d75e29af034e9029c25b76132c54c","Eukaryota","Stramenopiles","Ochrophyta","Bacillariophyta","Bacillariophyta_X","Raphid-pennate","Pleurosigma","Pleurosigma_intermedium",0.991808788
"1299","17eaa46d4bca3b64fb2e1c106608e57b","Eukaryota","Stramenopiles","Ochrophyta","Bacillariophyta","Bacillariophyta_X",NA,NA,NA,0.999493547
"1300","4d3290424747de2046f8ebfc8ea2581d","Eukaryota","Stramenopiles","Pseudofungi","MAST-1","MAST-1B","MAST-1B_X","MAST-1B_XX","MAST-1B_XX_sp.",0.999992237
"1301","52c12b417a7abe469fae6c8ee8120c46","Eukaryota","Alveolata","Dinoflagellata","Syndiniales","Dino-Group-I","Dino-Group-I-Clade-1","Dino-Group-I-Clade-1_X","Dino-Group-I-Clade-1_X_sp.",0.999999764
"1302","8947d42ebf2e318b9d1153834661be45","Eukaryota","Opisthokonta","Metazoa","Annelida","Annelida_X","Annelida_XX",NA,NA,0.999392838
"1303","5bc6f3505452fc8fd44b74e0c593e879","Eukaryota","Alveolata","Dinoflagellata","Dinophyceae","Gymnodiniales","Gymnodiniaceae","Paragymnodinium","Paragymnodinium_shiwhaense",0.99359964
"1304","cf518121f20eb7bb07914f73a9fc57d7","Eukaryota","Alveolata","Dinoflagellata","Dinophyceae",NA,NA,NA,NA,0.998924289
"1305","08bf43a38e4209c829a86394d574479d","Eukaryota","Hacrobia","Telonemia","Telonemia_X","Telonemia_XX","Telonemia-Group-1","Telonemia-Group-1_X","Telonemia-Group-1_X_sp.",1
"1306","b2e9f48be39b8f9377a419d4175b9b67","Eukaryota","Stramenopiles","Ochrophyta","Bacillariophyta","Bacillariophyta_X","Polar-centric-Mediophyceae","Conticribra","Conticribra_weissflogii",0.982848095
"1307","75fd7c3cb7e8a5b5a3d9e02aec382686","Eukaryota","Rhizaria","Cercozoa","Filosa-Thecofilosea","Cryomonadida",NA,NA,NA,0.999751871
"1308","f332ecaba700311f48beb09ee2d7be32","Eukaryota","Opisthokonta","Metazoa","Arthropoda","Crustacea","Maxillopoda",NA,NA,0.999993618
"1309","a72c485a78416638ee407b0b81a26ec3","Eukaryota","Stramenopiles","Ochrophyta","Pelagophyceae","Pelagomonadales","Pelagomonadaceae","Pelagococcus","Pelagococcus_subviridis",0.999714772
"1310","dc42d5396ca3cecd6dcd45036991956e","Eukaryota","Alveolata","Ciliophora","Spirotrichea","Strombidiida","Strombidiidae_K","Strombidium_K","Strombidium_K_sp.",0.986050234
"1311","1984c537b29f13163154ca73373afbfd","Eukaryota","Stramenopiles","Sagenista","Labyrinthulomycetes","Thraustochytrida","Thraustochytriaceae","Thraustochytriaceae_LAB17","Thraustochytriaceae_LAB17_sp.",0.979845478
"1312","d62aac946455784a26aeef2b856c287e","Eukaryota","Alveolata","Dinoflagellata","Dinophyceae",NA,NA,NA,NA,0.998524695
"1313","a54271d278be87a7772be2c679c37247","Eukaryota","Alveolata","Dinoflagellata","Syndiniales","Dino-Group-I","Dino-Group-I-Clade-4","Dino-Group-I-Clade-4_X","Dino-Group-I-Clade-4_X_sp.",0.999999932
"1314","194eea44d29976085e1d39de3cd90237","Eukaryota","Alveolata","Dinoflagellata",NA,NA,NA,NA,NA,0.996912825
"1315","c48c7f1ffe05136008ff88139d9562ac","Eukaryota","Opisthokonta","Metazoa","Annelida","Annelida_X","Annelida_XX","Boccardiella","Boccardiella_ligerica",0.999715012
"1316","b850c161ab4351e2adf585e7038de585","Eukaryota","Hacrobia","Picozoa","Picozoa_X","Picozoa_XX","Picozoa_XXX","Picozoa_XXXX","Picozoa_XXXX_sp.",0.999981533
"1317","c31ff2b7660896a0471474d3485f7a70","Eukaryota","Alveolata","Dinoflagellata","Dinophyceae",NA,NA,NA,NA,0.991394955
"1318","5471674acb5de95c6bc68980390727e7","Eukaryota","Alveolata","Dinoflagellata","Syndiniales","Dino-Group-II","Dino-Group-II-Clade-10-and-11","Dino-Group-II-Clade-10-and-11_X","Dino-Group-II-Clade-10-and-11_X_sp.",0.999292393
"1319","a45e9340a7cb557a1519976e9db62ce2","Eukaryota","Alveolata","Dinoflagellata","Dinophyceae",NA,NA,NA,NA,0.981271539
"1320","932ad099cbd537224f188c184b7e95b7","Eukaryota","Stramenopiles","Opalozoa","MAST-3","MAST-3D","MAST-3D_X","MAST-3D_XX","MAST-3D_XX_sp.",0.99999931
"1321","5b41f30b95c7b468b0c6529b8031d963","Eukaryota","Hacrobia","Telonemia","Telonemia_X","Telonemia_XX","Telonemia-Group-2","Telonemia-Group-2_X","Telonemia-Group-2_X_sp.",0.999999898
"1322","28f33bbda76e175687234808d267b4f5","Eukaryota","Alveolata","Dinoflagellata","Syndiniales","Dino-Group-III","Dino-Group-III_X","Dino-Group-III_XX","Dino-Group-III_XX_sp.",0.999965936
"1323","db25cec62f9d57e37021bfa1b5fb831f","Eukaryota","Alveolata","Dinoflagellata","Syndiniales","Dino-Group-II","Dino-Group-II-Clade-16","Dino-Group-II-Clade-16_X","Dino-Group-II-Clade-16_X_sp.",0.999866367
"1324","875c5d64a3087ce5af37c7415e127154","Eukaryota","Alveolata","Dinoflagellata","Syndiniales","Dino-Group-I","Dino-Group-I-Clade-4","Dino-Group-I-Clade-4_X","Dino-Group-I-Clade-4_X_sp.",0.999995663
"1325","c6187d66c1d5d5e9d280b129c7da089b","Eukaryota","Alveolata","Dinoflagellata","Dinophyceae","Suessiales","Suessiaceae","Protodinium","Protodinium_simplex",0.997190608
"1326","9aee45c6e8ba39ab2249addb68110605","Eukaryota","Stramenopiles","Ochrophyta","Bacillariophyta","Bacillariophyta_X",NA,NA,NA,0.999976866
"1327","01048adf25c893c14b4e27a1ffc87b44","Eukaryota","Alveolata","Dinoflagellata","Syndiniales","Dino-Group-II","Dino-Group-II-Clade-23","Dino-Group-II-Clade-23_X","Dino-Group-II-Clade-23_X_sp.",0.996111775
"1328","6229524ae1f8504b002b4ba3fd661231","Eukaryota","Stramenopiles","Ochrophyta","Bacillariophyta","Bacillariophyta_X",NA,NA,NA,0.977154544
"1329","e0bce003d0ec09fcc1cf328bbdd41e27","Eukaryota","Alveolata","Dinoflagellata","Syndiniales","Dino-Group-I","Dino-Group-I-Clade-1","Dino-Group-I-Clade-1_X","Dino-Group-I-Clade-1_X_sp.",0.999991889
"1330","36ce93ef3b55c7ee15e130b38893b004","Eukaryota","Alveolata","Dinoflagellata","Dinophyceae",NA,NA,NA,NA,0.999421749
"1331","ee3f12e6b033a988f632800fa8e482d7","Eukaryota","Alveolata","Dinoflagellata","Syndiniales","Dino-Group-II","Dino-Group-II-Clade-10-and-11","Dino-Group-II-Clade-10-and-11_X","Dino-Group-II-Clade-10-and-11_X_sp.",0.97765005
"1332","b0a2d1974fc26f1a773feae20aac741e","Eukaryota","Alveolata","Dinoflagellata","Syndiniales","Dino-Group-II",NA,NA,NA,0.983106973
"1333","d0d9ab07be884a506b52de265d9d9574","Eukaryota","Opisthokonta",NA,NA,NA,NA,NA,NA,0.99969096
"1334","d1a38582c00ab1812dda89844f5c7bd3","Eukaryota","Amoebozoa","Lobosa","Discosea-Flabellinia","Vannellida","Vannellidae","Vannella",NA,0.99999995
"1335","9f8b43c052c1be9664860f6d73cc1804","Eukaryota","Alveolata","Dinoflagellata","Dinophyceae",NA,NA,NA,NA,0.998532219
"1336","5578768d38f1e6569e66c7b8f6d1f0c7","Eukaryota","Stramenopiles","Opalozoa","MAST-3","MAST-3J","MAST-3J_X","MAST-3J_XX","MAST-3J_XX_sp.",0.995181069
"1337","73c4255feab7840d2e03f72616af4c70","Eukaryota","Opisthokonta","Metazoa","Annelida","Annelida_X","Annelida_XX","Neanthes","Neanthes_succinea",0.993146135
"1338","ef9736107958a5a30024d7411b9123be","Eukaryota","Excavata","Discoba","Diplonemea","Diplonemida","Eupelagonemidae","Eupelagonemidae_X","Eupelagonemidae_X_sp.",1
"1339","82e4b9b04a7691320dd29f124b98d68e","Eukaryota","Opisthokonta","Metazoa","Arthropoda","Crustacea","Maxillopoda","Archinotodelphys","Archinotodelphys_sp.",0.980013823
"1340","ea1ed684aedc10961a659fd7e56ba9d2","Eukaryota","Stramenopiles","Sagenista","MAST-9","MAST-9A","MAST-9A_X","MAST-9A_XX","MAST-9A_XX_sp.",0.99999998
"1341","c3eaac6c1be7f080d6bb4f01b363ea4e","Eukaryota","Alveolata","Dinoflagellata","Syndiniales","Dino-Group-II","Dino-Group-II-Clade-8","Dino-Group-II-Clade-8_X","Dino-Group-II-Clade-8_X_sp.",0.998658051
"1342","ae2a6ee57427a9aa88eb66ce184c06c7","Eukaryota","Opisthokonta","Choanoflagellida","Choanoflagellatea","Acanthoecida","Stephanoecidae_Group_D","Stephanoecidae_Group_D_X","Stephanoecidae_Group_D_X_sp.",0.989241442
"1343","bbc32301e346954289a4dbf4cf825609","Eukaryota","Rhizaria","Cercozoa","Filosa-Thecofilosea","Cryomonadida","Protaspa-lineage",NA,NA,0.98907223
"1344","8995dba21b2fb050ce51d8f522885230","Eukaryota","Alveolata","Dinoflagellata","Syndiniales","Dino-Group-I","Dino-Group-I-Clade-1","Dino-Group-I-Clade-1_X","Dino-Group-I-Clade-1_X_sp.",0.99988387
"1345","9db129f6741ca77f9b50f32e1623df03","Eukaryota","Stramenopiles","Ochrophyta","Bacillariophyta","Bacillariophyta_X","Polar-centric-Mediophyceae","Porosira",NA,0.972300368
"1346","c237c3c988be95fd60b54ccea4d8c874","Eukaryota","Alveolata","Dinoflagellata","Syndiniales","Dino-Group-II","Dino-Group-II-Clade-23","Dino-Group-II-Clade-23_X","Dino-Group-II-Clade-23_X_sp.",0.992858749
"1347","3e7b8384a1f0215986af20383efda07b","Eukaryota","Stramenopiles","Ochrophyta","Bacillariophyta","Bacillariophyta_X",NA,NA,NA,0.999783453
"1348","d681261564314b2e4c9a9cfdac807642","Eukaryota","Alveolata","Dinoflagellata","Dinophyceae","Gonyaulacales","Goniodomataceae","Alexandrium","Alexandrium_fundyense",0.996442668
"1349","eac77e5324fb55ee6fdb5c0e50f0175f","Eukaryota","Alveolata","Dinoflagellata","Syndiniales","Dino-Group-I","Dino-Group-I-Clade-4","Dino-Group-I-Clade-4_X","Dino-Group-I-Clade-4_X_sp.",0.999999251
"1350","ef0aa553882a1f3f948e8ee3715cc957","Eukaryota","Stramenopiles","Opalozoa","Bicoecea","Anoecales","Caecitellaceae","Caecitellus",NA,0.995856992
"1351","58d1cac38f1979c257a87dc9e1686dd2","Eukaryota","Alveolata","Dinoflagellata","Syndiniales","Dino-Group-II","Dino-Group-II-Clade-1","Dino-Group-II-Clade-1_X","Dino-Group-II-Clade-1_X_sp.",0.99999934
"1352","0e6fc3674f6b8cbca10c49e67476c94f","Eukaryota","Opisthokonta",NA,NA,NA,NA,NA,NA,0.984045884
"1353","24825b21d9510c92511d44e3387fcb28","Eukaryota","Alveolata","Dinoflagellata","Dinophyceae",NA,NA,NA,NA,0.989664115
"1354","75b7ed484b70045596be0bd2471143d7","Eukaryota","Opisthokonta","Metazoa","Ctenophora","Ctenophora_X","Ctenophora_XX",NA,NA,0.998192741
"1355","407e9239fe0c06f816e6c0619c938b56","Eukaryota","Stramenopiles","Ochrophyta","Pelagophyceae","Pelagomonadales","Pelagomonadales_clade_A","Pelagomonadales_clade_A1","Pelagomonadales_clade_A1_sp.",0.999990371
"1356","aa0f9db678dbc977cace97abcfb93abc","Eukaryota","Stramenopiles","Ochrophyta","Dictyochophyceae","Dictyochophyceae_X","Pedinellales","Pedinellales_X","Pedinellales_X_sp.",0.999818931
"1357","5a72dc929bacfd858d65a0e0c262a2de","Eukaryota","Alveolata","Dinoflagellata","Dinophyceae",NA,NA,NA,NA,0.995797681
"1358","af5d3d0413be4db2a8c4d0b821570ee8","Eukaryota","Hacrobia","Telonemia","Telonemia_X","Telonemia_XX","Telonemia-Group-1","Telonemia-Group-1_X","Telonemia-Group-1_X_sp.",0.999999772
"1359","8945e3126a5e6971a42aa9505a80db4f","Eukaryota","Stramenopiles","Ochrophyta","Dictyochophyceae","Dictyochophyceae_X","Pedinellales","Pedinellales_X","Pedinellales_X_sp.",0.99998508
"1360","a0d9438909d65d0bdb15e3f77073d1c4","Eukaryota","Alveolata","Dinoflagellata","Syndiniales","Dino-Group-I","Dino-Group-I-Clade-5","Dino-Group-I-Clade-5_X","Dino-Group-I-Clade-5_X_sp.",0.989452843
"1361","87501fb14a5f47039c3e9f568339300c","Eukaryota","Archaeplastida","Chlorophyta","Ulvophyceae","Ulotrichales","Ulotrichales_X",NA,NA,0.999999679
"1362","b5d7e2b5c25bad91ed646e0387b3d004","Eukaryota","Alveolata","Dinoflagellata","Dinophyceae","Peridiniales","Protoperidiniaceae","Protoperidinium","Protoperidinium_sp.",0.999993737
"1363","d7b99c254422122948481b59f59dd690","Eukaryota","Opisthokonta",NA,NA,NA,NA,NA,NA,0.997336556
"1364","58235d4ba99fb3bcca516cd5d05697eb","Eukaryota",NA,NA,NA,NA,NA,NA,NA,0.999998033
"1365","49ff08296115551ddc198ef4813f92af","Eukaryota","Alveolata","Dinoflagellata","Syndiniales","Dino-Group-III","Dino-Group-III_X","Dino-Group-III_XX","Dino-Group-III_XX_sp.",0.999986111
"1366","204d25eaf9249bbc2c000bf6a2b8cfd3","Eukaryota","Stramenopiles","Ochrophyta","Bacillariophyta","Bacillariophyta_X","Radial-centric-basal-Coscinodiscophyceae","Stellarima","Stellarima_microtrias",0.999993998
"1367","3890a586c1fd8c4fdfa08e469e068f87","Eukaryota","Stramenopiles","Opalozoa","MAST-3","MAST-3D","MAST-3D_X","MAST-3D_XX","MAST-3D_XX_sp.",0.999999876
"1368","ce4b2568479f6575bd9393fc6246b103","Eukaryota","Alveolata","Dinoflagellata",NA,NA,NA,NA,NA,0.987668968
"1369","c038533aee4ebed8d9a42f47abde031a","Eukaryota","Alveolata","Dinoflagellata","Dinophyceae","Gonyaulacales","Ceratiaceae","Tripos","Tripos_fusus",0.991942864
"1370","2d915c6fc4b2c13414c8213f76545a5f","Eukaryota","Alveolata","Dinoflagellata","Dinophyceae","Peridiniales","Protoperidiniaceae","Protoperidinium","Protoperidinium_sp.",0.999995795
"1371","59b1f892e9a07569711be8744394c49b","Eukaryota","Archaeplastida","Chlorophyta","Mamiellophyceae","Dolichomastigales","Dolichomastigaceae",NA,NA,0.977452888
"1372","2d09ff69c59439314317d532ca3e37f2","Eukaryota","Stramenopiles","Pseudofungi","MAST-1","MAST-1C","MAST-1C_X","MAST-1C_XX","MAST-1C_XX_sp.",1
"1373","149804a74315db1c87932d2193fb3b03","Eukaryota","Archaeplastida","Prasinodermophyta","Prasinodermophyceae","Prasinodermales","Prasinodermaceae","Prasinodermaceae_X","Prasinodermaceae_X_sp.",0.999409323
"1374","fde8a13324e2c85336188316fc2fa2c5","Eukaryota","Alveolata","Dinoflagellata","Syndiniales","Dino-Group-II",NA,NA,NA,0.994680189
"1375","bc59344e4c49d1fddab5e7dde36d9789","Eukaryota","Rhizaria","Cercozoa","Filosa-Thecofilosea","Cryomonadida",NA,NA,NA,0.994717725
"1376","2c2dbc2c8f1571c62779697f74f4eae0","Eukaryota","Stramenopiles","Ochrophyta","Bacillariophyta","Bacillariophyta_X","Raphid-pennate","Pseudo-nitzschia","Pseudo-nitzschia_heimii",0.998838248
"1377","19856755d365fc24090b7e0086221762","Eukaryota","Alveolata","Dinoflagellata","Dinophyceae",NA,NA,NA,NA,0.986657779
"1378","5f4941881a62453455a6990cd497989e","Eukaryota","Stramenopiles","Opalozoa","MAST-3","MAST-3F","MAST-3F_X","MAST-3F_XX","MAST-3F_XX_sp.",1
"1379","a1996b4bbb983f51690f68e60c978d89","Eukaryota","Opisthokonta","Metazoa","Arthropoda","Crustacea","Malacostraca","Probopyrus","Probopyrus_pacificiensis",0.994764498
"1380","2461e3fd61aca0fb4ed004847a0d3add","Eukaryota","Rhizaria","Radiolaria","RAD-B","RAD-B_X","RAD-B_X_Group-IVe","RAD-B_X_Group-IVe_X","RAD-B_X_Group-IVe_X_sp.",0.999999993
"1381","ae8fa186d5e88b8e3a112c6e4845df5e","Eukaryota","Opisthokonta","Metazoa","Arthropoda","Crustacea","Maxillopoda",NA,NA,0.999992503
"1382","d59eb6e992ee25ba2a5719f7303ac022","Eukaryota","Alveolata","Dinoflagellata","Syndiniales","Dino-Group-II","Dino-Group-II-Clade-10-and-11","Dino-Group-II-Clade-10-and-11_X","Dino-Group-II-Clade-10-and-11_X_sp.",0.994414014
"1383","52d127d352db5b6d6b35e63a6c7134b3","Eukaryota","Alveolata","Dinoflagellata",NA,NA,NA,NA,NA,0.980843079
"1384","5f64f143925ca46990120bc43810cd8c","Eukaryota","Stramenopiles","Opalozoa","MAST-3","MAST-3E","MAST-3E_X","MAST-3E_XX","MAST-3E_XX_sp.",0.999999989
"1385","2abfa726d24e90ca55757ffc54fa69ac","Eukaryota","Alveolata","Ciliophora","Spirotrichea","Strombidiida","Strombidiidae_F","Strombidium_F","Strombidium_chlorophilum",0.999996598
"1386","0bbd78c43f2064fed8a2cff68a14d804","Eukaryota","Stramenopiles",NA,NA,NA,NA,NA,NA,0.991042313
"1387","14b113961e0805fb5e1bb3b40d828f52","Eukaryota","Stramenopiles","Ochrophyta","Bacillariophyta","Bacillariophyta_X","Radial-centric-basal-Coscinodiscophyceae","Corethron","Corethron_inerme",0.999998832
"1388","5148bc55d35c3c188d2c5e37a54ecf5a","Eukaryota","Alveolata","Dinoflagellata","Dinophyceae","Gonyaulacales","Goniodomataceae","Alexandrium","Alexandrium_fundyense",0.999995229
"1389","fd6f0447e4a2094ed9eca3731d334321","Eukaryota","Opisthokonta","Metazoa","Annelida","Annelida_X","Annelida_XX","Scalibregma","Scalibregma_inflatum",0.999995196
"1390","4d518e3cf6c609a20644d1c75cf70d31","Eukaryota","Stramenopiles","Ochrophyta","Bacillariophyta","Bacillariophyta_X","Radial-centric-basal-Coscinodiscophyceae","Stellarima","Stellarima_microtrias",0.999993579
"1391","c85730df25050f6112a7683402f16a03","Eukaryota","Stramenopiles","Ochrophyta","Dictyochophyceae","Dictyochophyceae_X","Pedinellales",NA,NA,0.999302044
"1392","10f8e2245f0702257daa74d75036251b","Eukaryota","Stramenopiles","Opalozoa","Bicoecea","Anoecales","Cafeteriaceae","Pseudobodo","Pseudobodo_tremulans",0.999990293
"1393","8a1db4ea010e3000deb77d7b88900ad3","Eukaryota","Stramenopiles","Ochrophyta","Bacillariophyta","Bacillariophyta_X",NA,NA,NA,0.999926964
"1394","0139783fdcfed4652f529456937871c3","Eukaryota","Stramenopiles","Sagenista","MAST-8","MAST-8A","MAST-8A_X","MAST-8A_XX","MAST-8A_XX_sp.",0.999491203
"1395","77e9a2fcaedef11d0f5668a6a9bee526","Eukaryota","Alveolata","Dinoflagellata","Dinophyceae",NA,NA,NA,NA,0.991733237
"1396","ce8ac5b365a1687cfb94ddfd79456b12","Eukaryota","Alveolata","Dinoflagellata","Dinophyceae","Peridiniales","Protoperidiniaceae","Protoperidinium","Protoperidinium_sp.",0.999988114
"1397","de53a9ae121eef3062bc8a535fbd5a2f","Eukaryota","Alveolata","Dinoflagellata","Syndiniales","Dino-Group-II","Dino-Group-II-Clade-22","Dino-Group-II-Clade-22_X","Dino-Group-II-Clade-22_X_sp.",0.999701034
"1398","c674984da2f404dcbbe24e24bdca80e8","Eukaryota","Opisthokonta","Metazoa","Arthropoda","Crustacea","Maxillopoda",NA,NA,0.999999741
"1399","dd5c1c3b147e388fc90975433489a6f3","Eukaryota","Alveolata","Dinoflagellata","Dinophyceae","Dinophysiales","Dinophysiaceae","Dinophysis","Dinophysis_acuminata",0.976461063
"1400","9650282a00ca1f8f2192229489f445ea","Eukaryota","Stramenopiles","Ochrophyta","Bacillariophyta","Bacillariophyta_X","Polar-centric-Mediophyceae","Arcocellulus","Arcocellulus_cornucervis",0.986755597
"1401","5f1f7041564e33f2ecda6856d657aaa0","Eukaryota","Opisthokonta","Metazoa","Annelida","Annelida_X","Annelida_XX","Boccardiella","Boccardiella_ligerica",0.999763494
"1402","22d296bdd1609bd796d392eb2f6a5d5b","Eukaryota","Stramenopiles","Ochrophyta","Bacillariophyta","Bacillariophyta_X","Polar-centric-Mediophyceae","Porosira",NA,0.999999999
"1403","6737a5656ab59d9f060bf27f3d62864c","Eukaryota","Opisthokonta","Metazoa","Annelida","Annelida_X","Annelida_XX",NA,NA,0.999998368
"1404","7943feec4fe0d5776b7a60424201d42f","Eukaryota","Alveolata","Dinoflagellata","Syndiniales","Dino-Group-II","Dino-Group-II-Clade-39","Dino-Group-II-Clade-39_X","Dino-Group-II-Clade-39_X_sp.",0.999999677
"1405","7ff506c766611c6769d2b1b2f05a8c00","Eukaryota","Opisthokonta","Choanoflagellida","Choanoflagellatea","Acanthoecida","Stephanoecidae_Group_D","Stephanoecidae_Group_D_X","Stephanoecidae_Group_D_X_sp.",0.999999808
"1406","a9eddc7038c9557b40e3629929cb40d1","Eukaryota","Stramenopiles","Ochrophyta","Dictyochophyceae","Dictyochophyceae_X","Florenciellales","Pseudochattonella","Pseudochattonella_verruculosa",0.986171412
"1407","6f8d4c957855270afcd260dfd380c5e4","Eukaryota","Rhizaria","Cercozoa","Filosa-Thecofilosea","Cryomonadida","Cryothecomonas-lineage","Cryothecomonas",NA,0.976808126
"1408","00698edbccb86f46546a25997592e262","Eukaryota","Opisthokonta",NA,NA,NA,NA,NA,NA,0.998728939
"1409","4943e143efa006107cf5cfb50deb508d","Eukaryota","Alveolata","Dinoflagellata","Dinophyceae",NA,NA,NA,NA,0.979610891
"1410","851973c962e3e2945c1e93626dfbd576","Eukaryota",NA,NA,NA,NA,NA,NA,NA,0.999998975
"1411","d24f724d7e10e00d9d746304dffbeea1","Eukaryota","Alveolata","Dinoflagellata","Dinophyceae","Gonyaulacales","Protoceratiaceae","Protoceratium","Protoceratium_reticulatum",0.999999996
"1412","6bb1f210a90c6d4876cc1be0fc378263","Eukaryota","Opisthokonta","Metazoa","Arthropoda","Crustacea","Maxillopoda",NA,NA,0.999996425
"1413","82b8378343e0b29d3585ae5edc79634b","Eukaryota","Hacrobia","Picozoa","Picozoa_X","Picozoa_XX","Picozoa_XXX","Picozoa_XXXX","Picozoa_XXXX_sp.",0.972953024
"1414","453717317d089485532b8600e3cc21ee","Eukaryota","Stramenopiles","Ochrophyta","Dictyochophyceae","Dictyochophyceae_X","Pedinellales",NA,NA,0.999990962
"1415","579f018ddfb23bd725f27edda8e3bc4a","Eukaryota","Opisthokonta","Metazoa","Arthropoda","Crustacea","Maxillopoda",NA,NA,0.996749494
"1416","182ad65d41871013ad1f19c63da819b4","Eukaryota","Opisthokonta","Metazoa","Annelida","Annelida_X","Annelida_XX","Eteone","Eteone_longa",0.995700932
"1417","0203e3b09dd2f90983984b12dbaed153","Eukaryota","Opisthokonta","Metazoa","Arthropoda","Crustacea","Maxillopoda",NA,NA,0.99994271
"1418","87217efc8058a4b1a81a99cc82968828","Eukaryota","Stramenopiles","Pseudofungi","MAST-1","MAST-1B","MAST-1B_X","MAST-1B_XX","MAST-1B_XX_sp.",0.999999785
"1419","f025a270509f76678dad66284c331608","Eukaryota",NA,NA,NA,NA,NA,NA,NA,1
"1420","4646d1bab0cfb263482cfcb79f07524c","Eukaryota","Stramenopiles","Ochrophyta","Bacillariophyta","Bacillariophyta_X",NA,NA,NA,0.998828635
"1421","b6cb534ce8d7be6824d74f781d7f9dea","Eukaryota","Alveolata","Dinoflagellata","Syndiniales","Dino-Group-I","Dino-Group-I-Clade-1","Dino-Group-I-Clade-1_X","Dino-Group-I-Clade-1_X_sp.",0.999999498
"1422","24a3aae328e6106acd30558eab3bfb36","Eukaryota","Alveolata","Dinoflagellata","Syndiniales","Dino-Group-II","Dino-Group-II-Clade-1","Dino-Group-II-Clade-1_X","Dino-Group-II-Clade-1_X_sp.",0.996845621
"1423","0fa4efff1ec8465e0ab57e12cd9f6a95","Eukaryota","Alveolata","Dinoflagellata","Dinophyceae",NA,NA,NA,NA,0.999569302
"1424","14a018aed44dbed07b29335b17143298","Eukaryota","Alveolata","Dinoflagellata","Syndiniales","Dino-Group-I","Dino-Group-I-Clade-1","Dino-Group-I-Clade-1_X","Dino-Group-I-Clade-1_X_sp.",0.999997839
"1425","c1546cfdfd4ae56f5d2f7f147d37b09d","Eukaryota","Stramenopiles","Ochrophyta","Chrysophyceae","Chrysophyceae_X","Chrysophyceae_Clade-H","Chrysophyceae_Clade-H_X","Chrysophyceae_Clade-H_X_sp.",1
"1426","7e243b69dee7bd70f5244edf5ab9db0e","Eukaryota","Alveolata","Ciliophora","Spirotrichea","Strombidiida","Strombidiidae_H","Strombidiidae_H_X","Strombidiidae_H_X_sp.",0.976385977
"1427","51d58ec29d6db0cdbe6e8a6fd8966acc","Eukaryota","Archaeplastida","Rhodophyta","Florideophyceae",NA,NA,NA,NA,0.99999908
"1428","cd091d98881c5729b57bc225b3fc903a","Eukaryota","Archaeplastida","Chlorophyta","Nephroselmidophyceae","Nephroselmidales","Nephroselmidales_X","Nephroselmis","Nephroselmis_rotunda",0.997040398
"1429","62ed3ba8cda00712636ae1b39c17c9a6","Eukaryota","Amoebozoa","Lobosa","Discosea-Flabellinia","Dactylopodida","Paramoebidae","Neoparamoeba","Neoparamoeba_branchiphila",0.999414247
"1430","264596c895032eae59ebeb39cf440ec1","Eukaryota","Alveolata","Dinoflagellata","Syndiniales","Dino-Group-I","Dino-Group-I-Clade-3","Dino-Group-I-Clade-3_X","Dino-Group-I-Clade-3_X_sp.",0.997018894
"1431","893d8bcfd0b0cc77df0532fd6bdb3b11","Eukaryota",NA,NA,NA,NA,NA,NA,NA,0.999803856
"1432","8d20e39a1eb2659852a28ca864e7a289","Eukaryota","Opisthokonta","Metazoa","Mollusca","Gastropoda","Heterobranchia","Cuvierina","Cuvierina_columnella",0.999948611
"1433","4bc55f188f3a326c1d074bd2f904b31e","Eukaryota","Alveolata","Dinoflagellata",NA,NA,NA,NA,NA,0.989584087
"1434","2c340d33f90c6f66b57e832949d4404a","Eukaryota",NA,NA,NA,NA,NA,NA,NA,0.99880412
"1435","0b0a6b5a7e0e25496ce4f655172977bb","Eukaryota","Alveolata","Ciliophora",NA,NA,NA,NA,NA,0.999120743
"1436","0e548aa2607525017887e709d7b32e20","Eukaryota","Opisthokonta","Metazoa","Annelida","Annelida_X","Annelida_XX","Polycirrus",NA,0.973101
"1437","d383f351386f724238cfc0aba453e55b","Eukaryota","Alveolata","Dinoflagellata","Syndiniales","Dino-Group-I","Dino-Group-I-Clade-1","Dino-Group-I-Clade-1_X","Dino-Group-I-Clade-1_X_sp.",0.999999172
"1438","2685737d5518272e46d2c93e7d29165e","Eukaryota","Stramenopiles","Sagenista","Labyrinthulomycetes","Thraustochytrida","Thraustochytriaceae",NA,NA,0.994496182
"1439","0b5638906dc40d25f01d65c59656627c","Eukaryota","Archaeplastida","Chlorophyta","Mamiellophyceae","Mamiellales","Mamiellaceae","Mantoniella","Mantoniella_squamata",0.998283164
"1440","8728b0482472701f2d175080ce737745","Eukaryota","Stramenopiles","Opalozoa","MAST-3","MAST-3E","MAST-3E_X","MAST-3E_XX","MAST-3E_XX_sp.",0.999994379
"1441","764f17cb063e29f8b45ce080097d2775","Eukaryota","Opisthokonta","Metazoa","Chaetognatha","Aphragmophora","Aphragmophora_X","Sagitta","Sagitta_elegans",0.999604856
"1442","b0070ad18bf2c2a1dc5c6b30fd957d07","Eukaryota","Alveolata","Dinoflagellata","Syndiniales","Dino-Group-I","Dino-Group-I-Clade-8","Dino-Group-I-Clade-8_X","Dino-Group-I-Clade-8_X_sp.",0.999832781
"1443","7f3ece3ec81a43419164d33198eed92b","Eukaryota","Alveolata","Dinoflagellata","Dinophyceae","Peridiniales","Protoperidiniaceae","Protoperidinium","Protoperidinium_americanum",0.999424987
"1444","57b28ea4c5f03a2fad043e4e5a65a8c8","Eukaryota","Rhizaria","Radiolaria","Acantharea","Acantharea_F","Acantharea_F2","Amphibelone","Amphibelone_heteracanthum",0.99999772
"1445","73cddd075c8b581f4435d82c90ff0154","Eukaryota","Alveolata","Ciliophora","Spirotrichea","Strombidiida","Strombidiidae_K","Strombidium_K","Strombidium_K_sp.",0.998833262
"1446","c7192e374e904e262e2a6ecf7a5db757","Eukaryota","Opisthokonta","Metazoa","Arthropoda","Crustacea","Maxillopoda","Maxillopoda_X","Maxillopoda_X_sp.",0.982460067
"1447","211270779ccabbe19d3da39c5581f1e7","Eukaryota","Alveolata","Dinoflagellata","Syndiniales","Dino-Group-III","Dino-Group-III_X","Dino-Group-III_XX","Dino-Group-III_XX_sp.",0.999992235
"1448","8496b75e9a97038a822a37f97ae6804b","Eukaryota",NA,NA,NA,NA,NA,NA,NA,0.999999998
"1449","40ff885b4eabbc308bb787974b0ac08d","Eukaryota","Stramenopiles","Ochrophyta","Bacillariophyta","Bacillariophyta_X","Polar-centric-Mediophyceae","Chaetoceros","Chaetoceros_diadema_1",0.999818082
"1450","07af29e3517b16404799fa6a70777ec1","Eukaryota","Hacrobia","Haptophyta","Prymnesiophyceae","Prymnesiales","Chrysochromulinaceae","Chrysochromulina",NA,0.999510589
"1451","017fc0c175e7973836b177a28640345e","Eukaryota","Alveolata","Dinoflagellata","Dinophyceae","Gymnodiniales","Warnowiaceae","Warnowia","Warnowia_sp.",0.998161669
"1452","233400d2cb3f3cd48f73756edebf6d1a","Eukaryota","Opisthokonta","Metazoa","Arthropoda","Crustacea","Maxillopoda",NA,NA,0.999994544
"1453","3aa43ddeb6f5f763a314df1eb9c7af21","Eukaryota","Opisthokonta","Fungi",NA,NA,NA,NA,NA,0.976922986
"1454","953a5748098c817f516d6b6142dad81d","Eukaryota",NA,NA,NA,NA,NA,NA,NA,0.999998007
"1455","454e67290082a3ddbddf37873c3b1659","Eukaryota","Opisthokonta","Fungi","Basidiomycota","Pucciniomycotina",NA,NA,NA,0.999999969
"1456","f300dd583110ac22d4b3009e732ef099","Eukaryota","Stramenopiles","Opalozoa","MAST-3","MAST-3D","MAST-3D_X","MAST-3D_XX","MAST-3D_XX_sp.",0.999853461
"1457","b929982d3334a24fd0880f4c8149e81f","Eukaryota","Stramenopiles","Sagenista","MAST-4","MAST-4A","MAST-4A_X","MAST-4A_XX","MAST-4A_XX_sp.",0.999989756
"1458","e29c01ad2658fb1b298d93d4985911e9","Eukaryota","Hacrobia","Haptophyta","Prymnesiophyceae","Prymnesiales","Chrysochromulinaceae","Chrysochromulina","Chrysochromulina_sp.",0.999877833
"1459","76516aae926cbe3adfa913478d1d5964","Eukaryota","Alveolata","Dinoflagellata","Syndiniales","Dino-Group-II","Dino-Group-II-Clade-32","Dino-Group-II-Clade-32_X","Dino-Group-II-Clade-32_X_sp.",0.999999873
"1460","01336ffc2df0f4f31dfad08a9495a1d6","Eukaryota","Alveolata","Dinoflagellata","Dinophyceae",NA,NA,NA,NA,0.994367237
"1461","c98bf5232ca52ecd42660fb9831f2fd2","Eukaryota","Archaeplastida","Chlorophyta","Pyramimonadophyceae","Pseudoscourfieldiales","Pycnococcaceae","Pycnococcus","Pycnococcus_provasolii",0.999999992
"1462","e4bcac611eeaadf2eff5742773fb801c","Eukaryota","Alveolata","Dinoflagellata","Dinophyceae",NA,NA,NA,NA,0.995918406
"1463","54b6a474a1e9f93f21e7a7f6f1101d32","Eukaryota","Stramenopiles","Ochrophyta","Bacillariophyta","Bacillariophyta_X","Raphid-pennate",NA,NA,0.995621965
"1464","54e5345775094e59e8420a9dfdcf5819","Eukaryota","Rhizaria","Radiolaria","Acantharea","Acantharea_4","Acantharea_4d","Acantharea_4d_X","Acantharea_4d_X_sp.",0.999191236
"1465","b688b05b2b2ffb2b7622372b9184e9b3","Eukaryota","Opisthokonta","Metazoa","Arthropoda","Crustacea","Maxillopoda",NA,NA,0.999996323
"1466","8e9d83b798b7103e31c38b4bb3ffdb88","Eukaryota","Alveolata","Dinoflagellata","Dinophyceae",NA,NA,NA,NA,0.99958547
"1467","c412fa5a7c8f891fb0efe6622d93cf77","Eukaryota","Hacrobia","Picozoa","Picozoa_X","Picozoa_XX","Picozoa_XXX","Picozoa_XXXX","Picozoa_XXXX_sp.",1
"1468","f5a10a865bcb00da19e44870fe054f22","Eukaryota","Stramenopiles","Ochrophyta","Bacillariophyta","Bacillariophyta_X","Radial-centric-basal-Coscinodiscophyceae","Stellarima","Stellarima_microtrias",0.999960159
"1469","71efe22da6213c5e774761d4c1756428","Eukaryota","Alveolata","Dinoflagellata","Syndiniales","Dino-Group-II","Dino-Group-II-Clade-5","Dino-Group-II-Clade-5_X","Dino-Group-II-Clade-5_X_sp.",0.999321542
"1470","bac51b1525ece59175036a08fbc155cd","Eukaryota","Alveolata","Dinoflagellata","Syndiniales","Dino-Group-I","Dino-Group-I-Clade-1","Dino-Group-I-Clade-1_X","Dino-Group-I-Clade-1_X_sp.",0.999983266
"1471","49023d79776e77e33c83580a54e08c9c","Eukaryota","Stramenopiles","Ochrophyta","Chrysophyceae","Chrysophyceae_X","Chrysophyceae_Clade-I","Chrysophyceae_Clade-I_X","Chrysophyceae_Clade-I_X_sp.",1
"1472","4c6309be21d06d9f8a06681c1a72a9e0","Eukaryota","Alveolata","Dinoflagellata","Dinophyceae",NA,NA,NA,NA,0.976247327
"1473","385939e067cfd1e9bbdaab659f23574e","Eukaryota","Alveolata","Dinoflagellata","Syndiniales","Dino-Group-IV","Dino-Group-IV-Hematodinium-Group","Hematodinium","Hematodinium_sp.",0.999727011
"1474","1a1a609516971314c348353a6019d0c7","Eukaryota","Opisthokonta","Metazoa","Annelida","Annelida_X","Annelida_XX","Caulleriella","Caulleriella_parva",0.999497224
"1475","861bbc10693dc3ab0ba8c6e4a0a85d6d","Eukaryota","Stramenopiles","Ochrophyta","Bacillariophyta","Bacillariophyta_X","Raphid-pennate","Pseudogomphonema","Pseudogomphonema_sp.",0.989739704
"1476","04d35532ca55c65d9c4da330f41ff6e6","Eukaryota","Stramenopiles","Opalozoa","Bicoecea","Bicoecales","Bicoecaceae","Bicosoeca","Bicosoeca_sp.",0.999999964
"1477","5775733699e764fa4240af890243dcce","Eukaryota","Alveolata","Dinoflagellata","Syndiniales","Dino-Group-II","Dino-Group-II-Clade-3","Dino-Group-II-Clade-3_X","Dino-Group-II-Clade-3_X_sp.",0.999953294
"1478","0644e924ba0e085e5e928746ccbf883b","Eukaryota","Rhizaria","Cercozoa","Filosa-Thecofilosea","Filosa-Thecofilosea_X","Mataza-lineage","Mataza-lineage_X","Mataza-lineage_X_sp.",0.992213478
"1479","99cbbdd2f58d934949ea43f778a3d331","Eukaryota","Hacrobia","Haptophyta","Prymnesiophyceae","Prymnesiophyceae_Clade_D","Prymnesiophyceae_Clade_D_X","Prymnesiophyceae_Clade_D_XX","Prymnesiophyceae_Clade_D_XX_sp.",0.999999927
"1480","2979b68a8c97e26a0bb96907236c6b57","Eukaryota","Stramenopiles","Sagenista","MAST-7","MAST-7B","MAST-7B_X","MAST-7B_XX","MAST-7B_XX_sp.",0.97190895
"1481","743dbd75319ec928994196c3816b5f43","Eukaryota","Alveolata","Ciliophora","Spirotrichea","Hypotrichia","Oxytrichidae","Protogastrostyla","Protogastrostyla_pulchra",0.99861332
"1482","eb91b297bd350176627c6a8e2601912c","Eukaryota","Hacrobia","Haptophyta","Prymnesiophyceae",NA,NA,NA,NA,0.999992437
"1483","6679e87f4559a7b785f3ae53a7412a3b","Eukaryota","Alveolata","Dinoflagellata","Syndiniales","Dino-Group-II","Dino-Group-II_X","Dino-Group-II_XX","Dino-Group-II_XX_sp.",0.994656983
"1484","468d1597f749177390e2828067d53d83","Eukaryota","Alveolata","Dinoflagellata","Syndiniales","Dino-Group-II","Dino-Group-II-Clade-30","Dino-Group-II-Clade-30_X","Dino-Group-II-Clade-30_X_sp.",0.999975515
"1485","0b07f0d10887ec3b8cf4e0a0948a9bf3","Eukaryota",NA,NA,NA,NA,NA,NA,NA,1
"1486","331da16de4c9dbf2b70f823659254259","Eukaryota","Hacrobia","Haptophyta","Prymnesiophyceae",NA,NA,NA,NA,0.999451267
"1487","f2aa51e4ad4c8b7dc0d1b344d66d3578","Eukaryota","Alveolata","Dinoflagellata","Dinophyceae","Gymnodiniales","Gymnodiniaceae","Lepidodinium","Lepidodinium_viride",0.980055115
"1488","03c1a8a553ec2c91b392a01d10f97ba7","Eukaryota","Alveolata","Dinoflagellata","Dinophyceae",NA,NA,NA,NA,0.997987038
"1489","bccf3cc69731f8a11c5f904197736301","Eukaryota",NA,NA,NA,NA,NA,NA,NA,1
"1490","b38cd266dcaf7f66f45c098641cd984b","Eukaryota","Stramenopiles","Sagenista","MAST-8","MAST-8D","MAST-8D_X","MAST-8D_XX","MAST-8D_XX_sp.",0.999999626
"1491","cf8e88db28e412568dcd07d798eca492","Eukaryota","Stramenopiles","Ochrophyta","Phaeophyceae","Phaeophyceae_X","Phaeophyceae_XX",NA,NA,0.999999907
"1492","f995dc1b7b0c5ca51e7aa070fcbe5267","Eukaryota","Stramenopiles","Sagenista","MAST-4","MAST-4E","MAST-4E_X","MAST-4E_XX","MAST-4E_XX_sp.",0.999999771
"1493","2ffdd6d33cd10310164665cfc5f6bf17","Eukaryota","Hacrobia","Haptophyta","Prymnesiophyceae",NA,NA,NA,NA,0.999996063
"1494","993d5e4b1187af72abcbda8e91fde54b","Eukaryota","Archaeplastida",NA,NA,NA,NA,NA,NA,0.995386245
"1495","dca700fe11fef3c191725daae3f36a46","Eukaryota","Alveolata","Dinoflagellata","Syndiniales","Dino-Group-II",NA,NA,NA,0.97963048
"1496","8f067fe7be1c4b5de88ce78716214f90","Eukaryota","Alveolata","Dinoflagellata",NA,NA,NA,NA,NA,0.988991571
"1497","2be328fec84c6d46068c2674c7ee0ca3","Eukaryota","Archaeplastida","Chlorophyta","Ulvophyceae","Ulotrichales","Ulotrichales_X",NA,NA,0.999999678
"1498","24804450597728d3b32f5a8f0ae30314","Eukaryota",NA,NA,NA,NA,NA,NA,NA,1
"1499","757c46aec059b5851181abe7e0f24de9","Eukaryota","Alveolata","Dinoflagellata","Syndiniales","Dino-Group-II","Dino-Group-II-Clade-5","Dino-Group-II-Clade-5_X","Dino-Group-II-Clade-5_X_sp.",0.999998298
"1500","a172d6ea2faea3be182b8770ab03ce45","Eukaryota","Stramenopiles","Ochrophyta","Bacillariophyta","Bacillariophyta_X",NA,NA,NA,0.999977091
"1501","2df5e017814f60e5869d059fd000c042","Eukaryota","Stramenopiles","Ochrophyta","Bacillariophyta","Bacillariophyta_X",NA,NA,NA,0.999998797
"1502","aaac09a94809bbab21f945cf35025769","Eukaryota","Archaeplastida",NA,NA,NA,NA,NA,NA,0.999890046
"1503","3d2b053506d52ee2a642bcc3c79c8036","Eukaryota","Hacrobia","Haptophyta","Prymnesiophyceae","Prymnesiales","Chrysochromulinaceae","Chrysochromulina","Chrysochromulina_scutellum",0.992049204
"1504","6d6b3e55e3cc824e211c0f2753f4b6da","Eukaryota","Alveolata","Dinoflagellata","Syndiniales","Dino-Group-II","Dino-Group-II-Clade-1","Dino-Group-II-Clade-1_X","Dino-Group-II-Clade-1_X_sp.",0.999924863
"1505","a1e3daa8b4caf2e33fafe51ba598fa84","Eukaryota","Alveolata","Dinoflagellata","Dinophyceae",NA,NA,NA,NA,0.997977459
"1506","b058db821152f935581bb823ea606f7a","Eukaryota","Stramenopiles","Ochrophyta","Bolidophyceae","Parmales","Triparmaceae","Triparma","Triparma_pacifica",0.999979497
"1507","b84a61c9ba89bc8d58a868f883a5b48a","Eukaryota",NA,NA,NA,NA,NA,NA,NA,0.987479803
"1508","d9a355308e103e89b31d9df90c47b5c6","Eukaryota","Stramenopiles","Ochrophyta","Bacillariophyta","Bacillariophyta_X","Polar-centric-Mediophyceae","Chaetoceros",NA,0.979325086
"1509","369f394e003ed502e459a335ff75ca52","Eukaryota","Hacrobia","Haptophyta","Prymnesiophyceae",NA,NA,NA,NA,0.999999993
"1510","0e70ad888b6893cd138c4b45020eeb2c","Eukaryota","Stramenopiles",NA,NA,NA,NA,NA,NA,0.988745241
"1511","b124ea1ac00a84e9f431758f5d14b998","Eukaryota","Stramenopiles","Opalozoa","MAST-3",NA,NA,NA,NA,0.995620617
"1512","866d68b573bb10428529024f05760a7d","Eukaryota","Archaeplastida","Chlorophyta","Mamiellophyceae","Mamiellales","Mamiellaceae","Mantoniella","Mantoniella_squamata",0.97368845
"1513","032be264d26c445f1e2e5afa205769ea","Eukaryota","Rhizaria","Cercozoa","Chlorarachniophyceae","Chlorarachniophyceae_X","NPK2-lineage","NPK2-lineage_X","NPK2-lineage_X_sp.",1
"1514","e53438f171326ff0f88a0c0687823050","Eukaryota","Archaeplastida","Rhodophyta","Florideophyceae","Corallinales","Corallinales_X",NA,NA,0.999999857
"1515","0437496f92a03c943c0918fe6f5031cf","Eukaryota","Opisthokonta","Metazoa","Arthropoda","Crustacea","Maxillopoda",NA,NA,0.993701825
"1516","26934b08b9ad5905fe1ada9b64a5e18e","Eukaryota","Alveolata","Dinoflagellata","Syndiniales","Dino-Group-II","Dino-Group-II-Clade-6","Dino-Group-II-Clade-6_X","Dino-Group-II-Clade-6_X_sp.",0.994360955
"1517","9615b0838e54055f09935e88b881d1c1","Eukaryota","Excavata","Discoba","Diplonemea","Diplonemida","Eupelagonemidae","Eupelagonemidae_X","Eupelagonemidae_X_sp.",0.999921117
"1518","00ba5d6ace136d3a930212bebb6fcb46","Eukaryota","Stramenopiles","Ochrophyta","Bacillariophyta","Bacillariophyta_X",NA,NA,NA,0.999810151
"1519","453aa46cc6d7c67cbe6bb120478d3ad7","Eukaryota","Opisthokonta","Fungi","Ascomycota","Saccharomycotina","Saccharomycetales",NA,NA,0.998490526
"1520","7647ba91cea71e65c42089ab50852197","Eukaryota","Stramenopiles","Ochrophyta","Pelagophyceae","Pelagomonadales","Pelagomonadaceae","Pelagomonas","Pelagomonas_calceolata",0.999998578
"1521","fa701b22db26b2150db7f88debddd5cd","Eukaryota","Rhizaria","Cercozoa","Filosa-Thecofilosea","Cryomonadida","Cryothecomonas-lineage","Cryothecomonas",NA,0.996217072
"1522","1270cd8d2f9985da506e07fec2f70abe","Eukaryota","Alveolata","Ciliophora","Spirotrichea","Tintinnida",NA,NA,NA,0.999998862
"1523","17ba766e187bd819984cd78ce6c7ad41","Eukaryota","Stramenopiles","Ochrophyta","Chrysophyceae","Chrysophyceae_X",NA,NA,NA,0.974929382
"1524","8695dd5ee20a9b135013a45f52afed77","Eukaryota","Stramenopiles","Sagenista","MAST-8","MAST-8D","MAST-8D_X","MAST-8D_XX","MAST-8D_XX_sp.",0.99973401
"1525","c5acdc504f8bfa8d10b20430f4b03cb8","Eukaryota","Hacrobia","Centroheliozoa","Centroheliozoa_X","Pterocystida","Pterocystida_X","Pterocystida_XX","Pterocystida_XX_sp.",0.991899868
"1526","6c573aa35eb7e35a16f8f52db74f29e5","Eukaryota","Opisthokonta","Metazoa","Arthropoda","Crustacea","Maxillopoda","Calocalanus","Calocalanus_sp.",0.999852814
"1527","ac015e193a59bd8ac372e3ae185eea33","Eukaryota","Opisthokonta","Choanoflagellida","Choanoflagellatea","Craspedida","Monosigidae_Group_A","Choanoeca","Choanoeca_perplexa",0.999997499
"1528","09e790fa166491f14405df5fb6453a35","Eukaryota","Alveolata","Dinoflagellata","Syndiniales","Dino-Group-II","Dino-Group-II-Clade-5","Dino-Group-II-Clade-5_X","Dino-Group-II-Clade-5_X_sp.",0.998844433
"1529","3cc6e4cbb995fb3e7c7f8b41483b63d5","Eukaryota","Alveolata","Dinoflagellata","Dinophyceae",NA,NA,NA,NA,0.999676008
"1530","06ee4b940c83d64ac7247c6f19adc640","Eukaryota","Stramenopiles","Opalozoa","MAST-3","MAST-3L","MAST-3L_X","MAST-3L_XX","MAST-3L_XX_sp.",0.999883696
"1531","527e182de5f4ce238cbee6abe59cf665","Eukaryota","Alveolata","Dinoflagellata","Syndiniales","Dino-Group-II","Dino-Group-II-Clade-23","Dino-Group-II-Clade-23_X","Dino-Group-II-Clade-23_X_sp.",0.998987987
"1532","69f787199772e341ebdc19dabbc4c365","Eukaryota",NA,NA,NA,NA,NA,NA,NA,0.999998219
"1533","0ccbb197b012dcc9977a0e6caf1ec9d6","Eukaryota","Alveolata","Dinoflagellata","Dinophyceae","Peridiniales","Protoperidiniaceae","Protoperidinium","Protoperidinium_sp.",0.999993443
"1534","162002aff0c572239ac75c171ce672a5","Eukaryota","Hacrobia","Katablepharidophyta","Katablepharidaceae","Katablepharidales","Katablepharidales_X","Katablepharidales_XX","Katablepharidales_XX_sp.",0.999264757
"1535","be72945d17e6847e52ee531b546351c4","Eukaryota","Alveolata","Dinoflagellata","Syndiniales","Dino-Group-II","Dino-Group-II-Clade-1","Dino-Group-II-Clade-1_X","Dino-Group-II-Clade-1_X_sp.",0.998564541
"1536","2332df665f5a52131cfe5d9f4b1aabfb","Eukaryota","Opisthokonta","Metazoa","Cnidaria","Cnidaria_X","Hydrozoa",NA,NA,0.999283271
"1537","081c608f9ff4767d6ada1702d49d402a","Eukaryota","Alveolata","Ciliophora","CONThreeP","CONThreeP_X","CONThreeP_XX","Askenasia","Askenasia_sp.",0.999937139
"1538","abecfd42cb2430a3ddfce888ba637ca1","Eukaryota","Stramenopiles","Ochrophyta","Bacillariophyta","Bacillariophyta_X",NA,NA,NA,0.993533072
"1539","ee30aa6be489bb16b75aae96961da8c1","Eukaryota","Alveolata","Ciliophora",NA,NA,NA,NA,NA,0.99999983
"1540","dab57a9d1b06f43652477951111b2f5b","Eukaryota",NA,NA,NA,NA,NA,NA,NA,1
"1541","e9009afc65622898ebfb9b5988b33a72","Eukaryota","Alveolata","Dinoflagellata","Syndiniales","Dino-Group-III","Dino-Group-III_X","Dino-Group-III_XX","Dino-Group-III_XX_sp.",0.984946211
"1542","6dd453c3f2ce3b5021f650f9e7410162","Eukaryota","Opisthokonta","Metazoa","Arthropoda","Crustacea","Ostracoda","Conchoecia","Conchoecia_sp.",0.999999593
"1543","cc871113041cd457e5f44a36afd6c9f4","Eukaryota","Alveolata","Dinoflagellata","Syndiniales","Dino-Group-II","Dino-Group-II-Clade-13","Dino-Group-II-Clade-13_X","Dino-Group-II-Clade-13_X_sp.",0.999925075
"1544","dbde4ce2e3e50de84b4971e6eb86e789","Eukaryota","Hacrobia","Centroheliozoa","Centroheliozoa_X",NA,NA,NA,NA,0.998690773
"1545","41e2deb97f0009f97dd913d8c018c114","Eukaryota","Alveolata","Dinoflagellata","Dinophyceae","Gymnodiniales","Kareniaceae","Karlodinium","Karlodinium_veneficum",0.984267124
"1546","c5d5d619c841c2d35e7d4329fe3d3c6b","Eukaryota","Stramenopiles","Ochrophyta","Bacillariophyta","Bacillariophyta_X","Radial-centric-basal-Coscinodiscophyceae","Stellarima","Stellarima_microtrias",0.999974352
"1547","d8c684afd08f961c5a9f51208cae0aa1","Eukaryota","Alveolata","Dinoflagellata","Syndiniales","Dino-Group-II","Dino-Group-II-Clade-23","Dino-Group-II-Clade-23_X","Dino-Group-II-Clade-23_X_sp.",0.999745323
"1548","d7041453264a09787e0ecb0745044b01","Eukaryota","Alveolata","Dinoflagellata","Syndiniales","Dino-Group-II","Dino-Group-II-Clade-30","Dino-Group-II-Clade-30_X","Dino-Group-II-Clade-30_X_sp.",0.994610615
"1549","17c7bd3442c3247eccb00a6cb85f2670","Eukaryota","Alveolata","Dinoflagellata","Syndiniales","Dino-Group-II","Dino-Group-II-Clade-12","Dino-Group-II-Clade-12_X","Dino-Group-II-Clade-12_X_sp.",0.981431422
"1550","40523317123b26f4b99d8544f065aa22","Eukaryota","Alveolata","Ciliophora","Spirotrichea","Tintinnida","Tintinnidae","Steenstrupiella","Steenstrupiella_steenstrupii",0.994801554
"1551","cea228d1d05339055ebc552332a7bc80","Eukaryota",NA,NA,NA,NA,NA,NA,NA,0.999999731
"1552","9cf67b85b0e58ddd96318ca8637442f9","Eukaryota","Stramenopiles","Ochrophyta","Pelagophyceae","Pelagomonadales","Pelagomonadales_clade_A","Pelagomonadales_clade_A1","Pelagomonadales_clade_A1_sp.",0.984573948
"1553","eabf22dd64ecb915f76ee9594c8db3ba","Eukaryota","Amoebozoa","Lobosa","Discosea-Flabellinia","Dactylopodida","Paramoebidae","Neoparamoeba","Neoparamoeba_branchiphila",0.999634868
"1554","59839524cdec8136db6ea043269fd07d","Eukaryota","Alveolata","Dinoflagellata","Syndiniales","Dino-Group-II","Dino-Group-II-Clade-1","Dino-Group-II-Clade-1_X","Dino-Group-II-Clade-1_X_sp.",0.999709005
"1555","c8b8c4adae3f6ba60c32111356f4b9dc","Eukaryota","Alveolata","Dinoflagellata","Syndiniales","Dino-Group-I","Dino-Group-I-Clade-1","Dino-Group-I-Clade-1_X","Dino-Group-I-Clade-1_X_sp.",0.999999802
"1556","a4edf2c1ce707c8ad5dfc4a8560e94fa","Eukaryota","Rhizaria","Cercozoa","Endomyxa-Ascetosporea","Paradinida","Paradinidae","Paradinium","Paradinium_poucheti",0.998287927
"1557","646c2eb7c7256c1f5a7aecda4eaf439b","Eukaryota","Rhizaria","Cercozoa","Filosa-Thecofilosea","Cryomonadida","Protaspa-lineage","Protaspa","Protaspa_sp.",0.980350181
"1558","25ac64716055b73ab5e3a05db74e0b0b","Eukaryota","Stramenopiles","Ochrophyta","Chrysophyceae","Chrysophyceae_X","Chrysophyceae_Clade-H","Chrysophyceae_Clade-H_X","Chrysophyceae_Clade-H_X_sp.",0.999999948
"1559","f984553075b868917dfe4b1e455034d0","Eukaryota","Alveolata","Dinoflagellata","Syndiniales","Dino-Group-II","Dino-Group-II-Clade-1","Dino-Group-II-Clade-1_X","Dino-Group-II-Clade-1_X_sp.",0.987390213
"1560","98e67fb0fb1237953be6b820d0e451e6","Eukaryota","Alveolata","Dinoflagellata","Syndiniales","Dino-Group-II","Dino-Group-II-Clade-7","Dino-Group-II-Clade-7_X","Dino-Group-II-Clade-7_X_sp.",0.996521534
"1561","fc0da601d726cef7f28b914df5f33d97","Eukaryota","Opisthokonta","Metazoa","Arthropoda","Crustacea","Maxillopoda","Clausocalanus","Clausocalanus_furcatus",0.999917423
"1562","6ac625298d2c24d046453c4f7ef9c981","Eukaryota","Hacrobia","Telonemia","Telonemia_X","Telonemia_XX","Telonemia-Group-2","Telonema-Group-2","Telonema_antarcticum",0.999691642
"1563","77bbdf177b572297a46616373bf6b01c","Eukaryota","Opisthokonta",NA,NA,NA,NA,NA,NA,0.997708235
"1564","e4a797f84fbe1c9e513c7f9109578f7b","Eukaryota","Opisthokonta","Metazoa","Cnidaria","Cnidaria_X","Hydrozoa","Tiaropsidium","Tiaropsidium_kelseyi",0.984372215
"1565","b0f57c6f470d676cb78fc94426dace2f","Eukaryota",NA,NA,NA,NA,NA,NA,NA,0.999091746
"1566","8852bf692a08e3e2821fc72217b5b62d","Eukaryota","Stramenopiles","Opalozoa","MAST-3","MAST-3L","MAST-3L_X","MAST-3L_XX","MAST-3L_XX_sp.",0.999388105
"1567","f5014a9f6c4fb89cf467aab9a8ff8f78","Eukaryota","Stramenopiles","Ochrophyta","Chrysophyceae","Chrysophyceae_X","Chrysophyceae_Clade-I","Chrysophyceae_Clade-I_X","Chrysophyceae_Clade-I_X_sp.",1
"1568","0905fa2e97d066f1e1475253396788d6","Eukaryota","Stramenopiles","Ochrophyta","Chrysophyceae","Chrysophyceae_X","Chrysophyceae_Clade-H","Chrysophyceae_Clade-H_X","Chrysophyceae_Clade-H_X_sp.",0.999980165
"1569","ba9d8677650c41b80639db0449e1afa0","Eukaryota",NA,NA,NA,NA,NA,NA,NA,1
"1570","16287004b792ea1c9ffed865cca9529f","Eukaryota","Alveolata","Dinoflagellata","Dinophyceae",NA,NA,NA,NA,0.983983415
"1571","5c53579ad5d95f6d8e0bda9cbaf6b3d9","Eukaryota","Stramenopiles","Ochrophyta","Bacillariophyta","Bacillariophyta_X","Polar-centric-Mediophyceae","Chaetoceros","Chaetoceros_rostratus",0.990457111
"1572","57d5c15c138352aa4faee4b927b593ee","Eukaryota","Stramenopiles","Ochrophyta","Bacillariophyta","Bacillariophyta_X","Radial-centric-basal-Coscinodiscophyceae","Stellarima","Stellarima_microtrias",0.999978514
"1573","749e156c96b763346e1f8e504cef9efb","Eukaryota","Rhizaria","Cercozoa","Filosa-Thecofilosea","Cryomonadida","Cryothecomonas-lineage","Cryothecomonas","Cryothecomonas_aestivalis",0.985916353
"1574","4ffd746bf5513ee942bc9be08726ed11","Eukaryota","Stramenopiles","Ochrophyta","Chrysophyceae","Chrysophyceae_X",NA,NA,NA,0.997321138
"1575","4b2fe643661cddde2f803a30de8c32fa","Eukaryota","Alveolata","Dinoflagellata","Syndiniales","Dino-Group-II","Dino-Group-II-Clade-1","Dino-Group-II-Clade-1_X","Dino-Group-II-Clade-1_X_sp.",0.999907318
"1576","06350254b4d6ce6cf6152eec59fd81a5","Eukaryota","Opisthokonta","Metazoa","Arthropoda","Crustacea","Branchiopoda","Bythotrephes","Bythotrephes_cederstroemi",0.973368445
"1577","a46aa0efa4c28f7742f1c3f26f0fbf7b","Eukaryota","Alveolata","Dinoflagellata","Dinophyceae","Peridiniales","Protoperidiniaceae","Protoperidinium","Protoperidinium_sp.",0.99419876
"1578","88410560cb81507b02e1d8a56ec82aea","Eukaryota","Opisthokonta",NA,NA,NA,NA,NA,NA,0.981063723
"1579","7a0f5ed2828afc5f2bc01e7c33c84f95","Eukaryota","Alveolata","Ciliophora","CONThreeP","CONThreeP_X","Urotrichidae","Urotricha","Urotricha_sp.",0.999963386
"1580","e92fee7a3921b3b1e6fe6ad358bc62ba","Eukaryota","Rhizaria","Radiolaria","RAD-B","RAD-B_X","RAD-B_X_Group-II","RAD-B_X_Group-II_X","RAD-B_X_Group-II_X_sp.",0.999999773
"1581","5f36fea5411565d82a29fd50103ef2d1","Eukaryota","Alveolata","Dinoflagellata","Syndiniales","Dino-Group-II","Dino-Group-II-Clade-10-and-11","Dino-Group-II-Clade-10-and-11_X","Dino-Group-II-Clade-10-and-11_X_sp.",0.999214034
"1582","2ec319a3a980370a7ae41701998dc2de","Eukaryota","Opisthokonta","Metazoa","Mollusca","Bivalvia","Heteroconchia",NA,NA,1
"1583","b8efe2ed1e8db260041f7bb40202ccf1","Eukaryota","Opisthokonta","Fungi","Chytridiomycota","Chytridiomycotina","Chytridiomycetes","Spizellomycetales-and-Rhizophlyctidales","Spizellomycetales-and-Rhizophlyctidales_sp.",0.999990839
"1584","f40ec89ba7692512f9b7a32123508cd7","Eukaryota","Stramenopiles","Ochrophyta","Chrysophyceae","Chrysophyceae_X","Chrysophyceae_Clade-I","Chrysophyceae_Clade-I_X","Chrysophyceae_Clade-I_X_sp.",1
"1585","ec2065246d8c8b10a6a22dbc04b46d2f","Eukaryota","Rhizaria","Cercozoa","Filosa-Thecofilosea","Filosa-Thecofilosea_X","Mataza-lineage","Mataza-lineage_X","Mataza-lineage_X_sp.",0.997530627
"1586","0066809bf5b382f7d4da4f017d5fc5d8","Eukaryota","Alveolata","Dinoflagellata","Dinophyceae","Peridiniales","Protoperidiniaceae","Protoperidinium","Protoperidinium_sp.",0.997012638
"1587","efa497e9026f7438e632fa6fc200c0c3","Eukaryota","Opisthokonta","Metazoa","Mollusca","Bivalvia","Mytiloida","Musculus","Musculus_lateralis",0.999937399
"1588","0bbf60748e9696e91da5ab476e7aa014","Eukaryota",NA,NA,NA,NA,NA,NA,NA,0.999997116
"1589","a3c0b2e38af026e01ec1547a5b4213db","Eukaryota","Stramenopiles","Opalozoa","MAST-3","MAST-3I","MAST-3I_X","MAST-3I_XX","MAST-3I_XX_sp.",0.999999999
"1590","98c2dd2065ad8d74c00df80aed90970c","Eukaryota","Stramenopiles","Ochrophyta","Bacillariophyta","Bacillariophyta_X","Polar-centric-Mediophyceae","Porosira",NA,1
"1591","57ba6905213c036c82985b56e93a59d8","Eukaryota","Opisthokonta","Metazoa","Arthropoda","Crustacea","Maxillopoda",NA,NA,0.999505437
"1592","871e9b44dfa9cb1a27724d4807324dcb","Eukaryota","Opisthokonta","Metazoa",NA,NA,NA,NA,NA,0.977172948
"1593","50c9473cf0b25938d7a7d1ba6c432138","Eukaryota","Alveolata","Dinoflagellata","Syndiniales","Dino-Group-II","Dino-Group-II-Clade-4",NA,NA,0.99621943
"1594","95ded7d03e0bcd7bf71178d165cc3935","Eukaryota","Alveolata","Dinoflagellata","Syndiniales","Dino-Group-II","Dino-Group-II-Clade-17","Dino-Group-II-Clade-17_X","Dino-Group-II-Clade-17_X_sp.",0.998344722
"1595","799a5582aa50623a5b2e0693a86b9e5b","Eukaryota","Archaeplastida","Chlorophyta","Mamiellophyceae","Mamiellales","Mamiellaceae",NA,NA,0.99951158
"1596","ccbf7bd1bdb88e382e2d50abe2e6c4d9","Eukaryota","Alveolata","Dinoflagellata","Syndiniales","Dino-Group-II","Dino-Group-II-Clade-13","Dino-Group-II-Clade-13_X","Dino-Group-II-Clade-13_X_sp.",0.999629752
"1597","8262b0feab89b472e6a9a3d007884821","Eukaryota","Hacrobia","Telonemia","Telonemia_X","Telonemia_XX","Telonemia-Group-2","Telonemia-Group-2_X","Telonemia-Group-2_X_sp.",0.999999494
"1598","58448e5edfc30e7f63d06181296d8447","Eukaryota","Stramenopiles","Opalozoa","MAST-3",NA,NA,NA,NA,0.998698796
"1599","4637ce3ecfe4ac60be0263a01815e8af","Eukaryota","Alveolata","Dinoflagellata","Dinophyceae","Gonyaulacales","Gonyaulacaceae","Gonyaulax","Gonyaulax_polygramma",0.999999972
"1600","e439c89bb46ff1e0a0c363a4e351dc11","Eukaryota","Alveolata","Dinoflagellata","Dinophyceae",NA,NA,NA,NA,0.999239778
"1601","7e2d48c55990d2a0c057d1c8ad8d9bb6","Eukaryota","Stramenopiles","Ochrophyta","Bacillariophyta","Bacillariophyta_X","Polar-centric-Mediophyceae","Chaetoceros","Chaetoceros_sp_Clade_Na26B1",0.999822929
"1602","e715e7f001531235167cb44d3e85b91c","Eukaryota","Alveolata","Dinoflagellata","Syndiniales","Dino-Group-II","Dino-Group-II-Clade-44","Dino-Group-II-Clade-44_X","Dino-Group-II-Clade-44_X_sp.",0.999945026
"1603","9e5ad88d44050fd991f8a1c2d866ff97","Eukaryota","Stramenopiles","Ochrophyta","Bacillariophyta","Bacillariophyta_X",NA,NA,NA,0.999999867
"1604","ba0931d865cee2fa48356a6844b3cb0c","Eukaryota","Opisthokonta","Metazoa","Nemertea","Nemertea_X","Nemertea_XX","Lineus","Lineus_sp.",0.982644334
"1605","a78986de929f6fb1ed25d5e79501a159","Eukaryota","Alveolata","Dinoflagellata","Dinophyceae","Peridiniales","Protoperidiniaceae","Protoperidinium","Protoperidinium_sp.",0.9999963
"1606","1e71f5daff47ce683c40012179277d2d","Eukaryota","Excavata","Discoba","Euglenida","Euglenophyceae","Eutreptiidae","Eutreptiella","Eutreptiella_gymnastica",1
"1607","b3c6e25e741cb8813b9ece46ebed7966","Eukaryota","Stramenopiles","Sagenista","MAST-9","MAST-9A","MAST-9A_X","MAST-9A_XX","MAST-9A_XX_sp.",0.999999999
"1608","8e9f48d9ec73cf11f4bfb5d0afc0d245","Eukaryota","Opisthokonta","Metazoa","Arthropoda","Crustacea","Maxillopoda",NA,NA,0.999999999
"1609","3eaf34db110f39ef1201ab21223bd8c2","Eukaryota","Alveolata","Ciliophora",NA,NA,NA,NA,NA,0.999999748
"1610","7bab1277c452712508bc0a7b5262459b","Eukaryota",NA,NA,NA,NA,NA,NA,NA,0.999999473
"1611","a3ee32a30e0b97bc07eed71c9ffd17c9","Eukaryota","Stramenopiles","Ochrophyta","Bacillariophyta","Bacillariophyta_X","Polar-centric-Mediophyceae","Porosira",NA,0.999999999
"1612","4199d9a42d4a7e7536a527494ad4c778","Eukaryota","Excavata","Discoba","Euglenida","Euglenophyceae","Eutreptiidae","Eutreptiella","Eutreptiella_gymnastica",1
"1613","0c89c0ac412a20e7ce8a9b8bf36a318a","Eukaryota","Stramenopiles","Opalozoa","MAST-12","MAST-12A","MAST-12A_X","MAST-12A_XX","MAST-12A_XX_sp.",0.999999999
"1614","f3b7b3821c733f282debc79b42a57108","Eukaryota","Alveolata","Dinoflagellata","Dinophyceae",NA,NA,NA,NA,0.987025117
"1615","e5533d4d4ca5bafd3639cef41281e74b","Eukaryota","Opisthokonta","Metazoa","Arthropoda","Crustacea","Maxillopoda","Maxillopoda_X","Maxillopoda_X_sp.",0.988920084
"1616","3e27978c7fec39f3fa3836abd7274dd0","Eukaryota",NA,NA,NA,NA,NA,NA,NA,0.999998654
"1617","22f4ddfcddf85dd0beb0a52bd39538d3","Eukaryota","Alveolata","Dinoflagellata","Syndiniales","Dino-Group-II","Dino-Group-II-Clade-6","Dino-Group-II-Clade-6_X","Dino-Group-II-Clade-6_X_sp.",0.998182637
"1618","6d1e49475f01c628f865642b47b0d577","Eukaryota","Opisthokonta","Metazoa","Cnidaria","Cnidaria_X","Hydrozoa",NA,NA,0.999993096
"1619","09067cc231d67050497318c4e7085ea0","Eukaryota","Opisthokonta","Metazoa","Arthropoda","Crustacea","Maxillopoda",NA,NA,0.999997951
"1620","1561405b1956be13b368d0487124c1ca","Eukaryota","Rhizaria","Radiolaria","Polycystinea","Nassellaria","Lophophaenidae",NA,NA,0.989105824
"1621","c685d5994d03ef222b21d28b7f68c176","Eukaryota","Stramenopiles","Ochrophyta","Bacillariophyta","Bacillariophyta_X","Raphid-pennate",NA,NA,0.979484912
"1622","9aa50a91a5c55116ab33222267f34345","Eukaryota","Stramenopiles","Ochrophyta","Phaeophyceae","Phaeophyceae_X","Phaeophyceae_XX","Halothrix","Halothrix_ambigua",0.998436987
"1623","73908539c2f23a6faa512898306a73fa","Eukaryota","Alveolata","Dinoflagellata","Syndiniales","Dino-Group-II","Dino-Group-II-Clade-13","Dino-Group-II-Clade-13_X","Dino-Group-II-Clade-13_X_sp.",0.999992011
"1624","e0500c5190b8e8d307f8063f28abadd8","Eukaryota","Alveolata","Dinoflagellata","Dinophyceae","Peridiniales","Protoperidiniaceae","Protoperidinium","Protoperidinium_sp.",0.999973183
"1625","43fd069d1b1cb18bea413e78333f48d7","Eukaryota","Opisthokonta","Metazoa","Annelida","Annelida_X","Annelida_XX","Proceraea","Proceraea_picta",0.975359709
"1626","b36717c4070e15afc6e222bac7fca38b","Eukaryota","Alveolata","Dinoflagellata","Syndiniales","Dino-Group-II","Dino-Group-II-Clade-4","Amoebophrya","Amoebophrya_ceratii",0.974126416
"1627","d8760f5b058c3ac8a225e7bfa7a024bb","Eukaryota","Hacrobia","Telonemia","Telonemia_X","Telonemia_XX","Telonemia-Group-2","Telonema-Group-2","Telonema_antarcticum",0.999677439
"1628","fdacf8b3f6b7baba0cf301b7844f4016","Eukaryota","Alveolata","Dinoflagellata","Syndiniales","Dino-Group-II","Dino-Group-II-Clade-4",NA,NA,0.999989272
"1629","729b4939b35bae1d4037a7c2f898384e","Eukaryota",NA,NA,NA,NA,NA,NA,NA,0.998949466
"1630","588a590ed5dcb020f013b9303624eead","Eukaryota","Opisthokonta","Metazoa","Annelida","Annelida_X","Annelida_XX","Nephtys",NA,0.99991649
"1631","f617087d3802ea6cbc1312b9aaa92e19","Eukaryota","Alveolata","Dinoflagellata","Syndiniales","Dino-Group-II","Dino-Group-II-Clade-5","Dino-Group-II-Clade-5_X","Dino-Group-II-Clade-5_X_sp.",0.999505203
"1632","f503cbcdbdb4ecc0738d38e0e99b920e","Eukaryota","Opisthokonta","Metazoa","Arthropoda","Crustacea","Maxillopoda",NA,NA,0.999922818
"1633","1fc7bb829f616f08837601dc2050ee1b","Eukaryota","Alveolata","Dinoflagellata","Syndiniales","Dino-Group-II","Dino-Group-II-Clade-1","Dino-Group-II-Clade-1_X","Dino-Group-II-Clade-1_X_sp.",0.997781441
"1634","09530b75b86fa373139b76b06101db28","Eukaryota","Rhizaria","Cercozoa","Filosa-Imbricatea","Thaumatomonadida","Thaumatomonadida_X","Thaumatomonadida_XX","Thaumatomonadida_XX_sp.",0.996987196
"1635","59c37f5292ee2f4a9fc987a26dab1a95","Eukaryota",NA,NA,NA,NA,NA,NA,NA,0.99999999
"1636","8b7ebc1603fe266d364f2753e0ae2c2f","Eukaryota","Alveolata","Dinoflagellata","Syndiniales","Dino-Group-III","Dino-Group-III_X","Dino-Group-III_XX","Dino-Group-III_XX_sp.",0.996260599
"1637","7d46a990e220ca8f884d95ea4667b041","Eukaryota","Alveolata","Dinoflagellata","Syndiniales","Dino-Group-II","Dino-Group-II-Clade-16","Dino-Group-II-Clade-16_X","Dino-Group-II-Clade-16_X_sp.",0.999607823
"1638","c29c6d8ddbe96902d2c2e64e953c0921","Eukaryota","Alveolata","Dinoflagellata","Dinophyceae","Gonyaulacales","Gonyaulacaceae","Gonyaulax","Gonyaulax_polygramma",0.999995117
"1639","df9265cfbda4390e8b581e2de7044c0d","Eukaryota","Rhizaria","Cercozoa","Filosa-Thecofilosea","Cryomonadida","Protaspa-lineage","Protaspa-lineage_X","Protaspa-lineage_X_sp.",0.973510129
"1640","fa3d56659e62a4ee4c5901f76e0a7112","Eukaryota","Opisthokonta","Choanoflagellida","Choanoflagellatea","Acanthoecida","Stephanoecidae_Group_I","Stephanoecidae_Group_I_X","Stephanoecidae_Group_I_X_sp.",0.994622073
"1641","ae28db437dcbec597b8aa3f8c9b1629f","Eukaryota","Opisthokonta",NA,NA,NA,NA,NA,NA,0.997789147
"1642","fee36ce1ccc00fe8aa7a5059ba7dc9ad","Eukaryota","Alveolata","Dinoflagellata","Dinophyceae",NA,NA,NA,NA,0.971064258
"1643","e71042dc26828e8705921b5c99c3122b","Eukaryota","Alveolata","Dinoflagellata","Dinophyceae",NA,NA,NA,NA,0.986693856
"1644","1b772df0566789baa8436d4580c75d8a","Eukaryota","Stramenopiles","Ochrophyta","Phaeophyceae","Phaeophyceae_X","Phaeophyceae_XX","Costaria","Costaria_costata",0.998337318
"1645","252276ad7da5c7ce8848f0957c0849f0","Eukaryota","Alveolata","Dinoflagellata","Syndiniales","Dino-Group-II","Dino-Group-II-Clade-30","Dino-Group-II-Clade-30_X","Dino-Group-II-Clade-30_X_sp.",0.991593695
"1646","6124e8b98e3ebcae3628af28fe6ac462","Eukaryota","Hacrobia","Haptophyta","Prymnesiophyceae","Prymnesiales","Chrysochromulinaceae","Chrysochromulina","Chrysochromulina_sp.",0.98782157
"1647","83c62cb9fb0af0914a50850e829b859c","Eukaryota","Alveolata","Ciliophora","Spirotrichea","Tintinnida","Ptychocylididae","Cymatocylis",NA,0.987312562
"1648","2157e6b15dc75613a12f601fde423aea","Eukaryota","Alveolata","Dinoflagellata","Dinophyceae",NA,NA,NA,NA,0.999266657
"1649","9e4a7f952de5d289faac24b258f46f5b","Eukaryota","Rhizaria","Cercozoa","Filosa-Imbricatea","Filosa-Imbricatea_X","Novel-clade-2","Novel-clade-2_X","Novel-clade-2_X_sp.",0.999999995
"1650","ec9327a090e0430d6efb4f33ea9b8896","Eukaryota","Stramenopiles","Ochrophyta","Chrysophyceae","Chrysophyceae_X","Chrysophyceae_Clade-C",NA,NA,0.999945317
"1651","b499479ebee606184441a1eeeaf820c1","Eukaryota","Opisthokonta",NA,NA,NA,NA,NA,NA,0.999836394
"1652","9caa6927aa5ba73f41eb5d8c9f61cb1b","Eukaryota","Alveolata","Dinoflagellata","Syndiniales","Dino-Group-II","Dino-Group-II-Clade-4","Dino-Group-II-Clade-4_X","Dino-Group-II-Clade-4_X_sp.",0.999999011
"1653","f8cb855ae7a0dadeba8a12fca0b6bb8e","Eukaryota","Opisthokonta","Metazoa","Arthropoda","Crustacea","Maxillopoda",NA,NA,0.998447384
"1654","66b773a41ecdb4a8dfbceee49c395c71","Eukaryota","Rhizaria","Cercozoa","Filosa-Thecofilosea","Ventricleftida","Ventrifissuridae","Ventrifissuridae_X","Ventrifissuridae_X_sp.",0.999999937
"1655","f268380b687b1e36fc8a10b2e3be61d2","Eukaryota","Alveolata","Dinoflagellata","Syndiniales","Dino-Group-I","Dino-Group-I-Clade-1","Dino-Group-I-Clade-1_X","Dino-Group-I-Clade-1_X_sp.",0.999999527
"1656","6dc91243beef9f31d06c202f9d3dad8b","Eukaryota","Alveolata","Dinoflagellata","Syndiniales","Dino-Group-II","Dino-Group-II-Clade-23","Dino-Group-II-Clade-23_X","Dino-Group-II-Clade-23_X_sp.",0.992417102
"1657","44e3452b1430c650bf6c4e3d04a85b85","Eukaryota","Rhizaria","Cercozoa","Endomyxa-Ascetosporea","Paradinida","Paradinidae","Paradinium","Paradinium_poucheti",0.996433239
"1658","b34d9dd077c0dc1f5a8f87feb73cf114","Eukaryota","Alveolata","Ciliophora","Spirotrichea","Tintinnida",NA,NA,NA,0.999999998
"1659","331a477fcf4b15ab35f00bab7c193479","Eukaryota","Stramenopiles","Opalozoa","MAST-3","MAST-3F","MAST-3F_X","MAST-3F_XX","MAST-3F_XX_sp.",0.99999967
"1660","e36c8cca00c0f2bbd85c072cfc7b1836","Eukaryota",NA,NA,NA,NA,NA,NA,NA,0.999998547
"1661","53ac27b872d8731691a2cefa2321ef1f","Eukaryota","Alveolata","Ciliophora","Spirotrichea","Tintinnida",NA,NA,NA,1
"1662","84074eeee170685af9928d3c811698f6","Eukaryota","Alveolata","Dinoflagellata","Syndiniales","Dino-Group-II","Dino-Group-II-Clade-17","Dino-Group-II-Clade-17_X","Dino-Group-II-Clade-17_X_sp.",0.999851972
"1663","e33ba7b22d402a91deb039a000850b05","Eukaryota","Stramenopiles","Ochrophyta","Chrysophyceae","Chrysophyceae_X","Chrysophyceae_Clade-F","Chrysophyceae_Clade-F_X","Chrysophyceae_Clade-F_X_sp.",0.975357154
"1664","5036e7e06f83d2a8cce1d41d1f81e021","Eukaryota","Rhizaria","Cercozoa","Endomyxa-Ascetosporea","Paradinida","Paradinidae","Paradinium","Paradinium_poucheti",0.995526044
"1665","fda9565e6501be09574d7061d6a794a3","Eukaryota","Alveolata","Ciliophora","Spirotrichea","Choreotrichida","Strobilidiidae_A","Rimostrombidium_A","Rimostrombidium_veniliae",0.999987664
"1666","6b9da89392bf32c058c78dc705cefa6c","Eukaryota","Stramenopiles","Pseudofungi","MAST-1","MAST-1B","MAST-1B_X","MAST-1B_XX","MAST-1B_XX_sp.",0.999997545
"1667","ed5cf1becf1cb281ed164d5b9c2878c5","Eukaryota","Alveolata","Dinoflagellata","Syndiniales",NA,NA,NA,NA,0.999759892
"1668","47a3f71c317404a995d1bd0759e8ebbc","Eukaryota","Stramenopiles","Ochrophyta","Chrysophyceae","Chrysophyceae_X","Chrysophyceae_XX","Chrysophyceae_XXX","Chrysophyceae_XXX_sp.",0.981113517
"1669","6845f03d6197566bebc228685f5bb3b6","Eukaryota","Alveolata","Dinoflagellata","Syndiniales","Dino-Group-II","Dino-Group-II-Clade-1","Dino-Group-II-Clade-1_X","Dino-Group-II-Clade-1_X_sp.",0.999652751
"1670","745220e9ae228bdd7b5f42238e6602d8","Eukaryota",NA,NA,NA,NA,NA,NA,NA,0.999991403
"1671","335162fff6aa4465d205121b9e49e834","Eukaryota","Alveolata","Dinoflagellata","Syndiniales","Dino-Group-II","Dino-Group-II-Clade-14","Dino-Group-II-Clade-14_X","Dino-Group-II-Clade-14_X_sp.",0.999999999
"1672","65b7a809b5fce20012ae3337505e52ee","Eukaryota","Stramenopiles","Ochrophyta","Chrysophyceae","Chrysophyceae_X","Chrysophyceae_Clade-H","Chrysophyceae_Clade-H_X","Chrysophyceae_Clade-H_X_sp.",0.999999951
"1673","92b83c93d1ab68bc1381f1e573f201a1","Eukaryota","Excavata","Discoba","Kinetoplastea","Neobodonida","Neobodonidae","Neobodo","Neobodo_sp.",0.999066321
"1674","877aa16f46b3970a889babc75285e83b","Eukaryota","Alveolata","Dinoflagellata","Syndiniales","Dino-Group-II","Dino-Group-II-Clade-14","Dino-Group-II-Clade-14_X","Dino-Group-II-Clade-14_X_sp.",0.999681851
"1675","14fde1b3a7e8f4fe012cb87c8ced4a34","Eukaryota","Alveolata","Dinoflagellata","Syndiniales","Dino-Group-III","Dino-Group-III_X","Dino-Group-III_XX","Dino-Group-III_XX_sp.",0.999998525
"1676","39beb742b377578ee7d335cb83fae04d","Eukaryota","Alveolata","Dinoflagellata","Dinophyceae",NA,NA,NA,NA,0.991238321
"1677","cf61036a8650d27c51da81e2cb16d3a5","Eukaryota","Opisthokonta","Metazoa","Annelida","Annelida_X","Annelida_XX",NA,NA,0.999855713
"1678","dd3a30dc78d82eca2e549f2cfb8c2f6e","Eukaryota","Alveolata","Dinoflagellata","Syndiniales","Dino-Group-II","Dino-Group-II-Clade-5","Dino-Group-II-Clade-5_X","Dino-Group-II-Clade-5_X_sp.",0.998080787
"1679","892e7710d386abf7bf2b0d136be169d9","Eukaryota","Hacrobia","Haptophyta","Prymnesiophyceae",NA,NA,NA,NA,0.999999994
"1680","71c6e957202515507a7c3c8ec97a636b","Eukaryota","Stramenopiles","Sagenista","Labyrinthulomycetes","Oblongichytrida","Oblongichytridiaceae","Oblongichytrium","Oblongichytrium_sp.",0.992599372
"1681","bfbb66e7bf646c81d0f6dac27cb062a7","Eukaryota","Stramenopiles","Ochrophyta","Phaeophyceae","Phaeophyceae_X","Phaeophyceae_XX",NA,NA,0.999999959
"1682","3408ac9dfc68c9da5435e83dd4b061d5","Eukaryota","Rhizaria","Cercozoa","Filosa-Thecofilosea","Filosa-Thecofilosea_X","Mataza-lineage","Mataza-lineage_X","Mataza-lineage_X_sp.",0.999909843
"1683","98c87d9941a508476f17da44adad9739","Eukaryota","Hacrobia","Haptophyta","Prymnesiophyceae","Prymnesiales","Chrysochromulinaceae","Chrysochromulina","Chrysochromulina_sp.",0.99997318
"1684","41e691537509da4aa5dcf82f46a93608","Eukaryota","Rhizaria","Cercozoa","Filosa-Thecofilosea","Ventricleftida","Ventrifissuridae","Ventrifissura","Ventrifissura_artocarpoidea",0.992693413
"1685","2059129963f63537564ba7e1f12df199","Eukaryota","Opisthokonta","Opisthokonta_X","Opisthokonta_XX","Opisthokonta_XXX","Opisthokonta_XXXX","Opisthokonta_XXXXX","Opisthokonta_XXXXX_sp.",0.999999999
"1686","dbafd6ba375e3bc4846a7011642cb204","Eukaryota","Alveolata","Dinoflagellata","Syndiniales","Dino-Group-II","Dino-Group-II-Clade-2","Dino-Group-II-Clade-2_X","Dino-Group-II-Clade-2_X_sp.",0.999999883
"1687","be4d5402714d09c36f74954e874a2694","Eukaryota","Stramenopiles","Ochrophyta","Bacillariophyta","Bacillariophyta_X","Raphid-pennate","Pleurosigma","Pleurosigma_intermedium",0.985582832
"1688","27771a5bb0e369a0eb54f87789184301","Eukaryota","Alveolata","Dinoflagellata","Dinophyceae",NA,NA,NA,NA,0.996923493
"1689","2249c8c883e29b4f7bb5fd798ca87d9b","Eukaryota","Stramenopiles","Ochrophyta","Bolidophyceae","Parmales",NA,NA,NA,0.996556533
"1690","686bc91f256f01ef06e9fab756421bdc","Eukaryota",NA,NA,NA,NA,NA,NA,NA,0.999998658
"1691","751bfdf131ee1bd849fd724853a142e1","Eukaryota","Opisthokonta","Metazoa","Arthropoda","Crustacea","Maxillopoda",NA,NA,0.999978732
"1692","5f58541debe3e540c2b05a1bf2d1730c","Eukaryota",NA,NA,NA,NA,NA,NA,NA,0.999997548
"1693","8cff2703cea8610b96ed705c168ac0d9","Eukaryota","Archaeplastida","Chlorophyta","Mamiellophyceae","Mamiellales","Mamiellaceae","Micromonas",NA,0.999998669
"1694","54bb23d60cd5a6185edfd382fda70252","Eukaryota","Opisthokonta","Metazoa","Arthropoda","Crustacea","Maxillopoda",NA,NA,0.999939656
"1695","707f39d5fbe9fdf6d482e23ed7625b4d","Eukaryota","Alveolata","Dinoflagellata","Syndiniales","Dino-Group-II","Dino-Group-II-Clade-14","Dino-Group-II-Clade-14_X","Dino-Group-II-Clade-14_X_sp.",0.995809863
"1696","9a7680b27570ab659a6b8e321845a9b1","Eukaryota","Alveolata","Dinoflagellata","Dinophyceae","Gymnodiniales",NA,NA,NA,0.981539381
"1697","c8ec01f7714135e31188b274d605cb1b","Eukaryota","Stramenopiles","Ochrophyta","Bacillariophyta","Bacillariophyta_X","Radial-centric-basal-Coscinodiscophyceae","Stellarima","Stellarima_microtrias",0.999887578
"1698","6ac7451e1bc534cae39e564d2e41ca94","Eukaryota","Opisthokonta","Mesomycetozoa","Ichthyosporea","Rhynosporida","Rhynosporidae_Desmocystidianae","Amphibiocystidium","Amphibiocystidium_ranae",0.992814841
"1699","9722644298d53515acbf743de6eee048","Eukaryota","Opisthokonta","Metazoa","Annelida","Annelida_X","Annelida_XX",NA,NA,0.999891631
"1700","1ce86cb8ae7afb8df2acc8d2fbe73b05","Eukaryota","Amoebozoa","Lobosa","Discosea-Flabellinia","Dactylopodida","Paramoebidae","Neoparamoeba","Neoparamoeba_branchiphila",0.999735821
"1701","81e197ff6eee2a3d1bc89a7cd793e75f","Eukaryota","Alveolata","Dinoflagellata","Syndiniales","Dino-Group-II","Dino-Group-II-Clade-14","Dino-Group-II-Clade-14_X","Dino-Group-II-Clade-14_X_sp.",0.999998938
"1702","337614a72fac317f21a48e64464027a8","Eukaryota","Stramenopiles","Ochrophyta","Bacillariophyta","Bacillariophyta_X",NA,NA,NA,0.990317342
"1703","79112017b590d5071279a345f04428d8","Eukaryota","Opisthokonta","Metazoa","Arthropoda","Crustacea","Maxillopoda","Maxillopoda_X","Maxillopoda_X_sp.",0.9943271
"1704","1ab9b9f581b527e2e0133d2160c95bd6","Eukaryota","Alveolata","Ciliophora","Spirotrichea",NA,NA,NA,NA,0.999995059
"1705","cbaee3a6cc47f3dfd9ff5ead53f9b102","Eukaryota","Alveolata","Ciliophora","Spirotrichea","Tintinnida","Tintinnidae","Tintinnidae_X","Tintinnidae_X_sp.",0.999170432
"1706","b2d3df580b36a2e143f89f85c3769224","Eukaryota","Alveolata","Dinoflagellata","Dinophyceae",NA,NA,NA,NA,0.99980254
"1707","2587404f62f117dbddbb3dbc513251b7","Eukaryota","Opisthokonta","Metazoa","Ctenophora","Ctenophora_X","Ctenophora_XX",NA,NA,0.99999933
"1708","a5a123f3f96a257ceb4d2ce7c093946f","Eukaryota","Stramenopiles","Ochrophyta","Bacillariophyta","Bacillariophyta_X","Radial-centric-basal-Coscinodiscophyceae","Leptocylindrus","Leptocylindrus_minimus",0.999999999
"1709","2e3f46eeb6eb5dbc58343bfcefadf591","Eukaryota","Hacrobia","Telonemia","Telonemia_X","Telonemia_XX","Telonemia-Group-2","Telonemia-Group-2_X","Telonemia-Group-2_X_sp.",0.999999983
"1710","3a8e666a87e15db33307c6d56f9e51d1","Eukaryota",NA,NA,NA,NA,NA,NA,NA,0.99999721
"1711","a80837cfbb56ede09918d9ab65c7450e","Eukaryota","Stramenopiles","Pseudofungi","MAST-1","MAST-1C","MAST-1C_X","MAST-1C_XX","MAST-1C_XX_sp.",1
"1712","20edfae8403f6318823852f6defac4cb","Eukaryota","Opisthokonta","Mesomycetozoa","Ichthyosporea","Rhynosporida","Rhynosporidae_Desmocystidianae","Amphibiocystidium","Amphibiocystidium_ranae",0.973512768
"1713","6cf39b9cabba7d12a148e3c6214045a9","Eukaryota","Stramenopiles","Ochrophyta","Bacillariophyta","Bacillariophyta_X","Araphid-pennate",NA,NA,0.983732637
"1714","c8b0e0e9af400cb57e8f93bad1403b33","Eukaryota","Stramenopiles","Ochrophyta","Bacillariophyta","Bacillariophyta_X",NA,NA,NA,0.999956579
"1715","2658f10950628d0c6eea81d04953a254","Eukaryota","Opisthokonta","Metazoa","Annelida","Annelida_X","Annelida_XX","Apistobranchus","Apistobranchus_typicus",0.999273665
"1716","ed5e9793c48f529e994d7464ff831f7a","Eukaryota","Apusozoa","Hilomonadea","Planomonadida","Planomonadidae","Planomonadidae_Group-1","Ancyromonas","Ancyromonas_sigmoides",0.999996739
"1717","be8bc6ae24e8826f22adfbdd12cfe113","Eukaryota","Stramenopiles","Opalozoa","MAST-3","MAST-3L","MAST-3L_X","MAST-3L_XX","MAST-3L_XX_sp.",0.999986291
"1718","a482d1f890314669c06e794275471172","Eukaryota","Alveolata","Dinoflagellata","Syndiniales","Dino-Group-II","Dino-Group-II-Clade-20","Dino-Group-II-Clade-20_X","Dino-Group-II-Clade-20_X_sp.",0.999875227
"1719","2083bf0568c5b0569987a8fa9d283b62","Eukaryota","Alveolata","Dinoflagellata","Syndiniales","Dino-Group-II","Dino-Group-II-Clade-1","Dino-Group-II-Clade-1_X","Dino-Group-II-Clade-1_X_sp.",0.99999468
"1720","c0d83145d678547df70270702dbf0320","Eukaryota","Hacrobia","Cryptophyta","Cryptophyceae","Cryptomonadales","Cryptomonadales_X","Geminigera","Geminigera_cryophila",0.985058311
"1721","ae1d9e86d4deee9d638c3df6477e23b9","Eukaryota","Alveolata","Dinoflagellata","Syndiniales","Dino-Group-II","Dino-Group-II-Clade-4","Amoebophrya","Amoebophrya_ceratii",0.973288685
"1722","e3f8b17ee34c57587dc143588e290157","Eukaryota",NA,NA,NA,NA,NA,NA,NA,0.992310751
"1723","34a65ea42ee42853c3c4168040312d5a","Eukaryota","Alveolata","Dinoflagellata","Syndiniales","Dino-Group-II","Dino-Group-II-Clade-10-and-11","Dino-Group-II-Clade-10-and-11_X","Dino-Group-II-Clade-10-and-11_X_sp.",0.999977329
"1724","9808e2db68cd140fe3fc841da7d65764","Eukaryota","Archaeplastida","Rhodophyta","Florideophyceae",NA,NA,NA,NA,0.99999987
"1725","9ff5c6f707e073fd3f44a48ff6eeaabc","Eukaryota","Alveolata","Dinoflagellata","Syndiniales","Dino-Group-II",NA,NA,NA,0.988297055
"1726","143030513d58ddfcbfb8e75695a64edc","Eukaryota","Alveolata","Ciliophora","Spirotrichea","Tintinnida",NA,NA,NA,0.99999999
"1727","7b7312255fc86b9b1748518a3449cf73","Eukaryota","Amoebozoa","Lobosa","Lobosa_X","Himatismenida","Parvamoebidae","Parvamoeba","Parvamoeba_rugata",0.999999945
"1728","0c05e85b72c6b6dc61e1d80b088dcb72","Eukaryota","Alveolata","Dinoflagellata","Syndiniales","Dino-Group-III","Dino-Group-III_X","Dino-Group-III_XX","Dino-Group-III_XX_sp.",0.996285308
"1729","06698df5d1d36cbe9d30a534cb4045bb","Eukaryota","Stramenopiles","Ochrophyta","Bacillariophyta","Bacillariophyta_X","Polar-centric-Mediophyceae","Chaetoceros","Chaetoceros_socialis",0.999998802
"1730","c63f0d787f1bdfeeb9fe96fc5c4c2306","Eukaryota","Hacrobia","Haptophyta","Prymnesiophyceae","Prymnesiales","Chrysochromulinaceae","Chrysochromulina",NA,0.999854269
"1731","725d8afba61a58461ecdbfb27285e3da","Eukaryota","Hacrobia","Haptophyta","Haptophyta_Clade_HAP2","Haptophyta_Clade_HAP2_X","Haptophyta_Clade_HAP2_XX","Haptophyta_Clade_HAP2_XXX","Haptophyta_Clade_HAP2_XXX_sp.",0.973299887
"1732","521d10c09d9d86af43fb29f259fd6468","Eukaryota","Excavata","Discoba","Euglenida","Euglenophyceae","Eutreptiidae","Eutreptiella","Eutreptiella_gymnastica",1
"1733","333e3c0ee3cbd13b19923e0f1043fc73","Eukaryota","Alveolata","Dinoflagellata","Syndiniales","Dino-Group-II","Dino-Group-II-Clade-10-and-11","Dino-Group-II-Clade-10-and-11_X","Dino-Group-II-Clade-10-and-11_X_sp.",0.970160506
"1734","a7229c7499b3eaeb177702345da09b10","Eukaryota","Alveolata","Ciliophora","Spirotrichea","Tintinnida","Eutintinnidae","Eutintinnus",NA,0.995262507
"1735","913ab43da2bd59724e2bf56ed25481d9","Eukaryota","Alveolata","Dinoflagellata","Syndiniales","Dino-Group-II","Dino-Group-II-Clade-26","Dino-Group-II-Clade-26_X","Dino-Group-II-Clade-26_X_sp.",0.999712176
"1736","8334ba50b009236d90bf30d3586149e9","Eukaryota",NA,NA,NA,NA,NA,NA,NA,1
"1737","d1029accf5062b829159b67642105941","Eukaryota","Rhizaria","Cercozoa","Filosa-Thecofilosea","Cryomonadida","Cryothecomonas-lineage","Cryothecomonas","Cryothecomonas_sp.",0.999999932
"1738","df9b7a1144494ea73bc11deecb620dd2","Eukaryota","Opisthokonta","Choanoflagellida","Choanoflagellatea","Acanthoecida","Stephanoecidae_Group_D","Stephanoecidae_Group_D_X","Stephanoecidae_Group_D_X_sp.",0.999993157
"1739","ceb423534c1481b8d04b40696eafe024","Eukaryota","Archaeplastida","Chlorophyta","Mamiellophyceae","Mamiellales","Bathycoccaceae","Bathycoccus","Bathycoccus_prasinos",0.999996508
"1740","8101eba91d1085b0f1325b9c0488e973","Eukaryota","Archaeplastida","Chlorophyta","Pyramimonadophyceae","Pyramimonadales","Pyramimonadales_X","Cymbomonas","Cymbomonas_tetramitiformis",0.999965783
"1741","1d013e54eb8f8f4ee55b7fd00da42847","Eukaryota","Opisthokonta","Metazoa","Annelida","Annelida_X","Annelida_XX","Polycirrus",NA,0.980228885
"1742","8ffbf7971250bf5574e9974631c8a87f","Eukaryota","Stramenopiles","Opalozoa","MAST-3","MAST-3F","MAST-3F_X","MAST-3F_XX","MAST-3F_XX_sp.",1
"1743","7dcc8dab7e00440b857001e0b340223a","Eukaryota","Alveolata","Dinoflagellata","Dinophyceae",NA,NA,NA,NA,0.997331865
"1744","714ecb6ae8091393cebaf264548c2052","Eukaryota","Rhizaria","Cercozoa","Filosa-Thecofilosea","Ventricleftida","CCW10-lineage","CCW10-lineage_X","CCW10-lineage_X_sp.",0.999999999
"1745","5cc67c5d511bf682c31d755bb92f8650","Eukaryota","Opisthokonta","Metazoa","Bryozoa","Bryozoa_X","Bryozoa_XX","Alcyonidium","Alcyonidium_mamillatum",0.999955513
"1746","0ca1020ce72e889c8f1e5cbe79697de2","Eukaryota","Stramenopiles","Ochrophyta","Bacillariophyta","Bacillariophyta_X","Raphid-pennate",NA,NA,0.99215189
"1747","21e26f2c5677d9065b27cb1eac10928b","Eukaryota","Alveolata","Dinoflagellata","Dinophyceae",NA,NA,NA,NA,0.995654063
"1748","d21517607bda70b815dd348f1633f86b","Eukaryota","Alveolata","Dinoflagellata","Dinophyceae",NA,NA,NA,NA,0.993387425
"1749","332db45387a5b69c62abf95d242912c7","Eukaryota","Alveolata","Dinoflagellata","Syndiniales","Dino-Group-I","Dino-Group-I-Clade-1","Dino-Group-I-Clade-1_X","Dino-Group-I-Clade-1_X_sp.",0.999996874
"1750","413d7333122f31bc44a4de75d8c08ef5","Eukaryota","Alveolata","Dinoflagellata","Syndiniales","Dino-Group-II","Dino-Group-II-Clade-7","Dino-Group-II-Clade-7_X","Dino-Group-II-Clade-7_X_sp.",0.976093156
"1751","27275a703e3f60baf0d997c7de960a88","Eukaryota","Opisthokonta","Metazoa","Cnidaria","Cnidaria_X","Hydrozoa","Pantachogon","Pantachogon_haeckeli",0.999999797
"1752","f1e125ee140705a6a4d43f45b12d52e2","Eukaryota","Archaeplastida","Streptophyta","Embryophyceae","Embryophyceae_X","Embryophyceae_XX",NA,NA,0.999999999
"1753","03c83ffc2e48fd4083f053f071c7d216","Unassigned",NA,NA,NA,NA,NA,NA,NA,0.978718613
"1754","1f811d241d45da21ee4e17bb33eba23f","Eukaryota","Alveolata","Dinoflagellata","Syndiniales","Dino-Group-III","Dino-Group-III_X","Dino-Group-III_XX","Dino-Group-III_XX_sp.",0.99896524
"1755","67119839b86c49452bc337dcea8528ab","Eukaryota","Opisthokonta","Metazoa","Annelida","Annelida_X","Annelida_XX","Caulleriella","Caulleriella_parva",0.999979422
"1756","4cbc086b7380cd0ed37d3e9caed3c75a","Eukaryota","Opisthokonta","Metazoa","Arthropoda","Crustacea","Ostracoda","Cytheropteron","Cytheropteron_subuchioi",0.999965467
"1757","522b6b475125015bb108c1cd74c22c50","Eukaryota","Alveolata","Dinoflagellata","Syndiniales","Dino-Group-II",NA,NA,NA,0.99235223
"1758","b8723248d9a3854242bea7bbcc517a53","Eukaryota","Alveolata","Dinoflagellata","Syndiniales","Dino-Group-II",NA,NA,NA,0.972861936
"1759","4eaaad85da575d895a63f65e5f6f3b4f","Eukaryota","Alveolata","Dinoflagellata","Syndiniales","Dino-Group-II","Dino-Group-II-Clade-10-and-11","Dino-Group-II-Clade-10-and-11_X","Dino-Group-II-Clade-10-and-11_X_sp.",0.999954771
"1760","12016f636ca98390de2940c35c2ca1bb","Eukaryota","Opisthokonta","Metazoa","Mollusca","Gastropoda","Heterobranchia",NA,NA,1
"1761","b8b6c0a276afac139585cc9a5db17c2f","Eukaryota","Stramenopiles","Ochrophyta","Bacillariophyta","Bacillariophyta_X",NA,NA,NA,0.999995936
"1762","7846a08ae383f50d237a8386caeaff03","Eukaryota","Alveolata","Ciliophora","Spirotrichea","Tintinnida",NA,NA,NA,0.999999425
"1763","94e890354b8436d4a952e98137105ba3","Eukaryota","Hacrobia","Haptophyta","Prymnesiophyceae","Prymnesiales",NA,NA,NA,0.981815633
"1764","be7283ddb9615f25484e6343fc275960","Eukaryota","Amoebozoa","Lobosa","Discosea-Flabellinia","Vannellida","Vannellidae","Vannella",NA,0.999999905
"1765","e748078befbd632cf6b9db646d59a67b","Eukaryota","Opisthokonta",NA,NA,NA,NA,NA,NA,0.989701255
"1766","acd000889efe51fbfc113798eb34d3a9","Eukaryota","Stramenopiles",NA,NA,NA,NA,NA,NA,0.997803115
"1767","da5ee86fc1748561a7d2f6a5afbc922e","Eukaryota",NA,NA,NA,NA,NA,NA,NA,0.999999717
"1768","0fe9ab175afbcd17e674e3a8b3de0427","Eukaryota","Stramenopiles","Ochrophyta","Phaeophyceae","Phaeophyceae_X","Phaeophyceae_XX",NA,NA,0.999999331
"1769","8c9c9bcef12247f88247f02bf932ebfb","Eukaryota","Alveolata","Ciliophora","Spirotrichea","Tintinnida",NA,NA,NA,0.999980439
"1770","d7e131e36334f0e837edce522d6392f2","Eukaryota","Alveolata","Dinoflagellata","Dinophyceae",NA,NA,NA,NA,0.999040073
"1771","04c5fd45a5ca849368136947886e8604","Eukaryota","Amoebozoa","Lobosa","Discosea-Flabellinia","Vannellida","Vannellidae","Vannella",NA,0.99999991
"1772","9da0c7f763f72170f2758c62f336ff30","Eukaryota","Alveolata","Dinoflagellata","Syndiniales","Dino-Group-II","Dino-Group-II_X","Dino-Group-II-Clade-52_X","Dino-Group-II-Clade-52_X_sp.",0.999921496
"1773","d82a10a6e751ac963019a75ac2b34b01","Eukaryota","Alveolata","Dinoflagellata","Syndiniales","Syndiniales_X","Syndiniales_XX","Syndiniales_XXX","Syndiniales_XXX_sp.",0.999474668
"1774","a762ef7b24290c8e2b1162692e5bb7dc","Eukaryota","Stramenopiles","Ochrophyta","Bacillariophyta","Bacillariophyta_X",NA,NA,NA,0.999800925
"1775","66a8998e322a233ba19649483acd2d04","Eukaryota","Amoebozoa","Lobosa","Discosea-Flabellinia","Vannellida","Vannellidae","Vannella","Vannella_sp.",0.975896265
"1776","0af06d75f2a1be16ec61d61ec6a3a097","Eukaryota","Alveolata","Dinoflagellata","Syndiniales","Dino-Group-II","Dino-Group-II-Clade-8","Dino-Group-II-Clade-8_X","Dino-Group-II-Clade-8_X_sp.",0.999995522
"1777","ec2291c3f8da77d5a14ccc1adaac5f67","Eukaryota","Alveolata","Dinoflagellata","Syndiniales","Dino-Group-II","Dino-Group-II-Clade-26","Dino-Group-II-Clade-26_X","Dino-Group-II-Clade-26_X_sp.",0.999999828
"1778","5d862afbda829d4bc5bc3d08f224dc5e","Eukaryota","Alveolata","Ciliophora","Spirotrichea","Tintinnida","Tintinnidae","Tintinnidae_X","Tintinnidae_X_sp.",0.998981862
"1779","56ed280ca6297ab88d5ee87aeeb014c1","Eukaryota","Stramenopiles","Opalozoa","MAST-3","MAST-3I","MAST-3I_X","MAST-3I_XX","MAST-3I_XX_sp.",0.999997001
"1780","baca7a08414584e04699d62b38ffab87","Eukaryota","Alveolata","Dinoflagellata","Syndiniales","Dino-Group-II","Dino-Group-II-Clade-5","Dino-Group-II-Clade-5_X","Dino-Group-II-Clade-5_X_sp.",0.999999976
"1781","83d04e48689cd4569ef4f952a02d10f6","Eukaryota","Opisthokonta","Metazoa","Annelida","Annelida_X","Annelida_XX","Caulleriella","Caulleriella_parva",0.999997582
"1782","d952959e6fb71a49c18066cc322cb217","Eukaryota","Opisthokonta","Choanoflagellida","Choanoflagellatea","Acanthoecida","Stephanoecidae_Group_H","Stephanoecidae_Group_H_X","Stephanoecidae_Group_H_X_sp.",0.999999997
"1783","30809e4f7a4c896bb19128a1ada6cc89","Eukaryota","Alveolata","Dinoflagellata","Syndiniales","Dino-Group-II","Dino-Group-II-Clade-1","Dino-Group-II-Clade-1_X","Dino-Group-II-Clade-1_X_sp.",0.986112455
"1784","6f7d1a51d0efb09b3a06a086bafe8b26","Eukaryota","Alveolata","Dinoflagellata","Syndiniales","Dino-Group-I","Dino-Group-I-Clade-1","Dino-Group-I-Clade-1_X","Dino-Group-I-Clade-1_X_sp.",0.999999996
"1785","b843466ab9e443d9202d2592df59ce02","Eukaryota","Alveolata","Dinoflagellata","Syndiniales","Dino-Group-I","Dino-Group-I-Clade-1","Dino-Group-I-Clade-1_X","Dino-Group-I-Clade-1_X_sp.",0.999997777
"1786","25f3c03bcbe00779887859995264d6f4","Eukaryota","Excavata","Discoba","Euglenida","Euglenophyceae","Eutreptiidae","Eutreptiella","Eutreptiella_gymnastica",1
"1787","a17905132d3331696d69a6eec215b165","Eukaryota","Stramenopiles","Sagenista","Labyrinthulomycetes","Labyrinthulomycetes_X","Labyrinthulomycetes_X_LAB7","Labyrinthulomycetes_X_LAB7_X","Labyrinthulomycetes_X_LAB7_X_sp.",0.999545752
"1788","d9b882ac8363deaea27ad15015b256b7","Eukaryota","Alveolata","Dinoflagellata",NA,NA,NA,NA,NA,0.994945376
"1789","8d10aba6c4a0e9871e4a2735845442ea","Eukaryota",NA,NA,NA,NA,NA,NA,NA,0.998621844
"1790","8e3f27dca5b9889e03f1819ddfb7f741","Eukaryota","Stramenopiles","Ochrophyta","Bacillariophyta","Bacillariophyta_X","Radial-centric-basal-Coscinodiscophyceae","Stellarima","Stellarima_microtrias",0.999988752
"1791","0e0746a4109d0be757f42a09c261963c","Eukaryota","Alveolata","Dinoflagellata","Dinophyceae",NA,NA,NA,NA,0.999883736
"1792","ebb242e88fdefb41e5fa52821508c7b4","Eukaryota","Alveolata","Dinoflagellata","Syndiniales","Dino-Group-II","Dino-Group-II-Clade-26","Dino-Group-II-Clade-26_X","Dino-Group-II-Clade-26_X_sp.",0.985290675
"1793","d70b9494edfae207d1b800736d7d3502","Eukaryota","Rhizaria","Cercozoa","Filosa-Thecofilosea","Cryomonadida","Protaspa-lineage","Protaspa",NA,0.99933171
"1794","c44dab73497691a8f9fe3bc43a0a6be9","Eukaryota","Hacrobia","Cryptophyta","Cryptophyceae","Cryptomonadales","Cryptomonadales_X","Geminigera","Geminigera_cryophila",0.983987113
"1795","47a1292fa0a821c4ed283d1062fcb40e","Eukaryota","Alveolata","Dinoflagellata","Dinophyceae",NA,NA,NA,NA,0.994809051
"1796","ef63e06e6b7917da05220a48df27f3f2","Eukaryota","Alveolata","Dinoflagellata","Syndiniales","Dino-Group-II",NA,NA,NA,0.973784228
"1797","cb44f03c840c7179052d5d625ce3083c","Eukaryota","Opisthokonta","Metazoa",NA,NA,NA,NA,NA,0.995526731
"1798","f9e211eae9a27ba19cb6a7c8f01e6d33","Eukaryota","Alveolata","Dinoflagellata","Dinophyceae",NA,NA,NA,NA,0.986467578
"1799","ce782d083d599c4820740259324c879c","Eukaryota","Alveolata","Dinoflagellata","Dinophyceae","Gymnodiniales","Gymnodiniaceae","Margalefidinium","Margalefidinium_fulvescens",0.999999905
"1800","b8ee6592b3cf1d1300fbd6e5ae801dff","Eukaryota","Alveolata","Dinoflagellata","Dinophyceae",NA,NA,NA,NA,0.978824007
"1801","8139cb4652ae81dcb3b3be2c18637aad","Eukaryota","Alveolata","Dinoflagellata","Syndiniales","Dino-Group-II","Dino-Group-II-Clade-5","Dino-Group-II-Clade-5_X","Dino-Group-II-Clade-5_X_sp.",0.999989663
"1802","397910ebcdb4f9a593e2df561dc633a7","Eukaryota","Stramenopiles","Ochrophyta","Bacillariophyta","Bacillariophyta_X",NA,NA,NA,0.997277436
"1803","71d3f82f0cea9f3de9fcfda362ba7262","Eukaryota","Alveolata","Dinoflagellata","Dinophyceae",NA,NA,NA,NA,0.998681854
"1804","dfc5d99b59f8a7c88df6e54c41808ffc","Eukaryota","Rhizaria","Cercozoa","Filosa-Thecofilosea","Filosa-Thecofilosea_X","Mataza-lineage","Mataza-lineage_X","Mataza-lineage_X_sp.",0.999998067
"1805","7fb26728bffcae3ded072d5ba2d89a5a","Eukaryota","Opisthokonta","Metazoa","Arthropoda","Crustacea","Malacostraca","Thysanoessa",NA,0.990629694
"1806","fbc7ad8cc4fd56b6a5327c564e61f9c1","Unassigned",NA,NA,NA,NA,NA,NA,NA,0.988653889
"1807","e009751183ee6978e49978bf95793b61","Eukaryota","Alveolata","Dinoflagellata","Syndiniales","Dino-Group-I","Dino-Group-I-Clade-4","Dino-Group-I-Clade-4_X","Dino-Group-I-Clade-4_X_sp.",0.992012704
"1808","b61a7b36be9517d26828b362d8e147e1","Eukaryota","Alveolata","Ciliophora","Spirotrichea","Tintinnida","Tintinnidae","Tintinnidae_X","Tintinnidae_X_sp.",0.982844057
"1809","cdd614978c2cda667b5a416aa440ccb7","Eukaryota","Opisthokonta","Metazoa","Cnidaria","Cnidaria_X","Hydrozoa",NA,NA,0.998273658
"1810","0984e40545ebd61415c0a9f94baea1fb","Eukaryota","Opisthokonta","Metazoa","Annelida","Annelida_X","Annelida_XX","Eteone","Eteone_longa",0.998734803
"1811","f3375edc048efd124c027e5aee71be2f","Eukaryota","Alveolata","Dinoflagellata","Syndiniales","Dino-Group-II","Dino-Group-II-Clade-1","Dino-Group-II-Clade-1_X","Dino-Group-II-Clade-1_X_sp.",0.999999802
"1812","40f20a1b0d71db74dd719e062b926f4c","Eukaryota","Rhizaria","Cercozoa","Filosa-Thecofilosea","Ventricleftida","Ventricleftida_X","Ventricleftida_XX","Ventricleftida_XX_sp.",0.999999934
"1813","dc7fbebe0b6c74acb9848d1c56a5d641","Eukaryota","Hacrobia","Cryptophyta","Cryptophyceae","Cryptomonadales","Cryptomonadales_X","Geminigera","Geminigera_cryophila",0.996024035
"1814","87e5b54bef7e6e69e50c857dae96dacf","Eukaryota","Opisthokonta","Metazoa","Echinodermata","Echinodermata_X","Echinodermata_XX",NA,NA,0.999989979
"1815","201fa4b83ef9f67c87dd67513cc6fec8","Eukaryota","Stramenopiles","Ochrophyta","Bacillariophyta","Bacillariophyta_X","Polar-centric-Mediophyceae","Porosira",NA,0.999999999
"1816","a701a6f46b3d0a0bf4022dc260777f4a","Eukaryota","Alveolata","Dinoflagellata","Syndiniales","Dino-Group-II","Dino-Group-II_X","Dino-Group-II-Clade-52_X","Dino-Group-II-Clade-52_X_sp.",0.995724805
"1817","3b871ecd89edd196875c49df6d235282","Eukaryota","Alveolata","Dinoflagellata","Syndiniales","Dino-Group-III","Dino-Group-III_X","Dino-Group-III_XX","Dino-Group-III_XX_sp.",0.973696137
"1818","72d4a7d4398749e2b01f6ed11fb4c309","Eukaryota","Alveolata","Dinoflagellata","Syndiniales","Dino-Group-II",NA,NA,NA,0.99797514
"1819","c6c1d9c2fdc24f52081989acc21b8fc3","Eukaryota","Opisthokonta","Metazoa","Echinodermata","Echinodermata_X","Echinodermata_XX","Gorgonocephalus","Gorgonocephalus_eucnemis",0.994884631
"1820","d97075dfe3f975cc610b36c8bf1bd55d","Eukaryota","Amoebozoa","Lobosa","Discosea-Flabellinia","Dactylopodida","Paramoebidae","Neoparamoeba","Neoparamoeba_branchiphila",0.999052977
"1821","aa78731564db8770565ca2576322d733","Eukaryota","Alveolata","Dinoflagellata","Syndiniales","Dino-Group-II","Dino-Group-II-Clade-23","Dino-Group-II-Clade-23_X","Dino-Group-II-Clade-23_X_sp.",0.998167263
"1822","51844a1abf56d201b1b11bd2ebe380c3","Eukaryota","Alveolata","Dinoflagellata","Syndiniales","Dino-Group-II","Dino-Group-II-Clade-1","Dino-Group-II-Clade-1_X","Dino-Group-II-Clade-1_X_sp.",0.999910126
"1823","c2056b01a4f5af8177efe35e008ed0b6","Eukaryota","Opisthokonta","Fungi",NA,NA,NA,NA,NA,0.983042271
"1824","230e452ddcc885bec2dd7088cde8d1a2","Eukaryota","Alveolata","Ciliophora","Cyclotrichium_like_organism","Cyclotrichium_like_organism_X","Cyclotrichium_like_organism_XX","Cyclotrichium",NA,0.989949407
"1825","ddc7004408fd99cb42d5061128682dd2","Eukaryota","Alveolata","Dinoflagellata","Syndiniales","Dino-Group-II","Dino-Group-II-Clade-1","Dino-Group-II-Clade-1_X","Dino-Group-II-Clade-1_X_sp.",0.982929496
"1826","b91b3b5444ee86549f254e6de25bcd82","Eukaryota","Stramenopiles","Opalozoa","MAST-3","MAST-3C","MAST-3C_X","MAST-3C_XX","MAST-3C_XX_sp.",1
"1827","5997d542e04521236e4370b529ca5e91","Eukaryota","Stramenopiles","Ochrophyta","Bacillariophyta","Bacillariophyta_X","Raphid-pennate",NA,NA,0.999542644
"1828","89e10e739a7a63bced4dacab767e219a","Eukaryota","Opisthokonta","Metazoa","Annelida","Annelida_X","Annelida_XX","Kefersteinia","Kefersteinia_cirrata",0.990829784
"1829","0e92a52addc817ec871476fade0fc192","Eukaryota","Stramenopiles","Ochrophyta","Bacillariophyta","Bacillariophyta_X","Raphid-pennate",NA,NA,0.990498527
"1830","9ebfa1994a2c4ea8c0de75994cfdbe1d","Eukaryota","Alveolata","Ciliophora","Spirotrichea","Tintinnida","Ptychocylididae","Cymatocylis",NA,0.989485653
"1831","abec1966af4681d28789b040016b6eba","Eukaryota","Alveolata","Dinoflagellata","Syndiniales","Dino-Group-II","Dino-Group-II-Clade-10-and-11","Dino-Group-II-Clade-10-and-11_X","Dino-Group-II-Clade-10-and-11_X_sp.",0.984789811
"1832","9961d029d5fd7cfc391c1f5c0dd9edd1","Eukaryota",NA,NA,NA,NA,NA,NA,NA,0.999962525
"1833","5825ee5388263bd161e2b42a18a5f268","Eukaryota","Alveolata","Dinoflagellata","Syndiniales","Dino-Group-IV","Dino-Group-IV-Hematodinium-Group","Hematodinium","Hematodinium_sp.",0.999904722
"1834","223f25095e844dcbfa359970d9fcd57f","Eukaryota","Alveolata","Dinoflagellata","Dinophyceae",NA,NA,NA,NA,0.999777821
"1835","8babe26e88428bca17534166651ef85a","Eukaryota",NA,NA,NA,NA,NA,NA,NA,1
"1836","d9a6dcc1c1a1eeafc0241115ab743263","Eukaryota","Opisthokonta","Metazoa","Chaetognatha","Aphragmophora","Aphragmophora_X","Krohnitta","Krohnitta_pacifica",0.999997489
"1837","129b0a449c11ac3fa7b19bb6482ee5d3","Eukaryota","Stramenopiles","Sagenista","MAST-6","MAST-6_X","MAST-6_XX","MAST-6_XXX","MAST-6_XXX_sp.",0.999999858
"1838","4d0688c9a068d85ba6b4b2bd569e106e","Eukaryota","Alveolata","Alveolata_X","Alveolata_XX","Alveolata_XXX","Alveolata_XXXX","Alveolata_XXXXX","Alveolata_XXXXX_sp.",0.999858893
"1839","37770e9661181c1d2b1e6a64efd5b91e","Eukaryota","Stramenopiles","Ochrophyta","Bacillariophyta","Bacillariophyta_X",NA,NA,NA,0.999994441
"1840","caac6316c14d621088d795ce407cc81a","Eukaryota","Stramenopiles","Ochrophyta","Pelagophyceae","Pelagomonadales","Pelagomonadaceae","Pelagomonas","Pelagomonas_calceolata",0.99999938
"1841","bbf1e3f95a683456a3c2c4cd50ecbdc2","Eukaryota","Opisthokonta","Metazoa","Cnidaria","Cnidaria_X","Hydrozoa","Liriope","Liriope_tetraphylla",0.999999565
"1842","0ea4447d2ca5a8e8755fec0bd538fb24","Eukaryota","Opisthokonta","Metazoa","Arthropoda","Crustacea","Maxillopoda",NA,NA,0.999995667
"1843","5d611164d355dd21af46051d8c8563e5","Eukaryota","Alveolata","Ciliophora","Spirotrichea","Tintinnida","Eutintinnidae","Eutintinnus",NA,0.999994388
"1844","49682412e6337b6ccee393a4d1e43490","Eukaryota","Alveolata","Dinoflagellata",NA,NA,NA,NA,NA,0.985093347
"1845","75b4f583ed2861221a6b0503eeed48f2","Eukaryota","Stramenopiles","Ochrophyta","Bacillariophyta","Bacillariophyta_X","Radial-centric-basal-Coscinodiscophyceae","Paralia","Paralia_sol",0.999999995
"1846","0604c4dbf4161b8eff5b2f9cc25e174d","Eukaryota","Hacrobia","Picozoa","Picozoa_X","Picozoa_XX","Picozoa_XXX","Picozoa_XXXX","Picozoa_XXXX_sp.",0.999979971
"1847","600c605dc0626b32ef0a4f781cdc7c34","Eukaryota","Alveolata","Dinoflagellata","Syndiniales","Dino-Group-II","Dino-Group-II-Clade-10-and-11","Dino-Group-II-Clade-10-and-11_X","Dino-Group-II-Clade-10-and-11_X_sp.",0.999967514
"1848","ba9f4000fa895246e6bf52414448b2b6","Eukaryota","Alveolata","Dinoflagellata","Syndiniales","Dino-Group-II","Dino-Group-II-Clade-12","Dino-Group-II-Clade-12_X","Dino-Group-II-Clade-12_X_sp.",0.999946546
"1849","2914a8908b781483d9efd5cb9fb6da05","Eukaryota","Alveolata","Dinoflagellata","Dinophyceae",NA,NA,NA,NA,0.996179024
"1850","14a139f0fa01ed31d3abb6e238f9ad8d","Eukaryota","Opisthokonta","Metazoa","Nematoda","Chromadorea","Chromadorea_X","Halomonhystera","Halomonhystera_disjuncta",1
"1851","269a269cf44494e9d359ea819def5b69","Eukaryota","Rhizaria","Foraminifera","Globothalamea","Rotaliida","Globorotaliidae","Neogloboquadrina","Neogloboquadrina_incompta",1
"1852","b47283584917d0080b19c14bae535aca","Eukaryota","Opisthokonta","Fungi","Ascomycota","Saccharomycotina","Saccharomycetales",NA,NA,0.997513135
"1853","86b2cb3309dff9820cc49c90bfe0caca","Eukaryota","Stramenopiles","Opalozoa","MAST-3","MAST-3F","MAST-3F_X","MAST-3F_XX","MAST-3F_XX_sp.",0.999999998
"1854","4cce73d0da16aadbb40c7ce2970e5d8b","Eukaryota","Alveolata","Dinoflagellata","Dinophyceae",NA,NA,NA,NA,0.996289503
"1855","b339272386e20182c32bc5330ab41d08","Eukaryota",NA,NA,NA,NA,NA,NA,NA,0.994729859
"1856","ff1bff593b6cca59777d1596c62b8fc4","Eukaryota","Alveolata","Dinoflagellata","Dinophyceae",NA,NA,NA,NA,0.999353808
"1857","d3c48a604284a53d10ec061baa3a8145","Eukaryota","Alveolata","Dinoflagellata","Dinophyceae",NA,NA,NA,NA,0.987481139
"1858","b21ff82dbaca792e9c61f7c4a609eed8","Eukaryota","Alveolata","Dinoflagellata","Dinophyceae",NA,NA,NA,NA,0.999925386
"1859","0fbb426ea9f715fd7fe70084b5952f49","Eukaryota","Amoebozoa","Lobosa","Discosea-Flabellinia","Vannellida","Vannellidae","Vannella",NA,0.999999868
"1860","664b67a22639fce6b854ad69b89a9399","Eukaryota","Hacrobia","Telonemia","Telonemia_X","Telonemia_XX","Telonemia-Group-2","Telonemia-Group-2_X","Telonemia-Group-2_X_sp.",0.999861799
"1861","d6fb26946b88a0a44a914f7b8558dbdb","Eukaryota","Alveolata","Dinoflagellata","Syndiniales","Dino-Group-II","Dino-Group-II-Clade-6","Dino-Group-II-Clade-6_X","Dino-Group-II-Clade-6_X_sp.",0.981234335
"1862","cf49b3016288dc095dd27af97efa95d6","Eukaryota","Alveolata","Dinoflagellata","Syndiniales","Dino-Group-II","Dino-Group-II-Clade-4","Amoebophrya","Amoebophrya_ceratii",0.994507004
"1863","9d75fda5d2177647ebff44ff15f6542a","Eukaryota","Rhizaria","Cercozoa","Filosa-Thecofilosea","Ebriida","Botuliformidae","Botuliforma","Botuliforma_benthica",0.995298313
"1864","420f4a4264a12cd902ecdec617f6d687","Eukaryota","Stramenopiles","Sagenista","MAST-11","MAST-11_X","MAST-11_XX","MAST-11_XXX","MAST-11_XXX_sp.",0.999999836
"1865","7ee726c91ab4a1c55b7310935fd50e64","Eukaryota","Alveolata","Dinoflagellata","Syndiniales","Dino-Group-II","Dino-Group-II-Clade-1","Dino-Group-II-Clade-1_X","Dino-Group-II-Clade-1_X_sp.",0.99664358
"1866","8663d2949d4eef633a4e7aafb14cfc11","Eukaryota","Alveolata","Dinoflagellata","Dinophyceae","Peridiniales","Protoperidiniaceae","Protoperidinium","Protoperidinium_sp.",0.998577879
"1867","96c0cbf6d946c1e39dbe3767cf16a15e","Eukaryota","Opisthokonta","Metazoa","Arthropoda","Crustacea","Maxillopoda",NA,NA,0.999999946
"1868","2555653b31d1276d505750958f099c5d","Eukaryota","Archaeplastida","Chlorophyta",NA,NA,NA,NA,NA,0.982866808
"1869","c9eb3a241173c91296d3d019d59574a0","Eukaryota","Alveolata","Dinoflagellata","Dinophyceae",NA,NA,NA,NA,0.996669387
"1870","54f5b24bd49db1cac8812dff13b01a58","Eukaryota","Amoebozoa","Lobosa","Discosea-Flabellinia","Dactylopodida","Paramoebidae","Neoparamoeba","Neoparamoeba_branchiphila",0.99721811
"1871","8b1b5eed5741fe4c597792ae29f331b4","Eukaryota","Stramenopiles","Pseudofungi","MAST-1","MAST-1C","MAST-1C_X","MAST-1C_XX","MAST-1C_XX_sp.",0.999999499
"1872","96964da71c3ac3c94e41c3486681cc2f","Eukaryota","Opisthokonta","Metazoa","Arthropoda","Crustacea","Ostracoda","Howeina","Howeina_sp.",0.996977152
"1873","d406956ce611102f4554602f4e065b83","Eukaryota","Stramenopiles","Opalozoa","MAST-12","MAST-12A","MAST-12A_X","MAST-12A_XX","MAST-12A_XX_sp.",0.999823241
"1874","e0079f20f4ab395139a87c70a9bd1315","Eukaryota","Alveolata","Dinoflagellata","Syndiniales","Dino-Group-II","Dino-Group-II-Clade-13","Dino-Group-II-Clade-13_X","Dino-Group-II-Clade-13_X_sp.",0.999997879
"1875","741bf47ae49181d4974560647e383a5f","Eukaryota","Stramenopiles","Ochrophyta","Chrysophyceae","Chrysophyceae_X","Chrysophyceae_Clade-I","Chrysophyceae_Clade-I_X","Chrysophyceae_Clade-I_X_sp.",0.990014647
"1876","0966489c42817a7991377dde084a17b0","Unassigned",NA,NA,NA,NA,NA,NA,NA,0.985366712
"1877","bee8eef0fbeed8d7be9913e428553f29","Eukaryota","Alveolata","Dinoflagellata","Dinophyceae","Peridiniales","Protoperidiniaceae","Protoperidinium","Protoperidinium_sp.",0.987251538
"1878","3b60ec45eda11c8b58cc79e7cbf8712c","Eukaryota","Alveolata","Dinoflagellata","Syndiniales","Dino-Group-II","Dino-Group-II-Clade-1","Dino-Group-II-Clade-1_X","Dino-Group-II-Clade-1_X_sp.",0.998751849
"1879","f0acb5837777c20df42de72e99160191","Eukaryota",NA,NA,NA,NA,NA,NA,NA,0.993454652
"1880","6d71b23647521a6abd73fadb6290065b","Eukaryota","Alveolata","Dinoflagellata","Syndiniales","Dino-Group-II","Dino-Group-II-Clade-1","Dino-Group-II-Clade-1_X","Dino-Group-II-Clade-1_X_sp.",0.998747856
"1881","c2716f4902d581e7907e3c0a33917c17","Eukaryota","Hacrobia","Haptophyta","Prymnesiophyceae",NA,NA,NA,NA,0.999999929
"1882","2a127ace7b93968535214917d4a5c780","Eukaryota","Alveolata","Dinoflagellata","Syndiniales","Dino-Group-II","Dino-Group-II-Clade-1","Dino-Group-II-Clade-1_X","Dino-Group-II-Clade-1_X_sp.",0.992315496
"1883","9f67387c11fc2dac679a318254ba129b","Eukaryota","Rhizaria","Cercozoa","Filosa-Thecofilosea","Cryomonadida","Cryothecomonas-lineage","Cryothecomonas","Cryothecomonas_sp.",0.996720621
"1884","37a85b0f98150aa0307c8c341a9dd278","Eukaryota","Alveolata","Dinoflagellata","Syndiniales","Dino-Group-II","Dino-Group-II-Clade-21","Dino-Group-II-Clade-21_X","Dino-Group-II-Clade-21_X_sp.",0.999771601
"1885","7249554a34e547de268182169feaa9fe","Eukaryota","Stramenopiles","Ochrophyta","Chrysophyceae","Chrysophyceae_X","Chrysophyceae_Clade-H","Chrysophyceae_Clade-H_X","Chrysophyceae_Clade-H_X_sp.",0.999999977
"1886","3696a34c793ab5a43ff77ab6d97028d9","Eukaryota","Alveolata","Dinoflagellata","Syndiniales","Dino-Group-II","Dino-Group-II-Clade-1","Dino-Group-II-Clade-1_X","Dino-Group-II-Clade-1_X_sp.",0.995938676
"1887","24dc42097ddd0c4429cc6199589454e7","Eukaryota","Alveolata","Ciliophora","Spirotrichea","Hypotrichia",NA,NA,NA,0.999999996
"1888","01f5e20b8bbc96c8e2fcc30396e39388","Eukaryota","Alveolata","Dinoflagellata","Syndiniales","Dino-Group-I","Dino-Group-I-Clade-4","Dino-Group-I-Clade-4_X","Dino-Group-I-Clade-4_X_sp.",0.994821838
"1889","c3e3878d4b6c9719b1ceb10ae2f499c9","Eukaryota","Alveolata","Dinoflagellata","Syndiniales","Dino-Group-I","Dino-Group-I-Clade-5","Dino-Group-I-Clade-5_X","Dino-Group-I-Clade-5_X_sp.",0.999991572
"1890","c71e90c80e1eca7ef87910773bdf7df3","Eukaryota","Stramenopiles","Ochrophyta","Bacillariophyta","Bacillariophyta_X","Raphid-pennate","Pseudo-nitzschia","Pseudo-nitzschia_sp.",0.989322425
"1891","1290625a2f72ad05ccd420f4c752f61c","Eukaryota","Rhizaria","Cercozoa","Filosa-Imbricatea","Marimonadida","Marimonadida_X","Pseudopirsonia","Pseudopirsonia_mucosa",0.999989435
"1892","e63b1dc7a7059321eb6caa0452efa029","Eukaryota","Stramenopiles","Opalozoa","MAST-3","MAST-3J","MAST-3J_X","MAST-3J_XX","MAST-3J_XX_sp.",0.999156548
"1893","4cf7d34736cf20686aede550807aafe4","Eukaryota",NA,NA,NA,NA,NA,NA,NA,0.999258304
"1894","1cde9a8fff1143069a576823080d8eda","Eukaryota","Excavata","Discoba","Euglenida","Euglenophyceae","Eutreptiidae","Eutreptiella","Eutreptiella_gymnastica",1
"1895","4adb93cd958cf11bd5680b5c075149aa","Eukaryota","Alveolata","Dinoflagellata","Syndiniales","Dino-Group-II",NA,NA,NA,0.995925941
"1896","1fa3aafd3f8fb66826073401bd8f6d86","Eukaryota","Stramenopiles","Pseudofungi","MAST-2","MAST-2C","MAST-2C_X","MAST-2C_XX","MAST-2C_XX_sp.",0.998664269
"1897","2434325e2c8bc7575424c4ec1b13d1c8","Eukaryota","Alveolata","Dinoflagellata","Syndiniales","Dino-Group-II","Dino-Group-II-Clade-32","Dino-Group-II-Clade-32_X","Dino-Group-II-Clade-32_X_sp.",1
"1898","daef98ae7c7cb2abded923644e7868f3","Eukaryota","Excavata","Discoba","Diplonemea","Diplonemida","Eupelagonemidae","Eupelagonemidae_X","Eupelagonemidae_X_sp.",1
"1899","791fe2497484ada3a47eb955d5a346ca","Eukaryota","Opisthokonta","Metazoa","Annelida","Annelida_X","Annelida_XX","Pectinaria","Pectinaria_koreni",0.998620937
"1900","17ba56d95ed9af9b17e12a255b79d561","Eukaryota",NA,NA,NA,NA,NA,NA,NA,0.999669864
"1901","76bb8f837ffe142174f7bd241c489234","Eukaryota",NA,NA,NA,NA,NA,NA,NA,0.994446068
"1902","9cebc2ee946b12efae8742a47dec070c","Eukaryota","Amoebozoa","Lobosa","Discosea-Flabellinia","Vannellida","Vannellidae","Vannella",NA,1
"1903","57bce03674f595ae5a5b58d0abb2d924","Eukaryota","Alveolata","Dinoflagellata","Syndiniales","Dino-Group-II",NA,NA,NA,0.975638632
"1904","717f93cd1ef051b7166839f93d345ef9","Eukaryota","Alveolata","Dinoflagellata","Noctilucophyceae","Noctilucales","Noctilucaceae","Noctiluca","Noctiluca_scintillans",0.999999953
"1905","ab6ce84cab077859f231b6080e8d9761","Eukaryota","Rhizaria","Cercozoa","Filosa-Thecofilosea","Cryomonadida","Protaspa-lineage","Protaspa-lineage_X","Protaspa-lineage_X_sp.",0.98736576
"1906","88979abdd23c84994833376cc06f75c0","Eukaryota","Opisthokonta",NA,NA,NA,NA,NA,NA,0.976339837
"1907","382a48bee55d488b27c339cfa1e6781a","Eukaryota","Alveolata","Dinoflagellata","Syndiniales","Dino-Group-III","Dino-Group-III_X","Dino-Group-III_XX","Dino-Group-III_XX_sp.",0.996940277
"1908","0de1b3a5d454bde289fdbfbf8a7ec4de","Eukaryota","Alveolata","Dinoflagellata","Syndiniales","Dino-Group-II","Dino-Group-II-Clade-23","Dino-Group-II-Clade-23_X","Dino-Group-II-Clade-23_X_sp.",0.999991472
"1909","701024f9111d6e436d60912d41743126","Eukaryota","Rhizaria","Cercozoa","Cercozoa_X","Cercozoa_XX","Cercozoa_XXX","Cercozoa_XXXX","Cercozoa_XXXX_sp.",0.999999206
"1910","27b91932e8005ebe6728efa2ce24b4df","Eukaryota","Opisthokonta","Metazoa","Annelida","Annelida_X","Annelida_XX",NA,NA,0.998825894
"1911","b5cb4810fced90baec0cfb2ce0262037","Eukaryota","Stramenopiles","Ochrophyta","Bacillariophyta","Bacillariophyta_X",NA,NA,NA,0.999723402
"1912","ff365b8c11b1879d8448d1cd1c80319b","Eukaryota","Hacrobia","Centroheliozoa","Centroheliozoa_X",NA,NA,NA,NA,0.996705208
"1913","e7c0ac019df1e242ea5b5000e462ff9c","Eukaryota",NA,NA,NA,NA,NA,NA,NA,1
"1914","cb1eace0b19e01297f520b92f198216e","Eukaryota","Stramenopiles","Ochrophyta","Bacillariophyta","Bacillariophyta_X","Raphid-pennate",NA,NA,0.998834996
"1915","1b2973ce3b4c8c709d939abbfa9ebdf9","Eukaryota","Hacrobia","Haptophyta","Prymnesiophyceae","Phaeocystales","Phaeocystaceae","Phaeocystis","Phaeocystis_sp.",0.9999119
"1916","aa98178ae76cdbaf51957d322c72d59b","Eukaryota","Excavata","Discoba","Euglenida","Euglenophyceae","Eutreptiidae","Eutreptiella","Eutreptiella_gymnastica",1
"1917","a463de89109b8fe049755c007a351b04","Eukaryota","Opisthokonta","Fungi","Basidiomycota","Agaricomycotina","Tremellomycetes","Cryptococcus",NA,0.98119329
"1918","a059ea8d0ad18a8e2cbfab87fa607cbc","Eukaryota",NA,NA,NA,NA,NA,NA,NA,0.999999987
"1919","a1b4d3d7a71815a27f55b1ade244b14a","Eukaryota",NA,NA,NA,NA,NA,NA,NA,0.997982195
"1920","2eb7519a71a7353ab8257404b6d085ff","Eukaryota","Stramenopiles","Ochrophyta","Bacillariophyta","Bacillariophyta_X","Radial-centric-basal-Coscinodiscophyceae","Stellarima","Stellarima_microtrias",0.999974788
"1921","a1ead8177618f43474ad8f883510f177","Eukaryota","Hacrobia","Haptophyta","Prymnesiophyceae","Phaeocystales","Phaeocystaceae","Phaeocystis",NA,0.999999952
"1922","571fd6cbd43fca0872e994f0de54a907","Eukaryota","Alveolata","Dinoflagellata","Syndiniales","Dino-Group-III","Dino-Group-III_X","Dino-Group-III_XX","Dino-Group-III_XX_sp.",0.999548261
"1923","1a5f5a074d32af779b83942a169d29d5","Eukaryota","Alveolata","Dinoflagellata","Dinophyceae",NA,NA,NA,NA,0.990897466
"1924","f5e35ba85b76c331548a1e438ed456f7","Eukaryota","Stramenopiles","Opalozoa","MAST-12","MAST-12A","MAST-12A_X","MAST-12A_XX","MAST-12A_XX_sp.",0.999999924
"1925","79f4fe71c1486028164811727412603c","Eukaryota","Alveolata","Dinoflagellata","Syndiniales","Dino-Group-II","Dino-Group-II-Clade-1","Dino-Group-II-Clade-1_X","Dino-Group-II-Clade-1_X_sp.",0.997895465
"1926","11b6c8496c5610e939bffa06d6b6d77e","Eukaryota","Hacrobia","Telonemia","Telonemia_X","Telonemia_XX","Telonemia-Group-2","Telonemia-Group-2_X","Telonemia-Group-2_X_sp.",0.999999863
"1927","ce4f257f54685196b2eb3a61d1501dae","Eukaryota","Archaeplastida","Chlorophyta","Pyramimonadophyceae","Pyramimonadales","Pyramimonadales_X","Cymbomonas","Cymbomonas_tetramitiformis",0.977294665
"1928","271f2ccc61a657f0d7debeb882cfb366","Eukaryota","Excavata","Discoba","Kinetoplastea","Prokinetoplastida","Ichthyobodonidae","Perkinsela","Perkinsela_sp.",0.997047052
"1929","576fafb669c9ab5ccdffbc487e7c0241","Eukaryota",NA,NA,NA,NA,NA,NA,NA,0.999999999
"1930","549e39b199c8253447ae892a178f05e9","Eukaryota","Rhizaria","Cercozoa","Filosa-Thecofilosea","Ventricleftida","CCW10-lineage","CCW10-lineage_X","CCW10-lineage_X_sp.",1
"1931","20f5011844cd9cf08d829821654fbd57","Eukaryota","Opisthokonta","Choanoflagellida",NA,NA,NA,NA,NA,0.999916781
"1932","2ae916e7f29510153cb63cde50044419","Eukaryota","Opisthokonta","Metazoa","Cnidaria","Cnidaria_X","Anthozoa",NA,NA,0.999999167
"1933","56c74fdd6d9acb7ebd2d3d0539015781","Eukaryota","Alveolata","Dinoflagellata","Dinophyceae",NA,NA,NA,NA,0.999273488
"1934","c7a85ca8cf860e26a2c3172de6374c28","Eukaryota","Opisthokonta","Metazoa","Arthropoda","Crustacea","Maxillopoda",NA,NA,0.999984529
"1935","7d3ee477ae7adc6da0dd9d3101cc9cf0","Eukaryota","Alveolata","Dinoflagellata","Dinophyceae",NA,NA,NA,NA,0.998345385
"1936","03ec0e1afcac248e4f035eadfc235c87","Eukaryota","Hacrobia","Picozoa","Picozoa_X","Picozoa_XX","Picozoa_XXX","Picozoa_XXXX","Picozoa_XXXX_sp.",0.999122953
"1937","9f3a39a8f3edefd1327a8401dd8eba8d","Eukaryota","Alveolata","Dinoflagellata","Dinophyceae","Peridiniales","Protoperidiniaceae","Protoperidinium","Protoperidinium_sp.",0.999999624
"1938","53095c534be33b5eb973d3ef03fc7272","Eukaryota","Alveolata","Dinoflagellata","Dinophyceae","Peridiniales","Protoperidiniaceae","Protoperidinium","Protoperidinium_sp.",0.999784766
"1939","72cc5b0e94fb138ad060d9349097f967","Eukaryota","Alveolata","Dinoflagellata","Syndiniales","Dino-Group-II",NA,NA,NA,0.993195312
"1940","fd777b2851be9e7a6e935f9f5232ade4","Eukaryota",NA,NA,NA,NA,NA,NA,NA,1
"1941","51d6bb959031b55a483291bc6868be54","Eukaryota",NA,NA,NA,NA,NA,NA,NA,0.999980495
"1942","16fcd646c9c61df7046cbde9cb8ac979","Eukaryota","Stramenopiles","Ochrophyta","Bacillariophyta","Bacillariophyta_X",NA,NA,NA,0.999999391
"1943","09b590bd39d01b83884fd250bba40ca8","Eukaryota","Alveolata","Dinoflagellata","Syndiniales","Dino-Group-II","Dino-Group-II-Clade-10-and-11","Dino-Group-II-Clade-10-and-11_X","Dino-Group-II-Clade-10-and-11_X_sp.",0.990326547
"1944","a737953f7bdaaf13c424b44e4251f931","Eukaryota","Alveolata","Dinoflagellata","Dinophyceae",NA,NA,NA,NA,0.989416121
"1945","13ae7c8a9ecd691947800601dbb97463","Eukaryota","Stramenopiles","Opalozoa","MAST-3","MAST-3F","MAST-3F_X","MAST-3F_XX","MAST-3F_XX_sp.",1
"1946","2801606ea40d7b18d0881230e48a9674","Eukaryota","Archaeplastida","Chlorophyta","Trebouxiophyceae","Chlorellales","Chlorellales_X","Picochlorum","Picochlorum_sp.",0.99999828
"1947","c73b4c39406d8609f035e05cd57c0541","Eukaryota","Rhizaria","Cercozoa","Endomyxa-Ascetosporea","Paradinida","Paradinidae","Paradinium","Paradinium_poucheti",0.996874795
"1948","8c0133483716c32330250b1d4d0c4481","Eukaryota",NA,NA,NA,NA,NA,NA,NA,1
"1949","e15fcd1147da8dd9172398c765c02777","Eukaryota","Rhizaria","Cercozoa","Filosa-Thecofilosea","Ebriida","Ebriidae","Ebria","Ebria_tripartita",0.999999949
"1950","01dc0e8f3d91b000e04be70fc900fb1c","Eukaryota:nucl","Hacrobia:nucl","Cryptophyta:nucl","Cryptophyceae:nucl","Cryptomonadales:nucl","Hemiselmidaceae:nucl","Hemiselmis:nucl","Hemiselmis_sp.:nucl",0.97161571
"1951","445d70c5cc64288e53a49177748807ab","Eukaryota","Alveolata","Dinoflagellata","Dinophyceae","Peridiniales","Heterocapsaceae","Heterocapsa",NA,0.979409002
"1952","f9a8a81f66870d0616a1566256ae95ef","Eukaryota","Stramenopiles","Sagenista","Labyrinthulomycetes","Oblongichytrida","Oblongichytridiaceae","Oblongichytrium","Oblongichytrium_sp.",0.996984306
"1953","628134bb9c6ef4ea688f89dae26a92d6","Eukaryota","Archaeplastida","Chlorophyta","Mamiellophyceae","Mamiellales","Mamiellaceae","Micromonas","Micromonas_pusilla",0.999999987
"1954","61c029a428f935b6e06065b57be974f4","Eukaryota","Alveolata","Dinoflagellata",NA,NA,NA,NA,NA,0.981476689
"1955","cdbac69f0e6a6cd2fc45f8b4b4a80ab6","Eukaryota",NA,NA,NA,NA,NA,NA,NA,0.999999952
"1956","d403bec73b9fe5615f51a308f96b6811","Eukaryota","Alveolata","Dinoflagellata","Syndiniales","Dino-Group-II","Dino-Group-II-Clade-1","Dino-Group-II-Clade-1_X","Dino-Group-II-Clade-1_X_sp.",0.99893467
"1957","b2b2d475ffe07d7afa123696751ed1f5","Eukaryota","Stramenopiles","Opalozoa","MAST-3","MAST-3I","MAST-3I_X","MAST-3I_XX","MAST-3I_XX_sp.",0.999999263
"1958","165260f15b273304dd59737327767939","Eukaryota","Alveolata","Dinoflagellata","Syndiniales","Dino-Group-II","Dino-Group-II-Clade-7","Dino-Group-II-Clade-7_X","Dino-Group-II-Clade-7_X_sp.",0.998578853
"1959","8eae1ee945089326c0a6c4af9c860156","Eukaryota","Amoebozoa","Lobosa","Discosea-Flabellinia","Vannellida","Vannellidae","Vannella","Vannella_contorta",0.975874112
"1960","356f1ebb30f28904619b8ead73d6805c","Eukaryota","Opisthokonta","Metazoa",NA,NA,NA,NA,NA,0.997583538
"1961","2f932923cc582c63d6e807ee2be53540","Eukaryota","Opisthokonta","Metazoa","Arthropoda","Crustacea","Maxillopoda",NA,NA,0.999999059
"1962","f460d7e33077f0111dda9546180aa0ea","Eukaryota","Stramenopiles","Opalozoa","MAST-12","MAST-12A","MAST-12A_X","MAST-12A_XX","MAST-12A_XX_sp.",0.999999991
"1963","45119996dbc0e5fe248b5e797a919eb7","Eukaryota","Opisthokonta","Metazoa","Arthropoda","Crustacea","Maxillopoda",NA,NA,0.999978691
"1964","df6de4546500864be168712a3843a5f2","Eukaryota","Rhizaria","Radiolaria","Acantharea",NA,NA,NA,NA,0.987989928
"1965","865f9650dc99b87c2384f229cc641d1a","Eukaryota","Rhizaria","Cercozoa","Filosa-Imbricatea","Euglyphida",NA,NA,NA,0.998691228
"1966","b855c590f7a6fafe2ae6b230b254aaa4","Eukaryota","Hacrobia","Telonemia","Telonemia_X","Telonemia_XX","Telonemia-Group-1","Telonemia-Group-1_X","Telonemia-Group-1_X_sp.",0.999999022
"1967","82110e602c18bd2799e0ba4e31ea6653","Eukaryota","Rhizaria","Cercozoa","Filosa-Imbricatea","Thaumatomonadida","Thaumatomonadida_X","Thaumatomonadida_XX","Thaumatomonadida_XX_sp.",0.988482827
"1968","73f216fe05a422964a848d37c6a0d7f9","Eukaryota","Opisthokonta","Metazoa","Arthropoda","Crustacea","Maxillopoda",NA,NA,0.999995989
"1969","adf4b70142a6292ca73071c87ef17284","Eukaryota","Alveolata","Dinoflagellata","Syndiniales","Dino-Group-II","Dino-Group-II-Clade-10-and-11","Dino-Group-II-Clade-10-and-11_X","Dino-Group-II-Clade-10-and-11_X_sp.",0.970526283
"1970","546f4732065fdd3dadf2ee9ffd1e736e","Eukaryota","Stramenopiles","Opalozoa","MAST-3","MAST-3E","MAST-3E_X","MAST-3E_XX","MAST-3E_XX_sp.",0.999999996
"1971","b2de4d69e195bc5a6ec7614ea7a39376","Eukaryota","Stramenopiles","Ochrophyta","Bacillariophyta","Bacillariophyta_X","Polar-centric-Mediophyceae","Chaetoceros","Chaetoceros_tenuissimus",0.988842868
"1972","fbb0afdff573b2d79aa72d2f9c4b8310","Eukaryota","Archaeplastida","Rhodophyta","Florideophyceae",NA,NA,NA,NA,0.99999988
"1973","22eaef3e0fe4498859e9105b1cb10405","Eukaryota","Alveolata","Dinoflagellata","Dinophyceae",NA,NA,NA,NA,0.999873467
"1974","df73b4ed63f96ea2ae4ee7ef48073392","Eukaryota","Rhizaria","Radiolaria","RAD-B","RAD-B_X","RAD-B_X_Group-IVd","RAD-B_X_Group-IVd_X","RAD-B_X_Group-IVd_X_sp.",1
"1975","d4d54b32c841f2a34515c0102873716d","Eukaryota","Stramenopiles","Opalozoa","MAST-3","MAST-3L","MAST-3L_X","MAST-3L_XX","MAST-3L_XX_sp.",0.998774912
"1976","c8ba35a36355db28b20db4a15bffd5d7","Eukaryota","Alveolata","Dinoflagellata","Dinophyceae","Suessiales","Suessiaceae","Pelagodinium","Pelagodinium_beii",0.99996822
"1977","dc3edd6a1ae9ada4d1e8b007763658ec","Eukaryota","Opisthokonta","Fungi","Ascomycota","Saccharomycotina","Saccharomycetales","Candida",NA,0.999470333
"1978","9589a284d944544642a4e762837c8cc2","Eukaryota","Hacrobia","Picozoa","Picozoa_X","Picozoa_XX","Picozoa_XXX","Picozoa_XXXX","Picozoa_XXXX_sp.",0.999967891
"1979","d9f49f7b8fb52d093453df7a3bfa5577","Eukaryota","Stramenopiles","Ochrophyta","Bolidophyceae","Parmales","Parmales_env_3","Parmales_env_3_X","Parmales_env_3_X_sp.",0.999761866
"1980","f657d80fca24c3c46212289cc633ecd9","Eukaryota","Stramenopiles","Pseudofungi","MAST-1","MAST-1B","MAST-1B_X","MAST-1B_XX","MAST-1B_XX_sp.",0.999999675
"1981","2389a074cf5637d14904835f84943bf8","Eukaryota","Alveolata","Dinoflagellata","Syndiniales","Dino-Group-II","Dino-Group-II-Clade-1","Dino-Group-II-Clade-1_X","Dino-Group-II-Clade-1_X_sp.",0.999141622
"1982","0ae2e6ff64fd166e878d77f30cc32ff2","Eukaryota","Alveolata","Dinoflagellata","Syndiniales","Dino-Group-I","Dino-Group-I-Clade-5","Dino-Group-I-Clade-5_X","Dino-Group-I-Clade-5_X_sp.",0.999996011
"1983","a7dcb1cf61ac892616f989570c8641a5","Eukaryota","Alveolata","Dinoflagellata","Dinophyceae","Gymnodiniales","Gymnodiniaceae","Gymnodinium","Gymnodinium_catenatum",0.996025263
"1984","e8ab1cfe30b364e9876c0cb81a50095a","Eukaryota","Alveolata","Dinoflagellata","Syndiniales","Dino-Group-II","Dino-Group-II-Clade-1","Dino-Group-II-Clade-1_X","Dino-Group-II-Clade-1_X_sp.",0.999978826
"1985","2c8ff10bb693646ad82d6d9513c1b95c","Eukaryota",NA,NA,NA,NA,NA,NA,NA,1
"1986","b5cde81eb99f4a7c5d46f6e3ec8070f7","Eukaryota","Hacrobia","Cryptophyta","Cryptophyceae","Cryptomonadales","Hemiselmidaceae","Hemiselmis","Hemiselmis_rufescens",0.99692929
"1987","f44628e9b23e749d99940f0ed4365fee","Eukaryota","Opisthokonta","Metazoa","Arthropoda","Crustacea","Maxillopoda","Archinotodelphys","Archinotodelphys_sp.",0.994103566
"1988","7119dd5cc3a83d6dd0c798f4bc5aade7","Eukaryota","Opisthokonta","Metazoa","Arthropoda","Crustacea","Maxillopoda",NA,NA,0.999996146
"1989","b76196e0c0f0207f85aa3ba169a5bda9","Eukaryota","Amoebozoa","Lobosa","Discosea-Flabellinia","Dactylopodida","Paramoebidae","Neoparamoeba","Neoparamoeba_branchiphila",0.99924331
"1990","b4efc7ffbaf0eff04f49fcebd36f44ad","Eukaryota","Rhizaria","Cercozoa","Filosa-Thecofilosea","Ventricleftida","CCW10-lineage","CCW10-lineage_X","CCW10-lineage_X_sp.",0.999999855
"1991","7452b466560c428e81462d822da141fd","Eukaryota","Alveolata","Dinoflagellata","Syndiniales","Dino-Group-II","Dino-Group-II-Clade-6","Dino-Group-II-Clade-6_X","Dino-Group-II-Clade-6_X_sp.",0.999303363
"1992","778fed140bed0452193e83f12ee46ced","Eukaryota","Stramenopiles","Opalozoa","MAST-3","MAST-3F","MAST-3F_X","MAST-3F_XX","MAST-3F_XX_sp.",1
"1993","8e0ec1a209d1ce71f493720903fa1850","Eukaryota","Stramenopiles","Ochrophyta","Chrysophyceae","Chrysophyceae_X","Chrysophyceae_Clade-H","Chrysophyceae_Clade-H_X","Chrysophyceae_Clade-H_X_sp.",0.999935992
"1994","3b9c7ab905bb63191aa5beb76080d9cb","Eukaryota","Alveolata","Dinoflagellata","Syndiniales","Dino-Group-II","Dino-Group-II-Clade-1","Dino-Group-II-Clade-1_X","Dino-Group-II-Clade-1_X_sp.",0.996163364
"1995","b6eb61684430f34dabce13ecb234920b","Eukaryota","Rhizaria","Radiolaria","Polycystinea","Spumellaria",NA,NA,NA,0.999475873
"1996","bdb20d30afcb9c98ce919c76a583821b","Eukaryota","Alveolata","Dinoflagellata","Syndiniales","Dino-Group-II","Dino-Group-II-Clade-4","Amoebophrya","Amoebophrya_ceratii",0.997980828
"1997","9a36b3b6ffa92ad8b1bfde9198ca8092","Eukaryota","Alveolata","Dinoflagellata","Syndiniales","Dino-Group-I","Dino-Group-I-Clade-1","Dino-Group-I-Clade-1_X","Dino-Group-I-Clade-1_X_sp.",0.977515797
"1998","aee5aba97d0f2ad85918489d355d0693","Eukaryota","Stramenopiles","Ochrophyta","Bacillariophyta","Bacillariophyta_X","Polar-centric-Mediophyceae","Chaetoceros","Chaetoceros_sp.",0.999997893
"1999","7b6c10c2b61caa49ac2c07ae7090a2d1","Eukaryota",NA,NA,NA,NA,NA,NA,NA,0.999998254
"2000","a1813ede6168b4b461bd8d6586e5d00c","Eukaryota","Alveolata","Dinoflagellata","Dinophyceae",NA,NA,NA,NA,0.998477233
"2001","27e79a83e29cc84bd0d1083e7e4eaa52","Eukaryota","Amoebozoa","Lobosa","Discosea-Flabellinia","Dactylopodida","Paramoebidae","Neoparamoeba","Neoparamoeba_branchiphila",0.999189392
"2002","6ed9b35416c27d65fd29f18cd4942133","Eukaryota","Opisthokonta",NA,NA,NA,NA,NA,NA,0.995268003
"2003","9f842872a1a4395837d23de56581fb2c","Eukaryota","Stramenopiles",NA,NA,NA,NA,NA,NA,0.98848801
"2004","2909715e33bd5d74fbc0713e67420c78","Eukaryota","Alveolata","Dinoflagellata","Syndiniales","Dino-Group-II","Dino-Group-II-Clade-12","Dino-Group-II-Clade-12_X","Dino-Group-II-Clade-12_X_sp.",0.987390194
"2005","91ac219debd344b23c4ec1e752ebfdb6","Eukaryota","Alveolata","Ciliophora",NA,NA,NA,NA,NA,0.999577279
"2006","cc4ad3e713ba7af81000d383a1f52440","Eukaryota","Alveolata","Dinoflagellata","Syndiniales","Dino-Group-II","Dino-Group-II-Clade-7","Dino-Group-II-Clade-7_X","Dino-Group-II-Clade-7_X_sp.",0.987534171
"2007","2b752a7056a1e1667bc84329c478deb3","Eukaryota","Opisthokonta","Metazoa","Annelida","Annelida_X","Annelida_XX","Apistobranchus","Apistobranchus_typicus",0.999986543
"2008","8dc7419efd7f52e1a9a35dff61e4dcb1","Eukaryota","Alveolata","Dinoflagellata","Dinophyceae","Peridiniales","Protoperidiniaceae","Protoperidinium","Protoperidinium_sp.",0.99999363
"2009","c80caf108da0eb847a014bf94795e9a7","Eukaryota","Alveolata","Dinoflagellata","Syndiniales","Dino-Group-II","Dino-Group-II-Clade-44","Dino-Group-II-Clade-44_X","Dino-Group-II-Clade-44_X_sp.",0.999968651
"2010","4d4192b1d359604b327f4dfa4365b57a","Eukaryota","Stramenopiles","Ochrophyta","Bacillariophyta","Bacillariophyta_X","Raphid-pennate","Pseudo-nitzschia","Pseudo-nitzschia_australis",0.97985956
"2011","363ef98133687a8cc727102a3aa9019c","Eukaryota","Amoebozoa","Lobosa","Discosea-Flabellinia","Vannellida","Vannellidae","Vannella",NA,0.999999703
"2012","29d28c6f1660a7b9c35d1c1358b7c333","Eukaryota","Amoebozoa","Lobosa","Discosea-Flabellinia","Dactylopodida","Paramoebidae","Neoparamoeba","Neoparamoeba_branchiphila",0.999592848
"2013","3b7ce11de59daf2a701f67814be1ab20","Eukaryota","Alveolata","Dinoflagellata","Dinophyceae","Suessiales","Suessiaceae","Pelagodinium","Pelagodinium_beii",0.993220242
"2014","9864fc095420e4af17d501907815168d","Eukaryota","Stramenopiles","Sagenista","MAST-8","MAST-8B","MAST-8B_X","MAST-8B_XX","MAST-8B_XX_sp.",0.972386158
"2015","73e84ec8b2305d06c79bba0ffd475fd2","Eukaryota","Stramenopiles","Sagenista","MAST-10","MAST-10_X","MAST-10_XX","MAST-10_XXX","MAST-10_XXX_sp.",1
"2016","77a6317c04462acf1f317237299a7fc3","Eukaryota","Stramenopiles","Ochrophyta","Bacillariophyta","Bacillariophyta_X",NA,NA,NA,0.999994599
"2017","d4108bcb706afbaa485a6145bad545f1","Eukaryota","Stramenopiles","Stramenopiles_X","Stramenopiles_X-Group-7","Stramenopiles_X-Group-7_X","Stramenopiles_X-Group-7_XX","Stramenopiles_X-Group-7_XXX","Stramenopiles_X-Group-7_XXX_sp.",0.998523487
"2018","d76a58026aa405fc7574920c1b277921","Eukaryota","Opisthokonta",NA,NA,NA,NA,NA,NA,0.998992454
"2019","b51d60736eb7a34c48acf1bd15a98690","Eukaryota","Stramenopiles","Ochrophyta",NA,NA,NA,NA,NA,0.998205468
"2020","bcf9fcd9f529421020e7e4b326dcc27b","Eukaryota","Rhizaria","Radiolaria","Polycystinea","Nassellaria","Cannobotryidae","Cannobotryidae_X","Cannobotryidae_X_sp.",0.999999306
"2021","cf1b6a242c5fc1027fff6ee628b4ccf9","Eukaryota","Rhizaria","Cercozoa","Filosa-Thecofilosea","Cryomonadida",NA,NA,NA,0.998821787
"2022","286b8f949a830a7558e53c4cde92f7a9","Eukaryota",NA,NA,NA,NA,NA,NA,NA,0.999999998
"2023","0d122bffe437687fdf2fb5debfdbe231","Eukaryota","Amoebozoa","Lobosa","Discosea-Flabellinia","Vannellida","Vannellidae","Vannella",NA,0.999999945
"2024","cf70b05214eaba9a3ffbc79356768cf0","Eukaryota","Opisthokonta",NA,NA,NA,NA,NA,NA,0.981808483
"2025","3c0a027bc72b6c36926823605e5b30ce","Eukaryota",NA,NA,NA,NA,NA,NA,NA,0.999999946
"2026","32d223b5f3b7e80623aa29f49073653b","Eukaryota","Stramenopiles","Ochrophyta","Bacillariophyta","Bacillariophyta_X","Radial-centric-basal-Coscinodiscophyceae","Stellarima","Stellarima_microtrias",0.999683768
"2027","6a2058358b10ca12a06e6a8bb6c8d576","Eukaryota","Alveolata","Dinoflagellata","Syndiniales","Dino-Group-II","Dino-Group-II-Clade-5","Dino-Group-II-Clade-5_X","Dino-Group-II-Clade-5_X_sp.",0.991532197
"2028","43533e0db306098043b77622388853c2","Eukaryota","Alveolata","Dinoflagellata","Syndiniales",NA,NA,NA,NA,0.996455798
"2029","f0be5531624c827e14746ca2f610f7ba","Eukaryota","Alveolata","Dinoflagellata","Syndiniales","Dino-Group-I","Dino-Group-I-Clade-1","Dino-Group-I-Clade-1_X","Dino-Group-I-Clade-1_X_sp.",0.999998366
"2030","4eb94e1d3c7ba13bc60e1f73418ad54a","Eukaryota","Alveolata","Dinoflagellata","Noctilucophyceae","Noctilucales","Noctilucaceae","Noctiluca","Noctiluca_scintillans",0.999998815
"2031","8e73b5dde2e350f18ad09fda0b95033c","Eukaryota","Opisthokonta","Metazoa","Arthropoda","Crustacea","Maxillopoda",NA,NA,0.99997811
"2032","377bfa1babf42373d6244d05f9c633c6","Eukaryota","Hacrobia","Telonemia","Telonemia_X","Telonemia_XX","Telonemia-Group-2","Telonemia-Group-2_X","Telonemia-Group-2_X_sp.",0.99999994
"2033","cb2fe362314e80b4ce11dcb7f60f26d0","Eukaryota","Stramenopiles",NA,NA,NA,NA,NA,NA,0.973535212
"2034","eca0185ff930a34a19c7e773e5138994","Eukaryota","Rhizaria","Cercozoa","Filosa-Imbricatea","Filosa-Imbricatea_X","Novel-clade-2","Novel-clade-2_X","Novel-clade-2_X_sp.",0.999999906
"2035","6bc4eddaec7d65de8267b2606de55932","Eukaryota","Opisthokonta","Metazoa","Mollusca","Bivalvia","Heteroconchia",NA,NA,1
"2036","ad5e19959fd80037a1fe81db425b8388","Eukaryota","Rhizaria","Radiolaria","Acantharea","Acantharea_A","Acantharea_A_X","Acanthoplegma","Acanthoplegma_sp.",1
"2037","9542845f9c78c5a11545fb0288255d23","Eukaryota","Alveolata","Dinoflagellata","Syndiniales","Dino-Group-II","Dino-Group-II-Clade-20","Dino-Group-II-Clade-20_X","Dino-Group-II-Clade-20_X_sp.",0.999975127
"2038","839ce8416f93e15ead6080fd79804cb1","Eukaryota","Rhizaria","Cercozoa","Chlorarachniophyceae","Chlorarachniophyceae_X","NPK2-lineage","NPK2-lineage_X","NPK2-lineage_X_sp.",0.999998848
"2039","71a4ed8e381372843087853cc321f6a8","Eukaryota","Hacrobia","Telonemia","Telonemia_X","Telonemia_XX","Telonemia-Group-2","Telonemia-Group-2_X","Telonemia-Group-2_X_sp.",0.999910604
"2040","70ae51265d5b041e47efce3dc032529d","Eukaryota","Stramenopiles","Opalozoa","MAST-3","MAST-3E","MAST-3E_X","MAST-3E_XX","MAST-3E_XX_sp.",0.999999883
"2041","2cdd1d8220dd1f51f81f67286768918d","Eukaryota","Stramenopiles","Ochrophyta","MOCH-2","MOCH-2_X","MOCH-2_XX","MOCH-2_XXX","MOCH-2_XXX_sp.",0.999999998
"2042","b90188a110503ee6a3937c88cd2c044d","Eukaryota","Rhizaria","Radiolaria","Acantharea",NA,NA,NA,NA,0.972418914
"2043","e23f4675ff62fe81322f77c492b0c7f5","Eukaryota","Amoebozoa","Lobosa","Discosea-Flabellinia","Dactylopodida","Paramoebidae","Neoparamoeba","Neoparamoeba_branchiphila",0.995349912
"2044","56499ccf9a89f3af774df44e2e79f1a8","Eukaryota","Hacrobia","Cryptophyta","Cryptophyceae","Cryptomonadales","Cryptomonadales_X","Geminigera","Geminigera_cryophila",0.979860848
"2045","f399933f7994576a0a6f8657ccfad4de","Eukaryota","Opisthokonta","Metazoa","Arthropoda","Crustacea","Maxillopoda",NA,NA,0.999964058
"2046","1b7b3b7fb2a228b1c400fe7197b97532","Eukaryota","Alveolata","Ciliophora","Spirotrichea","Choreotrichida","Strobilidiidae_G","Strobilidiidae_G_X","Strobilidiidae_G_X_sp.",0.999999995
"2047","9dc6cfad1100eb24a72a93cfdbec3b78","Eukaryota","Alveolata","Dinoflagellata","Syndiniales","Dino-Group-III","Dino-Group-III_X","Dino-Group-III_XX","Dino-Group-III_XX_sp.",0.999998753
"2048","b257de7a835af81fcc8abe79378009d9","Eukaryota","Alveolata","Dinoflagellata","Dinophyceae",NA,NA,NA,NA,0.996217142
"2049","e8311be5cc7112e1ccae25fd2fb511c5","Eukaryota","Alveolata","Dinoflagellata","Syndiniales","Dino-Group-II","Dino-Group-II-Clade-44","Dino-Group-II-Clade-44_X","Dino-Group-II-Clade-44_X_sp.",0.999939617
"2050","4de8b8913fef6d2b71c675851573334f","Eukaryota","Alveolata","Dinoflagellata","Syndiniales","Dino-Group-III","Dino-Group-III_X","Dino-Group-III_XX","Dino-Group-III_XX_sp.",0.999686655
"2051","30f984db413327419cc27205d1e75220","Eukaryota","Hacrobia","Katablepharidophyta","Katablepharidaceae","Katablepharidales","Katablepharidales_X","Katablepharidales_XX","Katablepharidales_XX_sp.",0.999999674
"2052","f5c8dd4f1ab580e4f9b4de68a06fc0ba","Eukaryota","Stramenopiles","Ochrophyta","Bacillariophyta","Bacillariophyta_X",NA,NA,NA,0.985386909
"2053","36c5c5d1fe3e75b488c32e724495444b","Eukaryota","Alveolata","Dinoflagellata","Syndiniales","Dino-Group-II",NA,NA,NA,0.973860416
"2054","449da53c3281d9522834f73ea011efae","Eukaryota",NA,NA,NA,NA,NA,NA,NA,0.999999999
"2055","73f40a62c5570a3bbe1cbfc5edb6d58b","Eukaryota","Excavata","Discoba","Euglenida","Euglenophyceae","Eutreptiidae","Eutreptiella","Eutreptiella_gymnastica",0.999999983
"2056","9907ee97f1a0b065afe9fd33f016f759","Eukaryota",NA,NA,NA,NA,NA,NA,NA,0.999965733
"2057","7eabb42c84fb6ae77b31c9fc81a8fc2f","Eukaryota","Alveolata","Dinoflagellata","Dinophyceae",NA,NA,NA,NA,0.993738246
"2058","211f62228edfda922d5fd202556a090d","Eukaryota","Opisthokonta","Metazoa","Echinodermata","Echinodermata_X","Echinodermata_XX","Gorgonocephalus","Gorgonocephalus_eucnemis",0.99275091
"2059","5e68a78b0f3ca14e1330fd8e3aa04542","Eukaryota","Alveolata","Dinoflagellata","Dinophyceae",NA,NA,NA,NA,0.994726041
"2060","4efb79d32861ffbbe76498426676c868","Eukaryota","Alveolata","Dinoflagellata","Dinophyceae",NA,NA,NA,NA,0.98767267
"2061","1219bddce25e7824080d8570b27af1bd","Eukaryota","Alveolata","Dinoflagellata","Syndiniales","Dino-Group-II","Dino-Group-II-Clade-10-and-11","Dino-Group-II-Clade-10-and-11_X","Dino-Group-II-Clade-10-and-11_X_sp.",0.980173514
"2062","4776e00510f4473625774f703d437f49","Eukaryota","Hacrobia","Haptophyta","Prymnesiophyceae","Phaeocystales","Phaeocystaceae","Phaeocystis",NA,0.999999975
"2063","9ad98346d1a8cc4b7cecbd4d93580ed3","Eukaryota","Opisthokonta","Metazoa","Arthropoda","Crustacea","Maxillopoda",NA,NA,0.999616244
"2064","69b4f8f6dcb952c4c942be87ccfd5b29","Eukaryota","Opisthokonta","Metazoa","Echinodermata","Echinodermata_X","Echinodermata_XX","Strongylocentrotus","Strongylocentrotus_purpuratus",0.984972975
"2065","16a3ca10769f7b6723ca637cca21d907","Eukaryota","Opisthokonta","Metazoa","Arthropoda","Crustacea","Maxillopoda",NA,NA,0.999996363
"2066","3f5d6e61b17143d67407d4b6b0e37e16","Eukaryota","Opisthokonta","Metazoa","Bryozoa","Bryozoa_X","Bryozoa_XX","Membranipora","Membranipora_membranacea",0.999905683
"2067","51cf1ee008f0041a6738a30c464f8bd9","Eukaryota","Alveolata","Ciliophora","Spirotrichea",NA,NA,NA,NA,0.998135194
"2068","1dbf8c2afecbcc0bf104bd9bc0e8d60b","Eukaryota","Stramenopiles","Ochrophyta","MOCH-2","MOCH-2_X","MOCH-2_XX","MOCH-2_XXX","MOCH-2_XXX_sp.",0.999999986
"2069","50b6157ff188ea632e7a06eb100e6da5","Eukaryota","Rhizaria","Cercozoa","Filosa-Imbricatea","Filosa-Imbricatea_X","Novel-clade-2","Novel-clade-2_X","Novel-clade-2_X_sp.",0.999994132
"2070","7163cff2be335e1a90ee6168324c3db0","Eukaryota","Opisthokonta","Choanoflagellida","Choanoflagellatea","Acanthoecida","Stephanoecidae_Group_H","Stephanoecidae_Group_H_X","Stephanoecidae_Group_H_X_sp.",0.998083784
"2071","acf814ff747505de76a14d5297fa5c5b","Eukaryota",NA,NA,NA,NA,NA,NA,NA,0.999995502
"2072","7f500ffef5fb79ccf5fb74a363eed8ed","Eukaryota","Alveolata","Dinoflagellata","Syndiniales","Dino-Group-II","Dino-Group-II-Clade-1","Dino-Group-II-Clade-1_X","Dino-Group-II-Clade-1_X_sp.",0.998494351
"2073","d502f2bbf4b9fe1300970f2b77194a34","Eukaryota","Rhizaria","Cercozoa","Filosa-Imbricatea","Thaumatomonadida","Thaumatomonadida_X","Thaumatomonadida_XX","Thaumatomonadida_XX_sp.",0.997857487
"2074","0765637c849157f8c0f1f62740d0ba53","Eukaryota","Stramenopiles","Ochrophyta","Bacillariophyta","Bacillariophyta_X","Radial-centric-basal-Coscinodiscophyceae","Stellarima","Stellarima_microtrias",0.999920845
"2075","331c38a2d016fe2264ea3b8677a33cd5","Eukaryota","Amoebozoa","Lobosa","Discosea-Flabellinia","Vannellida","Vannellidae","Vannella","Vannella_contorta",0.999999965
"2076","52b4fd26c664f106e3ca3092e8ead12b","Eukaryota","Hacrobia","Centroheliozoa","Centroheliozoa_X",NA,NA,NA,NA,0.971113989
"2077","ca6de6fd17e2eddcdb52489cd9662aeb","Eukaryota","Opisthokonta","Metazoa","Urochordata","Urochordata_X","Appendicularia","Appendicularia_X","Appendicularia_X_sp.",0.999831126
"2078","582a5829c678e0fd3ee031508e1f5d23","Eukaryota","Alveolata","Dinoflagellata","Dinophyceae","Peridiniales","Thoracosphaeraceae","Zooxanthella","Zooxanthella_nutricula",0.998558237
"2079","6f8cea656454918cc6cc17e799fd6df4","Eukaryota","Alveolata","Dinoflagellata","Syndiniales","Dino-Group-II","Dino-Group-II-Clade-1","Dino-Group-II-Clade-1_X","Dino-Group-II-Clade-1_X_sp.",0.97893128
"2080","a2c3d8de651cf06a511c333764dcf2d7","Eukaryota",NA,NA,NA,NA,NA,NA,NA,0.996500042
"2081","5807dea6f0899f5d048bbef1b99e9f5b","Eukaryota","Rhizaria","Cercozoa","Filosa-Thecofilosea","Cryomonadida","Protaspa-lineage","Protaspa","Protaspa_sp.",0.996227746
"2082","65e8ec63cc56562ab892875fe8ae7616","Eukaryota","Stramenopiles","Ochrophyta","Phaeophyceae","Phaeophyceae_X","Phaeophyceae_XX","Ectocarpus",NA,0.999954235
"2083","5a68fb58181e2bbbbfa465f891b56b50","Eukaryota","Alveolata","Dinoflagellata","Syndiniales","Dino-Group-II","Dino-Group-II-Clade-1","Dino-Group-II-Clade-1_X","Dino-Group-II-Clade-1_X_sp.",0.999996771
"2084","e222d1cc3fc760cfcde367546e374dae","Eukaryota","Alveolata","Dinoflagellata","Syndiniales","Dino-Group-II","Dino-Group-II-Clade-28","Dino-Group-II-Clade-28_X","Dino-Group-II-Clade-28_X_sp.",0.999994609
"2085","427d04f0ec3e4b48169ad230edfdb42b","Eukaryota",NA,NA,NA,NA,NA,NA,NA,1
"2086","f4b09a51c4e7dc740c9b64e57feccbbd","Eukaryota","Stramenopiles","Ochrophyta","Bacillariophyta","Bacillariophyta_X","Radial-centric-basal-Coscinodiscophyceae","Radial-centric-basal-Coscinodiscophyceae_X","Radial-centric-basal-Coscinodiscophyceae_X_sp.",0.998819364
"2087","d072acd702752003d506da82027a152d","Eukaryota","Opisthokonta","Metazoa","Arthropoda","Crustacea","Maxillopoda",NA,NA,0.999993437
"2088","521f151699555cb2146aef977b06331f","Eukaryota","Opisthokonta","Metazoa","Annelida","Annelida_X","Annelida_XX","Paramphinome","Paramphinome_jeffreysii",0.999216786
"2089","deaf90190e2ecfde8837ddfdffbc5571","Eukaryota",NA,NA,NA,NA,NA,NA,NA,0.999361761
"2090","09f96a1b3f72a560b2fb44743c80045f","Eukaryota","Alveolata","Dinoflagellata","Dinophyceae","Peridiniales","Protoperidiniaceae","Protoperidinium","Protoperidinium_sp.",0.999817322
"2091","e3c7ca826cc3198c2fe5dd2923caa8e1","Eukaryota","Stramenopiles","Ochrophyta","Bacillariophyta","Bacillariophyta_X","Polar-centric-Mediophyceae","Bacteriastrum","Bacteriastrum_mediterraneum",0.99999964
"2092","afd145c4203f057df8a5a4313c57bad1","Eukaryota","Alveolata","Ciliophora","Spirotrichea","Tintinnida",NA,NA,NA,0.999992271
"2093","b0833db4a04759894131266eee5ec433","Eukaryota","Stramenopiles","Ochrophyta","Chrysophyceae","Chrysophyceae_X","Chrysophyceae_Clade-I","Chrysophyceae_Clade-I_X","Chrysophyceae_Clade-I_X_sp.",1
"2094","ab3b3f808af27b4061d2bb52d4d59823","Eukaryota",NA,NA,NA,NA,NA,NA,NA,1
"2095","e348bcb2721f373f317b5b89d33f5a48","Eukaryota","Excavata","Discoba","Euglenida","Euglenophyceae","Eutreptiidae","Eutreptiella","Eutreptiella_gymnastica",1
"2096","9628255d3f24ca55c4a358a24b0b4fef","Eukaryota","Amoebozoa","Lobosa","Discosea-Flabellinia","Dactylopodida","Paramoebidae","Neoparamoeba","Neoparamoeba_branchiphila",0.99967129
"2097","d48d7c1326e4b2f5265c86232088f68d","Eukaryota","Opisthokonta","Metazoa","Ctenophora","Ctenophora_X","Ctenophora_XX",NA,NA,0.975481977
"2098","2ac92a34301097124e5785215ee82051","Eukaryota","Opisthokonta","Metazoa","Arthropoda","Crustacea","Malacostraca",NA,NA,0.999863229
"2099","ad7e8727713109fdc53facd61ede7971","Eukaryota","Alveolata","Dinoflagellata","Syndiniales","Dino-Group-II","Dino-Group-II-Clade-5","Dino-Group-II-Clade-5_X","Dino-Group-II-Clade-5_X_sp.",0.997564769
"2100","961d64e7c407933d5c012b565fcebb6e","Eukaryota","Alveolata","Dinoflagellata","Syndiniales","Dino-Group-I","Dino-Group-I-Clade-4","Dino-Group-I-Clade-4_X","Dino-Group-I-Clade-4_X_sp.",0.994742853
"2101","cc4c45ac262b574196fd6ec89175f13e","Eukaryota",NA,NA,NA,NA,NA,NA,NA,0.999993417
"2102","acb94eda051a0f5fa2f65e39f2fcf30e","Eukaryota","Alveolata","Dinoflagellata","Syndiniales","Dino-Group-II","Dino-Group-II-Clade-1","Dino-Group-II-Clade-1_X","Dino-Group-II-Clade-1_X_sp.",0.999910157
"2103","9a1f0369f22f3d494419f52658a10ad3","Eukaryota","Alveolata","Dinoflagellata","Syndiniales","Dino-Group-II","Dino-Group-II-Clade-1","Dino-Group-II-Clade-1_X","Dino-Group-II-Clade-1_X_sp.",0.999927273
"2104","23764db46c56ac7a0578a7a47787ffa7","Eukaryota","Alveolata","Dinoflagellata","Syndiniales","Dino-Group-II","Dino-Group-II-Clade-7","Dino-Group-II-Clade-7_X","Dino-Group-II-Clade-7_X_sp.",0.993325598
"2105","2a6b367d080d31a6e4712e1059d2e4ea","Eukaryota","Alveolata","Dinoflagellata","Dinophyceae",NA,NA,NA,NA,0.991692387
"2106","bed08182d44935e22b13aab322c89785","Eukaryota","Alveolata","Dinoflagellata","Syndiniales","Dino-Group-II","Dino-Group-II-Clade-2","Dino-Group-II-Clade-2_X","Dino-Group-II-Clade-2_X_sp.",0.999999724
"2107","c4d788e6c265447f45dd4d78cf9ab7a3","Eukaryota","Stramenopiles","Ochrophyta","Bacillariophyta","Bacillariophyta_X",NA,NA,NA,0.997031218
"2108","3bbad5601f51e33575c469ef94b862d1","Eukaryota","Stramenopiles","Ochrophyta","Bacillariophyta","Bacillariophyta_X",NA,NA,NA,0.999984415
"2109","d6967570d1f20a59a495be57ceccb10a","Eukaryota","Stramenopiles","Ochrophyta","Bacillariophyta","Bacillariophyta_X","Polar-centric-Mediophyceae","Chaetoceros","Chaetoceros_debilis_2",0.999999999
"2110","1b9f88272455c4d1275ab1e3193f982e","Eukaryota","Stramenopiles","Ochrophyta","Bacillariophyta","Bacillariophyta_X",NA,NA,NA,0.999403373
"2111","d03da6705e845e7816fc36b1cd401bc6","Eukaryota","Alveolata","Dinoflagellata","Syndiniales","Dino-Group-II","Dino-Group-II-Clade-1","Dino-Group-II-Clade-1_X","Dino-Group-II-Clade-1_X_sp.",0.999682496
"2112","fef85692d7c45981700d37a0c1c3de7d","Eukaryota",NA,NA,NA,NA,NA,NA,NA,1
"2113","997d8b1f3adc28ffd0191296824c9338","Eukaryota","Opisthokonta","Choanoflagellida","Choanoflagellatea","Acanthoecida","Stephanoecidae_Group_D","Stephanoecidae_Group_D_X","Stephanoecidae_Group_D_X_sp.",0.988245216
"2114","32f3e3d238e0b0876bc006a61c91bfc1","Eukaryota",NA,NA,NA,NA,NA,NA,NA,0.99992742
"2115","05d0a8ad832994df0fdbb7f9409569e1","Eukaryota","Stramenopiles","Sagenista","MAST-7","MAST-7B","MAST-7B_X","MAST-7B_XX","MAST-7B_XX_sp.",0.999987792
"2116","f10afb849d9a532e695b52ae9ca973a0","Eukaryota","Stramenopiles","Sagenista","MAST-4","MAST-4D","MAST-4D_X","MAST-4D_XX","MAST-4D_XX_sp.",1
"2117","81809a0ad3cf0ea8895a878e385b935c","Eukaryota",NA,NA,NA,NA,NA,NA,NA,0.999955376
"2118","c613be6d7046a717253536110df1732e","Eukaryota",NA,NA,NA,NA,NA,NA,NA,0.999715107
"2119","4337df826c0bead801dbb708aad7e6b0","Eukaryota","Alveolata","Dinoflagellata","Dinophyceae","Peridiniales","Thoracosphaeraceae","Pentapharsodinium","Pentapharsodinium_tyrrhenicum",0.994955692
"2120","660c0aab4e676ef97b0917ad09d47a37","Eukaryota",NA,NA,NA,NA,NA,NA,NA,0.999966276
"2121","a66cdddfbf2663a8ca4ecdf52b9b8a08","Eukaryota","Rhizaria","Cercozoa","Filosa-Thecofilosea","Cryomonadida","Protaspa-lineage","Protaspa","Protaspa_sp.",0.996024852
"2122","d3837debae3a04ea1052a98eea2d527e","Eukaryota",NA,NA,NA,NA,NA,NA,NA,0.999987451
"2123","d4519500f07ad5038d6d5620a54c6892","Eukaryota","Opisthokonta","Metazoa","Cnidaria","Cnidaria_X","Hydrozoa","Pantachogon","Pantachogon_haeckeli",0.990683753
"2124","6fc025d5e7888f712d15c1ec7c96c17f","Eukaryota","Stramenopiles","Sagenista","Labyrinthulomycetes","Oblongichytrida","Oblongichytridiaceae","Oblongichytrium","Oblongichytrium_sp.",0.992933572
"2125","8a3c7b42779df14f87bf229ad7127f48","Eukaryota","Alveolata","Dinoflagellata","Syndiniales","Dino-Group-II","Dino-Group-II-Clade-1","Dino-Group-II-Clade-1_X","Dino-Group-II-Clade-1_X_sp.",0.997639461
"2126","9bce194dc2609a6cd4bb6b5908d02673","Eukaryota","Alveolata","Dinoflagellata","Syndiniales","Dino-Group-II","Dino-Group-II-Clade-14","Dino-Group-II-Clade-14_X","Dino-Group-II-Clade-14_X_sp.",0.999279598
"2127","9bd6853a2a57e7c66a9eb8dd3df373c1","Eukaryota","Alveolata","Ciliophora","Spirotrichea","Choreotrichida","Leegaardiellidae_B","Leegaardiella","Leegaardiella_sp.",0.99986356
"2128","20b57ed7b2986f519636a98626ba0bd8","Eukaryota","Alveolata","Dinoflagellata",NA,NA,NA,NA,NA,0.997951593
"2129","4a0903179a3f4c269cfa7c99b3a23a70","Eukaryota","Alveolata","Dinoflagellata","Dinophyceae",NA,NA,NA,NA,0.999232236
"2130","231109eb7de8356c92b9e30ac30b97ab","Eukaryota","Alveolata","Dinoflagellata","Dinophyceae",NA,NA,NA,NA,0.998216722
"2131","351129ce1d5298faa79a82089862cd77","Eukaryota","Amoebozoa","Lobosa","Discosea-Flabellinia","Vannellida","Vannellidae","Vannella","Vannella_contorta",0.999998056
"2132","cc6d38346f200a919a5776ba7408c96e","Eukaryota","Amoebozoa","Lobosa","Discosea-Flabellinia","Dactylopodida","Paramoebidae","Neoparamoeba","Neoparamoeba_branchiphila",0.986938704
"2133","ae2b2d869abaf57c6f657c7738568fcf","Eukaryota","Rhizaria","Cercozoa","Filosa-Granofilosea","Filosa-Granofilosea_X","Massiteriidae","Massisteria","Massisteria_marina",0.999998261
"2134","b4992f11ec322f01777e6503e3ae37ef","Eukaryota","Archaeplastida","Chlorophyta","Ulvophyceae","Ulotrichales","Ulotrichales_X","Capsosiphon","Capsosiphon_groenlandicus",0.99968261
"2135","94f351b22b43e9fbde1132aed60c28a5","Eukaryota",NA,NA,NA,NA,NA,NA,NA,1
"2136","eaea0bd4f08d59ef7558539762a74e9a","Eukaryota","Alveolata","Dinoflagellata","Syndiniales","Dino-Group-I","Dino-Group-I-Clade-5","Dino-Group-I-Clade-5_X","Dino-Group-I-Clade-5_X_sp.",0.992337499
"2137","e94f06a520bde0eea0624e03a504105a","Eukaryota","Alveolata","Dinoflagellata","Syndiniales","Dino-Group-II","Dino-Group-II-Clade-5","Dino-Group-II-Clade-5_X","Dino-Group-II-Clade-5_X_sp.",0.999649231
"2138","82e3df5e9183a3ce9dd3e0181f999896","Eukaryota","Alveolata","Ciliophora","Spirotrichea","Strombidiida","Strombidiidae_L","Strombidiidae_L_X","Strombidiidae_L_X_sp.",0.999899827
"2139","93c92e5a6f7e1a16679bc6405c0d886f","Eukaryota","Alveolata","Dinoflagellata","Syndiniales","Dino-Group-I","Dino-Group-I-Clade-5","Dino-Group-I-Clade-5_X","Dino-Group-I-Clade-5_X_sp.",0.999848831
"2140","040f68cfba71cd0813eac57016a7adf6","Eukaryota","Alveolata","Dinoflagellata","Syndiniales","Dino-Group-II",NA,NA,NA,0.987655072
"2141","7ec6c3dfa2e0947a09b688d14d038812","Eukaryota","Alveolata","Dinoflagellata","Syndiniales","Dino-Group-I","Dino-Group-I-Clade-4","Dino-Group-I-Clade-4_X","Dino-Group-I-Clade-4_X_sp.",0.999656329
"2142","d57216eec921b9f5a3098226306195b4","Eukaryota","Opisthokonta","Metazoa","Annelida","Annelida_X","Annelida_XX",NA,NA,0.993663897
"2143","c9919934bea7b61e47051824a56396e8","Eukaryota","Alveolata","Ciliophora","Phyllopharyngea","Cyrtophoria_1","PHYLL_4","PHYLL_4_X","PHYLL_4_X_sp.",0.999334097
"2144","c525b636ffa8414f3bce8503a6d19714","Eukaryota","Alveolata","Dinoflagellata","Dinophyceae","Suessiales","Suessiales_X","Dactylodinium","Dactylodinium_pterobelotum",0.989427621
"2145","e8fee9bb7e0dc51097372bd9bbfe0859","Eukaryota",NA,NA,NA,NA,NA,NA,NA,1
"2146","1f7fae01637bf31df4e342538aab84e1","Eukaryota","Alveolata","Dinoflagellata","Syndiniales","Dino-Group-II",NA,NA,NA,0.983175525
"2147","2b7c3dbebb5ccc61bdb5dea05930f9d5","Eukaryota","Alveolata","Dinoflagellata","Dinophyceae",NA,NA,NA,NA,0.998317397
"2148","d7789c36ddd1e4f1b08644dc6c53a77c","Eukaryota","Rhizaria","Cercozoa","Filosa-Imbricatea","Thaumatomonadida","Thaumatomonadida_X","Thaumatomonadida_XX","Thaumatomonadida_XX_sp.",0.997202189
"2149","7b24ddc46b2676b05f853378c9525633","Eukaryota","Stramenopiles","Ochrophyta","Bacillariophyta","Bacillariophyta_X","Raphid-pennate",NA,NA,0.9784012
"2150","518cf41d07a84c918eae22a76e710e0f","Eukaryota","Opisthokonta","Metazoa","Arthropoda","Crustacea","Maxillopoda",NA,NA,0.999999966
"2151","ed34ce6ce3d6db3a2b5b91904803925e","Eukaryota","Stramenopiles","Opalozoa","MAST-12","MAST-12A","MAST-12A_X","MAST-12A_XX","MAST-12A_XX_sp.",0.999999996
"2152","bda7dfb55afe2d8ea2b14200d689aa25","Eukaryota","Opisthokonta","Fungi","Ascomycota","Pezizomycotina","Eurotiomycetes","Aspergillus","Aspergillus_versicolor",0.991171629
"2153","663cb03054bab9f75d5d43b026acf3ad","Eukaryota","Opisthokonta","Metazoa","Arthropoda","Crustacea","Malacostraca",NA,NA,0.99293321
"2154","7c3277e6e1c0850caf1206dc9644799a","Eukaryota","Opisthokonta","Metazoa","Nematoda","Chromadorea","Chromadorea_X","Halomonhystera","Halomonhystera_disjuncta",0.999994494
"2155","674f464bcdd974e65ee8a862e1e4283b","Eukaryota","Excavata","Discoba","Kinetoplastea","Parabodonida","Parabodonidae","Procryptobia","Procryptobia_sorokini",0.999999935
"2156","bfa1f8084f7ecff5aa2bed04de0fb51d","Eukaryota","Opisthokonta","Metazoa","Annelida","Annelida_X","Annelida_XX",NA,NA,0.995192241
"2157","7220c82a118d913c4a1c6ce9fe822570","Eukaryota",NA,NA,NA,NA,NA,NA,NA,0.999996257
"2158","befb6099d2bd93ce694f3f17a294dbb6","Eukaryota","Opisthokonta",NA,NA,NA,NA,NA,NA,0.997637912
"2159","061dc92650abb65bdd2f82117f92d4aa","Eukaryota","Stramenopiles","Ochrophyta","Bacillariophyta","Bacillariophyta_X","Polar-centric-Mediophyceae","Attheya","Attheya_longicornis",0.999484729
"2160","6056d82f820c4528464af9ac6000e7d3","Eukaryota","Stramenopiles","Ochrophyta","Bolidophyceae","Parmales","Parmales_env_2","Parmales_env_2_X","Parmales_env_2_X_sp.",0.999999998
"2161","1da24d497bb1bd466ef2225fac0df591","Eukaryota","Opisthokonta","Metazoa","Platyhelminthes","Turbellaria","Acoelomorpha","Simplicomorpha","Simplicomorpha_gigantorhabditis",0.995575935
"2162","03b1d9d44a8e887b7c45ff9845d0c90a","Eukaryota",NA,NA,NA,NA,NA,NA,NA,0.999999998
"2163","97a4bef0be3f3ebf8652070c9fdab446","Eukaryota","Alveolata",NA,NA,NA,NA,NA,NA,0.984764313
"2164","d95b7801763d9d9a34b7a8985c563b71","Eukaryota","Alveolata","Dinoflagellata","Syndiniales","Dino-Group-I","Dino-Group-I-Clade-1","Dino-Group-I-Clade-1_X","Dino-Group-I-Clade-1_X_sp.",0.998773257
"2165","149dd903d48d0c8b2cf212447fa9d525","Eukaryota","Alveolata","Dinoflagellata",NA,NA,NA,NA,NA,0.994855359
"2166","5e701ff0978406b589dffc8845bf2b81","Eukaryota","Stramenopiles","Ochrophyta","Bacillariophyta","Bacillariophyta_X",NA,NA,NA,0.997937538
"2167","bc732715d4b0ea43252d8c4edadda44e","Eukaryota","Archaeplastida",NA,NA,NA,NA,NA,NA,0.988655216
"2168","416576fde2a5748fcf0c47dffdf815c1","Eukaryota","Alveolata","Ciliophora","Spirotrichea","Choreotrichida","Strobilidiidae_A","Rimostrombidium_A","Rimostrombidium_veniliae",0.999999616
"2169","76a8fafbad580341cfc4a385659458de","Eukaryota","Alveolata","Dinoflagellata","Dinophyceae",NA,NA,NA,NA,0.998778046
"2170","0a8e5f91d0de3af640e6f80e5fe5118a","Eukaryota","Alveolata","Dinoflagellata","Syndiniales","Dino-Group-II","Dino-Group-II-Clade-1","Dino-Group-II-Clade-1_X","Dino-Group-II-Clade-1_X_sp.",0.999990321
"2171","cded25f16ba5faa19ebafb77ca842688","Eukaryota","Hacrobia","Telonemia","Telonemia_X","Telonemia_XX","Telonemia-Group-2","Telonema-Group-2","Telonema_antarcticum",0.999654493
"2172","51831453e73185927d67a9d546bfa3ff","Eukaryota","Opisthokonta","Metazoa","Arthropoda","Crustacea","Maxillopoda",NA,NA,0.986336246
"2173","23f9d501a385822185c98c43e4aa6138","Eukaryota","Stramenopiles","Ochrophyta","Bacillariophyta","Bacillariophyta_X","Polar-centric-Mediophyceae","Odontella","Odontella_sinensis",0.995068587
"2174","55ddee15df19ec2ac5b03e8d2ed90dce","Eukaryota","Stramenopiles","Opalozoa","MAST-3","MAST-3J","MAST-3J_X","MAST-3J_XX","MAST-3J_XX_sp.",0.999987609
"2175","8fb235495454e811ccb161a79045a5e4","Eukaryota","Rhizaria","Radiolaria","RAD-C","RAD-C_X","RAD-C_Xb","RAD-C_Xb_X","RAD-C_Xb_X_sp.",1
"2176","53c1d84598853388c4567bb68cf78f63","Eukaryota","Alveolata","Dinoflagellata","Dinophyceae",NA,NA,NA,NA,0.994122512
"2177","9e470459a29d0760944bff7e704630f9","Eukaryota","Alveolata","Dinoflagellata","Syndiniales","Dino-Group-II","Dino-Group-II-Clade-1","Dino-Group-II-Clade-1_X","Dino-Group-II-Clade-1_X_sp.",0.986579944
"2178","9f28c5a711e1cab774600497ce1476f9","Eukaryota","Stramenopiles","Pseudofungi","MAST-1","MAST-1C","MAST-1C_X","MAST-1C_XX","MAST-1C_XX_sp.",1
"2179","bbc0ddb12f0df63dae2f5fb02b681545","Eukaryota","Stramenopiles","Ochrophyta","Bacillariophyta","Bacillariophyta_X","Polar-centric-Mediophyceae","Chaetoceros","Chaetoceros_debilis_2",0.999999923
"2180","7978442bb2169e5903fb5ec332842b8f","Eukaryota","Alveolata","Dinoflagellata","Syndiniales","Dino-Group-II","Dino-Group-II-Clade-10-and-11","Dino-Group-II-Clade-10-and-11_X","Dino-Group-II-Clade-10-and-11_X_sp.",0.997580032
"2181","440daf89769e89dd3a2d736216014510","Eukaryota","Stramenopiles","Sagenista","MAST-4","MAST-4B","MAST-4B_X","MAST-4B_XX","MAST-4B_XX_sp.",0.998682919
"2182","3c778782b0e05f1fc7f243017211e083","Eukaryota","Excavata","Discoba","Diplonemea","Diplonemida","Eupelagonemidae","Eupelagonemidae_X","Eupelagonemidae_X_sp.",1
"2183","20ade5fce337fde3e77f73b2f78082f0","Eukaryota","Opisthokonta","Metazoa","Arthropoda","Crustacea","Maxillopoda",NA,NA,0.983263458
"2184","75394aea1ffc6b5d4bea4cbdccd253fe","Eukaryota",NA,NA,NA,NA,NA,NA,NA,1
"2185","8e094bec1cec04e5dbd022044e8adb3b","Eukaryota","Opisthokonta","Metazoa",NA,NA,NA,NA,NA,0.979508384
"2186","d02ddd848fe6c0f239bac62f448e40ce","Eukaryota","Alveolata","Dinoflagellata","Dinophyceae",NA,NA,NA,NA,0.993975453
"2187","f3b0d1992e3632faff1074605803259f","Eukaryota",NA,NA,NA,NA,NA,NA,NA,0.999999992
"2188","934c2a5b9d77ac35d3319cc2ceb51ae7","Eukaryota","Alveolata","Dinoflagellata","Syndiniales","Dino-Group-II","Dino-Group-II_X","Dino-Group-II_XX","Dino-Group-II_XX_sp.",0.994234451
"2189","6d55c6d8303bbfafad298800afb7527d","Eukaryota","Rhizaria","Cercozoa","Filosa-Thecofilosea","Cryomonadida","Protaspa-lineage","Protaspa","Protaspa_sp.",0.998771293
"2190","40de377aac910e6725149c89d3e75e1e","Eukaryota","Alveolata","Dinoflagellata","Syndiniales","Dino-Group-II","Dino-Group-II-Clade-1","Dino-Group-II-Clade-1_X","Dino-Group-II-Clade-1_X_sp.",0.999951413
"2191","6f4aa4600bc7131dab506c11a0a7ef70","Eukaryota","Alveolata","Dinoflagellata","Syndiniales","Dino-Group-II","Dino-Group-II-Clade-1","Dino-Group-II-Clade-1_X","Dino-Group-II-Clade-1_X_sp.",0.999858654
"2192","0365f36dbc7f3ea7d44cf17b651f68aa","Eukaryota","Alveolata","Dinoflagellata","Syndiniales","Dino-Group-II","Dino-Group-II-Clade-3","Dino-Group-II-Clade-3_X","Dino-Group-II-Clade-3_X_sp.",0.999999792
"2193","d654ceee292b12f1e2bf4d45af59b764","Eukaryota","Alveolata","Dinoflagellata","Syndiniales","Dino-Group-II","Dino-Group-II-Clade-7","Dino-Group-II-Clade-7_X","Dino-Group-II-Clade-7_X_sp.",0.997822144
"2194","7c3a2321364f56895784a07a5793eba2","Eukaryota",NA,NA,NA,NA,NA,NA,NA,0.99995092
"2195","05b1ab92eb84a78dcabd64207bcf61c4","Eukaryota","Alveolata","Dinoflagellata","Syndiniales","Dino-Group-II","Dino-Group-II-Clade-4","Amoebophrya","Amoebophrya_ceratii",0.984233318
"2196","b1e7a87d2cfc201ef81c2e6a9a67d535","Eukaryota","Stramenopiles","Opalozoa","Bicoecea","Bicoecales","Bicoecaceae","Bicosoeca","Bicosoeca_vacillans",0.999751296
"2197","9aaf6ad489bf5c58b6b84c4776a13a14","Eukaryota",NA,NA,NA,NA,NA,NA,NA,0.999971826
"2198","c8eb659c1c01ba109c82f7d35d0fc9d4","Eukaryota","Rhizaria","Cercozoa","Chlorarachniophyceae","Chlorarachnida","Minorisa-lineage","Minorisa","Minorisa_minuta",0.999587331
"2199","afa28698145c1778d1c9e10a843d776e","Eukaryota","Opisthokonta","Metazoa","Arthropoda","Crustacea","Maxillopoda",NA,NA,0.999391741
"2200","39f793b3f95b86bc5448ff3ce3916908","Eukaryota","Opisthokonta","Metazoa","Arthropoda","Crustacea","Maxillopoda",NA,NA,0.984160188
"2201","f10dc296a058f2cc13dfae029418e164","Eukaryota",NA,NA,NA,NA,NA,NA,NA,0.999993851
"2202","c2afe1cd37f16cda7a4e1c7082680e15","Eukaryota","Excavata","Discoba","Diplonemea","Diplonemida","Hemistasiidae","Hemistasia","Hemistasia_sp.",0.999173033
"2203","8219105207a8b230285c3043d6cf2bff","Eukaryota","Rhizaria","Radiolaria","Polycystinea","Nassellaria",NA,NA,NA,0.99999893
"2204","3fcb8b60a257c8b471dbde9c9897cc5e","Eukaryota","Archaeplastida","Chlorophyta","Ulvophyceae","Ulotrichales","Ulotrichales_X",NA,NA,0.999727567
"2205","1b73455746bacf2832dc3036de722aa2","Eukaryota","Hacrobia","Telonemia","Telonemia_X","Telonemia_XX","Telonemia-Group-2","Telonemia-Group-2_X","Telonemia-Group-2_X_sp.",0.999999989
"2206","dea5d0802da5a55106aa744045e1cf85","Unassigned",NA,NA,NA,NA,NA,NA,NA,0.986882008
"2207","6672b8cd97aa147d4ef6795e44ad3afb","Eukaryota",NA,NA,NA,NA,NA,NA,NA,0.999999877
"2208","462ca6fe85cb7c4017fdb2057c5fb3db","Eukaryota","Opisthokonta","Metazoa","Cnidaria","Cnidaria_X","Hydrozoa","Pantachogon","Pantachogon_haeckeli",0.989940425
"2209","209572483697d52697e6e8e6880f5865","Eukaryota","Stramenopiles","Opalozoa","MAST-3","MAST-3I","MAST-3I_X","MAST-3I_XX","MAST-3I_XX_sp.",0.999801432
"2210","9fde8444ecc8d7f935523d3ae412ffcc","Eukaryota","Alveolata","Dinoflagellata","Syndiniales","Dino-Group-II","Dino-Group-II-Clade-12","Dino-Group-II-Clade-12_X","Dino-Group-II-Clade-12_X_sp.",0.999395199
"2211","53472e433044d22b954df1ad921440e5","Eukaryota","Stramenopiles","Ochrophyta","Chrysophyceae","Chrysophyceae_X","Chrysophyceae_Clade-H","Chrysophyceae_Clade-H_X","Chrysophyceae_Clade-H_X_sp.",0.999999998
"2212","da759f9d909cc5d778d6a612cfa0a530","Eukaryota","Alveolata","Dinoflagellata","Dinophyceae","Gymnodiniales","Gymnodiniaceae","Polykrikos","Polykrikos_geminatus",0.994135615
"2213","7acd6d4b7653e76ed8c7c7635d62db23","Eukaryota","Rhizaria","Cercozoa","Filosa-Thecofilosea","Cryomonadida","Protaspa-lineage","Protaspa","Protaspa_sp.",0.977310708
"2214","46903d0b5751ece088f2dd6f6b97d66f","Eukaryota",NA,NA,NA,NA,NA,NA,NA,0.999916165
"2215","909a3d6f928a2c9f9b00386594c26706","Eukaryota","Opisthokonta","Metazoa","Arthropoda","Crustacea","Maxillopoda",NA,NA,0.99641741
"2216","7f4640a6d704515dc15ac0e4ccd19118","Eukaryota","Opisthokonta","Metazoa",NA,NA,NA,NA,NA,0.989573567
"2217","0c178096c751fa16aad2f07ef1ac3a05","Eukaryota","Opisthokonta","Metazoa","Arthropoda","Crustacea","Maxillopoda",NA,NA,0.998525556
"2218","d5fc70a91bb17b3c06350814de9eda3e","Eukaryota","Stramenopiles","Ochrophyta","Bacillariophyta","Bacillariophyta_X",NA,NA,NA,0.986523623
"2219","ef7d107b12afdd5089185edeec09e584","Eukaryota","Stramenopiles","Ochrophyta","Bacillariophyta","Bacillariophyta_X",NA,NA,NA,0.999991344
"2220","9d5c8e466595b33a79df5256b17b324f","Eukaryota",NA,NA,NA,NA,NA,NA,NA,0.999999076
"2221","0b05b600b6468f5f38ee054fd1bb5388","Eukaryota","Opisthokonta","Metazoa","Arthropoda","Crustacea","Maxillopoda",NA,NA,0.999932508
"2222","607bed18cfaca82647a9e99d50b5b1ef","Eukaryota","Alveolata","Dinoflagellata",NA,NA,NA,NA,NA,0.970710844
"2223","b6d6e9caa1a24e4dc3052bff67671fbf","Eukaryota","Alveolata","Dinoflagellata","Dinophyceae",NA,NA,NA,NA,0.99975904
"2224","ab0209d000aa48a5e7a5759cdc624cd9","Eukaryota","Amoebozoa","Lobosa","Discosea-Flabellinia","Dactylopodida","Paramoebidae","Neoparamoeba","Neoparamoeba_branchiphila",0.999967722
"2225","ffb36eb53cffd73603c1aec3752e2beb","Eukaryota","Stramenopiles","Opalozoa","Bicoecea","Anoecales","Cafeteriaceae","Pseudobodo","Pseudobodo_tremulans",0.999993619
"2226","8546b3d6e58e7560a56dea6c16bda845","Unassigned",NA,NA,NA,NA,NA,NA,NA,0.994258757
"2227","c7f26274a30dfc30328333920f71e444","Eukaryota","Stramenopiles","Ochrophyta","Bacillariophyta","Bacillariophyta_X","Polar-centric-Mediophyceae","Odontella","Odontella_sinensis",0.970756817
"2228","2388e6d4545b80ec3306904382140c3e","Eukaryota","Stramenopiles","Ochrophyta","Bacillariophyta","Bacillariophyta_X",NA,NA,NA,0.994317975
"2229","3d742a82c49c0f10325f882040a2d0fd","Eukaryota",NA,NA,NA,NA,NA,NA,NA,0.999977606
"2230","15f77b64057945dfe23c3be1461a777f","Eukaryota","Stramenopiles","Ochrophyta",NA,NA,NA,NA,NA,0.970923647
"2231","6f208fe52b3bbb445bef7618f591aa8e","Eukaryota","Alveolata","Dinoflagellata","Syndiniales","Dino-Group-I","Dino-Group-I-Clade-1","Dino-Group-I-Clade-1_X","Dino-Group-I-Clade-1_X_sp.",0.999990353
"2232","6e6cd86ab2de07ff37a386da8a966632","Eukaryota","Alveolata","Dinoflagellata","Dinophyceae",NA,NA,NA,NA,0.999667187
"2233","63be2c25f932e13daeaefcbc3967bdf8","Eukaryota","Alveolata","Dinoflagellata","Syndiniales","Dino-Group-II","Dino-Group-II-Clade-5","Dino-Group-II-Clade-5_X","Dino-Group-II-Clade-5_X_sp.",0.996611544
"2234","5f413fae1430bdbe3e97ee9324a4cf70","Eukaryota","Hacrobia","Telonemia","Telonemia_X","Telonemia_XX","Telonemia-Group-2","Telonemia-Group-2_X","Telonemia-Group-2_X_sp.",0.999996009
"2235","8cc9e4bc2c5a700689a56e99443ab2f6","Eukaryota","Alveolata","Dinoflagellata","Syndiniales","Dino-Group-II","Dino-Group-II-Clade-1","Dino-Group-II-Clade-1_X","Dino-Group-II-Clade-1_X_sp.",0.996003123
"2236","8f736d6f1723d09eaa1d689e747549db","Eukaryota","Alveolata","Dinoflagellata","Syndiniales","Dino-Group-II","Dino-Group-II-Clade-28","Dino-Group-II-Clade-28_X","Dino-Group-II-Clade-28_X_sp.",0.999469854
"2237","e989057fa579b26700d6c55b0f700507","Eukaryota","Stramenopiles","Sagenista","MAST-4","MAST-4D","MAST-4D_X","MAST-4D_XX","MAST-4D_XX_sp.",1
"2238","81e2634950cb6494708c1cece049140c","Eukaryota","Alveolata","Dinoflagellata","Dinophyceae",NA,NA,NA,NA,0.998877109
"2239","09aca5965ddc603246bb6a6361000de4","Eukaryota","Hacrobia","Haptophyta","Prymnesiophyceae",NA,NA,NA,NA,0.985668105
"2240","04a419cd3ee09d534ae6fcc1aaee63ce","Eukaryota","Alveolata","Dinoflagellata","Syndiniales","Dino-Group-II","Dino-Group-II-Clade-10-and-11","Dino-Group-II-Clade-10-and-11_X","Dino-Group-II-Clade-10-and-11_X_sp.",0.999659857
"2241","c012d28489ad8416675c952045796a60","Eukaryota","Alveolata","Dinoflagellata","Syndiniales","Dino-Group-II","Dino-Group-II-Clade-39","Dino-Group-II-Clade-39_X","Dino-Group-II-Clade-39_X_sp.",0.999999535
"2242","258bedb66c82e28c457f0d837b4cc9da","Eukaryota","Stramenopiles","Ochrophyta","Bacillariophyta","Bacillariophyta_X","Polar-centric-Mediophyceae","Porosira",NA,1
"2243","316412ba5965d07cf4f44d1ae5c3115a","Eukaryota","Opisthokonta","Metazoa","Mollusca","Gastropoda","Heterobranchia",NA,NA,0.999895448
"2244","fb8fe6e43b9164616441695a1d3a7a18","Eukaryota","Opisthokonta","Metazoa","Mollusca","Bivalvia","Heteroconchia","Gastrochaena","Gastrochaena_dubia",0.97519899
"2245","45ef014f06042ab1f0daacfb8388c6e2","Eukaryota","Opisthokonta","Metazoa","Arthropoda","Crustacea","Maxillopoda",NA,NA,0.999904424
"2246","40a7a94bf4747d2711cfc391e76e9918","Eukaryota","Opisthokonta",NA,NA,NA,NA,NA,NA,0.975884179
"2247","73fd7c0cd2ea4339b263d87dd09e546f","Eukaryota","Stramenopiles","Ochrophyta","Bacillariophyta","Bacillariophyta_X","Raphid-pennate",NA,NA,0.971837316
"2248","2c015bec148c5a7b2b773f0f836f80ae","Eukaryota",NA,NA,NA,NA,NA,NA,NA,0.999999999
"2249","5b24e10fa0335a7d635638b43c744c75","Eukaryota","Stramenopiles","Ochrophyta","Bacillariophyta","Bacillariophyta_X",NA,NA,NA,0.999999284
"2250","8c42a911967cf5573860a465c7c94c79","Eukaryota","Rhizaria","Cercozoa","Filosa-Imbricatea","Thaumatomonadida","Thaumatomonadida_X","Thaumatomonadida_XX","Thaumatomonadida_XX_sp.",0.998008689
"2251","2672dd04aed8139facd5db870652bd9d","Eukaryota","Alveolata","Dinoflagellata","Syndiniales","Dino-Group-II",NA,NA,NA,0.98446873
"2252","cea8de7d9965ae410e68a9b78a1fcb2e","Eukaryota","Archaeplastida",NA,NA,NA,NA,NA,NA,0.989183561
"2253","0c40db200b7c255f2fba13aa4222c341","Eukaryota","Opisthokonta","Metazoa","Arthropoda","Hexapoda","Insecta","Mayetiola","Mayetiola_destructor",0.997111003
"2254","b589aa88a0e5ba6b2524e7106c2a905a","Eukaryota","Opisthokonta","Metazoa","Arthropoda","Crustacea","Maxillopoda",NA,NA,1
"2255","fac22abcba43f45bcfb9f336f4ca3680","Eukaryota","Stramenopiles","Opalozoa","MAST-12","MAST-12A","MAST-12A_X","MAST-12A_XX","MAST-12A_XX_sp.",0.999909976
"2256","35f0d6eadaea2b73eefbc9c6de0427c8","Eukaryota","Alveolata","Dinoflagellata","Syndiniales","Dino-Group-II","Dino-Group-II-Clade-10-and-11","Dino-Group-II-Clade-10-and-11_X","Dino-Group-II-Clade-10-and-11_X_sp.",0.993678092
"2257","e968563a351a458aa8dacf8d3ff4eab5","Eukaryota","Stramenopiles","Opalozoa","MAST-3","MAST-3F","MAST-3F_X","MAST-3F_XX","MAST-3F_XX_sp.",1
"2258","f92a7551a766063a4efd80d47373c7b0","Eukaryota","Alveolata","Dinoflagellata","Syndiniales","Dino-Group-II","Dino-Group-II-Clade-3","Dino-Group-II-Clade-3_X","Dino-Group-II-Clade-3_X_sp.",0.999999865
"2259","4f07fc03ea665ca82f2f1f3274fd3fbb","Eukaryota",NA,NA,NA,NA,NA,NA,NA,0.998890803
"2260","3216dac593f6a51401135f4dee682723","Eukaryota","Alveolata","Dinoflagellata","Syndiniales","Dino-Group-II",NA,NA,NA,0.998067315
"2261","60d5345caab317e124f248465d4f4d9a","Eukaryota","Alveolata","Dinoflagellata","Syndiniales","Dino-Group-II","Dino-Group-II-Clade-1","Dino-Group-II-Clade-1_X","Dino-Group-II-Clade-1_X_sp.",0.990220986
"2262","7228cb4bee9273ca397c76b963d21855","Eukaryota","Opisthokonta","Fungi","Ascomycota","Pezizomycotina","Dothideomycetes",NA,NA,0.973886468
"2263","b4fb3378dce44cb016815150c94af8ef","Eukaryota",NA,NA,NA,NA,NA,NA,NA,0.994324309
"2264","2628c6b60b7bffdb2354443d4aa4195c","Eukaryota","Stramenopiles","Ochrophyta","Bacillariophyta","Bacillariophyta_X",NA,NA,NA,0.999911021
"2265","c1171960321e89d1e117dd04576e15fd","Eukaryota",NA,NA,NA,NA,NA,NA,NA,0.991517621
"2266","d33a6ddef05b4c7bf7f6519b0d855358","Eukaryota","Alveolata","Dinoflagellata","Syndiniales","Dino-Group-II","Dino-Group-II-Clade-5","Dino-Group-II-Clade-5_X","Dino-Group-II-Clade-5_X_sp.",0.999985175
"2267","f2f7300d6944db2e62ffc4eee81d1d6e","Eukaryota","Opisthokonta","Metazoa","Arthropoda","Crustacea","Maxillopoda",NA,NA,0.996846907
"2268","d58e02730f7b976ee14c9f0c6a016f0b","Eukaryota","Excavata","Discoba","Diplonemea","Diplonemida","Diplonemidae","Diplonema","Diplonema_sp.",0.983494186
"2269","b4384378567a6942c86690c38cf01b3d","Eukaryota","Archaeplastida",NA,NA,NA,NA,NA,NA,0.988200877
"2270","e8d2bc7d10c368c40c62633b61c4236b","Eukaryota","Alveolata","Dinoflagellata","Dinophyceae",NA,NA,NA,NA,0.996461992
"2271","3120273cfb3bb1cf81961b7cb9ba3154","Eukaryota","Alveolata","Dinoflagellata","Syndiniales","Dino-Group-II","Dino-Group-II-Clade-4",NA,NA,0.990594603
"2272","f1041a47f25a2e79ca7ee8d95e8b9985","Eukaryota","Alveolata","Dinoflagellata","Dinophyceae",NA,NA,NA,NA,0.978294552
"2273","128566f6ad86a603bfc73998178fa91f","Eukaryota","Opisthokonta","Metazoa","Arthropoda","Crustacea","Maxillopoda","Archinotodelphys","Archinotodelphys_sp.",0.970238538
"2274","cccbc15238606d132933912988ab4212","Eukaryota","Alveolata","Dinoflagellata","Syndiniales","Dino-Group-II","Dino-Group-II_X","Dino-Group-II-Clade-52_X","Dino-Group-II-Clade-52_X_sp.",0.985201106
"2275","8d686e67d7c586e29ca13e8de46d034e","Eukaryota","Opisthokonta","Metazoa","Cnidaria","Cnidaria_X","Hydrozoa","Aegina","Aegina_citrea",0.99999996
"2276","db50d3d47ca71f28936fdc3bccdb90cd","Eukaryota","Opisthokonta","Metazoa","Bryozoa","Bryozoa_X","Bryozoa_XX",NA,NA,0.999999997
"2277","a47b411009a7e0f13bc38de06fc5062d","Eukaryota","Rhizaria","Cercozoa","Filosa-Thecofilosea","Ventricleftida","Ventricleftida_X","Ventricleftida_XX","Ventricleftida_XX_sp.",0.999713011
"2278","6148e919b4c09348111de5308413e96d","Eukaryota","Stramenopiles","Ochrophyta","Bacillariophyta","Bacillariophyta_X",NA,NA,NA,0.986220896
"2279","314d9fa402a0e4e4605a1980b168a4e1","Eukaryota","Alveolata","Apicomplexa","Gregarinomorphea","Eugregarinorida","Polyplicariidae","Polyplicarium","Polyplicarium_sp.",1
"2280","5e88fe329b19b2b6838ec535a56faf94","Eukaryota","Opisthokonta","Metazoa","Annelida","Annelida_X","Annelida_XX","Parapionosyllis","Parapionosyllis_elegans",0.993806056
"2281","c871fadc5f94d9e077b2e1d64fcce9d9","Eukaryota","Stramenopiles","Sagenista","MAST-9","MAST-9A","MAST-9A_X","MAST-9A_XX","MAST-9A_XX_sp.",0.999999278
"2282","7e9e7ef7f85d85b3f18349ecd2c2015d","Eukaryota","Stramenopiles","Ochrophyta",NA,NA,NA,NA,NA,0.983920413
"2283","8730e90b986d52a0a3090c794a563212","Eukaryota","Alveolata","Dinoflagellata",NA,NA,NA,NA,NA,0.973698711
"2284","054b07f4aeaa563327ebd5d64fcd39bf","Eukaryota","Alveolata","Dinoflagellata","Syndiniales","Dino-Group-II","Dino-Group-II-Clade-1","Dino-Group-II-Clade-1_X","Dino-Group-II-Clade-1_X_sp.",0.996350209
"2285","98cb1c375b9fc74fdd754a22eb58b53e","Eukaryota","Amoebozoa","Lobosa","Discosea-Flabellinia","Vannellida","Vannellidae","Vannella",NA,0.999999967
"2286","9190310d95059701587cbf0fc69800ed","Eukaryota","Amoebozoa","Lobosa","Tubulinea","Echinamoebida","Vermamoebidae","Hartmannella","Hartmannella_abertawensis",0.999995029
"2287","1667c90bfc5e0ff84c8d7b0812cef4e7","Eukaryota","Opisthokonta","Metazoa","Annelida","Annelida_X","Annelida_XX","Nephtys",NA,0.999998562
"2288","aa00fa918e015b6ddbf7e9b42fa6259e","Eukaryota","Archaeplastida","Rhodophyta","Florideophyceae",NA,NA,NA,NA,0.999999815
"2289","e5d8cce236f171837f983eb243765824","Eukaryota","Amoebozoa","Lobosa","Tubulinea","Echinamoebida","Vermamoebidae","Hartmannella","Hartmannella_abertawensis",0.999991712
"2290","8591da06208b2bae58a56a6bfafbae94","Eukaryota","Alveolata","Dinoflagellata","Dinophyceae",NA,NA,NA,NA,0.997767799
"2291","601fb00f5578e1c5c68a18019b7c2d76","Eukaryota","Archaeplastida","Chlorophyta",NA,NA,NA,NA,NA,0.98105293
"2292","8ef36f0d5a5e4ec29a05db8d49aa637a","Eukaryota","Rhizaria","Cercozoa","Filosa-Thecofilosea","Filosa-Thecofilosea_X","Mataza-lineage","Mataza-lineage_X","Mataza-lineage_X_sp.",0.993850947
"2293","9747343ce37631ac08793ef705993dcd","Eukaryota","Archaeplastida",NA,NA,NA,NA,NA,NA,0.973051933
"2294","4dc40478879d25ea8dbe0c71095a89a5","Eukaryota","Alveolata","Dinoflagellata","Dinophyceae",NA,NA,NA,NA,0.992685079
"2295","6618842958e9fe283a3d8cc516a6ccfb","Eukaryota","Archaeplastida","Chlorophyta","Ulvophyceae","Ulotrichales","Ulotrichales_X","Ulothrix","Ulothrix_sp.",0.980512085
"2296","87a1d80e28411da09b4a4dfabae4efef","Eukaryota","Alveolata","Dinoflagellata","Dinophyceae",NA,NA,NA,NA,0.999672682
"2297","188b81d7ae454e7d745ff39c46362031","Eukaryota","Stramenopiles","Ochrophyta","Bacillariophyta","Bacillariophyta_X","Polar-centric-Mediophyceae","Odontella","Odontella_sinensis",0.98096034
"2298","39fc06d9a998f7c732e587b3e645aa6b","Eukaryota","Stramenopiles","Ochrophyta","Bacillariophyta","Bacillariophyta_X",NA,NA,NA,0.989974897
"2299","b870c9c8b2975c7d7762c7b9b84188b5","Eukaryota","Archaeplastida","Streptophyta","Embryophyceae","Embryophyceae_X","Embryophyceae_XX",NA,NA,0.999969037
"2300","d2abbae2a138c112b6ff9e375715dcf0","Eukaryota","Alveolata","Dinoflagellata","Syndiniales","Dino-Group-II","Dino-Group-II-Clade-1","Dino-Group-II-Clade-1_X","Dino-Group-II-Clade-1_X_sp.",0.99983824
"2301","5b01f6f2195aa253a42422a3c4a8d1ee","Eukaryota","Alveolata","Dinoflagellata","Syndiniales","Dino-Group-I","Dino-Group-I-Clade-3","Dino-Group-I-Clade-3_X","Dino-Group-I-Clade-3_X_sp.",0.999702171
"2302","284585743e5e2a1c89f246f01ca8efeb","Eukaryota",NA,NA,NA,NA,NA,NA,NA,0.995273632
"2303","a3086c3e8e5b07eebcb721881b7a95a5","Eukaryota","Amoebozoa","Lobosa","Discosea-Flabellinia","Dactylopodida","Paramoebidae","Neoparamoeba","Neoparamoeba_pemaquidensis",1
"2304","5c479703e393266e5bce9ac5e63674a4","Eukaryota","Archaeplastida","Streptophyta","Embryophyceae","Embryophyceae_X","Embryophyceae_XX",NA,NA,0.999999991
"2305","b8b77d38998c5e574cf2fe3cdca4b331","Eukaryota","Alveolata","Dinoflagellata","Syndiniales","Dino-Group-II","Dino-Group-II-Clade-39","Dino-Group-II-Clade-39_X","Dino-Group-II-Clade-39_X_sp.",0.999998554
"2306","a2ef104c75514137f68566bcd9938af4","Eukaryota","Archaeplastida","Chlorophyta",NA,NA,NA,NA,NA,0.982808641
"2307","d96beef653f15d4e69379450153d6daa","Eukaryota","Alveolata","Dinoflagellata","Dinophyceae",NA,NA,NA,NA,0.99804552
"2308","6c95d7d58daa6f8e3e4dfc24dcb37b2b","Eukaryota","Stramenopiles","Ochrophyta","Bacillariophyta","Bacillariophyta_X","Polar-centric-Mediophyceae","Chaetoceros","Chaetoceros_brevis_2",0.999959508
"2309","fa80a5b8ac43208d66d14e1b40feb5d1","Eukaryota","Stramenopiles","Ochrophyta","Bacillariophyta","Bacillariophyta_X","Polar-centric-Mediophyceae","Chaetoceros","Chaetoceros_lauderi",0.992227994
"2310","aef28a11d7d23788dd394662f90dc4e0","Eukaryota","Alveolata","Ciliophora","Spirotrichea","Strombidiida","Strombidiidae_K","Strombidium_K","Strombidium_K_sp.",0.991916886
"2311","af0080eb7cfef8514351b9d4166f5e5c","Eukaryota","Stramenopiles","Ochrophyta","Bacillariophyta","Bacillariophyta_X",NA,NA,NA,0.997004398
"2312","4e92c430f3b830c595323e52480c7127","Eukaryota","Archaeplastida","Chlorophyta","Ulvophyceae","Ulotrichales","Ulotrichales_X","Urospora","Urospora_neglecta",0.984717593
"2313","5e63fa1cb2ab39e800ca78b1a42e531d","Eukaryota","Alveolata","Dinoflagellata",NA,NA,NA,NA,NA,0.979817834
"2314","a17ab862a85ea5ab8162a351a2615d8f","Eukaryota","Opisthokonta","Fungi",NA,NA,NA,NA,NA,0.978692022
"2315","f592859f2639e9372fb5f25c2ba644cf","Eukaryota","Alveolata","Dinoflagellata","Syndiniales","Dino-Group-II","Dino-Group-II-Clade-1","Dino-Group-II-Clade-1_X","Dino-Group-II-Clade-1_X_sp.",0.99986672
"2316","21e7c2dfc1d3f018f06518891a6c94cc","Eukaryota","Opisthokonta","Metazoa","Cnidaria","Cnidaria_X","Hydrozoa","Obelia","Obelia_sp.",0.999995755
"2317","69d5fa50b83840f87899325f7700e125","Eukaryota","Alveolata","Dinoflagellata","Syndiniales","Dino-Group-II","Dino-Group-II-Clade-1","Dino-Group-II-Clade-1_X","Dino-Group-II-Clade-1_X_sp.",0.998935307
"2318","1600d9de59cc4f3daf5d7d309c6fea41","Eukaryota","Opisthokonta","Metazoa","Arthropoda","Crustacea","Maxillopoda",NA,NA,0.988939483
"2319","22b281eeead9372c63b5f38d44616a00","Eukaryota","Opisthokonta","Metazoa","Arthropoda","Crustacea","Maxillopoda",NA,NA,0.999828421
"2320","2fdf9b4425f2fc2930c8092f99f7e186","Eukaryota","Stramenopiles","Ochrophyta","Bacillariophyta","Bacillariophyta_X","Radial-centric-basal-Coscinodiscophyceae","Stellarima","Stellarima_microtrias",0.998553349
"2321","ececdc1a3154c652f2dbf1f8069c489e","Eukaryota","Hacrobia","Haptophyta","Prymnesiophyceae",NA,NA,NA,NA,0.999999669
"2322","cd986ac0236340366e14e06015ab91c4","Eukaryota","Alveolata","Dinoflagellata","Syndiniales","Dino-Group-II","Dino-Group-II-Clade-8","Dino-Group-II-Clade-8_X","Dino-Group-II-Clade-8_X_sp.",0.999999008
"2323","ab3923f4bf7be7e73fa967c3e06c974a","Eukaryota","Alveolata","Apicomplexa","Coccidiomorphea","Eimeriida","Sarcocystidae",NA,NA,0.981676239
"2324","6302aebdb55559f7fd2d1f1c0fbb1377","Eukaryota","Opisthokonta",NA,NA,NA,NA,NA,NA,0.988424282
"2325","ca6c00a6b1ce382e79d8db2aeda3954f","Eukaryota","Alveolata","Dinoflagellata","Syndiniales","Dino-Group-II","Dino-Group-II-Clade-10-and-11","Dino-Group-II-Clade-10-and-11_X","Dino-Group-II-Clade-10-and-11_X_sp.",0.99998593
"2326","c23f6dd8305182b04da65dba6ff14ffc","Eukaryota","Alveolata","Dinoflagellata","Syndiniales","Dino-Group-II",NA,NA,NA,0.988507596
"2327","6de08f4225d21d09dc5c2c7cdc92b40e","Eukaryota","Hacrobia","Haptophyta","Prymnesiophyceae","Prymnesiales","Chrysochromulinaceae","Chrysochromulina","Chrysochromulina_sp.",0.999995048
"2328","41abf12a1dc9d07253921b8db68648af","Eukaryota","Alveolata","Dinoflagellata","Dinophyceae",NA,NA,NA,NA,0.997100449
"2329","f810086ea198f27c60300cf1d101d708","Eukaryota","Alveolata","Dinoflagellata","Dinophyceae",NA,NA,NA,NA,0.999289557
"2330","bfb9d162a78ba0f33d9691fe73d81b38","Eukaryota","Alveolata","Dinoflagellata","Syndiniales","Dino-Group-II","Dino-Group-II-Clade-4",NA,NA,0.99015777
"2331","4ec5eac534fa9059a8ed9e8d039001f0","Eukaryota","Alveolata","Dinoflagellata","Syndiniales","Dino-Group-II","Dino-Group-II-Clade-4","Dino-Group-II-Clade-4_X","Dino-Group-II-Clade-4_X_sp.",0.975935395
"2332","b841428dcfb6c92c8b225b5f11a10681","Eukaryota","Alveolata","Dinoflagellata","Dinophyceae",NA,NA,NA,NA,0.998490636
"2333","119ab67ad0fda4cece9a24f961497afc","Eukaryota","Opisthokonta","Metazoa","Arthropoda","Crustacea","Maxillopoda","Anthessius","Anthessius_sp.",0.993428454
"2334","a3f8f4404fbe3465ee11be8db90ce358","Eukaryota","Opisthokonta","Metazoa",NA,NA,NA,NA,NA,0.997893293
"2335","64f66f44f44f8eb901717087824f9c27","Eukaryota","Opisthokonta","Metazoa","Arthropoda","Crustacea","Maxillopoda",NA,NA,0.999994321
"2336","ae200dccafd593869bfe3a1f133c8bde","Eukaryota",NA,NA,NA,NA,NA,NA,NA,0.999999981
"2337","c2ca04c49b75a834e4d7fbc2d0efb610","Eukaryota","Alveolata","Dinoflagellata","Syndiniales","Dino-Group-II","Dino-Group-II-Clade-5","Dino-Group-II-Clade-5_X","Dino-Group-II-Clade-5_X_sp.",0.99860078
"2338","02e52dff0a507f17e6a6b32d0e9943fd","Eukaryota","Rhizaria","Radiolaria","RAD-B","RAD-B_X","RAD-B_X_Group-Ie","RAD-B_X_Group-Ie_X","RAD-B_X_Group-Ie_X_sp.",0.999999206
"2339","d8559e677e7a98d89101c82f91494218","Eukaryota","Opisthokonta","Fungi","Ascomycota","Pezizomycotina",NA,NA,NA,0.997271057
"2340","e4c09274b779167aa307445e5511b970","Eukaryota",NA,NA,NA,NA,NA,NA,NA,0.999094575
"2341","5b567535508752b0401cac6e117905a4","Eukaryota","Archaeplastida","Rhodophyta","Florideophyceae","Corallinales","Corallinales_X","Lithothamnion","Lithothamnion_sp.",0.996779697
"2342","c58f804cc82f3a5bd62490eee100530c","Eukaryota","Alveolata","Dinoflagellata","Syndiniales","Dino-Group-II","Dino-Group-II-Clade-1","Dino-Group-II-Clade-1_X","Dino-Group-II-Clade-1_X_sp.",0.999984516
"2343","11b052c9e7ac3bb4026d84dcf01edeeb","Eukaryota","Alveolata","Dinoflagellata","Dinophyceae","Gymnodiniales",NA,NA,NA,0.985051784
"2344","025e94cd4e74d6212ac275dce227b746","Eukaryota","Alveolata","Dinoflagellata","Dinophyceae","Gymnodiniales","Gymnodiniaceae","Margalefidinium","Margalefidinium_fulvescens",0.999992436
"2345","07d0ecee298343ae3958a2eaf519fcc5","Eukaryota","Alveolata","Dinoflagellata","Dinophyceae",NA,NA,NA,NA,0.978432005
"2346","e4464666c0b9e0b41779b7a39cf794cd","Eukaryota","Alveolata","Dinoflagellata","Syndiniales","Dino-Group-I","Dino-Group-I-Clade-1","Dino-Group-I-Clade-1_X","Dino-Group-I-Clade-1_X_sp.",0.999389874
"2347","dd9d1bdff5df979f2ac19ba80d60df1a","Eukaryota","Stramenopiles","Ochrophyta","Chrysophyceae","Chrysophyceae_X","Chrysophyceae_Clade-F","Paraphysomonas",NA,0.994315543
"2348","1fb2ce3bc6b33ee1445b889016d0556d","Eukaryota","Alveolata","Dinoflagellata","Syndiniales","Dino-Group-II","Dino-Group-II-Clade-10-and-11","Dino-Group-II-Clade-10-and-11_X","Dino-Group-II-Clade-10-and-11_X_sp.",0.97731299
"2349","017442022e89f4be84c9550008a544c7","Eukaryota","Alveolata","Dinoflagellata","Syndiniales","Dino-Group-II","Dino-Group-II-Clade-1","Dino-Group-II-Clade-1_X","Dino-Group-II-Clade-1_X_sp.",0.99982889
"2350","ce6a7e415b601a8db892494b3a95bbad","Eukaryota","Alveolata","Dinoflagellata","Syndiniales","Dino-Group-II","Dino-Group-II-Clade-1","Dino-Group-II-Clade-1_X","Dino-Group-II-Clade-1_X_sp.",0.999566331
"2351","ede0277c26e055fb7792492ce472bd45","Eukaryota","Alveolata","Dinoflagellata","Dinophyceae",NA,NA,NA,NA,0.998079262
"2352","5c94e992adb1bccbf26df3dbfa25ee41","Eukaryota","Excavata","Discoba","Euglenida","Euglenophyceae","Rapazidae","Rapaza","Rapaza_viridis",1
"2353","3f145bd1e2f44cfad5d5bde38bd3dd04","Eukaryota","Archaeplastida","Chlorophyta","Chloropicophyceae","Chloropicales","Chloropicaceae","Chloroparvula","Chloroparvula_B2_sp.",1
"2354","01a37d8a07c5558dea8a7e416cedb76b","Eukaryota","Alveolata","Dinoflagellata",NA,NA,NA,NA,NA,0.997771603
"2355","a98f4c7774733a9addbd9fe2d9650e21","Eukaryota","Alveolata","Ciliophora","Spirotrichea","Tintinnida",NA,NA,NA,0.999944861
"2356","1739dc7f566dcf9f4642ef6077ab111c","Eukaryota","Amoebozoa","Lobosa","Discosea-Flabellinia","Dactylopodida","Paramoebidae","Neoparamoeba","Neoparamoeba_pemaquidensis",1
"2357","3a11e4c31d995368957efd0455d8b776","Eukaryota","Alveolata","Dinoflagellata","Dinophyceae","Suessiales","Suessiaceae","Pelagodinium","Pelagodinium_beii",0.99974626
"2358","3869f718b898f4effa2772222f380efe","Eukaryota","Alveolata","Dinoflagellata","Syndiniales","Dino-Group-II","Dino-Group-II-Clade-1","Dino-Group-II-Clade-1_X","Dino-Group-II-Clade-1_X_sp.",0.999851634
"2359","2c0ca0c612f1d200ddd8f25bc0ef161d","Eukaryota","Stramenopiles","Ochrophyta","Phaeophyceae","Phaeophyceae_X","Phaeophyceae_XX","Halothrix","Halothrix_ambigua",0.999980141
"2360","4e5be7f0cf8e6967a635f1f703999597","Eukaryota","Opisthokonta","Metazoa","Chaetognatha","Aphragmophora","Aphragmophora_X","Eukrohnia","Eukrohnia_bathypelagica",0.99997885
"2361","d6d3adaff595101114fabe4e1f8fb139","Eukaryota",NA,NA,NA,NA,NA,NA,NA,0.999970499
"2362","38ced69c82e31da203aeea1844f629ef","Eukaryota","Opisthokonta",NA,NA,NA,NA,NA,NA,0.977161833
"2363","23078ae5ecf81d28d05e8039dee349b2","Eukaryota","Opisthokonta",NA,NA,NA,NA,NA,NA,0.978105457
"2364","0cb1a204cb961c744d51a17d428a5735","Unassigned",NA,NA,NA,NA,NA,NA,NA,0.976807101
"2365","2ee08f4991e2933a7e2d6b6c41994258","Eukaryota","Alveolata","Ciliophora","Cyclotrichium_like_organism","Cyclotrichium_like_organism_X","Cyclotrichium_like_organism_XX","Cyclotrichium","Cyclotrichium_cyclokaryon",0.998987319
"2366","815ffa970bf28077993f8ee8c7484508","Eukaryota","Stramenopiles","Opalozoa","MAST-3","MAST-3J","MAST-3J_X","MAST-3J_XX","MAST-3J_XX_sp.",0.997934988
"2367","365b2ad0ebe497db0fa0f0863014c212","Eukaryota",NA,NA,NA,NA,NA,NA,NA,0.996875329
"2368","6d967931f36745f237aa8ecbb2dabafb","Eukaryota","Opisthokonta","Metazoa",NA,NA,NA,NA,NA,0.986804522
"2369","55fdd28280c733ab6dce341b2e7bfa98","Eukaryota",NA,NA,NA,NA,NA,NA,NA,0.999999999
"2370","b7f4c63244f1a7b1ed5cf57f6b4ac563","Eukaryota","Alveolata","Dinoflagellata","Syndiniales","Dino-Group-II","Dino-Group-II-Clade-23","Dino-Group-II-Clade-23_X","Dino-Group-II-Clade-23_X_sp.",0.999992907
"2371","b9904e3864f0400008f4f1de9a06235e","Eukaryota","Alveolata","Dinoflagellata","Syndiniales","Dino-Group-II","Dino-Group-II-Clade-5","Dino-Group-II-Clade-5_X","Dino-Group-II-Clade-5_X_sp.",0.99415007
"2372","933ea7ab0accdbce1a725b2ef556a490","Eukaryota","Rhizaria","Cercozoa","Phaeodarea","Phaeogromida","Challengeriidae","Challengeron","Challengeron_diodon",0.999981704
"2373","acdc18181f55c92d4fb65e32950ea06f","Eukaryota","Archaeplastida","Chlorophyta","Mamiellophyceae","Mamiellales","Mamiellaceae","Mantoniella","Mantoniella_squamata",0.991559058
"2374","d8e79099d37bf0d8ca245dc27d568a16","Eukaryota","Rhizaria","Cercozoa","Filosa-Thecofilosea","Cryomonadida","Protaspa-lineage","Protaspa","Protaspa_sp.",0.999774779
"2375","03c7262ccd79546cfc875330b5da3f98","Eukaryota","Stramenopiles","Pseudofungi","Oomycota","Oomycota_X","Olpidophydiales","Olpidiopsis","Olpidiopsis_porphyrae",0.999933731
"2376","556b27a30a253a65706079a4ea042525","Eukaryota","Opisthokonta","Metazoa","Echinodermata","Echinodermata_X","Echinodermata_XX",NA,NA,0.999999998
"2377","37f6ac89bc5183dace5f0fbb24c1df17","Eukaryota","Stramenopiles","Ochrophyta","Bacillariophyta","Bacillariophyta_X",NA,NA,NA,0.994987053
"2378","3d1e24d90da030cc19cefa92e6e23e90","Eukaryota","Alveolata","Dinoflagellata","Syndiniales","Dino-Group-II","Dino-Group-II-Clade-1","Dino-Group-II-Clade-1_X","Dino-Group-II-Clade-1_X_sp.",0.995160356
"2379","3415c22df25e752f32a0621c6c0002f5","Eukaryota","Archaeplastida",NA,NA,NA,NA,NA,NA,0.999468905
"2380","726159008d2a1ba9423cac68b800686e","Eukaryota","Excavata","Discoba","Diplonemea","Diplonemida","Hemistasiidae","Hemistasia","Hemistasia_sp.",0.999997843
"2381","af23e025d44cf2eefe89e17c3d01e6ec","Eukaryota","Alveolata","Dinoflagellata","Syndiniales","Dino-Group-II","Dino-Group-II-Clade-12","Dino-Group-II-Clade-12_X","Dino-Group-II-Clade-12_X_sp.",0.999124351
"2382","ed220bf3f6d4600a89e3e469091b9daf","Eukaryota","Alveolata","Dinoflagellata",NA,NA,NA,NA,NA,0.99152239
"2383","c7c3919c9cdbffaf48f12c0b082a010b","Eukaryota","Alveolata","Dinoflagellata","Syndiniales","Dino-Group-II","Dino-Group-II-Clade-38","Dino-Group-II-Clade-38_X","Dino-Group-II-Clade-38_X_sp.",0.999307631
"2384","4897110f3065ec3d0dd1918d02fa3a87","Eukaryota","Archaeplastida","Chlorophyta",NA,NA,NA,NA,NA,0.999734686
"2385","a9766275483fd67a35196acf2c6671da","Eukaryota","Alveolata","Dinoflagellata","Syndiniales","Dino-Group-II",NA,NA,NA,0.996710572
"2386","aa7154c77f3167622faa78a2030d6a32","Eukaryota","Alveolata","Dinoflagellata","Syndiniales","Dino-Group-II","Dino-Group-II-Clade-3","Dino-Group-II-Clade-3_X","Dino-Group-II-Clade-3_X_sp.",0.999999467
"2387","98945e846c42823e271f3e540e2a0828","Eukaryota","Stramenopiles","Sagenista","MAST-9","MAST-9A","MAST-9A_X","MAST-9A_XX","MAST-9A_XX_sp.",0.999993779
"2388","bb62b77a904d1c567420d77f99fa5e1e","Eukaryota","Alveolata","Dinoflagellata","Syndiniales","Dino-Group-II","Dino-Group-II-Clade-1","Dino-Group-II-Clade-1_X","Dino-Group-II-Clade-1_X_sp.",0.99991165
"2389","e6b324b4dd5461ef8bd718febc1c9e55","Eukaryota","Alveolata","Dinoflagellata","Syndiniales","Dino-Group-II",NA,NA,NA,0.997472696
"2390","95679988c9c3f8337a3b7a7be9f6318e","Eukaryota","Opisthokonta","Metazoa","Echinodermata","Echinodermata_X","Echinodermata_XX",NA,NA,0.99999995
"2391","03db1d46af7a6c59c86d007afdff3c65","Eukaryota","Opisthokonta","Metazoa",NA,NA,NA,NA,NA,0.999369166
"2392","15cfea9404cddd001068838facd93213","Eukaryota","Opisthokonta","Metazoa","Arthropoda","Crustacea","Maxillopoda",NA,NA,0.999934679
"2393","3d5661f9595bae37721e8767ec092423","Eukaryota","Stramenopiles","Ochrophyta","Phaeophyceae","Phaeophyceae_X","Phaeophyceae_XX","Costaria","Costaria_costata",0.994066641
"2394","181874a56e7416da88bbeef2cf82527c","Eukaryota",NA,NA,NA,NA,NA,NA,NA,0.999999998
"2395","54a6edaac7207f8e582cde4bbdeda480","Eukaryota","Rhizaria","Cercozoa","Filosa-Imbricatea","Filosa-Imbricatea_X","Novel-clade-2","Novel-clade-2_X","Novel-clade-2_X_sp.",0.999799864
"2396","d548c6a81f084c4a33ac4d7a20ac0a81","Eukaryota","Alveolata","Dinoflagellata","Dinophyceae",NA,NA,NA,NA,0.999222298
"2397","027f465fa7a746f507b3fb1e3627962b","Eukaryota","Rhizaria","Cercozoa","Filosa-Thecofilosea","Cryomonadida",NA,NA,NA,0.999748437
"2398","487de340a7dcf38a62eb7b92cfb16fd6","Eukaryota","Stramenopiles","Opalozoa","MAST-3","MAST-3J","MAST-3J_X","MAST-3J_XX","MAST-3J_XX_sp.",0.999994679
"2399","8dc84df17e6c6226aa54dcc51dd67854","Eukaryota","Alveolata","Dinoflagellata","Syndiniales","Dino-Group-II","Dino-Group-II-Clade-1","Dino-Group-II-Clade-1_X","Dino-Group-II-Clade-1_X_sp.",0.997424688
"2400","df250c391cb6eeb5d211e6236c1c2a30","Eukaryota","Hacrobia","Haptophyta","Prymnesiophyceae","Prymnesiales","Chrysochromulinaceae","Chrysochromulina","Chrysochromulina_sp.",0.999965852
"2401","ab6ef8aa267d7f952af857c3b0376bcf","Eukaryota","Rhizaria","Cercozoa","Filosa-Thecofilosea","Cryomonadida",NA,NA,NA,0.999994902
"2402","d23b415297946172b0b03a099eb43628","Eukaryota","Alveolata","Dinoflagellata","Syndiniales","Dino-Group-II","Dino-Group-II-Clade-1","Dino-Group-II-Clade-1_X","Dino-Group-II-Clade-1_X_sp.",0.999901147
"2403","4f539ccd7259c7aca79727ac5c8275b4","Eukaryota","Alveolata","Dinoflagellata","Dinophyceae","Peridiniales","Protoperidiniaceae","Protoperidinium","Protoperidinium_sp.",0.977254105
"2404","c197b289435b9dbcdd2dda69a4585e54","Eukaryota","Alveolata","Dinoflagellata","Dinophyceae",NA,NA,NA,NA,0.999289129
"2405","74c049613350800df4f0a01d2a9b61a7","Eukaryota","Alveolata","Dinoflagellata","Syndiniales","Dino-Group-II","Dino-Group-II-Clade-3","Dino-Group-II-Clade-3_X","Dino-Group-II-Clade-3_X_sp.",0.992895811
"2406","ea2b6f6a4bf97cee771b460c07e41d7c","Eukaryota","Hacrobia","Cryptophyta","Cryptophyceae","Cryptomonadales","Cryptomonadales_X","Geminigera","Geminigera_cryophila",0.996253074
"2407","534419f78ded29dad439894e889928bc","Eukaryota","Stramenopiles","Sagenista","Labyrinthulomycetes","Thraustochytrida","Thraustochytriaceae","Thraustochytriaceae_LAB17","Thraustochytriaceae_LAB17_sp.",0.973735176
"2408","ff28358ade32dc9921521ea1e482fc70","Eukaryota","Rhizaria","Radiolaria","Acantharea","Acantharea_F","Acantharea_F3",NA,NA,0.999775625
"2409","b701a2550b66c84d1b5d3211c2e3fa11","Eukaryota","Rhizaria","Cercozoa","Filosa-Imbricatea","Thaumatomonadida","Thaumatomonadidae","Thaumatomastix","Thaumatomastix_sp.",0.999996619
"2410","d70023a802e95757b0a22e0c6796e764","Unassigned",NA,NA,NA,NA,NA,NA,NA,0.986081853
"2411","073f5029f30ecc2a8551ef95841f1925","Eukaryota","Rhizaria","Cercozoa","Filosa-Thecofilosea","Cryomonadida","Cryothecomonas-lineage","Cryothecomonas",NA,0.990005593
"2412","44b6ae98fbf5f0357436142e1bc7a1f5","Eukaryota","Alveolata","Dinoflagellata","Dinophyceae","Gymnodiniales","Kareniaceae","Karlodinium","Karlodinium_sp.",0.994486828
"2413","404634a022f94a7d62863ea147ca4955","Eukaryota","Stramenopiles","Ochrophyta","Bacillariophyta","Bacillariophyta_X",NA,NA,NA,0.999942508
"2414","93dd36b43948115b965c4bf619c4d4d7","Eukaryota","Alveolata","Dinoflagellata","Syndiniales","Dino-Group-II","Dino-Group-II-Clade-1","Dino-Group-II-Clade-1_X","Dino-Group-II-Clade-1_X_sp.",0.999497207
"2415","fbf111c1c3d9130bfff2fdf62af8f75f","Eukaryota","Alveolata","Dinoflagellata","Dinophyceae",NA,NA,NA,NA,0.997555161
"2416","66f230383b49d66fb95905b443a6f832","Eukaryota","Alveolata","Dinoflagellata","Syndiniales","Dino-Group-II","Dino-Group-II-Clade-4","Amoebophrya","Amoebophrya_ceratii",0.999960371
"2417","b7bed1f8e6aba3f4c71b9a9f7f8b7369","Eukaryota","Alveolata","Dinoflagellata","Syndiniales","Dino-Group-II","Dino-Group-II-Clade-1","Dino-Group-II-Clade-1_X","Dino-Group-II-Clade-1_X_sp.",0.995475729
"2418","759ddc0b91cf9adb152c52496f10298b","Eukaryota","Alveolata","Dinoflagellata","Syndiniales","Dino-Group-II","Dino-Group-II-Clade-1","Dino-Group-II-Clade-1_X","Dino-Group-II-Clade-1_X_sp.",0.989119117
"2419","c99c24d2063bea12a32f4ca0d2e5e240","Eukaryota","Alveolata","Dinoflagellata","Syndiniales","Dino-Group-II","Dino-Group-II-Clade-1","Dino-Group-II-Clade-1_X","Dino-Group-II-Clade-1_X_sp.",0.984118631
"2420","f09fd9b57fe80f3238d2d5c4a0cb212e","Eukaryota","Rhizaria","Radiolaria","Acantharea","Acantharea_F","Acantharea_F3",NA,NA,0.999996869
"2421","ff220d8cf6bc13abc4b87d906a05250d","Eukaryota","Alveolata","Dinoflagellata","Dinophyceae",NA,NA,NA,NA,0.997726651
"2422","01f2b47004d27915a9d70518da40894e","Eukaryota","Alveolata","Dinoflagellata","Syndiniales","Dino-Group-II","Dino-Group-II-Clade-14","Dino-Group-II-Clade-14_X","Dino-Group-II-Clade-14_X_sp.",0.999246645
"2423","73135c31fb6bfa586b6100388d619b94","Eukaryota","Hacrobia","Haptophyta","Prymnesiophyceae","Prymnesiales","Chrysochromulinaceae","Chrysochromulina","Chrysochromulina_sp.",0.996240831
"2424","6a0be6b251473b2ced2be52f462776d0","Eukaryota","Stramenopiles","Ochrophyta","MOCH-5","MOCH-5_X","MOCH-5_XX","MOCH-5_XXX","MOCH-5_XXX_sp.",0.99998859
"2425","7d46302f15d4b61c4d8a6c330ec7d1ba","Eukaryota","Alveolata","Dinoflagellata","Syndiniales","Dino-Group-II","Dino-Group-II-Clade-10-and-11","Dino-Group-II-Clade-10-and-11_X","Dino-Group-II-Clade-10-and-11_X_sp.",0.989910249
"2426","65cc2b94239670a78850e9f6afda260e","Eukaryota","Stramenopiles","Ochrophyta","Bacillariophyta","Bacillariophyta_X","Radial-centric-basal-Coscinodiscophyceae",NA,NA,0.9999999
"2427","d9c009125bfb97bd6022214c6d06dcf8","Eukaryota","Opisthokonta","Metazoa","Bryozoa","Bryozoa_X","Bryozoa_XX","Alcyonidium","Alcyonidium_mamillatum",0.982933539
"2428","c1bf2c47b29db5db7bfcdd6be1602e33","Eukaryota",NA,NA,NA,NA,NA,NA,NA,1
"2429","26ab56ce269b1414c0c61b4462e59600","Eukaryota","Stramenopiles","Pseudofungi","Oomycota","Oomycota_X",NA,NA,NA,0.99757542
"2430","74708d08b4cba9d6bff19f57cb167295","Eukaryota","Stramenopiles","Ochrophyta","Bacillariophyta","Bacillariophyta_X","Polar-centric-Mediophyceae",NA,NA,0.975277165
"2431","fccf7fbb085821ef21ad1f0a1f86ed27","Eukaryota","Opisthokonta","Metazoa","Arthropoda","Crustacea","Malacostraca",NA,NA,0.999920448
"2432","e59e8048840a3a31e44b7cae62412bd6","Eukaryota","Opisthokonta","Metazoa","Arthropoda","Crustacea","Maxillopoda",NA,NA,0.999966216
"2433","5803423240b60142741f49a158ae914d","Eukaryota","Opisthokonta","Metazoa","Cnidaria","Cnidaria_X","Hydrozoa","Selaginopsis","Selaginopsis_cornigera",0.997059426
"2434","d1f818b235b67d626444a50d9d4df255","Eukaryota","Amoebozoa","Lobosa","Discosea-Flabellinia","Dactylopodida","Paramoebidae","Neoparamoeba","Neoparamoeba_branchiphila",0.998522671
"2435","04d6eab1e99af80455087413dc422358","Eukaryota","Alveolata","Ciliophora","Spirotrichea","Choreotrichida",NA,NA,NA,0.996413054
"2436","289d501b0af799fc9807347249493461","Eukaryota","Stramenopiles","Opalozoa","MAST-12","MAST-12B","MAST-12B_X","MAST-12B_XX","MAST-12B_XX_sp.",0.999999833
"2437","230fcd5fab1d55916f971dea797aa84b","Eukaryota",NA,NA,NA,NA,NA,NA,NA,0.993511568
"2438","72a61212d1aa4be139e29361ba494f7c","Eukaryota","Stramenopiles","Ochrophyta","Phaeophyceae","Phaeophyceae_X","Phaeophyceae_XX","Halothrix","Halothrix_ambigua",0.998871083
"2439","1e98faaace8a3646662e674d43bc43f7","Eukaryota","Alveolata","Dinoflagellata","Syndiniales","Dino-Group-II","Dino-Group-II-Clade-17","Dino-Group-II-Clade-17_X","Dino-Group-II-Clade-17_X_sp.",0.999997376
"2440","7819c85b509cef93a6e605d7a03c3c5e","Eukaryota","Archaeplastida","Chlorophyta","Mamiellophyceae","Mamiellales","Mamiellaceae","Micromonas",NA,0.999999659
"2441","a0a6a3f1b228d0255832777d366fec9b","Eukaryota","Alveolata","Ciliophora","Spirotrichea","Tintinnida","TIN_07","Tintinnopsis_07","Tintinnopsis_07_sp.",0.991644714
"2442","834d0fc786d5848488299505fc72ab1f","Eukaryota","Alveolata","Dinoflagellata","Dinophyceae",NA,NA,NA,NA,0.993418458
"2443","7458a236951d62a67330343594421780","Eukaryota","Amoebozoa","Lobosa","Lobosa_X","Centramoebida","Acanthamoebidae","Acanthamoeba",NA,1
"2444","85d6453b1b9c25d157de09b7d5f45d09","Eukaryota","Opisthokonta","Metazoa","Arthropoda","Crustacea","Maxillopoda","Maxillopoda_X","Maxillopoda_X_sp.",0.981431522
"2445","7883b21de39137829646b145983d974d","Eukaryota","Opisthokonta","Metazoa","Annelida","Annelida_X","Annelida_XX",NA,NA,0.999982998
"2446","fab16d2a438872eae16e5580d5fd6c41","Eukaryota","Stramenopiles","Ochrophyta","Bacillariophyta","Bacillariophyta_X",NA,NA,NA,0.994002558
"2447","a612866e9e91d1bc2dc5eb685c2f2012","Eukaryota","Stramenopiles","Ochrophyta","Phaeophyceae","Phaeophyceae_X","Phaeophyceae_XX","Halothrix","Halothrix_ambigua",0.999989408
"2448","4d7a7c3d4cd578a417a52a709e6e2283","Eukaryota","Opisthokonta","Choanoflagellida","Choanoflagellatea","Acanthoecida","Stephanoecidae_Group_E","Stephanoecidae_Group_E_X","Stephanoecidae_Group_E_X_sp.",1
"2449","4bb6d968e1f3cef3498ac7b785000d69","Eukaryota","Stramenopiles","Opalozoa","MAST-3","MAST-3L","MAST-3L_X","MAST-3L_XX","MAST-3L_XX_sp.",0.999991628
"2450","48ae64d7abf3050c4334ae228d6de568","Eukaryota","Excavata","Discoba","Diplonemea","Diplonemida","Hemistasiidae","Hemistasia","Hemistasia_sp.",1
"2451","747c8e06afd853255161c4643bf5312b","Eukaryota","Alveolata","Dinoflagellata","Ellobiophyceae","Thalassomycetales","Thalassomycetaceae","Ellobiopsis","Ellobiopsis_chattonii",0.999995929
"2452","07ba5b997910f9d57a6bf158be01e358","Eukaryota","Alveolata","Dinoflagellata","Syndiniales","Dino-Group-II",NA,NA,NA,0.990937804
"2453","89051e2dc139e3f5e4e2c9a7067b757b","Eukaryota",NA,NA,NA,NA,NA,NA,NA,0.99899051
"2454","b55798390b8d53d2e7c87b77538ff7d9","Eukaryota","Alveolata","Dinoflagellata","Syndiniales","Dino-Group-II","Dino-Group-II-Clade-1","Dino-Group-II-Clade-1_X","Dino-Group-II-Clade-1_X_sp.",0.998765092
"2455","3336b83199bc2e694de6461ba278bf49","Eukaryota","Stramenopiles","Sagenista","MAST-7","MAST-7C","MAST-7C_X","MAST-7C_XX","MAST-7C_XX_sp.",0.999953981
"2456","efec46d3d6e5f9c832d36ec3f4134d22","Eukaryota","Alveolata","Dinoflagellata",NA,NA,NA,NA,NA,0.995508568
"2457","dfc9a8bdf11eb47cffdfc8e12bb7dbca","Eukaryota","Alveolata","Dinoflagellata","Syndiniales","Dino-Group-II","Dino-Group-II-Clade-25","Dino-Group-II-Clade-25_X","Dino-Group-II-Clade-25_X_sp.",0.990618384
"2458","136bfe26bc2c6afdca838dbd05046ae9","Eukaryota","Alveolata","Dinoflagellata","Dinophyceae","Gonyaulacales","Goniodomataceae","Alexandrium","Alexandrium_affine",0.972476545
"2459","b6c10a1c2cf6313a3ba1f5ccd2d407f1","Eukaryota","Stramenopiles","Pseudofungi","MAST-1","MAST-1A","MAST-1A_X","MAST-1A_XX","MAST-1A_XX_sp.",1
"2460","b7b50917c94c0cb7e776fbd3b2c21755","Eukaryota",NA,NA,NA,NA,NA,NA,NA,0.999999877
"2461","2070fe5bd9e0e859f2cda45352333bae","Eukaryota","Alveolata","Dinoflagellata","Dinophyceae",NA,NA,NA,NA,0.982218435
"2462","c853d4360fe489bc98382dc7aae5a95d","Eukaryota",NA,NA,NA,NA,NA,NA,NA,0.999998756
"2463","ce888ca13b8f9f4ab7915792d81edc99","Eukaryota","Stramenopiles","Ochrophyta","Chrysophyceae","Chrysophyceae_X","Chrysophyceae_Clade-G","Chrysophyceae_Clade-G_X","Chrysophyceae_Clade-G_X_sp.",0.999999796
"2464","8a88ead86ee5fd81733fed0aa2581be5","Eukaryota","Alveolata","Dinoflagellata","Syndiniales","Dino-Group-II","Dino-Group-II-Clade-8","Dino-Group-II-Clade-8_X","Dino-Group-II-Clade-8_X_sp.",0.999987959
"2465","b560e2fbb2e194e4e17e970a43c1a8bc","Eukaryota","Opisthokonta","Metazoa","Urochordata","Urochordata_X","Ascidiacea",NA,NA,0.999998072
"2466","a98d598ed0c0f9da5a6b1b63cc17d4b7","Eukaryota","Stramenopiles","Ochrophyta","Bacillariophyta","Bacillariophyta_X",NA,NA,NA,0.978445671
"2467","c168a32770c2567cc5ce40c951c2a095","Eukaryota","Opisthokonta","Metazoa",NA,NA,NA,NA,NA,0.980725622
"2468","4cb386f01a6f2d4a8d9b880329990f9b","Eukaryota","Opisthokonta",NA,NA,NA,NA,NA,NA,0.978272145
"2469","e02921a4e86deef86afcfa50a88f1fb4","Eukaryota","Opisthokonta","Fungi",NA,NA,NA,NA,NA,0.982922584
"2470","0a9240a9b0305db835a7340448b5c8f0","Eukaryota","Stramenopiles","Sagenista","Labyrinthulomycetes","Thraustochytrida","Thraustochytriaceae","Thraustochytriaceae_LAB17","Thraustochytriaceae_LAB17_sp.",0.996628503
"2471","90b0ef5b666d395fe44a11f53ee0c9d5","Eukaryota","Opisthokonta","Metazoa","Arthropoda","Crustacea","Maxillopoda",NA,NA,0.999998985
"2472","8fe86dd088e3dd3b48b65f5d53829d1d","Eukaryota","Opisthokonta","Metazoa","Annelida","Annelida_X","Annelida_XX","Boccardiella","Boccardiella_ligerica",0.999997314
"2473","a0a9073b0e869afcbe9a8312a6845a4e","Eukaryota","Opisthokonta","Metazoa","Urochordata","Urochordata_X","Ascidiacea",NA,NA,0.999998111
"2474","3426c909e6587f4d05646eb20a51b435","Eukaryota","Archaeplastida","Chlorophyta","Chlorodendrophyceae","Chlorodendrales","Chlorodendraceae","Chlorodendrales_XX","Chlorodendrales_XX_sp.",0.981510072
"2475","4e2ee7d5b05484cbcf372cd102dc9fc9","Eukaryota","Opisthokonta","Metazoa","Arthropoda","Crustacea","Maxillopoda",NA,NA,0.999825657
"2476","e13162a6bdc222ecfb9099851bf8d2fd","Eukaryota","Stramenopiles","Ochrophyta","Bacillariophyta","Bacillariophyta_X","Raphid-pennate",NA,NA,0.981888812
"2477","47a69de5e20cb67b7f3bfbaf47955208","Eukaryota",NA,NA,NA,NA,NA,NA,NA,0.999924609
"2478","5aa9ba22f026b87c6a3dae2d42108a92","Eukaryota","Opisthokonta","Choanoflagellida","Choanoflagellatea","Acanthoecida","Stephanoecidae_Group_H","Diaphanoeca","Diaphanoeca_grandis",0.982898029
"2479","8c61129a9aa7ae6a9bc27b983711f5f8","Eukaryota","Alveolata","Dinoflagellata","Dinophyceae",NA,NA,NA,NA,0.996890479
"2480","ea332dbacfbc6dc61246228555a73010","Eukaryota",NA,NA,NA,NA,NA,NA,NA,0.999927952
"2481","083abfdaa5b3a18f623366df2f558d1e","Eukaryota",NA,NA,NA,NA,NA,NA,NA,0.999776251
"2482","8435ad844a9327459b67e0a726d2f4db","Eukaryota","Stramenopiles","Opalozoa","MAST-3","MAST-3J","MAST-3J_X","MAST-3J_XX","MAST-3J_XX_sp.",0.999972299
"2483","fbfd56d4593eef1264d69f263b4e21f6","Eukaryota","Archaeplastida","Chlorophyta","Mamiellophyceae","Dolichomastigales","Dolichomastigaceae",NA,NA,0.978120825
"2484","634c4ce54794dc7ce71d1c4dcd312eb5","Eukaryota","Alveolata","Ciliophora","CONThreeP","CONThreeP_X","CONThreeP_XX","Askenasia","Askenasia_sp.",0.997597829
"2485","dc362835eae36455785bf673c159d21c","Eukaryota","Opisthokonta","Metazoa","Annelida","Annelida_X","Annelida_XX","Caulleriella","Caulleriella_parva",0.992096564
"2486","fe28863fa510674b7a8ed2e3c0fda9ad","Eukaryota",NA,NA,NA,NA,NA,NA,NA,0.999725461
"2487","3533fd9bc18e5b544eeb663e3373023f","Eukaryota","Alveolata","Dinoflagellata","Syndiniales","Dino-Group-II","Dino-Group-II-Clade-22","Dino-Group-II-Clade-22_X","Dino-Group-II-Clade-22_X_sp.",0.974210673
"2488","2787975b6fc470e30a7a38b752dc3986","Eukaryota","Alveolata","Dinoflagellata","Dinophyceae",NA,NA,NA,NA,0.997273498
"2489","81ca41a85fca866b561016e55d85b33b","Eukaryota","Stramenopiles","Ochrophyta","Bacillariophyta","Bacillariophyta_X","Polar-centric-Mediophyceae","Odontella","Odontella_sinensis",0.9793075
"2490","f56838549cd91121805c70857d63971f","Eukaryota","Opisthokonta","Metazoa","Myzostomida","Myzostomida_X","Myzostomida_XX","Myzostoma","Myzostoma_polycyclus",0.999999791
"2491","76910175023a7e8af7faac895110f86b","Eukaryota","Opisthokonta","Metazoa","Annelida","Annelida_X","Annelida_XX",NA,NA,0.999998954
"2492","17701984cde2159c561a4a4d5834ccbe","Eukaryota","Apusozoa","Apusomonadidae","Apusomonadidae_Group-1","Apusomonadidae_Group-1_X","Apusomonadidae_Group-1_XX","Amastigomonas","Amastigomonas_mutabilis",0.999934338
"2493","6a45177b76717be870a4d2684b35d72a","Eukaryota","Rhizaria","Cercozoa","Endomyxa-Ascetosporea","Paradinida","Paradinidae",NA,NA,0.981578172
"2494","3f023b84c3f14355e22021f286631d8b","Eukaryota","Alveolata","Dinoflagellata","Syndiniales","Dino-Group-II","Dino-Group-II-Clade-20","Dino-Group-II-Clade-20_X","Dino-Group-II-Clade-20_X_sp.",0.999559478
"2495","769a24e2ebfb9efb2cc0d4c1048dd7fd","Eukaryota","Alveolata","Dinoflagellata","Syndiniales","Dino-Group-I","Dino-Group-I-Clade-5","Dino-Group-I-Clade-5_X","Dino-Group-I-Clade-5_X_sp.",0.979566079
"2496","2f621df2b99511951a667cfbb616f1a9","Eukaryota",NA,NA,NA,NA,NA,NA,NA,0.999999649
"2497","a27c89c84a2e7948d8d9a14e24d36918","Eukaryota","Alveolata","Dinoflagellata","Syndiniales","Dino-Group-II","Dino-Group-II-Clade-1","Dino-Group-II-Clade-1_X","Dino-Group-II-Clade-1_X_sp.",0.989382457
"2498","a67784ca77e1cbba6caaf327681116cf","Eukaryota","Alveolata","Dinoflagellata","Dinophyceae",NA,NA,NA,NA,0.994594833
"2499","b734f84365fe560e470b162af90a2e96","Eukaryota","Alveolata","Ciliophora","Spirotrichea","Strombidiida","Tontoniidae_A","Spirotontonia","Spirotontonia_sp.",0.982832083
"2500","41fea5d13a530828435ffc3410836fee","Eukaryota","Alveolata","Dinoflagellata","Syndiniales","Dino-Group-II","Dino-Group-II-Clade-1","Dino-Group-II-Clade-1_X","Dino-Group-II-Clade-1_X_sp.",0.999987008
"2501","fa94292b7939661a281bc496be3b88da","Eukaryota",NA,NA,NA,NA,NA,NA,NA,0.999123082
"2502","f622fa352916d85ee16291a39acde0cf","Eukaryota","Alveolata","Dinoflagellata","Syndiniales","Dino-Group-II","Dino-Group-II-Clade-10-and-11","Dino-Group-II-Clade-10-and-11_X","Dino-Group-II-Clade-10-and-11_X_sp.",0.996511386
"2503","fe6df5e3e405bc9e1eddaec648418ee9","Eukaryota","Alveolata","Dinoflagellata","Syndiniales","Dino-Group-II","Dino-Group-II-Clade-25","Dino-Group-II-Clade-25_X","Dino-Group-II-Clade-25_X_sp.",0.981650323
"2504","250df327d7cecf5b298d0aeb8ee305d1","Eukaryota","Alveolata","Dinoflagellata","Syndiniales","Dino-Group-II",NA,NA,NA,0.995312505
"2505","f5eeb512d43a1a953b589a7a7baa309c","Eukaryota","Excavata","Discoba","Diplonemea","Diplonemida","Eupelagonemidae","Eupelagonemidae_X","Eupelagonemidae_X_sp.",1
"2506","bbf41a36bbe89c6240a9b277078ee7bf","Eukaryota",NA,NA,NA,NA,NA,NA,NA,1
"2507","e4ffcb3372159b17779dd1c176298a8e","Eukaryota","Stramenopiles","Ochrophyta","Bacillariophyta","Bacillariophyta_X","Raphid-pennate","Pleurosigma","Pleurosigma_intermedium",0.98995507
"2508","a4f306dd1856144b514be06531bdf0b8","Eukaryota",NA,NA,NA,NA,NA,NA,NA,0.999999999
"2509","57626ed12a21b8f7def1896e3a12c019","Eukaryota","Opisthokonta",NA,NA,NA,NA,NA,NA,0.99544719
"2510","902140a26f390befbc5cdf696aabac4f","Eukaryota","Stramenopiles","Pseudofungi","MAST-1","MAST-1D","MAST-1D_X","MAST-1D_XX","MAST-1D_XX_sp.",0.999999739
"2511","3a0a529e6e66250c857b9e4a85e5df93","Eukaryota","Hacrobia","Picozoa","Picozoa_X","Picozoa_XX","Picozoa_XXX","Picozoa_XXXX","Picozoa_XXXX_sp.",0.999952197
"2512","b904bb3eb5480534aaa152f02b6cf88c","Eukaryota",NA,NA,NA,NA,NA,NA,NA,0.999914224
"2513","bdbff75e16e30699492dd2dc79108300","Eukaryota","Stramenopiles","Ochrophyta","Bacillariophyta","Bacillariophyta_X",NA,NA,NA,0.999597849
"2514","840ab97d8552fa7c47a1c5cbac9affb7","Eukaryota","Opisthokonta","Metazoa","Cnidaria","Cnidaria_X","Anthozoa","Ceriantheopsis","Ceriantheopsis_americana",0.997086102
"2515","7853b917349919de1762469538b53be0","Eukaryota","Rhizaria","Cercozoa","Cercozoa_X","Cercozoa_XX","Cercozoa_XXX","Cercozoa_XXXX","Cercozoa_XXXX_sp.",0.999990058
"2516","92b874b6cd1bea87b02a1f6db45fe605","Eukaryota","Archaeplastida","Chlorophyta","Chlorophyceae","Chlamydomonadales","Chlamydomonadales_X","Chlamydomonas","Chlamydomonas_sp.",0.98961834
"2517","39b570069fe7e0bc7ec6d27508034c1b","Eukaryota","Opisthokonta","Metazoa","Arthropoda","Crustacea","Maxillopoda",NA,NA,0.999682385
"2518","f71d1894d164388a3ed88930aaaf3db6","Eukaryota","Stramenopiles","Ochrophyta","Dictyochophyceae","Dictyochophyceae_X","Pedinellales","Pteridomonas","Pteridomonas_danica",0.999977726
"2519","813953c2703ede3e94e198b48854ba24","Eukaryota","Alveolata","Dinoflagellata","Dinophyceae",NA,NA,NA,NA,0.999766818
"2520","a16092329fb0d64129ec0d4b7e2e0743","Eukaryota","Rhizaria","Cercozoa","Filosa-Thecofilosea","Ventricleftida","Ventrifissuridae","Ventrifissuridae_X","Ventrifissuridae_X_sp.",0.999999993
"2521","15202bb3fcafcea0413cc524233336bc","Eukaryota","Stramenopiles","Ochrophyta","Bacillariophyta","Bacillariophyta_X",NA,NA,NA,0.999926933
"2522","942c3f3a68deeeba4abc8f411baa1f08","Eukaryota","Rhizaria","Cercozoa","Filosa-Thecofilosea","Cryomonadida","Protaspa-lineage","Protaspa","Protaspa_sp.",0.996900077
"2523","92a35641596dfbba8a9c083b3edb0995","Eukaryota","Stramenopiles","Ochrophyta","Bacillariophyta","Bacillariophyta_X","Raphid-pennate","Pleurosigma","Pleurosigma_intermedium",0.984503584
"2524","dd81b56a024e96adc105f685a66146b5","Eukaryota","Opisthokonta",NA,NA,NA,NA,NA,NA,0.980696964
"2525","d8db38ba80345251c0ae6f347c94154e","Eukaryota","Stramenopiles","Ochrophyta","Bacillariophyta","Bacillariophyta_X",NA,NA,NA,0.999908874
"2526","96f17b1a1d25bfd1f6f08ca30d49a9c6","Eukaryota","Archaeplastida","Rhodophyta","Florideophyceae","Rhodymeniales","Rhodymeniales_X",NA,NA,0.999880237
"2527","cb18ca12ee4942ca92981ad902a557b7","Eukaryota","Stramenopiles","Ochrophyta","Bacillariophyta","Bacillariophyta_X","Raphid-pennate",NA,NA,0.999556208
"2528","2462678120068f9e81a09c1b6b0e9771","Eukaryota","Opisthokonta","Mesomycetozoa","Ichthyosporea","Rhynosporida","Rhynosporidae","Rhynosporidae_X","Rhynosporidae_X_sp.",0.998877967
"2529","09203b533dad24d888ed9d204ed7973c","Eukaryota",NA,NA,NA,NA,NA,NA,NA,1
"2530","9cc0b91c13e3cfc79d9295d89413a3af","Eukaryota","Stramenopiles","Ochrophyta","Bacillariophyta","Bacillariophyta_X","Raphid-pennate",NA,NA,0.978817737
"2531","1568ebf92faa025cd13befa3af96e32a","Eukaryota","Opisthokonta",NA,NA,NA,NA,NA,NA,0.999838756
"2532","00eb84e0d76b88118a06a095059b9832","Eukaryota","Alveolata","Dinoflagellata","Dinophyceae",NA,NA,NA,NA,0.995950242
"2533","3876d4e6678ee1edb3eba58ce7dc6b34","Unassigned",NA,NA,NA,NA,NA,NA,NA,0.98793263
"2534","dc02c995841098e5acb1725f7c23ad8c","Eukaryota",NA,NA,NA,NA,NA,NA,NA,0.999999999
"2535","c9bb3ff1ae784d9ef4bf11ec46f31d32","Eukaryota",NA,NA,NA,NA,NA,NA,NA,1
"2536","2eaa761a87aa79cf50b66f2118390fd9","Eukaryota","Opisthokonta","Metazoa","Arthropoda","Crustacea","Maxillopoda","Eudiaptomus","Eudiaptomus_sp.",0.999388
"2537","7fb84548af87eacab720321ae1df5f60","Eukaryota","Alveolata","Dinoflagellata","Syndiniales","Dino-Group-II","Dino-Group-II-Clade-10-and-11","Dino-Group-II-Clade-10-and-11_X","Dino-Group-II-Clade-10-and-11_X_sp.",0.999886967
"2538","d2a3c0d79c769f3f6e9025c10eaa31a2","Eukaryota","Alveolata","Dinoflagellata",NA,NA,NA,NA,NA,0.994534415
"2539","dbed9019869f580646509e5d59c59f6e","Eukaryota","Alveolata","Dinoflagellata","Syndiniales","Dino-Group-II","Dino-Group-II-Clade-20","Dino-Group-II-Clade-20_X","Dino-Group-II-Clade-20_X_sp.",0.995870097
"2540","b9448b2ef3784f7cf079730c4171d78a","Unassigned",NA,NA,NA,NA,NA,NA,NA,0.987784746
"2541","eed6cc50a319155fe4858d7bc674a10d","Eukaryota","Stramenopiles","Ochrophyta","Bacillariophyta","Bacillariophyta_X",NA,NA,NA,0.992312018
"2542","b814d8f563e641ab42653072837310a7","Eukaryota","Archaeplastida","Rhodophyta","Florideophyceae","Gigartinales","Gigartinales_X",NA,NA,0.995885745
"2543","d1d3fc468465215792cd0b4f85c4e093","Eukaryota","Stramenopiles","Ochrophyta","Bacillariophyta","Bacillariophyta_X",NA,NA,NA,0.998532123
"2544","88eb311d1ca8c4f6b257953ee82756f4","Eukaryota","Excavata","Discoba","Diplonemea","Diplonemida","Hemistasiidae","Hemistasia","Hemistasia_sp.",0.999997338
"2545","ead553fadc8a093c3d48dace39752a6d","Eukaryota",NA,NA,NA,NA,NA,NA,NA,0.999998575
"2546","771ca6ff3cd5b1b5919866955aceecd1","Eukaryota","Alveolata","Dinoflagellata","Syndiniales","Dino-Group-I","Dino-Group-I-Clade-1","Dino-Group-I-Clade-1_X","Dino-Group-I-Clade-1_X_sp.",0.999999963
"2547","6d3bff28c388ac40bc1e535d3402e634","Eukaryota","Alveolata","Dinoflagellata","Syndiniales","Dino-Group-II","Dino-Group-II-Clade-10-and-11","Dino-Group-II-Clade-10-and-11_X","Dino-Group-II-Clade-10-and-11_X_sp.",0.999739447
"2548","42652a82a291738a07c9d0ff65cb3d70","Eukaryota","Stramenopiles","Sagenista","MAST-7","MAST-7B","MAST-7B_X","MAST-7B_XX","MAST-7B_XX_sp.",0.999999974
"2549","36db5ce7f9036c9c0ba9ab8d3737b09a","Eukaryota","Alveolata","Dinoflagellata","Syndiniales","Dino-Group-II",NA,NA,NA,0.994570877
"2550","0ff564c2b8fd223a8375be8a7c1d2949","Eukaryota",NA,NA,NA,NA,NA,NA,NA,0.999817287
"2551","5d519bfa54928d5d15b36d4ab2c09b3b","Eukaryota",NA,NA,NA,NA,NA,NA,NA,0.999996483
"2552","9ec6a8c517d93bf1d499698a7116ddef","Eukaryota","Alveolata","Dinoflagellata","Syndiniales","Dino-Group-II","Dino-Group-II-Clade-5","Dino-Group-II-Clade-5_X","Dino-Group-II-Clade-5_X_sp.",0.999770368
"2553","a70de3ae6606bc1acd06353ed64caa38","Eukaryota","Alveolata",NA,NA,NA,NA,NA,NA,0.991014363
"2554","bf0277971795215d6ab2a2ad9c74e0a3","Eukaryota","Alveolata","Dinoflagellata","Syndiniales","Dino-Group-II","Dino-Group-II-Clade-17","Dino-Group-II-Clade-17_X","Dino-Group-II-Clade-17_X_sp.",0.999999343
"2555","e9b397490325e76f1d9fc5fbc6d29cbb","Eukaryota","Alveolata","Dinoflagellata","Syndiniales","Dino-Group-II","Dino-Group-II-Clade-28","Dino-Group-II-Clade-28_X","Dino-Group-II-Clade-28_X_sp.",0.995275268
"2556","26cdf0fcc49784e3bedc96c8acecea50","Eukaryota","Alveolata","Dinoflagellata","Syndiniales","Dino-Group-I","Dino-Group-I-Clade-1","Dino-Group-I-Clade-1_X","Dino-Group-I-Clade-1_X_sp.",0.999998749
"2557","be8b3f61659e24d82cabea7a59579beb","Eukaryota","Alveolata","Dinoflagellata","Dinophyceae",NA,NA,NA,NA,0.99626875
"2558","f45c11674df0967131d8759deb51e5b9","Eukaryota",NA,NA,NA,NA,NA,NA,NA,0.999801611
"2559","da1930ba26672a39f78270e36936e38c","Eukaryota",NA,NA,NA,NA,NA,NA,NA,0.999832786
"2560","6a295f99a9459c27fcfd7ae4746b0937","Eukaryota","Archaeplastida","Chlorophyta",NA,NA,NA,NA,NA,0.998641722
"2561","0c57cb362a21d47a4b4f66bb98a087ad","Eukaryota","Alveolata","Dinoflagellata","Syndiniales","Dino-Group-II","Dino-Group-II-Clade-2","Dino-Group-II-Clade-2_X","Dino-Group-II-Clade-2_X_sp.",1
"2562","dd231e6cdd7cbad2b1cc7fed9fd24011","Eukaryota","Alveolata","Ciliophora",NA,NA,NA,NA,NA,0.998618402
"2563","9b8cd79da28f287b82fb068f84863a24","Eukaryota","Alveolata","Dinoflagellata","Syndiniales","Dino-Group-I","Dino-Group-I-Clade-4","Dino-Group-I-Clade-4_X","Dino-Group-I-Clade-4_X_sp.",0.974607545
"2564","6205eedea588ba479a0e290d1a39ffc6","Eukaryota","Alveolata","Dinoflagellata","Dinophyceae",NA,NA,NA,NA,0.973080759
"2565","34c95c62e86e11559127fbc040a96009","Eukaryota","Alveolata","Dinoflagellata","Dinophyceae","Dinophysiales","Dinophysiaceae","Dinophysis",NA,0.993273443
"2566","16f0c074ed3263c19626f1e8351e035a","Eukaryota","Alveolata","Ciliophora","Spirotrichea",NA,NA,NA,NA,0.998922785
"2567","a440a529c1c4d18a7abb0c9bf77fbb04","Eukaryota","Alveolata","Dinoflagellata","Dinophyceae",NA,NA,NA,NA,0.972142817
"2568","d79f1acf3a43730ec1233bdafd4bc21e","Eukaryota","Rhizaria","Cercozoa","Chlorarachniophyceae","Chlorarachnida","Minorisa-lineage","Minorisa","Minorisa_minuta",1
"2569","df609030515c426d356e93e3ab6b71e2","Eukaryota",NA,NA,NA,NA,NA,NA,NA,0.999607056
"2570","14e544e141a3f6b89e501f092719175a","Eukaryota","Alveolata","Dinoflagellata","Syndiniales","Dino-Group-II","Dino-Group-II-Clade-10-and-11","Dino-Group-II-Clade-10-and-11_X","Dino-Group-II-Clade-10-and-11_X_sp.",0.999440949
"2571","ecc4ea76c7fd32a27bdb774becf7cfd4","Eukaryota","Archaeplastida","Chlorophyta","Mamiellophyceae","Mamiellales","Mamiellaceae","Micromonas","Micromonas_bravo_B2",0.992930728
"2572","a99c38d94b233bbdbdad7ade02f6b2e7","Eukaryota","Alveolata","Dinoflagellata","Syndiniales","Dino-Group-II","Dino-Group-II-Clade-39","Dino-Group-II-Clade-39_X","Dino-Group-II-Clade-39_X_sp.",0.999999998
"2573","288b1b77e51dada12c588a7f78965c25","Eukaryota","Opisthokonta","Metazoa","Annelida","Annelida_X","Annelida_XX","Travisia",NA,0.973892784
"2574","5a5bad07ee60e0ac6d21cc8ef566d780","Eukaryota","Opisthokonta","Metazoa","Annelida","Annelida_X","Annelida_XX","Polyphysia","Polyphysia_crassa",0.999910037
"2575","aaf5d18c355e3e567592493e2f1450dc","Eukaryota","Rhizaria","Cercozoa","Filosa-Thecofilosea","Filosa-Thecofilosea_X","Mataza-lineage","Mataza-lineage_X","Mataza-lineage_X_sp.",0.999606435
"2576","6922aeb779befedeae9033f98d1519b0","Eukaryota","Stramenopiles","Ochrophyta","Bacillariophyta","Bacillariophyta_X","Polar-centric-Mediophyceae","Minutocellus","Minutocellus_sp.",0.99197821
"2577","0f79c8e9de639a2d3a2a3d68129b6beb","Eukaryota","Opisthokonta","Metazoa","Annelida","Annelida_X","Annelida_XX",NA,NA,0.999569972
"2578","5105759eea1072dbf2a2a2c35fabe5e5","Eukaryota","Stramenopiles","Ochrophyta","Chrysophyceae","Chrysophyceae_X","Chrysophyceae_Clade-F","Chrysophyceae_Clade-F_X","Chrysophyceae_Clade-F_X_sp.",0.989830655
"2579","675b71447a786b2fb41c4763503a491f","Eukaryota","Stramenopiles","Ochrophyta","Bacillariophyta","Bacillariophyta_X","Raphid-pennate",NA,NA,0.999982294
"2580","b7b4750190c127b5c473acc68ceb5c37","Eukaryota","Rhizaria","Cercozoa","Filosa-Granofilosea","Filosa-Granofilosea_X","Massiteriidae","Massisteria","Massisteria_marina",0.999999985
"2581","6d7673b5fd7e63247a1661ab3f0952f7","Eukaryota","Opisthokonta","Metazoa","Arthropoda","Crustacea","Maxillopoda",NA,NA,0.999994614
"2582","1b85c886764735882c22fdcd99ef76ad","Eukaryota","Opisthokonta","Metazoa","Arthropoda","Crustacea","Maxillopoda",NA,NA,0.999999853
"2583","003ed148f719e734b27e86a2f9b1b5a6","Eukaryota","Opisthokonta","Metazoa","Annelida","Annelida_X","Annelida_XX",NA,NA,0.999940943
"2584","f4c12584b5fbc1c3dff0a51d909210a2","Eukaryota","Stramenopiles","Pseudofungi","Oomycota","Oomycota_X",NA,NA,NA,0.999300056
"2585","3179b150afbacae53a6d3935ecefbab9","Eukaryota","Archaeplastida","Chlorophyta","Chlorophyceae","Chlamydomonadales","Chlamydomonadales_X",NA,NA,0.998745639
"2586","e28e2c58f3b09cae688178c5c90798cc","Eukaryota","Stramenopiles","Opalozoa","MAST-3","MAST-3F","MAST-3F_X","MAST-3F_XX","MAST-3F_XX_sp.",0.999999995
"2587","524896347417860ae558683c3151960b","Eukaryota","Alveolata","Dinoflagellata","Syndiniales","Dino-Group-II","Dino-Group-II-Clade-10-and-11","Dino-Group-II-Clade-10-and-11_X","Dino-Group-II-Clade-10-and-11_X_sp.",0.997754736
"2588","7e0dad940f843bc31629950cf36a1df3","Eukaryota","Stramenopiles","Ochrophyta","Phaeophyceae","Phaeophyceae_X","Phaeophyceae_XX","Halothrix","Halothrix_ambigua",0.999618897
"2589","44166986b90fb68614f7764fdb434d8c","Eukaryota",NA,NA,NA,NA,NA,NA,NA,0.999999999
"2590","5f9b032dae6eb6d8a78f8aab5a46469a","Eukaryota","Opisthokonta","Metazoa","Cnidaria","Cnidaria_X","Hydrozoa",NA,NA,0.999908685
"2591","22ee61c7cd5ecd36f9cfaf29569a46c6","Eukaryota","Alveolata","Dinoflagellata","Dinophyceae",NA,NA,NA,NA,0.991432061
"2592","4ec833e6cf9dd33cf3b56e9d65baa57c","Eukaryota","Alveolata","Dinoflagellata","Syndiniales","Dino-Group-II","Dino-Group-II-Clade-1","Dino-Group-II-Clade-1_X","Dino-Group-II-Clade-1_X_sp.",0.998623513
"2593","9a52d514342185dfe82a8ecbc4a220df","Eukaryota","Alveolata","Dinoflagellata","Dinophyceae",NA,NA,NA,NA,0.978913965
"2594","987751b6b16e94e9ce7cca91a5fd55bf","Eukaryota","Opisthokonta","Metazoa","Arthropoda","Crustacea","Maxillopoda","Paracalanus","Paracalanus_parvus",0.998300941
"2595","84517908f19a0a6ccd808b35f0154840","Eukaryota","Rhizaria","Cercozoa","Phaeodarea","Phaeogymnocellida","Phaeodinidae","Phaeodina","Phaeodina_sp.",0.999997402
"2596","9d4fb1316900ec8b8c6504f8e1e9a3a9","Eukaryota","Stramenopiles","Ochrophyta","Dictyochophyceae","Dictyochophyceae_X","Pedinellales","Pteridomonas","Pteridomonas_danica",0.999726945
"2597","44d5ef90e63c8eff3a925c695307562b","Eukaryota","Opisthokonta","Fungi","Ascomycota","Pezizomycotina","Eurotiomycetes",NA,NA,0.992257912
"2598","00302ad4ae98f1954ead2ce7e3ebf65f","Eukaryota","Opisthokonta","Metazoa","Arthropoda","Crustacea","Maxillopoda",NA,NA,0.99921239
"2599","635e6a4c1e65924b0a6ed1d7e9af611e","Eukaryota","Rhizaria","Cercozoa","Filosa-Thecofilosea","Cryomonadida","Cryomonadida_X","Cryomonadida_XX","Cryomonadida_XX_sp.",0.999847963
"2600","5f8a2822d7543f9f112d3c80f61b16b3","Eukaryota","Opisthokonta","Metazoa","Arthropoda","Crustacea","Malacostraca",NA,NA,0.999999637
"2601","6a36eb2b5e4a9f24f9484871519808c4","Eukaryota","Opisthokonta","Metazoa","Rotifera","Rotifera_X","Rotifera_XX","Rotifera_XXX","Rotifera_XXX_sp.",0.981190135
"2602","56b4da826566eea921242a30feb8443a","Eukaryota","Stramenopiles","Opalozoa","MAST-3","MAST-3I","MAST-3I_X","MAST-3I_XX","MAST-3I_XX_sp.",0.999999991
"2603","2bff31e74c498cb5701195cffa052b46","Eukaryota",NA,NA,NA,NA,NA,NA,NA,0.999998568
"2604","4096a2ac9043d20efd1c8e823ba658d6","Eukaryota","Alveolata","Dinoflagellata","Syndiniales","Dino-Group-I","Dino-Group-I-Clade-8","Dino-Group-I-Clade-8_X","Dino-Group-I-Clade-8_X_sp.",0.999993177
"2605","ff2fb4ead2951b86f7f2bdc00d13c3ba","Eukaryota","Opisthokonta","Metazoa","Bryozoa","Bryozoa_X","Bryozoa_XX",NA,NA,0.999999986
"2606","9d1251efb80d44be1cd876affce0324c","Eukaryota","Alveolata","Dinoflagellata","Syndiniales","Dino-Group-I","Dino-Group-I-Clade-4","Dino-Group-I-Clade-4_X","Dino-Group-I-Clade-4_X_sp.",0.990205877
"2607","0e5a59436e606a19e43caa05f8e79113","Eukaryota","Alveolata","Dinoflagellata","Syndiniales","Dino-Group-II","Dino-Group-II-Clade-44","Dino-Group-II-Clade-44_X","Dino-Group-II-Clade-44_X_sp.",0.999999994
"2608","6085f47b9e8f2e34316585ac03c4684b","Eukaryota","Hacrobia","Cryptophyta","Cryptophyceae","Cryptomonadales","Cryptomonadales_X",NA,NA,0.995216604
"2609","26294f5e4628e4c0fca3f178da8c072d","Eukaryota","Stramenopiles",NA,NA,NA,NA,NA,NA,0.998270176
"2610","ad4a154e87bda145b9ee6db763aded32","Eukaryota","Alveolata","Dinoflagellata","Syndiniales","Dino-Group-II","Dino-Group-II-Clade-25","Dino-Group-II-Clade-25_X","Dino-Group-II-Clade-25_X_sp.",0.9722983
"2611","115b68881fe76c6fd0a9da3c02d1ebf7","Eukaryota","Opisthokonta","Fungi","Chytridiomycota","Chytridiomycotina","Chytridiomycetes","Spizellomycetales-and-Rhizophlyctidales","Spizellomycetales-and-Rhizophlyctidales_sp.",0.999778363
"2612","247fbc7ade72d69c64b335c2e569bc7d","Eukaryota","Stramenopiles",NA,NA,NA,NA,NA,NA,0.994599541
"2613","5481adf25d88dfe5577a22b6fdee80d2","Eukaryota","Alveolata","Dinoflagellata","Dinophyceae",NA,NA,NA,NA,0.988633231
"2614","540f6d03668b950971721526d051dc50","Eukaryota","Alveolata","Dinoflagellata","Dinophyceae",NA,NA,NA,NA,0.972066937
"2615","90e7c2abb1216f529613f9cfc4bf96c0","Eukaryota","Alveolata","Dinoflagellata","Syndiniales","Dino-Group-II","Dino-Group-II-Clade-1","Dino-Group-II-Clade-1_X","Dino-Group-II-Clade-1_X_sp.",0.999836443
"2616","54b2052812bfdb90f3b9cf05bfd7ed5d","Eukaryota","Alveolata","Dinoflagellata","Dinophyceae",NA,NA,NA,NA,0.998969723
"2617","debf2468007e5fb647f6d17477008b70","Eukaryota","Alveolata","Dinoflagellata","Dinophyceae",NA,NA,NA,NA,0.980272923
"2618","b621ad45a62eb28e7ab23d07ad852b3f","Eukaryota","Alveolata","Dinoflagellata","Syndiniales","Dino-Group-II","Dino-Group-II-Clade-1","Dino-Group-II-Clade-1_X","Dino-Group-II-Clade-1_X_sp.",0.998574207
"2619","5aa3a2cb6bc99165884a173a10a8ba0e","Eukaryota","Alveolata","Dinoflagellata","Dinophyceae",NA,NA,NA,NA,0.997367416
"2620","6090547dfb8b757488176354725dc0af","Eukaryota","Alveolata","Dinoflagellata","Syndiniales","Dino-Group-II","Dino-Group-II-Clade-13","Dino-Group-II-Clade-13_X","Dino-Group-II-Clade-13_X_sp.",0.999952094
"2621","7e022e166d3fb1c89199bfe561270461","Eukaryota","Opisthokonta",NA,NA,NA,NA,NA,NA,0.978938169
"2622","cffa3cb392978927a399b065470888b5","Eukaryota","Alveolata","Dinoflagellata","Syndiniales","Dino-Group-II","Dino-Group-II-Clade-1","Dino-Group-II-Clade-1_X","Dino-Group-II-Clade-1_X_sp.",0.999880697
"2623","9eea018c3394d45e8ede901c2ee0f0db","Eukaryota","Hacrobia","Haptophyta","Prymnesiophyceae","Prymnesiales","Chrysochromulinaceae","Chrysochromulina","Chrysochromulina_acantha",0.982890065
"2624","01a0da9dd66e8861ba63bac04c17ede2","Eukaryota","Stramenopiles","Opalozoa","MAST-3","MAST-3I","MAST-3I_X","MAST-3I_XX","MAST-3I_XX_sp.",0.999999509
"2625","48328c38897fb75c64a1d026d58dcba5","Eukaryota",NA,NA,NA,NA,NA,NA,NA,0.999930643
"2626","06330dff1ecb0f9fba1a5852aae4f522","Eukaryota","Alveolata","Dinoflagellata","Syndiniales","Dino-Group-II","Dino-Group-II-Clade-10-and-11","Dino-Group-II-Clade-10-and-11_X","Dino-Group-II-Clade-10-and-11_X_sp.",0.986078019
"2627","456b2c539f2db933a527004c03bde72d","Eukaryota","Alveolata","Dinoflagellata",NA,NA,NA,NA,NA,0.996763306
"2628","b60437f229ad6f0fd43ba159949553a0","Eukaryota","Alveolata","Dinoflagellata","Syndiniales","Dino-Group-II","Dino-Group-II-Clade-1","Dino-Group-II-Clade-1_X","Dino-Group-II-Clade-1_X_sp.",0.999992929
"2629","9438e93cbc94b76b5427becf86df1d56","Eukaryota","Alveolata","Dinoflagellata","Syndiniales","Dino-Group-I","Dino-Group-I-Clade-3","Dino-Group-I-Clade-3_X","Dino-Group-I-Clade-3_X_sp.",0.987224481
"2630","235433089dd8c4e1264634ada0b86038","Eukaryota",NA,NA,NA,NA,NA,NA,NA,0.994875535
"2631","e0dc91dcf105da2f4bc4eecb2318df16","Eukaryota",NA,NA,NA,NA,NA,NA,NA,0.999990075
"2632","88e30224ad1fefd37deb97568d76d6e6","Eukaryota",NA,NA,NA,NA,NA,NA,NA,0.999805805
"2633","af7603a9cb4fc992c7308b38895f1924","Eukaryota","Opisthokonta","Metazoa","Craniata","Craniata_X","Teleostei",NA,NA,0.995494528
"2634","963b3615be0cb1e569e85fddcb347537","Eukaryota","Opisthokonta","Metazoa","Arthropoda","Crustacea","Maxillopoda",NA,NA,0.999999125
"2635","3aa4e940207f5b7e1628b64a7beec0e0","Eukaryota","Opisthokonta","Metazoa","Nemertea","Nemertea_X","Nemertea_XX","Lineus","Lineus_sp.",0.999615625
"2636","8eccd9d7930d019705dba4a1974775e0","Eukaryota","Stramenopiles","Ochrophyta","Bacillariophyta","Bacillariophyta_X",NA,NA,NA,0.989070104
"2637","3d793789c2b7475e3a532c3c50ffb8b0","Eukaryota","Opisthokonta","Metazoa","Mollusca","Bivalvia","Arcoida","Barbatia","Barbatia_virescens",0.986594283
"2638","19dcef53af10a263243bffb103d48932","Eukaryota","Amoebozoa","Lobosa","Tubulinea","Echinamoebida","Vermamoebidae","Hartmannella","Hartmannella_abertawensis",0.995702582
"2639","fc64a53e9b31cfc16e5499c90ffda4ae","Eukaryota","Stramenopiles","Ochrophyta","Bacillariophyta","Bacillariophyta_X",NA,NA,NA,0.994901054
"2640","b2e33ed9d78479019291bc989cbd7d21","Eukaryota","Opisthokonta","Metazoa","Arthropoda","Crustacea","Maxillopoda",NA,NA,0.99999718
"2641","b55282c2a602b7378f78df1c5d0dc187","Eukaryota",NA,NA,NA,NA,NA,NA,NA,0.99999972
"2642","fbff943a15912118ec545ee02757183c","Eukaryota","Alveolata",NA,NA,NA,NA,NA,NA,0.992393393
"2643","2d3fbe046dca12e4af4424d61e78e850","Eukaryota","Hacrobia","Telonemia","Telonemia_X","Telonemia_XX","Telonemia-Group-1","Telonema-Group-1","Telonema_subtile",0.996836976
"2644","b9e40a754ca2af2dbb219d8897596ff7","Eukaryota","Amoebozoa","Lobosa","Discosea-Flabellinia","Dactylopodida","Paramoebidae","Paramoeba","Paramoeba_atlantica",0.998661298
"2645","9c2f3c8c59179546306b27af8275c7b3","Eukaryota","Alveolata","Dinoflagellata","Syndiniales","Dino-Group-I","Dino-Group-I-Clade-4","Dino-Group-I-Clade-4_X","Dino-Group-I-Clade-4_X_sp.",0.999999798
"2646","ff7801e2ee4a03d9284836395e033b9f","Eukaryota","Stramenopiles","Ochrophyta","Chrysophyceae","Chrysophyceae_X","Chrysophyceae_Clade-H","Chrysophyceae_Clade-H_X","Chrysophyceae_Clade-H_X_sp.",0.999834279
"2647","f3fe60f95e3b07a4610fb795a272ccaf","Eukaryota",NA,NA,NA,NA,NA,NA,NA,0.999999998
"2648","4c96c5ee484606fff864ac4ef787f5c2","Eukaryota","Alveolata","Dinoflagellata","Syndiniales","Dino-Group-II",NA,NA,NA,0.997887875
"2649","188d9f75c9a129aa464fa20cb3161e78","Eukaryota","Alveolata","Dinoflagellata","Syndiniales","Dino-Group-II","Dino-Group-II-Clade-12","Dino-Group-II-Clade-12_X","Dino-Group-II-Clade-12_X_sp.",0.974168356
"2650","f7282c31b888fb142f1c63d263146b65","Eukaryota",NA,NA,NA,NA,NA,NA,NA,0.999999998
"2651","12b666e21a8ef5932d7616883c7566ac","Eukaryota","Alveolata","Dinoflagellata","Dinophyceae",NA,NA,NA,NA,0.999510301
"2652","71c00927c4f23936d6996b0872cdfe3d","Eukaryota","Alveolata","Dinoflagellata","Dinophyceae",NA,NA,NA,NA,0.973483616
"2653","27b5dab120e4502ababba8eba2d32df0","Eukaryota","Alveolata",NA,NA,NA,NA,NA,NA,0.999130238
"2654","bf00040de90c773147716a7f42d30728","Eukaryota","Opisthokonta",NA,NA,NA,NA,NA,NA,0.997527275
"2655","27411338eae6278cb0399f2abd02efef","Eukaryota","Alveolata","Dinoflagellata","Dinophyceae",NA,NA,NA,NA,0.997852468
"2656","fc200339aeb26d5523a2e257b21f73f2","Eukaryota","Hacrobia","Picozoa","Picozoa_X","Picozoa_XX","Picozoa_XXX","Picozoa_XXXX","Picozoa_XXXX_sp.",0.999999904
"2657","47964b89b0bb6f5447fa55a7132f999a","Eukaryota","Alveolata",NA,NA,NA,NA,NA,NA,0.988356112
"2658","079a92d3b2798c635cc16b6a799c1065","Eukaryota","Alveolata","Dinoflagellata","Syndiniales","Dino-Group-II","Dino-Group-II-Clade-10-and-11","Dino-Group-II-Clade-10-and-11_X","Dino-Group-II-Clade-10-and-11_X_sp.",0.995715489
"2659","5d864d79b9c4d0241819c133b155ac8f","Eukaryota","Alveolata","Dinoflagellata","Syndiniales","Dino-Group-II","Dino-Group-II-Clade-44","Dino-Group-II-Clade-44_X","Dino-Group-II-Clade-44_X_sp.",0.974880337
"2660","14d3c3941eb4620dbf0bfe010d491b1e","Eukaryota","Alveolata","Dinoflagellata","Dinophyceae",NA,NA,NA,NA,0.999510508
"2661","5d6a404dae33bb299f0f641e79e22d56","Eukaryota","Alveolata","Dinoflagellata","Dinophyceae",NA,NA,NA,NA,0.997984007
"2662","f7e394c6c2ca36c5eb7f28af7e72f7b6","Eukaryota","Opisthokonta","Metazoa","Mollusca","Gastropoda","Vetigastropoda",NA,NA,0.98762849
"2663","e5a8b01a3f4b32efb41afd9c46e89475","Eukaryota","Alveolata","Ciliophora","Spirotrichea",NA,NA,NA,NA,0.981076425
"2664","b7ab9fcd0545c15189c6559279ab7179","Eukaryota","Alveolata","Dinoflagellata","Dinophyceae",NA,NA,NA,NA,0.999540569
"2665","2ac2f2c493418991bda884645dae6e40","Eukaryota","Alveolata","Dinoflagellata","Syndiniales","Dino-Group-II","Dino-Group-II-Clade-10-and-11","Dino-Group-II-Clade-10-and-11_X","Dino-Group-II-Clade-10-and-11_X_sp.",0.987821257
"2666","8d728b7f8604df841b456b88643b7853","Eukaryota","Alveolata","Dinoflagellata","Syndiniales","Dino-Group-II","Dino-Group-II-Clade-1","Dino-Group-II-Clade-1_X","Dino-Group-II-Clade-1_X_sp.",0.999985923
"2667","4716e0988e1f16e51d9b92bc107927fa","Eukaryota","Alveolata","Dinoflagellata","Syndiniales","Dino-Group-II","Dino-Group-II-Clade-1","Dino-Group-II-Clade-1_X","Dino-Group-II-Clade-1_X_sp.",0.975900829
"2668","206e2f165a7fd17dd2e7904667e048c7","Eukaryota","Alveolata","Dinoflagellata","Syndiniales","Dino-Group-II","Dino-Group-II-Clade-5","Dino-Group-II-Clade-5_X","Dino-Group-II-Clade-5_X_sp.",0.993283406
"2669","afa8ebb854c6f59e664ce31adb09f32b","Eukaryota","Opisthokonta","Fungi","Ascomycota","Pezizomycotina","Eurotiomycetes","Aspergillus","Aspergillus_penicillioides",0.998073928
"2670","8959a20f4d10f3a394d7b75126ace03a","Eukaryota","Archaeplastida","Streptophyta","Embryophyceae","Embryophyceae_X","Embryophyceae_XX","Brassica","Brassica_rapa",0.977513294
"2671","1212815a0ff9fa66e4e9ce1ed3c321d2","Eukaryota","Stramenopiles","Opalozoa","Bicoecea","Anoecales","Cafeteriaceae","Pseudobodo","Pseudobodo_tremulans",0.999996137
"2672","a4660a2e5301c2acd9ec3568445a1aa4","Eukaryota","Opisthokonta","Metazoa","Annelida","Annelida_X","Annelida_XX",NA,NA,0.999999891
"2673","bd7c8aebe984f60b90fdbe0eeaed8fdd","Eukaryota",NA,NA,NA,NA,NA,NA,NA,0.999864761
"2674","0c065ea5403594d0737501cc6f3136b0","Eukaryota","Opisthokonta","Metazoa","Bryozoa","Bryozoa_X","Bryozoa_XX",NA,NA,1
"2675","09ed6aaafc0380d0b79fc268fdd08805","Eukaryota","Opisthokonta","Metazoa","Bryozoa","Bryozoa_X","Bryozoa_XX","Bowerbankia","Bowerbankia_imbricata",0.999962166
"2676","c89dbb32f2f022a08dbecab6eebeaae8","Eukaryota","Opisthokonta","Metazoa","Arthropoda","Crustacea","Maxillopoda",NA,NA,0.999855494
"2677","5cf3315022bebc01169ed6e6bf03c8d0","Eukaryota","Stramenopiles","Ochrophyta","Bacillariophyta","Bacillariophyta_X",NA,NA,NA,0.99851286
"2678","883ec0dc18092de21d31fd1b55238744","Eukaryota",NA,NA,NA,NA,NA,NA,NA,0.999996559
"2679","7cd48983133b4365a79001224e5875bc","Eukaryota",NA,NA,NA,NA,NA,NA,NA,0.999981795
"2680","123fca5940c43eb08af7a07195c56fbb","Eukaryota",NA,NA,NA,NA,NA,NA,NA,1
"2681","ae01133920114849943d730de6acaca4","Eukaryota","Stramenopiles","Ochrophyta",NA,NA,NA,NA,NA,0.972575305
"2682","4e1fa2b0efa2b8274b9096d75dd82888","Eukaryota","Rhizaria","Cercozoa","Chlorarachniophyceae","Chlorarachniophyceae_X","LC104-lineage","LC104-lineage_X","LC104-lineage_X_sp.",0.999988724
"2683","8e5c03eda3cc60b92d61cb804100cded","Eukaryota","Alveolata","Dinoflagellata","Dinophyceae",NA,NA,NA,NA,0.98479908
"2684","c5fd1470113c4c22eeab33c81ed0db60","Eukaryota","Alveolata","Dinoflagellata","Syndiniales","Dino-Group-II","Dino-Group-II-Clade-1","Dino-Group-II-Clade-1_X","Dino-Group-II-Clade-1_X_sp.",0.998565763
"2685","1a35392ee86dc56cdede179107bccfa1","Eukaryota","Alveolata","Dinoflagellata",NA,NA,NA,NA,NA,0.991555094
"2686","320f64cdba20a9678a6d3e6f6557f460","Eukaryota",NA,NA,NA,NA,NA,NA,NA,0.992260727
"2687","7a3f59abb17d7f18de48209a994d1ce2","Eukaryota","Alveolata","Dinoflagellata","Syndiniales","Dino-Group-I","Dino-Group-I-Clade-5","Dino-Group-I-Clade-5_X","Dino-Group-I-Clade-5_X_sp.",0.999554795
"2688","8c42704afe7e9444c7b8bfb1f5129c1c","Eukaryota","Alveolata","Dinoflagellata","Dinophyceae",NA,NA,NA,NA,0.973980805
"2689","0c19f57ac92a448f5fe32440193a5644","Eukaryota","Excavata","Discoba","Diplonemea","Diplonemida","Hemistasiidae","Hemistasia","Hemistasia_sp.",0.999454789
"2690","9c7256b02e16740f8828cc76e678a153","Eukaryota","Alveolata","Dinoflagellata",NA,NA,NA,NA,NA,0.987949654
"2691","0fd279c8b6249d5fc6b45f6b8a61806f","Eukaryota","Stramenopiles","Opalozoa","MAST-3","MAST-3E","MAST-3E_X","MAST-3E_XX","MAST-3E_XX_sp.",0.999994583
"2692","f3de3d4be8581d3db261a657b8b6b167","Eukaryota","Alveolata","Dinoflagellata","Syndiniales","Dino-Group-II",NA,NA,NA,0.990509453
"2693","760a6f1e410b2ef2031f4bb2840f937b","Eukaryota",NA,NA,NA,NA,NA,NA,NA,0.992583406
"2694","d2c35fd45d167d9d1fafdfc3a28ab96a","Eukaryota","Alveolata","Dinoflagellata","Syndiniales","Dino-Group-II","Dino-Group-II-Clade-2","Dino-Group-II-Clade-2_X","Dino-Group-II-Clade-2_X_sp.",1
"2695","0d0503cf02d6cabb9812fb4c878e715e","Eukaryota","Alveolata","Dinoflagellata","Syndiniales","Dino-Group-I","Dino-Group-I-Clade-5","Dino-Group-I-Clade-5_X","Dino-Group-I-Clade-5_X_sp.",0.998129952
"2696","24f6b9ebe8ce1f4e704db482c9f2c6c9","Eukaryota","Stramenopiles","Opalozoa","MAST-3","MAST-3C","MAST-3C_X","MAST-3C_XX","MAST-3C_XX_sp.",0.999997469
"2697","300c08a8026e8659702d374c974c5af7","Eukaryota","Alveolata","Dinoflagellata","Dinophyceae","Suessiales","Suessiaceae","Yihiella","Yihiella_yeosuensis",0.998079077
"2698","0b5e4c1a97f8017936439bfbdbb788a5","Eukaryota","Stramenopiles","Ochrophyta","Bacillariophyta","Bacillariophyta_X",NA,NA,NA,0.98158284
"2699","50415f167142489e7cc2ff67c6e0ff75","Eukaryota","Amoebozoa","Lobosa","Discosea-Flabellinia","Dactylopodida","Paramoebidae","Neoparamoeba","Neoparamoeba_branchiphila",0.99934545
"2700","07c0663c96788b860c6e505aebadf463","Eukaryota",NA,NA,NA,NA,NA,NA,NA,0.999997479
"2701","eaf6f790870167f9ad19be413d330f58","Eukaryota","Opisthokonta","Metazoa","Annelida","Annelida_X","Annelida_XX",NA,NA,0.999846383
"2702","6c9f2aea977b90d42638deae79cdffa8","Eukaryota","Opisthokonta","Metazoa","Mollusca","Bivalvia","Heteroconchia","Mya","Mya_arenaria",0.999356144
"2703","75643badaaf5d3d829b8e1d60d5ef371","Eukaryota","Stramenopiles","Sagenista","Labyrinthulomycetes","Thraustochytrida","Thraustochytriaceae","Thraustochytriaceae_LAB17","Thraustochytriaceae_LAB17_sp.",0.978961331
"2704","d459df56bbd15b9a00ba2e4db1265bb2","Eukaryota","Opisthokonta","Metazoa","Arthropoda","Crustacea","Maxillopoda",NA,NA,0.999784395
"2705","32ea461c19b342218fb0232baab768f7","Eukaryota",NA,NA,NA,NA,NA,NA,NA,0.99984938
"2706","9427b0e4b6dd69f8191df0a1b34e57dd","Eukaryota","Alveolata","Ciliophora",NA,NA,NA,NA,NA,0.999058653
"2707","344933f404984dc5bd0bcae5bdcd418c","Eukaryota","Stramenopiles","Sagenista","Labyrinthulomycetes","Amphifilida","Amphifilaceae","Fibrophrys","Fibrophrys_sp.",0.982184061
"2708","c1d0217a79a702e48251ca2ac8afca7d","Eukaryota",NA,NA,NA,NA,NA,NA,NA,0.999999134
"2709","b3f514a4fe161d00f31a0ad9a99a62a2","Eukaryota","Rhizaria","Cercozoa","Filosa-Thecofilosea","Ventricleftida","CCW10-lineage","CCW10-lineage_X","CCW10-lineage_X_sp.",0.986943038
"2710","6f03959aacacb70f3fb7dd28e9357f60","Eukaryota","Archaeplastida","Chlorophyta",NA,NA,NA,NA,NA,0.990867063
"2711","9e2bcc7b3f158d6280c379c857d6d80d","Eukaryota","Stramenopiles","Ochrophyta","Bacillariophyta","Bacillariophyta_X","Polar-centric-Mediophyceae","Chaetoceros","Chaetoceros_socialis",0.999434947
"2712","cc006756385007b65dc4549c6ee50882","Eukaryota","Alveolata","Dinoflagellata","Dinophyceae",NA,NA,NA,NA,0.996047794
"2713","7bfcb4b70e037cb9387c9b4dc0e38316","Eukaryota","Rhizaria","Cercozoa","Filosa-Imbricatea","Thaumatomonadida","Thaumatomonadidae","Thaumatomastigidae","Thaumatomastigidae_sp.",0.992583573
"2714","aa1ac00eee85704140a80b3bdef53edf","Eukaryota","Alveolata","Dinoflagellata","Syndiniales","Dino-Group-II","Dino-Group-II-Clade-5","Dino-Group-II-Clade-5_X","Dino-Group-II-Clade-5_X_sp.",0.999997875
"2715","d8b1fec53da9444ba0a545b2df47e1cc","Eukaryota","Opisthokonta","Metazoa","Arthropoda","Crustacea","Maxillopoda",NA,NA,0.999997722
"2716","98da33b5170242d1988be34915a7b033","Eukaryota","Excavata","Discoba","Diplonemea","Diplonemida","Hemistasiidae","Hemistasia","Hemistasia_sp.",0.999997847
"2717","d11563cfeb6f3661435facc9fda06ef0","Eukaryota",NA,NA,NA,NA,NA,NA,NA,0.99998794
"2718","e7630c29d6fbe84dd8df5d8439bff633","Eukaryota","Alveolata","Dinoflagellata","Dinophyceae",NA,NA,NA,NA,0.999765429
"2719","21c065ac418c4ba9af57fef919cb18db","Eukaryota","Alveolata","Dinoflagellata","Syndiniales","Dino-Group-I","Dino-Group-I-Clade-1","Dino-Group-I-Clade-1_X","Dino-Group-I-Clade-1_X_sp.",0.999999492
"2720","cc28d646cd492a0cc95f94d675a9f825","Eukaryota","Archaeplastida",NA,NA,NA,NA,NA,NA,0.992831007
"2721","0f05d0033205c6b8686982003d21948c","Eukaryota","Alveolata","Dinoflagellata","Syndiniales","Dino-Group-II","Dino-Group-II-Clade-1","Dino-Group-II-Clade-1_X","Dino-Group-II-Clade-1_X_sp.",0.999987375
"2722","b47e3d4d6aa53418b387b1e3457e0d1d","Eukaryota","Opisthokonta",NA,NA,NA,NA,NA,NA,0.999898059
"2723","553ac7d90267ca74b283b41569c905b9","Unassigned",NA,NA,NA,NA,NA,NA,NA,0.982076709
"2724","d39849cb7d075838ffa9c41b372b33a7","Eukaryota","Alveolata","Dinoflagellata","Dinophyceae",NA,NA,NA,NA,0.995293357
"2725","16fe13da229bc1cf5e910b1c0481e6c3","Eukaryota","Alveolata","Dinoflagellata","Dinophyceae",NA,NA,NA,NA,0.99657593
"2726","35bef9f1a19b3732e741b0627cdf99ee","Eukaryota","Alveolata","Dinoflagellata","Dinophyceae",NA,NA,NA,NA,0.992314935
"2727","e0f2d77e263a84657c890fb1ac764edc","Eukaryota","Archaeplastida","Chlorophyta","Mamiellophyceae","Dolichomastigales","Crustomastigaceae","Crustomastigaceae-AB","Crustomastigaceae-AB_sp.",0.979529277
"2728","479891d0b283dcdf7c326bbb5916e6c4","Eukaryota","Excavata","Discoba","Diplonemea","Diplonemida","Eupelagonemidae","Eupelagonemidae_X","Eupelagonemidae_X_sp.",1
"2729","b6111a2af06f5327b39d310e26463248","Eukaryota","Archaeplastida",NA,NA,NA,NA,NA,NA,0.994933125
"2730","e07bc05fda87bff265259b52fb5e422e","Eukaryota","Stramenopiles","Sagenista","Labyrinthulomycetes","Thraustochytrida","Thraustochytriaceae","Thraustochytriaceae_LAB17","Thraustochytriaceae_LAB17_sp.",0.972754171
"2731","18b128e0355912a69f23d479aa982d83","Eukaryota","Archaeplastida","Chlorophyta","Mamiellophyceae","Dolichomastigales","Dolichomastigaceae","Dolichomastigaceae-A","Dolichomastigaceae-A_sp.",0.982244618
"2732","bcec9f16c1fdb9c721bfe72d1e7935fa","Eukaryota","Stramenopiles","Ochrophyta","Chrysophyceae","Chrysophyceae_X","Chrysophyceae_Clade-I","Chrysophyceae_Clade-I_X","Chrysophyceae_Clade-I_X_sp.",1
"2733","e13d047b1f051e96c7a01c50ab00313c","Eukaryota","Stramenopiles","Ochrophyta","Dictyochophyceae","Dictyochophyceae_X","Pedinellales",NA,NA,0.983949174
"2734","c9411a2bd4ad2b27087047aad6b0b162","Eukaryota",NA,NA,NA,NA,NA,NA,NA,0.999995604
"2735","f7ec416320362ac1a237ea41a2545c8e","Eukaryota","Alveolata","Dinoflagellata","Syndiniales","Dino-Group-II","Dino-Group-II-Clade-5","Dino-Group-II-Clade-5_X","Dino-Group-II-Clade-5_X_sp.",0.993916707
"2736","72e46d8f19cdb4972e14d5fcb2c839a5","Eukaryota","Alveolata","Dinoflagellata",NA,NA,NA,NA,NA,0.984267939
"2737","a45fe672303dc93f850a3dacadb40bbd","Eukaryota","Alveolata","Dinoflagellata","Dinophyceae",NA,NA,NA,NA,0.990335157
"2738","c142e29981b6eba927c5232b9cbae3ce","Eukaryota","Hacrobia","Picozoa","Picozoa_X","Picozoa_XX","Picozoa_XXX","Picozoa_XXXX","Picozoa_XXXX_sp.",0.998397268
"2739","50e6a715b608f5850dd529657fa08839","Eukaryota","Excavata","Discoba","Diplonemea","Diplonemida","Eupelagonemidae","Eupelagonemidae_X","Eupelagonemidae_X_sp.",0.999357082
"2740","b0d2745d67545a9df01281491d085ba5","Eukaryota","Alveolata","Dinoflagellata","Syndiniales","Dino-Group-II","Dino-Group-II-Clade-1","Dino-Group-II-Clade-1_X","Dino-Group-II-Clade-1_X_sp.",0.999764281
"2741","c95598100b830a65e3afca8c125ad1cc","Eukaryota","Alveolata","Dinoflagellata","Syndiniales","Dino-Group-II","Dino-Group-II-Clade-1","Dino-Group-II-Clade-1_X","Dino-Group-II-Clade-1_X_sp.",0.9999747
"2742","aeaa4ed50f1a15d87ae83d7c5a380a48","Eukaryota","Alveolata","Dinoflagellata","Syndiniales","Dino-Group-II","Dino-Group-II-Clade-10-and-11","Dino-Group-II-Clade-10-and-11_X","Dino-Group-II-Clade-10-and-11_X_sp.",0.99871869
"2743","ce1dd2905c82c574bea81a33511ff3d9","Eukaryota","Amoebozoa","Lobosa","Discosea-Flabellinia","Dactylopodida","Paramoebidae","Neoparamoeba","Neoparamoeba_branchiphila",0.999674246
"2744","a28a7c17ac63efd1aba29345db7dc0dc","Eukaryota","Amoebozoa","Lobosa","Discosea-Flabellinia","Vannellida","Vannellidae","Clydonella","Clydonella_sp.",0.99940697
"2745","e9631f20eef544ba497a32e3571ce157","Eukaryota","Opisthokonta","Fungi","Basidiomycota","Agaricomycotina","Agaricomycetes",NA,NA,0.999863545
"2746","611611a6a5a7252fb8eca26bccb7b4a3","Eukaryota","Opisthokonta","Metazoa","Cnidaria","Cnidaria_X","Hydrozoa","Pantachogon","Pantachogon_haeckeli",0.999999766
"2747","c44fe84d99508912ab17e49e5e43fcc2","Eukaryota",NA,NA,NA,NA,NA,NA,NA,0.999937678
"2748","6c1244183ff00bd57440bedac8b5e02b","Eukaryota","Alveolata","Ciliophora","Spirotrichea","Hypotrichia",NA,NA,NA,0.999573023
"2749","2fd1583c037291cee22a507e2371fb81","Eukaryota",NA,NA,NA,NA,NA,NA,NA,0.99999896
"2750","3425ce86578d18d4e60e3b728cabb8d0","Eukaryota",NA,NA,NA,NA,NA,NA,NA,1
"2751","1b19f755f55fed681c45085d9a9f9d1a","Eukaryota","Rhizaria","Cercozoa","Filosa-Thecofilosea","Ventricleftida","CCW10-lineage","CCW10-lineage_X","CCW10-lineage_X_sp.",0.999507526
"2752","cbd204fb8af778bb77b9b1186dd6e120","Eukaryota",NA,NA,NA,NA,NA,NA,NA,0.99994128
"2753","eae741ee3d9edcd020ff4fd75846c574","Eukaryota","Opisthokonta","Metazoa","Arthropoda","Crustacea","Maxillopoda",NA,NA,0.999994327
"2754","a9e9cd4b74a4063993e790cdca6f55c7","Eukaryota","Alveolata","Dinoflagellata","Dinophyceae",NA,NA,NA,NA,0.994437313
"2755","fb9b91d400e8902f66b3301273b4f830","Eukaryota","Opisthokonta","Metazoa","Arthropoda","Crustacea","Malacostraca",NA,NA,0.999999989
"2756","cbf154ca6d5206ba740a074486575e1a","Eukaryota",NA,NA,NA,NA,NA,NA,NA,0.997739157
"2757","5c96ea9e634e16c94d805c6b1ca01874","Eukaryota","Opisthokonta","Metazoa","Urochordata","Urochordata_X","Ascidiacea",NA,NA,0.999998359
"2758","cf2089dc2fed55e07f316ec8046cc9c5","Eukaryota","Rhizaria","Cercozoa","Chlorarachniophyceae","Chlorarachnida","Minorisa-lineage","Minorisa","Minorisa_minuta",0.999757802
"2759","801bd9fcfc668e98733f9d91b073d2e7","Eukaryota","Alveolata","Dinoflagellata","Syndiniales","Dino-Group-II","Dino-Group-II-Clade-28","Dino-Group-II-Clade-28_X","Dino-Group-II-Clade-28_X_sp.",0.971940648
"2760","f7712548c40bbff9c3084e074c929074","Eukaryota","Alveolata","Dinoflagellata","Dinophyceae",NA,NA,NA,NA,0.990887524
"2761","bade9401f0732159c370b81c73118bfb","Eukaryota","Apusozoa","Hilomonadea","Planomonadida","Planomonadidae","Planomonadidae_Group-1","Ancyromonas","Ancyromonas_kenti",0.999359432
"2762","e75da0d4890fd35076c195ca15cc9b32","Eukaryota",NA,NA,NA,NA,NA,NA,NA,0.998852566
"2763","de9f7c80bbca0647481ed59ba1592d90","Eukaryota","Alveolata","Dinoflagellata","Syndiniales","Dino-Group-II","Dino-Group-II-Clade-3","Dino-Group-II-Clade-3_X","Dino-Group-II-Clade-3_X_sp.",0.999987464
"2764","42550764a09948fed06a415ee842cfc7","Eukaryota",NA,NA,NA,NA,NA,NA,NA,0.99999999
"2765","9677b2bdb0d5a40c43bf31265f39ca05","Eukaryota","Stramenopiles","Ochrophyta","Chrysophyceae","Chrysophyceae_X","Chrysophyceae_Clade-H","Chrysophyceae_Clade-H_X","Chrysophyceae_Clade-H_X_sp.",0.999817955
"2766","0f89748cbbc4442e5984d8cb26bf2af3","Eukaryota",NA,NA,NA,NA,NA,NA,NA,1
"2767","78d620923c53deb7e103d8592995b0fb","Eukaryota","Alveolata","Dinoflagellata","Syndiniales","Dino-Group-II","Dino-Group-II-Clade-1","Dino-Group-II-Clade-1_X","Dino-Group-II-Clade-1_X_sp.",0.99985218
"2768","9ba36a1303931ff7a224b26ebe223e0d","Eukaryota",NA,NA,NA,NA,NA,NA,NA,0.998149696
"2769","8b951cb0560b6d6b68a38ae94e14d011","Eukaryota","Stramenopiles","Ochrophyta","Pelagophyceae","Pelagomonadales","Pelagomonadaceae","Pelagomonas","Pelagomonas_calceolata",0.999975057
"2770","973a78c6682c2ab57b36950786ae3f54","Eukaryota",NA,NA,NA,NA,NA,NA,NA,0.9999987
"2771","24c123a401c505f5aead5481b356a45d","Eukaryota",NA,NA,NA,NA,NA,NA,NA,0.992203976
"2772","b3511d410e6541c41c51680304e59ae6","Eukaryota","Opisthokonta","Metazoa","Arthropoda","Crustacea","Maxillopoda",NA,NA,0.999163617
"2773","3eadcd084a4d9bc42d74612a82d43350","Eukaryota","Alveolata","Dinoflagellata","Syndiniales","Dino-Group-II","Dino-Group-II-Clade-28","Dino-Group-II-Clade-28_X","Dino-Group-II-Clade-28_X_sp.",0.984603159
"2774","4882692a81941ae366f7b31e9e235596","Eukaryota","Alveolata","Dinoflagellata","Syndiniales","Dino-Group-I","Dino-Group-I-Clade-4","Dino-Group-I-Clade-4_X","Dino-Group-I-Clade-4_X_sp.",0.999283233
"2775","94cfcd147a1cc4fe53275d0f54790195","Eukaryota","Alveolata","Dinoflagellata","Syndiniales","Dino-Group-II","Dino-Group-II-Clade-1","Dino-Group-II-Clade-1_X","Dino-Group-II-Clade-1_X_sp.",0.990864351
"2776","ad1d747b05b286efed23e67d9167db90","Eukaryota","Opisthokonta",NA,NA,NA,NA,NA,NA,0.996994531
"2777","3e71eefce9ce87b930448c517f4842a2","Unassigned",NA,NA,NA,NA,NA,NA,NA,0.971600943
"2778","c0c20a88708d0d65e2b582219a9985ee","Eukaryota","Rhizaria","Radiolaria","RAD-B","RAD-B_X","Taxopodida","Sticholonche","Sticholonche_sp.",0.999999239
"2779","7fa1fc011afe2ed353c0fd536ea318a8","Eukaryota",NA,NA,NA,NA,NA,NA,NA,0.999937178
"2780","ab885ccbbbfaf2bea16c385a96f454ea","Eukaryota","Alveolata","Ciliophora","Spirotrichea","Choreotrichida",NA,NA,NA,0.992065045
"2781","f043435f230f9c9168ad6647408df103","Eukaryota",NA,NA,NA,NA,NA,NA,NA,0.999613327
"2782","91a00dc931db004595200ccbecc959e0","Eukaryota","Stramenopiles","Ochrophyta","Bolidophyceae","Parmales","Triparmaceae","Triparma","Triparma_pacifica",0.999771568
"2783","79dd4a86c08fbb66507ddbecbf113a0d","Eukaryota","Alveolata","Dinoflagellata","Syndiniales","Dino-Group-II","Dino-Group-II-Clade-3","Dino-Group-II-Clade-3_X","Dino-Group-II-Clade-3_X_sp.",0.999994062
"2784","239d9c92ecd910a4bfac74beb84b2130","Eukaryota",NA,NA,NA,NA,NA,NA,NA,0.999967819
"2785","a22568bddf8de8774dd51474bf6aa6c0","Eukaryota","Alveolata","Dinoflagellata","Syndiniales","Dino-Group-II",NA,NA,NA,0.993447728
"2786","621186f465ca03a43c03e65a448ea56f","Eukaryota","Alveolata","Dinoflagellata","Syndiniales","Dino-Group-II","Dino-Group-II-Clade-10-and-11","Dino-Group-II-Clade-10-and-11_X","Dino-Group-II-Clade-10-and-11_X_sp.",0.999686456
"2787","07355bf05bb160aac4200df8cd7197de","Eukaryota","Alveolata","Dinoflagellata","Dinophyceae","Dinophysiales","Dinophysiaceae","Dinophysis",NA,0.996559282
"2788","7278291d4897502b8f225b98e9e419ed","Eukaryota","Stramenopiles","Ochrophyta","Bacillariophyta","Bacillariophyta_X","Polar-centric-Mediophyceae","Bacteriastrum","Bacteriastrum_mediterraneum",0.999998952
"2789","b1dc0117580a0fd2abff6b054a99dc06","Eukaryota","Alveolata","Dinoflagellata","Syndiniales","Dino-Group-II","Dino-Group-II-Clade-1","Dino-Group-II-Clade-1_X","Dino-Group-II-Clade-1_X_sp.",0.999925134
"2790","c59512fda6c2537bca6bb8f05cc84d43","Eukaryota","Alveolata","Dinoflagellata",NA,NA,NA,NA,NA,0.987980804
"2791","71de6f8e10ffa77a63fed961aadbf6bf","Eukaryota","Alveolata","Dinoflagellata","Syndiniales","Dino-Group-I","Dino-Group-I-Clade-1","Dino-Group-I-Clade-1_X","Dino-Group-I-Clade-1_X_sp.",0.999997939
"2792","8d004a9fd53840f2c42909b3b7c35a22","Eukaryota","Stramenopiles","Ochrophyta","Bacillariophyta","Bacillariophyta_X","Polar-centric-Mediophyceae","Chaetoceros","Chaetoceros_diadema_1",0.993660694
"2793","931e6396d520d18a9d7f117765324112","Eukaryota","Excavata","Discoba","Diplonemea","Diplonemida","Diplonemidae",NA,NA,0.999872474
"2794","675249ef6310a4414c4313ddba76650a","Eukaryota","Stramenopiles","Ochrophyta","MOCH-2","MOCH-2_X","MOCH-2_XX","MOCH-2_XXX","MOCH-2_XXX_sp.",0.999999873
"2795","0468cf4ddd0586548a928ba7954a8209","Eukaryota","Alveolata","Dinoflagellata","Syndiniales","Dino-Group-II","Dino-Group-II-Clade-5","Dino-Group-II-Clade-5_X","Dino-Group-II-Clade-5_X_sp.",0.999996443
"2796","43e675da23c74580ea9ef27cb203219f","Eukaryota",NA,NA,NA,NA,NA,NA,NA,0.995614128
"2797","bce1718724bed8749df371a0c7473ea7","Eukaryota","Opisthokonta","Metazoa","Annelida","Annelida_X","Annelida_XX","Owenia","Owenia_fusiformis",0.994295882
"2798","ad7fe6ef4ab7634a17709661d58dc025","Eukaryota","Opisthokonta","Metazoa","Arthropoda","Crustacea","Maxillopoda",NA,NA,0.999701411
"2799","10601ae8f713c386942a313157f9ecee","Eukaryota","Rhizaria","Cercozoa","Filosa-Imbricatea","Euglyphida","Paulinellidae","Paulinella","Paulinella_chromatophora",0.992737829
"2800","a057b52aa401c59d7342a09d495eeb76","Eukaryota","Alveolata","Dinoflagellata","Syndiniales","Dino-Group-II","Dino-Group-II-Clade-1","Dino-Group-II-Clade-1_X","Dino-Group-II-Clade-1_X_sp.",0.999874064
"2801","4a9b9914d39908f4c506740403341889","Eukaryota","Opisthokonta","Metazoa","Arthropoda","Crustacea","Malacostraca",NA,NA,0.999759681
"2802","80be05ffdbbad482b45ede6160a9fc08","Eukaryota",NA,NA,NA,NA,NA,NA,NA,0.999999972
"2803","6156d766a630ca8187f7838d17afcbc0","Unassigned",NA,NA,NA,NA,NA,NA,NA,0.983493099
"2804","f92af65247669a89a7a23dd020faac9a","Eukaryota","Amoebozoa","Lobosa","Discosea-Flabellinia","Dactylopodida","Paramoebidae","Neoparamoeba","Neoparamoeba_pemaquidensis",0.999999987
"2805","34fa611b571d281338ec6ba74d67ed67","Eukaryota","Excavata","Discoba","Diplonemea","Diplonemida","Diplonemidae","Diplonema","Diplonema_sp.",0.984770221
"2806","aea1e7015b7738a767ac603a73502d60","Eukaryota","Rhizaria","Cercozoa","Filosa-Imbricatea","Thaumatomonadida","Thaumatomonadidae","Thaumatomonas","Thaumatomonas_sp.",0.987242549
"2807","4575652dae3c6405b2d8e42266519811","Eukaryota","Stramenopiles","Pseudofungi","Oomycota","Oomycota_X","Eurychasmales","Eurychasma","Eurychasma_dicksonii",0.99998864
"2808","75fa30b157d39c8ac09ebe2beb052ff4","Eukaryota",NA,NA,NA,NA,NA,NA,NA,0.999998238
"2809","2516a02eee1c965841b50c8ed93895e8","Eukaryota","Stramenopiles",NA,NA,NA,NA,NA,NA,0.990970858
"2810","e5e4df8c5a4ac15a0e25c423e6f61c19","Eukaryota","Excavata","Discoba","Diplonemea","Diplonemida","Diplonemidae","Diplonema","Diplonema_sp.",0.998810818
"2811","9faf13764e827052beefb967d2014565","Eukaryota",NA,NA,NA,NA,NA,NA,NA,0.999986072
"2812","c703d3fd797d370e4f761516565faffb","Eukaryota",NA,NA,NA,NA,NA,NA,NA,0.999999871
"2813","6fe47530746e8d102ebb01a41cfcc816","Eukaryota",NA,NA,NA,NA,NA,NA,NA,0.999831923
"2814","706448c4787af58e0e5b26040bb058e3","Eukaryota","Alveolata","Dinoflagellata","Syndiniales","Dino-Group-I","Dino-Group-I-Clade-3","Dino-Group-I-Clade-3_X","Dino-Group-I-Clade-3_X_sp.",0.973089433
"2815","81c75f65af8b4ebe3119a08218407def","Eukaryota","Stramenopiles",NA,NA,NA,NA,NA,NA,0.978099962
"2816","6f45b80f4c98f3fa964bf6af29f06a01","Eukaryota",NA,NA,NA,NA,NA,NA,NA,0.995563489
"2817","7a0e3aa076c40328b276365909e4100e","Eukaryota","Stramenopiles","Ochrophyta","Chrysophyceae","Chrysophyceae_X","Chrysophyceae_Clade-H","Chrysophyceae_Clade-H_X","Chrysophyceae_Clade-H_X_sp.",0.99586309
"2818","3203984330e3097eede10ec0fd913eaa","Eukaryota","Stramenopiles",NA,NA,NA,NA,NA,NA,0.995264983
"2819","8ce561624d9b1bb7706042c8426688b9","Eukaryota","Alveolata","Dinoflagellata","Syndiniales","Dino-Group-II","Dino-Group-II-Clade-13","Dino-Group-II-Clade-13_X","Dino-Group-II-Clade-13_X_sp.",0.999992506
"2820","c4d5a85fce6c908ccaa722bb59b268bb","Eukaryota","Alveolata","Dinoflagellata","Syndiniales","Dino-Group-I","Dino-Group-I-Clade-2","Dino-Group-I-Clade-2_X","Dino-Group-I-Clade-2_X_sp.",0.999888515
"2821","1b6892fb9021ece7a76b464916aa233c","Eukaryota","Alveolata","Dinoflagellata","Syndiniales","Dino-Group-II","Dino-Group-II-Clade-22","Dino-Group-II-Clade-22_X","Dino-Group-II-Clade-22_X_sp.",0.991681275
"2822","d878f63096929c60a8852808c228dc33","Eukaryota","Alveolata","Dinoflagellata","Dinophyceae",NA,NA,NA,NA,0.991366832
"2823","9735619edb34e21d22fe80d39487b6ce","Eukaryota","Opisthokonta","Metazoa","Annelida","Annelida_X","Annelida_XX",NA,NA,0.99999962
"2824","c4f161e48fc379275de4b457c8ef210c","Eukaryota","Alveolata","Dinoflagellata","Dinophyceae",NA,NA,NA,NA,0.999893737
"2825","572b718b1b282173c22ec52e35d908d0","Eukaryota","Alveolata","Dinoflagellata","Dinophyceae",NA,NA,NA,NA,0.996242661
"2826","05e0f9d75532df5b92755fa0d90d8bad","Eukaryota","Rhizaria","Cercozoa","Filosa-Imbricatea","Thaumatomonadida","Thaumatomonadidae","Thaumatomonas","Thaumatomonas_sp.",0.999930598
"2827","27951fbbce2c1a14506c525f8af9c2f2","Eukaryota","Alveolata","Dinoflagellata","Dinophyceae",NA,NA,NA,NA,0.998891514
"2828","dbb6a2b5254b9a2d060bf3f2f91674b6","Eukaryota","Archaeplastida",NA,NA,NA,NA,NA,NA,0.979612184
"2829","58ac61d95c68d33c0491b57cda242a93","Eukaryota","Stramenopiles","Opalozoa","MAST-12","MAST-12A","MAST-12A_X","MAST-12A_XX","MAST-12A_XX_sp.",0.998457129
"2830","db061ee4f5dbd0e0f043be9a6ceee6e2","Eukaryota","Alveolata","Dinoflagellata","Syndiniales","Dino-Group-II","Dino-Group-II-Clade-30","Dino-Group-II-Clade-30_X","Dino-Group-II-Clade-30_X_sp.",0.984872777
"2831","bec1f987e29a6ea75cd7193261aeb352","Eukaryota",NA,NA,NA,NA,NA,NA,NA,0.993729719
"2832","2fe187ed673b08410e4960b9f39832c3","Eukaryota","Rhizaria","Cercozoa","Endomyxa","Vampyrellida","Vampyrellida_X","Vampyrellida_clade_B","Vampyrellida_sp.",0.999999918
"2833","dc9a52d74fcb216dd68bd995eb16164d","Eukaryota","Alveolata","Dinoflagellata","Syndiniales","Dino-Group-II","Dino-Group-II-Clade-10-and-11","Dino-Group-II-Clade-10-and-11_X","Dino-Group-II-Clade-10-and-11_X_sp.",0.979446866
"2834","aa3dc1bb253d9351df1a5a777ca42af4","Eukaryota",NA,NA,NA,NA,NA,NA,NA,0.999997103
"2835","0dc34b83ad6d103009fad62d2db5d071","Eukaryota","Alveolata","Ciliophora","Spirotrichea","Choreotrichida","Strobilidiidae_I","Pelagostrobilidium","Pelagostrobilidium_neptuni",0.988090285
"2836","9655fe881ffd066f7940f6a755c9d4b3","Eukaryota",NA,NA,NA,NA,NA,NA,NA,0.999975361
"2837","3d474754d60f45c3a444634b9220c832","Eukaryota","Opisthokonta","Mesomycetozoa","Ichthyosporea","Ichthyosphonida","Pseudoperkinsidae","Pseudoperkinsus","Pseudoperkinsus_tapetis",0.999974963
"2838","c3a6769c1d34e31a6ebef5d9c015b089","Eukaryota","Alveolata","Dinoflagellata","Dinophyceae",NA,NA,NA,NA,0.977056152
"2839","c8fad50daf7be50676e6db8437eb955c","Eukaryota","Stramenopiles","Ochrophyta","Bolidophyceae","Parmales","Parmales_env_3","Parmales_env_3_X","Parmales_env_3_X_sp.",0.997289262
"2840","6284a15c90270bf26b5fd2b70946d1a4","Eukaryota","Opisthokonta",NA,NA,NA,NA,NA,NA,0.997399425
"2841","37707689c7102e961fe434eb33d9f478","Eukaryota",NA,NA,NA,NA,NA,NA,NA,0.995993113
"2842","f3d5e977a7ee4e3eaf082ed9029aab2d","Eukaryota","Alveolata","Dinoflagellata","Dinophyceae",NA,NA,NA,NA,0.997606249
"2843","847516155d211d432bd3c1c9c03c1b3e","Eukaryota","Alveolata","Dinoflagellata","Syndiniales","Dino-Group-II","Dino-Group-II-Clade-3","Dino-Group-II-Clade-3_X","Dino-Group-II-Clade-3_X_sp.",0.99996724
"2844","923ddf4176f145c62e3bd052a042702b","Eukaryota",NA,NA,NA,NA,NA,NA,NA,0.988430498
"2845","05bee33c1e1355194524abbe0f383ef5","Eukaryota","Alveolata","Dinoflagellata","Dinophyceae",NA,NA,NA,NA,0.999377993
"2846","bf8533bea8530736c3598f655027b248","Unassigned",NA,NA,NA,NA,NA,NA,NA,0.986470664
"2847","f85bd566234498fc5973fbd77e509d00","Eukaryota","Alveolata","Dinoflagellata","Syndiniales","Dino-Group-II","Dino-Group-II-Clade-23","Dino-Group-II-Clade-23_X","Dino-Group-II-Clade-23_X_sp.",0.999772075
"2848","f0c609de0eb3672b510c0fe78762987e","Eukaryota","Alveolata","Dinoflagellata","Syndiniales","Dino-Group-II","Dino-Group-II-Clade-25","Dino-Group-II-Clade-25_X","Dino-Group-II-Clade-25_X_sp.",0.999999985
"2849","3e3b5ff8b253135fde187c4a635d501a","Eukaryota","Opisthokonta","Fungi","Ascomycota","Taphrinomycotina","Taphrinomycetes","Taphrina",NA,0.999983657
"2850","81266e15157129a964de8bc715660e0f","Eukaryota",NA,NA,NA,NA,NA,NA,NA,0.99694664
"2851","bfe17415770b117eab71e031b49615a7","Eukaryota","Alveolata","Dinoflagellata","Dinophyceae",NA,NA,NA,NA,0.990194641
"2852","3e36ae589c4f6753fc1ff4ae5900e73c","Eukaryota","Amoebozoa","Lobosa","Discosea-Flabellinia","Vannellida","Vannellidae","Clydonella","Clydonella_sp.",0.999767687
"2853","907f5ba74860f3af0da09eb2c5796400","Eukaryota","Archaeplastida","Streptophyta","Embryophyceae","Embryophyceae_X","Embryophyceae_XX",NA,NA,0.999999998
"2854","221ea8fc00d06a2e9e764f4a7ddf4463","Eukaryota","Opisthokonta","Fungi",NA,NA,NA,NA,NA,0.99995742
"2855","3da7c9c5c8124138ab0449c6a7cff11a","Eukaryota","Archaeplastida","Chlorophyta","Ulvophyceae","Ulotrichales","Ulotrichales_X","Monostroma","Monostroma_grevillei",0.997028782
"2856","2b1cfef3b97c797bb276c84d4d7bb44e","Eukaryota","Opisthokonta","Metazoa","Nematoda","Chromadorea","Chromadorea_X","Metadesmolaimus","Metadesmolaimus_sp.",0.992437424
"2857","cedd6bc21f6e3641e8d7894f6b0edde4","Eukaryota","Rhizaria","Radiolaria","RAD-B","RAD-B_X",NA,NA,NA,0.996260951
"2858","21f1d6bfabb346bf12591f622ce8e51b","Eukaryota","Opisthokonta","Metazoa","Mollusca","Bivalvia","Protobranchia","Nuculana","Nuculana_pernula",0.999999926
"2859","bec4ab5c788c32d86492a0fd96806ccd","Eukaryota",NA,NA,NA,NA,NA,NA,NA,0.997269525
"2860","3f9b73889ac367d8a5bfa43d7b2bcf40","Eukaryota","Amoebozoa","Lobosa","Discosea-Flabellinia","Dactylopodida","Paramoebidae","Neoparamoeba","Neoparamoeba_branchiphila",0.994124691
"2861","6c48a6d89efb9fa258a5b62dbbf690ec","Eukaryota","Rhizaria","Cercozoa","Filosa-Thecofilosea","Ebriida","Ebriidae","Ebria","Ebria_tripartita",0.999754936
"2862","6aebd97b79a26cdb164fa4e3cd28eb7d","Eukaryota",NA,NA,NA,NA,NA,NA,NA,0.999395234
"2863","e5841c483a12698f4d5e747c261f38ae","Eukaryota","Stramenopiles","Opalozoa","MAST-3","MAST-3K","MAST-3K_X","MAST-3K_XX","MAST-3K_XX_sp.",0.999999998
"2864","c2589f404289b71419008be80e0aaf19","Eukaryota",NA,NA,NA,NA,NA,NA,NA,0.992901476
"2865","e97b03482b0df4890349de0ae8869b53","Eukaryota",NA,NA,NA,NA,NA,NA,NA,0.999943228
"2866","e3911e144bec2dea97fd320cf92d816b","Eukaryota",NA,NA,NA,NA,NA,NA,NA,0.999866051
"2867","6758a0de742bd1f443634280bdbb27f6","Eukaryota","Rhizaria","Cercozoa","Filosa-Granofilosea","Cryptofilida","Nanofilidae","Nanofila","Nanofila_sp.",0.999999984
"2868","7cd9e7a765a1399991423bc58710c752","Eukaryota","Opisthokonta",NA,NA,NA,NA,NA,NA,0.996320175
"2869","502d0620d9f6e76e3c0cdbf7bd033bb7","Eukaryota","Alveolata","Dinoflagellata","Dinophyceae","Peridiniales","Blastodiniaceae","Blastodinium","Blastodinium_contortum",0.995260446
"2870","fecd93fc4fa0717494e0d0201777c3f7","Eukaryota",NA,NA,NA,NA,NA,NA,NA,0.999999198
"2871","cadf94729d722596a237ef61290c0e9d","Unassigned",NA,NA,NA,NA,NA,NA,NA,0.992706164
"2872","d7efe17dfd16e013df096a3ac0b5043d","Eukaryota","Stramenopiles","Ochrophyta","Bacillariophyta","Bacillariophyta_X",NA,NA,NA,0.982335802
"2873","0c15086a18aa872d700c896ca7baa2a3","Eukaryota",NA,NA,NA,NA,NA,NA,NA,0.992817182
"2874","37096bebb981065e09cbc015314acb02","Eukaryota","Archaeplastida","Streptophyta","Embryophyceae","Embryophyceae_X","Embryophyceae_XX",NA,NA,0.99999991
"2875","61294745c797de85b360c2cd2a144f8f","Eukaryota","Alveolata","Dinoflagellata","Syndiniales","Dino-Group-II","Dino-Group-II-Clade-17","Dino-Group-II-Clade-17_X","Dino-Group-II-Clade-17_X_sp.",0.992688093
"2876","bd9858440fe3451a237dc456b3f54348","Eukaryota","Alveolata","Dinoflagellata","Syndiniales","Dino-Group-II","Dino-Group-II-Clade-3","Dino-Group-II-Clade-3_X","Dino-Group-II-Clade-3_X_sp.",0.974929909
"2877","dbcdae9dc7c9548183d37c5724f661d9","Eukaryota","Alveolata","Dinoflagellata","Syndiniales","Dino-Group-II","Dino-Group-II-Clade-3","Dino-Group-II-Clade-3_X","Dino-Group-II-Clade-3_X_sp.",0.999993257
"2878","2778e7db9e018ed9b7b4b5f58c679a92","Eukaryota","Opisthokonta","Choanoflagellida","Choanoflagellatea","Acanthoecida","Stephanoecidae_Group_E","Stephanoecidae_Group_E_X","Stephanoecidae_Group_E_X_sp.",0.999999866
"2879","1d335a2474f319026bfcc7fa27c9daf5","Eukaryota","Alveolata","Dinoflagellata","Syndiniales","Dino-Group-II",NA,NA,NA,0.986359753
"2880","6f56ed19fbe073f58dedc528c361d5b8","Eukaryota","Alveolata","Dinoflagellata",NA,NA,NA,NA,NA,0.978824329
"2881","b6c67c52cea919649cb3b90dbf1f7f47","Eukaryota","Alveolata","Dinoflagellata","Syndiniales","Dino-Group-I","Dino-Group-I-Clade-4","Dino-Group-I-Clade-4_X","Dino-Group-I-Clade-4_X_sp.",0.999709066
"2882","7ade23f3e580d985d1990ae2e78e434b","Eukaryota","Amoebozoa","Lobosa","Discosea-Flabellinia","Dactylopodida","Paramoebidae","Neoparamoeba","Neoparamoeba_branchiphila",0.998711153
"2883","7b9f7e8e874bec351c60260287ecd3e6","Eukaryota","Alveolata","Dinoflagellata",NA,NA,NA,NA,NA,0.973417328
"2884","44d25504af00dbea3b62ad1352027d80","Eukaryota","Excavata","Discoba","Diplonemea","Diplonemida","Hemistasiidae","Hemistasia","Hemistasia_sp.",0.999961592
"2885","013b8df655d4b9b59de9896142a83d34","Eukaryota","Stramenopiles",NA,NA,NA,NA,NA,NA,0.984964049
"2886","a8120564306ad4f2b954fac391902c52","Eukaryota","Archaeplastida","Chlorophyta",NA,NA,NA,NA,NA,0.999305986
"2887","aea70ed4f4fd2d86737678c4c4dc8c9f","Eukaryota",NA,NA,NA,NA,NA,NA,NA,0.998571801
"2888","298741ec63e9c3553a98f74e2ac01855","Eukaryota","Archaeplastida","Chlorophyta",NA,NA,NA,NA,NA,0.972737403
"2889","83f341b168e538b45a83ff6dcf37068f","Eukaryota","Amoebozoa","Lobosa","Tubulinea","Echinamoebida","Vermamoebidae","Hartmannella","Hartmannella_abertawensis",0.995346711
"2890","ee3d03aab6c471cd2e6f4db5aee6a35e","Eukaryota",NA,NA,NA,NA,NA,NA,NA,0.999999919
"2891","33d3cbc79b8d6533f24ce60906b9761b","Eukaryota","Opisthokonta","Fungi",NA,NA,NA,NA,NA,0.999022245
"2892","1126711f8d3d80f21ea35a931b93c549","Eukaryota",NA,NA,NA,NA,NA,NA,NA,0.999999999
"2893","6b901a083c3af46a3c95b8ca034cbea5","Eukaryota","Excavata","Discoba","Diplonemea","Diplonemida","Diplonemidae",NA,NA,0.998665686
"2894","82058763542c4697d56384ca5667a00b","Eukaryota","Opisthokonta",NA,NA,NA,NA,NA,NA,0.998542269
"2895","5b7e2e9b407f418280f9bba8f8400ddf","Eukaryota",NA,NA,NA,NA,NA,NA,NA,0.99993814
"2896","862e13eeb5a73901203b23ab5f50f458","Eukaryota","Opisthokonta","Metazoa","Arthropoda","Crustacea","Maxillopoda",NA,NA,0.999993476
"2897","5b8ff3240f8f912d0ce29b37df9f793b","Eukaryota","Opisthokonta","Metazoa","Nemertea","Nemertea_X","Nemertea_XX","Oerstedia","Oerstedia_dorsalis",0.999960812
"2898","cfbb01580f76b65f8f139642eca8cc15","Eukaryota","Alveolata","Dinoflagellata","Syndiniales","Dino-Group-I","Dino-Group-I-Clade-4","Dino-Group-I-Clade-4_X","Dino-Group-I-Clade-4_X_sp.",0.999405331
"2899","d0eeac95ad3840d2cdfd38194595f20e","Eukaryota","Alveolata","Chrompodellids","Colpodellidea","Colpodellida","Colpodellaceae","Colpodella","Colpodella_sp.",0.999999972
"2900","e9c91cf6f85f91d9af591bdc79a0af2b","Eukaryota","Opisthokonta",NA,NA,NA,NA,NA,NA,0.983582876
"2901","909e9c7366a841546ac4e214a5a92808","Eukaryota","Stramenopiles","Opalozoa","MAST-3","MAST-3B","MAST-3B_X","MAST-3B_XX","MAST-3B_XX_sp.",0.98721324
"2902","44f1c96facaf2d3eb284d8aba5d49d86","Eukaryota",NA,NA,NA,NA,NA,NA,NA,0.999781293
"2903","f4e88d304ce198857512a1c7166eb565","Eukaryota","Alveolata","Dinoflagellata","Syndiniales","Dino-Group-I","Dino-Group-I-Clade-4","Dino-Group-I-Clade-4_X","Dino-Group-I-Clade-4_X_sp.",0.993879893
"2904","56f0b36c4b0c1de611a85b23b5c0a4b4","Eukaryota","Opisthokonta",NA,NA,NA,NA,NA,NA,0.995246206
"2905","0dc8c1e8c11cd3492b8dc1cd0d6c2ddf","Eukaryota","Opisthokonta",NA,NA,NA,NA,NA,NA,0.990356118
"2906","e890f27fb47bda5cf82d0a04619c5f6b","Eukaryota","Opisthokonta","Metazoa","Arthropoda","Crustacea","Maxillopoda",NA,NA,0.999933841
"2907","4df5acb4b8e2d2ff53e79ddcaacd69a3","Eukaryota","Opisthokonta",NA,NA,NA,NA,NA,NA,0.980736299
"2908","270720922a9ea768b4536c2fed27f386","Eukaryota","Archaeplastida","Rhodophyta","Florideophyceae",NA,NA,NA,NA,0.999952039
"2909","4d084c0962ea2cdf26d6b857a33a2391","Eukaryota",NA,NA,NA,NA,NA,NA,NA,0.999999998
"2910","d016ae76950135b7044661cc55180fa7","Eukaryota","Amoebozoa","Conosa","Variosea","Variosea_X","Mariager-Fjord-lineage","Mariager-Fjord-lineage_X","Mariager-Fjord-lineage_X_sp.",0.997590354
"2911","d83e76dd80d0b5f9bd8fe372941a4367","Eukaryota",NA,NA,NA,NA,NA,NA,NA,0.999999999
"2912","9496a8f7aa097940b5beb3cf64099840","Eukaryota",NA,NA,NA,NA,NA,NA,NA,0.999439719
"2913","387e3537db15749c9817dc71eeeedd4b","Eukaryota",NA,NA,NA,NA,NA,NA,NA,0.999996771
"2914","dc1a535c6f1bbc5c233a36ff91fe735a","Eukaryota","Alveolata","Ciliophora","Phyllopharyngea","Suctoria","Suctoria_X","Suctoria_XX","Suctoria_XX_sp.",0.999980011
"2915","acf46212f5f4b788d168e19745ab4ec4","Eukaryota","Alveolata","Ciliophora","Cyclotrichium_like_organism","Cyclotrichium_like_organism_X","Cyclotrichium_like_organism_XX","Cyclotrichium","Cyclotrichium_sp.",0.999999487
"2916","21b9c7cbdb7c3daf76078278fabd5845","Eukaryota","Alveolata","Ciliophora","Spirotrichea","Choreotrichida","Lynnellidae","Lynnella","Lynnella_semiglobulosa",0.999969652
"2917","8538786993b799760b38087e68814f68","Eukaryota","Stramenopiles","Ochrophyta","Phaeophyceae","Phaeophyceae_X","Phaeophyceae_XX",NA,NA,0.99999945
"2918","3b782fe46c7d82419f087c042cb14e31","Eukaryota","Alveolata","Dinoflagellata","Dinophyceae",NA,NA,NA,NA,0.996700947
"2919","fec8bd8040643deb6f1e7212db63539d","Eukaryota","Rhizaria","Cercozoa",NA,NA,NA,NA,NA,0.984835209
"2920","c1e3702e75042579b25a8f2cfa317212","Unassigned",NA,NA,NA,NA,NA,NA,NA,0.985650772
"2921","35911a383808ba518e079f3cd8062cd6","Eukaryota","Alveolata","Dinoflagellata","Dinophyceae",NA,NA,NA,NA,0.971452841
"2922","42ff5cf4fd151b0f232ad60d2899e174","Eukaryota",NA,NA,NA,NA,NA,NA,NA,0.999999968
"2923","aeb1a583d9d770a845e5cbb4ccb352e4","Eukaryota",NA,NA,NA,NA,NA,NA,NA,0.999999999
"2924","e9a20d9ecd22741d77386806d014248a","Eukaryota","Alveolata","Dinoflagellata","Dinophyceae",NA,NA,NA,NA,0.99463753
"2925","272bd2f82c14924e0b6ba1b2856fad92","Eukaryota","Stramenopiles","Ochrophyta","Chrysophyceae","Chrysophyceae_X","Chrysophyceae_Clade-I","Chrysophyceae_Clade-I_X","Chrysophyceae_Clade-I_X_sp.",1
"2926","430b4991f09587d50616d440674aa73b","Eukaryota","Alveolata","Dinoflagellata","Dinophyceae","Gonyaulacales","Protoceratiaceae","Protoceratium","Protoceratium_reticulatum",0.998493734
"2927","5c71068ae768f51fd01970abdfccee9f","Eukaryota",NA,NA,NA,NA,NA,NA,NA,0.999975636
"2928","a0f370cd9df4b546918a351c19db90fd","Eukaryota",NA,NA,NA,NA,NA,NA,NA,0.999867314
"2929","bdebf9f2f1b823d6f8b4f709241a412f","Eukaryota","Opisthokonta","Fungi","Ascomycota","Saccharomycotina","Saccharomycetales",NA,NA,0.99999991
"2930","e6e6a04f3ff4220e5b8881074798a756","Eukaryota","Alveolata","Dinoflagellata","Dinophyceae",NA,NA,NA,NA,0.987108797
"2931","6f7f27f79559c22a23bd2f77ef4428cc","Eukaryota","Alveolata","Dinoflagellata","Dinophyceae","Suessiales","Suessiaceae","Biecheleria",NA,0.971101577
"2932","498385f5c50a42e35dc17122e4a7d588","Eukaryota","Alveolata","Dinoflagellata","Dinophyceae",NA,NA,NA,NA,0.99882039
"2933","6aed71b430ca762ca5592e7dc9f4b3d5","Eukaryota","Alveolata","Dinoflagellata","Dinophyceae",NA,NA,NA,NA,0.999078383
"2934","ddefee884d05fd2801518e65166beec1","Eukaryota","Opisthokonta","Fungi","Basidiomycota","Pucciniomycotina","Cystobasidiomycetes",NA,NA,0.999989185
"2935","0ff4c75094b6a86938e5515dc9f8ce68","Eukaryota","Opisthokonta","Fungi","Ascomycota","Pezizomycotina","Eurotiomycetes",NA,NA,0.997116738
"2936","1c8b31a34ad6c9ee9b4f5a76a16ade6f","Eukaryota","Archaeplastida",NA,NA,NA,NA,NA,NA,0.987662001
"2937","cfa0cb059b1a506f193871d4d863cc30","Eukaryota",NA,NA,NA,NA,NA,NA,NA,0.99739707
"2938","cf27f1a49a9c308c2abca019c452ebd9","Eukaryota","Stramenopiles","Ochrophyta","Phaeophyceae","Phaeophyceae_X","Phaeophyceae_XX","Halothrix","Halothrix_ambigua",0.999337108
"2939","6bb803cc37a6a480753bde5fa5ec0c4b","Eukaryota","Archaeplastida",NA,NA,NA,NA,NA,NA,0.989974781
"2940","d8da33cd3492efab8f1881de3af23026","Unassigned",NA,NA,NA,NA,NA,NA,NA,0.988719212
"2941","d14d2c38aa17cdc76892cf3632f3fa9e","Eukaryota","Rhizaria","Cercozoa","Filosa-Thecofilosea","Cryomonadida","Cryothecomonas-lineage","Cryothecomonas","Cryothecomonas_sp.",0.995427543
"2942","95619958b916be7151b9fd8d3650ddc2","Eukaryota","Alveolata","Dinoflagellata","Dinophyceae",NA,NA,NA,NA,0.998682073
"2943","dcc44d588c301e1ef006047d427f3572","Eukaryota","Alveolata","Alveolata_X","Ellobiopsidae","Ellobiopsidae_X","Ellobiopsidae_XX","Thalassomyces","Thalassomyces_sp.",0.980328185
"2944","1dae9f0a54520399868ffe7400619e24","Eukaryota","Alveolata","Dinoflagellata","Dinophyceae",NA,NA,NA,NA,0.973530403
"2945","6ce1d58b7025db4ff6ffe002b5514067","Eukaryota","Stramenopiles","Opalozoa","MAST-12","MAST-12A","MAST-12A_X","MAST-12A_XX","MAST-12A_XX_sp.",0.999926906
"2946","cfb14f373e031124f29eb9c31c40ee7b","Eukaryota","Opisthokonta","Fungi","Ascomycota","Pezizomycotina","Eurotiomycetes",NA,NA,0.994910604
"2947","e0562c8e7e5af78b4813846b68a94a13","Eukaryota","Stramenopiles","Opalozoa","MAST-12","MAST-12A","MAST-12A_X","MAST-12A_XX","MAST-12A_XX_sp.",0.999999023
"2948","05e038bda6a9d4d015c83c1c0f634720","Eukaryota","Opisthokonta",NA,NA,NA,NA,NA,NA,0.977738446
"2949","8b79bf87c79b5aabe057865ed637d5d8","Eukaryota","Opisthokonta","Fungi","Chytridiomycota","Chytridiomycotina","Chytridiomycetes",NA,NA,0.994483769
"2950","78c6750adaf5870f9f55c5fae1476785","Eukaryota",NA,NA,NA,NA,NA,NA,NA,0.999373117
"2951","1d2bb686bf3bf29a6ce986488aabd641","Eukaryota","Alveolata","Dinoflagellata",NA,NA,NA,NA,NA,0.988904407
"2952","4e4fd24af2b302662e25636e71c91d30","Eukaryota","Archaeplastida",NA,NA,NA,NA,NA,NA,0.996065051
"2953","7cafd82360cb26210796644ab38154ce","Eukaryota","Opisthokonta","Fungi","Basidiomycota","Agaricomycotina","Agaricomycetes","Trechispora","Trechispora_sp.",0.999417732
"2954","8752f9f389bdb3f49dbd0b4473bdde2f","Eukaryota","Amoebozoa","Lobosa","Discosea-Flabellinia","Dactylopodida","Paramoebidae","Neoparamoeba","Neoparamoeba_branchiphila",0.999707054
"2955","bb142cabf7f028a0a51afbef2eefd9a6","Eukaryota","Alveolata","Dinoflagellata","Syndiniales","Dino-Group-I","Dino-Group-I-Clade-2","Dino-Group-I-Clade-2_X","Dino-Group-I-Clade-2_X_sp.",0.999365229
"2956","e111c222b74cce878692b9ebd89245f5","Eukaryota",NA,NA,NA,NA,NA,NA,NA,1
"2957","14a3e32eebccefe966d784f40665015d","Eukaryota","Opisthokonta","Metazoa","Arthropoda","Crustacea","Maxillopoda",NA,NA,0.999856486
"2958","31d6930d8481fc2e2d5262adeeebbc42","Eukaryota","Opisthokonta","Fungi",NA,NA,NA,NA,NA,0.977289062
"2959","fa8b81dde8a0a72d2f99bf822512e6c2","Eukaryota",NA,NA,NA,NA,NA,NA,NA,0.99994684
"2960","7d4bcd34f466a642b0fac0ea0909e09e","Eukaryota","Stramenopiles","Ochrophyta","Chrysophyceae","Chrysophyceae_X",NA,NA,NA,0.985677296
"2961","1c80ecb79308fb59f57bc4c1daf3f536","Eukaryota",NA,NA,NA,NA,NA,NA,NA,0.9999528
"2962","18fe68727caee5a74e712c1baefbf4e2","Eukaryota",NA,NA,NA,NA,NA,NA,NA,0.999999828
"2963","be057e21801ccdd6d31eddaa731cbab6","Eukaryota","Opisthokonta","Metazoa","Annelida","Annelida_X","Annelida_XX","Travisia","Travisia_brevis",0.996807309
"2964","1961b2a6a4cee9ceb106e478d5d3d208","Eukaryota","Stramenopiles","Ochrophyta","Bolidophyceae","Parmales","Parmales_env_2","Parmales_env_2_X","Parmales_env_2_X_sp.",0.999999963
"2965","753299a4105d2658a26965f3f9c3340d","Eukaryota","Opisthokonta","Fungi",NA,NA,NA,NA,NA,0.987583529
"2966","11f4279ecd6e6d8b6c3491ff6bd841b0","Eukaryota","Alveolata","Ciliophora",NA,NA,NA,NA,NA,0.999999945
"2967","ce72719164bee11691984020eb1d2f6d","Eukaryota","Opisthokonta","Metazoa","Mollusca","Gastropoda","Caenogastropoda",NA,NA,0.978971858
"2968","1215e94d3fa92e09d139bb4da00098bc","Eukaryota",NA,NA,NA,NA,NA,NA,NA,0.999999984
"2969","dff138bc46ec8c3f88b42eac87d3d852","Eukaryota",NA,NA,NA,NA,NA,NA,NA,0.996597133
"2970","7551f7aaa6003d01472c19a0e3471573","Eukaryota","Apusozoa","Apusomonadidae","Apusomonadidae_Group-1","Apusomonadidae_Group-1_X","Apusomonadidae_Group-1_XX","Apusomonadidae_Group-1_XXX","Apusomonadidae_Group-1_XXX_sp.",0.999988211
"2971","e1bd22d2a79df7511f417a1083c477ce","Eukaryota","Alveolata","Ciliophora","Spirotrichea","Choreotrichida","Leegaardiellidae_B","Leegaardiella","Leegaardiella_sp.",0.999995665
"2972","093d26cb65f77bb02650e11561bea626","Eukaryota","Opisthokonta","Metazoa","Craniata","Craniata_X","Teleostei","Auxis","Auxis_rochei",0.998366836
"2973","b5bb3d33fe88e09c66728f4a2a52be15","Eukaryota","Opisthokonta","Fungi","Ascomycota","Saccharomycotina","Saccharomycetales",NA,NA,0.998600224
"2974","1b83c4e2b4f2bf4da9a34bf896944369","Eukaryota","Excavata","Discoba","Diplonemea","Diplonemida","Diplonemidae","Diplonema","Diplonema_sp.",0.989223937
"2975","8701ea2a3fa0caca10dd230473202baf","Eukaryota","Rhizaria","Cercozoa","Filosa-Imbricatea","Thaumatomonadida","Thaumatomonadida_X","Thaumatomonadida_XX","Thaumatomonadida_XX_sp.",0.998614658
"2976","ecbf48334144f2fc64763abc5e55fbaf","Eukaryota","Excavata","Discoba","Diplonemea","Diplonemida","Diplonemidae","Diplonema","Diplonema_sp.",0.988530287
"2977","706bc2405e0d70c2e0b2fa2952241ba8","Eukaryota","Stramenopiles","Ochrophyta","Chrysophyceae","Chrysophyceae_X","Chrysophyceae_Clade-I","Chrysophyceae_Clade-I_X","Chrysophyceae_Clade-I_X_sp.",1
"2978","c9b7b52ab9f13d8d860e827724ca908a","Eukaryota","Amoebozoa","Lobosa","Discosea-Longamoebia","Dermamoebida","Mayorellidae","Mayorella","Mayorella_gemmifera",0.999999736
"2979","d4490e6e4829794c45ba68928c0e98eb","Eukaryota",NA,NA,NA,NA,NA,NA,NA,0.999964401
"2980","54cf12e40bb92944d609135bceac48dc","Eukaryota",NA,NA,NA,NA,NA,NA,NA,0.994096798
"2981","5bb4ac6953963722e4274a1f5cab912b","Eukaryota",NA,NA,NA,NA,NA,NA,NA,0.994729745
"2982","429be451772cbfa5ac25c14274238787","Eukaryota","Rhizaria","Radiolaria","Acantharea",NA,NA,NA,NA,0.999982487
"2983","7918f548f034f9063f145aead4714124","Eukaryota",NA,NA,NA,NA,NA,NA,NA,0.999837065
"2984","f6d747785e305bd42280f7b7f5339c07","Eukaryota","Opisthokonta","Metazoa","Arthropoda","Crustacea","Maxillopoda","Sapphirina",NA,0.999996067
"2985","12e257299476ceaed23f7c2af990e72f","Eukaryota",NA,NA,NA,NA,NA,NA,NA,0.999635903
"2986","8e5f8e6c540fd060b403cd065ba77b9a","Eukaryota",NA,NA,NA,NA,NA,NA,NA,0.998760781
"2987","577eadfe307d1164e2045b7b6824994b","Eukaryota","Archaeplastida","Streptophyta","Embryophyceae","Embryophyceae_X","Embryophyceae_XX",NA,NA,0.975776674
"2988","cbf21fb24d359b468bd088c86f985e9b","Eukaryota",NA,NA,NA,NA,NA,NA,NA,0.999802303
"2989","3b3009ea0a903459738f9dbb0c109254","Eukaryota","Rhizaria","Cercozoa","Chlorarachniophyceae","Chlorarachnida","Minorisa-lineage","Minorisa","Minorisa_minuta",0.99973052
"2990","fd9264d6a05c827c7fcbd9d753b95f79","Eukaryota","Stramenopiles","Ochrophyta","MOCH-2","MOCH-2_X","MOCH-2_XX","MOCH-2_XXX","MOCH-2_XXX_sp.",1
"2991","0a79f1b82253c8645d5c41f62ccda70f","Eukaryota","Opisthokonta","Metazoa","Mollusca","Bivalvia","Protobranchia","Nuculana","Nuculana_pernula",0.999999961
"2992","3c15293904da70eb9e80bdc64b7e9899","Eukaryota","Alveolata","Dinoflagellata","Syndiniales","Dino-Group-I","Dino-Group-I-Clade-6","Dino-Group-I-Clade-6_X","Dino-Group-I-Clade-6_X_sp.",0.999987279
"2993","aebcc2659c9201158e440508c237904b","Eukaryota","Alveolata","Dinoflagellata","Syndiniales","Dino-Group-II","Dino-Group-II-Clade-13","Dino-Group-II-Clade-13_X","Dino-Group-II-Clade-13_X_sp.",0.99999786
"2994","2e42fd65728feb3afba86efd65e0f749","Eukaryota","Alveolata","Dinoflagellata","Syndiniales","Dino-Group-I","Dino-Group-I-Clade-4","Euduboscquella","Euduboscquella_crenulata",0.985515699
"2995","9eda5dba1390e1e2fb73faf536ae4b62","Eukaryota","Opisthokonta","Metazoa","Porifera","Porifera_X","Calcarea",NA,NA,0.999479423
"2996","2ac68cc8273c3fb922191ff294a34f80","Eukaryota","Opisthokonta","Metazoa","Annelida","Annelida_X","Annelida_XX","Boccardiella","Boccardiella_ligerica",0.999774411
"2997","0fd66cae2a85a21f24d91fd47e8cf4c1","Eukaryota","Archaeplastida",NA,NA,NA,NA,NA,NA,0.974609902
"2998","58df2c55f67da8e279bba7b94b27cdb6","Eukaryota","Archaeplastida","Chlorophyta","Ulvophyceae","Ulvales-relatives","Ulvales-relatives_X",NA,NA,0.983380956
"2999","8ba4d95c7dfc420f8e16dfa8d2b1f456","Eukaryota","Rhizaria","Radiolaria","Acantharea","Acantharea_B","Acantharea_B1","Acanthochiasma","Acanthochiasma_sp.",1
"3000","df87eaaeb4f3877a90b01641c9d8134d","Eukaryota",NA,NA,NA,NA,NA,NA,NA,0.993350543
"3001","b3842cb0ca468e3b76ced7eb1341fbf7","Eukaryota","Opisthokonta","Metazoa","Mollusca","Bivalvia","Mytiloida",NA,NA,0.999997978
"3002","37bed47b2bfb002aa6cb131a795bd3e5","Eukaryota",NA,NA,NA,NA,NA,NA,NA,0.999999258
"3003","3cb58cec60897a92832b9ce8d35fc448","Eukaryota",NA,NA,NA,NA,NA,NA,NA,0.999980683
"3004","2cf73335d73fb803e8fb6e9178a8675e","Eukaryota",NA,NA,NA,NA,NA,NA,NA,0.999991818
"3005","b4ac80d39aa350e3d84b26c31b998633","Eukaryota",NA,NA,NA,NA,NA,NA,NA,0.999999999
"3006","e1f81050d51e9d940221617dfd74853d","Eukaryota","Amoebozoa","Lobosa","Tubulinea","Echinamoebida","Vermamoebidae","Hartmannella","Hartmannella_abertawensis",0.999999905
"3007","7f129bf4401fccda1a9bd34e3c03fde1","Eukaryota","Alveolata","Apicomplexa","Gregarinomorphea","Gregarinomorphea_X_GRE6","Gregarinomorphea_X_GRE6_X","Gregarinomorphea_X_GRE6_XX","Gregarinomorphea_X_GRE6_XX_sp.",0.999999992
"3008","0096768ebadd68e1b59e084904eda935","Eukaryota","Stramenopiles",NA,NA,NA,NA,NA,NA,0.980381748
"3009","9943b4cfde4d9e4dbe0bc53ba6493338","Eukaryota",NA,NA,NA,NA,NA,NA,NA,0.999698379
"3010","50f3630bf45975b305b28105f0d56a66","Eukaryota",NA,NA,NA,NA,NA,NA,NA,0.999999139
"3011","73353879f6b5e6197c20bfc1c318db90","Eukaryota",NA,NA,NA,NA,NA,NA,NA,0.999999948
"3012","8bf1d47066178f7875b90c026a283b48","Eukaryota",NA,NA,NA,NA,NA,NA,NA,0.999999999
"3013","9c17e44cf3f4e91ba823238313f0658f","Eukaryota",NA,NA,NA,NA,NA,NA,NA,0.999999994
"3014","e30d06027412e3b7c24bc1204f9d2faa","Eukaryota","Excavata","Discoba","Diplonemea","Diplonemida","Diplonemidae","Rhynchopus","Rhynchopus_sp.",0.993126061
"3015","aa803d73e3fd469549f34a0d641f037c","Eukaryota","Alveolata","Dinoflagellata","Dinophyceae",NA,NA,NA,NA,0.990927186
"3016","7c9d2cf094c0637312ea9809f50b12c6","Eukaryota",NA,NA,NA,NA,NA,NA,NA,0.999898453
"3017","4a861adf5fae5a2e2db188f5231b43fa","Eukaryota",NA,NA,NA,NA,NA,NA,NA,0.993913723
"3018","bd243bb597b8bfdaa3cdedfa0b660606","Eukaryota","Alveolata","Dinoflagellata","Syndiniales","Dino-Group-II","Dino-Group-II-Clade-3","Dino-Group-II-Clade-3_X","Dino-Group-II-Clade-3_X_sp.",0.999997962
"3019","6a27bab98133a0244f14c13c59cc596c","Eukaryota","Excavata","Discoba","Diplonemea","Diplonemida","Eupelagonemidae","Eupelagonemidae_X","Eupelagonemidae_X_sp.",0.999980031
"3020","0a25e97d965811a8bac1425697a9b01d","Eukaryota","Stramenopiles","Ochrophyta","Bolidophyceae","Parmales","Parmales_env_2","Parmales_env_2_X","Parmales_env_2_X_sp.",0.999999998
"3021","af4aac006179f780e3eab8f3d52b2361","Eukaryota","Stramenopiles","Ochrophyta","MOCH-2","MOCH-2_X","MOCH-2_XX","MOCH-2_XXX","MOCH-2_XXX_sp.",0.999999753
"3022","b85a54855ba5615ac8b8084742c68920","Eukaryota","Alveolata","Dinoflagellata","Syndiniales","Dino-Group-II","Dino-Group-II-Clade-28","Dino-Group-II-Clade-28_X","Dino-Group-II-Clade-28_X_sp.",0.998480938
"3023","05e431c35116b0a9ec7458e36e9163b3","Eukaryota","Stramenopiles","Ochrophyta","Bacillariophyta","Bacillariophyta_X","Polar-centric-Mediophyceae","Polar-centric-Mediophyceae_X","Polar-centric-Mediophyceae_X_sp.",0.999982729
"3024","a7c725cc52a22f105f2653b96fcdcf7e","Eukaryota",NA,NA,NA,NA,NA,NA,NA,0.999992799
"3025","18d566ec8c1c763caa56a58ff87906fb","Eukaryota",NA,NA,NA,NA,NA,NA,NA,0.999918836
"3026","cc248369bed060abd11c75530eaf7359","Eukaryota","Stramenopiles","Ochrophyta","Chrysophyceae","Chrysophyceae_X","Chrysophyceae_Clade-H","Chrysophyceae_Clade-H_X","Chrysophyceae_Clade-H_X_sp.",0.999999946
"3027","3421eb94e27963f9f88c3101200835bd","Eukaryota","Opisthokonta","Fungi","Basidiomycota","Pucciniomycotina","Agaricostilbomycetes","Bensingtonia","Bensingtonia_changbaiensis",0.992119166
"3028","5cc4a64e0a3805edd34d3790c9e97e74","Eukaryota","Alveolata","Dinoflagellata","Dinophyceae",NA,NA,NA,NA,0.980913366
"3029","4f619c5871c8add80fef989996e2bb05","Eukaryota","Stramenopiles","Ochrophyta","Chrysophyceae","Chrysophyceae_X","Chrysophyceae_Clade-H","Chrysophyceae_Clade-H_X","Chrysophyceae_Clade-H_X_sp.",1
"3030","02db8a3b95f16b90c4b64aa83449f84a","Eukaryota",NA,NA,NA,NA,NA,NA,NA,0.999940872
"3031","9e7d46527ff2dc1631f87e126370f0fc","Eukaryota","Alveolata","Dinoflagellata","Syndiniales","Dino-Group-I","Dino-Group-I-Clade-2","Dino-Group-I-Clade-2_X","Dino-Group-I-Clade-2_X_sp.",0.986624167
"3032","2359ea8139a63ff20a25a00a89036b27","Eukaryota","Opisthokonta","Metazoa","Annelida","Annelida_X","Annelida_XX",NA,NA,0.999999819
"3033","23c7cfeb1ad951e0bc575013ff69a2f9","Eukaryota","Alveolata","Dinoflagellata","Dinophyceae",NA,NA,NA,NA,0.980885818
"3034","ade71a1c29e9acb996df913445e0ce0c","Unassigned",NA,NA,NA,NA,NA,NA,NA,0.986736067
"3035","4747ee7dd13ff8b683b7abd996c96125","Eukaryota",NA,NA,NA,NA,NA,NA,NA,0.99997527
"3036","06c5deb8047abcc73edb8e63ab061bb6","Eukaryota","Stramenopiles","Ochrophyta","Bacillariophyta","Bacillariophyta_X","Radial-centric-basal-Coscinodiscophyceae","Leptocylindrus","Leptocylindrus_minimus",0.999999987
"3037","d1bc252181df563c35fc5b34334a2aa2","Eukaryota",NA,NA,NA,NA,NA,NA,NA,0.999996755
"3038","7c6bdeeb878941d5b319c6d8ee270f60","Eukaryota",NA,NA,NA,NA,NA,NA,NA,0.999885899
"3039","e1c02df84383a505cf5606486cc99c81","Eukaryota",NA,NA,NA,NA,NA,NA,NA,0.999944093
"3040","6416627167cb629cc5fc71ee946c8a89","Eukaryota","Opisthokonta","Metazoa","Bryozoa","Bryozoa_X","Bryozoa_XX",NA,NA,0.999999987
"3041","e7008f77289789d4ec723a1809311cd9","Eukaryota","Stramenopiles","Pseudofungi","Oomycota","Oomycota_X","Peronosporales",NA,NA,0.977446542
"3042","989f5e84697c11c689d17911fcc131f4","Eukaryota","Rhizaria","Radiolaria","Acantharea",NA,NA,NA,NA,0.986438466
"3043","e8866420bcc2de6e4c15cb0a567dad86","Eukaryota",NA,NA,NA,NA,NA,NA,NA,0.999929241
"3044","684206ba1fc33f01c24defce4a935b4f","Eukaryota",NA,NA,NA,NA,NA,NA,NA,0.998993077
"3045","3d84d97a2ceb5ad02959a03437b2602a","Eukaryota","Opisthokonta","Metazoa","Cnidaria","Cnidaria_X","Hydrozoa","Selaginopsis","Selaginopsis_cornigera",0.999997173
"3046","cd4ec37043b6c227af7242ca507143e8","Eukaryota",NA,NA,NA,NA,NA,NA,NA,0.999827675
"3047","a1fea296c14e16598e6d2895638255a0","Eukaryota","Rhizaria","Cercozoa","Filosa-Thecofilosea","Ebriida",NA,NA,NA,0.971810091
"3048","3a656fbdba6a3fe16ec6a24c2ab09796","Eukaryota","Stramenopiles",NA,NA,NA,NA,NA,NA,0.973427676
"3049","5218bd531c66d9193de5a47411c69a86","Eukaryota","Stramenopiles","Pseudofungi","Oomycota","Oomycota_X",NA,NA,NA,0.998300361
"3050","ed5ccad1cfcdb5fb5288cbfa23e3b176","Eukaryota","Stramenopiles","Pseudofungi","Pirsonia_Clade","Pirsonia_Clade_X","Pirsonia_Clade_XX","Pirsonia",NA,0.979010466
"3051","8052296f48fee0dd77b965b2a24d3305","Eukaryota","Opisthokonta","Fungi","Basidiomycota","Pucciniomycotina","Microbotryomycetes","Camptobasidium","Camptobasidium_hydrophilum",0.986782194
"3052","ebddceb1e147f9712c4a7c67ae822096","Eukaryota",NA,NA,NA,NA,NA,NA,NA,0.999974563
"3053","66d7269adc51daa3b8665d58ed800916","Eukaryota","Stramenopiles","Ochrophyta",NA,NA,NA,NA,NA,0.999811268
"3054","90648fde98ed8af3c11aae718628732a","Eukaryota","Stramenopiles",NA,NA,NA,NA,NA,NA,0.995174337
"3055","0b25ad8536273fcb5825246a3b69c1c2","Eukaryota","Alveolata",NA,NA,NA,NA,NA,NA,0.995167207
"3056","f2a828c3cd4f3cb4196a1388b3c9d19b","Eukaryota","Stramenopiles","Ochrophyta","Phaeophyceae","Phaeophyceae_X","Phaeophyceae_XX","Halothrix","Halothrix_ambigua",0.99650213
"3057","104de9e24eec065da52b8f71e04584e1","Eukaryota",NA,NA,NA,NA,NA,NA,NA,0.999963217
"3058","ca4e63d313cc852392e5c5e03f9d12c4","Eukaryota","Amoebozoa","Lobosa","Discosea-Flabellinia","Dactylopodida","Paramoebidae","Neoparamoeba","Neoparamoeba_branchiphila",0.999636133
"3059","5b4bcab5cedcf4aedb140b2c2cc85530","Eukaryota","Stramenopiles","Ochrophyta","Bacillariophyta","Bacillariophyta_X","Raphid-pennate",NA,NA,0.999513246
"3060","3f7e7831cc058f87f68b06d7a4f1762f","Eukaryota","Alveolata","Dinoflagellata","Dinophyceae",NA,NA,NA,NA,0.999925722
"3061","2553690b5659aab04045156df4f67f20","Eukaryota","Stramenopiles","Ochrophyta","Bacillariophyta","Bacillariophyta_X","Radial-centric-basal-Coscinodiscophyceae","Melosira","Melosira_dubia",0.980853317
"3062","a9192e078c63e41d4fdd7ff24fc97645","Eukaryota","Stramenopiles","Ochrophyta","Bacillariophyta","Bacillariophyta_X","Raphid-pennate",NA,NA,0.997879363
"3063","c1826ce0a69acdd571afd281cd8200ae","Eukaryota","Stramenopiles","Ochrophyta","Bacillariophyta","Bacillariophyta_X","Raphid-pennate",NA,NA,0.991336808
"3064","e88f012f2a962005e4e8b311c884b1d5","Eukaryota",NA,NA,NA,NA,NA,NA,NA,0.999989907
"3065","7e5e35b60394bf5ff4d8e84e977e6ba8","Eukaryota","Alveolata","Dinoflagellata","Dinophyceae","Gymnodiniales","Gymnodiniaceae",NA,NA,0.981444833
"3066","0cfe66f7af3e2ebe9f726b4947bac590","Eukaryota","Amoebozoa","Lobosa","Lobosa_X","Stygamoebida","Vermistella-lineage","Vermistella","Vermistella_antarctica",0.999999995
"3067","e163f1a0ae35544f01999bb97fa30a1d","Eukaryota","Stramenopiles","Ochrophyta","Bacillariophyta","Bacillariophyta_X","Raphid-pennate",NA,NA,0.984498514
"3068","e6be3b96f764cb3d345f883b10b5c4a9","Eukaryota","Opisthokonta","Metazoa","Platyhelminthes","Trematoda","Digenea",NA,NA,0.999824244
"3069","2ea0fe6a1edd604c735ea661d78857f7","Eukaryota","Alveolata","Dinoflagellata","Dinophyceae","Peridiniales","Amphidiniopsidaceae","Islandinium","Islandinium_tricingulatum",0.999526849
"3070","a8db7d99e73398563ce004f5ccf62621","Eukaryota","Excavata","Metamonada","Carpediemonadea","Carpediemonadida","Carpediemonadidae","Kipferlia","Kipferlia_bialata",1
"3071","c501859f2c101b68b03463d73af8d244","Eukaryota","Stramenopiles","Ochrophyta","Bacillariophyta","Bacillariophyta_X","Raphid-pennate",NA,NA,0.999189075
"3072","535d3c692712e12c907431a79cedafd1","Eukaryota","Alveolata","Dinoflagellata","Dinophyceae","Peridiniales","Protoperidiniaceae","Protoperidinium","Protoperidinium_sp.",0.999970997
"3073","4e967a0060b458e5b0aca03831ede956","Eukaryota","Opisthokonta","Fungi",NA,NA,NA,NA,NA,0.982911782
"3074","cf859b407bd3b9ac0d85286cbc828925","Eukaryota","Opisthokonta","Metazoa","Gastrotricha","Gastrotricha_X","Gastrotricha_XX","Cephalodasys","Cephalodasys_turbanelloides",0.999998435
"3075","f6ecc996976200c95e00ec0d8c1f9ecd","Eukaryota","Stramenopiles","Ochrophyta","Bacillariophyta","Bacillariophyta_X",NA,NA,NA,0.999495659
"3076","8925e843f0a364c4174b63206bf30061","Eukaryota","Stramenopiles","Ochrophyta","Bacillariophyta","Bacillariophyta_X","Raphid-pennate","Amphora","Amphora_coffeaeformis",0.985966158
"3077","9230533a06f8d2d5fb3a08a1df0532e0","Eukaryota","Alveolata","Dinoflagellata","Dinophyceae",NA,NA,NA,NA,0.999910733
"3078","c79501763aa354383a15c3f4d306ad63","Eukaryota","Alveolata","Dinoflagellata","Dinophyceae","Gymnodiniales","Gymnodiniaceae","Gyrodinium","Gyrodinium_rubrum",0.997268852
"3079","eccdaf86ce7aa8f54e75c989a5c44396","Eukaryota","Stramenopiles","Ochrophyta","Bacillariophyta","Bacillariophyta_X",NA,NA,NA,0.992803603
"3080","3353d69b80e004708d3970254dc6fd9c","Eukaryota","Opisthokonta","Metazoa","Urochordata","Urochordata_X","Ascidiacea","Salpa","Salpa_thompsoni",0.995470452
"3081","2fe32b7549e76fd6bc2e1a56145aaae3","Eukaryota","Stramenopiles","Ochrophyta","Bacillariophyta","Bacillariophyta_X","Raphid-pennate",NA,NA,0.98632707
"3082","c0e9344da4e2d24c40820ecbfd0d25e0","Eukaryota","Stramenopiles","Ochrophyta","Bacillariophyta","Bacillariophyta_X",NA,NA,NA,0.992211913
"3083","0465adad51a77212cb52e9f8b3b265d9","Eukaryota","Opisthokonta","Metazoa","Arthropoda","Crustacea","Maxillopoda","Corycaeus","Corycaeus_speciosus",0.999999948
"3084","6033692d54e3948adad3ea5751ff47d4","Eukaryota","Stramenopiles","Opalozoa","Bicoecea","Anoecales","Caecitellaceae","Caecitellus",NA,0.993324752
"3085","366535a1634465ce640ca802d174ecd0","Eukaryota","Stramenopiles","Ochrophyta","Bacillariophyta","Bacillariophyta_X",NA,NA,NA,0.993276173
"3086","ccd8bca8ce33ce2ef1e7eae6245352ac","Eukaryota","Stramenopiles","Ochrophyta","Bacillariophyta","Bacillariophyta_X",NA,NA,NA,0.992417855
"3087","41c7e99435723975ecc2f493d41ec349","Eukaryota","Stramenopiles","Ochrophyta","Pelagophyceae","Pelagomonadales","Pelagomonadaceae","Aureococcus","Aureococcus_anophagefferens",0.999952657
"3088","af3cc4922f89ce8cd5db215617227d4b","Eukaryota","Opisthokonta","Metazoa","Arthropoda","Crustacea","Maxillopoda",NA,NA,0.999987831
"3089","6d187803b1e68f7f3015a7556890e555","Eukaryota","Alveolata","Dinoflagellata","Dinophyceae","Gymnodiniales","Gymnodiniaceae","Gyrodinium","Gyrodinium_rubrum",0.996813897
"3090","2407dd39c4def4bf3ff50cc90384da23","Eukaryota","Stramenopiles","Ochrophyta","Bacillariophyta","Bacillariophyta_X",NA,NA,NA,0.992321886
"3091","e02db89f1e43aa8c521e189a85d80cad","Eukaryota","Stramenopiles","Ochrophyta","Bacillariophyta","Bacillariophyta_X","Raphid-pennate",NA,NA,0.999250201
"3092","57c4fbbad418c617bc516a040d6f9d2f","Eukaryota","Alveolata","Dinoflagellata","Dinophyceae","Peridiniales","Amphidiniopsidaceae","Islandinium","Islandinium_tricingulatum",0.988588489
"3093","3c40bd8f3fcc22e960b50f3f0c70ae69","Eukaryota","Archaeplastida","Streptophyta","Embryophyceae","Embryophyceae_X","Embryophyceae_XX",NA,NA,0.999999978
"3094","4b656c7553dc0f0fadf4d14d9243cfbb","Eukaryota","Alveolata","Dinoflagellata","Dinophyceae","Gymnodiniales","Gymnodiniaceae","Gyrodinium","Gyrodinium_rubrum",0.996740843
"3095","cb4e3cc8cbe65d89d4cfc08ed11796f0","Eukaryota","Alveolata","Ciliophora","Spirotrichea","Tintinnida","Tintinnidae","Amphorellopsis","Amphorellopsis_quinquealata",0.996011035
"3096","9174683073a0c5d9efb6ccac74b47d10","Eukaryota","Stramenopiles","Ochrophyta","Phaeophyceae","Phaeophyceae_X","Phaeophyceae_XX","Heribaudiella","Heribaudiella_fluviatilis",0.988682149
"3097","3e92e9cdd994ec9b8b91c2c1e3be8a2d","Eukaryota","Archaeplastida","Chlorophyta","Mamiellophyceae","Mamiellales","Bathycoccaceae","Bathycoccus","Bathycoccus_prasinos",0.999109945
"3098","02c7705f4546f36b28d2f243af2d6794","Eukaryota","Alveolata","Dinoflagellata","Syndiniales","Dino-Group-I","Dino-Group-I-Clade-2","Dino-Group-I-Clade-2_X","Dino-Group-I-Clade-2_X_sp.",0.999137414
"3099","e57955915ce5d23463ca51ec68735a7f","Eukaryota","Stramenopiles","Ochrophyta","Bacillariophyta","Bacillariophyta_X",NA,NA,NA,0.982554603
"3100","515074795e17e3a04854f2e88a529ca8","Eukaryota","Alveolata","Dinoflagellata","Dinophyceae",NA,NA,NA,NA,0.995496724
"3101","63d058748a1e643fabd740abb48b01bb","Eukaryota",NA,NA,NA,NA,NA,NA,NA,0.99907211
"3102","8487375296f9e94b44c3c584bb937f2b","Eukaryota","Alveolata","Dinoflagellata","Dinophyceae","Gymnodiniales","Gymnodiniaceae","Gyrodinium","Gyrodinium_rubrum",0.996218683
"3103","ba9870aa12f7f88650146ec23c269289","Eukaryota","Archaeplastida","Streptophyta","Embryophyceae","Embryophyceae_X","Embryophyceae_XX",NA,NA,0.999993736
"3104","ab457abc2a3e1d4dc046f99fe347b9d1","Eukaryota","Amoebozoa","Lobosa","Lobosa_X","Stygamoebida","Vermistella-lineage","Vermistella","Vermistella_antarctica",0.99999992
"3105","c148c69ec66389fbd90eaaeda844dc09","Eukaryota","Archaeplastida","Chlorophyta","Chlorophyceae","Chlamydomonadales","Chlamydomonadales_X","Chloromonas","Chloromonas_sp.",0.98219433
"3106","a18eb117cd9b6ef93a8e65f9fa277c62","Eukaryota",NA,NA,NA,NA,NA,NA,NA,0.999999796
"3107","a25ca724d2c37a6af40700b548a19c84","Eukaryota","Alveolata","Dinoflagellata","Dinophyceae","Peridiniales","Protoperidiniaceae","Protoperidinium","Protoperidinium_sp.",0.999596025
"3108","423ff05c881e8850b58b7867c8df45e8","Eukaryota","Alveolata","Dinoflagellata","Dinophyceae",NA,NA,NA,NA,0.999835192
"3109","02e33b5ccd729d0e14d1548694d1916c","Eukaryota","Stramenopiles","Ochrophyta","Bacillariophyta","Bacillariophyta_X","Araphid-pennate",NA,NA,0.993184404
"3110","1db3f9438cd6441e3c7f08541bfb24c1","Eukaryota","Alveolata","Dinoflagellata","Dinophyceae",NA,NA,NA,NA,0.999827503
"3111","251572f341914de8c2ffed7dcfb9b6e5","Eukaryota","Alveolata","Dinoflagellata","Dinophyceae",NA,NA,NA,NA,0.997116786
"3112","39293335021e7288ab98ba1d9b0df90c","Eukaryota","Alveolata","Dinoflagellata","Dinophyceae",NA,NA,NA,NA,0.999812936
"3113","2b85e44c080c54f05a622055c25cb877","Eukaryota","Hacrobia","Haptophyta","Prymnesiophyceae","Phaeocystales","Phaeocystaceae","Phaeocystis",NA,0.999999983
"3114","611d210fefda7d67367da3b4388ab60e","Eukaryota","Archaeplastida","Chlorophyta","Mamiellophyceae","Mamiellales","Bathycoccaceae","Bathycoccus","Bathycoccus_prasinos",0.999998892
"3115","1b677604850c6e9b496615e3456eceff","Eukaryota",NA,NA,NA,NA,NA,NA,NA,0.999750649
"3116","fb02461602ee78a0d8759aa28eebe5ca","Eukaryota","Alveolata","Dinoflagellata","Dinophyceae",NA,NA,NA,NA,0.999942754
"3117","0c20b2d5f6430f051a22530870ccea7d","Eukaryota","Hacrobia","Cryptophyta","Cryptophyceae","Cryptomonadales","Cryptomonadales_X","Geminigera","Geminigera_cryophila",0.995412204
"3118","970c4273028a14c4be0beb6dd6a54391","Eukaryota","Archaeplastida","Chlorophyta","Mamiellophyceae","Mamiellales","Bathycoccaceae","Bathycoccus","Bathycoccus_prasinos",0.999990013
"3119","63363d11c6d7544c5721cfd0ea1d8a2f","Eukaryota","Stramenopiles","Ochrophyta","Bacillariophyta","Bacillariophyta_X","Radial-centric-basal-Coscinodiscophyceae","Melosira","Melosira_dubia",0.980854481
"3120","d9a9d5059ab7b57508023972a17d2f40","Eukaryota","Hacrobia","Cryptophyta","Cryptophyceae","Cryptomonadales","Cryptomonadales_X","Geminigera","Geminigera_cryophila",0.994174854
"3121","599eaf6a99628f6405782ee08504e310","Eukaryota","Opisthokonta","Metazoa","Gastrotricha","Gastrotricha_X","Gastrotricha_XX","Dactylopodola","Dactylopodola_sp.",0.999883282
"3122","fc5c45eb6bfe5e31b7cdfacfefe893b2","Eukaryota","Opisthokonta","Fungi","Basidiomycota","Pucciniomycotina","Cystobasidiomycetes","Sakaguchia","Sakaguchia_dacryoidea",0.999840531
"3123","b65bd9709afad5db254d956b74763b40","Eukaryota","Alveolata","Dinoflagellata","Dinophyceae",NA,NA,NA,NA,0.999893124
"3124","4e7b2427166c2f4595416251ef984410","Eukaryota","Opisthokonta","Fungi","Ascomycota","Pezizomycotina","Dothideomycetes","Didymella","Didymella_exitialis",0.974342918
"3125","2c7cadeaf79b3ed96a33a588cd63f22b","Eukaryota","Hacrobia","Cryptophyta","Cryptophyceae","Cryptomonadales","Cryptomonadales_X","Geminigera","Geminigera_cryophila",0.993631518
"3126","e24127fb8ea28187205d48ba865298ca","Eukaryota","Alveolata","Dinoflagellata","Dinophyceae",NA,NA,NA,NA,0.999031248
"3127","3edb1c17b6293d82b379993dd34ac7c8","Eukaryota","Stramenopiles","Ochrophyta","Bacillariophyta","Bacillariophyta_X",NA,NA,NA,0.992718553
"3128","f685d0824a501db36f63dc2732ac80a1","Eukaryota","Stramenopiles","Ochrophyta","Pelagophyceae","Pelagomonadales","Pelagomonadaceae","Aureococcus","Aureococcus_anophagefferens",0.998952542
"3129","0e6feae303ebe537c2c27389226c5fcb","Eukaryota","Alveolata","Dinoflagellata","Dinophyceae",NA,NA,NA,NA,0.998496764
"3130","c0c7745a3e79a78b2e21a84d1b7338cb","Eukaryota","Alveolata","Dinoflagellata","Dinophyceae",NA,NA,NA,NA,0.99994544
"3131","3c83f233efe093fa5610a6e827d664bf","Eukaryota","Alveolata","Dinoflagellata","Dinophyceae",NA,NA,NA,NA,0.994698898
"3132","4313ed53ff248e601a5645497bb851f8","Eukaryota","Opisthokonta","Metazoa","Arthropoda","Crustacea","Maxillopoda",NA,NA,0.999989861
"3133","39a257d7bccc35e9cfc08d72d49dfdd2","Eukaryota","Opisthokonta","Metazoa","Nematoda","Chromadorea","Chromadorea_X",NA,NA,0.999894892
"3134","7d031f026bb73e4f3549591acc461a37","Eukaryota","Stramenopiles","Ochrophyta","Dictyochophyceae","Dictyochophyceae_X",NA,NA,NA,0.99500629
"3135","e16ae6ba209e830beb6e80f8da722315","Eukaryota","Opisthokonta","Fungi","Ascomycota","Pezizomycotina","Pezizomycetes",NA,NA,0.999991623
"3136","677642e745818100132c8abc07b31ebe","Eukaryota","Alveolata","Dinoflagellata","Dinophyceae",NA,NA,NA,NA,0.998261591
"3137","15d1e76b7850c715569c562a481d528e","Eukaryota","Alveolata","Dinoflagellata","Dinophyceae","Prorocentrales","Prorocentraceae","Prorocentrum",NA,0.99996837
"3138","c1bd11b42dac0db53520453cead6cb9d","Eukaryota","Alveolata","Dinoflagellata","Dinophyceae",NA,NA,NA,NA,0.997603827
"3139","00eef909cd2cb82026615a6ce24b44a0","Eukaryota","Alveolata","Dinoflagellata","Dinophyceae",NA,NA,NA,NA,0.998298405
"3140","1e669104390241b51e206d43417d1492","Eukaryota","Stramenopiles","Sagenista","Labyrinthulomycetes","Amphifilida","Amphifilaceae","Fibrophrys","Fibrophrys_sp.",0.992941872
"3141","f0a24d8136bb67f5992fa09543e9f652","Eukaryota","Alveolata","Dinoflagellata","Dinophyceae",NA,NA,NA,NA,0.999815677
"3142","511a089273fa16dd2fadd0f0d12ae87c","Eukaryota","Stramenopiles","Ochrophyta","Bacillariophyta","Bacillariophyta_X","Raphid-pennate",NA,NA,0.999990171
"3143","d5820fdb5f79227fbd63b050c684ef5e","Eukaryota","Stramenopiles","Sagenista","Labyrinthulomycetes","Labyrinthulida","Labyrinthulaceae","Aplanochytrium","Aplanochytrium_sp.",0.99999406
"3144","6ef937ef40b80c6ec50abd5c03784550","Eukaryota","Alveolata","Dinoflagellata","Dinophyceae",NA,NA,NA,NA,0.99920464
"3145","0b920bcf92b1e10c507026c0c79778df","Eukaryota","Opisthokonta","Metazoa","Arthropoda","Crustacea","Maxillopoda",NA,NA,0.999999743
"3146","908aa3c0f4eeb63676dd0667efdde7a3","Eukaryota","Hacrobia","Cryptophyta","Cryptophyceae","Cryptomonadales","Cryptomonadales_X","Geminigera","Geminigera_cryophila",0.995681653
"3147","89cbfb3039738e76585e0ca2bb80d681","Eukaryota","Opisthokonta","Fungi","Basidiomycota","Ustilaginomycotina","Exobasidiomycetes","Malassezia","Malassezia_sympodialis",0.993430323
"3148","a682f4234c1b9e7b8c0c9a9d3d16130e","Eukaryota","Stramenopiles","Ochrophyta","Bacillariophyta","Bacillariophyta_X","Raphid-pennate","Achnanthes",NA,0.998066868
"3149","4ddd3f0ae4daa01234b293bed6a74dc6","Eukaryota","Hacrobia","Cryptophyta","Cryptophyceae","Cryptomonadales","Cryptomonadales_X","Geminigera","Geminigera_cryophila",0.997964513
"3150","a6955a0ef4a122c5c3cc19a31834f2f3","Eukaryota","Stramenopiles","Ochrophyta","Bacillariophyta","Bacillariophyta_X",NA,NA,NA,0.99730948
"3151","d3382bd3cfab7bfc1763a692ed50ea04","Eukaryota","Opisthokonta","Metazoa","Arthropoda","Crustacea","Maxillopoda",NA,NA,1
"3152","b67e6ba1ec70e32aaab399656b949544","Eukaryota",NA,NA,NA,NA,NA,NA,NA,0.999979345
"3153","63800b41a59254138632b4c6f595201a","Eukaryota","Alveolata","Ciliophora","Phyllopharyngea","Cyrtophoria_1","PHYLL_4","PHYLL_4_X","PHYLL_4_X_sp.",0.999321028
"3154","3366e47d061f4953a21c909da02eeee9","Eukaryota","Alveolata","Dinoflagellata","Dinophyceae",NA,NA,NA,NA,0.999261386
"3155","5617a2e3527e0a9beb1b5822e91c5106","Eukaryota","Opisthokonta","Metazoa","Nematoda","Chromadorea","Chromadorea_X","Chromadorea_XX","Chromadorea_XX_sp.",0.995913219
"3156","2765edb7aa8877098fe5bf84e6db63ad","Eukaryota","Alveolata","Dinoflagellata","Dinophyceae",NA,NA,NA,NA,0.999568173
"3157","b3b76731e7afed56402bf01046411898","Eukaryota","Stramenopiles","Pseudofungi","MAST-1","MAST-1A","MAST-1A_X","MAST-1A_XX","MAST-1A_XX_sp.",1
"3158","97d57b78a6d053a401626682be48b038","Eukaryota","Alveolata","Dinoflagellata","Syndiniales","Dino-Group-I","Dino-Group-I-Clade-2","Dino-Group-I-Clade-2_X","Dino-Group-I-Clade-2_X_sp.",0.999897685
"3159","b141b52567b830c0e904c769e5d466e0","Eukaryota","Opisthokonta","Fungi","Chytridiomycota","Chytridiomycotina","Chytridiomycetes","Spizellomycetales-and-Rhizophlyctidales","Spizellomycetales-and-Rhizophlyctidales_sp.",0.999986378
"3160","93fc139ef61921c6115d8bb8adc82922","Eukaryota","Archaeplastida","Rhodophyta","Florideophyceae","Colaconematales","Colaconematales_X",NA,NA,0.999995914
"3161","f1d279f1785c57e04905ebd3b5e3a48a","Eukaryota","Stramenopiles","Pseudofungi","MAST-1","MAST-1B","MAST-1B_X","MAST-1B_XX","MAST-1B_XX_sp.",0.999993537
"3162","5893548ab2375a5e1875c607aac021c0","Eukaryota","Opisthokonta","Metazoa","Arthropoda","Crustacea","Maxillopoda",NA,NA,0.999584237
"3163","5ceee0c3e8b053eb8fb93931ff17136f","Eukaryota","Archaeplastida","Chlorophyta","Chlorophyceae","Chlamydomonadales","Chlamydomonadales_X","Chlorococcales","Chlorococcales_sp.",0.996477502
"3164","ec51332249895aa200d68e5eb5b015c7","Eukaryota","Archaeplastida","Streptophyta","Embryophyceae","Embryophyceae_X","Embryophyceae_XX",NA,NA,0.99997708
"3165","a2a248193218456f38c3d112070339e7","Eukaryota","Stramenopiles","Ochrophyta","Bacillariophyta","Bacillariophyta_X","Raphid-pennate",NA,NA,0.991640158
"3166","050fada2055972fe9477a3ecb50ee844","Eukaryota","Archaeplastida","Chlorophyta","Chlorophyceae","Chlamydomonadales","Chlamydomonadales_X","Chlorococcales","Chlorococcales_sp.",0.998350424
"3167","8af211cf1f1dc9166476c308d7a6409b","Eukaryota","Stramenopiles","Ochrophyta","Bacillariophyta","Bacillariophyta_X","Radial-centric-basal-Coscinodiscophyceae","Stellarima","Stellarima_microtrias",0.999994958
"3168","7ddf326702a11ef87b1f990b116d3d7d","Eukaryota","Hacrobia","Picozoa","Picozoa_X","Picozoa_XX","Picozoa_XXX","Picozoa_XXXX","Picozoa_XXXX_sp.",0.999975313
"3169","5f29e16c041cce97b7f9daccfdaf4d65","Eukaryota","Opisthokonta",NA,NA,NA,NA,NA,NA,0.984191914
"3170","1484f49bbcd36b5f7ba281c2f674c4f8","Eukaryota","Stramenopiles","Sagenista","MAST-7","MAST-7A","MAST-7A_X","MAST-7A_XX","MAST-7A_XX_sp.",0.999352925
"3171","068d340d683fff4b5278b4c18f5935bd","Eukaryota","Stramenopiles","Opalozoa","MAST-3","MAST-3I","MAST-3I_X","MAST-3I_XX","MAST-3I_XX_sp.",0.999999996
"3172","c394b54c0ce5fd8516291a7940678051","Eukaryota","Alveolata","Dinoflagellata","Dinophyceae",NA,NA,NA,NA,0.997936337
"3173","f71331af2379ac41500813e030506a16","Eukaryota","Stramenopiles","Ochrophyta","Bacillariophyta","Bacillariophyta_X",NA,NA,NA,0.987025707
"3174","b26a8dea004f12b5c55bbded9a8c0e5a","Eukaryota","Hacrobia","Telonemia","Telonemia_X","Telonemia_XX","Telonemia-Group-1","Telonemia-Group-1_X","Telonemia-Group-1_X_sp.",0.999999858
"3175","29d0d3c4b860b52b3876cc33cd0c6c3a","Eukaryota","Opisthokonta",NA,NA,NA,NA,NA,NA,0.973495209
"3176","a47ba898326fd2022a0a4854e3dc0cdc","Eukaryota","Alveolata","Dinoflagellata","Dinophyceae",NA,NA,NA,NA,0.999916717
"3177","f66eb44115f0438556a47a58845da518","Eukaryota","Opisthokonta","Fungi","Chytridiomycota","Chytridiomycotina","Chytridiomycetes","Spizellomycetales-and-Rhizophlyctidales","Spizellomycetales-and-Rhizophlyctidales_sp.",0.999978025
"3178","32869f63bf33a8a88a3cc730adf8ea82","Eukaryota","Hacrobia","Picozoa","Picozoa_X","Picozoa_XX","Picozoa_XXX","Picozoa_XXXX","Picozoa_XXXX_sp.",0.999783557
"3179","c0a8d65718393bf7112ad6318e716268","Eukaryota","Stramenopiles","Ochrophyta","Bacillariophyta","Bacillariophyta_X","Polar-centric-Mediophyceae","Porosira",NA,0.999999999
"3180","b5c8bffbb55f25d27878ec624054d10b","Eukaryota","Stramenopiles","Ochrophyta","Bacillariophyta","Bacillariophyta_X",NA,NA,NA,0.995886331
"3181","0b13fe128879f1aee1f65ea8b64560b1","Eukaryota","Stramenopiles","Ochrophyta","Bacillariophyta","Bacillariophyta_X","Polar-centric-Mediophyceae","Porosira",NA,1
"3182","b2d30eef17d1a6db01bb5758b0e65f7d","Eukaryota","Stramenopiles","Ochrophyta","Dictyochophyceae","Dictyochophyceae_X",NA,NA,NA,0.993052743
"3183","277ba0c21b0afa0ccea2e85081091dcb","Eukaryota","Rhizaria","Cercozoa","Filosa-Thecofilosea","Ventricleftida","CCW10-lineage","CCW10-lineage_X","CCW10-lineage_X_sp.",0.999999935
"3184","7ecbaccdaff0be9829a93ef4bc64a1f3","Eukaryota","Stramenopiles",NA,NA,NA,NA,NA,NA,0.988476708
"3185","81903c1750a439afd2a6febe88cb092c","Eukaryota","Hacrobia","Haptophyta","Prymnesiophyceae","Prymnesiales","Chrysochromulinaceae","Chrysochromulina","Chrysochromulina_sp.",0.999975852
"3186","1797e55c96149776d4838e43c8124cbd","Eukaryota",NA,NA,NA,NA,NA,NA,NA,0.991969878
"3187","537f8a7d9cab607fd118bf8653afe6df","Eukaryota","Alveolata","Dinoflagellata","Dinophyceae","Prorocentrales","Prorocentraceae","Prorocentrum",NA,0.999834195
"3188","e76a116fd53c810d43a5bf013aef053e","Eukaryota","Alveolata","Dinoflagellata","Dinophyceae",NA,NA,NA,NA,0.999812925
"3189","44b34be9ee7bcc9ee65234f8c5125499","Eukaryota","Opisthokonta","Metazoa","Arthropoda","Crustacea","Malacostraca","Thysanoessa",NA,0.985738666
"3190","66df6bcd75fbf5514f6f69cf958b828d","Eukaryota","Stramenopiles","Ochrophyta","Bacillariophyta","Bacillariophyta_X",NA,NA,NA,0.987206256
"3191","dd6eec9bcdd46f7326d50854cda2a446","Eukaryota","Stramenopiles","Ochrophyta","Bacillariophyta","Bacillariophyta_X",NA,NA,NA,0.993298477
"3192","ee7c335e57ae1223e42e1ee0908530c7","Eukaryota","Hacrobia","Haptophyta","Prymnesiophyceae","Phaeocystales","Phaeocystaceae","Phaeocystis",NA,0.999999943
"3193","3a7eee57373ca56ed8d436b102e267d2","Eukaryota","Stramenopiles","Ochrophyta","Pelagophyceae","Pelagomonadales","Pelagomonadaceae","Pelagomonas","Pelagomonas_calceolata",0.999999571
"3194","e9fdc10d929a9831114aca0c33edd43d","Eukaryota","Alveolata","Dinoflagellata","Dinophyceae",NA,NA,NA,NA,0.990523584
"3195","6bc0f59bdcb54cd38aed55e6d3e33f23","Eukaryota","Archaeplastida","Chlorophyta","Mamiellophyceae","Mamiellales","Bathycoccaceae","Bathycoccus","Bathycoccus_prasinos",0.999996719
"3196","c88911dc6e970eddd4f0107ffa2601c4","Eukaryota","Alveolata","Dinoflagellata","Dinophyceae",NA,NA,NA,NA,0.99331216
"3197","6aa8826fdf42003549feb0aba20a5ab4","Eukaryota","Hacrobia","Haptophyta","Prymnesiophyceae","Phaeocystales","Phaeocystaceae","Phaeocystis",NA,0.999999946
"3198","2b036262fd58ca0961e142e62566ba30","Eukaryota","Opisthokonta","Metazoa","Bryozoa","Bryozoa_X","Bryozoa_XX",NA,NA,0.999999656
"3199","50dec6fe9ea5d5586ff700544bd911ac","Eukaryota","Alveolata","Dinoflagellata","Dinophyceae","Peridiniales","Amphidiniopsidaceae","Islandinium","Islandinium_tricingulatum",0.970485216
"3200","0aa552f002a65af1e9e1cced0a02a0ed","Eukaryota","Alveolata","Dinoflagellata","Dinophyceae",NA,NA,NA,NA,0.999801643
"3201","6fb55b3108f09f2b03e82e2392bb5093","Eukaryota",NA,NA,NA,NA,NA,NA,NA,0.994300779
"3202","b2b63c422be650ed33ab71d01120c7b0","Eukaryota","Hacrobia","Picozoa","Picozoa_X","Picozoa_XX","Picozoa_XXX","Picozoa_XXXX","Picozoa_XXXX_sp.",0.999897201
"3203","932a516f98354d018cfd0b5f53626e33","Eukaryota","Stramenopiles","Ochrophyta","Bacillariophyta","Bacillariophyta_X",NA,NA,NA,0.999899046
"3204","129b3aa502f07a1a34505bcd8801c8bf","Eukaryota","Excavata","Discoba","Diplonemea","Diplonemida","Eupelagonemidae","Eupelagonemidae_X","Eupelagonemidae_X_sp.",1
"3205","4b7a4de89b564e33c0b3da7b0cab9b7c","Eukaryota","Stramenopiles","Ochrophyta","Bacillariophyta","Bacillariophyta_X","Polar-centric-Mediophyceae","Porosira",NA,0.976126981
"3206","99d2fd92ff5963b3a5ad3d7cfd853968","Eukaryota","Opisthokonta","Fungi","Ascomycota","Pezizomycotina",NA,NA,NA,0.999993739
"3207","463e386632ee07dc94bc1ab2779652f0","Eukaryota","Stramenopiles","Ochrophyta","Bacillariophyta","Bacillariophyta_X","Radial-centric-basal-Coscinodiscophyceae","Melosira","Melosira_dubia",0.99127134
"3208","26d86dee17a724ce80c4da6d5105ad08","Eukaryota","Stramenopiles","Pseudofungi","MAST-1","MAST-1C","MAST-1C_X","MAST-1C_XX","MAST-1C_XX_sp.",1
"3209","3e0afc6a0e484f2878206c8b4c3fb8e0","Eukaryota","Opisthokonta","Fungi","Basidiomycota","Pucciniomycotina","Cystobasidiomycetes",NA,NA,0.999822463
"3210","c194be465761b3ea4a66bc0f6f631786","Eukaryota","Alveolata","Dinoflagellata","Dinophyceae",NA,NA,NA,NA,0.999115759
"3211","b223594e96411f084cb8edd392966194","Eukaryota","Stramenopiles","Ochrophyta","Bacillariophyta","Bacillariophyta_X","Raphid-pennate",NA,NA,0.991796916
"3212","253ab1591786f16983c7bfcdb162f472","Eukaryota","Alveolata","Dinoflagellata","Dinophyceae",NA,NA,NA,NA,0.998646175
"3213","6103a5076510e71f0b3cbefe50ca720c","Eukaryota","Stramenopiles","Ochrophyta","Bacillariophyta","Bacillariophyta_X",NA,NA,NA,0.996810844
"3214","3f8ab143f6ec17c28ef2e7567b130de1","Eukaryota","Stramenopiles","Ochrophyta","Bacillariophyta","Bacillariophyta_X",NA,NA,NA,0.993523378
"3215","21b886ae34487cfa4b86b2d2c8e7f1e0","Eukaryota","Stramenopiles","Ochrophyta","Bacillariophyta","Bacillariophyta_X","Raphid-pennate",NA,NA,0.988564091
"3216","f08b805760752b64603e3d61207d56cf","Eukaryota","Stramenopiles","Pseudofungi","MAST-1","MAST-1B","MAST-1B_X","MAST-1B_XX","MAST-1B_XX_sp.",0.999983977
"3217","cf674336b9f4d08db4cd124e9f145508","Eukaryota","Stramenopiles","Ochrophyta","Bacillariophyta","Bacillariophyta_X","Polar-centric-Mediophyceae",NA,NA,0.992160521
"3218","243b8287006651120f8bcc974685e463","Eukaryota","Stramenopiles","Ochrophyta","Bacillariophyta","Bacillariophyta_X",NA,NA,NA,0.989825994
"3219","8a7f56f8e7b28b2f04843d4488d2c60e","Eukaryota","Hacrobia","Haptophyta","Prymnesiophyceae","Prymnesiales","Prymnesiophyceae_Clade_B3","Prymnesiophyceae_Clade_B3_X","Prymnesiophyceae_Clade_B3_X_sp.",0.999954875
"3220","4271622db684f7b57d47d701f07552f5","Eukaryota","Stramenopiles","Ochrophyta","Bacillariophyta","Bacillariophyta_X",NA,NA,NA,0.988030316
"3221","c1c8005a18040aacfb04465380ee43b4","Eukaryota",NA,NA,NA,NA,NA,NA,NA,0.999999999
"3222","8c596800dbcff9033969e4637a9fda67","Eukaryota","Archaeplastida","Chlorophyta","Chlorophyceae","Chlamydomonadales","Chlamydomonadales_X","Chlamydomonadales_XX","Chlamydomonadales_XX_sp.",0.993632463
"3223","33e45c8bdcfbec530af2fb18d04955cf","Eukaryota","Alveolata","Ciliophora","Spirotrichea","Choreotrichida","Strobilidiidae_I","Pelagostrobilidium","Pelagostrobilidium_neptuni",0.9972016
"3224","dd5beb1fa7104481ac8ca531d6f7005c","Eukaryota","Alveolata","Dinoflagellata","Dinophyceae",NA,NA,NA,NA,0.99945311
"3225","613b7e2f3338ac875d2bd2277d2abeb4","Eukaryota","Stramenopiles","Ochrophyta","Bacillariophyta","Bacillariophyta_X","Raphid-pennate",NA,NA,0.992382602
"3226","45e2d560bcdd03db51f23700fa73d2b8","Eukaryota","Alveolata","Dinoflagellata","Syndiniales","Dino-Group-I","Dino-Group-I-Clade-1","Dino-Group-I-Clade-1_X","Dino-Group-I-Clade-1_X_sp.",0.999995756
"3227","4a2f97f7646ed626960b5b1f6facac55","Eukaryota","Hacrobia","Haptophyta","Prymnesiophyceae",NA,NA,NA,NA,0.999999746
"3228","566c437495f31d96f554ea6b682a612c","Eukaryota","Stramenopiles","Ochrophyta","Chrysophyceae","Chrysophyceae_X","Chrysophyceae_Clade-F","Paraphysomonas",NA,0.971322895
"3229","666144e28256ef4899c0cc1bac610288","Eukaryota","Opisthokonta","Metazoa","Arthropoda","Crustacea","Maxillopoda",NA,NA,0.999905973
"3230","fed0dcafd0c27ef494fe34665d5386a1","Eukaryota","Opisthokonta","Metazoa","Arthropoda","Crustacea","Maxillopoda","Corycaeus","Corycaeus_speciosus",0.999999986
"3231","4dc64fd8b4971d541254a122eeecc943","Eukaryota","Stramenopiles","Ochrophyta","Bacillariophyta","Bacillariophyta_X","Raphid-pennate",NA,NA,0.997007923
"3232","ffc94e87b786902f4652d7c8bdb87f2b","Eukaryota","Stramenopiles",NA,NA,NA,NA,NA,NA,0.999922387
"3233","6ac48fdc8449393392d7ef4542a8303c","Eukaryota","Archaeplastida","Chlorophyta","Mamiellophyceae","Mamiellales","Mamiellaceae","Micromonas",NA,0.999999446
"3234","86d7ddc5108c25a1adaadde43f27ee14","Eukaryota","Alveolata","Dinoflagellata","Syndiniales","Dino-Group-II","Dino-Group-II-Clade-1","Dino-Group-II-Clade-1_X","Dino-Group-II-Clade-1_X_sp.",0.998480322
"3235","36e4cf0920dab70795debffeebea409f","Eukaryota","Hacrobia","Haptophyta","Prymnesiophyceae","Prymnesiales","Chrysochromulinaceae","Chrysochromulina","Chrysochromulina_sp.",0.999951591
"3236","c45ca7a1ec70c2faef20c5ad3ad9b3ea","Eukaryota","Stramenopiles","Ochrophyta","Bacillariophyta","Bacillariophyta_X",NA,NA,NA,0.98923943
"3237","28732e0f53b528d2f9eb20126a5cc5fe","Eukaryota","Stramenopiles","Ochrophyta","Bacillariophyta","Bacillariophyta_X",NA,NA,NA,0.999978931
"3238","d45d767e87f4e7b84c231c07b4716c32","Eukaryota","Opisthokonta","Fungi","Ascomycota","Pezizomycotina",NA,NA,NA,0.999982669
"3239","4c2f103e630982f1c646145df8501ca8","Eukaryota","Stramenopiles","Ochrophyta","Bacillariophyta","Bacillariophyta_X",NA,NA,NA,0.998166032
"3240","a221a650d7fc95c93eb98d9449098856","Eukaryota","Archaeplastida","Chlorophyta","Ulvophyceae","Ulotrichales","Ulotrichales_X",NA,NA,0.999999255
"3241","fdaae37b1690e953491abec8dd92ea69","Eukaryota","Archaeplastida","Rhodophyta","Bangiophyceae","Bangiales","Bangiaceae","Wildemania","Wildemania_sp.",0.999999458
"3242","816692b399ca72c0931d07ab57a64ede","Eukaryota","Alveolata","Dinoflagellata","Dinophyceae",NA,NA,NA,NA,0.998196229
"3243","a07677d1b7b0ba3c431a54492cbeeaf4","Eukaryota","Stramenopiles","Pseudofungi","MAST-1","MAST-1C","MAST-1C_X","MAST-1C_XX","MAST-1C_XX_sp.",0.999999999
"3244","ebf0152bf67674ad575b6ba26245310d","Eukaryota","Alveolata","Ciliophora","Phyllopharyngea","Suctoria","Ephelotidae","Ephelota",NA,0.999833351
"3245","786d0d440c02b3a76ed6bb1bb703b340","Eukaryota","Alveolata","Dinoflagellata","Dinophyceae","Peridiniales","Protoperidiniaceae","Protoperidinium","Protoperidinium_sp.",0.999763657
"3246","4393f510a375262a52a4e5429a986d46","Eukaryota","Stramenopiles","Sagenista","MAST-7","MAST-7A","MAST-7A_X","MAST-7A_XX","MAST-7A_XX_sp.",0.99859728
"3247","835954896118213f8eee6e0d67705c2b","Eukaryota","Archaeplastida","Chlorophyta","Mamiellophyceae","Mamiellales","Bathycoccaceae","Bathycoccus","Bathycoccus_prasinos",0.999956894
"3248","f8d03169e1994e51ae4f19237cd11b83","Eukaryota","Opisthokonta","Metazoa","Mollusca","Bivalvia","Heteroconchia",NA,NA,1
"3249","64154a0d3f1da7f815c41c9dddafc4ad","Eukaryota","Stramenopiles","Sagenista","Labyrinthulomycetes","Amphifilida","Amphifilaceae","Fibrophrys","Fibrophrys_sp.",0.98439388
"3250","64e41b400ac0b13c6c8326acd91bddf8","Eukaryota","Alveolata","Ciliophora","Litostomatea",NA,NA,NA,NA,0.999869817
"3251","f12c0c5d23a2b2e89e59af684b5d1b48","Eukaryota","Stramenopiles","Ochrophyta","Bolidophyceae","Parmales",NA,NA,NA,0.999419269
"3252","6ad6b4fe1acfb721d0d6c24f389587f9","Eukaryota","Opisthokonta","Metazoa","Arthropoda","Crustacea","Maxillopoda",NA,NA,0.998276963
"3253","0dab8d75f38c2ac52264937951d9d065","Eukaryota","Hacrobia","Centroheliozoa","Centroheliozoa_X",NA,NA,NA,NA,0.998921972
"3254","308e4ebfa466358c3ed03fb69bc2f91c","Eukaryota","Opisthokonta","Metazoa","Annelida","Annelida_X","Annelida_XX",NA,NA,0.996116864
"3255","2f514a899d4f0a2587268f27d114e064","Eukaryota","Alveolata","Dinoflagellata","Syndiniales","Dino-Group-I","Dino-Group-I-Clade-1","Dino-Group-I-Clade-1_X","Dino-Group-I-Clade-1_X_sp.",0.999887445
"3256","1b653f458517ed37821979019960286e","Eukaryota","Opisthokonta","Metazoa","Mollusca","Bivalvia","Anomalodesmata","Laternula","Laternula_elliptica",0.999986704
"3257","067edc0dcf4a6e083eaab9e9e6b93233","Eukaryota",NA,NA,NA,NA,NA,NA,NA,0.999999999
"3258","d09c7457389b6f1122f443be019aae76","Eukaryota","Opisthokonta","Metazoa","Arthropoda","Crustacea","Maxillopoda",NA,NA,0.999999748
"3259","269c88dc03b04417277c5d3ed389426b","Eukaryota","Stramenopiles","Ochrophyta","Phaeophyceae","Phaeophyceae_X","Phaeophyceae_XX","Halothrix","Halothrix_ambigua",0.999993071
"3260","17623583eb8d842f42467b6df0e9bd84","Eukaryota","Opisthokonta","Metazoa","Platyhelminthes","Cestoda","Eucestoda",NA,NA,0.999999886
"3261","4a140fdea90d03b7161d05cdab06143a","Eukaryota","Opisthokonta","Metazoa","Arthropoda","Crustacea","Maxillopoda",NA,NA,0.999941369
"3262","97d78a2325a040b4041278130186ef77","Eukaryota","Stramenopiles",NA,NA,NA,NA,NA,NA,0.999342067
"3263","3b78e909cb6fd09c71329cf0d57ccba9","Eukaryota","Hacrobia","Picozoa","Picozoa_X","Picozoa_XX","Picozoa_XXX","Picozoa_XXXX","Picozoa_XXXX_sp.",0.999971121
"3264","533b2b3ea0dce70acc527160c30e5d00","Eukaryota","Opisthokonta","Metazoa","Arthropoda","Crustacea","Malacostraca","Thysanoessa",NA,0.985738608
"3265","12a1c39ff7a8b5073866fcd05c500a01","Eukaryota","Alveolata","Ciliophora",NA,NA,NA,NA,NA,0.999935505
"3266","e1c6c6f83e39fdcf477f7950f3ecccef","Eukaryota","Alveolata","Dinoflagellata","Syndiniales","Dino-Group-II","Dino-Group-II-Clade-1","Dino-Group-II-Clade-1_X","Dino-Group-II-Clade-1_X_sp.",0.992057755
"3267","b9d61af5168916009daf9a0bcfccbf49","Eukaryota","Opisthokonta","Fungi","Ascomycota","Pezizomycotina","Eurotiomycetes",NA,NA,0.994838864
"3268","2ccacf87e8061c86ce39cd63e3da3ab5","Eukaryota","Alveolata","Ciliophora","Spirotrichea","Euplotia","Uronychiidae","Uronychia",NA,0.999766383
"3269","c28ca9413872bd6965bbefea7cbe32ff","Eukaryota","Stramenopiles","Ochrophyta","Bacillariophyta","Bacillariophyta_X",NA,NA,NA,0.994021293
"3270","3d06b519a4fbe3b717f8f4a620ef759f","Eukaryota","Stramenopiles","Opalozoa","MAST-3","MAST-3I","MAST-3I_X","MAST-3I_XX","MAST-3I_XX_sp.",0.999999994
"3271","654d7294ce7471c2ae353e39068d78de","Eukaryota","Rhizaria","Cercozoa","Filosa-Thecofilosea","Ventricleftida","Verrucomonadidae","Verrucomonas",NA,0.999996665
"3272","d4aa9aae647e9f61e28e33fc19fbcb34","Eukaryota","Alveolata","Dinoflagellata","Syndiniales","Dino-Group-I","Dino-Group-I-Clade-5","Dino-Group-I-Clade-5_X","Dino-Group-I-Clade-5_X_sp.",0.999995985
"3273","8db14667a9fea6ca67f0ac3a45f22db0","Eukaryota","Stramenopiles","Ochrophyta","Bacillariophyta","Bacillariophyta_X","Polar-centric-Mediophyceae","Chaetoceros","Chaetoceros_rostratus",0.990811291
"3274","6f18eb72c10c8f8d9d20e6a0d847742f","Eukaryota","Stramenopiles","Ochrophyta","Bacillariophyta","Bacillariophyta_X","Raphid-pennate",NA,NA,0.999842492
"3275","f68584fba7b5e2e9b94e678f46f6ce18","Eukaryota","Opisthokonta","Metazoa","Arthropoda","Crustacea","Maxillopoda",NA,NA,0.999999949
"3276","7c7f051d1c06a5c1685aed39c0f0f161","Eukaryota","Opisthokonta","Metazoa","Ctenophora","Ctenophora_X","Ctenophora_XX","Ctenophora_XXX","Ctenophora_XXX_sp.",0.971151246
"3277","202b61bd9c1a72138c6a24b7d3a78255","Eukaryota","Rhizaria","Radiolaria","RAD-B","RAD-B_X","RAD-B_X_Group-IV_X","RAD-B_X_Group-IV_XX","RAD-B_X_Group-IV_XX_sp.",0.978500344
"3278","3020eb419afd1460b7384e2b0ab73b00","Eukaryota","Stramenopiles","Ochrophyta","Chrysophyceae","Chrysophyceae_X","Chrysophyceae_XX","Chrysophyceae_XXX","Chrysophyceae_XXX_sp.",0.995225724
"3279","c588199669daf2079e93240645bf3772","Eukaryota","Opisthokonta","Metazoa","Arthropoda","Crustacea","Maxillopoda",NA,NA,0.99999352
"3280","f8a9ff9b97da47b89c4f992c26fa141b","Eukaryota","Alveolata","Dinoflagellata","Dinophyceae",NA,NA,NA,NA,0.996508527
"3281","65824b367d53b350d35165b485cb3dda","Eukaryota","Opisthokonta","Fungi","Basidiomycota","Agaricomycotina","Tremellomycetes","Cryptococcus",NA,0.976939107
"3282","89e831e9dda29b7ad421d0cb31c58cb7","Eukaryota","Stramenopiles","Ochrophyta","Chrysophyceae","Chrysophyceae_X","Chrysophyceae_Clade-D","Hydrurus","Hydrurus_foetidus",0.993124481
"3283","a8594eb5490cbf2e2fd9acd452a6d86d","Eukaryota","Opisthokonta","Fungi","Basidiomycota","Pucciniomycotina","Microbotryomycetes","Microbotryomycetes_X","Microbotryomycetes_X_sp.",0.979064991
"3284","813cf14df1a3e10f68d071fed121af04","Eukaryota",NA,NA,NA,NA,NA,NA,NA,0.999994543
"3285","5a630a426744731ee882963d3aa23491","Eukaryota","Rhizaria","Cercozoa","Filosa-Thecofilosea","Cryomonadida","Protaspa-lineage","Protaspa-lineage_X","Protaspa-lineage_X_sp.",0.999770603
"3286","c7c675ef58343ee5408bcb367cfbbc61","Eukaryota",NA,NA,NA,NA,NA,NA,NA,0.99632727
"3287","c178cb88b84a78c675afbc4816a9303b","Eukaryota","Stramenopiles","Ochrophyta","Chrysophyceae","Chrysophyceae_X","Chrysophyceae_Clade-C","Spumella","Spumella_vulgaris",0.999691279
"3288","ef76a770b9cf21b4c5aabf9550839a29","Eukaryota","Excavata","Discoba","Euglenida","Euglenophyceae",NA,NA,NA,0.97761618
"3289","af7f89b0e69ece5add39168bc2aa73b3","Eukaryota","Stramenopiles","Sagenista","MAST-7","MAST-7A","MAST-7A_X","MAST-7A_XX","MAST-7A_XX_sp.",0.999473261
"3290","e4b4507e07b58ac1ce035e72b0c76713","Eukaryota","Rhizaria","Cercozoa","Filosa-Imbricatea","Euglyphida","Trinematidae","Trinema","Trinema_enchelys",0.999985995
"3291","80e8b02838a45534e680d5e7ac614b3e","Eukaryota","Alveolata","Dinoflagellata","Syndiniales","Dino-Group-I","Dino-Group-I-Clade-3","Dino-Group-I-Clade-3_X","Dino-Group-I-Clade-3_X_sp.",0.999748958
"3292","b57441011db9779349378d45c5e4f86f","Eukaryota","Opisthokonta","Metazoa","Arthropoda","Crustacea","Maxillopoda",NA,NA,0.999999767
"3293","5f1724a1a85834dec0e2e0ccc0f1b661","Eukaryota","Alveolata","Dinoflagellata","Dinophyceae",NA,NA,NA,NA,0.998137923
"3294","ad264da66c46bc5bbe76a9694ebfba33","Eukaryota",NA,NA,NA,NA,NA,NA,NA,1
"3295","af3d0a3ed1aff75cb750a8549fee649a","Eukaryota","Stramenopiles","Sagenista","Labyrinthulomycetes","Oblongichytrida","Oblongichytridiaceae","Oblongichytrium","Oblongichytrium_sp.",0.992179271
"3296","740e81bb692e208a03846914655e435f","Eukaryota","Archaeplastida","Streptophyta","Embryophyceae","Embryophyceae_X","Embryophyceae_XX","Malus","Malus_x",0.990751642
"3297","3598ea36e0bf8936a24085873a4e2478","Eukaryota","Opisthokonta","Fungi","Ascomycota","Saccharomycotina","Saccharomycetales","Candida",NA,0.991600833
"3298","5d2d1eb6a53500bc2aeb72515e07df38","Eukaryota",NA,NA,NA,NA,NA,NA,NA,0.997330254
"3299","e1ab3829f1f8447961e31008ffd70182","Eukaryota","Stramenopiles","Ochrophyta","Bacillariophyta","Bacillariophyta_X",NA,NA,NA,0.981684972
"3300","9e8bf8f3ec12bdf3f74ef85923d51d4c","Eukaryota","Alveolata","Dinoflagellata",NA,NA,NA,NA,NA,0.981204567
"3301","6d6628fa112c7c53d1438e00d56fdcef","Eukaryota","Opisthokonta","Fungi","Basidiomycota","Agaricomycotina","Agaricomycetes","Schizophyllum",NA,0.994681667
"3302","cf98909f142cb953799a7cceabf54f9f","Eukaryota","Alveolata","Dinoflagellata","Dinophyceae","Gymnodiniales","Gymnodiniaceae","Gyrodinium","Gyrodinium_rubrum",0.987379147
"3303","d81a21ec86805c71d678f59345e414dc","Eukaryota","Stramenopiles","Ochrophyta","Bacillariophyta","Bacillariophyta_X",NA,NA,NA,0.99218454
"3304","78d98facfd21471dee040f49fa6d67e0","Eukaryota","Archaeplastida","Streptophyta","Embryophyceae","Embryophyceae_X","Embryophyceae_XX",NA,NA,0.999999371
"3305","3bee112ea9a1fbfe90d7ba43df902c89","Eukaryota","Hacrobia","Picozoa","Picozoa_X","Picozoa_XX","Picozoa_XXX","Picozoa_XXXX","Picozoa_XXXX_sp.",0.999889691
"3306","b8c7d3f835287b5cb3ca4cf49d3539a2","Eukaryota","Opisthokonta","Metazoa","Annelida","Annelida_X","Annelida_XX","Parapionosyllis","Parapionosyllis_elegans",0.989711049
"3307","08f5e0f9d569ef309761269923e5fd31","Unassigned",NA,NA,NA,NA,NA,NA,NA,0.974853215
"3308","45597fc65b90d0720c3bc0fe43bc22eb","Eukaryota","Alveolata","Dinoflagellata","Dinophyceae",NA,NA,NA,NA,0.973781031
"3309","dd2077ce0752e6bc86194b20f64eb9db","Eukaryota","Opisthokonta",NA,NA,NA,NA,NA,NA,0.988692628
"3310","5bc616fa19c4fb42f84fd7397622946c","Eukaryota","Stramenopiles","Sagenista","MAST-7","MAST-7A","MAST-7A_X","MAST-7A_XX","MAST-7A_XX_sp.",0.999498073
"3311","ff6ef1dbe809063cc4750b6c843f78bf","Eukaryota",NA,NA,NA,NA,NA,NA,NA,0.999992157
"3312","d6c27a959c6a2b093b7bf5fa9f65eca7","Eukaryota","Alveolata","Dinoflagellata","Syndiniales","Dino-Group-II","Dino-Group-II-Clade-10-and-11","Dino-Group-II-Clade-10-and-11_X","Dino-Group-II-Clade-10-and-11_X_sp.",0.994379267
"3313","6de9edf1e0d27aa6b0c750761c232a19","Eukaryota","Excavata","Discoba","Diplonemea","Diplonemida","Eupelagonemidae","Eupelagonemidae_X","Eupelagonemidae_X_sp.",1
"3314","c625ab4a33d5c5d4209aa3ddbf21ce18","Eukaryota","Alveolata","Dinoflagellata","Dinophyceae","Peridiniales","Amphidiniopsidaceae","Islandinium","Islandinium_tricingulatum",0.977603747
"3315","400e847d2341623aeef4576006a3aa33","Eukaryota","Stramenopiles","Ochrophyta","Bacillariophyta","Bacillariophyta_X",NA,NA,NA,0.974653268
"3316","95acc0d0ba7cc73f55b3ded2af700d9b","Eukaryota","Stramenopiles","Ochrophyta","Bacillariophyta","Bacillariophyta_X",NA,NA,NA,0.999996312
"3317","0fb5673a1cb9170ba17e5c9990d45b9b","Eukaryota","Alveolata","Dinoflagellata","Dinophyceae",NA,NA,NA,NA,0.999165461
"3318","81e2dd8d810ad9868a28c4e11d3b63d8","Eukaryota","Rhizaria","Cercozoa","Filosa-Imbricatea","Thaumatomonadida","Thaumatomonadida_X","Thaumatomonadida_XX","Thaumatomonadida_XX_sp.",0.989725973
"3319","7e33d434c4df3c47f5dd49925f6a77d3","Eukaryota","Opisthokonta","Metazoa","Arthropoda","Crustacea","Malacostraca",NA,NA,0.99999999
"3320","d6c167c8a58dd66d23b880ad143aec07","Eukaryota","Opisthokonta","Metazoa","Urochordata","Urochordata_X","Ascidiacea",NA,NA,0.999999863
"3321","c2932bef90ef90fd2856d3f4fec8360f","Eukaryota","Opisthokonta","Metazoa","Arthropoda","Crustacea","Maxillopoda",NA,NA,0.99999992
"3322","20c25fd8008e2375ae2b91d3f210f6b7","Eukaryota","Stramenopiles","Ochrophyta","Bacillariophyta","Bacillariophyta_X","Raphid-pennate",NA,NA,0.982527156
"3323","3068a44645ac8fbdd2a56e94c141a284","Eukaryota","Opisthokonta","Fungi","Ascomycota","Pezizomycotina",NA,NA,NA,0.998707977
"3324","735f073399244ef600f156a9e06b6bf6","Eukaryota","Archaeplastida","Chlorophyta","Chlorophyceae","Chlamydomonadales","Chlamydomonadales_X","Chlorococcales","Chlorococcales_sp.",0.996083441
"3325","da7d2d599deb0ec043ea068555c49ea0","Eukaryota","Opisthokonta","Metazoa","Arthropoda","Crustacea","Maxillopoda",NA,NA,0.999968381
"3326","469c4fa3b8e74a858a9d57c7e519cc39","Eukaryota","Stramenopiles",NA,NA,NA,NA,NA,NA,0.9999997
"3327","791726d91f694cf14b4208f0c9307008","Eukaryota","Stramenopiles","Pseudofungi","Oomycota","Oomycota_X","Haliphthorales","Haliphthorales_X","Haliphthorales_X_sp.",0.999841195
"3328","ac468e58ccf32f5654d852b06ac29c9d","Eukaryota","Stramenopiles","Ochrophyta","Bacillariophyta","Bacillariophyta_X",NA,NA,NA,0.992850281
"3329","9db13e877908b4d24f3b668629d886d5","Eukaryota","Alveolata","Dinoflagellata","Dinophyceae","Peridiniales","Amphidiniopsidaceae","Islandinium","Islandinium_tricingulatum",0.989899108
"3330","108401466fbd12bffd57192283162d6b","Eukaryota","Opisthokonta","Fungi","Ascomycota","Pezizomycotina","Dothideomycetes",NA,NA,0.999369309
"3331","95be89ad8768fb818d6ca91781e88270","Eukaryota","Opisthokonta","Fungi","Ascomycota","Pezizomycotina","Dothideomycetes",NA,NA,0.999705212
"3332","cdac80fd7c2837bd0d460833a6f28473","Eukaryota","Archaeplastida","Chlorophyta","Mamiellophyceae","Mamiellales","Bathycoccaceae","Bathycoccus","Bathycoccus_prasinos",0.999985975
"3333","082868e07ec368288dc84208e6cf6865","Eukaryota",NA,NA,NA,NA,NA,NA,NA,0.999999988
"3334","96a17f4769730645c0c9adcfbf6278af","Eukaryota","Opisthokonta","Metazoa","Arthropoda","Crustacea","Maxillopoda",NA,NA,0.999998633
"3335","db05aed32db98c324edd3ba6942cf77d","Eukaryota","Alveolata","Dinoflagellata","Syndiniales","Dino-Group-II","Dino-Group-II-Clade-28","Dino-Group-II-Clade-28_X","Dino-Group-II-Clade-28_X_sp.",0.99527744
"3336","4f83d012118da106a0eba40ff5109930","Eukaryota","Alveolata","Dinoflagellata","Dinophyceae",NA,NA,NA,NA,0.99965944
"3337","44cce8677045a403d8ed3dd2c2fb4cf0","Eukaryota","Archaeplastida","Streptophyta","Embryophyceae","Embryophyceae_X","Embryophyceae_XX",NA,NA,0.999996921
"3338","53abdfd234b492c57a2347c3252769ce","Eukaryota","Alveolata","Dinoflagellata","Dinophyceae","Peridiniales","Amphidiniopsidaceae","Islandinium","Islandinium_tricingulatum",0.98566616
"3339","cdb805974a5d097a1fe75749bfa95332","Eukaryota","Stramenopiles","Ochrophyta","Bacillariophyta","Bacillariophyta_X",NA,NA,NA,0.993966603
"3340","3b8e1dac36f4506169c5dfd2b5db400c","Eukaryota","Opisthokonta","Metazoa","Arthropoda","Crustacea","Malacostraca",NA,NA,0.999999993
"3341","15d81e0255abc3d9b037f5a6f0a76ee4","Eukaryota","Rhizaria","Cercozoa","Filosa-Imbricatea","Spongomonadida","Spongomonadidae","Spongomonas","Spongomonas_minima",0.999936937
"3342","1d79832d0b1502432d1df69c680189f6","Eukaryota","Opisthokonta","Metazoa","Arthropoda","Crustacea","Maxillopoda",NA,NA,0.999999759
"3343","9552b0eb3cb5c8f769abd6bb9e2a35ca","Eukaryota","Opisthokonta","Metazoa","Arthropoda","Crustacea","Maxillopoda",NA,NA,0.999992936
"3344","6a7af0405f53472a4a0a9b39a8929e11","Eukaryota","Alveolata","Ciliophora","Spirotrichea","Choreotrichida","Leegaardiellidae_B","Leegaardiella","Leegaardiella_sp.",0.999953206
"3345","b1f752ec00974cdf6da0bc64db262f85","Eukaryota","Stramenopiles","Ochrophyta","Bacillariophyta","Bacillariophyta_X","Polar-centric-Mediophyceae","Porosira",NA,1
"3346","5ccb55e678622d3c48e7ece4e5f0847a","Eukaryota",NA,NA,NA,NA,NA,NA,NA,0.996686787
"3347","c5bb70dfce1c23e80320a740c324e6b5","Eukaryota","Opisthokonta","Fungi","Basidiomycota","Agaricomycotina","Tremellomycetes",NA,NA,0.999984275
"3348","5a8f5cb6c394eb97065943991e9d2659","Eukaryota","Opisthokonta","Fungi","Ascomycota","Pezizomycotina","Eurotiomycetes",NA,NA,0.999979224
"3349","57130c02884ffa9ae6e7d064cac0f13f","Eukaryota",NA,NA,NA,NA,NA,NA,NA,0.999999998
"3350","0564981b06fc8dea3cb3fee54642eaf8","Eukaryota","Opisthokonta","Metazoa","Platyhelminthes","Cestoda","Eucestoda","Diphyllobothrium","Diphyllobothrium_pacificum",0.9999333
"3351","252bf409d6ecb66ca0386bcfe293a3b9","Eukaryota","Excavata","Discoba","Euglenida","Euglenophyceae",NA,NA,NA,0.998236444
"3352","3ed395771a8a4af23716d5004fb84f22","Eukaryota","Opisthokonta","Metazoa","Cnidaria","Cnidaria_X","Hydrozoa",NA,NA,0.999999812
"3353","9a884706909b98eedbb9dfa452ce9658","Eukaryota","Stramenopiles","Sagenista","MAST-7","MAST-7A","MAST-7A_X","MAST-7A_XX","MAST-7A_XX_sp.",0.999946723
"3354","a98f80f38c56fae52254217420b2bd60","Eukaryota","Alveolata","Ciliophora","Spirotrichea","Choreotrichida","Strobilidiidae_I","Pelagostrobilidium","Pelagostrobilidium_neptuni",0.996494925
"3355","b1823464fffe81ff79fd1cf3aa7bf7bb","Eukaryota","Stramenopiles","Ochrophyta","Bacillariophyta","Bacillariophyta_X",NA,NA,NA,0.991787784
"3356","69eda4dfd32e3302069ce5b780258a9f","Eukaryota","Stramenopiles","Ochrophyta","Xanthophyceae","Xanthophyceae_X","Xanthophyceae_XX","Tribonema","Tribonema_ulotrichoides",0.985984424
"3357","42392fd3387a683c21c49b2cae8af158","Eukaryota","Alveolata","Chrompodellids","Colpodellidea","Colpodellida","Alphamonaceae","Aphamonas","Aphamonas_sp.",0.999653372
"3358","76b878539ccfde814c069baaa081680d","Eukaryota",NA,NA,NA,NA,NA,NA,NA,0.999999999
"3359","2cbc8b112cbdafbeeae371f2cd36398d","Eukaryota","Alveolata","Ciliophora","Phyllopharyngea","Cyrtophoria_8","Dysteriidae","Dysteria_2","Dysteria_2_sp.",0.980195956
"3360","c2e5767e19bab3f6af998e3d1fd727a0","Eukaryota","Stramenopiles","Ochrophyta","Bacillariophyta","Bacillariophyta_X",NA,NA,NA,0.993437688
"3361","585ab096421ad16d63d56534a409fb4c","Eukaryota","Opisthokonta","Fungi","Ascomycota","Pezizomycotina",NA,NA,NA,0.995826821
"3362","629224bf2111a0eba223e2745e26e879","Eukaryota","Opisthokonta","Metazoa","Arthropoda","Crustacea","Maxillopoda",NA,NA,0.999998896
"3363","a05a3dc8872c9a9e23453d7e8c14c9a6","Eukaryota","Alveolata","Dinoflagellata","Dinophyceae",NA,NA,NA,NA,0.993530858
"3364","f31737db83930b398efd79b84d2452fb","Eukaryota","Rhizaria","Cercozoa","Filosa-Thecofilosea","Ventricleftida","Ventricleftida_X","Ventricleftida_XX","Ventricleftida_XX_sp.",0.999998677
"3365","c82d3445bc80bc5725555dc3fdc81b50","Eukaryota","Archaeplastida","Rhodophyta","Florideophyceae",NA,NA,NA,NA,0.999999918
"3366","8ab9dbe93e41772ec991b0abf4c8f6db","Eukaryota","Opisthokonta",NA,NA,NA,NA,NA,NA,0.985988947
"3367","3e979127562a83988faac0c0b7dbc7b1","Eukaryota","Rhizaria","Cercozoa","Filosa-Thecofilosea","Cryomonadida","Protaspa-lineage","Protaspa",NA,0.989565636
"3368","9b29b2d5f4a5e04df096938ce1ab3940","Eukaryota","Alveolata","Dinoflagellata","Syndiniales","Dino-Group-II","Dino-Group-II-Clade-1","Dino-Group-II-Clade-1_X","Dino-Group-II-Clade-1_X_sp.",0.974696252
"3369","89a27ff2f0a530b6255c3d6ab3fccc13","Eukaryota","Alveolata","Ciliophora","Phyllopharyngea","Cyrtophoria_8","Dysteriidae","Dysteria_1","Dysteria_1_sp.",0.99994965
"3370","72600177fedf1e80c6d9226d3e17dc12","Eukaryota","Alveolata",NA,NA,NA,NA,NA,NA,0.980614661
"3371","5d89d62a9a24cc04e1144a8a1c6d6fda","Eukaryota","Alveolata","Dinoflagellata","Dinophyceae",NA,NA,NA,NA,0.998626372
"3372","187d6ec9bc92bb4f0ca932fdb078ca63","Eukaryota",NA,NA,NA,NA,NA,NA,NA,0.996153205
"3373","df00e1c145310c10954f7a62b7e06fc2","Eukaryota","Stramenopiles","Ochrophyta","Bacillariophyta","Bacillariophyta_X","Polar-centric-Mediophyceae","Porosira",NA,0.988461521
"3374","4e052e171536bf9a555c70d2dd4182d9","Eukaryota","Rhizaria","Cercozoa",NA,NA,NA,NA,NA,0.987124962
"3375","4299115b054b833f512453c2a298043c","Eukaryota","Stramenopiles","Opalozoa","MAST-3","MAST-3E","MAST-3E_X","MAST-3E_XX","MAST-3E_XX_sp.",0.999999637
"3376","786aede0c7f13533af92e5a344bceafb","Eukaryota","Stramenopiles","Sagenista","Labyrinthulomycetes","Thraustochytrida","Thraustochytriaceae",NA,NA,0.996167657
"3377","b55e88ecd836cf97d53487041e506eec","Eukaryota","Opisthokonta","Mesomycetozoa","Ichthyosporea","Ichthyosphonida","Pseudoperkinsidae","Pseudoperkinsus","Pseudoperkinsus_tapetis",0.999485998
"3378","b00e27e09b55edc64df4131023b7db53","Eukaryota","Rhizaria","Cercozoa","Filosa-Imbricatea","Spongomonadida","Spongomonadidae","Spongomonas","Spongomonas_minima",0.999728151
"3379","9dafaf19bd2456293fa257844f988132","Eukaryota","Alveolata","Dinoflagellata","Dinophyceae","Gymnodiniales","Gymnodiniaceae",NA,NA,0.99591996
"3380","abbaa7be662ff8655fa408af3cb7c6fe","Eukaryota","Alveolata","Dinoflagellata","Dinophyceae",NA,NA,NA,NA,0.997645844
"3381","35504fe304356792109056abb294276c","Eukaryota","Opisthokonta","Metazoa","Brachiopoda","Brachiopoda_X","Brachiopoda_XX","Dallina","Dallina_sp.",0.978745251
"3382","a884c8e8729baf43c0817b227a291781","Eukaryota","Opisthokonta","Metazoa","Arthropoda","Crustacea","Maxillopoda",NA,NA,0.999997677
"3383","593df77e13d951f90a6ed72fcd0630a5","Eukaryota","Opisthokonta","Fungi","Ascomycota","Pezizomycotina","Dothideomycetes",NA,NA,0.999993059
"3384","e257e8e172a88f0f24c906d93a6b98f1","Eukaryota","Stramenopiles","Ochrophyta","Bacillariophyta","Bacillariophyta_X","Raphid-pennate",NA,NA,0.974633779
"3385","3507b488e309523193fe4a457b555e12","Eukaryota",NA,NA,NA,NA,NA,NA,NA,1
"3386","493bf654df0cfdc1292b8caa6ae3c930","Eukaryota","Archaeplastida","Chlorophyta","Ulvophyceae","Ulvales-relatives","Ulvales-relatives_X","Pirula","Pirula_salina",0.996988846
"3387","657eb10ce8808d1386a4784fb0f5403b","Eukaryota","Stramenopiles","Ochrophyta","Bacillariophyta","Bacillariophyta_X",NA,NA,NA,0.998351141
"3388","d62c9d4bf821673131e5b694716ce83f","Eukaryota","Excavata","Discoba","Diplonemea","Diplonemida","Eupelagonemidae","Eupelagonemidae_X","Eupelagonemidae_X_sp.",0.999762973
"3389","365cd9b5848f9332723e854e00136b04","Eukaryota","Stramenopiles","Ochrophyta","MOCH-2","MOCH-2_X","MOCH-2_XX","MOCH-2_XXX","MOCH-2_XXX_sp.",0.99999985
"3390","32656b781644b427e33c6dc1bf5eb06d","Eukaryota",NA,NA,NA,NA,NA,NA,NA,0.999994614
"3391","09e0b4cc04e6d29d7c0f8b83cc6d4065","Eukaryota","Rhizaria","Cercozoa","Filosa-Thecofilosea","Ventricleftida","Ventricleftida_X","Ventricleftida_XX","Ventricleftida_XX_sp.",0.996339391
"3392","fa7ab3518507160244ae1a1ccacdf3ca","Eukaryota","Stramenopiles","Sagenista","Labyrinthulomycetes",NA,NA,NA,NA,0.998552753
"3393","7d9bfffe8a1fc7888e8ea76f1d52621e","Eukaryota","Stramenopiles","Sagenista","Labyrinthulomycetes","Oblongichytrida","Oblongichytridiaceae","Oblongichytrium","Oblongichytrium_sp.",0.983307418
"3394","47c8a8161301cb99b90ab3237f408af6","Eukaryota",NA,NA,NA,NA,NA,NA,NA,1
"3395","c22f7f1e8df9c72d16eda7022124eb8e","Eukaryota","Hacrobia","Centroheliozoa","Centroheliozoa_X",NA,NA,NA,NA,0.999507104
"3396","399b3c9b85070311590f406dbab6eed2","Eukaryota","Excavata","Discoba","Diplonemea","Diplonemida","Diplonemidae","Diplonema","Diplonema_sp.",0.999302535
"3397","99973f1dbcc478a52c158b73d3ae1e04","Eukaryota","Alveolata","Dinoflagellata","Syndiniales","Dino-Group-I","Dino-Group-I-Clade-5","Dino-Group-I-Clade-5_X","Dino-Group-I-Clade-5_X_sp.",0.996394653
"3398","6f69028d3ca16e4081c35be598e8e08d","Eukaryota","Opisthokonta","Metazoa","Arthropoda","Crustacea","Maxillopoda",NA,NA,0.999999609
"3399","01599544222f18377cd7037cce8a606b","Eukaryota","Opisthokonta","Metazoa","Arthropoda","Crustacea","Maxillopoda",NA,NA,0.999922943
"3400","b21009ccddbb132014d11b56ebdf18f8","Eukaryota","Opisthokonta","Metazoa","Arthropoda","Crustacea","Maxillopoda",NA,NA,0.999435408
"3401","2c0ee9cbaaf81aec4ec9eeb6921e836e","Eukaryota","Archaeplastida","Streptophyta","Embryophyceae","Embryophyceae_X","Embryophyceae_XX","Pinus","Pinus_taeda",0.999999922
"3402","ae0da5b4eae50fe757020fab32b0b809","Eukaryota","Alveolata","Dinoflagellata","Dinophyceae",NA,NA,NA,NA,0.99591458
"3403","a81b0d5d1db7a7625a1d1925ba4510c8","Eukaryota","Rhizaria","Foraminifera","Monothalamids","Monothalamids_Clade-I","Monothalamids_Clade-I_X","Allogromia","Allogromia_laticollaris",0.999999777
"3404","928ea2f95fbb7ebb5688d8432d3ac270","Eukaryota","Opisthokonta","Metazoa","Nematoda","Chromadorea","Chromadorea_X",NA,NA,0.999999771
"3405","fe1793b2a179577a315c6958dbdb3e50","Eukaryota","Rhizaria","Cercozoa","Filosa-Imbricatea","Euglyphida","Cyphoderiidae","Cyphoderia","Cyphoderia_ampulla",0.98511372
"3406","34ff1e3b3618c6e41c79124c2958bfcc","Eukaryota","Apusozoa","Apusomonadidae","Apusomonadidae_Group-1","Apusomonadidae_Group-1_X","Apusomonadidae_Group-1_XX","Apusomonadidae_Group-1_XXX","Apusomonadidae_Group-1_XXX_sp.",0.999999479
"3407","66d53a5ec54b3495a3e51c6b53fbd07b","Eukaryota","Opisthokonta","Metazoa","Mollusca","Gastropoda","Heterobranchia","Cuvierina","Cuvierina_columnella",0.999929928
"3408","af57ebcfc9d20c3fa3d26dce1db4f3b8","Eukaryota","Opisthokonta","Fungi","Ascomycota","Pezizomycotina","Dothideomycetes",NA,NA,0.999040161
"3409","9c4c87b55381345e57a7c56dc8bea6d8","Eukaryota","Opisthokonta","Metazoa","Craniata","Craniata_X","Craniata_XX","Gorilla","Gorilla_gorilla",0.98627726
"3410","739d993d1a24a6ac2b36dd8a7a046f34","Eukaryota","Rhizaria","Cercozoa","Filosa-Thecofilosea","Ventricleftida","CCW10-lineage","CCW10-lineage_X","CCW10-lineage_X_sp.",0.999999995
"3411","70b4ee191a0eca229d31bd28eb36c5c3","Eukaryota","Alveolata","Dinoflagellata","Syndiniales","Dino-Group-II","Dino-Group-II-Clade-1","Dino-Group-II-Clade-1_X","Dino-Group-II-Clade-1_X_sp.",0.999985285
"3412","7991d4c54768b3aee035cd344282ceaf","Eukaryota","Rhizaria","Cercozoa","Filosa-Imbricatea","Euglyphida","Paulinellidae","Paulinella","Paulinella_chromatophora",0.999187235
"3413","3a04ffae59222ec2c691d46572b2ead2","Eukaryota","Excavata","Discoba","Diplonemea","Diplonemida","Diplonemidae","Diplonema","Diplonema_sp.",0.989469611
"3414","088c08beef417c8123ed7513dd8a0fee","Eukaryota",NA,NA,NA,NA,NA,NA,NA,0.999999828
"3415","e2629e02072b4805885e288dc2135606","Eukaryota","Opisthokonta","Metazoa",NA,NA,NA,NA,NA,0.970197765
"3416","560102b215928f5d3bd15de3f6911f3a","Eukaryota","Opisthokonta",NA,NA,NA,NA,NA,NA,0.984932622
"3417","98f8ad7e7a1b04a01674144e08b97ed6","Eukaryota","Opisthokonta","Metazoa","Platyhelminthes","Cestoda","Eucestoda",NA,NA,0.995809447
"3418","d6a8090982b946eb49c3978cbe699bf0","Eukaryota","Hacrobia","Centroheliozoa","Centroheliozoa_X",NA,NA,NA,NA,0.992052153
"3419","9cc391e931ca0df49e82cfd3e365a6b1","Eukaryota","Alveolata","Dinoflagellata","Syndiniales","Dino-Group-II","Dino-Group-II-Clade-7","Dino-Group-II-Clade-7_X","Dino-Group-II-Clade-7_X_sp.",0.998727783
"3420","96e314de3eab8986e813a421a4bb2849","Eukaryota",NA,NA,NA,NA,NA,NA,NA,1
"3421","69b1c9ff7464ee886a54b89a2ae2b681","Eukaryota","Opisthokonta",NA,NA,NA,NA,NA,NA,0.983359319
"3422","d543f3fdb748bfa23a7143045017bef9","Eukaryota","Alveolata","Dinoflagellata","Syndiniales","Dino-Group-II","Dino-Group-II-Clade-27","Dino-Group-II-Clade-27_X","Dino-Group-II-Clade-27_X_sp.",0.999999847
"3423","32e03f8b814a1f106e37c6a1c32c168f","Eukaryota","Alveolata","Dinoflagellata","Dinophyceae",NA,NA,NA,NA,0.992447793
"3424","db9cfd11d435c4f9c78252d74ac1e2c2","Eukaryota","Opisthokonta","Metazoa",NA,NA,NA,NA,NA,0.994151887
"3425","b8b113bace9ae85480d8960ad9d92c10","Eukaryota","Rhizaria","Cercozoa","Filosa-Thecofilosea","Ventricleftida","Ventricleftida_X","Ventricleftida_XX","Ventricleftida_XX_sp.",0.999730067
"3426","f85a69dd89d7d712219341cb3feaa734","Eukaryota","Opisthokonta","Fungi","Basidiomycota","Agaricomycotina","Agaricomycetes","Udeniomyces","Udeniomyces_puniceus",0.998853414
"3427","8d03c4c6c2d5e85a3073e2e343beeed9","Eukaryota","Stramenopiles","Ochrophyta","Bacillariophyta","Bacillariophyta_X",NA,NA,NA,0.991165513
"3428","870d9700e918fba7480d32f1fdee9f5f","Eukaryota","Hacrobia","Telonemia","Telonemia_X","Telonemia_XX","Telonemia-Group-1","Telonemia-Group-1_X","Telonemia-Group-1_X_sp.",0.999999568
"3429","31f48badf4e62709a00bb58fc7778461","Eukaryota",NA,NA,NA,NA,NA,NA,NA,0.996843159
"3430","3756e83ed8c99625f41e8b58a5867968","Eukaryota","Opisthokonta",NA,NA,NA,NA,NA,NA,0.998190981
"3431","b82d3256df072373be55327ded2e1d90","Eukaryota","Stramenopiles","Ochrophyta","Eustigmatophyceae","Eustigmatophyceae_X","Eustigmatophyceae_XX","Nannochloropsis",NA,0.999607192
"3432","44efef5f43a6eafb8c5f815b944fd74d","Eukaryota","Hacrobia","Telonemia","Telonemia_X","Telonemia_XX","Telonemia-Group-2","Telonema-Group-2","Telonema_antarcticum",0.999999801
"3433","5663173582f0bd8d7b9f4244b61756f3","Eukaryota",NA,NA,NA,NA,NA,NA,NA,0.999779927
"3434","ed2ad3d93a6ae252b69eb0546f7e1bf4","Eukaryota","Opisthokonta","Metazoa","Nematoda","Chromadorea","Chromadorea_X",NA,NA,0.999999882
"3435","d7a2118a4bc96df0483b841d99556d9e","Eukaryota","Stramenopiles","Sagenista","Labyrinthulomycetes","Labyrinthulomycetes_X","Labyrinthulomycetes_X_LAB1/6/8","Labyrinthulomycetes_X_LAB6","Labyrinthulomycetes_X_LAB6_sp.",0.999957552
"3436","7f3c57a1b6f9740fd97af101a18ae023","Eukaryota",NA,NA,NA,NA,NA,NA,NA,0.990750902
"3437","b64fda7d089f6afe309eb169e47bed4c","Eukaryota","Rhizaria","Cercozoa","Filosa-Imbricatea","Thaumatomonadida","Thaumatomonadida_X","Thaumatomonadida_XX","Thaumatomonadida_XX_sp.",0.999951526
"3438","a36895202657eea692fb08e3ffce9e27","Eukaryota",NA,NA,NA,NA,NA,NA,NA,0.999999111
"3439","d6059de7947a6df41406bb4cfb0a2364","Eukaryota",NA,NA,NA,NA,NA,NA,NA,0.999987157
"3440","b5e36546eae112d3ca94640c0faf6b2b","Eukaryota","Alveolata","Dinoflagellata","Syndiniales","Dino-Group-II","Dino-Group-II-Clade-10-and-11","Dino-Group-II-Clade-10-and-11_X","Dino-Group-II-Clade-10-and-11_X_sp.",0.997128239
"3441","021687a23915b973a507a3b37b82e744","Eukaryota","Opisthokonta",NA,NA,NA,NA,NA,NA,0.997906236
"3442","7bab67dd4166ae8c8ad1b17f092fab7a","Eukaryota","Stramenopiles","Sagenista","Labyrinthulomycetes","Thraustochytrida","Thraustochytriaceae",NA,NA,0.994039873
"3443","8a5f11d3e2f857eb513d7d865c12bda7","Eukaryota","Stramenopiles",NA,NA,NA,NA,NA,NA,0.996722162
"3444","d1e5a2f66dcfefc494366ed2082436f1","Eukaryota","Opisthokonta","Metazoa","Bryozoa","Bryozoa_X","Bryozoa_XX",NA,NA,0.998500792
"3445","8c72feb4dc81dba3cf3c0e7894bbab24","Eukaryota","Opisthokonta","Metazoa","Annelida","Annelida_X","Annelida_XX",NA,NA,0.999999225
"3446","1c1843829dec4f85496b3e16090db495","Eukaryota","Rhizaria","Cercozoa","Filosa-Thecofilosea","Filosa-Thecofilosea_X","Mataza-lineage","Mataza-lineage_X","Mataza-lineage_X_sp.",0.99996953
"3447","303dc4d2aeddac677f300231a26f795e","Eukaryota","Alveolata","Dinoflagellata","Dinophyceae",NA,NA,NA,NA,0.994846063
"3448","1e9b604bdc43ac79f94591328257d044","Eukaryota","Opisthokonta","Fungi","Ascomycota","Pezizomycotina","Eurotiomycetes",NA,NA,0.99379153
"3449","0c6ec364ccffdfc9065bfb8d5e145720","Eukaryota","Opisthokonta","Choanoflagellida","Choanoflagellatea","Acanthoecida","Stephanoecidae_Group_D","Stephanoecidae_Group_D_X","Stephanoecidae_Group_D_X_sp.",0.999998057
"3450","e918f7ab194ea16bd88721760186059d","Eukaryota","Stramenopiles","Ochrophyta","Phaeophyceae","Phaeophyceae_X","Phaeophyceae_XX",NA,NA,0.999893289
"3451","ebb956e77570eb4b9e96e29609da53b6","Eukaryota","Stramenopiles","Ochrophyta","Phaeophyceae","Phaeophyceae_X","Phaeophyceae_XX","Halothrix","Halothrix_ambigua",0.999989719
"3452","cd4cc9f862c4836af70470b7fad7aa89","Eukaryota","Stramenopiles","Pseudofungi","MAST-1","MAST-1C","MAST-1C_X","MAST-1C_XX","MAST-1C_XX_sp.",0.99999995
"3453","791ff34c3ec86e6f52c6ae63eb7d87d4","Eukaryota","Rhizaria","Cercozoa","Filosa-Thecofilosea","Ventricleftida","CCW10-lineage","CCW10-lineage_X","CCW10-lineage_X_sp.",0.999999857
"3454","bb02ffcf8931a0c485e454cedc7cc872","Eukaryota","Stramenopiles","Ochrophyta","Bacillariophyta","Bacillariophyta_X","Radial-centric-basal-Coscinodiscophyceae","Stellarima","Stellarima_microtrias",0.999978161
"3455","6e5b3cd1cfd23b7cc56e12cf82f02ced","Eukaryota","Stramenopiles","Ochrophyta","Dictyochophyceae","Dictyochophyceae_X","Pedinellales","Pedinellales_X","Pedinellales_X_sp.",0.997805745
"3456","e15dc2a992f7d713b46925d72b5014a9","Eukaryota",NA,NA,NA,NA,NA,NA,NA,0.999985568
"3457","97e0fb8a24ca6fc58bb82953cc783132","Eukaryota","Opisthokonta","Metazoa","Arthropoda","Crustacea","Malacostraca","Cyllopus",NA,0.999982453
"3458","7d810a8e774170e1e0c2357490942d3e","Eukaryota","Opisthokonta","Metazoa","Platyhelminthes","Turbellaria","Acoelomorpha",NA,NA,0.995307832
"3459","cd387ca3d492d18b574983cddd79f41e","Eukaryota","Rhizaria","Cercozoa","Filosa-Thecofilosea","Ventricleftida","CCW10-lineage","CCW10-lineage_X","CCW10-lineage_X_sp.",0.991117062
"3460","edb9a0867ed0a687e103632a40c32bcf","Eukaryota","Opisthokonta","Metazoa","Cnidaria","Cnidaria_X","Hydrozoa",NA,NA,0.999581682
"3461","e107836911af9fbcdb713b79694c6405","Eukaryota","Stramenopiles","Ochrophyta","Bacillariophyta","Bacillariophyta_X",NA,NA,NA,0.995832565
"3462","5446da0a018148b8dd18d5f0bb7b291b","Eukaryota",NA,NA,NA,NA,NA,NA,NA,1
"3463","ded39488628e7ee625a76ea239c652b4","Eukaryota","Opisthokonta","Fungi","Basidiomycota","Agaricomycotina","Agaricomycetes",NA,NA,0.999339934
"3464","22b2325e0ab95ee6ca929d88f34b1091","Eukaryota","Opisthokonta","Metazoa",NA,NA,NA,NA,NA,0.9700196
"3465","8d219e9c05f21ff54e70bc6e12fae49a","Eukaryota","Amoebozoa","Lobosa","Lobosa_X","Stygamoebida","Vermistella-lineage","Vermistella","Vermistella_antarctica",0.999986376
"3466","592d1e008acb1f864e2b8160be72ce5c","Eukaryota","Amoebozoa","Lobosa","Lobosa_X","Himatismenida","Parvamoebidae","Parvamoeba","Parvamoeba_rugata",0.999996195
"3467","c3b281bc7af979f293a9716e1ef011bf","Eukaryota","Opisthokonta","Fungi",NA,NA,NA,NA,NA,0.978742912
"3468","f5e8aac88c34c7ea2097e8d2129d691f","Eukaryota","Rhizaria","Radiolaria","RAD-B","RAD-B_X","RAD-B_X_Group-IVe","RAD-B_X_Group-IVe_X","RAD-B_X_Group-IVe_X_sp.",0.996008077
"3469","2ad657bb335fee1773446ac4c43ca8c1","Eukaryota",NA,NA,NA,NA,NA,NA,NA,1
"3470","a4185cca6c4be9d69722dda0ffc0ad2a","Eukaryota","Excavata","Discoba","Euglenida","Petalomonadida",NA,NA,NA,0.999126694
"3471","094be149ff1371aded028adc2a02e503","Eukaryota","Stramenopiles","Sagenista","Labyrinthulomycetes","Thraustochytrida","Thraustochytriaceae","Thraustochytriaceae_LAB17","Thraustochytriaceae_LAB17_sp.",0.973111034
"3472","30d4a6384f8f9571041193b110187301","Eukaryota","Opisthokonta","Metazoa",NA,NA,NA,NA,NA,0.99182922
"3473","da796e40cd26f69efa7b929ae4e15a9a","Eukaryota","Stramenopiles","Sagenista","Labyrinthulomycetes","Labyrinthulomycetes_X","Labyrinthulomycetes_X_LAB1/6/8","Labyrinthulomycetes_X_LAB6","Labyrinthulomycetes_X_LAB6_sp.",0.999999987
"3474","d87ab18eb07f491e5dfd4df30dbc2a87","Eukaryota","Opisthokonta","Metazoa","Arthropoda","Chelicerata","Arachnida",NA,NA,0.97139578
"3475","03c575da8a6d94c075a9245ea0ef3a17","Eukaryota","Rhizaria","Cercozoa",NA,NA,NA,NA,NA,0.984648424
"3476","40fb48fba52432a679f4b1f1a940a917","Eukaryota","Alveolata","Dinoflagellata","Dinophyceae","Peridiniales","Protoperidiniaceae","Protoperidinium","Protoperidinium_sp.",0.995914183
"3477","5edbcdac99d018ef1dfb7a16386d699d","Eukaryota","Opisthokonta",NA,NA,NA,NA,NA,NA,0.993476395
"3478","f3aa13d461399d8a79c0664a4c23e4a4","Eukaryota",NA,NA,NA,NA,NA,NA,NA,0.999999992
"3479","a405277126a1c7be68a570a6a887d07a","Eukaryota","Stramenopiles","Ochrophyta","Bacillariophyta","Bacillariophyta_X","Raphid-pennate",NA,NA,0.997963356
"3480","92be2d2c1dbee14a5c011f53fb613fab","Eukaryota","Opisthokonta","Metazoa","Nemertea","Nemertea_X","Nemertea_XX","Lineus","Lineus_sp.",0.988708052
"3481","50b3a1633a3395b07abf4a937519422b","Eukaryota","Excavata","Discoba","Diplonemea","Diplonemida","Hemistasiidae","Hemistasia","Hemistasia_sp.",0.999232135
"3482","b9b846c264a6d9058acbb697e70a1cb3","Eukaryota","Rhizaria","Cercozoa","Filosa-Imbricatea","Euglyphida","Trinematidae","Trinema","Trinema_enchelys",0.99981348
"3483","2c0b7e3e71e149f22f5e24a51a05fdb3","Eukaryota",NA,NA,NA,NA,NA,NA,NA,0.998237836
"3484","ea58ac3132e2880bda17a48ce821c79a","Eukaryota","Rhizaria","Cercozoa","Filosa-Imbricatea","Thaumatomonadida","Thaumatomonadidae","Reckertia","Reckertia_filosa",0.999707029
"3485","b2952b431d9817db975b3e002427e3a4","Eukaryota","Alveolata","Dinoflagellata","Syndiniales","Dino-Group-II","Dino-Group-II-Clade-44","Dino-Group-II-Clade-44_X","Dino-Group-II-Clade-44_X_sp.",0.999994355
"3486","a5003978cd8b755fe32173892c3a44e7","Eukaryota","Stramenopiles",NA,NA,NA,NA,NA,NA,0.998029287
"3487","ea9416308cd152e8b121fa7a78d0fcdd","Eukaryota","Alveolata","Ciliophora","Spirotrichea","Hypotrichia","Oxytrichidae","Oxytrichidae_X","Oxytrichidae_X_sp.",0.999678401
"3488","5a70105f9c469ee7e3bf725aca487d1e","Eukaryota","Opisthokonta","Metazoa","Arthropoda","Crustacea","Malacostraca",NA,NA,0.991206124
"3489","8bcbcc3bdf7fd634988069b4d9e375b8","Eukaryota","Stramenopiles","Opalozoa","MAST-12","MAST-12A","MAST-12A_X","MAST-12A_XX","MAST-12A_XX_sp.",0.999999998
"3490","e88428db0001315d04f81adad54701e4","Eukaryota","Alveolata","Dinoflagellata","Dinophyceae",NA,NA,NA,NA,0.98563941
"3491","bd851a6211dd4682651bc28ae80bbd14","Eukaryota",NA,NA,NA,NA,NA,NA,NA,0.999937483
"3492","52416c45ed2fd9ce326d070e8965b339","Eukaryota","Opisthokonta","Metazoa","Arthropoda",NA,NA,NA,NA,0.990541028
"3493","fd5605b5a561f1f598b3db753d1a039d","Eukaryota","Opisthokonta","Fungi","Ascomycota","Saccharomycotina","Saccharomycetales","Hanseniaspora","Hanseniaspora_uvarum",0.999999444
"3494","b897a3e33dc1021fde12d0828ecdf924","Eukaryota","Alveolata","Ciliophora","Spirotrichea","Hypotrichia",NA,NA,NA,0.99999991
"3495","1799fe680197aabfc5c9a39fb31b7235","Eukaryota",NA,NA,NA,NA,NA,NA,NA,0.99999959
"3496","864b2e85b04a8d3509056fbcf1631393","Eukaryota",NA,NA,NA,NA,NA,NA,NA,0.99947269
"3497","df910e727f6027739fb39184dfc30c0e","Eukaryota","Stramenopiles","Ochrophyta","Chrysophyceae","Chrysophyceae_X","Chrysophyceae_Clade-F","Chrysophyceae_Clade-F_X","Chrysophyceae_Clade-F_X_sp.",0.989035624
"3498","f94c662929de48dd66d2ecaec29ac455","Eukaryota","Stramenopiles","Sagenista","Labyrinthulomycetes","Oblongichytrida","Oblongichytridiaceae","Oblongichytrium","Oblongichytrium_sp.",0.992962022
"3499","d71dda64c8f1e2c9255816f46e705ad9","Eukaryota","Opisthokonta","Fungi","Ascomycota","Pezizomycotina","Eurotiomycetes","Aspergillus",NA,0.994168198
"3500","a459088004e6af2b49796f2643245f3c","Eukaryota",NA,NA,NA,NA,NA,NA,NA,1
"3501","2e2078c66a4e5042eeef4d4e87d28dd5","Eukaryota",NA,NA,NA,NA,NA,NA,NA,1
"3502","6e4b6bc449a1eae4be93010e749e78c8","Eukaryota","Archaeplastida","Streptophyta","Embryophyceae","Embryophyceae_X","Embryophyceae_XX",NA,NA,0.999999636
"3503","f1daa9e3685760799fec9e2c5ea93d71","Eukaryota","Stramenopiles","Sagenista","Labyrinthulomycetes","Labyrinthulida","Labyrinthulaceae","Aplanochytrium","Aplanochytrium_sp.",0.99854389
"3504","cf48c69209842c7a6a28eb6aa7bd7428","Eukaryota","Rhizaria","Cercozoa","Filosa-Imbricatea","Marimonadida","Marimonadida_X","Pseudopirsonia","Pseudopirsonia_mucosa",0.992553051
"3505","61d370113076af496e5322e05c173b17","Eukaryota","Opisthokonta","Fungi",NA,NA,NA,NA,NA,0.997651746
"3506","95e203423cdc338b8baaeef0e0ff3e37","Eukaryota","Rhizaria","Radiolaria","RAD-B","RAD-B_X","RAD-B_X_Group-Ic","RAD-B_X_Group-Ic_X","RAD-B_X_Group-Ic_X_sp.",0.999997734
"3507","d262117b6600cfe1d23165a04432bad4","Eukaryota",NA,NA,NA,NA,NA,NA,NA,0.999999436
"3508","ce9b97d338c9bdf8c096434288a661cb","Eukaryota","Amoebozoa","Lobosa","Tubulinea","Nolandida","Nolandellidae","Nolandellidae_X","Nolandellidae_X_sp.",0.99998116
"3509","3fc0d7269432a1589f6b440dc32a43b2","Eukaryota",NA,NA,NA,NA,NA,NA,NA,0.996551056
"3510","1bfcfd870c65ff8b57f48898eb92788b","Eukaryota","Amoebozoa","Lobosa","Discosea-Flabellinia","Vannellida","Vannellidae","Vannella","Vannella_contorta",0.99713398
"3511","e5fdce2cc2e80899c4c19b328067b344","Eukaryota","Archaeplastida","Chlorophyta","Chlorophyceae","Chlamydomonadales","Chlamydomonadales_X",NA,NA,0.980460887
"3512","fe5b284fdade72db56cb003d85bfa58a","Eukaryota","Opisthokonta","Metazoa",NA,NA,NA,NA,NA,0.989595812
"3513","4e0378212152a363f4a9712cffa8c07d","Eukaryota",NA,NA,NA,NA,NA,NA,NA,0.999948634
"3514","ae969d3d68cd72f405dae7f640da3f9e","Eukaryota","Excavata","Discoba","Euglenida","Petalomonadida","Eupetalomonads_X","Eupetalomonads_XX","Eupetalomonads_XX_sp.",0.997401939
"3515","5c86b3241af78118b2c2b67369d91a95","Eukaryota",NA,NA,NA,NA,NA,NA,NA,0.999982439
"3516","7d3d59e274d054bf5bd94fa88f750552","Eukaryota","Archaeplastida","Streptophyta","Embryophyceae","Embryophyceae_X","Embryophyceae_XX",NA,NA,0.980007172
"3517","75d56091af467adb30f9fd5b7f13b7ec","Eukaryota","Hacrobia","Cryptophyta","Cryptophyceae","Cryptomonadales","Cryptomonadales_X",NA,NA,0.990348507
"3518","c6343d7ba652b4b9b6927ae38d210d78","Eukaryota","Stramenopiles","Opalozoa","MAST-3","MAST-3B","MAST-3B_X","MAST-3B_XX","MAST-3B_XX_sp.",0.998792209
"3519","50b686b765c51eb6389ea4db829e5986","Eukaryota","Opisthokonta",NA,NA,NA,NA,NA,NA,0.976023365
"3520","b84b870205ac6e5c37c12efba81c88ab","Eukaryota","Opisthokonta",NA,NA,NA,NA,NA,NA,0.998243872
"3521","9e7b337d841379a16d4a6bedd0c50503","Eukaryota","Rhizaria","Cercozoa","Filosa-Imbricatea","Marimonadida","Marimonadida_X","Pseudopirsonia","Pseudopirsonia_mucosa",0.991122946
"3522","aa53abfcf73811af0062cd97a0376592","Eukaryota","Opisthokonta","Fungi","Mucoromycota","Mucoromycotina","Mucoromycotina_X","Mucor",NA,0.998445991
"3523","ebdeb3eb098810f9a6c7949e83de3188","Eukaryota","Rhizaria","Cercozoa","Filosa-Thecofilosea","Ventricleftida","Ventrifissuridae","Ventrifissura","Ventrifissura_artocarpoidea",0.993113876
"3524","b322dedf94dfe51a5ab3888f6be89870","Eukaryota","Alveolata",NA,NA,NA,NA,NA,NA,0.985680409
"3525","237cb347e429428a6fd9daabf14fa6c6","Eukaryota","Eukaryota_X","Hemimastigophora","Hemimastigophora_X","Hemimastigophora_XX","Spironemidae","Hemimastix","Hemimastix_sp.",0.99552651
"3526","87e867c30ad0bd5f7a2f061c93672d0b","Eukaryota","Opisthokonta","Fungi",NA,NA,NA,NA,NA,0.978520931
"3527","0606e6f373adfc663b5019a98ca34e47","Eukaryota","Archaeplastida","Chlorophyta","Trebouxiophyceae","Chlorellales","Chlorellales_X","Prototheca",NA,0.999999957
"3528","fe06565797921b332c8b8fe2b33e1d02","Eukaryota",NA,NA,NA,NA,NA,NA,NA,0.995422484
"3529","974145c6e41442ba3dee807a96145da8","Eukaryota",NA,NA,NA,NA,NA,NA,NA,0.994846302
"3530","66456d952e1bed07504ec598bd6fbb6b","Eukaryota",NA,NA,NA,NA,NA,NA,NA,0.992875282
"3531","9d675d56fd9f8fd7d4957946bde3a526","Eukaryota","Stramenopiles","Ochrophyta","Pelagophyceae","Pelagomonadales","Pelagomonadaceae","Aureococcus","Aureococcus_anophagefferens",0.999919187
